panel,kind,stage,condition,b,i,o,C3,MAG,difference,MAG_gain_pct
electricity,shape,fixed1024,PAIRED_SHIFT8_D32,81551,81551,81551,0.20549214519604114,0.20558481886616048,-9.267367011920637e-05,-0.045098400248240605
electricity,shape,fixed1024,PAIRED_SHIFT8_D32,81551,81551,81552,0.2044411900213936,0.20452160087084115,-8.041084944742727e-05,-0.03933201985324618
electricity,shape,fixed1024,PAIRED_SHIFT8_D32,81551,81552,81551,0.20523137890772702,0.20514462891531116,8.674999241586401e-05,0.0422693609902934
electricity,shape,fixed1024,PAIRED_SHIFT8_D32,81551,81552,81552,0.2043083230614959,0.20432889262570253,-2.05695642066545e-05,-0.010067903205520977
electricity,shape,fixed1024,PAIRED_SHIFT8_D32,81552,81551,81551,0.2072239657633327,0.20709944311575354,0.00012452264757908667,0.06009085248436084
electricity,shape,fixed1024,PAIRED_SHIFT8_D32,81552,81551,81552,0.20648762490849332,0.20629096574828049,0.0001966591602127869,0.09524016768556373
electricity,shape,fixed1024,PAIRED_SHIFT8_D32,81552,81552,81551,0.20619194793230292,0.20666514736623998,-0.0004731994339369464,-0.22949462318106986
electricity,shape,fixed1024,PAIRED_SHIFT8_D32,81552,81552,81552,0.20594848758418763,0.2058889032308449,5.9584353342770954e-05,0.028931678033524796
electricity,shape,fixed1024,PULSE8_D32,81551,81551,81551,2.9864796282574617,2.9855637756850473,0.0009158525724144023,0.030666627146851828
electricity,shape,fixed1024,PULSE8_D32,81551,81551,81552,2.9950828007348647,2.994336433716354,0.0007463670185114679,0.02491974573552162
electricity,shape,fixed1024,PULSE8_D32,81551,81552,81551,2.9898912244351843,2.990206325115529,-0.00031510068034474453,-0.010538867694234252
electricity,shape,fixed1024,PULSE8_D32,81551,81552,81552,2.9985291816007313,2.9984665172097067,6.26643910241198e-05,0.0020898376246806147
electricity,shape,fixed1024,PULSE8_D32,81552,81551,81551,2.9728995487110237,2.9746261747357945,-0.0017266260247705834,-0.0580788552213009
electricity,shape,fixed1024,PULSE8_D32,81552,81551,81552,2.975655179187004,2.97770651735519,-0.002051338168187561,-0.06893736151068482
electricity,shape,fixed1024,PULSE8_D32,81552,81552,81551,2.9778888728301918,2.976592502092745,0.001296370737446935,0.043533214058953836
electricity,shape,fixed1024,PULSE8_D32,81552,81552,81552,2.979466104922774,2.9803307148152105,-0.0008646098924384241,-0.029018953798799273
electricity,shape,fixed1024,RAMP8_D32,81551,81551,81551,0.5391172877823663,0.5378923284382192,0.0012249593441469421,0.227215741714712
electricity,shape,fixed1024,RAMP8_D32,81551,81551,81552,0.5321009455436269,0.5306672950442598,0.0014336504993671395,0.2694320525783758
electricity,shape,fixed1024,RAMP8_D32,81551,81552,81551,0.5379825068213276,0.535153523772259,0.00282898304906866,0.5258503786273128
electricity,shape,fixed1024,RAMP8_D32,81551,81552,81552,0.5306825484249859,0.5289238434153487,0.0017587050096370804,0.33140434236187827
electricity,shape,fixed1024,RAMP8_D32,81552,81551,81551,0.4371736373653813,0.43047272792820546,0.0067009094371759045,1.532779853231501
electricity,shape,fixed1024,RAMP8_D32,81552,81551,81552,0.4346282060703855,0.4270262850131638,0.007601921057221615,1.749062980967813
electricity,shape,fixed1024,RAMP8_D32,81552,81552,81551,0.43538346293535723,0.4280520379290617,0.007331425006295582,1.683900660091011
electricity,shape,fixed1024,RAMP8_D32,81552,81552,81552,0.43630613369692556,0.4266079724157543,0.009698161281171276,2.2227882058398882
electricity,shape,fixed1024,STEP12_D17,81551,81551,81551,0.2994322499119348,0.3009043020720644,-0.0014720521601296766,-0.49161443383690895
electricity,shape,fixed1024,STEP12_D17,81551,81551,81552,0.2922321627324319,0.29264941451703874,-0.00041725178460671423,-0.14278092483227126
electricity,shape,fixed1024,STEP12_D17,81551,81552,81551,0.3000330811931406,0.2995716491128981,0.0004614320802425486,0.15379373448006903
electricity,shape,fixed1024,STEP12_D17,81551,81552,81552,0.291995482872179,0.29220894963358196,-0.00021346676140270547,-0.07310618619951409
electricity,shape,fixed1024,STEP12_D17,81552,81551,81551,0.30912060083618964,0.30249256901320354,0.006628031822986217,2.1441572658234347
electricity,shape,fixed1024,STEP12_D17,81552,81551,81552,0.30335839097653283,0.2964207449407392,0.006937646035793784,2.286947136507744
electricity,shape,fixed1024,STEP12_D17,81552,81552,81551,0.30519155777341084,0.29816139819388077,0.0070301595795300076,2.3035236068848084
electricity,shape,fixed1024,STEP12_D17,81552,81552,81552,0.3010858627054493,0.2905752954697104,0.010510567235739003,3.490886998577358
electricity,shape,fixed1024,STEP12_D63,81551,81551,81551,0.2185042155282389,0.2172542527328877,0.0012499627953511184,0.572054315899263
electricity,shape,fixed1024,STEP12_D63,81551,81551,81552,0.2193715332942193,0.21819373187052374,0.0011778014236954561,0.5368980222770283
electricity,shape,fixed1024,STEP12_D63,81551,81552,81551,0.21932423096511405,0.21815487412016613,0.001169356844947897,0.5331635450411752
electricity,shape,fixed1024,STEP12_D63,81551,81552,81552,0.2205109501846361,0.21982324741549455,0.0006877027691415479,0.3118678544379439
electricity,shape,fixed1024,STEP12_D63,81552,81551,81551,0.20991124561109686,0.2108786906976539,-0.0009674450865570124,-0.4608829239903614
electricity,shape,fixed1024,STEP12_D63,81552,81551,81552,0.20962112586792875,0.21123493445651975,-0.0016138085885911025,-0.7698692495373193
electricity,shape,fixed1024,STEP12_D63,81552,81552,81551,0.210627572296266,0.21105984443186657,-0.00043227213560073077,-0.2052305549971883
electricity,shape,fixed1024,STEP12_D63,81552,81552,81552,0.21120575431728242,0.21258166095414094,-0.0013759066368584346,-0.6514531961053903
electricity,shape,fixed1024,STEP6_D17,81551,81551,81551,0.23887303821924485,0.23895823172811875,-8.519350887385962e-05,-0.03566476547916909
electricity,shape,fixed1024,STEP6_D17,81551,81551,81552,0.23778840211371102,0.23757220486095035,0.00021619725276077542,0.0909200157951309
electricity,shape,fixed1024,STEP6_D17,81551,81552,81551,0.23962450688521525,0.23915262235109125,0.0004718845341239765,0.1969266584031066
electricity,shape,fixed1024,STEP6_D17,81551,81552,81552,0.23827550960825045,0.2377424833105239,0.0005330262977265039,0.22370167148224934
electricity,shape,fixed1024,STEP6_D17,81552,81551,81551,0.2345814155554402,0.233130737918708,0.0014506776367322182,0.6184111530307352
electricity,shape,fixed1024,STEP6_D17,81552,81551,81552,0.23372227312964808,0.2322686642403322,0.00145360888931583,0.6219385383563759
electricity,shape,fixed1024,STEP6_D17,81552,81552,81551,0.23493930576288397,0.2334240605474221,0.0015152452154619683,0.6449517719232781
electricity,shape,fixed1024,STEP6_D17,81552,81552,81552,0.23418433141571596,0.2318954641173776,0.002288867298338314,0.9773784968880757
electricity,shape,fixed1024,STEP6_D63,81551,81551,81551,0.19671155873702054,0.19644446053883344,0.0002670981981871478,0.13578164897987802
electricity,shape,fixed1024,STEP6_D63,81551,81551,81552,0.19670615379297926,0.19646694789913982,0.00023920589383950538,0.12160569927631974
electricity,shape,fixed1024,STEP6_D63,81551,81552,81551,0.19642946597083122,0.1961512140642695,0.00027825190656174297,0.14165487096679372
electricity,shape,fixed1024,STEP6_D63,81551,81552,81552,0.19650609242077297,0.19642049782344412,8.559459732881644e-05,0.04355824100635777
electricity,shape,fixed1024,STEP6_D63,81552,81551,81551,0.19186218376300346,0.1923134005007531,-0.0004512167377496777,-0.23517752633684202
electricity,shape,fixed1024,STEP6_D63,81552,81551,81552,0.19171170419775915,0.19234102544489068,-0.000629321247131509,-0.32826438519493634
electricity,shape,fixed1024,STEP6_D63,81552,81552,81551,0.19187054158870667,0.19223803986032378,-0.0003674982716172096,-0.1915344943388851
electricity,shape,fixed1024,STEP6_D63,81552,81552,81552,0.19196919180746744,0.1927469258128197,-0.0007777340053523203,-0.40513480211571484
electricity,shape,fixed1024,STEP8_D31,81551,81551,81551,0.20803865911221825,0.20803554718910755,3.1119231107439634e-06,0.001495838861884492
electricity,shape,fixed1024,STEP8_D31,81551,81551,81552,0.20754923110932946,0.20768445282189127,-0.0001352217125619266,-0.06515163262189907
electricity,shape,fixed1024,STEP8_D31,81551,81552,81551,0.2081446649813043,0.20784182948565982,0.00030283549564456163,0.14549279736368095
electricity,shape,fixed1024,STEP8_D31,81551,81552,81552,0.2077638378533312,0.20758260460288608,0.00018123325044511022,0.08723041137363377
electricity,shape,fixed1024,STEP8_D31,81552,81551,81551,0.20919857633641603,0.20909205985427307,0.00010651648214302632,0.050916446951214056
electricity,shape,fixed1024,STEP8_D31,81552,81551,81552,0.2084503807394075,0.20845082611083293,-4.4537142541512323e-07,-0.00021365824511105144
electricity,shape,fixed1024,STEP8_D31,81552,81552,81551,0.20834531132607048,0.20871165620306267,-0.00036634487699215034,-0.17583543140973443
electricity,shape,fixed1024,STEP8_D31,81552,81552,81552,0.2079394575900191,0.20790827189945793,3.11856905611807e-05,0.014997485769472154
electricity,shape,fixed1024,STEP8_D33,81551,81551,81551,0.20904097034571315,0.2093428024939329,-0.0003018321482196871,-0.14438899117264686
electricity,shape,fixed1024,STEP8_D33,81551,81551,81552,0.20747041647203482,0.20764259263252263,-0.00017217616048788298,-0.08298829462806366
electricity,shape,fixed1024,STEP8_D33,81551,81552,81551,0.20846194255205866,0.2085061595282334,-4.4216976174805186e-05,-0.021211054465619304
electricity,shape,fixed1024,STEP8_D33,81551,81552,81552,0.2070544738289222,0.20709069886584394,-3.622503692180348e-05,-0.017495413768134394
electricity,shape,fixed1024,STEP8_D33,81552,81551,81551,0.21316578582604054,0.2124345153235984,0.000731270502442158,0.343052474208469
electricity,shape,fixed1024,STEP8_D33,81552,81551,81552,0.2122107389694123,0.2112922945570726,0.0009184444123398038,0.43279827250975594
electricity,shape,fixed1024,STEP8_D33,81552,81552,81551,0.211473100369002,0.21131192046914812,0.00016117989985373862,0.07621768422200925
electricity,shape,fixed1024,STEP8_D33,81552,81552,81552,0.21064018693066047,0.20969436278714643,0.0009458241435140293,0.44902359672961173
electricity,shape,selected,PAIRED_SHIFT8_D32,81551,81551,81551,0.20478331838228298,0.20462309317873603,0.0001602252035469878,0.07824133567749132
electricity,shape,selected,PAIRED_SHIFT8_D32,81551,81551,81552,0.2044411900213936,0.20452160087084115,-8.041084944742727e-05,-0.03933201985324618
electricity,shape,selected,PAIRED_SHIFT8_D32,81551,81552,81551,0.20488100596333114,0.20466650779234952,0.00021449817098158266,0.10469402469644881
electricity,shape,selected,PAIRED_SHIFT8_D32,81551,81552,81552,0.2043083230614959,0.20432889262570253,-2.05695642066545e-05,-0.010067903205520977
electricity,shape,selected,PAIRED_SHIFT8_D32,81552,81551,81551,0.20581852862177166,0.20538348099354625,0.00043504762822537367,0.2113743748624554
electricity,shape,selected,PAIRED_SHIFT8_D32,81552,81551,81552,0.20517725280859203,0.2047716202729817,0.0004056325356102592,0.19769858990590447
electricity,shape,selected,PAIRED_SHIFT8_D32,81552,81552,81551,0.2054140712464186,0.20539900090561686,1.5070340801774445e-05,0.007336566920820034
electricity,shape,selected,PAIRED_SHIFT8_D32,81552,81552,81552,0.20495632134116148,0.20470281626954887,0.00025350507161252755,0.12368736419237049
electricity,shape,selected,PULSE8_D32,81551,81551,81551,2.9980059546766227,2.9983701589588714,-0.0003642042822475239,-0.012148217440308869
electricity,shape,selected,PULSE8_D32,81551,81551,81552,2.9950828007348647,2.994336433716354,0.0007463670185114679,0.02491974573552162
electricity,shape,selected,PULSE8_D32,81551,81552,81551,2.998147645760199,2.999826065836421,-0.001678420076220384,-0.055981901978506804
electricity,shape,selected,PULSE8_D32,81551,81552,81552,2.9985291816007313,2.9984665172097067,6.26643910241198e-05,0.0020898376246806147
electricity,shape,selected,PULSE8_D32,81552,81551,81551,2.986003802755283,2.9885227216446575,-0.002518918889374132,-0.08435752449644718
electricity,shape,selected,PULSE8_D32,81552,81551,81552,2.9879652546138518,2.9910125826628047,-0.0030473280489534266,-0.1019867297401772
electricity,shape,selected,PULSE8_D32,81552,81552,81551,2.987802764144091,2.9877022101640986,0.00010055397999338828,0.00336548252783325
electricity,shape,selected,PULSE8_D32,81552,81552,81552,2.990601584052127,2.9921740200159164,-0.0015724359637904958,-0.05257925268868205
electricity,shape,selected,RAMP8_D32,81551,81551,81551,0.5301479703551115,0.5288581419875704,0.0012898283675408526,0.24329591730340508
electricity,shape,selected,RAMP8_D32,81551,81551,81552,0.5321009455436269,0.5306672950442598,0.0014336504993671395,0.2694320525783758
electricity,shape,selected,RAMP8_D32,81551,81552,81551,0.5327125091940366,0.5297713039064188,0.002941205287617838,0.5521186825643934
electricity,shape,selected,RAMP8_D32,81551,81552,81552,0.5306825484249859,0.5289238434153487,0.0017587050096370804,0.33140434236187827
electricity,shape,selected,RAMP8_D32,81552,81551,81551,0.4317712881425097,0.4278185769291194,0.003952711213390476,0.9154641176802498
electricity,shape,selected,RAMP8_D32,81552,81551,81552,0.42835329042441345,0.42364760525814604,0.004705685166267514,1.09855235653848
electricity,shape,selected,RAMP8_D32,81552,81552,81551,0.4316903704395751,0.42721474326782216,0.004475627171752731,1.036767896211203
electricity,shape,selected,RAMP8_D32,81552,81552,81552,0.43087547298681156,0.42431923128417787,0.006556241702633357,1.5216094007824932
electricity,shape,selected,STEP12_D17,81551,81551,81551,0.2969892494415744,0.2973773903823255,-0.0003881409407511063,-0.1306919161151198
electricity,shape,selected,STEP12_D17,81551,81551,81552,0.2922321627324319,0.29264941451703874,-0.00041725178460671423,-0.14278092483227126
electricity,shape,selected,STEP12_D17,81551,81552,81551,0.2999289938996451,0.2984883976148008,0.0014405962848442057,0.4803124453270505
electricity,shape,selected,STEP12_D17,81551,81552,81552,0.291995482872179,0.29220894963358196,-0.00021346676140270547,-0.07310618619951409
electricity,shape,selected,STEP12_D17,81552,81551,81551,0.3091532369533492,0.303447525317823,0.005705711635526301,1.845593367145396
electricity,shape,selected,STEP12_D17,81552,81551,81552,0.3035061344538304,0.29770859481722534,0.0057975396366048175,1.9101886184401797
electricity,shape,selected,STEP12_D17,81552,81552,81551,0.30752922752939665,0.30160416785067706,0.005925059678719625,1.9266655486113915
electricity,shape,selected,STEP12_D17,81552,81552,81552,0.3033284513344172,0.29347326117411676,0.009855190160300491,3.2490160804056
electricity,shape,selected,STEP12_D63,81551,81551,81551,0.2214372881221064,0.22059949053546246,0.0008377975866439625,0.37834530658719895
electricity,shape,selected,STEP12_D63,81551,81551,81552,0.2193715332942193,0.21819373187052374,0.0011778014236954561,0.5368980222770283
electricity,shape,selected,STEP12_D63,81551,81552,81551,0.2216174001067542,0.22120470787158267,0.00041269223517153295,0.18621833618332181
electricity,shape,selected,STEP12_D63,81551,81552,81552,0.2205109501846361,0.21982324741549455,0.0006877027691415479,0.3118678544379439
electricity,shape,selected,STEP12_D63,81552,81551,81551,0.2164884305653986,0.21817777674717284,-0.0016893461817742883,-0.78034016753794
electricity,shape,selected,STEP12_D63,81552,81551,81552,0.21547747748861987,0.21839154084428772,-0.0029140633556678204,-1.3523749162237721
electricity,shape,selected,STEP12_D63,81552,81552,81551,0.21619271598234432,0.2172998924182881,-0.0011071764359438718,-0.5121247637382431
electricity,shape,selected,STEP12_D63,81552,81552,81552,0.21722091871764354,0.2192241159603945,-0.002003197242751003,-0.9221935228783724
electricity,shape,selected,STEP6_D17,81551,81551,81551,0.23902000299599507,0.23927092701151537,-0.0002509240155202227,-0.1049803415509233
electricity,shape,selected,STEP6_D17,81551,81551,81552,0.23778840211371102,0.23757220486095035,0.00021619725276077542,0.0909200157951309
electricity,shape,selected,STEP6_D17,81551,81552,81551,0.24018774459869408,0.23984434373412672,0.0003434008645673771,0.14297185109970187
electricity,shape,selected,STEP6_D17,81551,81552,81552,0.23827550960825045,0.2377424833105239,0.0005330262977265039,0.22370167148224934
electricity,shape,selected,STEP6_D17,81552,81551,81551,0.23447321426712114,0.2335774886414262,0.0008957256256951558,0.38201618402122034
electricity,shape,selected,STEP6_D17,81552,81551,81552,0.23391149461622449,0.23296713033059174,0.0009443642856326716,0.40372718201902724
electricity,shape,selected,STEP6_D17,81552,81552,81551,0.23523327468959002,0.2344209527592725,0.0008123219303174671,0.3453261156991475
electricity,shape,selected,STEP6_D17,81552,81552,81552,0.23467418497546294,0.2330460949401347,0.0016280900353280833,0.6937661402758523
electricity,shape,selected,STEP6_D63,81551,81551,81551,0.19716696559272232,0.1969135890900064,0.0002533765027159479,0.12850859775330456
electricity,shape,selected,STEP6_D63,81551,81551,81552,0.19670615379297926,0.19646694789913982,0.00023920589383950538,0.12160569927631974
electricity,shape,selected,STEP6_D63,81551,81552,81551,0.19686123523038565,0.19671170154831039,0.00014953368207526766,0.07595892705857972
electricity,shape,selected,STEP6_D63,81551,81552,81552,0.19650609242077297,0.19642049782344412,8.559459732881644e-05,0.04355824100635777
electricity,shape,selected,STEP6_D63,81552,81551,81551,0.19504081028020004,0.1955956041929988,-0.000554793912798775,-0.2844501681477561
electricity,shape,selected,STEP6_D63,81552,81551,81552,0.194143485258415,0.1952385622268009,-0.001095076968385928,-0.5640554803723258
electricity,shape,selected,STEP6_D63,81552,81552,81551,0.19422895175089305,0.1946156103936855,-0.000386658642792464,-0.19907363928338048
electricity,shape,selected,STEP6_D63,81552,81552,81552,0.19436920089812967,0.19518129462457412,-0.0008120937264444802,-0.41780988072801944
electricity,shape,selected,STEP8_D31,81551,81551,81551,0.2078958164453095,0.2078585136730087,3.730277230073824e-05,0.017943012485078732
electricity,shape,selected,STEP8_D31,81551,81551,81552,0.20754923110932946,0.20768445282189127,-0.0001352217125619266,-0.06515163262189907
electricity,shape,selected,STEP8_D31,81551,81552,81551,0.20813509828326246,0.20801524201191474,0.00011985627134773681,0.05758580476639161
electricity,shape,selected,STEP8_D31,81551,81552,81552,0.2077638378533312,0.20758260460288608,0.00018123325044511022,0.08723041137363377
electricity,shape,selected,STEP8_D31,81552,81551,81551,0.20756374112417839,0.20746599920070144,9.774192347695564e-05,0.047090076015964634
electricity,shape,selected,STEP8_D31,81552,81551,81552,0.20718702570854594,0.2069975022645371,0.00018952344400884817,0.09147457151851512
electricity,shape,selected,STEP8_D31,81552,81552,81551,0.20725526034123215,0.2074708181590637,-0.00021555781783155672,-0.10400595742499126
electricity,shape,selected,STEP8_D31,81552,81552,81552,0.2067941801108488,0.20677616282098132,1.8017289867522292e-05,0.008712667763601667
electricity,shape,selected,STEP8_D33,81551,81551,81551,0.2072638111511832,0.20726267315553618,1.1379956469954183e-06,0.0005490566060108472
electricity,shape,selected,STEP8_D33,81551,81551,81552,0.20747041647203482,0.20764259263252263,-0.00017217616048788298,-0.08298829462806366
electricity,shape,selected,STEP8_D33,81551,81552,81551,0.20737982427060642,0.207239414253574,0.00014041001703242895,0.06770669110472884
electricity,shape,selected,STEP8_D33,81551,81552,81552,0.2070544738289222,0.20709069886584394,-3.622503692180348e-05,-0.017495413768134394
electricity,shape,selected,STEP8_D33,81552,81551,81551,0.21004016157910502,0.20938404765234098,0.0006561139267641657,0.3123754627836072
electricity,shape,selected,STEP8_D33,81552,81551,81552,0.20902739217360666,0.20816315266207386,0.000864239511532864,0.4134575390076503
electricity,shape,selected,STEP8_D33,81552,81552,81551,0.20921729196657282,0.2089219248985565,0.00029536706801622345,0.1411771776796609
electricity,shape,selected,STEP8_D33,81552,81552,81552,0.20801859429334696,0.20728839576279726,0.0007301985305497142,0.3510256056821494
electricity,standard,fixed1024,BURST16,81551,81551,81551,0.17854582669782965,0.1783606448741592,0.00018518182367038903,0.10371669116847528
electricity,standard,fixed1024,BURST16,81551,81551,81552,0.17822512397632279,0.17806872377652092,0.00015640019980185302,0.08775429429502363
electricity,standard,fixed1024,BURST16,81551,81552,81551,0.17797496483499595,0.17784597308289632,0.00012899175209971027,0.07247747019885692
electricity,standard,fixed1024,BURST16,81551,81552,81552,0.17769481055963512,0.1776715027186985,2.3307840936563086e-05,0.013116782005707971
electricity,standard,fixed1024,BURST16,81552,81551,81551,0.17684229662480577,0.1768137226030834,2.857402172246385e-05,0.016157911465653152
electricity,standard,fixed1024,BURST16,81552,81551,81552,0.17667491780496025,0.1766703456835694,4.572121390922592e-06,0.0025878723747136375
electricity,standard,fixed1024,BURST16,81552,81552,81551,0.1764013461328881,0.17649890799004478,-9.756185715663877e-05,-0.05530675320535404
electricity,standard,fixed1024,BURST16,81552,81552,81552,0.17613128186246466,0.1762683588783121,-0.00013707701584762767,-0.07782661569150832
electricity,standard,fixed1024,BURST4,81551,81551,81551,0.17042646074496898,0.17034566788859978,8.079285636923192e-05,0.04740628656845293
electricity,standard,fixed1024,BURST4,81551,81551,81552,0.1703037974193715,0.17026533190424076,3.846551513063e-05,0.022586410704576967
electricity,standard,fixed1024,BURST4,81551,81552,81551,0.1701199218954352,0.1701634736322889,-4.355173685374823e-05,-0.025600609480950418
electricity,standard,fixed1024,BURST4,81551,81552,81552,0.16997778412509237,0.17005470249417434,-7.691836908183002e-05,-0.045252013066144695
electricity,standard,fixed1024,BURST4,81552,81551,81551,0.16935939496648905,0.1694526106397208,-9.321567323191695e-05,-0.05504015484370467
electricity,standard,fixed1024,BURST4,81552,81551,81552,0.16927400217222693,0.16939042875012472,-0.00011642657789791028,-0.0687799522690157
electricity,standard,fixed1024,BURST4,81552,81552,81551,0.16914677697712963,0.1692604402310281,-0.00011366325389833699,-0.06719800159934791
electricity,standard,fixed1024,BURST4,81552,81552,81552,0.1689893629810317,0.16909700702681857,-0.00010764404578692281,-0.06369871090584878
electricity,standard,fixed1024,BURST8,81551,81551,81551,0.18005257293244376,0.17992000490307805,0.00013256802936550645,0.07362740071214999
electricity,standard,fixed1024,BURST8,81551,81551,81552,0.17989406156011956,0.17980756527876846,8.649628135093499e-05,0.04808178802613138
electricity,standard,fixed1024,BURST8,81551,81552,81551,0.17953020207710038,0.17952921016991916,9.919071814402025e-07,0.0005525015679613738
electricity,standard,fixed1024,BURST8,81551,81552,81552,0.17933936127706526,0.17938950280926455,-5.014153219919516e-05,-0.02795902240430667
electricity,standard,fixed1024,BURST8,81552,81551,81551,0.17887682516456277,0.17881354657849416,6.327858606869005e-05,0.035375508264122606
electricity,standard,fixed1024,BURST8,81552,81551,81552,0.17881172212934726,0.17878197414510352,2.974798424371474e-05,0.016636484392335255
electricity,standard,fixed1024,BURST8,81552,81552,81551,0.17862995455093258,0.17855680604841817,7.314850251440052e-05,0.04094974031555484
electricity,standard,fixed1024,BURST8,81552,81552,81552,0.17833594065372924,0.17831931169562493,1.6628958104316347e-05,0.00932451307535614
electricity,standard,fixed1024,FAULT,81551,81551,81551,0.17328895320957444,0.17315951393323756,0.0001294392763370167,0.07469563058671938
electricity,standard,fixed1024,FAULT,81551,81551,81552,0.17314236701081517,0.17304289699080447,9.947002001084069e-05,0.057449844153180246
electricity,standard,fixed1024,FAULT,81551,81552,81551,0.17289587813688678,0.17289190083664038,3.97730024630867e-06,0.002300402004470994
electricity,standard,fixed1024,FAULT,81551,81552,81552,0.17274461601448923,0.1727715483750173,-2.6932360528123867e-05,-0.015590853798803705
electricity,standard,fixed1024,FAULT,81552,81551,81551,0.17174551160035395,0.17174365130308156,1.8602972724483151e-06,0.0010831708235713108
electricity,standard,fixed1024,FAULT,81552,81551,81552,0.1716689725058651,0.1716782442547279,-9.271748862714718e-06,-0.0054009462090756945
electricity,standard,fixed1024,FAULT,81552,81552,81551,0.17147979479232195,0.17152629063218988,-4.649583986780629e-05,-0.027114471372045375
electricity,standard,fixed1024,FAULT,81552,81552,81552,0.17127639650009552,0.17133165896007618,-5.5262459980590225e-05,-0.03226507628011628
electricity,standard,fixed1024,POINT16,81551,81551,81551,0.17153479980068673,0.1713789440742205,0.0001558557264662475,0.09085953791728711
electricity,standard,fixed1024,POINT16,81551,81551,81552,0.17141260515747864,0.17128285300010326,0.00012975215737535896,0.07569580851778912
electricity,standard,fixed1024,POINT16,81551,81552,81551,0.1711465132706837,0.17113646748673064,1.0045783952983452e-05,0.005869698284238566
electricity,standard,fixed1024,POINT16,81551,81552,81552,0.1710283792218063,0.1710466552815932,-1.8276059786844108e-05,-0.010685980812074426
electricity,standard,fixed1024,POINT16,81552,81551,81551,0.1695006425514726,0.16950226011996253,-1.6175684900210981e-06,-0.0009543140755527743
electricity,standard,fixed1024,POINT16,81552,81551,81552,0.16943663047908195,0.16942694738279532,9.683096286724276e-06,0.005714877744762351
electricity,standard,fixed1024,POINT16,81552,81552,81551,0.16916618074679923,0.1692274609295912,-6.128018279207535e-05,-0.03622484264972378
electricity,standard,fixed1024,POINT16,81552,81552,81552,0.16896765469888722,0.1690215438038991,-5.388910501193079e-05,-0.03189314848925679
electricity,standard,fixed1024,POINT4,81551,81551,81551,0.16871312554517343,0.16860833773504164,0.00010478781013172934,0.06211005207396985
electricity,standard,fixed1024,POINT4,81551,81551,81552,0.16865041750663456,0.16855837598934972,9.204151728481476e-05,0.054575327263090785
electricity,standard,fixed1024,POINT4,81551,81552,81551,0.16843091360181553,0.16848776392076165,-5.685031894617958e-05,-0.033752900658473174
electricity,standard,fixed1024,POINT4,81551,81552,81552,0.16836569524907527,0.16839882483824403,-3.312958916869681e-05,-0.019677161145972084
electricity,standard,fixed1024,POINT4,81552,81551,81551,0.1673361547112567,0.16732595303880066,1.0201672455902532e-05,0.006096514213264795
electricity,standard,fixed1024,POINT4,81552,81551,81552,0.16731011707942256,0.1672962055829685,1.3911496454133577e-05,0.00831479691543683
electricity,standard,fixed1024,POINT4,81552,81552,81551,0.16713875205328466,0.1671798142320194,-4.106217873483316e-05,-0.024567718874520694
electricity,standard,fixed1024,POINT4,81552,81552,81552,0.1669887481253481,0.16700491060992403,-1.6162484576129343e-05,-0.00967878659944032
electricity,standard,fixed1024,POINT8,81551,81551,81551,0.1704609335363447,0.17034348412432573,0.0001174494120189895,0.06890107286309541
electricity,standard,fixed1024,POINT8,81551,81551,81552,0.17036819644496506,0.17027453199584347,9.36644491214562e-05,0.05497766078172526
electricity,standard,fixed1024,POINT8,81551,81552,81551,0.17017275314129035,0.1701885167272467,-1.5763585956338915e-05,-0.009263284318642238
electricity,standard,fixed1024,POINT8,81551,81552,81552,0.17006166565426065,0.17006810210812942,-6.4364538687477785e-06,-0.0037847764479934237
electricity,standard,fixed1024,POINT8,81552,81551,81551,0.16855775558353683,0.1685538148384271,3.940745109575188e-06,0.002337919780631016
electricity,standard,fixed1024,POINT8,81552,81551,81552,0.16850644537015178,0.16850356398380567,2.881386346109552e-06,0.0017099561620803993
electricity,standard,fixed1024,POINT8,81552,81552,81551,0.1683957582928974,0.16843431436203685,-3.85560691393489e-05,-0.022896104706085767
electricity,standard,fixed1024,POINT8,81552,81552,81552,0.16824539067911246,0.16827882174587774,-3.34310667652486e-05,-0.019870420598333244
electricity,standard,fixed1024,REFERENCE,81551,81551,81551,0.16783633623194308,0.16775177852129777,8.455771064528402e-05,0.05038105129298619
electricity,standard,fixed1024,REFERENCE,81551,81551,81552,0.16778503951000992,0.1677171197523218,6.791975768804246e-05,0.04048022272211607
electricity,standard,fixed1024,REFERENCE,81551,81552,81551,0.16757457257068506,0.167653051310008,-7.84787393230895e-05,-0.046832128597544945
electricity,standard,fixed1024,REFERENCE,81551,81552,81552,0.1675190237482617,0.16758636627009338,-6.734252183173317e-05,-0.040199924954751276
electricity,standard,fixed1024,REFERENCE,81552,81551,81551,0.16656751348082047,0.1665703461583935,-2.8326775730249526e-06,-0.0017006182741337032
electricity,standard,fixed1024,REFERENCE,81552,81551,81552,0.16656790532743132,0.166558958583878,8.946743553254468e-06,0.005371228950539651
electricity,standard,fixed1024,REFERENCE,81552,81552,81551,0.16642490587080308,0.16648771114113872,-6.28052703355766e-05,-0.03773790347481573
electricity,standard,fixed1024,REFERENCE,81552,81552,81552,0.16629224281313854,0.1663231749468006,-3.093213366193277e-05,-0.018601068299193606
electricity,standard,fixed1024,SHIFT4,81551,81551,81551,0.18983786641078818,0.18985305420533813,-1.518779454981543e-05,-0.008000403100270163
electricity,standard,fixed1024,SHIFT4,81551,81551,81552,0.1896526680089434,0.18968709966227928,-3.443165333601888e-05,-0.018155111498033446
electricity,standard,fixed1024,SHIFT4,81551,81552,81551,0.189613030297957,0.18970094644587143,-8.791614791447153e-05,-0.046366089807393776
electricity,standard,fixed1024,SHIFT4,81551,81552,81552,0.1893716113789537,0.1894865493880418,-0.00011493800908829346,-0.06069442418076578
electricity,standard,fixed1024,SHIFT4,81552,81551,81551,0.18862570254715522,0.1885733811763226,5.232137083259871e-05,0.027738197990021377
electricity,standard,fixed1024,SHIFT4,81552,81551,81552,0.18842957622523446,0.1883784929527952,5.108327243916026e-05,0.027110007602043948
electricity,standard,fixed1024,SHIFT4,81552,81552,81551,0.188437011247724,0.18847511867292208,-3.8107425198127365e-05,-0.02022289832862526
electricity,standard,fixed1024,SHIFT4,81552,81552,81552,0.1883524317300905,0.18842129116282816,-6.885943273768921e-05,-0.03655882332136011
electricity,standard,fixed1024,SHIFT8,81551,81551,81551,0.20218994504712912,0.20231533005770913,-0.0001253850105801445,-0.062013474780320106
electricity,standard,fixed1024,SHIFT8,81551,81551,81552,0.2009278133004741,0.2009881861868792,-6.0372886405158526e-05,-0.03004705292585597
electricity,standard,fixed1024,SHIFT8,81551,81552,81551,0.20174819625045867,0.20166364003123283,8.455621922587656e-05,0.041911759707088
electricity,standard,fixed1024,SHIFT8,81551,81552,81552,0.20062014587281932,0.2006634935515435,-4.334767872430354e-05,-0.021606842391483094
electricity,standard,fixed1024,SHIFT8,81552,81551,81551,0.20446865887451626,0.20426238673761668,0.00020627213689969207,0.10088203152263184
electricity,standard,fixed1024,SHIFT8,81552,81551,81552,0.20359466262730277,0.20329635729759815,0.00029830532970463383,0.14651922887129262
electricity,standard,fixed1024,SHIFT8,81552,81552,81551,0.2033853844572492,0.2037646652208555,-0.00037928076360624525,-0.18648378526234197
electricity,standard,fixed1024,SHIFT8,81552,81552,81552,0.20300236913213968,0.20283003676704991,0.0001723323650896951,0.08489179994619638
electricity,standard,fixed1024,SHIFT_POINT,81551,81551,81551,0.19528887591781965,0.1955778344272524,-0.0002889585094327739,-0.14796465393879976
electricity,standard,fixed1024,SHIFT_POINT,81551,81551,81552,0.19540421538687133,0.19557903840260887,-0.0001748230157377135,-0.0894673717205076
electricity,standard,fixed1024,SHIFT_POINT,81551,81552,81551,0.19491016430297803,0.1952133775910147,-0.0003032132880366283,-0.15556566232497682
electricity,standard,fixed1024,SHIFT_POINT,81551,81552,81552,0.19492618810933304,0.1952331294361418,-0.00030694132680876964,-0.15746541282416496
electricity,standard,fixed1024,SHIFT_POINT,81552,81551,81551,0.19221360160933265,0.19228346449000833,-6.986288067560261e-05,-0.03634648125349446
electricity,standard,fixed1024,SHIFT_POINT,81552,81551,81552,0.19228271922849272,0.19236921884653813,-8.649961804537711e-05,-0.044985643219757156
electricity,standard,fixed1024,SHIFT_POINT,81552,81552,81551,0.19185953896827304,0.19190172415305684,-4.218518478385654e-05,-0.021987535783056643
electricity,standard,fixed1024,SHIFT_POINT,81552,81552,81552,0.19190879137724745,0.1919675296574787,-5.8738280231255104e-05,-0.03060739417392791
electricity,standard,selected,BURST16,81551,81551,81551,0.1777854069805268,0.17765027456902988,0.00013513241149678288,0.07600871960856956
electricity,standard,selected,BURST16,81551,81551,81552,0.17822512397632279,0.17806872377652092,0.00015640019980185302,0.08775429429502363
electricity,standard,selected,BURST16,81551,81552,81551,0.17750676999923165,0.17738117239590176,0.0001255976033299217,0.0707565144306695
electricity,standard,selected,BURST16,81551,81552,81552,0.17769481055963512,0.1776715027186985,2.3307840936563086e-05,0.013116782005707971
electricity,standard,selected,BURST16,81552,81551,81551,0.17672562532710245,0.17668980901110207,3.5816316000511494e-05,0.020266622870463113
electricity,standard,selected,BURST16,81552,81551,81552,0.1763350863322905,0.1763607116695229,-2.562533723242356e-05,-0.014532182882840737
electricity,standard,selected,BURST16,81552,81552,81551,0.17633083825604975,0.176388544319168,-5.7706063118170446e-05,-0.03272601870943048
electricity,standard,selected,BURST16,81552,81552,81552,0.17597149246588753,0.17605497513898472,-8.348267309729563e-05,-0.047441021228753245
electricity,standard,selected,BURST4,81551,81551,81551,0.17007410095673048,0.17005895223157597,1.5148725154518123e-05,0.008907132284869286
electricity,standard,selected,BURST4,81551,81551,81552,0.1703037974193715,0.17026533190424076,3.846551513063e-05,0.022586410704576967
electricity,standard,selected,BURST4,81551,81552,81551,0.16992415410164063,0.16992217619231403,1.9779093264753493e-06,0.0011639953936697293
electricity,standard,selected,BURST4,81551,81552,81552,0.16997778412509237,0.17005470249417434,-7.691836908183002e-05,-0.045252013066144695
electricity,standard,selected,BURST4,81552,81551,81551,0.1693713802370983,0.16944412794230013,-7.274770520182528e-05,-0.04295159258901225
electricity,standard,selected,BURST4,81552,81551,81552,0.1691510170809293,0.1692409841827751,-8.996710184588279e-05,-0.05318744362195502
electricity,standard,selected,BURST4,81552,81552,81551,0.16911307186028243,0.16921748990555038,-0.00010441804526801308,-0.06174451455431016
electricity,standard,selected,BURST4,81552,81552,81552,0.16891591438788442,0.16905875403930062,-0.00014283965141606266,-0.08456257773797299
electricity,standard,selected,BURST8,81551,81551,81551,0.17960613445699822,0.17956678607337853,3.934838361972228e-05,0.021908151265926372
electricity,standard,selected,BURST8,81551,81551,81552,0.17989406156011956,0.17980756527876846,8.649628135093499e-05,0.04808178802613138
electricity,standard,selected,BURST8,81551,81552,81551,0.17921825164740218,0.1792142292700553,4.022377346842585e-06,0.002244401621971124
electricity,standard,selected,BURST8,81551,81552,81552,0.17933936127706526,0.17938950280926455,-5.014153219919516e-05,-0.02795902240430667
electricity,standard,selected,BURST8,81552,81551,81551,0.17870023518048533,0.17865408184806805,4.6153332417290366e-05,0.02582723652863467
electricity,standard,selected,BURST8,81552,81551,81552,0.17852900330976357,0.17852401278099836,4.990528765088211e-06,0.002795360234229955
electricity,standard,selected,BURST8,81552,81552,81551,0.17843859255511904,0.17843516187913563,3.430675983262868e-06,0.0019226087440715183
electricity,standard,selected,BURST8,81552,81552,81552,0.1780590715635162,0.17816976161134337,-0.00011069004782711877,-0.06216478995153811
electricity,standard,selected,FAULT,81551,81551,81551,0.17284216411292055,0.17279266810553476,4.9496007385772334e-05,0.02863653532678276
electricity,standard,selected,FAULT,81551,81551,81552,0.17314236701081517,0.17304289699080447,9.947002001084069e-05,0.057449844153180246
electricity,standard,selected,FAULT,81551,81552,81551,0.1726097537350665,0.1725848007540195,2.495298104702808e-05,0.014456298388170842
electricity,standard,selected,FAULT,81551,81552,81552,0.17274461601448923,0.1727715483750173,-2.6932360528123867e-05,-0.015590853798803705
electricity,standard,selected,FAULT,81552,81551,81551,0.17163824637460973,0.17164392019131725,-5.6738167076594934e-06,-0.003305683218923178
electricity,standard,selected,FAULT,81552,81551,81552,0.17144606703474613,0.17146903668612168,-2.2969651375608796e-05,-0.013397595974571788
electricity,standard,selected,FAULT,81552,81552,81551,0.17138903753125684,0.171445621511297,-5.658398004028528e-05,-0.03301493540972004
electricity,standard,selected,FAULT,81552,81552,81552,0.1711469339711502,0.17124318181103884,-9.624783988866777e-05,-0.05623696414268925
electricity,standard,selected,POINT16,81551,81551,81551,0.17104560266798144,0.17099913452456975,4.646814341168273e-05,0.027167107886358573
electricity,standard,selected,POINT16,81551,81551,81552,0.17141260515747864,0.17128285300010326,0.00012975215737535896,0.07569580851778912
electricity,standard,selected,POINT16,81551,81552,81551,0.17081349673636165,0.17079348092707128,2.0015809290460022e-05,0.011717931939156415
electricity,standard,selected,POINT16,81551,81552,81552,0.1710283792218063,0.1710466552815932,-1.8276059786844108e-05,-0.010685980812074426
electricity,standard,selected,POINT16,81552,81551,81551,0.16928543670009724,0.1693008326864314,-1.5395986334109843e-05,-0.009094690384610622
electricity,standard,selected,POINT16,81552,81551,81552,0.16919405372726184,0.16919591483815513,-1.8611108932982618e-06,-0.0010999859937739556
electricity,standard,selected,POINT16,81552,81552,81551,0.1690374770801775,0.1690925743265504,-5.5097246372952467e-05,-0.032594692801063786
electricity,standard,selected,POINT16,81552,81552,81552,0.16887446805773831,0.16894445841139924,-6.999035366094257e-05,-0.04144519563313313
electricity,standard,selected,POINT4,81551,81551,81551,0.16838752774103127,0.16836168083364889,2.5846907382482244e-05,0.015349656669485078
electricity,standard,selected,POINT4,81551,81551,81552,0.16865041750663456,0.16855837598934972,9.204151728481476e-05,0.054575327263090785
electricity,standard,selected,POINT4,81551,81552,81551,0.16821421010190585,0.16822689522752443,-1.2685125618582178e-05,-0.007541054712855354
electricity,standard,selected,POINT4,81551,81552,81552,0.16836569524907527,0.16839882483824403,-3.312958916869681e-05,-0.019677161145972084
electricity,standard,selected,POINT4,81552,81551,81551,0.16722398908695207,0.1672333440860234,-9.354999071240822e-06,-0.0055942924949460866
electricity,standard,selected,POINT4,81552,81551,81552,0.1671013882016752,0.16710136404411152,2.415756374075321e-08,1.4456830072289626e-05
electricity,standard,selected,POINT4,81552,81552,81551,0.1670558594703325,0.16711608576994835,-6.022629961568494e-05,-0.03605159364456806
electricity,standard,selected,POINT4,81552,81552,81552,0.16687565114038327,0.16695427999960422,-7.862885922090717e-05,-0.047118233656964756
electricity,standard,selected,POINT8,81551,81551,81551,0.1701542118742548,0.17011918040100538,3.503147324944065e-05,0.020588072938993226
electricity,standard,selected,POINT8,81551,81551,81552,0.17036819644496506,0.17027453199584347,9.36644491214562e-05,0.05497766078172526
electricity,standard,selected,POINT8,81551,81552,81551,0.16998163982385764,0.1699708505112507,1.0789312607056541e-05,0.006347339994035177
electricity,standard,selected,POINT8,81551,81552,81552,0.17006166565426065,0.17006810210812942,-6.4364538687477785e-06,-0.0037847764479934237
electricity,standard,selected,POINT8,81552,81551,81551,0.16852281171592232,0.16854132557397888,-1.8513858056585586e-05,-0.010985965560433601
electricity,standard,selected,POINT8,81552,81551,81552,0.16836585355655662,0.16839123260116748,-2.537904461086336e-05,-0.015073748075846126
electricity,standard,selected,POINT8,81552,81552,81551,0.16835838596557903,0.16842387286742933,-6.548690185016455e-05,-0.03889732101824342
electricity,standard,selected,POINT8,81552,81552,81552,0.16818500621149124,0.16827686166560102,-9.185545410967603e-05,-0.054615721210111066
electricity,standard,selected,REFERENCE,81551,81551,81551,0.1675442325905699,0.1675246167036819,1.9615886887997024e-05,0.011707885484743977
electricity,standard,selected,REFERENCE,81551,81551,81552,0.16778503951000992,0.1677171197523218,6.791975768804246e-05,0.04048022272211607
electricity,standard,selected,REFERENCE,81551,81552,81551,0.16738819611230166,0.16741245641849584,-2.4260306194226022e-05,-0.01449343905824139
electricity,standard,selected,REFERENCE,81551,81552,81552,0.1675190237482617,0.16758636627009338,-6.734252183173317e-05,-0.040199924954751276
electricity,standard,selected,REFERENCE,81552,81551,81551,0.1664328944816092,0.16646340537826587,-3.051089665656202e-05,-0.01833225141676153
electricity,standard,selected,REFERENCE,81552,81551,81552,0.16633728084232713,0.16636001541712564,-2.273457479850334e-05,-0.013667756670889483
electricity,standard,selected,REFERENCE,81552,81552,81551,0.16632109869228368,0.16641330950998803,-9.221081770432148e-05,-0.05544144334623706
electricity,standard,selected,REFERENCE,81552,81552,81552,0.1661617099968634,0.16625464002449925,-9.293002763604576e-05,-0.05592746225216387
electricity,standard,selected,SHIFT4,81551,81551,81551,0.18950369926989685,0.18951514161766678,-1.1442347769927185e-05,-0.006038060372441938
electricity,standard,selected,SHIFT4,81551,81551,81552,0.1896526680089434,0.18968709966227928,-3.443165333601888e-05,-0.018155111498033446
electricity,standard,selected,SHIFT4,81551,81552,81551,0.1894919459250902,0.18950390965449007,-1.1963729399802202e-05,-0.006313582005502067
electricity,standard,selected,SHIFT4,81551,81552,81552,0.1893716113789537,0.1894865493880418,-0.00011493800908829346,-0.06069442418076578
electricity,standard,selected,SHIFT4,81552,81551,81551,0.18904628816683383,0.18898480554046135,6.148262637255275e-05,0.03252252502217561
electricity,standard,selected,SHIFT4,81552,81551,81552,0.18866264819017453,0.18873144929009228,-6.880109991771284e-05,-0.03646779083073211
electricity,standard,selected,SHIFT4,81552,81552,81551,0.18889570561933677,0.1888363092035116,5.9396415825157265e-05,0.031444026549154645
electricity,standard,selected,SHIFT4,81552,81552,81552,0.18875601381224005,0.1888051048091325,-4.909099689238256e-05,-0.026007646538464466
electricity,standard,selected,SHIFT8,81551,81551,81551,0.20122481416988122,0.20107860279960624,0.00014621137027516658,0.07266070582713009
electricity,standard,selected,SHIFT8,81551,81551,81552,0.2009278133004741,0.2009881861868792,-6.0372886405158526e-05,-0.03004705292585597
electricity,standard,selected,SHIFT8,81551,81552,81551,0.20123433374089483,0.20101696355584303,0.00021737018505180487,0.10801843850944752
electricity,standard,selected,SHIFT8,81551,81552,81552,0.20062014587281932,0.2006634935515435,-4.334767872430354e-05,-0.021606842391483094
electricity,standard,selected,SHIFT8,81552,81551,81551,0.20315812767220898,0.2026129719233288,0.000545155748880024,0.268340604989046
electricity,standard,selected,SHIFT8,81552,81551,81552,0.20246514949351144,0.20189751244329682,0.0005676370502144506,0.2803628434989707
electricity,standard,selected,SHIFT8,81552,81552,81551,0.20266553027488501,0.2025359430243622,0.00012958725052276965,0.06394143609276043
electricity,standard,selected,SHIFT8,81552,81552,81552,0.2021936208966795,0.20176955547188416,0.00042406542479528125,0.2097323461119368
electricity,standard,selected,SHIFT_POINT,81551,81551,81551,0.1946615139123658,0.19482289508833037,-0.0001613811759645957,-0.08290348344729688
electricity,standard,selected,SHIFT_POINT,81551,81551,81552,0.19540421538687133,0.19557903840260887,-0.0001748230157377135,-0.0894673717205076
electricity,standard,selected,SHIFT_POINT,81551,81552,81551,0.19465441370032596,0.19478641624328333,-0.00013200254295735788,-0.06781379391714087
electricity,standard,selected,SHIFT_POINT,81551,81552,81552,0.19492618810933304,0.1952331294361418,-0.00030694132680876964,-0.15746541282416496
electricity,standard,selected,SHIFT_POINT,81552,81551,81551,0.1923992965773935,0.19236939634514977,2.9900232243585604e-05,0.015540718066792983
electricity,standard,selected,SHIFT_POINT,81552,81551,81552,0.1923340054526946,0.19246386745150623,-0.0001298619988116162,-0.06751900086828708
electricity,standard,selected,SHIFT_POINT,81552,81552,81551,0.19214756420157614,0.19208468166625042,6.288253532573231e-05,0.03272616834203746
electricity,standard,selected,SHIFT_POINT,81552,81552,81552,0.1922021980869312,0.19221696626317114,-1.4768176239855465e-05,-0.007683666673351967
electricity_transfer,shape,fixed1024,PAIRED_SHIFT8_D32,81551,81551,81551,0.36171581781453604,0.3619101962032958,-0.00019437838875981713,-0.05373787354234023
electricity_transfer,shape,fixed1024,PAIRED_SHIFT8_D32,81551,81551,81552,0.358555224976065,0.3584985845579178,5.664041814735241e-05,0.01579684639963994
electricity_transfer,shape,fixed1024,PAIRED_SHIFT8_D32,81551,81552,81551,0.36244355354102104,0.3621528309225924,0.000290722618428729,0.08021183314985494
electricity_transfer,shape,fixed1024,PAIRED_SHIFT8_D32,81551,81552,81552,0.3594554444829887,0.35933573917801165,0.0001197053049770292,0.03330184778511382
electricity_transfer,shape,fixed1024,PAIRED_SHIFT8_D32,81552,81551,81551,0.3736840132795213,0.37220799412900096,0.0014760191505203634,0.39499124877367414
electricity_transfer,shape,fixed1024,PAIRED_SHIFT8_D32,81552,81551,81552,0.3697950029481617,0.367981154907527,0.0018138480406348322,0.4905009603088389
electricity_transfer,shape,fixed1024,PAIRED_SHIFT8_D32,81552,81552,81551,0.3714710023444482,0.37269177279265514,-0.0012207704482070365,-0.32863142493019454
electricity_transfer,shape,fixed1024,PAIRED_SHIFT8_D32,81552,81552,81552,0.370485536985694,0.369589121149322,0.0008964158363721181,0.2419570393126392
electricity_transfer,shape,fixed1024,PULSE8_D32,81551,81551,81551,7.035548092758298,7.030768400702085,0.004779692056216783,0.06793631417481928
electricity_transfer,shape,fixed1024,PULSE8_D32,81551,81551,81552,7.058616161571619,7.0551118366242775,0.0035043249473444144,0.04964606187856753
electricity_transfer,shape,fixed1024,PULSE8_D32,81551,81552,81551,7.040366863629096,7.038552072753294,0.0018147908757955578,0.025776936215793845
electricity_transfer,shape,fixed1024,PULSE8_D32,81551,81552,81552,7.063331063911205,7.061540192028167,0.0017908718830373926,0.025354494456411993
electricity_transfer,shape,fixed1024,PULSE8_D32,81552,81551,81551,6.9600081479050955,6.964152802464783,-0.004144654559686725,-0.0595495647650101
electricity_transfer,shape,fixed1024,PULSE8_D32,81552,81551,81552,6.97076944825431,6.976212907645012,-0.0054434593907025375,-0.07808979239825158
electricity_transfer,shape,fixed1024,PULSE8_D32,81552,81552,81551,6.968629141862692,6.964556378492971,0.00407276336972448,0.0584442547711162
electricity_transfer,shape,fixed1024,PULSE8_D32,81552,81552,81552,6.973685149933865,6.976121121535961,-0.002435971602098047,-0.03493090883406385
electricity_transfer,shape,fixed1024,RAMP8_D32,81551,81551,81551,0.991314249655967,0.9905155908223962,0.0007986588335706871,0.08056565653604389
electricity_transfer,shape,fixed1024,RAMP8_D32,81551,81551,81552,0.9669624625901521,0.9660220365843775,0.0009404260057750309,0.09725568904256746
electricity_transfer,shape,fixed1024,RAMP8_D32,81551,81552,81551,0.9932272719668296,0.9871623784487955,0.00606489351803428,0.6106249485099546
electricity_transfer,shape,fixed1024,RAMP8_D32,81551,81552,81552,0.9702831784338598,0.9674000139775071,0.0028831644563522794,0.29714670113172664
electricity_transfer,shape,fixed1024,RAMP8_D32,81552,81551,81551,0.8297067044643159,0.8197674662652552,0.009939238199060561,1.1979218855990368
electricity_transfer,shape,fixed1024,RAMP8_D32,81552,81551,81552,0.8199697743785408,0.8097738884123878,0.01019588596615324,1.2434465616590262
electricity_transfer,shape,fixed1024,RAMP8_D32,81552,81552,81551,0.8206733512640996,0.8084291402048599,0.012244211059239417,1.491971323350443
electricity_transfer,shape,fixed1024,RAMP8_D32,81552,81552,81552,0.8239866062898825,0.8071151584043038,0.01687144788557894,2.047539093086118
electricity_transfer,shape,fixed1024,STEP12_D17,81551,81551,81551,0.5529296416488291,0.5584083911244307,-0.005478749475601573,-0.9908583412645436
electricity_transfer,shape,fixed1024,STEP12_D17,81551,81551,81552,0.5312502288884653,0.5333036405739398,-0.0020534116854743984,-0.3865243860262895
electricity_transfer,shape,fixed1024,STEP12_D17,81551,81552,81551,0.5563740026130664,0.555950731376071,0.0004232712369954747,0.0760767460390922
electricity_transfer,shape,fixed1024,STEP12_D17,81551,81552,81552,0.5329445624902253,0.53428350771924,-0.0013389452290148412,-0.2512353672882062
electricity_transfer,shape,fixed1024,STEP12_D17,81552,81551,81551,0.6087810280626795,0.5910362160087507,0.017744812053928808,2.9148102907211193
electricity_transfer,shape,fixed1024,STEP12_D17,81552,81551,81552,0.5900819439220842,0.5712555118116492,0.018826432110435207,3.190477577622862
electricity_transfer,shape,fixed1024,STEP12_D17,81552,81552,81551,0.5974564020250768,0.5770320341938455,0.020424367831231246,3.4185536822440783
electricity_transfer,shape,fixed1024,STEP12_D17,81552,81552,81552,0.5843693613914518,0.551599865513562,0.032769495877889944,5.607668376018541
electricity_transfer,shape,fixed1024,STEP12_D63,81551,81551,81551,0.4005973254350799,0.39657579915275865,0.004021526282321251,1.003882459263441
electricity_transfer,shape,fixed1024,STEP12_D63,81551,81551,81552,0.4058055653030177,0.4025909639486527,0.003214601354365112,0.7921530972510807
electricity_transfer,shape,fixed1024,STEP12_D63,81551,81552,81551,0.404210463375694,0.4000195432629985,0.004190920112695716,1.0368163351576725
electricity_transfer,shape,fixed1024,STEP12_D63,81551,81552,81552,0.40921077549779244,0.4077798476428579,0.0014309278549342443,0.3496799059588703
electricity_transfer,shape,fixed1024,STEP12_D63,81552,81551,81551,0.3735257565712322,0.3765756749427212,-0.0030499183714890275,-0.8165215698873503
electricity_transfer,shape,fixed1024,STEP12_D63,81552,81551,81552,0.37499863296896374,0.3802803082799604,-0.005281675310996845,-1.408451883992328
electricity_transfer,shape,fixed1024,STEP12_D63,81552,81552,81551,0.3744613972950362,0.37573875318560823,-0.0012773558905721924,-0.34111817661294747
electricity_transfer,shape,fixed1024,STEP12_D63,81552,81552,81552,0.37807659576500297,0.3821962399782445,-0.00411964421324134,-1.08963216961516
electricity_transfer,shape,fixed1024,STEP6_D17,81551,81551,81551,0.3991139722990122,0.39990997877152645,-0.0007960064725143134,-0.19944339906946515
electricity_transfer,shape,fixed1024,STEP6_D17,81551,81551,81552,0.3949623057285506,0.3950121586185879,-4.9852890037154624e-05,-0.012622189336573672
electricity_transfer,shape,fixed1024,STEP6_D17,81551,81552,81551,0.4027419567857532,0.4026730659201864,6.889086556674355e-05,0.017105460309264835
electricity_transfer,shape,fixed1024,STEP6_D17,81551,81552,81552,0.3983420587549858,0.39760543308699603,0.0007366256679897333,0.18492289523532857
electricity_transfer,shape,fixed1024,STEP6_D17,81552,81551,81551,0.40531648928537833,0.39871841677429887,0.006598072511079309,1.6278815901895587
electricity_transfer,shape,fixed1024,STEP6_D17,81552,81551,81552,0.40054692699200367,0.39427203866577415,0.006274888326229713,1.5665800692449157
electricity_transfer,shape,fixed1024,STEP6_D17,81552,81552,81551,0.4072827654819345,0.400796094075605,0.006486671406329682,1.592670241927388
electricity_transfer,shape,fixed1024,STEP6_D17,81552,81552,81552,0.4046061241404408,0.3946474099663655,0.009958714174075223,2.4613355013426603
electricity_transfer,shape,fixed1024,STEP6_D63,81551,81551,81551,0.34677758220395144,0.3444481123698274,0.0023294698341242183,0.6717475274264354
electricity_transfer,shape,fixed1024,STEP6_D63,81551,81551,81552,0.3485861127744414,0.34643938562554427,0.0021467271488970316,0.6158384026864857
electricity_transfer,shape,fixed1024,STEP6_D63,81551,81552,81551,0.34783504155537814,0.34545081965923263,0.002384221896145726,0.685446148692911
electricity_transfer,shape,fixed1024,STEP6_D63,81551,81552,81552,0.34964273639010324,0.34823475585167446,0.0014079805384287743,0.40269120215838344
electricity_transfer,shape,fixed1024,STEP6_D63,81552,81551,81551,0.3292368480817559,0.33066948080689307,-0.0014326327251372555,-0.43513741960666114
electricity_transfer,shape,fixed1024,STEP6_D63,81552,81551,81552,0.3296050427848031,0.3316763286919143,-0.0020712859071112277,-0.6284145077426974
electricity_transfer,shape,fixed1024,STEP6_D63,81552,81552,81551,0.33012534699828644,0.33090790185065466,-0.0007825548523683963,-0.23704779396186693
electricity_transfer,shape,fixed1024,STEP6_D63,81552,81552,81552,0.33103249961493214,0.3335714975258345,-0.0025389979109024406,-0.7669935471157323
electricity_transfer,shape,fixed1024,STEP8_D31,81551,81551,81551,0.36589101350368874,0.36630269719049985,-0.00041168368681118554,-0.11251538617168994
electricity_transfer,shape,fixed1024,STEP8_D31,81551,81551,81552,0.3632541977053313,0.36380646144827683,-0.0005522637429453544,-0.15203230862409636
electricity_transfer,shape,fixed1024,STEP8_D31,81551,81552,81551,0.3666445933948399,0.3659102334890926,0.0007343599057470854,0.20029203184137848
electricity_transfer,shape,fixed1024,STEP8_D31,81551,81552,81552,0.3641754536070353,0.3637968731995343,0.0003785804075010068,0.10395549830481304
electricity_transfer,shape,fixed1024,STEP8_D31,81552,81551,81551,0.3773470817239972,0.3763495889862468,0.0009974927377502827,0.26434356751694144
electricity_transfer,shape,fixed1024,STEP8_D31,81552,81551,81552,0.3730056026984491,0.3722404899510433,0.0007651127474059827,0.20512097991850453
electricity_transfer,shape,fixed1024,STEP8_D31,81552,81552,81551,0.37509625538073715,0.3765571442958369,-0.00146088891509971,-0.38947040770024527
electricity_transfer,shape,fixed1024,STEP8_D31,81552,81552,81552,0.3736064816797577,0.37315740615125026,0.00044907552850757945,0.12020014387558489
electricity_transfer,shape,fixed1024,STEP8_D33,81551,81551,81551,0.37675838465780115,0.37781022260216957,-0.0010518379443682745,-0.2791810314516633
electricity_transfer,shape,fixed1024,STEP8_D33,81551,81551,81552,0.37129997874121345,0.3717203057363596,-0.0004203269951462132,-0.11320415276381429
electricity_transfer,shape,fixed1024,STEP8_D33,81551,81552,81551,0.3767124886272,0.3769380167068823,-0.00022552807968223565,-0.05986742847419147
electricity_transfer,shape,fixed1024,STEP8_D33,81551,81552,81552,0.3717502900910596,0.37170213202292207,4.815806813762962e-05,0.012954413062013587
electricity_transfer,shape,fixed1024,STEP8_D33,81552,81551,81551,0.4010665126477806,0.3977263948947561,0.0033401177530244736,0.8328089350999465
electricity_transfer,shape,fixed1024,STEP8_D33,81552,81551,81552,0.39669146120535936,0.3926723458089395,0.004019115396419675,1.0131590390696759
electricity_transfer,shape,fixed1024,STEP8_D33,81552,81552,81551,0.3972049941891662,0.39580646423427,0.0013985299548961274,0.3520927418727487
electricity_transfer,shape,fixed1024,STEP8_D33,81552,81552,81552,0.39433294483030246,0.38981201315155406,0.004520931678748604,1.1464757733326454
electricity_transfer,shape,selected,PAIRED_SHIFT8_D32,81551,81551,81551,0.3627202455636385,0.36210226321317196,0.0006179823504668513,0.17037437474893513
electricity_transfer,shape,selected,PAIRED_SHIFT8_D32,81551,81551,81552,0.358555224976065,0.3584985845579178,5.664041814735241e-05,0.01579684639963994
electricity_transfer,shape,selected,PAIRED_SHIFT8_D32,81551,81552,81551,0.3631314148227031,0.362247983551994,0.0008834312707093209,0.24328142227536312
electricity_transfer,shape,selected,PAIRED_SHIFT8_D32,81551,81552,81552,0.3594554444829887,0.35933573917801165,0.0001197053049770292,0.03330184778511382
electricity_transfer,shape,selected,PAIRED_SHIFT8_D32,81552,81551,81551,0.3691057918065729,0.36610235806487124,0.0030034337417017697,0.8137053951393146
electricity_transfer,shape,selected,PAIRED_SHIFT8_D32,81552,81551,81552,0.36734582494398654,0.3642212833609065,0.003124541583080254,0.8505722321892971
electricity_transfer,shape,selected,PAIRED_SHIFT8_D32,81552,81552,81551,0.36918920204637884,0.36848205539779677,0.0007071466485820336,0.1915404471914104
electricity_transfer,shape,selected,PAIRED_SHIFT8_D32,81552,81552,81552,0.3685946676180216,0.3663794011386528,0.002215266479368791,0.601003398579953
electricity_transfer,shape,selected,PULSE8_D32,81551,81551,81551,7.059991738053184,7.059179835050503,0.0008119030026822738,0.011500055988821294
electricity_transfer,shape,selected,PULSE8_D32,81551,81551,81552,7.058616161571619,7.0551118366242775,0.0035043249473444144,0.04964606187856753
electricity_transfer,shape,selected,PULSE8_D32,81551,81552,81551,7.058056870855189,7.060910829584088,-0.002853958728898709,-0.040435473687999754
electricity_transfer,shape,selected,PULSE8_D32,81551,81552,81552,7.063331063911205,7.061540192028167,0.0017908718830373926,0.025354494456411993
electricity_transfer,shape,selected,PULSE8_D32,81552,81551,81551,6.9842966840185285,6.9917757415434085,-0.007479057524881455,-0.1070839035517354
electricity_transfer,shape,selected,PULSE8_D32,81552,81551,81552,6.989135625698922,6.997697656507526,-0.008562030808603405,-0.1225048599303321
electricity_transfer,shape,selected,PULSE8_D32,81552,81552,81551,6.985531546286562,6.985691663901374,-0.0001601176148121053,-0.0022921321556012755
electricity_transfer,shape,selected,PULSE8_D32,81552,81552,81552,6.990757770873129,6.996502980004077,-0.005745209130945478,-0.08218292378664287
electricity_transfer,shape,selected,RAMP8_D32,81551,81551,81551,0.9696415516665261,0.9679669185209175,0.0016746331456085027,0.1727064132854358
electricity_transfer,shape,selected,RAMP8_D32,81551,81551,81552,0.9669624625901521,0.9660220365843775,0.0009404260057750309,0.09725568904256746
electricity_transfer,shape,selected,RAMP8_D32,81551,81552,81551,0.977498012944181,0.9711087411233389,0.0063892718208421705,0.6536352745718598
electricity_transfer,shape,selected,RAMP8_D32,81551,81552,81552,0.9702831784338598,0.9674000139775071,0.0028831644563522794,0.29714670113172664
electricity_transfer,shape,selected,RAMP8_D32,81552,81551,81551,0.8227274617978001,0.8184606384953548,0.004266823302445474,0.518619287743445
electricity_transfer,shape,selected,RAMP8_D32,81552,81551,81552,0.8133119323955078,0.8088108145255585,0.004501117869949141,0.5534306937673551
electricity_transfer,shape,selected,RAMP8_D32,81552,81552,81551,0.8162174457333794,0.8109129042812051,0.005304541452174183,0.649893172450878
electricity_transfer,shape,selected,RAMP8_D32,81552,81552,81552,0.8171383019307671,0.8077544832106011,0.00938381872016586,1.1483758254867502
electricity_transfer,shape,selected,STEP12_D17,81551,81551,81551,0.5466698307211066,0.5479324782277771,-0.0012626475066706113,-0.23097076804203112
electricity_transfer,shape,selected,STEP12_D17,81551,81551,81552,0.5312502288884653,0.5333036405739398,-0.0020534116854743984,-0.3865243860262895
electricity_transfer,shape,selected,STEP12_D17,81551,81552,81551,0.5544802891849983,0.5503232466772882,0.0041570425077101895,0.749718716569783
electricity_transfer,shape,selected,STEP12_D17,81551,81552,81552,0.5329445624902253,0.53428350771924,-0.0013389452290148412,-0.2512353672882062
electricity_transfer,shape,selected,STEP12_D17,81552,81551,81551,0.6130237829038633,0.596658272206825,0.016365510697037934,2.6696371582053997
electricity_transfer,shape,selected,STEP12_D17,81552,81551,81552,0.5972462145489581,0.5800545068265985,0.017191707722359444,2.8784958872184174
electricity_transfer,shape,selected,STEP12_D17,81552,81552,81551,0.6082667539700497,0.5904482505631172,0.01781850340693271,2.9293896617946786
electricity_transfer,shape,selected,STEP12_D17,81552,81552,81552,0.5964889819700576,0.56481366004041,0.03167532192964724,5.310294554818327
electricity_transfer,shape,selected,STEP12_D63,81551,81551,81551,0.41358668457826026,0.410953836008062,0.0026328485701984103,0.6365892975696644
electricity_transfer,shape,selected,STEP12_D63,81551,81551,81552,0.4058055653030177,0.4025909639486527,0.003214601354365112,0.7921530972510807
electricity_transfer,shape,selected,STEP12_D63,81551,81552,81551,0.41394288823257863,0.4126589185502077,0.0012839696823711928,0.31018039417306753
electricity_transfer,shape,selected,STEP12_D63,81551,81552,81552,0.40921077549779244,0.4077798476428579,0.0014309278549342443,0.3496799059588703
electricity_transfer,shape,selected,STEP12_D63,81552,81551,81551,0.3895802350749151,0.3949512166133252,-0.005370981538410206,-1.3786586317392056
electricity_transfer,shape,selected,STEP12_D63,81552,81551,81552,0.3883545213396441,0.3971039960389555,-0.00874947469931146,-2.2529606888906053
electricity_transfer,shape,selected,STEP12_D63,81552,81552,81551,0.3876155227197835,0.3910494191056623,-0.003433896385878832,-0.8859027011571148
electricity_transfer,shape,selected,STEP12_D63,81552,81552,81552,0.3909753700784095,0.3974548866941068,-0.006479516615697142,-1.6572697698061352
electricity_transfer,shape,selected,STEP6_D17,81551,81551,81551,0.40074108733693914,0.401220618698056,-0.000479531361116922,-0.11966114188679057
electricity_transfer,shape,selected,STEP6_D17,81551,81551,81552,0.3949623057285506,0.3950121586185879,-4.9852890037154624e-05,-0.012622189336573672
electricity_transfer,shape,selected,STEP6_D17,81551,81552,81551,0.4045513415430933,0.4037827921384077,0.0007685494046854877,0.18997573997752293
electricity_transfer,shape,selected,STEP6_D17,81551,81552,81552,0.3983420587549858,0.39760543308699603,0.0007366256679897333,0.18492289523532857
electricity_transfer,shape,selected,STEP6_D17,81552,81551,81551,0.40588091569395796,0.400764423577331,0.0051164921166269575,1.2605894780440703
electricity_transfer,shape,selected,STEP6_D17,81552,81551,81552,0.4031872682305849,0.398045589015595,0.005141679214989887,1.275258327862013
electricity_transfer,shape,selected,STEP6_D17,81552,81552,81551,0.40933889808346613,0.4043107551985147,0.005028142884951322,1.2283569698587649
electricity_transfer,shape,selected,STEP6_D17,81552,81552,81552,0.4080503570275457,0.3990079421566373,0.009042414870908103,2.2160046462838134
electricity_transfer,shape,selected,STEP6_D63,81551,81551,81551,0.35204694845432705,0.3502664942749957,0.0017804541793313491,0.5057433922232497
electricity_transfer,shape,selected,STEP6_D63,81551,81551,81552,0.3485861127744414,0.34643938562554427,0.0021467271488970316,0.6158384026864857
electricity_transfer,shape,selected,STEP6_D63,81551,81552,81551,0.35174481008847197,0.3505422304762322,0.001202579612239735,0.34188979559847904
electricity_transfer,shape,selected,STEP6_D63,81551,81552,81552,0.34964273639010324,0.34823475585167446,0.0014079805384287743,0.40269120215838344
electricity_transfer,shape,selected,STEP6_D63,81552,81551,81551,0.33919363205801195,0.3418239612807694,-0.0026303292227572825,-0.7754653903135246
electricity_transfer,shape,selected,STEP6_D63,81552,81551,81552,0.3369665078436936,0.34090693440361075,-0.003940426559917234,-1.1693822585314777
electricity_transfer,shape,selected,STEP6_D63,81552,81552,81551,0.3375014728663361,0.3394342383729995,-0.0019327655066631844,-0.5726687620793394
electricity_transfer,shape,selected,STEP6_D63,81552,81552,81552,0.3376336348955967,0.34098341818724065,-0.003349783291643952,-0.9921355414367333
electricity_transfer,shape,selected,STEP8_D31,81551,81551,81551,0.366867843177304,0.3668200887895789,4.7754387725094764e-05,0.01301678209556663
electricity_transfer,shape,selected,STEP8_D31,81551,81551,81552,0.3632541977053313,0.36380646144827683,-0.0005522637429453544,-0.15203230862409636
electricity_transfer,shape,selected,STEP8_D31,81551,81552,81551,0.3672041205710218,0.3666508171802951,0.0005533033907268066,0.15068006041609516
electricity_transfer,shape,selected,STEP8_D31,81551,81552,81552,0.3641754536070353,0.3637968731995343,0.0003785804075010068,0.10395549830481304
electricity_transfer,shape,selected,STEP8_D31,81552,81551,81551,0.37204501190785566,0.36990215381654695,0.0021428580913087905,0.5759674294032766
electricity_transfer,shape,selected,STEP8_D31,81552,81551,81552,0.3696757060885759,0.36757344033023154,0.0021022657583443264,0.5686783642311118
electricity_transfer,shape,selected,STEP8_D31,81552,81552,81551,0.37200424129696613,0.3719483720025498,5.586929441619894e-05,0.015018456300770833
electricity_transfer,shape,selected,STEP8_D31,81552,81552,81552,0.3702389834358609,0.3689409773094826,0.0012980061263784663,0.35058602266374495
electricity_transfer,shape,selected,STEP8_D33,81551,81551,81551,0.3739908195765827,0.3739661151638648,2.470441271781084e-05,0.006605620091364857
electricity_transfer,shape,selected,STEP8_D33,81551,81551,81552,0.37129997874121345,0.3717203057363596,-0.0004203269951462132,-0.11320415276381429
electricity_transfer,shape,selected,STEP8_D33,81551,81552,81551,0.3746456257482613,0.3739300038779544,0.00071562187030688,0.1910130056577075
electricity_transfer,shape,selected,STEP8_D33,81551,81552,81552,0.3717502900910596,0.37170213202292207,4.815806813762962e-05,0.012954413062013587
electricity_transfer,shape,selected,STEP8_D33,81552,81551,81551,0.3915571064247606,0.3874604137405539,0.004096692684206713,1.0462567571848962
electricity_transfer,shape,selected,STEP8_D33,81552,81551,81552,0.388938862460167,0.3839508860154025,0.004987976444764748,1.282457714102969
electricity_transfer,shape,selected,STEP8_D33,81552,81552,81551,0.39092606507804195,0.3885120831818223,0.0024139818962196297,0.6175034391062458
electricity_transfer,shape,selected,STEP8_D33,81552,81552,81552,0.38769760659171315,0.38300027603649633,0.00469733055521686,1.2115964801824657
electricity_transfer,standard,fixed1024,BURST16,81551,81551,81551,0.29157014043560275,0.29159323749047666,-2.3097054874078073e-05,-0.007921611876844217
electricity_transfer,standard,fixed1024,BURST16,81551,81551,81552,0.29104606500089064,0.2913622105885344,-0.00031614558764395204,-0.10862390035851698
electricity_transfer,standard,fixed1024,BURST16,81551,81552,81551,0.29017346150054674,0.2898458073743489,0.0003276541261977284,0.11291664113711895
electricity_transfer,standard,fixed1024,BURST16,81551,81552,81552,0.2891998816751676,0.2893122780614722,-0.00011239638630451817,-0.03886460314349748
electricity_transfer,standard,fixed1024,BURST16,81552,81551,81551,0.28228523184987525,0.2825391725249735,-0.00025394067509830584,-0.08995889492134551
electricity_transfer,standard,fixed1024,BURST16,81552,81551,81552,0.28242430758630194,0.2829570021811293,-0.000532694594827248,-0.18861499542296642
electricity_transfer,standard,fixed1024,BURST16,81552,81552,81551,0.28151677840320566,0.28189154716376613,-0.0003747687605603299,-0.13312483990689997
electricity_transfer,standard,fixed1024,BURST16,81552,81552,81552,0.2809987661099664,0.2817535305314339,-0.0007547644214675258,-0.26860061768817717
electricity_transfer,standard,fixed1024,BURST4,81551,81551,81551,0.2532273377931389,0.2531960629596397,3.127483349922187e-05,0.012350496503173857
electricity_transfer,standard,fixed1024,BURST4,81551,81551,81552,0.252885066455518,0.2529897939493856,-0.00010472749386764187,-0.04141307959996255
electricity_transfer,standard,fixed1024,BURST4,81551,81552,81551,0.25293368425067364,0.2528157834015741,0.00011790084909960399,0.04661334430362253
electricity_transfer,standard,fixed1024,BURST4,81551,81552,81552,0.25254796375472927,0.25260525142509976,-5.728767037049571e-05,-0.022683877358889586
electricity_transfer,standard,fixed1024,BURST4,81552,81551,81551,0.24966331997897562,0.24976396335244486,-0.00010064337346918579,-0.04031163788003022
electricity_transfer,standard,fixed1024,BURST4,81552,81551,81552,0.24938907430553606,0.249576772915757,-0.00018769861022082334,-0.0752633653833875
electricity_transfer,standard,fixed1024,BURST4,81552,81552,81551,0.24943965634572984,0.24941128626058331,2.8370085146650365e-05,0.01137352639202192
electricity_transfer,standard,fixed1024,BURST4,81552,81552,81552,0.2492166373678278,0.24950824212019554,-0.00029160475236771673,-0.11700854142306992
electricity_transfer,standard,fixed1024,BURST8,81551,81551,81551,0.26716651090223664,0.2669796609091243,0.00018684999311224457,0.0699376551654028
electricity_transfer,standard,fixed1024,BURST8,81551,81551,81552,0.2668222677163174,0.2667651595709149,5.710814540242637e-05,0.021403065752796595
electricity_transfer,standard,fixed1024,BURST8,81551,81552,81551,0.2667600100034234,0.26642594127965313,0.0003340687237703248,0.125231935538628
electricity_transfer,standard,fixed1024,BURST8,81551,81552,81552,0.266266434461529,0.26617360602713835,9.282843439069495e-05,0.03486298773573246
electricity_transfer,standard,fixed1024,BURST8,81552,81551,81551,0.2628502537019329,0.262911184355406,-6.093065347314349e-05,-0.023180747446505293
electricity_transfer,standard,fixed1024,BURST8,81552,81551,81552,0.2626675249779533,0.26278050318954926,-0.0001129782115961782,-0.04301186894179663
electricity_transfer,standard,fixed1024,BURST8,81552,81552,81551,0.2627688127042233,0.2626611149514663,0.00010769775275708531,0.04098574395063831
electricity_transfer,standard,fixed1024,BURST8,81552,81552,81552,0.26235043556423265,0.2624223545349127,-7.19189706799672e-05,-0.027413322385111457
electricity_transfer,standard,fixed1024,FAULT,81551,81551,81551,0.2585535497099341,0.25847611738775894,7.743232217525251e-05,0.029948272712605275
electricity_transfer,standard,fixed1024,FAULT,81551,81551,81552,0.2582650490126612,0.2583176311452664,-5.2582132605221744e-05,-0.020359755532636536
electricity_transfer,standard,fixed1024,FAULT,81551,81552,81551,0.2581090124161494,0.2579246897830145,0.00018432263313487634,0.07141270713852207
electricity_transfer,standard,fixed1024,FAULT,81551,81552,81552,0.25768921264830424,0.2576911506479205,-1.9379996163135845e-06,-0.0007520685854081823
electricity_transfer,standard,fixed1024,FAULT,81552,81551,81551,0.253692698270378,0.25383738510997694,-0.00014468683959886655,-0.05703232319468009
electricity_transfer,standard,fixed1024,FAULT,81552,81551,81552,0.2536101502345047,0.2538536847756028,-0.0002435345410980688,-0.09602712701872566
electricity_transfer,standard,fixed1024,FAULT,81552,81552,81551,0.2533449533304161,0.2534477996417175,-0.00010284631130134014,-0.04059536610038823
electricity_transfer,standard,fixed1024,FAULT,81552,81552,81552,0.25314590408308846,0.25350248011793497,-0.00035657603484638267,-0.14085791201636272
electricity_transfer,standard,fixed1024,POINT16,81551,81551,81551,0.24950477504134358,0.2494017149350667,0.00010306010627683876,0.04130586529246241
electricity_transfer,standard,fixed1024,POINT16,81551,81551,81552,0.24927662191681665,0.24926121800063547,1.540391618112943e-05,0.006179446777913134
electricity_transfer,standard,fixed1024,POINT16,81551,81552,81551,0.24916946599882814,0.24896695862422935,0.0002025073745987886,0.08127294963169404
electricity_transfer,standard,fixed1024,POINT16,81551,81552,81552,0.24889160528542037,0.24880049049151756,9.111479390283691e-05,0.03660822300468897
electricity_transfer,standard,fixed1024,POINT16,81552,81551,81551,0.24530985447697012,0.24554046907956778,-0.00023061460259757045,-0.09400951424852796
electricity_transfer,standard,fixed1024,POINT16,81552,81551,81552,0.24526392898281044,0.24556709481413858,-0.00030316583132818185,-0.1236079975500309
electricity_transfer,standard,fixed1024,POINT16,81552,81552,81551,0.24485476090795827,0.24501633465102185,-0.00016157374306361577,-0.06598758482966638
electricity_transfer,standard,fixed1024,POINT16,81552,81552,81552,0.24480153479397798,0.24521711113812106,-0.00041557634414324815,-0.16976051416221397
electricity_transfer,standard,fixed1024,POINT4,81551,81551,81551,0.24371516595548942,0.24363112736023748,8.403859525210589e-05,0.034482300238736135
electricity_transfer,standard,fixed1024,POINT4,81551,81551,81552,0.2435865134523194,0.24356951042847821,1.7003023841226546e-05,0.006980281297287333
electricity_transfer,standard,fixed1024,POINT4,81551,81552,81551,0.2436343694536587,0.24360628690955327,2.808254410549137e-05,0.011526511702131953
electricity_transfer,standard,fixed1024,POINT4,81551,81552,81552,0.24346836604901773,0.24350853432487843,-4.0168275860867284e-05,-0.016498355212512562
electricity_transfer,standard,fixed1024,POINT4,81552,81551,81551,0.2398563711637412,0.23993485079954552,-7.847963580450128e-05,-0.03271942930835308
electricity_transfer,standard,fixed1024,POINT4,81552,81551,81552,0.23980126876368826,0.2399341528629433,-0.00013288409925495928,-0.05541426029147063
electricity_transfer,standard,fixed1024,POINT4,81552,81552,81551,0.23961177739521977,0.2397084538425686,-9.66764473486956e-05,-0.04034711832600608
electricity_transfer,standard,fixed1024,POINT4,81552,81552,81552,0.23967562426658756,0.2399698594780993,-0.0002942352115115434,-0.12276392829346301
electricity_transfer,standard,fixed1024,POINT8,81551,81551,81551,0.24613736813179357,0.24605490067200841,8.246745978517903e-05,0.033504648404716036
electricity_transfer,standard,fixed1024,POINT8,81551,81551,81552,0.2459737595341049,0.24595789433364967,1.586520045548565e-05,0.006449956485413599
electricity_transfer,standard,fixed1024,POINT8,81551,81552,81551,0.245983083289766,0.2458873611087286,9.572218103730181e-05,0.03891413171878242
electricity_transfer,standard,fixed1024,POINT8,81551,81552,81552,0.2457610246639613,0.24574674355741674,1.4281106544467579e-05,0.005810972901010116
electricity_transfer,standard,fixed1024,POINT8,81552,81551,81551,0.24219115845077308,0.24233467054792343,-0.00014351209715048638,-0.059255712747109286
electricity_transfer,standard,fixed1024,POINT8,81552,81551,81552,0.24211479679073816,0.24230658269009941,-0.00019178589936104796,-0.0792127957081492
electricity_transfer,standard,fixed1024,POINT8,81552,81552,81551,0.2418779342261599,0.24199806098089902,-0.0001201267547391398,-0.04966420567608259
electricity_transfer,standard,fixed1024,POINT8,81552,81552,81552,0.24183242639593894,0.24214378290484737,-0.00031135650890828687,-0.12874886695240775
electricity_transfer,standard,fixed1024,REFERENCE,81551,81551,81551,0.2419340382410044,0.24185805426810916,7.598397289528772e-05,0.03140689646142132
electricity_transfer,standard,fixed1024,REFERENCE,81551,81551,81552,0.2417971717518402,0.2417792805068245,1.7891245015683437e-05,0.0073992780337585875
electricity_transfer,standard,fixed1024,REFERENCE,81551,81552,81551,0.24189001558118908,0.2418260408911794,6.397469000982451e-05,0.026447842361790975
electricity_transfer,standard,fixed1024,REFERENCE,81551,81552,81552,0.24173361428449117,0.24174923014569308,-1.5615861202129214e-05,-0.006459946105696016
electricity_transfer,standard,fixed1024,REFERENCE,81552,81551,81551,0.23839629163919596,0.2384734031585679,-7.711151937181285e-05,-0.03234593912581422
electricity_transfer,standard,fixed1024,REFERENCE,81552,81551,81552,0.23834422958965623,0.23847531199070765,-0.00013108240105136446,-0.05499709444488822
electricity_transfer,standard,fixed1024,REFERENCE,81552,81552,81551,0.2381676239694692,0.23826265226717294,-9.502829770366471e-05,-0.039899754685316265
electricity_transfer,standard,fixed1024,REFERENCE,81552,81552,81552,0.23827638290428618,0.23855999586319507,-0.0002836129589089619,-0.11902688611102809
electricity_transfer,standard,fixed1024,SHIFT4,81551,81551,81551,0.31788593936811893,0.3177333915884093,0.00015254777970976014,0.047988212379883356
electricity_transfer,standard,fixed1024,SHIFT4,81551,81551,81552,0.317819213348018,0.31758487235398253,0.00023434099403549864,0.0737340551462793
electricity_transfer,standard,fixed1024,SHIFT4,81551,81552,81551,0.31863883927515696,0.31908805635214393,-0.0004492170769868553,-0.14098001298546628
electricity_transfer,standard,fixed1024,SHIFT4,81551,81552,81552,0.318115911895976,0.3188437596708939,-0.0007278477749181121,-0.2287995500068285
electricity_transfer,standard,fixed1024,SHIFT4,81552,81551,81551,0.31504894358524377,0.3144851575212375,0.0005637860640062486,0.17895189794651803
electricity_transfer,standard,fixed1024,SHIFT4,81552,81551,81552,0.31456091776529155,0.3140578541056845,0.000503063659606852,0.15992567137097782
electricity_transfer,standard,fixed1024,SHIFT4,81552,81552,81551,0.31568754634792207,0.31573358704917004,-4.604070124791565e-05,-0.014584262756179106
electricity_transfer,standard,fixed1024,SHIFT4,81552,81552,81552,0.31603538693119654,0.3155145238964079,0.0005208630347887874,0.164811618042692
electricity_transfer,standard,fixed1024,SHIFT8,81551,81551,81551,0.360663576342549,0.3606423513591419,2.1224983407169742e-05,0.005884981129064943
electricity_transfer,standard,fixed1024,SHIFT8,81551,81551,81552,0.3573739530204097,0.3571707677818536,0.0002031852385562232,0.05685507766835465
electricity_transfer,standard,fixed1024,SHIFT8,81551,81552,81551,0.3612402424100687,0.36057947415475666,0.0006607682553120987,0.18291656845972742
electricity_transfer,standard,fixed1024,SHIFT8,81551,81552,81552,0.35819482457285595,0.3578492277314234,0.00034559684143241993,0.09648292429812212
electricity_transfer,standard,fixed1024,SHIFT8,81552,81551,81551,0.3736031535857896,0.37218256857854515,0.0014205850072444258,0.38023903000010956
electricity_transfer,standard,fixed1024,SHIFT8,81552,81551,81552,0.36951706337513357,0.367597328916224,0.0019197344589096405,0.5195252531439196
electricity_transfer,standard,fixed1024,SHIFT8,81552,81552,81551,0.3712937255895255,0.3723912625674585,-0.0010975369779326618,-0.29559804065905937
electricity_transfer,standard,fixed1024,SHIFT8,81552,81552,81552,0.37003700678204926,0.3690127420809883,0.0010242647010611393,0.2768006124491295
electricity_transfer,standard,fixed1024,SHIFT_POINT,81551,81551,81551,0.3343680757312072,0.33458751009868193,-0.00021943436747429742,-0.06562659039575805
electricity_transfer,standard,fixed1024,SHIFT_POINT,81551,81551,81552,0.3338535077392137,0.3337544108257081,9.909691350547538e-05,0.029682753425758202
electricity_transfer,standard,fixed1024,SHIFT_POINT,81551,81552,81551,0.33514172716345064,0.3361400590230312,-0.0009983318595804872,-0.2978834859001591
electricity_transfer,standard,fixed1024,SHIFT_POINT,81551,81552,81552,0.33448750384618914,0.3356960668264011,-0.0012085629802120667,-0.3613178269188235
electricity_transfer,standard,fixed1024,SHIFT_POINT,81552,81551,81551,0.33056056402878187,0.32990671410095307,0.0006538499278287524,0.19780034250299192
electricity_transfer,standard,fixed1024,SHIFT_POINT,81552,81551,81552,0.33036413225175865,0.3295869542446186,0.0007771780071402438,0.23524890606102009
electricity_transfer,standard,fixed1024,SHIFT_POINT,81552,81552,81551,0.33125140309254136,0.33111090663876175,0.0001404964537795293,0.042413844128013835
electricity_transfer,standard,fixed1024,SHIFT_POINT,81552,81552,81552,0.3312050298922716,0.3305077151604416,0.0006973147318300879,0.2105386902055497
electricity_transfer,standard,selected,BURST16,81551,81551,81551,0.2900267649792483,0.28993391303733507,9.285194191306027e-05,0.032014956247125644
electricity_transfer,standard,selected,BURST16,81551,81551,81552,0.29104606500089064,0.2913622105885344,-0.00031614558764395204,-0.10862390035851698
electricity_transfer,standard,selected,BURST16,81551,81552,81551,0.2890301189110812,0.288902295319353,0.00012782359172805783,0.04422500748698172
electricity_transfer,standard,selected,BURST16,81551,81552,81552,0.2891998816751676,0.2893122780614722,-0.00011239638630451817,-0.03886460314349748
electricity_transfer,standard,selected,BURST16,81552,81551,81551,0.28221168222762294,0.2824088930185023,-0.00019721079087961133,-0.06988044907387903
electricity_transfer,standard,selected,BURST16,81552,81551,81552,0.2811743120218219,0.2814088274870938,-0.00023451546527177946,-0.08340572208942712
electricity_transfer,standard,selected,BURST16,81552,81552,81551,0.281217252017338,0.2814753309453146,-0.00025807892797657483,-0.09177208230477389
electricity_transfer,standard,selected,BURST16,81552,81552,81552,0.28005041690932775,0.2806710298765393,-0.0006206129672115994,-0.22160758554147625
electricity_transfer,standard,selected,BURST4,81551,81551,81551,0.2532438590270134,0.2531831315456639,6.0727481349574135e-05,0.023979843611171777
electricity_transfer,standard,selected,BURST4,81551,81551,81552,0.252885066455518,0.2529897939493856,-0.00010472749386764187,-0.04141307959996255
electricity_transfer,standard,selected,BURST4,81551,81552,81551,0.2529683329532445,0.2528718224572082,9.651049603613075e-05,0.03815121636349975
electricity_transfer,standard,selected,BURST4,81551,81552,81552,0.25254796375472927,0.25260525142509976,-5.728767037049571e-05,-0.022683877358889586
electricity_transfer,standard,selected,BURST4,81552,81551,81551,0.2502947420290225,0.2503262604362171,-3.151840719451153e-05,-0.012592516702111489
electricity_transfer,standard,selected,BURST4,81552,81551,81552,0.249743230381837,0.24982148997706438,-7.825959522729997e-05,-0.03133602264519741
electricity_transfer,standard,selected,BURST4,81552,81552,81551,0.24974316378362987,0.24968517519195302,5.798859167689663e-05,0.02321929089003463
electricity_transfer,standard,selected,BURST4,81552,81552,81552,0.24934306230855047,0.24961818562738264,-0.0002751233188321115,-0.11033927163838998
electricity_transfer,standard,selected,BURST8,81551,81551,81551,0.2668069481144237,0.26666456373960423,0.00014238437481940984,0.05336606704797898
electricity_transfer,standard,selected,BURST8,81551,81551,81552,0.2668222677163174,0.2667651595709149,5.710814540242637e-05,0.021403065752796595
electricity_transfer,standard,selected,BURST8,81551,81552,81551,0.26646435258072537,0.26626698563369483,0.0001973669470304775,0.07406879949192649
electricity_transfer,standard,selected,BURST8,81551,81552,81552,0.266266434461529,0.26617360602713835,9.282843439069495e-05,0.03486298773573246
electricity_transfer,standard,selected,BURST8,81552,81551,81551,0.263200780768429,0.2632712693103459,-7.048854191676478e-05,-0.026781281465415734
electricity_transfer,standard,selected,BURST8,81552,81551,81552,0.2627375036518927,0.26279413383994976,-5.663018805695391e-05,-0.02155390352341348
electricity_transfer,standard,selected,BURST8,81552,81552,81551,0.26280832563130685,0.26275600122095794,5.232441034890641e-05,0.019909723264365756
electricity_transfer,standard,selected,BURST8,81552,81552,81552,0.26220827207216385,0.2623571639017117,-0.00014889182954781668,-0.05678380333738643
electricity_transfer,standard,selected,FAULT,81551,81551,81551,0.2582100309458723,0.2581277463982321,8.22845476400832e-05,0.031867293202614666
electricity_transfer,standard,selected,FAULT,81551,81551,81552,0.2582650490126612,0.2583176311452664,-5.2582132605221744e-05,-0.020359755532636536
electricity_transfer,standard,selected,FAULT,81551,81552,81551,0.25785805369471504,0.2577511320342126,0.00010692166050248761,0.041465317437428185
electricity_transfer,standard,selected,FAULT,81551,81552,81552,0.25768921264830424,0.2576911506479205,-1.9379996163135845e-06,-0.0007520685854081823
electricity_transfer,standard,selected,FAULT,81552,81551,81551,0.2540749832236598,0.2541786809215287,-0.00010369769786882873,-0.04081381667456202
electricity_transfer,standard,selected,FAULT,81552,81551,81552,0.2535341433784022,0.25363794904513753,-0.00010380566673519982,-0.04094346637181283
electricity_transfer,standard,selected,FAULT,81552,81552,81551,0.2534987053110323,0.25355492712560057,-5.622181456837257e-05,-0.022178343869405863
electricity_transfer,standard,selected,FAULT,81552,81552,81552,0.25302742287099594,0.253326539975278,-0.0002991171042821179,-0.11821529101002637
electricity_transfer,standard,selected,POINT16,81551,81551,81551,0.24931892716713072,0.24924667998789363,7.224717923681409e-05,0.028977815706860977
electricity_transfer,standard,selected,POINT16,81551,81551,81552,0.24927662191681665,0.24926121800063547,1.540391618112943e-05,0.006179446777913134
electricity_transfer,standard,selected,POINT16,81551,81552,81551,0.2490739552848201,0.24897140228130138,0.00010255300351867452,0.041173716216696965
electricity_transfer,standard,selected,POINT16,81551,81552,81552,0.24889160528542037,0.24880049049151756,9.111479390283691e-05,0.03660822300468897
electricity_transfer,standard,selected,POINT16,81552,81551,81551,0.24558114314126658,0.2457477139528351,-0.00016657081156853134,-0.06782719936795562
electricity_transfer,standard,selected,POINT16,81552,81551,81552,0.2451660841573671,0.24529575040010737,-0.00012966624274023879,-0.05288914377610595
electricity_transfer,standard,selected,POINT16,81552,81552,81551,0.24505032204304728,0.2451050120236629,-5.468998061558192e-05,-0.022317857066914887
electricity_transfer,standard,selected,POINT16,81552,81552,81552,0.2447769502763997,0.24501255015757678,-0.0002355998811771399,-0.0962508442527382
electricity_transfer,standard,selected,POINT4,81551,81551,81551,0.24373090113775245,0.24366664242811167,6.425870964083132e-05,0.026364613325953863
electricity_transfer,standard,selected,POINT4,81551,81551,81552,0.2435865134523194,0.24356951042847821,1.7003023841226546e-05,0.006980281297287333
electricity_transfer,standard,selected,POINT4,81551,81552,81551,0.24363188124276886,0.24358418650544245,4.7694737326418706e-05,0.01957655832361813
electricity_transfer,standard,selected,POINT4,81551,81552,81552,0.24346836604901773,0.24350853432487843,-4.0168275860867284e-05,-0.016498355212512562
electricity_transfer,standard,selected,POINT4,81552,81551,81551,0.24043104852181918,0.2404847808865334,-5.373236471410215e-05,-0.0223483468730229
electricity_transfer,standard,selected,POINT4,81552,81551,81552,0.2400746306425235,0.24010979310899086,-3.5162466467513094e-05,-0.014646473212686431
electricity_transfer,standard,selected,POINT4,81552,81552,81551,0.23997210146637998,0.24003620435993442,-6.410289355439532e-05,-0.02671264416266993
electricity_transfer,standard,selected,POINT4,81552,81552,81552,0.2398359964525645,0.24010315102521965,-0.00026715457265505155,-0.11139052377731389
electricity_transfer,standard,selected,POINT8,81551,81551,81551,0.24613278524966517,0.24607154765078426,6.123759888081756e-05,0.02487990326794584
electricity_transfer,standard,selected,POINT8,81551,81551,81552,0.2459737595341049,0.24595789433364967,1.586520045548565e-05,0.006449956485413599
electricity_transfer,standard,selected,POINT8,81551,81552,81551,0.2459796811956505,0.2459101000082753,6.958118737517092e-05,0.028287371963795063
electricity_transfer,standard,selected,POINT8,81551,81552,81552,0.2457610246639613,0.24574674355741674,1.4281106544467579e-05,0.005810972901010116
electricity_transfer,standard,selected,POINT8,81552,81551,81551,0.2427305026537982,0.2428331679247375,-0.00010266527093944909,-0.042295990745703095
electricity_transfer,standard,selected,POINT8,81552,81551,81552,0.2423090994149706,0.24239769945761805,-8.860004264740632e-05,-0.03656488462931092
electricity_transfer,standard,selected,POINT8,81552,81552,81551,0.2422010669244921,0.24227183901178168,-7.077208728947771e-05,-0.029220386263426913
electricity_transfer,standard,selected,POINT8,81552,81552,81552,0.2419498392069693,0.24219715926323823,-0.00024732005626901276,-0.10221955802063983
electricity_transfer,standard,selected,REFERENCE,81551,81551,81551,0.24194120200666783,0.24185982864283448,8.137336383353213e-05,0.03363352879072226
electricity_transfer,standard,selected,REFERENCE,81551,81551,81552,0.2417971717518402,0.2417792805068245,1.7891245015683437e-05,0.0073992780337585875
electricity_transfer,standard,selected,REFERENCE,81551,81552,81551,0.24187774272318582,0.24179154854668608,8.619417649968265e-05,0.03563543116008262
electricity_transfer,standard,selected,REFERENCE,81551,81552,81552,0.24173361428449117,0.24174923014569308,-1.5615861202129214e-05,-0.006459946105696016
electricity_transfer,standard,selected,REFERENCE,81552,81551,81551,0.23896147123374678,0.23901341789207667,-5.194665832989405e-05,-0.021738507911629398
electricity_transfer,standard,selected,REFERENCE,81552,81551,81552,0.23861305267119567,0.23865991353254626,-4.6860861350493015e-05,-0.019638850777818264
electricity_transfer,standard,selected,REFERENCE,81552,81552,81551,0.23851509713045035,0.2385604146463565,-4.5317515906189093e-05,-0.01899985219023839
electricity_transfer,standard,selected,REFERENCE,81552,81552,81552,0.23842922966221525,0.23868630463163948,-0.00025707496942418864,-0.10782024074329687
electricity_transfer,standard,selected,SHIFT4,81551,81551,81551,0.3204009455499169,0.32045840554791,-5.745999799311257e-05,-0.01793377915739034
electricity_transfer,standard,selected,SHIFT4,81551,81551,81552,0.317819213348018,0.31758487235398253,0.00023434099403549864,0.0737340551462793
electricity_transfer,standard,selected,SHIFT4,81551,81552,81551,0.32069161155247505,0.3211921942148799,-0.000500582662404881,-0.1560947166598931
electricity_transfer,standard,selected,SHIFT4,81551,81552,81552,0.318115911895976,0.3188437596708939,-0.0007278477749181121,-0.2287995500068285
electricity_transfer,standard,selected,SHIFT4,81552,81551,81551,0.3179368198512281,0.3170498286754303,0.0008869911757977183,0.27898347105968013
electricity_transfer,standard,selected,SHIFT4,81552,81551,81552,0.3168331386024113,0.31612339754274005,0.0007097410596711776,0.22401099291631232
electricity_transfer,standard,selected,SHIFT4,81552,81552,81551,0.3187194711234992,0.31816315024458364,0.0005563208789154915,0.1745487581773519
electricity_transfer,standard,selected,SHIFT4,81552,81552,81552,0.31886988542218564,0.317738179646866,0.001131705775319527,0.3549114629690232
electricity_transfer,standard,selected,SHIFT8,81551,81551,81551,0.3614015941602767,0.36070907067080343,0.000692523489473024,0.1916215923402649
electricity_transfer,standard,selected,SHIFT8,81551,81551,81552,0.3573739530204097,0.3571707677818536,0.0002031852385562232,0.05685507766835465
electricity_transfer,standard,selected,SHIFT8,81551,81552,81551,0.36182374621475016,0.36081561169528414,0.001008134519465889,0.27862585858793787
electricity_transfer,standard,selected,SHIFT8,81551,81552,81552,0.35819482457285595,0.3578492277314234,0.00034559684143241993,0.09648292429812212
electricity_transfer,standard,selected,SHIFT8,81552,81551,81551,0.3687589621312665,0.3658934696359089,0.0028654924953575834,0.7770638247803612
electricity_transfer,standard,selected,SHIFT8,81552,81551,81552,0.3666708346458845,0.3635426818175527,0.0031281528283319702,0.8531228919128544
electricity_transfer,standard,selected,SHIFT8,81552,81552,81551,0.36867171879525157,0.36795718526188126,0.0007145335333703295,0.19381294982573874
electricity_transfer,standard,selected,SHIFT8,81552,81552,81552,0.36767522831201377,0.3653702045829994,0.002305023729014137,0.62691841917021
electricity_transfer,standard,selected,SHIFT_POINT,81551,81551,81551,0.33601449991044335,0.33585635955350984,0.00015814035693329388,0.0470635514168116
electricity_transfer,standard,selected,SHIFT_POINT,81551,81551,81552,0.3338535077392137,0.3337544108257081,9.909691350547538e-05,0.029682753425758202
electricity_transfer,standard,selected,SHIFT_POINT,81551,81552,81551,0.3366063262621495,0.3369243773787916,-0.0003180511166421605,-0.09448756360997859
electricity_transfer,standard,selected,SHIFT_POINT,81551,81552,81552,0.33448750384618914,0.3356960668264011,-0.0012085629802120667,-0.3613178269188235
electricity_transfer,standard,selected,SHIFT_POINT,81552,81551,81551,0.33351135272941107,0.33257899469921814,0.000932358030192818,0.2795581087607747
electricity_transfer,standard,selected,SHIFT_POINT,81552,81551,81552,0.3325118796566433,0.3316008688157517,0.0009110108408915908,0.27397843404341343
electricity_transfer,standard,selected,SHIFT_POINT,81552,81552,81551,0.33422743595172755,0.33346809973016844,0.0007593362215591122,0.22719146900578896
electricity_transfer,standard,selected,SHIFT_POINT,81552,81552,81552,0.3341265415484769,0.3327340592313927,0.0013924823170842497,0.416752979464285
ettm1,shape,fixed1024,PAIRED_SHIFT8_D32,81551,81551,81551,0.5336454163956313,0.5346842248226276,-0.0010388084269960973,-0.19466267208148394
ettm1,shape,fixed1024,PAIRED_SHIFT8_D32,81551,81551,81552,0.533159666568655,0.5339058208685639,-0.0007461542999090253,-0.13994950231535247
ettm1,shape,fixed1024,PAIRED_SHIFT8_D32,81551,81552,81551,0.5355517049795131,0.5383708047984831,-0.0028190998189699078,-0.5263917176918985
ettm1,shape,fixed1024,PAIRED_SHIFT8_D32,81551,81552,81552,0.5345674229413597,0.5367402567879899,-0.0021728338466301704,-0.4064658176651597
ettm1,shape,fixed1024,PAIRED_SHIFT8_D32,81552,81551,81551,0.5522328899311663,0.5529815395553757,-0.0007486496242094598,-0.13556773561653965
ettm1,shape,fixed1024,PAIRED_SHIFT8_D32,81552,81551,81552,0.5511348814481473,0.5523117579697033,-0.0011768765215564173,-0.2135369328219778
ettm1,shape,fixed1024,PAIRED_SHIFT8_D32,81552,81552,81551,0.5533720206957519,0.5539820557190113,-0.0006100350232595125,-0.1102395857478516
ettm1,shape,fixed1024,PAIRED_SHIFT8_D32,81552,81552,81552,0.5527612954339932,0.5537087245960989,-0.0009474291621056992,-0.17139933094661372
ettm1,shape,fixed1024,PULSE8_D32,81551,81551,81551,6.488482367112884,6.485285029694535,0.00319733741834842,0.049277122714461614
ettm1,shape,fixed1024,PULSE8_D32,81551,81551,81552,6.494734444664533,6.492827412457373,0.0019070322071620058,0.02936274336402846
ettm1,shape,fixed1024,PULSE8_D32,81551,81552,81551,6.477019879796935,6.469609075364116,0.007410804432819364,0.11441688570286901
ettm1,shape,fixed1024,PULSE8_D32,81551,81552,81552,6.482197606978121,6.474734876136129,0.007462730841991352,0.11512655575259972
ettm1,shape,fixed1024,PULSE8_D32,81552,81551,81551,6.423895621521505,6.422082450665783,0.001813170855723259,0.028225409666507127
ettm1,shape,fixed1024,PULSE8_D32,81552,81551,81552,6.429883547086839,6.426173759885263,0.0037097872015768724,0.057696024732168755
ettm1,shape,fixed1024,PULSE8_D32,81552,81552,81551,6.422651059807383,6.419463865521142,0.0031871942862375102,0.0496242790797527
ettm1,shape,fixed1024,PULSE8_D32,81552,81552,81552,6.425086954972568,6.420788582215083,0.004298372757484958,0.06689983789493026
ettm1,shape,fixed1024,RAMP8_D32,81551,81551,81551,0.9972272867300549,0.9961852921708626,0.001041994559192118,0.1044891744397465
ettm1,shape,fixed1024,RAMP8_D32,81551,81551,81552,0.9975565980033473,0.9958896004525088,0.0016669975508384989,0.1671080672690719
ettm1,shape,fixed1024,RAMP8_D32,81551,81552,81551,0.9920556549396896,0.9930386522409099,-0.0009829973012202833,-0.09908691073184227
ettm1,shape,fixed1024,RAMP8_D32,81551,81552,81552,0.9956847646825168,0.9980302397116797,-0.0023454750291628983,-0.23556401708233174
ettm1,shape,fixed1024,RAMP8_D32,81552,81551,81551,1.0128820870997377,1.012877498657071,4.588442666616718e-06,0.00045300857079575324
ettm1,shape,fixed1024,RAMP8_D32,81552,81551,81552,1.0132723617005766,1.01483145321525,-0.001559091514674012,-0.15386697334341443
ettm1,shape,fixed1024,RAMP8_D32,81552,81552,81551,1.010874307852,1.009590680408072,0.0012836274439280938,0.1269819040762511
ettm1,shape,fixed1024,RAMP8_D32,81552,81552,81552,1.010877014305605,1.0119006510379347,-0.0010236367323295135,-0.10126224237403138
ettm1,shape,fixed1024,STEP12_D17,81551,81551,81551,0.7815433345916583,0.7849061225530177,-0.0033627879613596806,-0.4302753043267491
ettm1,shape,fixed1024,STEP12_D17,81551,81551,81552,0.7740307015285958,0.7767462115992454,-0.0027155100706494546,-0.3508271784680795
ettm1,shape,fixed1024,STEP12_D17,81551,81552,81551,0.7978500091155218,0.8013972335216608,-0.003547224406138904,-0.44459790256457793
ettm1,shape,fixed1024,STEP12_D17,81551,81552,81552,0.7941799648099566,0.7983740672797238,-0.0041941024697677,-0.5281047943297498
ettm1,shape,fixed1024,STEP12_D17,81552,81551,81551,0.8681086677412032,0.8670330892515442,0.0010755784896592409,0.12389906121521271
ettm1,shape,fixed1024,STEP12_D17,81552,81551,81552,0.856475495831643,0.8587384822922904,-0.002262986460647497,-0.2642208062765559
ettm1,shape,fixed1024,STEP12_D17,81552,81552,81551,0.8775000948116857,0.8735404638482299,0.003959630963455351,0.45123994708001713
ettm1,shape,fixed1024,STEP12_D17,81552,81552,81552,0.8672955940991759,0.8703005154601083,-0.0030049213609322826,-0.3464702670435413
ettm1,shape,fixed1024,STEP12_D63,81551,81551,81551,0.6450330892287712,0.6447090156230565,0.0003240736057148947,0.050241392438079534
ettm1,shape,fixed1024,STEP12_D63,81551,81551,81552,0.6461404386709791,0.6461062600963766,3.417857460236975e-05,0.005289651066054667
ettm1,shape,fixed1024,STEP12_D63,81551,81552,81551,0.6434147740020565,0.6414883692022888,0.0019264047997675235,0.29940325861422734
ettm1,shape,fixed1024,STEP12_D63,81551,81552,81552,0.6470990691703832,0.6459044746410705,0.0011945945293126946,0.18460767233744144
ettm1,shape,fixed1024,STEP12_D63,81552,81551,81551,0.6582339271264663,0.6569349380422784,0.0012989890841878624,0.19734459599471357
ettm1,shape,fixed1024,STEP12_D63,81552,81551,81552,0.6581739429224681,0.6561409986016776,0.002032944320790194,0.3088764516813562
ettm1,shape,fixed1024,STEP12_D63,81552,81552,81551,0.6626064875032686,0.6593924844889656,0.0032140030143027482,0.485054564801087
ettm1,shape,fixed1024,STEP12_D63,81552,81552,81552,0.6625754309211697,0.6590947592627524,0.0034806716584167524,0.5253245888664513
ettm1,shape,fixed1024,STEP6_D17,81551,81551,81551,0.620559883295087,0.6211315814686154,-0.0005716981735277467,-0.09212618941658113
ettm1,shape,fixed1024,STEP6_D17,81551,81551,81552,0.6201848446034227,0.6204576931931063,-0.00027284858968331435,-0.043994720615558966
ettm1,shape,fixed1024,STEP6_D17,81551,81552,81551,0.6207553136807025,0.6219727330950836,-0.0012174194143812936,-0.1961190484480487
ettm1,shape,fixed1024,STEP6_D17,81551,81552,81552,0.6197156200312385,0.6205484649198759,-0.0008328448886372837,-0.1343914630706423
ettm1,shape,fixed1024,STEP6_D17,81552,81551,81551,0.6364996004053758,0.6367236794898897,-0.00022407908451413253,-0.035204905764500145
ettm1,shape,fixed1024,STEP6_D17,81552,81551,81552,0.6342907015832586,0.6355361537543264,-0.0012454521710677903,-0.19635352811557952
ettm1,shape,fixed1024,STEP6_D17,81552,81552,81551,0.6366403878541017,0.636331773264838,0.00030861458926353296,0.04847549655210657
ettm1,shape,fixed1024,STEP6_D17,81552,81552,81552,0.6341777593653729,0.6353309756228654,-0.0011532162574924322,-0.18184432368717338
ettm1,shape,fixed1024,STEP6_D63,81551,81551,81551,0.5506227955487902,0.5504731296361163,0.00014966591267366602,0.02718120533395248
ettm1,shape,fixed1024,STEP6_D63,81551,81551,81552,0.5511666914493736,0.5512121664854316,-4.547503605814747e-05,-0.008250686546127125
ettm1,shape,fixed1024,STEP6_D63,81551,81552,81551,0.5496413965893904,0.54888747182569,0.0007539247637005121,0.13716666327877258
ettm1,shape,fixed1024,STEP6_D63,81551,81552,81552,0.5506880247997098,0.550149023313112,0.0005390014865980725,0.09787782961035192
ettm1,shape,fixed1024,STEP6_D63,81552,81551,81551,0.5549747916612003,0.5540262961457215,0.0009484955154789722,0.17090785558743132
ettm1,shape,fixed1024,STEP6_D63,81552,81551,81552,0.5553548742779832,0.5541072573353386,0.0012476169426448055,0.22465219995895994
ettm1,shape,fixed1024,STEP6_D63,81552,81552,81551,0.5561444485849333,0.5542452996995042,0.0018991488854288004,0.34148482291984367
ettm1,shape,fixed1024,STEP6_D63,81552,81552,81552,0.556250706692629,0.5542140780734389,0.0020366286191901128,0.36613501694219075
ettm1,shape,fixed1024,STEP8_D31,81551,81551,81551,0.529218601725705,0.5302614339838452,-0.0010428322581402393,-0.19705132335479417
ettm1,shape,fixed1024,STEP8_D31,81551,81551,81552,0.5287570873790282,0.5295870973770735,-0.0008300099980452741,-0.15697378207439502
ettm1,shape,fixed1024,STEP8_D31,81551,81552,81551,0.5311640930137111,0.5340877766240885,-0.002923683610377332,-0.5504294527495219
ettm1,shape,fixed1024,STEP8_D31,81551,81552,81552,0.5298613259294689,0.5321463112005819,-0.0022849852711128603,-0.43124213059041416
ettm1,shape,fixed1024,STEP8_D31,81552,81551,81551,0.5399712316020537,0.5407223775917158,-0.0007511459896622249,-0.13910852017683084
ettm1,shape,fixed1024,STEP8_D31,81552,81551,81552,0.5391058088805624,0.5399211360323449,-0.0008153271517824909,-0.15123694427917483
ettm1,shape,fixed1024,STEP8_D31,81552,81552,81551,0.5410759468469329,0.5417684554670242,-0.0006925086200910082,-0.12798732306001298
ettm1,shape,fixed1024,STEP8_D31,81552,81552,81552,0.5407800661969017,0.5414198918061189,-0.0006398256092174466,-0.1183153095337064
ettm1,shape,fixed1024,STEP8_D33,81551,81551,81551,0.5434466247152411,0.5439485053347763,-0.0005018806195353663,-0.09235140981846104
ettm1,shape,fixed1024,STEP8_D33,81551,81551,81552,0.5419720749151143,0.5419312376219212,4.083729319314094e-05,0.007534944157323423
ettm1,shape,fixed1024,STEP8_D33,81551,81552,81551,0.5483155499411669,0.5508609944235118,-0.0025454444823449812,-0.4642298549837045
ettm1,shape,fixed1024,STEP8_D33,81551,81552,81552,0.5475371342248034,0.5494044887983736,-0.00186735457357034,-0.3410461970244481
ettm1,shape,fixed1024,STEP8_D33,81552,81551,81551,0.5557784113445877,0.5564240831882862,-0.000645671843698199,-0.11617432964625833
ettm1,shape,fixed1024,STEP8_D33,81552,81551,81552,0.5540439517472469,0.5549784863159518,-0.0009345345687051341,-0.16867516841542307
ettm1,shape,fixed1024,STEP8_D33,81552,81552,81551,0.5573410612715257,0.5584872535120045,-0.0011461922404786278,-0.2056536509016021
ettm1,shape,fixed1024,STEP8_D33,81552,81552,81552,0.5569112328750505,0.5581587706277147,-0.0012475377526642677,-0.2240101615878463
ettm1,shape,selected,PAIRED_SHIFT8_D32,81551,81551,81551,0.5321689177080869,0.5321689177080869,0.0,0.0
ettm1,shape,selected,PAIRED_SHIFT8_D32,81551,81551,81552,0.5321689177080869,0.5321689177080869,0.0,0.0
ettm1,shape,selected,PAIRED_SHIFT8_D32,81551,81552,81551,0.5321689177080869,0.5321689177080869,0.0,0.0
ettm1,shape,selected,PAIRED_SHIFT8_D32,81551,81552,81552,0.5321689177080869,0.5321689177080869,0.0,0.0
ettm1,shape,selected,PAIRED_SHIFT8_D32,81552,81551,81551,0.5522328899311663,0.5529815395553757,-0.0007486496242094598,-0.13556773561653965
ettm1,shape,selected,PAIRED_SHIFT8_D32,81552,81551,81552,0.5511348814481473,0.5523117579697033,-0.0011768765215564173,-0.2135369328219778
ettm1,shape,selected,PAIRED_SHIFT8_D32,81552,81552,81551,0.5459552259605741,0.5459552259605741,0.0,0.0
ettm1,shape,selected,PAIRED_SHIFT8_D32,81552,81552,81552,0.5527612954339932,0.5459552259605741,0.006806069473418966,1.231285462574812
ettm1,shape,selected,PULSE8_D32,81551,81551,81551,6.5723311638618735,6.5723311638618735,0.0,0.0
ettm1,shape,selected,PULSE8_D32,81551,81551,81552,6.5723311638618735,6.5723311638618735,0.0,0.0
ettm1,shape,selected,PULSE8_D32,81551,81552,81551,6.5723311638618735,6.5723311638618735,0.0,0.0
ettm1,shape,selected,PULSE8_D32,81551,81552,81552,6.5723311638618735,6.5723311638618735,0.0,0.0
ettm1,shape,selected,PULSE8_D32,81552,81551,81551,6.423895621521505,6.422082450665783,0.001813170855723259,0.028225409666507127
ettm1,shape,selected,PULSE8_D32,81552,81551,81552,6.429883547086839,6.426173759885263,0.0037097872015768724,0.057696024732168755
ettm1,shape,selected,PULSE8_D32,81552,81552,81551,6.467736412184302,6.467736412184302,0.0,0.0
ettm1,shape,selected,PULSE8_D32,81552,81552,81552,6.425086954972568,6.467736412184302,-0.04264945721173368,-0.6637957977942381
ettm1,shape,selected,RAMP8_D32,81551,81551,81551,0.9893353330054806,0.9893353330054806,0.0,0.0
ettm1,shape,selected,RAMP8_D32,81551,81551,81552,0.9893353330054806,0.9893353330054806,0.0,0.0
ettm1,shape,selected,RAMP8_D32,81551,81552,81551,0.9893353330054806,0.9893353330054806,0.0,0.0
ettm1,shape,selected,RAMP8_D32,81551,81552,81552,0.9893353330054806,0.9893353330054806,0.0,0.0
ettm1,shape,selected,RAMP8_D32,81552,81551,81551,1.0128820870997377,1.012877498657071,4.588442666616718e-06,0.00045300857079575324
ettm1,shape,selected,RAMP8_D32,81552,81551,81552,1.0132723617005766,1.01483145321525,-0.001559091514674012,-0.15386697334341443
ettm1,shape,selected,RAMP8_D32,81552,81552,81551,1.0020228647536351,1.0020228647536351,0.0,0.0
ettm1,shape,selected,RAMP8_D32,81552,81552,81552,1.010877014305605,1.0020228647536351,0.008854149551970059,0.8758879098712301
ettm1,shape,selected,STEP12_D17,81551,81551,81551,0.7638054275610128,0.7638054275610128,0.0,0.0
ettm1,shape,selected,STEP12_D17,81551,81551,81552,0.7638054275610128,0.7638054275610128,0.0,0.0
ettm1,shape,selected,STEP12_D17,81551,81552,81551,0.7638054275610128,0.7638054275610128,0.0,0.0
ettm1,shape,selected,STEP12_D17,81551,81552,81552,0.7638054275610128,0.7638054275610128,0.0,0.0
ettm1,shape,selected,STEP12_D17,81552,81551,81551,0.8681086677412032,0.8670330892515442,0.0010755784896592409,0.12389906121521271
ettm1,shape,selected,STEP12_D17,81552,81551,81552,0.856475495831643,0.8587384822922904,-0.002262986460647497,-0.2642208062765559
ettm1,shape,selected,STEP12_D17,81552,81552,81551,0.8415371166060615,0.8415371166060615,0.0,0.0
ettm1,shape,selected,STEP12_D17,81552,81552,81552,0.8672955940991759,0.8415371166060615,0.02575847749311425,2.9699767493767237
ettm1,shape,selected,STEP12_D63,81551,81551,81551,0.7292794219781765,0.7292794219781765,0.0,0.0
ettm1,shape,selected,STEP12_D63,81551,81551,81552,0.7292794219781765,0.7292794219781765,0.0,0.0
ettm1,shape,selected,STEP12_D63,81551,81552,81551,0.7292794219781765,0.7292794219781765,0.0,0.0
ettm1,shape,selected,STEP12_D63,81551,81552,81552,0.7292794219781765,0.7292794219781765,0.0,0.0
ettm1,shape,selected,STEP12_D63,81552,81551,81551,0.6582339271264663,0.6569349380422784,0.0012989890841878624,0.19734459599471357
ettm1,shape,selected,STEP12_D63,81552,81551,81552,0.6581739429224681,0.6561409986016776,0.002032944320790194,0.3088764516813562
ettm1,shape,selected,STEP12_D63,81552,81552,81551,0.6946544613309712,0.6946544613309712,0.0,0.0
ettm1,shape,selected,STEP12_D63,81552,81552,81552,0.6625754309211697,0.6946544613309712,-0.03207903040980153,-4.841566546650014
ettm1,shape,selected,STEP6_D17,81551,81551,81551,0.619738470264808,0.619738470264808,0.0,0.0
ettm1,shape,selected,STEP6_D17,81551,81551,81552,0.619738470264808,0.619738470264808,0.0,0.0
ettm1,shape,selected,STEP6_D17,81551,81552,81551,0.619738470264808,0.619738470264808,0.0,0.0
ettm1,shape,selected,STEP6_D17,81551,81552,81552,0.619738470264808,0.619738470264808,0.0,0.0
ettm1,shape,selected,STEP6_D17,81552,81551,81551,0.6364996004053758,0.6367236794898897,-0.00022407908451413253,-0.035204905764500145
ettm1,shape,selected,STEP6_D17,81552,81551,81552,0.6342907015832586,0.6355361537543264,-0.0012454521710677903,-0.19635352811557952
ettm1,shape,selected,STEP6_D17,81552,81552,81551,0.6272455627657985,0.6272455627657985,0.0,0.0
ettm1,shape,selected,STEP6_D17,81552,81552,81552,0.6341777593653729,0.6272455627657985,0.006932196599574623,1.0930999230423553
ettm1,shape,selected,STEP6_D63,81551,81551,81551,0.5819535743338906,0.5819535743338906,0.0,0.0
ettm1,shape,selected,STEP6_D63,81551,81551,81552,0.5819535743338906,0.5819535743338906,0.0,0.0
ettm1,shape,selected,STEP6_D63,81551,81552,81551,0.5819535743338906,0.5819535743338906,0.0,0.0
ettm1,shape,selected,STEP6_D63,81551,81552,81552,0.5819535743338906,0.5819535743338906,0.0,0.0
ettm1,shape,selected,STEP6_D63,81552,81551,81551,0.5549747916612003,0.5540262961457215,0.0009484955154789722,0.17090785558743132
ettm1,shape,selected,STEP6_D63,81552,81551,81552,0.5553548742779832,0.5541072573353386,0.0012476169426448055,0.22465219995895994
ettm1,shape,selected,STEP6_D63,81552,81552,81551,0.571421782491647,0.571421782491647,0.0,0.0
ettm1,shape,selected,STEP6_D63,81552,81552,81552,0.556250706692629,0.571421782491647,-0.015171075799018042,-2.7273809482818723
ettm1,shape,selected,STEP8_D31,81551,81551,81551,0.5341098169992387,0.5341098169992387,0.0,0.0
ettm1,shape,selected,STEP8_D31,81551,81551,81552,0.5341098169992387,0.5341098169992387,0.0,0.0
ettm1,shape,selected,STEP8_D31,81551,81552,81551,0.5341098169992387,0.5341098169992387,0.0,0.0
ettm1,shape,selected,STEP8_D31,81551,81552,81552,0.5341098169992387,0.5341098169992387,0.0,0.0
ettm1,shape,selected,STEP8_D31,81552,81551,81551,0.5399712316020537,0.5407223775917158,-0.0007511459896622249,-0.13910852017683084
ettm1,shape,selected,STEP8_D31,81552,81551,81552,0.5391058088805624,0.5399211360323449,-0.0008153271517824909,-0.15123694427917483
ettm1,shape,selected,STEP8_D31,81552,81552,81551,0.5380446180972784,0.5380446180972784,0.0,0.0
ettm1,shape,selected,STEP8_D31,81552,81552,81552,0.5407800661969017,0.5380446180972784,0.0027354480996231397,0.5058337521315264
ettm1,shape,selected,STEP8_D33,81551,81551,81551,0.5421562932719506,0.5421562932719506,0.0,0.0
ettm1,shape,selected,STEP8_D33,81551,81551,81552,0.5421562932719506,0.5421562932719506,0.0,0.0
ettm1,shape,selected,STEP8_D33,81551,81552,81551,0.5421562932719506,0.5421562932719506,0.0,0.0
ettm1,shape,selected,STEP8_D33,81551,81552,81552,0.5421562932719506,0.5421562932719506,0.0,0.0
ettm1,shape,selected,STEP8_D33,81552,81551,81551,0.5557784113445877,0.5564240831882862,-0.000645671843698199,-0.11617432964625833
ettm1,shape,selected,STEP8_D33,81552,81551,81552,0.5540439517472469,0.5549784863159518,-0.0009345345687051341,-0.16867516841542307
ettm1,shape,selected,STEP8_D33,81552,81552,81551,0.5501442339268097,0.5501442339268097,0.0,0.0
ettm1,shape,selected,STEP8_D33,81552,81552,81552,0.5569112328750505,0.5501442339268097,0.006766998948240599,1.2150947132644483
ettm1,standard,fixed1024,BURST16,81551,81551,81551,0.4623236183009059,0.46254574430717116,-0.00022212600626543013,-0.04804556753595448
ettm1,standard,fixed1024,BURST16,81551,81551,81552,0.4624234183175727,0.4625206373849238,-9.721906735121754e-05,-0.02102382005325942
ettm1,standard,fixed1024,BURST16,81551,81552,81551,0.4609772295779611,0.4616569596975243,-0.0006797301195635301,-0.14745416388263777
ettm1,standard,fixed1024,BURST16,81551,81552,81552,0.46073546236690344,0.4610639322810928,-0.00032846991418933487,-0.07129251837961631
ettm1,standard,fixed1024,BURST16,81552,81551,81551,0.4733577138189085,0.47391583168059176,-0.0005581178616833884,-0.117906151181241
ettm1,standard,fixed1024,BURST16,81552,81551,81552,0.4732644001547445,0.47358614176437025,-0.0003217416096254384,-0.06798348016885228
ettm1,standard,fixed1024,BURST16,81552,81552,81551,0.4725760074491208,0.47321974986940174,-0.0006437424202809644,-0.13621986942497752
ettm1,standard,fixed1024,BURST16,81552,81552,81552,0.47243353376832065,0.4727316879614123,-0.0002981541930920514,-0.0631102942066481
ettm1,standard,fixed1024,BURST4,81551,81551,81551,0.41687917474457203,0.41674361109117725,0.00013556365339466726,0.03251869165153887
ettm1,standard,fixed1024,BURST4,81551,81551,81552,0.4169787815095004,0.41690210327758453,7.667823191581224e-05,0.018389000907487473
ettm1,standard,fixed1024,BURST4,81551,81552,81551,0.4159770369721404,0.4159402145733746,3.682239876557551e-05,0.00885202679301782
ettm1,standard,fixed1024,BURST4,81551,81552,81552,0.41628802682156024,0.41610550323727474,0.00018252358428525958,0.04384550420026791
ettm1,standard,fixed1024,BURST4,81552,81551,81551,0.4225797321841356,0.42259589219069826,-1.6160006562904172e-05,-0.003824131952419948
ettm1,standard,fixed1024,BURST4,81552,81551,81552,0.42273551459564623,0.4226590899144489,7.642468119724419e-05,0.01807860436574526
ettm1,standard,fixed1024,BURST4,81552,81552,81551,0.4224524885455955,0.4223779140940611,7.457445153453003e-05,0.017652742866132075
ettm1,standard,fixed1024,BURST4,81552,81552,81552,0.42249090136030215,0.42242953595375965,6.136540654254103e-05,0.01452466937038446
ettm1,standard,fixed1024,BURST8,81551,81551,81551,0.4203172871037267,0.4200830687057381,0.0002342183979882704,0.05572418864857908
ettm1,standard,fixed1024,BURST8,81551,81551,81552,0.42025294195492685,0.4200582357659802,0.00019470618894678162,0.0463307140792519
ettm1,standard,fixed1024,BURST8,81551,81552,81551,0.4194629538998817,0.41933730474481984,0.0001256491550619787,0.029954768089476835
ettm1,standard,fixed1024,BURST8,81551,81552,81552,0.4196118348930865,0.4193336066987494,0.000278228194336901,0.06630608843713647
ettm1,standard,fixed1024,BURST8,81552,81551,81551,0.42775495140421455,0.42775395533233124,9.96071883202802e-07,0.0002328603982099897
ettm1,standard,fixed1024,BURST8,81552,81551,81552,0.42754325383649766,0.4275158960133487,2.7357823149036986e-05,0.006398843369307201
ettm1,standard,fixed1024,BURST8,81552,81552,81551,0.4273785205456841,0.4273842225889733,-5.702043289093346e-06,-0.001334190422535246
ettm1,standard,fixed1024,BURST8,81552,81552,81552,0.42726533960671575,0.42727737642948677,-1.2036822770983713e-05,-0.0028171774434273627
ettm1,standard,fixed1024,FAULT,81551,81551,81551,0.42053961177707205,0.42038781034514205,0.00015180143192972259,0.0360968212455079
ettm1,standard,fixed1024,FAULT,81551,81551,81552,0.4205528411340425,0.420432691917092,0.00012014921695037276,0.028569350911144525
ettm1,standard,fixed1024,FAULT,81551,81552,81551,0.41968716904279746,0.4196664703616717,2.0698681125591025e-05,0.0049319308886186805
ettm1,standard,fixed1024,FAULT,81551,81552,81552,0.41983101134473877,0.4196507430771598,0.00018026826757897138,0.04293829248143521
ettm1,standard,fixed1024,FAULT,81552,81551,81551,0.42777152453617395,0.42787115302318596,-9.962848701184485e-05,-0.02329011663875254
ettm1,standard,fixed1024,FAULT,81552,81551,81552,0.42774499715220127,0.42775477358432046,-9.776432119257446e-06,-0.0022855748598688513
ettm1,standard,fixed1024,FAULT,81552,81552,81551,0.4274602412557555,0.42753489118051746,-7.464992476191774e-05,-0.01746359486969307
ettm1,standard,fixed1024,FAULT,81552,81552,81552,0.4274354295728715,0.42743579198024356,-3.6240737192943726e-07,-8.47864605635486e-05
ettm1,standard,fixed1024,POINT16,81551,81551,81551,0.4108111617074029,0.4105929289397461,0.00021823276765713074,0.05312240464697144
ettm1,standard,fixed1024,POINT16,81551,81551,81552,0.4107939963056262,0.4106149487409219,0.00017904756470448868,0.04358573063742618
ettm1,standard,fixed1024,POINT16,81551,81552,81551,0.41015139122828786,0.4099281203550394,0.000223270873248617,0.0544362101466933
ettm1,standard,fixed1024,POINT16,81551,81552,81552,0.4102983218101633,0.40996606999381274,0.00033225181635013136,0.08097810755946927
ettm1,standard,fixed1024,POINT16,81552,81551,81551,0.41796276322699416,0.41800329180477064,-4.0528577776233286e-05,-0.009696695816469744
ettm1,standard,fixed1024,POINT16,81552,81551,81552,0.41785419430905557,0.417833660499236,2.05338098197206e-05,0.004914108820583784
ettm1,standard,fixed1024,POINT16,81552,81552,81551,0.41768125917132864,0.4177055760292951,-2.431685796637343e-05,-0.005821869531474215
ettm1,standard,fixed1024,POINT16,81552,81552,81552,0.4177313052143175,0.4176815474820395,4.975773227804971e-05,0.01191142048894838
ettm1,standard,fixed1024,POINT4,81551,81551,81551,0.4059248270262253,0.40567745534560073,0.00024737168062469574,0.060940268777576884
ettm1,standard,fixed1024,POINT4,81551,81551,81552,0.4058942301743037,0.4057234024656476,0.0001708277086560745,0.042086754616520596
ettm1,standard,fixed1024,POINT4,81551,81552,81551,0.4054913386610909,0.40534117143866594,0.00015016722242472197,0.037033398276906604
ettm1,standard,fixed1024,POINT4,81551,81552,81552,0.4056736891577289,0.4054126593978818,0.0002610297598471873,0.06434475955025445
ettm1,standard,fixed1024,POINT4,81552,81551,81551,0.410300407389745,0.4102615099807477,3.88974089973492e-05,0.009480226755027443
ettm1,standard,fixed1024,POINT4,81552,81551,81552,0.4103328834227142,0.41025573012818767,7.715329452659208e-05,0.01880261067137307
ettm1,standard,fixed1024,POINT4,81552,81552,81551,0.41025519868191884,0.41018479508943256,7.040359248635514e-05,0.01716092634841681
ettm1,standard,fixed1024,POINT4,81552,81552,81552,0.410331598974562,0.41024840179514094,8.319717942120654e-05,0.020275596524644994
ettm1,standard,fixed1024,POINT8,81551,81551,81551,0.40698160177959875,0.40668405368141963,0.0002975480981790269,0.07311094577198218
ettm1,standard,fixed1024,POINT8,81551,81551,81552,0.40697367854232436,0.40677682386749375,0.00019685467483021156,0.04837037017609951
ettm1,standard,fixed1024,POINT8,81551,81552,81551,0.40606306391742264,0.4057950513606063,0.0002680125568162166,0.06600269284051895
ettm1,standard,fixed1024,POINT8,81551,81552,81552,0.40637873301899125,0.4060226868541478,0.0003560461648436957,0.08761436953125612
ettm1,standard,fixed1024,POINT8,81552,81551,81551,0.4146735791930479,0.41469643714997645,-2.2857956929065652e-05,-0.005512277144241282
ettm1,standard,fixed1024,POINT8,81552,81551,81552,0.414739736594549,0.41467812318633135,6.161340821729945e-05,0.014855921143030703
ettm1,standard,fixed1024,POINT8,81552,81552,81551,0.4144179731408856,0.4143370894119412,8.088372894404935e-05,0.0195174278593733
ettm1,standard,fixed1024,POINT8,81552,81552,81552,0.41435989851301214,0.4142462022596222,0.00011369625338969805,0.02743900985537278
ettm1,standard,fixed1024,REFERENCE,81551,81551,81551,0.4051053776375453,0.4048968645366898,0.00020851310085544695,0.051471323849471874
ettm1,standard,fixed1024,REFERENCE,81551,81551,81552,0.4051247284640805,0.4049747420129835,0.00014998645109682814,0.03702228981811619
ettm1,standard,fixed1024,REFERENCE,81551,81552,81551,0.40465194161343676,0.4045781229583145,7.381865512213288e-05,0.018242506097413395
ettm1,standard,fixed1024,REFERENCE,81551,81552,81552,0.4049410597286712,0.4047259910645977,0.00021506866407333897,0.053111103185595615
ettm1,standard,fixed1024,REFERENCE,81552,81551,81551,0.40987146985986367,0.40986591477998724,5.55507987652019e-06,0.001355322408368528
ettm1,standard,fixed1024,REFERENCE,81552,81551,81552,0.40996138157575385,0.4099100571268905,5.1324448863355066e-05,0.0125193374717592
ettm1,standard,fixed1024,REFERENCE,81552,81552,81551,0.4098363597569511,0.40977221801502356,6.414174192768778e-05,0.01565057379626501
ettm1,standard,fixed1024,REFERENCE,81552,81552,81552,0.409899646478799,0.4098259201621996,7.372631659962323e-05,0.01798643088203701
ettm1,standard,fixed1024,SHIFT4,81551,81551,81551,0.5430501516570164,0.5434056261460379,-0.0003554744890211831,-0.06545886930268205
ettm1,standard,fixed1024,SHIFT4,81551,81551,81552,0.5444424748119934,0.5452094811106044,-0.0007670062986114984,-0.14087921756588898
ettm1,standard,fixed1024,SHIFT4,81551,81552,81551,0.5415806618455039,0.541867655194065,-0.0002869933485610955,-0.052991801365862984
ettm1,standard,fixed1024,SHIFT4,81551,81552,81552,0.5419723435905799,0.5420656607201748,-9.331712959497114e-05,-0.017218061160970483
ettm1,standard,fixed1024,SHIFT4,81552,81551,81551,0.5518092726111445,0.5516814736125923,0.00012779899855211636,0.023159994747347288
ettm1,standard,fixed1024,SHIFT4,81552,81551,81552,0.5529759910606419,0.553303447519775,-0.00032745645913295307,-0.0592171205308338
ettm1,standard,fixed1024,SHIFT4,81552,81552,81551,0.5532981059788068,0.5523026304439339,0.0009954755348727648,0.17991667134152362
ettm1,standard,fixed1024,SHIFT4,81552,81552,81552,0.5534885693262587,0.5533580900240307,0.00013047930222752618,0.02357398317843381
ettm1,standard,fixed1024,SHIFT8,81551,81551,81551,0.5418255956770214,0.5423303153603583,-0.0005047196833371671,-0.09315168706759049
ettm1,standard,fixed1024,SHIFT8,81551,81551,81552,0.5418598059683324,0.5422904559013867,-0.0004306499330543063,-0.07947626458188975
ettm1,standard,fixed1024,SHIFT8,81551,81552,81551,0.5425207616566512,0.5443848295528945,-0.0018640678962434554,-0.3435938360315104
ettm1,standard,fixed1024,SHIFT8,81551,81552,81552,0.542308852912024,0.5438138143579894,-0.0015049614459655403,-0.27751002733670704
ettm1,standard,fixed1024,SHIFT8,81552,81551,81551,0.5545579246115496,0.55484605779343,-0.00028813318188049644,-0.05195727427073099
ettm1,standard,fixed1024,SHIFT8,81552,81551,81552,0.5538591409988427,0.5545970840065256,-0.0007379430076836116,-0.13323658545253722
ettm1,standard,fixed1024,SHIFT8,81552,81552,81551,0.5564931593191299,0.5567564013970732,-0.0002632420779430187,-0.04730374013313941
ettm1,standard,fixed1024,SHIFT8,81552,81552,81552,0.5563107567134941,0.5571557132595927,-0.0008449565460984234,-0.15188571062155196
ettm1,standard,fixed1024,SHIFT_POINT,81551,81551,81551,0.5821651596759516,0.5825074144990448,-0.00034225482309346183,-0.05878998724072904
ettm1,standard,fixed1024,SHIFT_POINT,81551,81551,81552,0.5835631317374874,0.58439504984461,-0.0008319181071221645,-0.1425583731866732
ettm1,standard,fixed1024,SHIFT_POINT,81551,81552,81551,0.5811264192348703,0.5813895461817394,-0.00026312694686922845,-0.04527877896442393
ettm1,standard,fixed1024,SHIFT_POINT,81551,81552,81552,0.5810212725204853,0.5812694095924945,-0.0002481370720088952,-0.04270705458553525
ettm1,standard,fixed1024,SHIFT_POINT,81552,81551,81551,0.593476552453051,0.5931587338100627,0.0003178186429881702,0.053552013415612124
ettm1,standard,fixed1024,SHIFT_POINT,81552,81551,81552,0.594495734369606,0.5948942527333785,-0.0003985183637726967,-0.06703468851551632
ettm1,standard,fixed1024,SHIFT_POINT,81552,81552,81551,0.594628058701594,0.5936934842769327,0.000934574424661139,0.15716958037631765
ettm1,standard,fixed1024,SHIFT_POINT,81552,81552,81552,0.5948157609292063,0.5947047377931485,0.00011102313605780914,0.018665130171462097
ettm1,standard,selected,BURST16,81551,81551,81551,0.46103509445451246,0.46103509445451246,0.0,0.0
ettm1,standard,selected,BURST16,81551,81551,81552,0.46103509445451246,0.46103509445451246,0.0,0.0
ettm1,standard,selected,BURST16,81551,81552,81551,0.46103509445451246,0.46103509445451246,0.0,0.0
ettm1,standard,selected,BURST16,81551,81552,81552,0.46103509445451246,0.46103509445451246,0.0,0.0
ettm1,standard,selected,BURST16,81552,81551,81551,0.4733577138189085,0.47391583168059176,-0.0005581178616833884,-0.117906151181241
ettm1,standard,selected,BURST16,81552,81551,81552,0.4732644001547445,0.47358614176437025,-0.0003217416096254384,-0.06798348016885228
ettm1,standard,selected,BURST16,81552,81552,81551,0.4732624475470843,0.4732624475470843,0.0,0.0
ettm1,standard,selected,BURST16,81552,81552,81552,0.47243353376832065,0.4732624475470843,-0.0008289137787640094,-0.17545616886088894
ettm1,standard,selected,BURST4,81551,81551,81551,0.4159144730679218,0.4159144730679218,0.0,0.0
ettm1,standard,selected,BURST4,81551,81551,81552,0.4159144730679218,0.4159144730679218,0.0,0.0
ettm1,standard,selected,BURST4,81551,81552,81551,0.4159144730679218,0.4159144730679218,0.0,0.0
ettm1,standard,selected,BURST4,81551,81552,81552,0.4159144730679218,0.4159144730679218,0.0,0.0
ettm1,standard,selected,BURST4,81552,81551,81551,0.4225797321841356,0.42259589219069826,-1.6160006562904172e-05,-0.003824131952419948
ettm1,standard,selected,BURST4,81552,81551,81552,0.42273551459564623,0.4226590899144489,7.642468119724419e-05,0.01807860436574526
ettm1,standard,selected,BURST4,81552,81552,81551,0.4226344057144852,0.4226344057144852,0.0,0.0
ettm1,standard,selected,BURST4,81552,81552,81552,0.42249090136030215,0.4226344057144852,-0.0001435043541830578,-0.03396625908889731
ettm1,standard,selected,BURST8,81551,81551,81551,0.4179032113755652,0.4179032113755652,0.0,0.0
ettm1,standard,selected,BURST8,81551,81551,81552,0.4179032113755652,0.4179032113755652,0.0,0.0
ettm1,standard,selected,BURST8,81551,81552,81551,0.4179032113755652,0.4179032113755652,0.0,0.0
ettm1,standard,selected,BURST8,81551,81552,81552,0.4179032113755652,0.4179032113755652,0.0,0.0
ettm1,standard,selected,BURST8,81552,81551,81551,0.42775495140421455,0.42775395533233124,9.96071883202802e-07,0.0002328603982099897
ettm1,standard,selected,BURST8,81552,81551,81552,0.42754325383649766,0.4275158960133487,2.7357823149036986e-05,0.006398843369307201
ettm1,standard,selected,BURST8,81552,81552,81551,0.4264877816744346,0.4264877816744346,0.0,0.0
ettm1,standard,selected,BURST8,81552,81552,81552,0.42726533960671575,0.4264877816744346,0.0007775579322812092,0.1819847902937614
ettm1,standard,selected,FAULT,81551,81551,81551,0.41899356985425923,0.41899356985425923,0.0,0.0
ettm1,standard,selected,FAULT,81551,81551,81552,0.41899356985425923,0.41899356985425923,0.0,0.0
ettm1,standard,selected,FAULT,81551,81552,81551,0.41899356985425923,0.41899356985425923,0.0,0.0
ettm1,standard,selected,FAULT,81551,81552,81552,0.41899356985425923,0.41899356985425923,0.0,0.0
ettm1,standard,selected,FAULT,81552,81551,81551,0.42777152453617395,0.42787115302318596,-9.962848701184485e-05,-0.02329011663875254
ettm1,standard,selected,FAULT,81552,81551,81552,0.42774499715220127,0.42775477358432046,-9.776432119257446e-06,-0.0022855748598688513
ettm1,standard,selected,FAULT,81552,81552,81551,0.4274018437956737,0.4274018437956737,0.0,0.0
ettm1,standard,selected,FAULT,81552,81552,81552,0.4274354295728715,0.4274018437956737,3.358577719790102e-05,0.00785750896491259
ettm1,standard,selected,POINT16,81551,81551,81551,0.4088139481757737,0.4088139481757737,0.0,0.0
ettm1,standard,selected,POINT16,81551,81551,81552,0.4088139481757737,0.4088139481757737,0.0,0.0
ettm1,standard,selected,POINT16,81551,81552,81551,0.4088139481757737,0.4088139481757737,0.0,0.0
ettm1,standard,selected,POINT16,81551,81552,81552,0.4088139481757737,0.4088139481757737,0.0,0.0
ettm1,standard,selected,POINT16,81552,81551,81551,0.41796276322699416,0.41800329180477064,-4.0528577776233286e-05,-0.009696695816469744
ettm1,standard,selected,POINT16,81552,81551,81552,0.41785419430905557,0.417833660499236,2.05338098197206e-05,0.004914108820583784
ettm1,standard,selected,POINT16,81552,81552,81551,0.4171160957391974,0.4171160957391974,0.0,0.0
ettm1,standard,selected,POINT16,81552,81552,81552,0.4177313052143175,0.4171160957391974,0.0006152094751199822,0.14727396952075408
ettm1,standard,selected,POINT4,81551,81551,81551,0.40481165125341867,0.40481165125341867,0.0,0.0
ettm1,standard,selected,POINT4,81551,81551,81552,0.40481165125341867,0.40481165125341867,0.0,0.0
ettm1,standard,selected,POINT4,81551,81552,81551,0.40481165125341867,0.40481165125341867,0.0,0.0
ettm1,standard,selected,POINT4,81551,81552,81552,0.40481165125341867,0.40481165125341867,0.0,0.0
ettm1,standard,selected,POINT4,81552,81551,81551,0.410300407389745,0.4102615099807477,3.88974089973492e-05,0.009480226755027443
ettm1,standard,selected,POINT4,81552,81551,81552,0.4103328834227142,0.41025573012818767,7.715329452659208e-05,0.01880261067137307
ettm1,standard,selected,POINT4,81552,81552,81551,0.4104273337613185,0.4104273337613185,0.0,0.0
ettm1,standard,selected,POINT4,81552,81552,81552,0.410331598974562,0.4104273337613185,-9.573478675637781e-05,-0.0233310783268029
ettm1,standard,selected,POINT8,81551,81551,81551,0.4054830407983641,0.4054830407983641,0.0,0.0
ettm1,standard,selected,POINT8,81551,81551,81552,0.4054830407983641,0.4054830407983641,0.0,0.0
ettm1,standard,selected,POINT8,81551,81552,81551,0.4054830407983641,0.4054830407983641,0.0,0.0
ettm1,standard,selected,POINT8,81551,81552,81552,0.4054830407983641,0.4054830407983641,0.0,0.0
ettm1,standard,selected,POINT8,81552,81551,81551,0.4146735791930479,0.41469643714997645,-2.2857956929065652e-05,-0.005512277144241282
ettm1,standard,selected,POINT8,81552,81551,81552,0.414739736594549,0.41467812318633135,6.161340821729945e-05,0.014855921143030703
ettm1,standard,selected,POINT8,81552,81552,81551,0.41448299833752245,0.41448299833752245,0.0,0.0
ettm1,standard,selected,POINT8,81552,81552,81552,0.41435989851301214,0.41448299833752245,-0.00012309982451030562,-0.029708430992493817
ettm1,standard,selected,REFERENCE,81551,81551,81551,0.40455151463912303,0.40455151463912303,0.0,0.0
ettm1,standard,selected,REFERENCE,81551,81551,81552,0.40455151463912303,0.40455151463912303,0.0,0.0
ettm1,standard,selected,REFERENCE,81551,81552,81551,0.40455151463912303,0.40455151463912303,0.0,0.0
ettm1,standard,selected,REFERENCE,81551,81552,81552,0.40455151463912303,0.40455151463912303,0.0,0.0
ettm1,standard,selected,REFERENCE,81552,81551,81551,0.40987146985986367,0.40986591477998724,5.55507987652019e-06,0.001355322408368528
ettm1,standard,selected,REFERENCE,81552,81551,81552,0.40996138157575385,0.4099100571268905,5.1324448863355066e-05,0.0125193374717592
ettm1,standard,selected,REFERENCE,81552,81552,81551,0.41012115197724236,0.41012115197724236,0.0,0.0
ettm1,standard,selected,REFERENCE,81552,81552,81552,0.409899646478799,0.41012115197724236,-0.00022150549844292245,-0.054038958156159146
ettm1,standard,selected,SHIFT4,81551,81551,81551,0.545946681377002,0.545946681377002,0.0,0.0
ettm1,standard,selected,SHIFT4,81551,81551,81552,0.545946681377002,0.545946681377002,0.0,0.0
ettm1,standard,selected,SHIFT4,81551,81552,81551,0.545946681377002,0.545946681377002,0.0,0.0
ettm1,standard,selected,SHIFT4,81551,81552,81552,0.545946681377002,0.545946681377002,0.0,0.0
ettm1,standard,selected,SHIFT4,81552,81551,81551,0.5518092726111445,0.5516814736125923,0.00012779899855211636,0.023159994747347288
ettm1,standard,selected,SHIFT4,81552,81551,81552,0.5529759910606419,0.553303447519775,-0.00032745645913295307,-0.0592171205308338
ettm1,standard,selected,SHIFT4,81552,81552,81551,0.5568625036863598,0.5568625036863598,0.0,0.0
ettm1,standard,selected,SHIFT4,81552,81552,81552,0.5534885693262587,0.5568625036863598,-0.003373934360101415,-0.609576158764829
ettm1,standard,selected,SHIFT8,81551,81551,81551,0.538886658928135,0.538886658928135,0.0,0.0
ettm1,standard,selected,SHIFT8,81551,81551,81552,0.538886658928135,0.538886658928135,0.0,0.0
ettm1,standard,selected,SHIFT8,81551,81552,81551,0.538886658928135,0.538886658928135,0.0,0.0
ettm1,standard,selected,SHIFT8,81551,81552,81552,0.538886658928135,0.538886658928135,0.0,0.0
ettm1,standard,selected,SHIFT8,81552,81551,81551,0.5545579246115496,0.55484605779343,-0.00028813318188049644,-0.05195727427073099
ettm1,standard,selected,SHIFT8,81552,81551,81552,0.5538591409988427,0.5545970840065256,-0.0007379430076836116,-0.13323658545253722
ettm1,standard,selected,SHIFT8,81552,81552,81551,0.5518498844387242,0.5518498844387242,0.0,0.0
ettm1,standard,selected,SHIFT8,81552,81552,81552,0.5563107567134941,0.5518498844387242,0.004460872274769984,0.8018669818867767
ettm1,standard,selected,SHIFT_POINT,81551,81551,81551,0.5821832958687507,0.5821832958687507,0.0,0.0
ettm1,standard,selected,SHIFT_POINT,81551,81551,81552,0.5821832958687507,0.5821832958687507,0.0,0.0
ettm1,standard,selected,SHIFT_POINT,81551,81552,81551,0.5821832958687507,0.5821832958687507,0.0,0.0
ettm1,standard,selected,SHIFT_POINT,81551,81552,81552,0.5821832958687507,0.5821832958687507,0.0,0.0
ettm1,standard,selected,SHIFT_POINT,81552,81551,81551,0.593476552453051,0.5931587338100627,0.0003178186429881702,0.053552013415612124
ettm1,standard,selected,SHIFT_POINT,81552,81551,81552,0.594495734369606,0.5948942527333785,-0.0003985183637726967,-0.06703468851551632
ettm1,standard,selected,SHIFT_POINT,81552,81552,81551,0.5974310433023928,0.5974310433023928,0.0,0.0
ettm1,standard,selected,SHIFT_POINT,81552,81552,81552,0.5948157609292063,0.5974310433023928,-0.002615282373186217,-0.4396794007443059
