panel,kind,condition,new,baseline,new_nmae,baseline_nmae,gain_pct,ci_type,ci_low_pct,ci_high_pct,bonferroni3_low_pct,bonferroni3_high_pct,conditional_on_fixed_seeds,development_E_reused
electricity,shape,PAIRED_SHIFT8_D32,C3,POS_ONLY,0.20493419528273626,0.20531503695057352,0.1854913665816582,time,-0.07693988744308045,0.4398141823295647,-0.1267062442410849,0.5093164641535576,True,True
electricity,shape,PAIRED_SHIFT8_D32,C3,MAG_ONLY,0.20493419528273626,0.20481164846097263,-0.05983391212585065,time,-0.1453556783131993,0.01678316480962225,-0.16191603817842237,0.03950094094784291,True,True
electricity,shape,PAIRED_SHIFT8_D32,C3,OUTPUT_CONTEXT,0.20493419528273626,0.2076266562972621,1.296780029376865,time,0.7016384135958496,1.9319125646692603,0.5744994265610367,2.080458818326673,True,True
electricity,shape,PAIRED_SHIFT8_D32,C3,C0,0.20493419528273626,0.2113712441049303,3.0453758501787997,time,2.322730674768996,3.858746294761717,,,True,True
electricity,shape,PAIRED_SHIFT8_D32,C3,C2,0.20493419528273626,0.20664486210034688,0.8278293494565214,time,0.4201178120948265,1.2666915573619868,,,True,True
electricity,shape,PAIRED_SHIFT8_D32,C3,M_RECENCY,0.20493419528273626,0.20511402841804624,0.08767471279119698,time,-0.010290780000985489,0.19272779005374233,,,True,True
electricity,shape,PAIRED_SHIFT8_D32,C3,M_MEAN,0.20493419528273626,0.2062600825802114,0.6428230227046083,time,0.2636049912984065,1.0358252924542635,,,True,True
electricity,shape,PAIRED_SHIFT8_D32,C3,M_ROTATE16,0.20493419528273626,0.20666230148612233,0.836198083036499,time,0.4398410431791028,1.2706894186493178,,,True,True
electricity,shape,PAIRED_SHIFT8_D32,C3,F0,0.20493419528273626,0.3239126702860632,36.73165205246563,time,30.382143981867994,41.76078230480805,,,True,True
electricity,shape,PAIRED_SHIFT8_D32,POS_ONLY,C0,0.20531503695057352,0.2113712441049303,2.865199180712741,time,2.1760271581816966,3.6257714112576624,,,True,True
electricity,shape,PAIRED_SHIFT8_D32,POS_ONLY,C2,0.20531503695057352,0.20664486210034688,0.6435316785798451,time,0.42215651659191666,0.883730575962463,,,True,True
electricity,shape,PAIRED_SHIFT8_D32,MAG_ONLY,C0,0.20481164846097263,0.2113712441049303,3.103352904854606,time,2.352006397626404,3.9330432190552007,,,True,True
electricity,shape,PAIRED_SHIFT8_D32,MAG_ONLY,C2,0.20481164846097263,0.20664486210034688,0.8871324555284832,time,0.4463792266146782,1.3629309829235001,,,True,True
electricity,shape,PAIRED_SHIFT8_D32,OUTPUT_CONTEXT,C0,0.2076266562972621,0.2113712441049303,1.771569176083998,time,1.3446695072434387,2.2295675278565086,,,True,True
electricity,shape,PAIRED_SHIFT8_D32,OUTPUT_CONTEXT,C2,0.2076266562972621,0.20664486210034688,-0.4751118353179651,time,-1.242430801107861,0.30991733208555144,,,True,True
electricity,shape,PULSE8_D32,C3,POS_ONLY,3.0033453833773063,2.9900757498639425,-0.44378920881744666,time,-0.46607241160810997,-0.4218468197122921,-0.4694906334074178,-0.4173935540877971,True,True
electricity,shape,PULSE8_D32,C3,MAG_ONLY,3.0033453833773063,3.0042111231967947,0.028817542575609867,time,0.019243110340207703,0.036557770043405824,0.016473806647066453,0.03791115827692482,True,True
electricity,shape,PULSE8_D32,C3,OUTPUT_CONTEXT,3.0033453833773063,2.998752880764086,-0.153147084665739,time,-0.18372369658579024,-0.12190058356170988,-0.1896925970708141,-0.113904285374579,True,True
electricity,shape,PULSE8_D32,C3,C0,3.0033453833773063,2.99348744864939,-0.3293127129149642,time,-0.3605682627446033,-0.2980902124657198,,,True,True
electricity,shape,PULSE8_D32,C3,C2,3.0033453833773063,2.9846648413852037,-0.6258840769348462,time,-0.6514796767265263,-0.598554892620346,,,True,True
electricity,shape,PULSE8_D32,C3,M_RECENCY,3.0033453833773063,3.0019335120724593,-0.0470320644734068,time,-0.06084669926591457,-0.03469974524387187,,,True,True
electricity,shape,PULSE8_D32,C3,M_MEAN,3.0033453833773063,2.9869319520534505,-0.5495080432807331,time,-0.570971007764941,-0.5270098758613417,,,True,True
electricity,shape,PULSE8_D32,C3,M_ROTATE16,3.0033453833773063,2.984525193878175,-0.6305924150928677,time,-0.6529589933246466,-0.6057553398834087,,,True,True
electricity,shape,PULSE8_D32,C3,F0,3.0033453833773063,2.886527138233591,-4.047017039832945,time,-4.821054664546358,-3.3256175899334472,,,True,True
electricity,shape,PULSE8_D32,POS_ONLY,C0,2.9900757498639425,2.99348744864939,0.11397070620713379,time,0.07452872738013011,0.15150810820363597,,,True,True
electricity,shape,PULSE8_D32,POS_ONLY,C2,2.9900757498639425,2.9846648413852037,-0.1812903212351058,time,-0.19777008941641583,-0.16243471556006753,,,True,True
electricity,shape,PULSE8_D32,MAG_ONLY,C0,3.0042111231967947,2.99348744864939,-0.35823348957895185,time,-0.3874899788863967,-0.3270744469341758,,,True,True
electricity,shape,PULSE8_D32,MAG_ONLY,C2,3.0042111231967947,2.9846648413852037,-0.6548903428138075,time,-0.6821662046671434,-0.6235827674696004,,,True,True
electricity,shape,PULSE8_D32,OUTPUT_CONTEXT,C0,2.998752880764086,2.99348744864939,-0.17589624827296646,time,-0.17740520762684564,-0.17430973951576278,,,True,True
electricity,shape,PULSE8_D32,OUTPUT_CONTEXT,C2,2.998752880764086,2.9846648413852037,-0.47201411641060176,time,-0.5131916472291953,-0.42539596074577135,,,True,True
electricity,shape,RAMP8_D32,C3,POS_ONLY,0.4848126867766814,0.4944890800139614,1.9568466986180644,time,1.6093059267211205,2.348280468099227,1.5299713410749636,2.4315312166736396,True,True
electricity,shape,RAMP8_D32,C3,MAG_ONLY,0.4848126867766814,0.4831926443708302,-0.3352787805701585,time,-0.4424660316316087,-0.23119565465091974,-0.4719536952970471,-0.21045020663868663,True,True
electricity,shape,RAMP8_D32,C3,OUTPUT_CONTEXT,0.4848126867766814,0.4825270213305565,-0.47368651807770945,time,-0.8412376853445402,-0.11841815919119043,-0.922706637857364,-0.025532899695135388,True,True
electricity,shape,RAMP8_D32,C3,C0,0.4848126867766814,0.4856188009238579,0.16599731016240238,time,-0.19042241466085186,0.5190800968915721,,,True,True
electricity,shape,RAMP8_D32,C3,C2,0.4848126867766814,0.49661499753309163,2.3765514160944745,time,2.0259046352836845,2.7546295748641128,,,True,True
electricity,shape,RAMP8_D32,C3,M_RECENCY,0.4848126867766814,0.48549553167679027,0.14064905968351749,time,-0.011879104018435727,0.2867558377650811,,,True,True
electricity,shape,RAMP8_D32,C3,M_MEAN,0.4848126867766814,0.49610659683776137,2.2765087449085786,time,1.9455461582637212,2.633378658679744,,,True,True
electricity,shape,RAMP8_D32,C3,M_ROTATE16,0.4848126867766814,0.4963991815647389,2.3341083584253353,time,2.014317668857234,2.6857368828152004,,,True,True
electricity,shape,RAMP8_D32,C3,F0,0.4848126867766814,0.4696372074946977,-3.2313196313678016,time,-7.979759106004471,1.2452522723663924,,,True,True
electricity,shape,RAMP8_D32,POS_ONLY,C0,0.4944890800139614,0.4856188009238579,-1.826593013538269,time,-2.218924675264105,-1.4437296254040162,,,True,True
electricity,shape,RAMP8_D32,POS_ONLY,C2,0.4944890800139614,0.49661499753309163,0.4280816184953351,time,0.29081765182213865,0.5766515535113609,,,True,True
electricity,shape,RAMP8_D32,MAG_ONLY,C0,0.4831926443708302,0.4856188009238579,0.4996010344764379,time,0.20219213993526108,0.8148280383129624,,,True,True
electricity,shape,RAMP8_D32,MAG_ONLY,C2,0.4831926443708302,0.49661499753309163,2.7027683877724695,time,2.363590360707114,3.04742349596285,,,True,True
electricity,shape,RAMP8_D32,OUTPUT_CONTEXT,C0,0.4825270213305565,0.4856188009238579,0.6366680176754791,time,0.5699200325528212,0.7054701842629235,,,True,True
electricity,shape,RAMP8_D32,OUTPUT_CONTEXT,C2,0.4825270213305565,0.49661499753309163,2.8368003931649954,time,2.3919171402754165,3.2667532600232394,,,True,True
electricity,shape,STEP12_D17,C3,POS_ONLY,0.29322235051179013,0.29630957422120785,1.0418913116566952,time,0.5597475388434368,1.524704528514814,0.47235884536853207,1.659288789876495,True,True
electricity,shape,STEP12_D17,C3,MAG_ONLY,0.29322235051179013,0.2902391719398626,-1.0278345793191646,time,-1.2362053437218072,-0.838229454788823,-1.2801489670330475,-0.7964237067663863,True,True
electricity,shape,STEP12_D17,C3,OUTPUT_CONTEXT,0.29322235051179013,0.302732074407006,3.14130041022036,time,2.4181895440260437,3.860721526746494,2.223161913081899,3.9888814497070535,True,True
electricity,shape,STEP12_D17,C3,C0,0.29322235051179013,0.31231433509618406,6.113067009400686,time,5.144192551760307,7.11214017178702,,,True,True
electricity,shape,STEP12_D17,C3,C2,0.29322235051179013,0.3000365400670849,2.271119895520457,time,1.6345651116234605,2.884456593030352,,,True,True
electricity,shape,STEP12_D17,C3,M_RECENCY,0.29322235051179013,0.29489161207957904,0.5660593585613549,time,0.27701871544630413,0.8327227534153328,,,True,True
electricity,shape,STEP12_D17,C3,M_MEAN,0.29322235051179013,0.2987812668949285,1.8605304277972912,time,1.2292335827560483,2.4843531632695774,,,True,True
electricity,shape,STEP12_D17,C3,M_ROTATE16,0.29322235051179013,0.3003317109259982,2.367169418203663,time,1.6979855359339822,3.0203910977314856,,,True,True
electricity,shape,STEP12_D17,C3,F0,0.29322235051179013,0.501817537388361,41.56793482391533,time,36.141664051689084,45.72128289177303,,,True,True
electricity,shape,STEP12_D17,POS_ONLY,C0,0.29630957422120785,0.31231433509618406,5.1245681278277555,time,4.120764542585766,6.190513041944118,,,True,True
electricity,shape,STEP12_D17,POS_ONLY,C2,0.29630957422120785,0.3000365400670849,1.2421706519625042,time,1.008166592429247,1.4685058058957552,,,True,True
electricity,shape,STEP12_D17,MAG_ONLY,C0,0.2902391719398626,0.31231433509618406,7.06825165406606,time,5.984406497667825,8.165394074441647,,,True,True
electricity,shape,STEP12_D17,MAG_ONLY,C2,0.2902391719398626,0.3000365400670849,3.2653916503075697,time,2.565917869139301,3.9595983705147524,,,True,True
electricity,shape,STEP12_D17,OUTPUT_CONTEXT,C0,0.302732074407006,0.31231433509618406,3.068146291212337,time,2.6004073723594248,3.5564316131728657,,,True,True
electricity,shape,STEP12_D17,OUTPUT_CONTEXT,C2,0.302732074407006,0.3000365400670849,-0.8984020210732968,time,-1.8684330237311368,0.07465135238753279,,,True,True
electricity,shape,STEP12_D63,C3,POS_ONLY,0.22132219668924544,0.2202162129752639,-0.5022262888998874,time,-1.0749377461687608,-0.02806894078176929,-1.2022423419466712,0.05685919820488961,True,True
electricity,shape,STEP12_D63,C3,MAG_ONLY,0.22132219668924544,0.22155788684292696,0.10637858892769136,time,0.025246809337097498,0.19859381905175774,0.009192845731290275,0.2235567158311414,True,True
electricity,shape,STEP12_D63,C3,OUTPUT_CONTEXT,0.22132219668924544,0.22630307808814465,2.2009781930403816,time,1.6719242309632978,2.7673700321998638,1.5797340437623957,2.89452149367349,True,True
electricity,shape,STEP12_D63,C3,C0,0.22132219668924544,0.22364799373182148,1.0399364661258348,time,0.45407653377447843,1.6135288641883694,,,True,True
electricity,shape,STEP12_D63,C3,C2,0.22132219668924544,0.21899945903193516,-1.0606134223242858,time,-1.5394910902052255,-0.6348928757234057,,,True,True
electricity,shape,STEP12_D63,C3,M_RECENCY,0.22132219668924544,0.22091449921282064,-0.18454989503973174,time,-0.2676665503195641,-0.10337498443317557,,,True,True
electricity,shape,STEP12_D63,C3,M_MEAN,0.22132219668924544,0.21943838087928932,-0.8584714316646203,time,-1.3108322905981484,-0.47683637190437783,,,True,True
electricity,shape,STEP12_D63,C3,M_ROTATE16,0.22132219668924544,0.21928447718609034,-0.9292584360295786,time,-1.4639618947720139,-0.4932001464285727,,,True,True
electricity,shape,STEP12_D63,C3,F0,0.22132219668924544,0.2817304384803514,21.441858436364512,time,17.58852022337567,24.838640457042235,,,True,True
electricity,shape,STEP12_D63,POS_ONLY,C0,0.2202162129752639,0.22364799373182148,1.534456312035004,time,0.949289379140276,2.109726974409751,,,True,True
electricity,shape,STEP12_D63,POS_ONLY,C2,0.2202162129752639,0.21899945903193516,-0.5555967803332784,time,-0.7832195787372204,-0.32607731249539,,,True,True
electricity,shape,STEP12_D63,MAG_ONLY,C0,0.22155788684292696,0.22364799373182148,0.9345520404715923,time,0.3007262315352832,1.5472693376191,,,True,True
electricity,shape,STEP12_D63,MAG_ONLY,C2,0.22155788684292696,0.21899945903193516,-1.168234762908127,time,-1.7330248912709316,-0.6912598772811216,,,True,True
electricity,shape,STEP12_D63,OUTPUT_CONTEXT,C0,0.22630307808814465,0.22364799373182148,-1.187171104028284,time,-1.525907796563588,-0.873529472924853,,,True,True
electricity,shape,STEP12_D63,OUTPUT_CONTEXT,C2,0.22630307808814465,0.21899945903193516,-3.3349941084304113,time,-4.156435715853123,-2.603863916426067,,,True,True
electricity,shape,STEP6_D17,C3,POS_ONLY,0.23605903374839388,0.23668196372356276,0.2631928370750103,time,-0.19152874256041008,0.6869243969328523,-0.28872795786856437,0.7973216864179038,True,True
electricity,shape,STEP6_D17,C3,MAG_ONLY,0.23605903374839388,0.2356583462961167,-0.1700289671784816,time,-0.32778792132003853,-0.013503279962547883,-0.36350430258080696,0.022165883970860414,True,True
electricity,shape,STEP6_D17,C3,OUTPUT_CONTEXT,0.23605903374839388,0.2393935795585103,1.3929136346371496,time,0.9343115514859107,1.8591355441471658,0.8422904720171133,1.9676479904900952,True,True
electricity,shape,STEP6_D17,C3,C0,0.23605903374839388,0.24166102305906534,2.318118677045511,time,1.7688976060990336,2.8754702143070596,,,True,True
electricity,shape,STEP6_D17,C3,C2,0.23605903374839388,0.23739724069128648,0.5636994511797333,time,0.05317573841750468,1.055258729037053,,,True,True
electricity,shape,STEP6_D17,C3,M_RECENCY,0.23605903374839388,0.23665816315971577,0.25316236859218577,time,0.05866424275925153,0.46306338987888723,,,True,True
electricity,shape,STEP6_D17,C3,M_MEAN,0.23605903374839388,0.23726797302388328,0.5095248465614488,time,-0.009522371422002738,1.0025439876906272,,,True,True
electricity,shape,STEP6_D17,C3,M_ROTATE16,0.23605903374839388,0.23747406763390896,0.5958688035345827,time,0.06661439052212642,1.1143717639118975,,,True,True
electricity,shape,STEP6_D17,C3,F0,0.23605903374839388,0.389304054995092,39.363838953239295,time,33.22423621647813,44.59502361739812,,,True,True
electricity,shape,STEP6_D17,POS_ONLY,C0,0.23668196372356276,0.24166102305906534,2.0603485297195134,time,1.3955123998837926,2.808396289520615,,,True,True
electricity,shape,STEP6_D17,POS_ONLY,C2,0.23668196372356276,0.23739724069128648,0.30129961310454423,time,0.15253086655667353,0.4531649442273378,,,True,True
electricity,shape,STEP6_D17,MAG_ONLY,C0,0.2356583462961167,0.24166102305906534,2.4839242534703265,time,1.9066057851925045,3.0785743014546934,,,True,True
electricity,shape,STEP6_D17,MAG_ONLY,C2,0.2356583462961167,0.23739724069128648,0.7324829851038772,time,0.22752801019722768,1.229843007981739,,,True,True
electricity,shape,STEP6_D17,OUTPUT_CONTEXT,C0,0.2393935795585103,0.24166102305906534,0.9382743943779692,time,0.7054854499090533,1.190320446431397,,,True,True
electricity,shape,STEP6_D17,OUTPUT_CONTEXT,C2,0.2393935795585103,0.23739724069128648,-0.8409275783537229,time,-1.592890024179248,-0.1152891273148145,,,True,True
electricity,shape,STEP6_D63,C3,POS_ONLY,0.1960496176297994,0.19522623020221858,-0.42176065517831596,time,-0.7352129815551162,-0.10524918841559332,-0.8075757039073463,-0.04026042405023335,True,True
electricity,shape,STEP6_D63,C3,MAG_ONLY,0.1960496176297994,0.19610388697178543,0.02767377170542762,time,-0.030308937874263805,0.09559506620767627,-0.04350915980290804,0.10996009940943105,True,True
electricity,shape,STEP6_D63,C3,OUTPUT_CONTEXT,0.1960496176297994,0.19904704998082684,1.5058913715707778,time,1.1771988711899923,1.8807472092095727,1.11219874722842,1.9409850516815703,True,True
electricity,shape,STEP6_D63,C3,C0,0.1960496176297994,0.19767869816751454,0.8241052540393867,time,0.5486000705558486,1.1584063881081932,,,True,True
electricity,shape,STEP6_D63,C3,C2,0.1960496176297994,0.1945055160296177,-0.7938600568770493,time,-1.1269214863311416,-0.4896572143102657,,,True,True
electricity,shape,STEP6_D63,C3,M_RECENCY,0.1960496176297994,0.19577392728732468,-0.1408207652033644,time,-0.22933816803690998,-0.0532548606482859,,,True,True
electricity,shape,STEP6_D63,C3,M_MEAN,0.1960496176297994,0.19469016365040934,-0.6982653637453984,time,-1.0080994232249545,-0.4006297855887722,,,True,True
electricity,shape,STEP6_D63,C3,M_ROTATE16,0.1960496176297994,0.19471464053902376,-0.6856069410497545,time,-1.0432110320116876,-0.3519558432221625,,,True,True
electricity,shape,STEP6_D63,C3,F0,0.1960496176297994,0.23335004245900554,15.984751678697041,time,11.591973548113689,19.8182315728596,,,True,True
electricity,shape,STEP6_D63,POS_ONLY,C0,0.19522623020221858,0.19767869816751454,1.2406334056377366,time,0.919050599500271,1.6047546645688355,,,True,True
electricity,shape,STEP6_D63,POS_ONLY,C2,0.19522623020221858,0.1945055160296177,-0.37053662400563514,time,-0.5422845214946342,-0.2139944753870951,,,True,True
electricity,shape,STEP6_D63,MAG_ONLY,C0,0.19610388697178543,0.19767869816751454,0.7966519459747801,time,0.5186678534713229,1.1140380345054184,,,True,True
electricity,shape,STEP6_D63,MAG_ONLY,C2,0.19610388697178543,0.1945055160296177,-0.8217612409122443,time,-1.1890779305532655,-0.5064548619518944,,,True,True
electricity,shape,STEP6_D63,OUTPUT_CONTEXT,C0,0.19904704998082684,0.19767869816751454,-0.6922100489313854,time,-0.9030159513201808,-0.5170934643865206,,,True,True
electricity,shape,STEP6_D63,OUTPUT_CONTEXT,C2,0.19904704998082684,0.1945055160296177,-2.3349126769842465,time,-2.895819443885615,-1.8839542665122282,,,True,True
electricity,shape,STEP8_D31,C3,POS_ONLY,0.2077163966597886,0.2069079305877747,-0.3907371117758851,time,-0.6953751004009501,-0.0987957462745992,-0.7614129453839172,-0.015039157408491167,True,True
electricity,shape,STEP8_D31,C3,MAG_ONLY,0.2077163966597886,0.2077782498607391,0.029768852607015006,time,-0.04656149734035331,0.09983594909319794,-0.0605786100723682,0.12113875238695006,True,True
electricity,shape,STEP8_D31,C3,OUTPUT_CONTEXT,0.2077163966597886,0.20815026969607792,0.2084422167325628,time,-0.412560133884633,0.8232196813113758,-0.566028533534943,0.9350158858197252,True,True
electricity,shape,STEP8_D31,C3,C0,0.2077163966597886,0.211856044429594,1.9539908719390375,time,1.2871835111937926,2.703965118465125,,,True,True
electricity,shape,STEP8_D31,C3,C2,0.2077163966597886,0.20797741268129522,0.12550210051250899,time,-0.2283711882244288,0.5015015203325603,,,True,True
electricity,shape,STEP8_D31,C3,M_RECENCY,0.2077163966597886,0.20792501501669802,0.10033345766148338,time,-0.004542343402563208,0.2204574296495088,,,True,True
electricity,shape,STEP8_D31,C3,M_MEAN,0.2077163966597886,0.20782015977567875,0.04992928308886757,time,-0.27424616633768495,0.3867862312195019,,,True,True
electricity,shape,STEP8_D31,C3,M_ROTATE16,0.2077163966597886,0.2081353049698918,0.2012673006935528,time,-0.1490429139117494,0.589277646397019,,,True,True
electricity,shape,STEP8_D31,C3,F0,0.2077163966597886,0.33279554278559675,37.58438141294166,time,31.203736646125474,42.77765080167925,,,True,True
electricity,shape,STEP8_D31,POS_ONLY,C0,0.2069079305877747,0.211856044429594,2.3356019202292244,time,1.7272406512782115,3.0058099060220274,,,True,True
electricity,shape,STEP8_D31,POS_ONLY,C2,0.2069079305877747,0.20797741268129522,0.5142299251310489,time,0.3320873066918073,0.7109264224281067,,,True,True
electricity,shape,STEP8_D31,MAG_ONLY,C0,0.2077782498607391,0.211856044429594,1.9247950087211585,time,1.2537037846326504,2.679223353521387,,,True,True
electricity,shape,STEP8_D31,MAG_ONLY,C2,0.2077782498607391,0.20797741268129522,0.09576175508122509,time,-0.29752132638569184,0.5246164730431344,,,True,True
electricity,shape,STEP8_D31,OUTPUT_CONTEXT,C0,0.20815026969607792,0.211856044429594,1.7491947154463228,time,1.2979365416710211,2.2346622552777213,,,True,True
electricity,shape,STEP8_D31,OUTPUT_CONTEXT,C2,0.20815026969607792,0.20797741268129522,-0.08311335954909183,time,-0.7665912257952312,0.6222553214851251,,,True,True
electricity,shape,STEP8_D33,C3,POS_ONLY,0.20688393894823753,0.20814632300953773,0.6064887637925453,time,0.3268214984828033,0.8959902038579867,0.2753007481622473,0.9701959309123334,True,True
electricity,shape,STEP8_D33,C3,MAG_ONLY,0.20688393894823753,0.20664059947837363,-0.11775975799439564,time,-0.20100612092158798,-0.04311597156851592,-0.2178505986685053,-0.022068639875484665,True,True
electricity,shape,STEP8_D33,C3,OUTPUT_CONTEXT,0.20688393894823753,0.2100433286216025,1.5041609243665488,time,0.9293613107576663,2.108098439493522,0.8190547010397322,2.240614755362476,True,True
electricity,shape,STEP8_D33,C3,C0,0.20688393894823753,0.21409766613547365,3.369362832134526,time,2.6096352493927375,4.192378688186901,,,True,True
electricity,shape,STEP8_D33,C3,C2,0.20688393894823753,0.20949175992904823,1.244832246239147,time,0.8037658862136038,1.7151796356416213,,,True,True
electricity,shape,STEP8_D33,C3,M_RECENCY,0.20688393894823753,0.20730731973126482,0.20422857406874328,time,0.10373740957155875,0.32003173706080135,,,True,True
electricity,shape,STEP8_D33,C3,M_MEAN,0.20688393894823753,0.20897972222417646,1.0028644184389979,time,0.6165073583832936,1.4221758770884898,,,True,True
electricity,shape,STEP8_D33,C3,M_ROTATE16,0.20688393894823753,0.2095709284335968,1.2821384652168644,time,0.8310087942495764,1.7574327126382179,,,True,True
electricity,shape,STEP8_D33,C3,F0,0.20688393894823753,0.31771137399473126,34.88305553968981,time,28.548492715832563,39.88962937125513,,,True,True
electricity,shape,STEP8_D33,POS_ONLY,C0,0.20814632300953773,0.21409766613547365,2.77973283565367,time,2.1376176743660738,3.472810462008385,,,True,True
electricity,shape,STEP8_D33,POS_ONLY,C2,0.20814632300953773,0.20949175992904823,0.6422385873154024,time,0.4379393166902437,0.8761702935027718,,,True,True
electricity,shape,STEP8_D33,MAG_ONLY,C0,0.20664059947837363,0.21409766613547365,3.483020993036634,time,2.6896241498606006,4.347692308348268,,,True,True
electricity,shape,STEP8_D33,MAG_ONLY,C2,0.20664059947837363,0.20949175992904823,1.3609893065198553,time,0.8780609068025245,1.8752701313737572,,,True,True
electricity,shape,STEP8_D33,OUTPUT_CONTEXT,C0,0.2100433286216025,0.21409766613547365,1.8936859924973293,time,1.4631734656724926,2.3600520598827037,,,True,True
electricity,shape,STEP8_D33,OUTPUT_CONTEXT,C2,0.2100433286216025,0.20949175992904823,-0.2632889679007322,time,-0.937456702885201,0.449742178659211,,,True,True
electricity,standard,BURST16,C3,POS_ONLY,0.17857053447420115,0.17851796312174667,-0.029448774529550192,time,-0.19884847924189375,0.1796538902645427,-0.2246851642671871,0.23486609954825638,True,True
electricity,standard,BURST16,C3,MAG_ONLY,0.17857053447420115,0.17858369352580303,0.007368562796561395,time,-0.042741305795392925,0.05629735453410693,-0.0540361732795012,0.06760317612341528,True,True
electricity,standard,BURST16,C3,OUTPUT_CONTEXT,0.17857053447420115,0.17749335287742224,-0.6068855984273425,time,-0.9261892891127138,-0.33059578067351053,-1.0178501309765935,-0.2773142119946015,True,True
electricity,standard,BURST16,C3,C0,0.17857053447420115,0.17748184253682242,-0.6134103195107654,time,-0.929251207297056,-0.34035770899715334,,,True,True
electricity,standard,BURST16,C3,C2,0.17857053447420115,0.178616530440182,0.02575123694738002,time,-0.15680623147989625,0.23341415153058878,,,True,True
electricity,standard,BURST16,C3,M_RECENCY,0.17857053447420115,0.17836478632952382,-0.1153524464729383,time,-0.21316619982644058,-0.029668876754861406,,,True,True
electricity,standard,BURST16,C3,M_MEAN,0.17857053447420115,0.17855887620719796,-0.006529088472562172,time,-0.16217797030831316,0.1572971680618851,,,True,True
electricity,standard,BURST16,C3,M_ROTATE16,0.17857053447420115,0.17859088211059526,0.011393435181927813,time,-0.19640953234008773,0.27624998377724497,,,True,True
electricity,standard,BURST16,C3,C2_SHRINK,0.17857053447420115,0.17844902919505562,-0.06808962743793945,time,-0.2459305192087763,0.12263387509233956,,,True,True
electricity,standard,BURST16,C3,C0_BIAS,0.17857053447420115,0.17738802001308743,-0.6666258865883234,time,-0.9921266304062759,-0.3787298546460089,,,True,True
electricity,standard,BURST16,C3,F0,0.17857053447420115,0.17780347859946782,-0.4314065623323593,time,-4.247314579829668,4.2014573393922525,,,True,True
electricity,standard,BURST16,POS_ONLY,C0,0.17851796312174667,0.17748184253682242,-0.5837896260904918,time,-0.9302736397292938,-0.27506846194122414,,,True,True
electricity,standard,BURST16,POS_ONLY,C2,0.17851796312174667,0.178616530440182,0.05518376053572638,time,-0.020661794053629667,0.1349852031445886,,,True,True
electricity,standard,BURST16,MAG_ONLY,C0,0.17858369352580303,0.17748184253682242,-0.6208246281599328,time,-0.9302479406499742,-0.3517374088473225,,,True,True
electricity,standard,BURST16,MAG_ONLY,C2,0.17858369352580303,0.178616530440182,0.018384028789519835,time,-0.18542061636428409,0.25317131433609413,,,True,True
electricity,standard,BURST16,OUTPUT_CONTEXT,C0,0.17749335287742224,0.17748184253682242,-0.006485362353303437,time,-0.03463211818231893,0.022097155709154267,,,True,True
electricity,standard,BURST16,OUTPUT_CONTEXT,C2,0.17749335287742224,0.178616530440182,0.6288206136306651,time,0.33313430062969995,0.958642956649355,,,True,True
electricity,standard,BURST4,C3,POS_ONLY,0.17006097129678388,0.16982050851581143,-0.14159819863575063,time,-0.24173211520345628,-0.036611759102410116,-0.2645786664942712,-0.0114421307315972,True,True
electricity,standard,BURST4,C3,MAG_ONLY,0.17006097129678388,0.17012113388459532,0.035364558440020843,time,0.0072196682153249925,0.061450459984755935,0.001978016747462378,0.06739258623490345,True,True
electricity,standard,BURST4,C3,OUTPUT_CONTEXT,0.17006097129678388,0.169510480369798,-0.3247533283988968,time,-0.5372860934856477,-0.12749771982911282,-0.6036665122788293,-0.08937755555508098,True,True
electricity,standard,BURST4,C3,C0,0.17006097129678388,0.16945427156351997,-0.35803153716102987,time,-0.5741353979293651,-0.160909209374246,,,True,True
electricity,standard,BURST4,C3,C2,0.17006097129678388,0.16996244161827662,-0.05797144214281236,time,-0.18147528116468414,0.07151566062851027,,,True,True
electricity,standard,BURST4,C3,M_RECENCY,0.17006097129678388,0.16985238734679226,-0.12280307227343634,time,-0.3120699821588896,0.004552411885390121,,,True,True
electricity,standard,BURST4,C3,M_MEAN,0.17006097129678388,0.16989702005344837,-0.09650036432888864,time,-0.1897060663123773,0.0008091671570302512,,,True,True
electricity,standard,BURST4,C3,M_ROTATE16,0.17006097129678388,0.16983568336288238,-0.132650529877254,time,-0.21969362152413907,-0.041293688669341036,,,True,True
electricity,standard,BURST4,C3,C2_SHRINK,0.17006097129678388,0.1698673723984815,-0.11397062047220352,time,-0.22842404452807719,0.0017929682520803365,,,True,True
electricity,standard,BURST4,C3,C0_BIAS,0.17006097129678388,0.16931532018233436,-0.44039199385297323,time,-0.6753663083547962,-0.22465509035423553,,,True,True
electricity,standard,BURST4,C3,F0,0.17006097129678388,0.17229509602855997,1.2966850382124417,time,-2.0015679694444297,4.677097046772783,,,True,True
electricity,standard,BURST4,POS_ONLY,C0,0.16982050851581143,0.16945427156351997,-0.21612730615301334,time,-0.4479878739020282,-0.028860519478341166,,,True,True
electricity,standard,BURST4,POS_ONLY,C2,0.16982050851581143,0.16996244161827662,0.08350850994712777,time,0.023852280722587438,0.14059700099766614,,,True,True
electricity,standard,BURST4,MAG_ONLY,C0,0.17012113388459532,0.16945427156351997,-0.3935352676107451,time,-0.6046512651858399,-0.19714313806471437,,,True,True
electricity,standard,BURST4,MAG_ONLY,C2,0.17012113388459532,0.16996244161827662,-0.09336902012453407,time,-0.22294390160120137,0.040320426092647334,,,True,True
electricity,standard,BURST4,OUTPUT_CONTEXT,C0,0.169510480369798,0.16945427156351997,-0.03317048650317567,time,-0.06573627133187987,0.0008051016872173063,,,True,True
electricity,standard,BURST4,OUTPUT_CONTEXT,C2,0.169510480369798,0.16996244161827662,0.26591830770100744,time,0.07680408302180253,0.512852073409946,,,True,True
electricity,standard,BURST8,C3,POS_ONLY,0.1799012437152207,0.17973169225981211,-0.0943358699162955,time,-0.24912467209237787,0.08373320750026446,-0.2804890572910466,0.15513687469319734,True,True
electricity,standard,BURST8,C3,MAG_ONLY,0.1799012437152207,0.1799772659816768,0.04223992738273674,time,0.004130916916520178,0.08359900187539261,-0.006077122085755839,0.09215918318455633,True,True
electricity,standard,BURST8,C3,OUTPUT_CONTEXT,0.1799012437152207,0.17920782920774092,-0.3869331549549493,time,-0.6615610567290386,-0.11539470339483887,-0.7212510764296572,-0.05634983696206103,True,True
electricity,standard,BURST8,C3,C0,0.1799012437152207,0.1791502976388356,-0.4191709901029572,time,-0.6804801983575376,-0.16169248271182735,,,True,True
electricity,standard,BURST8,C3,C2,0.1799012437152207,0.17981583593460643,-0.047497363160675654,time,-0.20734776660439047,0.1408451780964551,,,True,True
electricity,standard,BURST8,C3,M_RECENCY,0.1799012437152207,0.1797717186190539,-0.07204976242192185,time,-0.13563891129109773,0.0031946198026303013,,,True,True
electricity,standard,BURST8,C3,M_MEAN,0.1799012437152207,0.1797773942591421,-0.06889045009745853,time,-0.21173433952037857,0.10653377602084003,,,True,True
electricity,standard,BURST8,C3,M_ROTATE16,0.1799012437152207,0.17971095521604602,-0.10588586485777984,time,-0.25426361769336103,0.08311459530681843,,,True,True
electricity,standard,BURST8,C3,C2_SHRINK,0.1799012437152207,0.1796948051899629,-0.1148828565408877,time,-0.27508857562814293,0.06896249285959828,,,True,True
electricity,standard,BURST8,C3,C0_BIAS,0.1799012437152207,0.17901592068366146,-0.49454988594210825,time,-0.7839858120115972,-0.2132920243237519,,,True,True
electricity,standard,BURST8,C3,F0,0.1799012437152207,0.18217889874051624,1.2502298790046384,time,-2.297475494622128,4.7696035297865675,,,True,True
electricity,standard,BURST8,POS_ONLY,C0,0.17973169225981211,0.1791502976388356,-0.32452897295687233,time,-0.5415364172501741,-0.11409095001934993,,,True,True
electricity,standard,BURST8,POS_ONLY,C2,0.17973169225981211,0.17981583593460643,0.046794362886326546,time,-0.0048558206223897615,0.09763408025515839,,,True,True
electricity,standard,BURST8,MAG_ONLY,C0,0.1799772659816768,0.1791502976388356,-0.46160589948243125,time,-0.7005114285990138,-0.2328296277789002,,,True,True
electricity,standard,BURST8,MAG_ONLY,C2,0.1799772659816768,0.17981583593460643,-0.08977521152757628,time,-0.2428333805313171,0.08997526028351077,,,True,True
electricity,standard,BURST8,OUTPUT_CONTEXT,C0,0.17920782920774092,0.1791502976388356,-0.03211357707106899,time,-0.06658177725268999,0.0023025359242762034,,,True,True
electricity,standard,BURST8,OUTPUT_CONTEXT,C2,0.17920782920774092,0.17981583593460643,0.338127464527993,time,0.1419934939618886,0.5513269665641628,,,True,True
electricity,standard,FAULT,C3,POS_ONLY,0.17289327411919975,0.17269685957132394,-0.11373371140817046,time,-0.21335676041734863,-0.004690575342820623,-0.24051636134124108,0.022673399941589133,True,True
electricity,standard,FAULT,C3,MAG_ONLY,0.17289327411919975,0.17293494748956814,0.02409771476116207,time,-0.0014380699619331856,0.04866032678844942,-0.007709949570482803,0.05239802077349754,True,True
electricity,standard,FAULT,C3,OUTPUT_CONTEXT,0.17289327411919975,0.1722889054578474,-0.3507879162307548,time,-0.5656533627132082,-0.1590530552745401,-0.6256643362632083,-0.13114491927280164,True,True
electricity,standard,FAULT,C3,C0,0.17289327411919975,0.17225056234519454,-0.3731260817118276,time,-0.5792878786366867,-0.18509860102965475,,,True,True
electricity,standard,FAULT,C3,C2,0.17289327411919975,0.17281234689078517,-0.04682954075365675,time,-0.15789321043745919,0.07116452700755865,,,True,True
electricity,standard,FAULT,C3,M_RECENCY,0.17289327411919975,0.17271990665140136,-0.10037491981065294,time,-0.21850837205193707,-0.006317336606193057,,,True,True
electricity,standard,FAULT,C3,M_MEAN,0.17289327411919975,0.17275659064725893,-0.07911910707933956,time,-0.16765186907834906,0.021010930986436114,,,True,True
electricity,standard,FAULT,C3,M_ROTATE16,0.17289327411919975,0.1727103154610422,-0.1059338335808846,time,-0.20301734178629738,0.00017454851116145023,,,True,True
electricity,standard,FAULT,C3,C2_SHRINK,0.17289327411919975,0.17271102549031334,-0.1055222898300956,time,-0.21283403470580886,0.008284270644968167,,,True,True
electricity,standard,FAULT,C3,C0_BIAS,0.17289327411919975,0.17213543611098295,-0.440256826449259,time,-0.6707806732246618,-0.23260894610300242,,,True,True
electricity,standard,FAULT,C3,F0,0.17289327411919975,0.17421565299844816,0.7590471099977347,time,-2.452038292322421,4.259915854255812,,,True,True
electricity,standard,FAULT,POS_ONLY,C0,0.17269685957132394,0.17225056234519454,-0.2590976888859231,time,-0.46433114494835614,-0.07846372081970153,,,True,True
electricity,standard,FAULT,POS_ONLY,C2,0.17269685957132394,0.17281234689078517,0.06682816450275242,time,0.020630435550990645,0.10952960413525613,,,True,True
electricity,standard,FAULT,MAG_ONLY,C0,0.17293494748956814,0.17225056234519454,-0.39731954140276304,time,-0.5957860884154964,-0.21417472866491208,,,True,True
electricity,standard,FAULT,MAG_ONLY,C2,0.17293494748956814,0.17281234689078517,-0.07094435148227163,time,-0.19130720245029376,0.057165873471032504,,,True,True
electricity,standard,FAULT,OUTPUT_CONTEXT,C0,0.1722889054578474,0.17225056234519454,-0.022260079810942912,time,-0.05311553748716058,0.010468580362373579,,,True,True
electricity,standard,FAULT,OUTPUT_CONTEXT,C2,0.1722889054578474,0.17281234689078517,0.30289585342452297,time,0.1244398754205514,0.5186017876881729,,,True,True
electricity,standard,POINT16,C3,POS_ONLY,0.17068380117417237,0.17048009182309673,-0.11949157751922623,time,-0.2501336574069757,0.040491868816322774,-0.2751658859406904,0.0725822572197409,True,True
electricity,standard,POINT16,C3,MAG_ONLY,0.17068380117417237,0.17070649664571713,0.013295025081483391,time,-0.01637211337284228,0.04169763863280159,-0.02136005331123736,0.045807013065910875,True,True
electricity,standard,POINT16,C3,OUTPUT_CONTEXT,0.17068380117417237,0.17016116459691266,-0.30714210172324563,time,-0.5497231676866904,-0.08877653731725464,-0.6100558827201801,-0.02943500830441813,True,True
electricity,standard,POINT16,C3,C0,0.17068380117417237,0.17012568669287367,-0.32806009024741734,time,-0.562884904061145,-0.10896368845747355,,,True,True
electricity,standard,POINT16,C3,C2,0.17068380117417237,0.17063888217158008,-0.026324013624945408,time,-0.18814011060847124,0.1764074664051461,,,True,True
electricity,standard,POINT16,C3,M_RECENCY,0.17068380117417237,0.17042453155017784,-0.15213163365404014,time,-0.39537825519161907,0.009472512129859905,,,True,True
electricity,standard,POINT16,C3,M_MEAN,0.17068380117417237,0.1705469831779023,-0.08022305274515418,time,-0.18956095896914937,0.03811697225218235,,,True,True
electricity,standard,POINT16,C3,M_ROTATE16,0.17068380117417237,0.1705167938533806,-0.09794186075031686,time,-0.2175208255201333,0.03702164225496728,,,True,True
electricity,standard,POINT16,C3,C2_SHRINK,0.17068380117417237,0.17054129098684612,-0.08356345052955572,time,-0.23245313343735863,0.09244303921667163,,,True,True
electricity,standard,POINT16,C3,C0_BIAS,0.17068380117417237,0.17000734031843937,-0.39790096972631694,time,-0.6527337830267094,-0.17024729922311468,,,True,True
electricity,standard,POINT16,C3,F0,0.17068380117417237,0.17321852509983837,1.4633099572953112,time,-2.0278847709844823,5.150873476845602,,,True,True
electricity,standard,POINT16,POS_ONLY,C0,0.17048009182309673,0.17012568669287367,-0.20831958836577957,time,-0.4912754610381864,0.015322741362135376,,,True,True
electricity,standard,POINT16,POS_ONLY,C2,0.17048009182309673,0.17063888217158008,0.09305636937053663,time,0.01719839889234548,0.17981255180140207,,,True,True
electricity,standard,POINT16,MAG_ONLY,C0,0.17070649664571713,0.17012568669287367,-0.34140050461162197,time,-0.5661556944693552,-0.12284187539213298,,,True,True
electricity,standard,POINT16,MAG_ONLY,C2,0.17070649664571713,0.17063888217158008,-0.039624306767938045,time,-0.2131670694383625,0.1791637910410276,,,True,True
electricity,standard,POINT16,OUTPUT_CONTEXT,C0,0.17016116459691266,0.17012568669287367,-0.02085393730286711,time,-0.05614319562312231,0.015007486609339144,,,True,True
electricity,standard,POINT16,OUTPUT_CONTEXT,C2,0.17016116459691266,0.17063888217158008,0.27995821854193137,time,0.03353016230765005,0.6267815082154495,,,True,True
electricity,standard,POINT4,C3,POS_ONLY,0.16834729700375764,0.1680906666896468,-0.15267374397691658,time,-0.242601070145968,-0.057229045779078676,-0.261949869564627,-0.03584853789181774,True,True
electricity,standard,POINT4,C3,MAG_ONLY,0.16834729700375764,0.16838659278144014,0.02333664280118608,time,-0.0070308832469934135,0.0498305373052002,-0.013930864820836572,0.05652456878914377,True,True
electricity,standard,POINT4,C3,OUTPUT_CONTEXT,0.16834729700375764,0.16797399677985686,-0.22223691229423803,time,-0.40852489179853124,-0.04571517647586398,-0.44499709867054205,-0.009482346952463696,True,True
electricity,standard,POINT4,C3,C0,0.16834729700375764,0.16794298878708738,-0.24074134894838117,time,-0.4163731914993485,-0.06988046637739553,,,True,True
electricity,standard,POINT4,C3,C2,0.16834729700375764,0.1681991817453209,-0.08805944053937864,time,-0.17537182751965918,0.005601163791994747,,,True,True
electricity,standard,POINT4,C3,M_RECENCY,0.16834729700375764,0.16825061267348218,-0.057464474416568656,time,-0.15955003628351894,0.029471766224677676,,,True,True
electricity,standard,POINT4,C3,M_MEAN,0.16834729700375764,0.16816154550514542,-0.11046015190585567,time,-0.18931362664049045,-0.024809027249358434,,,True,True
electricity,standard,POINT4,C3,M_ROTATE16,0.16834729700375764,0.1680795165092121,-0.1593177444265459,time,-0.2487102809323538,-0.06971431871177547,,,True,True
electricity,standard,POINT4,C3,C2_SHRINK,0.16834729700375764,0.16813840831843202,-0.12423615009486966,time,-0.21750619290273443,-0.02907845168407755,,,True,True
electricity,standard,POINT4,C3,C0_BIAS,0.16834729700375764,0.16784790661640706,-0.29752553810031834,time,-0.49291228709156976,-0.11897771300037294,,,True,True
electricity,standard,POINT4,C3,F0,0.16834729700375764,0.16914420766133328,0.47114274180245497,time,-2.551154639569656,3.776708486967191,,,True,True
electricity,standard,POINT4,POS_ONLY,C0,0.1680906666896468,0.16794298878708738,-0.08793335382797363,time,-0.25704213312977675,0.07368068227721275,,,True,True
electricity,standard,POINT4,POS_ONLY,C2,0.1680906666896468,0.1681991817453209,0.06451580474297058,time,0.02340495384247021,0.10370574355957754,,,True,True
electricity,standard,POINT4,MAG_ONLY,C0,0.16838659278144014,0.16794298878708738,-0.26413963307223565,time,-0.4374323947516767,-0.0949245783148917,,,True,True
electricity,standard,POINT4,MAG_ONLY,C2,0.16838659278144014,0.1681991817453209,-0.11142208551466748,time,-0.2056301324392329,-0.010543052616303141,,,True,True
electricity,standard,POINT4,OUTPUT_CONTEXT,C0,0.16797399677985686,0.16794298878708738,-0.018463404154833718,time,-0.0516398433499804,0.01604366367272456,,,True,True
electricity,standard,POINT4,OUTPUT_CONTEXT,C2,0.16797399677985686,0.1681991817453209,0.13387994110756196,time,-0.021623845257499053,0.29917890449067475,,,True,True
electricity,standard,POINT8,C3,POS_ONLY,0.1697957970510627,0.16954023501783003,-0.15073827944487306,time,-0.24061884403979994,-0.05483445773951824,-0.2574879196635747,-0.03377806622995728,True,True
electricity,standard,POINT8,C3,MAG_ONLY,0.1697957970510627,0.16983450211817652,0.022789872865103256,time,-0.0047147760093729785,0.04661083702667349,-0.011311019498967958,0.05194005586441723,True,True
electricity,standard,POINT8,C3,OUTPUT_CONTEXT,0.1697957970510627,0.16938660891535365,-0.24157053401638873,time,-0.4372953922214695,-0.05774446038663675,-0.4818761853094287,-0.02216709672655376,True,True
electricity,standard,POINT8,C3,C0,0.1697957970510627,0.16934828685202802,-0.2642543407750608,time,-0.45374402315178086,-0.08369096940368702,,,True,True
electricity,standard,POINT8,C3,C2,0.1697957970510627,0.16964120943474506,-0.09112621681532929,time,-0.18636137501807648,0.010313593023698315,,,True,True
electricity,standard,POINT8,C3,M_RECENCY,0.1697957970510627,0.16965540338937818,-0.0827522488996868,time,-0.2045011775513783,0.01403616723079425,,,True,True
electricity,standard,POINT8,C3,M_MEAN,0.1697957970510627,0.16959772468071746,-0.11678952103757467,time,-0.19995995653984688,-0.02911587309177801,,,True,True
electricity,standard,POINT8,C3,M_ROTATE16,0.1697957970510627,0.16952806171413703,-0.15792980478779306,time,-0.24495528114201248,-0.0647699512145806,,,True,True
electricity,standard,POINT8,C3,C2_SHRINK,0.1697957970510627,0.16957524685310194,-0.13006037263907366,time,-0.22540652978117637,-0.029339203794276958,,,True,True
electricity,standard,POINT8,C3,C0_BIAS,0.1697957970510627,0.169238108851968,-0.32952873491545187,time,-0.5420312270789412,-0.12962977571775836,,,True,True
electricity,standard,POINT8,C3,F0,0.1697957970510627,0.17065371186097333,0.5027226191303358,time,-2.5011455776136757,3.8782747849997987,,,True,True
electricity,standard,POINT8,POS_ONLY,C0,0.16954023501783003,0.16934828685202802,-0.11334520671575365,time,-0.29221874132017767,0.047333101835930355,,,True,True
electricity,standard,POINT8,POS_ONLY,C2,0.16954023501783003,0.16964120943474506,0.05952233967883025,time,0.015386290025520555,0.09959093029185208,,,True,True
electricity,standard,POINT8,MAG_ONLY,C0,0.16983450211817652,0.16934828685202802,-0.28710964556337704,time,-0.47404927283812626,-0.10678682215052158,,,True,True
electricity,standard,POINT8,MAG_ONLY,C2,0.16983450211817652,0.16964120943474506,-0.11394205693033843,time,-0.21109958997462708,-0.010347433949707836,,,True,True
electricity,standard,POINT8,OUTPUT_CONTEXT,C0,0.16938660891535365,0.16934828685202802,-0.022629141420904553,time,-0.05695903214429865,0.012600500512528447,,,True,True
electricity,standard,POINT8,OUTPUT_CONTEXT,C2,0.16938660891535365,0.16964120943474506,0.15008176388258132,time,-0.00695639197122344,0.33083349899405606,,,True,True
electricity,standard,REFERENCE,C3,POS_ONLY,0.1674955548362826,0.16722990006777283,-0.15885602299714474,time,-0.24454640060273702,-0.06646941828965693,-0.2650696515724704,-0.0450364758777553,True,True
electricity,standard,REFERENCE,C3,MAG_ONLY,0.1674955548362826,0.1675458454326682,0.0300160211408107,time,0.0007098411968259333,0.05532103674802891,-0.004893713685173441,0.060194501535766706,True,True
electricity,standard,REFERENCE,C3,OUTPUT_CONTEXT,0.1674955548362826,0.16714559771129855,-0.20937262469125084,time,-0.408701759424267,-0.03117076301494499,-0.4586876744228502,0.011221174144728157,True,True
electricity,standard,REFERENCE,C3,C0,0.1674955548362826,0.16711036451146866,-0.23050055928008906,time,-0.41891806802280607,-0.05113310870482839,,,True,True
electricity,standard,REFERENCE,C3,C2,0.1674955548362826,0.1673380529731882,-0.09412196466729306,time,-0.18372240758373792,-0.0029822891833949238,,,True,True
electricity,standard,REFERENCE,C3,M_RECENCY,0.1674955548362826,0.16739590457233564,-0.05952969052709367,time,-0.17179861579084854,0.03116141303153256,,,True,True
electricity,standard,REFERENCE,C3,M_MEAN,0.1674955548362826,0.16729658243761125,-0.11893392905713007,time,-0.19728270485379173,-0.029699273985768788,,,True,True
electricity,standard,REFERENCE,C3,M_ROTATE16,0.1674955548362826,0.16721175024590512,-0.16972765966511982,time,-0.2629463898706652,-0.07078740072605728,,,True,True
electricity,standard,REFERENCE,C3,C2_SHRINK,0.1674955548362826,0.1672830336920576,-0.1270428563701298,time,-0.21987612945374158,-0.034328557300807874,,,True,True
electricity,standard,REFERENCE,C3,C0_BIAS,0.1674955548362826,0.1670277887633358,-0.28005284414653886,time,-0.48760593700563515,-0.09166389083568872,,,True,True
electricity,standard,REFERENCE,C3,F0,0.1674955548362826,0.16905908976237105,0.9248452291362508,time,-2.168718750209564,4.2578345761826295,,,True,True
electricity,standard,REFERENCE,POS_ONLY,C0,0.16722990006777283,0.16711036451146866,-0.07153090513183358,time,-0.26569789824176737,0.09772212825085017,,,True,True
electricity,standard,REFERENCE,POS_ONLY,C2,0.16722990006777283,0.1673380529731882,0.06463138747808683,time,0.015940551405707326,0.1086041939887025,,,True,True
electricity,standard,REFERENCE,MAG_ONLY,C0,0.1675458454326682,0.16711036451146866,-0.26059480061133566,time,-0.4488596318054139,-0.08765278131798239,,,True,True
electricity,standard,REFERENCE,MAG_ONLY,C2,0.1675458454326682,0.1673380529731882,-0.12417525827987941,time,-0.21601635516657058,-0.022376918132977493,,,True,True
electricity,standard,REFERENCE,OUTPUT_CONTEXT,C0,0.16714559771129855,0.16711036451146866,-0.021083790902443056,time,-0.05450404374233109,0.0123874875151833,,,True,True
electricity,standard,REFERENCE,OUTPUT_CONTEXT,C2,0.16714559771129855,0.1673380529731882,0.11500986085961618,time,-0.0513311684859441,0.30566819328393613,,,True,True
electricity,standard,SHIFT4,C3,POS_ONLY,0.18949540456831743,0.18932557718347884,-0.08970123707796596,time,-0.24519628666067717,0.07730920679485784,-0.2825193090813244,0.11523162843810303,True,True
electricity,standard,SHIFT4,C3,MAG_ONLY,0.18949540456831743,0.18956256923542542,0.03543139733698242,time,-0.05709787238688868,0.11624122050134351,-0.08069878292943551,0.13869684767746435,True,True
electricity,standard,SHIFT4,C3,OUTPUT_CONTEXT,0.18949540456831743,0.19147278178677363,1.032719742202437,time,0.7154806712766457,1.3826878116295607,0.6500404544327695,1.4832643778450305,True,True
electricity,standard,SHIFT4,C3,C0,0.18949540456831743,0.19184825120056098,1.2264102578573133,time,0.8713367734269037,1.6000738728688648,,,True,True
electricity,standard,SHIFT4,C3,C2,0.18949540456831743,0.18946301372141275,-0.01709613199349924,time,-0.2250370857739009,0.19280486310519288,,,True,True
electricity,standard,SHIFT4,C3,M_RECENCY,0.18949540456831743,0.1895749440555755,0.04195675101176244,time,-0.10415271765095879,0.19185197159658648,,,True,True
electricity,standard,SHIFT4,C3,M_MEAN,0.18949540456831743,0.18937087735814412,-0.06575837420756958,time,-0.25117710403596116,0.1125341767738749,,,True,True
electricity,standard,SHIFT4,C3,M_ROTATE16,0.18949540456831743,0.1893439316303093,-0.07999883423983611,time,-0.24660116956578826,0.08183960957125423,,,True,True
electricity,standard,SHIFT4,C3,C2_SHRINK,0.18949540456831743,0.18956806101186316,0.03832736546330873,time,-0.15121641551466614,0.23365211603167624,,,True,True
electricity,standard,SHIFT4,C3,C0_BIAS,0.18949540456831743,0.19163001077796982,1.1139206228640397,time,0.777164932097148,1.4706280157829152,,,True,True
electricity,standard,SHIFT4,C3,F0,0.18949540456831743,0.26506885317783074,28.51087470424608,time,23.87334009314272,32.666863822640074,,,True,True
electricity,standard,SHIFT4,POS_ONLY,C0,0.18932557718347884,0.19184825120056098,1.3149319846783025,time,0.934916793269969,1.72429487433315,,,True,True
electricity,standard,SHIFT4,POS_ONLY,C2,0.18932557718347884,0.18946301372141275,0.0725400357750039,time,-0.045284133690915995,0.18529056911997152,,,True,True
electricity,standard,SHIFT4,MAG_ONLY,C0,0.18956256923542542,0.19184825120056098,1.191400990539171,time,0.8544442849993111,1.5405289956056616,,,True,True
electricity,standard,SHIFT4,MAG_ONLY,C2,0.18956256923542542,0.18946301372141275,-0.052546147164656,time,-0.2986416043773449,0.2087014710002612,,,True,True
electricity,standard,SHIFT4,OUTPUT_CONTEXT,C0,0.19147278178677363,0.19184825120056098,0.19571166869529755,time,0.02551620129145005,0.3690221959762149,,,True,True
electricity,standard,SHIFT4,OUTPUT_CONTEXT,C2,0.19147278178677363,0.18946301372141275,-1.0607706622444368,time,-1.5138522688215994,-0.6370323900113547,,,True,True
electricity,standard,SHIFT8,C3,POS_ONLY,0.20089122722097225,0.2015201367999388,0.31208274714050743,time,0.018920350663508004,0.5650415386264246,-0.060332055119582395,0.6188236958581802,True,True
electricity,standard,SHIFT8,C3,MAG_ONLY,0.20089122722097225,0.200735669693094,-0.07749371505128,time,-0.13688052160438668,-0.015408769484594633,-0.1469417136943707,0.005050481383158857,True,True
electricity,standard,SHIFT8,C3,OUTPUT_CONTEXT,0.20089122722097225,0.20390925787529518,1.4800851544311322,time,1.0240518694048575,1.9716241299623372,0.9247381473884771,2.1200920720360736,True,True
electricity,standard,SHIFT8,C3,C0,0.20089122722097225,0.20754396303765918,3.2054586022720377,time,2.5953109026967605,3.8781356619410023,,,True,True
electricity,standard,SHIFT8,C3,C2,0.20089122722097225,0.20289599956904256,0.9880787952096237,time,0.6264382422210052,1.3582982223709064,,,True,True
electricity,standard,SHIFT8,C3,M_RECENCY,0.20089122722097225,0.20117550025329023,0.14130599002366573,time,0.04265593428730369,0.2584115379788804,,,True,True
electricity,standard,SHIFT8,C3,M_MEAN,0.20089122722097225,0.20248099655416152,0.7851449569313163,time,0.47576677124663624,1.0994135557522124,,,True,True
electricity,standard,SHIFT8,C3,M_ROTATE16,0.20089122722097225,0.2030329711404435,1.054874933583938,time,0.7199987240462439,1.401232705239673,,,True,True
electricity,standard,SHIFT8,C3,C2_SHRINK,0.20089122722097225,0.20267443335467233,0.8798377299911064,time,0.5978200000555639,1.1754988293234347,,,True,True
electricity,standard,SHIFT8,C3,C0_BIAS,0.20089122722097225,0.2074021136375433,3.139257504361548,time,2.532096789559541,3.804370689427721,,,True,True
electricity,standard,SHIFT8,C3,F0,0.20089122722097225,0.32122629776803974,37.46115165015615,time,32.72074519666241,41.44476474437951,,,True,True
electricity,standard,SHIFT8,POS_ONLY,C0,0.2015201367999388,0.20754396303765918,2.9024338504258673,time,2.305652032342285,3.562252231734006,,,True,True
electricity,standard,SHIFT8,POS_ONLY,C2,0.2015201367999388,0.20289599956904256,0.6781123196249017,time,0.4640324493023848,0.8926890933754629,,,True,True
electricity,standard,SHIFT8,MAG_ONLY,C0,0.200735669693094,0.20754396303765918,3.2804102055860818,time,2.6508114959062405,3.9660145196443075,,,True,True
electricity,standard,SHIFT8,MAG_ONLY,C2,0.200735669693094,0.20289599956904256,1.0647473979463196,time,0.6813772248872652,1.4569116703782923,,,True,True
electricity,standard,SHIFT8,OUTPUT_CONTEXT,C0,0.20390925787529518,0.20754396303765918,1.7512940917026265,time,1.347637393564648,2.192968389070087,,,True,True
electricity,standard,SHIFT8,OUTPUT_CONTEXT,C2,0.20390925787529518,0.20289599956904256,-0.4993978730013504,time,-1.1270576930043967,0.11030757748557384,,,True,True
electricity,standard,SHIFT_POINT,C3,POS_ONLY,0.19362999136858622,0.19371860334588517,0.04574262655648864,time,-0.1479012972603666,0.22651202509194138,-0.1930572902715675,0.2582044677141859,True,True
electricity,standard,SHIFT_POINT,C3,MAG_ONLY,0.19362999136858622,0.19372326905104814,0.04814996304720598,time,-0.024759741739610597,0.1205749818967569,-0.041655395670136916,0.1381061424668004,True,True
electricity,standard,SHIFT_POINT,C3,OUTPUT_CONTEXT,0.19362999136858622,0.19639422568022413,1.4074926602672844,time,1.1121218964180444,1.7068342066141269,1.0394748317483324,1.7902893113559177,True,True
electricity,standard,SHIFT_POINT,C3,C0,0.19362999136858622,0.19657725572749,1.4992906213878054,time,1.2083011570590019,1.8012960651435577,,,True,True
electricity,standard,SHIFT_POINT,C3,C2,0.19362999136858622,0.19375287362756632,0.06342216075531093,time,-0.10896026841561435,0.2307351784531475,,,True,True
electricity,standard,SHIFT_POINT,C3,M_RECENCY,0.19362999136858622,0.19376495726375442,0.06965443962320128,time,-0.02888651573056178,0.17060050702234622,,,True,True
electricity,standard,SHIFT_POINT,C3,M_MEAN,0.19362999136858622,0.1937279263391526,0.0505528409956324,time,-0.11366375735877343,0.21910578619593965,,,True,True
electricity,standard,SHIFT_POINT,C3,M_ROTATE16,0.19362999136858622,0.19378633111742433,0.08067635520865313,time,-0.0988506459586469,0.2654648925927025,,,True,True
electricity,standard,SHIFT_POINT,C3,C2_SHRINK,0.19362999136858622,0.193904838614061,0.14174336619924288,time,-0.013155674416633345,0.29560091573893543,,,True,True
electricity,standard,SHIFT_POINT,C3,C0_BIAS,0.19362999136858622,0.19638794069356255,1.404337412590806,time,1.1263781035829508,1.699378729751321,,,True,True
electricity,standard,SHIFT_POINT,C3,F0,0.19362999136858622,0.2853536832246022,32.14386119692036,time,28.241902166696654,35.72041530752801,,,True,True
electricity,standard,SHIFT_POINT,POS_ONLY,C0,0.19371860334588517,0.19657725572749,1.4542131901402189,time,1.1255976954656353,1.7997243070802273,,,True,True
electricity,standard,SHIFT_POINT,POS_ONLY,C2,0.19371860334588517,0.19375287362756632,0.017687624983064865,time,-0.09331991279282748,0.11833895226428469,,,True,True
electricity,standard,SHIFT_POINT,MAG_ONLY,C0,0.19372326905104814,0.19657725572749,1.4518397186286225,time,1.170035527791785,1.7458615868505636,,,True,True
electricity,standard,SHIFT_POINT,MAG_ONLY,C2,0.19372326905104814,0.19375287362756632,0.015279554808089735,time,-0.18021388351746215,0.20166044022614002,,,True,True
electricity,standard,SHIFT_POINT,OUTPUT_CONTEXT,C0,0.19639422568022413,0.19657725572749,0.09310845580202676,time,-0.03658014170483004,0.23154862252414668,,,True,True
electricity,standard,SHIFT_POINT,OUTPUT_CONTEXT,C2,0.19639422568022413,0.19375287362756632,-1.3632582594542697,time,-1.716917818590478,-1.0380258681251573,,,True,True
electricity_transfer,shape,PAIRED_SHIFT8_D32,C3,POS_ONLY,0.35971102658328097,0.36164219235053696,0.5339990211607137,time,0.3476486969836512,0.7030135384875619,0.2933599179025593,0.7365119965394056,True,True
electricity_transfer,shape,PAIRED_SHIFT8_D32,C3,POS_ONLY,0.35971102658328097,0.36164219235053696,0.5339990211607137,series_and_time,0.2278517885696263,0.8575682379705272,0.16704268093065716,0.9149825023902195,True,True
electricity_transfer,shape,PAIRED_SHIFT8_D32,C3,MAG_ONLY,0.35971102658328097,0.3588431563108673,-0.24185225694031143,time,-0.32615998118954437,-0.1552248617647295,-0.34086488879683224,-0.13734701983020217,True,True
electricity_transfer,shape,PAIRED_SHIFT8_D32,C3,MAG_ONLY,0.35971102658328097,0.3588431563108673,-0.24185225694031143,series_and_time,-0.425579475276478,-0.08555002068920745,-0.47748525732507635,-0.06261191472331598,True,True
electricity_transfer,shape,PAIRED_SHIFT8_D32,C3,OUTPUT_CONTEXT,0.35971102658328097,0.37257555950007004,3.452865489634094,time,2.3869776799026723,4.522856767934748,2.078602848546182,4.726601016801529,True,True
electricity_transfer,shape,PAIRED_SHIFT8_D32,C3,OUTPUT_CONTEXT,0.35971102658328097,0.37257555950007004,3.452865489634094,series_and_time,1.690692831783891,5.56821132237194,1.3308645203259726,6.135964947552959,True,True
electricity_transfer,shape,PAIRED_SHIFT8_D32,C3,C0,0.35971102658328097,0.3898545279133606,7.731986977660188,time,6.598935106176,8.891536510287091,,,True,True
electricity_transfer,shape,PAIRED_SHIFT8_D32,C3,C0,0.35971102658328097,0.3898545279133606,7.731986977660188,series_and_time,4.762653076636364,11.168265759856009,,,True,True
electricity_transfer,shape,PAIRED_SHIFT8_D32,C3,C2,0.35971102658328097,0.3674250259185141,2.099475754529556,time,1.723178526853708,2.4724475873250538,,,True,True
electricity_transfer,shape,PAIRED_SHIFT8_D32,C3,C2,0.35971102658328097,0.3674250259185141,2.099475754529556,series_and_time,1.2329760624411088,3.094355317238806,,,True,True
electricity_transfer,shape,PAIRED_SHIFT8_D32,C3,M_RECENCY,0.35971102658328097,0.3602949464344547,0.16206717772544454,time,0.11541128528411548,0.21563903089210051,,,True,True
electricity_transfer,shape,PAIRED_SHIFT8_D32,C3,M_RECENCY,0.35971102658328097,0.3602949464344547,0.16206717772544454,series_and_time,0.05471996812606794,0.27636709693536554,,,True,True
electricity_transfer,shape,PAIRED_SHIFT8_D32,C3,M_MEAN,0.35971102658328097,0.3659508223036409,1.7050913237687926,time,1.3525863093513975,2.0525208060748086,,,True,True
electricity_transfer,shape,PAIRED_SHIFT8_D32,C3,M_MEAN,0.35971102658328097,0.3659508223036409,1.7050913237687926,series_and_time,0.9891983891910355,2.5291505075384326,,,True,True
electricity_transfer,shape,PAIRED_SHIFT8_D32,C3,M_ROTATE16,0.35971102658328097,0.3679336667054959,2.234815910117982,time,1.8435074209663844,2.619994339136078,,,True,True
electricity_transfer,shape,PAIRED_SHIFT8_D32,C3,M_ROTATE16,0.35971102658328097,0.3679336667054959,2.234815910117982,series_and_time,1.3956585734800417,3.2011301976334177,,,True,True
electricity_transfer,shape,PAIRED_SHIFT8_D32,C3,F0,0.35971102658328097,0.5715110118216133,37.059650795397424,time,34.909848637916454,38.87355354536391,,,True,True
electricity_transfer,shape,PAIRED_SHIFT8_D32,C3,F0,0.35971102658328097,0.5715110118216133,37.059650795397424,series_and_time,30.83385761182025,42.63102361747804,,,True,True
electricity_transfer,shape,PAIRED_SHIFT8_D32,POS_ONLY,C0,0.36164219235053696,0.3898545279133606,7.236631497863078,time,6.06051238753046,8.429714259342289,,,True,True
electricity_transfer,shape,PAIRED_SHIFT8_D32,POS_ONLY,C0,0.36164219235053696,0.3898545279133606,7.236631497863078,series_and_time,4.373471072826062,10.53983468089164,,,True,True
electricity_transfer,shape,PAIRED_SHIFT8_D32,POS_ONLY,C2,0.36164219235053696,0.3674250259185141,1.5738812438049976,time,1.3228674796001425,1.829910037790608,,,True,True
electricity_transfer,shape,PAIRED_SHIFT8_D32,POS_ONLY,C2,0.36164219235053696,0.3674250259185141,1.5738812438049976,series_and_time,0.8933650851093015,2.368672406638928,,,True,True
electricity_transfer,shape,PAIRED_SHIFT8_D32,MAG_ONLY,C0,0.3588431563108673,0.3898545279133606,7.954600852907157,time,6.76463777791,9.146757875494377,,,True,True
electricity_transfer,shape,PAIRED_SHIFT8_D32,MAG_ONLY,C0,0.3588431563108673,0.3898545279133606,7.954600852907157,series_and_time,4.858859244254557,11.502921002390046,,,True,True
electricity_transfer,shape,PAIRED_SHIFT8_D32,MAG_ONLY,C2,0.3588431563108673,0.3674250259185141,2.3356791188061554,time,1.9524306917629697,2.7354499706122923,,,True,True
electricity_transfer,shape,PAIRED_SHIFT8_D32,MAG_ONLY,C2,0.3588431563108673,0.3674250259185141,2.3356791188061554,series_and_time,1.362691590757509,3.43053265739226,,,True,True
electricity_transfer,shape,PAIRED_SHIFT8_D32,OUTPUT_CONTEXT,C0,0.37257555950007004,0.3898545279133606,4.432157939981796,time,4.030025586940607,4.841424998265207,,,True,True
electricity_transfer,shape,PAIRED_SHIFT8_D32,OUTPUT_CONTEXT,C0,0.37257555950007004,0.3898545279133606,4.432157939981796,series_and_time,2.8956113331876745,6.135723280176177,,,True,True
electricity_transfer,shape,PAIRED_SHIFT8_D32,OUTPUT_CONTEXT,C2,0.37257555950007004,0.3674250259185141,-1.4017917175566108,time,-2.606246473867125,-0.15077484294958604,,,True,True
electricity_transfer,shape,PAIRED_SHIFT8_D32,OUTPUT_CONTEXT,C2,0.37257555950007004,0.3674250259185141,-1.4017917175566108,series_and_time,-3.171738307814098,0.12606166498892407,,,True,True
electricity_transfer,shape,PULSE8_D32,C3,POS_ONLY,7.064277312020451,7.036446983655168,-0.39551677757154735,time,-0.4068116765299129,-0.38402393851350913,-0.40921918465284757,-0.3824075702403958,True,True
electricity_transfer,shape,PULSE8_D32,C3,POS_ONLY,7.064277312020451,7.036446983655168,-0.39551677757154735,series_and_time,-0.4423789353185692,-0.3485430187670325,-0.45328327453596384,-0.3375688519463103,True,True
electricity_transfer,shape,PULSE8_D32,C3,MAG_ONLY,7.064277312020451,7.066507426094471,0.03155892917886538,time,0.028472616008925755,0.03479119860500507,0.02777086222475032,0.035348732145893125,True,True
electricity_transfer,shape,PULSE8_D32,C3,MAG_ONLY,7.064277312020451,7.066507426094471,0.03155892917886538,series_and_time,0.0211413130860183,0.040504010968137875,0.017426650319196286,0.042183731304748784,True,True
electricity_transfer,shape,PULSE8_D32,C3,OUTPUT_CONTEXT,7.064277312020451,7.040763835951287,-0.3339620049333414,time,-0.3566724022997453,-0.30898720461532414,-0.3626173834817124,-0.3037623033747629,True,True
electricity_transfer,shape,PULSE8_D32,C3,OUTPUT_CONTEXT,7.064277312020451,7.040763835951287,-0.3339620049333414,series_and_time,-0.4110247724659216,-0.247296271298868,-0.43012832349281865,-0.22821485372405487,True,True
electricity_transfer,shape,PULSE8_D32,C3,C0,7.064277312020451,7.028734092214794,-0.5056845135886556,time,-0.5279796001659576,-0.4811200256743192,,,True,True
electricity_transfer,shape,PULSE8_D32,C3,C0,7.064277312020451,7.028734092214794,-0.5056845135886556,series_and_time,-0.5821154970700515,-0.4197814196165167,,,True,True
electricity_transfer,shape,PULSE8_D32,C3,C2,7.064277312020451,7.019591465076173,-0.6365875730318216,time,-0.6465762022968041,-0.6266034492267603,,,True,True
electricity_transfer,shape,PULSE8_D32,C3,C2,7.064277312020451,7.019591465076173,-0.6365875730318216,series_and_time,-0.678038493664484,-0.5894805914664392,,,True,True
electricity_transfer,shape,PULSE8_D32,C3,M_RECENCY,7.064277312020451,7.06049709704671,-0.05354035164637505,time,-0.056267632268959256,-0.051089545099877176,,,True,True
electricity_transfer,shape,PULSE8_D32,C3,M_RECENCY,7.064277312020451,7.06049709704671,-0.05354035164637505,series_and_time,-0.06347721265900497,-0.04351009088934544,,,True,True
electricity_transfer,shape,PULSE8_D32,C3,M_MEAN,7.064277312020451,7.024954369017254,-0.5597608317091218,time,-0.569816295639623,-0.5496872815544096,,,True,True
electricity_transfer,shape,PULSE8_D32,C3,M_MEAN,7.064277312020451,7.024954369017254,-0.5597608317091218,series_and_time,-0.6015318035579897,-0.5133874228931928,,,True,True
electricity_transfer,shape,PULSE8_D32,C3,M_ROTATE16,7.064277312020451,7.0186458507828915,-0.6501462277437753,time,-0.6609333454502903,-0.6388869555486282,,,True,True
electricity_transfer,shape,PULSE8_D32,C3,M_ROTATE16,7.064277312020451,7.0186458507828915,-0.6501462277437753,series_and_time,-0.693929199420496,-0.6015304243117465,,,True,True
electricity_transfer,shape,PULSE8_D32,C3,F0,7.064277312020451,6.839169212716374,-3.2914538638044277,time,-3.742528762427465,-2.82830850366406,,,True,True
electricity_transfer,shape,PULSE8_D32,C3,F0,7.064277312020451,6.839169212716374,-3.2914538638044277,series_and_time,-4.341162003506029,-2.4548011587909007,,,True,True
electricity_transfer,shape,PULSE8_D32,POS_ONLY,C0,7.036446983655168,7.028734092214794,-0.10973372074092325,time,-0.13776343510920053,-0.0790260462063963,,,True,True
electricity_transfer,shape,PULSE8_D32,POS_ONLY,C0,7.036446983655168,7.028734092214794,-0.10973372074092325,series_and_time,-0.21276612850601562,0.002744067736488568,,,True,True
electricity_transfer,shape,PULSE8_D32,POS_ONLY,C2,7.036446983655168,7.019591465076173,-0.2401210763169681,time,-0.2470902373770517,-0.23305725699800106,,,True,True
electricity_transfer,shape,PULSE8_D32,POS_ONLY,C2,7.036446983655168,7.019591465076173,-0.2401210763169681,series_and_time,-0.2549512415864702,-0.2230014175869005,,,True,True
electricity_transfer,shape,PULSE8_D32,MAG_ONLY,C0,7.066507426094471,7.028734092214794,-0.5374130445696679,time,-0.5613815202527617,-0.5118369267134898,,,True,True
electricity_transfer,shape,PULSE8_D32,MAG_ONLY,C0,7.066507426094471,7.028734092214794,-0.5374130445696679,series_and_time,-0.6150341339507082,-0.44949670436501066,,,True,True
electricity_transfer,shape,PULSE8_D32,MAG_ONLY,C2,7.066507426094471,7.019591465076173,-0.6683574286582727,time,-0.6795350180134535,-0.6577555443772365,,,True,True
electricity_transfer,shape,PULSE8_D32,MAG_ONLY,C2,7.066507426094471,7.019591465076173,-0.6683574286582727,series_and_time,-0.7151299923450538,-0.6162190348879399,,,True,True
electricity_transfer,shape,PULSE8_D32,OUTPUT_CONTEXT,C0,7.040763835951287,7.028734092214794,-0.17115092957944444,time,-0.17190506937737604,-0.1703399393368804,,,True,True
electricity_transfer,shape,PULSE8_D32,OUTPUT_CONTEXT,C0,7.040763835951287,7.028734092214794,-0.17115092957944444,series_and_time,-0.1732911939443177,-0.1692450014171598,,,True,True
electricity_transfer,shape,PULSE8_D32,OUTPUT_CONTEXT,C2,7.040763835951287,7.019591465076173,-0.3016182776512055,time,-0.3294083076053095,-0.27625843588339805,,,True,True
electricity_transfer,shape,PULSE8_D32,OUTPUT_CONTEXT,C2,7.040763835951287,7.019591465076173,-0.3016182776512055,series_and_time,-0.40243219087301496,-0.20741791642463328,,,True,True
electricity_transfer,shape,RAMP8_D32,C3,POS_ONLY,0.8823717020031931,0.9083894493031364,2.8641622070690653,time,2.649519073663349,3.095335407907843,2.5972481521436004,3.1438836454464347,True,True
electricity_transfer,shape,RAMP8_D32,C3,POS_ONLY,0.8823717020031931,0.9083894493031364,2.8641622070690653,series_and_time,2.306904446214079,3.4241691808259622,2.1669417390505945,3.545333802486702,True,True
electricity_transfer,shape,RAMP8_D32,C3,MAG_ONLY,0.8823717020031931,0.8811030191265177,-0.14398802967821034,time,-0.22501083691019663,-0.06984126357372393,-0.24011239738576975,-0.052000867165931663,True,True
electricity_transfer,shape,RAMP8_D32,C3,MAG_ONLY,0.8823717020031931,0.8811030191265177,-0.14398802967821034,series_and_time,-0.33419348204141885,0.04079069238867356,-0.3642551632478608,0.08098905052069313,True,True
electricity_transfer,shape,RAMP8_D32,C3,OUTPUT_CONTEXT,0.8823717020031931,0.8758303169442023,-0.7468781260979718,time,-1.0821931270007545,-0.4305458028066241,-1.1409296470462271,-0.35431840757094135,True,True
electricity_transfer,shape,RAMP8_D32,C3,OUTPUT_CONTEXT,0.8823717020031931,0.8758303169442023,-0.7468781260979718,series_and_time,-1.5418420302046554,0.08386052645697151,-1.6816498569681844,0.2525521761621386,True,True
electricity_transfer,shape,RAMP8_D32,C3,C0,0.8823717020031931,0.8834031746798603,0.11676125989030783,time,-0.22586477273279282,0.4558822664060984,,,True,True
electricity_transfer,shape,RAMP8_D32,C3,C0,0.8823717020031931,0.8834031746798603,0.11676125989030783,series_and_time,-0.5980518545065672,0.8316499657609214,,,True,True
electricity_transfer,shape,RAMP8_D32,C3,C2,0.8823717020031931,0.9141843998364416,3.4798994424910523,time,3.2659927065882575,3.712523187228079,,,True,True
electricity_transfer,shape,RAMP8_D32,C3,C2,0.8823717020031931,0.9141843998364416,3.4798994424910523,series_and_time,2.8603526839088786,4.066166365797536,,,True,True
electricity_transfer,shape,RAMP8_D32,C3,M_RECENCY,0.8823717020031931,0.8818883463369656,-0.054809168103342465,time,-0.1616086780261844,0.050345344491219635,,,True,True
electricity_transfer,shape,RAMP8_D32,C3,M_RECENCY,0.8823717020031931,0.8818883463369656,-0.054809168103342465,series_and_time,-0.2465080278440307,0.14218090648288373,,,True,True
electricity_transfer,shape,RAMP8_D32,C3,M_MEAN,0.8823717020031931,0.913216006334971,3.377547493452937,time,3.1594360477859857,3.615413603881036,,,True,True
electricity_transfer,shape,RAMP8_D32,C3,M_MEAN,0.8823717020031931,0.913216006334971,3.377547493452937,series_and_time,2.7433778924025956,3.9914565856868167,,,True,True
electricity_transfer,shape,RAMP8_D32,C3,M_ROTATE16,0.8823717020031931,0.9141073975896492,3.471768817333487,time,3.224822662733008,3.7356071586679973,,,True,True
electricity_transfer,shape,RAMP8_D32,C3,M_ROTATE16,0.8823717020031931,0.9141073975896492,3.471768817333487,series_and_time,2.821506847883403,4.105746303094608,,,True,True
electricity_transfer,shape,RAMP8_D32,C3,F0,0.8823717020031931,0.9655096795492801,8.610786541766991,time,4.535736893359437,12.283113909298958,,,True,True
electricity_transfer,shape,RAMP8_D32,C3,F0,0.8823717020031931,0.9655096795492801,8.610786541766991,series_and_time,-3.077628069506077,18.315591192796646,,,True,True
electricity_transfer,shape,RAMP8_D32,POS_ONLY,C0,0.9083894493031364,0.8834031746798603,-2.828411232768202,time,-3.1303829278567745,-2.514330288536885,,,True,True
electricity_transfer,shape,RAMP8_D32,POS_ONLY,C0,0.9083894493031364,0.8834031746798603,-2.828411232768202,series_and_time,-3.8482373345599217,-1.813550912397192,,,True,True
electricity_transfer,shape,RAMP8_D32,POS_ONLY,C2,0.9083894493031364,0.9141843998364416,0.6338929579570607,time,0.5620215180749982,0.7065773830633462,,,True,True
electricity_transfer,shape,RAMP8_D32,POS_ONLY,C2,0.9083894493031364,0.9141843998364416,0.6338929579570607,series_and_time,0.5163382563216484,0.7491722187003946,,,True,True
electricity_transfer,shape,RAMP8_D32,MAG_ONLY,C0,0.8811030191265177,0.8834031746798603,0.26037438162661575,time,-0.08546309736790991,0.5981170589233467,,,True,True
electricity_transfer,shape,RAMP8_D32,MAG_ONLY,C0,0.8811030191265177,0.8834031746798603,0.26037438162661575,series_and_time,-0.5056599938623219,0.9758943542902931,,,True,True
electricity_transfer,shape,RAMP8_D32,MAG_ONLY,C2,0.8811030191265177,0.9141843998364416,3.6186770104415067,time,3.4278525190824785,3.8307563211812705,,,True,True
electricity_transfer,shape,RAMP8_D32,MAG_ONLY,C2,0.8811030191265177,0.9141843998364416,3.6186770104415067,series_and_time,3.0365573987699173,4.176685549269509,,,True,True
electricity_transfer,shape,RAMP8_D32,OUTPUT_CONTEXT,C0,0.8758303169442023,0.8834031746798603,0.8572368713076317,time,0.8141629327789945,0.9018361955084281,,,True,True
electricity_transfer,shape,RAMP8_D32,OUTPUT_CONTEXT,C0,0.8758303169442023,0.8834031746798603,0.8572368713076317,series_and_time,0.679953419899999,1.0409754698550866,,,True,True
electricity_transfer,shape,RAMP8_D32,OUTPUT_CONTEXT,C2,0.8758303169442023,0.9141843998364416,4.195442724586118,time,3.9179926605448796,4.458723065978237,,,True,True
electricity_transfer,shape,RAMP8_D32,OUTPUT_CONTEXT,C2,0.8758303169442023,0.9141843998364416,4.195442724586118,series_and_time,3.04504588919694,5.281728985876202,,,True,True
electricity_transfer,shape,STEP12_D17,C3,POS_ONLY,0.5416414193416108,0.5506619103053971,1.6381178350947767,time,1.1787313249719291,2.1162565762078818,1.0435726491394672,2.187726861502939,True,True
electricity_transfer,shape,STEP12_D17,C3,POS_ONLY,0.5416414193416108,0.5506619103053971,1.6381178350947767,series_and_time,1.0333328960193722,2.278937511070865,0.9062242056521813,2.4623337593355714,True,True
electricity_transfer,shape,STEP12_D17,C3,MAG_ONLY,0.5416414193416108,0.5321687201310754,-1.7800180379264452,time,-1.9082994166251404,-1.6546002758284701,-1.9285550661785673,-1.6207368595827587,True,True
electricity_transfer,shape,STEP12_D17,C3,MAG_ONLY,0.5416414193416108,0.5321687201310754,-1.7800180379264452,series_and_time,-2.303452324066425,-1.2206516124275837,-2.419752215587176,-1.0955391417271787,True,True
electricity_transfer,shape,STEP12_D17,C3,OUTPUT_CONTEXT,0.5416414193416108,0.5724352319879797,5.379440489612552,time,4.804269290748313,5.933799841519706,4.682631793201476,6.03116382651784,True,True
electricity_transfer,shape,STEP12_D17,C3,OUTPUT_CONTEXT,0.5416414193416108,0.5724352319879797,5.379440489612552,series_and_time,3.937927014124236,6.836803430395883,3.5511931829942522,7.100356491834934,True,True
electricity_transfer,shape,STEP12_D17,C3,C0,0.5416414193416108,0.6049852131765039,10.470304472782644,time,9.780946804070222,11.127261112270881,,,True,True
electricity_transfer,shape,STEP12_D17,C3,C0,0.5416414193416108,0.6049852131765039,10.470304472782644,series_and_time,7.952066022965956,12.782871413496537,,,True,True
electricity_transfer,shape,STEP12_D17,C3,C2,0.5416414193416108,0.5633163925544378,3.8477440918306516,time,3.284499174703919,4.4172806465927215,,,True,True
electricity_transfer,shape,STEP12_D17,C3,C2,0.5416414193416108,0.5633163925544378,3.8477440918306516,series_and_time,2.8736608841094258,4.895495740468828,,,True,True
electricity_transfer,shape,STEP12_D17,C3,M_RECENCY,0.5416414193416108,0.5485645878391959,1.262051661930197,time,1.169922012501132,1.3601819521053047,,,True,True
electricity_transfer,shape,STEP12_D17,C3,M_RECENCY,0.5416414193416108,0.5485645878391959,1.262051661930197,series_and_time,0.9724572083625954,1.5366562068514988,,,True,True
electricity_transfer,shape,STEP12_D17,C3,M_MEAN,0.5416414193416108,0.560068441074889,3.290137487110112,time,2.716930253762297,3.862073770498646,,,True,True
electricity_transfer,shape,STEP12_D17,C3,M_MEAN,0.5416414193416108,0.560068441074889,3.290137487110112,series_and_time,2.408920514113281,4.265514646959168,,,True,True
electricity_transfer,shape,STEP12_D17,C3,M_ROTATE16,0.5416414193416108,0.5641445765656097,3.988898973556254,time,3.3948005376307773,4.586919162247386,,,True,True
electricity_transfer,shape,STEP12_D17,C3,M_ROTATE16,0.5416414193416108,0.5641445765656097,3.988898973556254,series_and_time,3.0004927278525946,5.055029468057912,,,True,True
electricity_transfer,shape,STEP12_D17,C3,F0,0.5416414193416108,0.79122791874142,31.54419775743229,time,29.121671650579117,33.889313117641734,,,True,True
electricity_transfer,shape,STEP12_D17,C3,F0,0.5416414193416108,0.79122791874142,31.54419775743229,series_and_time,22.014393600069926,41.65398978066161,,,True,True
electricity_transfer,shape,STEP12_D17,POS_ONLY,C0,0.5506619103053971,0.6049852131765039,8.979277788605721,time,8.06041220043246,9.872896789854655,,,True,True
electricity_transfer,shape,STEP12_D17,POS_ONLY,C0,0.5506619103053971,0.6049852131765039,8.979277788605721,series_and_time,6.507280872913346,11.320460465968939,,,True,True
electricity_transfer,shape,STEP12_D17,POS_ONLY,C2,0.5506619103053971,0.5633163925544378,2.246425351063741,time,2.0326545168156867,2.4618579227097985,,,True,True
electricity_transfer,shape,STEP12_D17,POS_ONLY,C2,0.5506619103053971,0.5633163925544378,2.246425351063741,series_and_time,1.6144451113002267,2.8637513516002557,,,True,True
electricity_transfer,shape,STEP12_D17,MAG_ONLY,C0,0.5321687201310754,0.6049852131765039,12.03607814860499,time,11.26315363065598,12.754290429145751,,,True,True
electricity_transfer,shape,STEP12_D17,MAG_ONLY,C0,0.5321687201310754,0.6049852131765039,12.03607814860499,series_and_time,9.051882056697346,14.718879929311667,,,True,True
electricity_transfer,shape,STEP12_D17,MAG_ONLY,C2,0.5321687201310754,0.5633163925544378,5.529338899959724,time,4.911374675232024,6.178441300444255,,,True,True
electricity_transfer,shape,STEP12_D17,MAG_ONLY,C2,0.5321687201310754,0.5633163925544378,5.529338899959724,series_and_time,4.115889415549393,6.972083486388735,,,True,True
electricity_transfer,shape,STEP12_D17,OUTPUT_CONTEXT,C0,0.5724352319879797,0.6049852131765039,5.380293679843662,time,5.061856653705722,5.70213828494155,,,True,True
electricity_transfer,shape,STEP12_D17,OUTPUT_CONTEXT,C0,0.5724352319879797,0.6049852131765039,5.380293679843662,series_and_time,4.066263105576168,6.580538540446634,,,True,True
electricity_transfer,shape,STEP12_D17,OUTPUT_CONTEXT,C2,0.5724352319879797,0.5633163925544378,-1.6187775740363675,time,-2.5053994703414566,-0.703501710025665,,,True,True
electricity_transfer,shape,STEP12_D17,OUTPUT_CONTEXT,C2,0.5724352319879797,0.5633163925544378,-1.6187775740363675,series_and_time,-2.8930430987207387,-0.43110795791328466,,,True,True
electricity_transfer,shape,STEP12_D63,C3,POS_ONLY,0.4168587470309435,0.41293260452169744,-0.9507949883961642,time,-1.6265545306173117,-0.3149067044047693,-1.7957554970500005,-0.2107327231389085,True,True
electricity_transfer,shape,STEP12_D63,C3,POS_ONLY,0.4168587470309435,0.41293260452169744,-0.9507949883961642,series_and_time,-1.8104055982400669,-0.16415925589952332,-2.152134828082658,-0.02863109988984125,True,True
electricity_transfer,shape,STEP12_D63,C3,MAG_ONLY,0.4168587470309435,0.4176437046115987,0.1879490991933519,time,0.10237285663125678,0.27970911770782925,0.08661575327444622,0.30089112122995737,True,True
electricity_transfer,shape,STEP12_D63,C3,MAG_ONLY,0.4168587470309435,0.4176437046115987,0.1879490991933519,series_and_time,0.06491536725465485,0.32232403606861326,0.04182748093052792,0.362500536141196,True,True
electricity_transfer,shape,STEP12_D63,C3,OUTPUT_CONTEXT,0.4168587470309435,0.4203888083817697,0.8397134463247635,time,0.18377778027680286,1.493023552161397,0.06305430096578718,1.6484134091372,True,True
electricity_transfer,shape,STEP12_D63,C3,OUTPUT_CONTEXT,0.4168587470309435,0.4203888083817697,0.8397134463247635,series_and_time,-0.09423723558901476,1.6742688910481003,-0.30238796483020675,1.8430853829963216,True,True
electricity_transfer,shape,STEP12_D63,C3,C0,0.4168587470309435,0.41559450658965236,-0.3042004697476397,time,-1.032901841572154,0.42512326246547993,,,True,True
electricity_transfer,shape,STEP12_D63,C3,C0,0.4168587470309435,0.41559450658965236,-0.3042004697476397,series_and_time,-1.367093766891289,0.6751389317876866,,,True,True
electricity_transfer,shape,STEP12_D63,C3,C2,0.4168587470309435,0.41142151282480066,-1.3215726539944406,time,-1.7997797896600332,-0.8774745812766898,,,True,True
electricity_transfer,shape,STEP12_D63,C3,C2,0.4168587470309435,0.41142151282480066,-1.3215726539944406,series_and_time,-2.093768829023783,-0.6535189591247914,,,True,True
electricity_transfer,shape,STEP12_D63,C3,M_RECENCY,0.4168587470309435,0.41544636306411836,-0.3399678255474825,time,-0.3892463946603625,-0.2891191195564935,,,True,True
electricity_transfer,shape,STEP12_D63,C3,M_RECENCY,0.4168587470309435,0.41544636306411836,-0.3399678255474825,series_and_time,-0.5054558661145381,-0.17741021038850396,,,True,True
electricity_transfer,shape,STEP12_D63,C3,M_MEAN,0.4168587470309435,0.41263020449575527,-1.0247777523595625,time,-1.5253187868410705,-0.5652461455721404,,,True,True
electricity_transfer,shape,STEP12_D63,C3,M_MEAN,0.4168587470309435,0.41263020449575527,-1.0247777523595625,series_and_time,-1.7650867830606676,-0.3752169471367324,,,True,True
electricity_transfer,shape,STEP12_D63,C3,M_ROTATE16,0.4168587470309435,0.41166511012429136,-1.2616169743129513,time,-1.8615251127105008,-0.7219069101528964,,,True,True
electricity_transfer,shape,STEP12_D63,C3,M_ROTATE16,0.4168587470309435,0.41166511012429136,-1.2616169743129513,series_and_time,-2.177299408178109,-0.49960244869223186,,,True,True
electricity_transfer,shape,STEP12_D63,C3,F0,0.4168587470309435,0.4840861564200094,13.887488517795399,time,11.618270810154728,16.115936511579886,,,True,True
electricity_transfer,shape,STEP12_D63,C3,F0,0.4168587470309435,0.4840861564200094,13.887488517795399,series_and_time,8.111792564215733,20.04105513375957,,,True,True
electricity_transfer,shape,STEP12_D63,POS_ONLY,C0,0.41293260452169744,0.41559450658965236,0.6405046327003561,time,0.14625360702390372,1.1442006400010811,,,True,True
electricity_transfer,shape,STEP12_D63,POS_ONLY,C0,0.41293260452169744,0.41559450658965236,0.6405046327003561,series_and_time,-0.3793269951075956,1.542647319208642,,,True,True
electricity_transfer,shape,STEP12_D63,POS_ONLY,C2,0.41293260452169744,0.41142151282480066,-0.3672855331559255,time,-0.5857271104862077,-0.13032786371490532,,,True,True
electricity_transfer,shape,STEP12_D63,POS_ONLY,C2,0.41293260452169744,0.41142151282480066,-0.3672855331559255,series_and_time,-0.6599985361949401,-0.05996857215684224,,,True,True
electricity_transfer,shape,STEP12_D63,MAG_ONLY,C0,0.4176437046115987,0.41559450658965236,-0.4930763014078243,time,-1.2944672979580067,0.31040885461371365,,,True,True
electricity_transfer,shape,STEP12_D63,MAG_ONLY,C0,0.4176437046115987,0.41559450658965236,-0.4930763014078243,series_and_time,-1.676297597841534,0.5781786657965609,,,True,True
electricity_transfer,shape,STEP12_D63,MAG_ONLY,C2,0.4176437046115987,0.41142151282480066,-1.5123642281311023,time,-2.0814719577283536,-1.0027087819339542,,,True,True
electricity_transfer,shape,STEP12_D63,MAG_ONLY,C2,0.4176437046115987,0.41142151282480066,-1.5123642281311023,series_and_time,-2.3455342330814597,-0.8237202890173408,,,True,True
electricity_transfer,shape,STEP12_D63,OUTPUT_CONTEXT,C0,0.4203888083817697,0.41559450658965236,-1.1536008575905088,time,-1.4159363889481946,-0.9070792810392954,,,True,True
electricity_transfer,shape,STEP12_D63,OUTPUT_CONTEXT,C0,0.4203888083817697,0.41559450658965236,-1.1536008575905088,series_and_time,-1.6043402247911813,-0.7641278857944364,,,True,True
electricity_transfer,shape,STEP12_D63,OUTPUT_CONTEXT,C2,0.4203888083817697,0.41142151282480066,-2.1795883971647445,time,-2.797614904293012,-1.5613590791500762,,,True,True
electricity_transfer,shape,STEP12_D63,OUTPUT_CONTEXT,C2,0.4203888083817697,0.41142151282480066,-2.1795883971647445,series_and_time,-3.14353214854662,-1.219789191534194,,,True,True
electricity_transfer,shape,STEP6_D17,C3,POS_ONLY,0.3983451829792126,0.40127710711841286,0.7306482446144291,time,0.49582040510127323,0.9717913960612038,0.43593660608227935,1.0271907337830102,True,True
electricity_transfer,shape,STEP6_D17,C3,POS_ONLY,0.3983451829792126,0.40127710711841286,0.7306482446144291,series_and_time,0.33861438125472487,1.1476844826351003,0.26818497881178394,1.2726843652512967,True,True
electricity_transfer,shape,STEP6_D17,C3,MAG_ONLY,0.3983451829792126,0.3954850903059458,-0.7231859666452234,time,-0.829605014096727,-0.619783601941898,-0.8575801541579544,-0.600104243942957,True,True
electricity_transfer,shape,STEP6_D17,C3,MAG_ONLY,0.3983451829792126,0.3954850903059458,-0.7231859666452234,series_and_time,-1.1381291453361064,-0.37253507566175925,-1.1966659427250403,-0.30351859336691017,True,True
electricity_transfer,shape,STEP6_D17,C3,OUTPUT_CONTEXT,0.3983451829792126,0.4115078859467398,3.198651451659129,time,2.745596616387098,3.665211822603486,2.6574186977209964,3.797534075896766,True,True
electricity_transfer,shape,STEP6_D17,C3,OUTPUT_CONTEXT,0.3983451829792126,0.4115078859467398,3.198651451659129,series_and_time,2.0964437744961097,4.407227354572268,1.9066086968023412,4.6973460661940845,True,True
electricity_transfer,shape,STEP6_D17,C3,C0,0.3983451829792126,0.42330430614678294,5.896260162048906,time,5.274800757471455,6.546252334829896,,,True,True
electricity_transfer,shape,STEP6_D17,C3,C0,0.3983451829792126,0.42330430614678294,5.896260162048906,series_and_time,3.9289582706313646,8.070748930479773,,,True,True
electricity_transfer,shape,STEP6_D17,C3,C2,0.3983451829792126,0.4056255225567581,1.7948425758950504,time,1.4770518940134703,2.129029213454287,,,True,True
electricity_transfer,shape,STEP6_D17,C3,C2,0.3983451829792126,0.4056255225567581,1.7948425758950504,series_and_time,1.109354271143829,2.5675867520383555,,,True,True
electricity_transfer,shape,STEP6_D17,C3,M_RECENCY,0.3983451829792126,0.40073665696101374,0.5967694595091055,time,0.514267235934415,0.6766506344213813,,,True,True
electricity_transfer,shape,STEP6_D17,C3,M_RECENCY,0.3983451829792126,0.40073665696101374,0.5967694595091055,series_and_time,0.4215452790805471,0.7824208205832819,,,True,True
electricity_transfer,shape,STEP6_D17,C3,M_MEAN,0.3983451829792126,0.4047755960128178,1.5886365425551885,time,1.2481197544110585,1.9428603246825862,,,True,True
electricity_transfer,shape,STEP6_D17,C3,M_MEAN,0.3983451829792126,0.4047755960128178,1.5886365425551885,series_and_time,0.9732524279188765,2.2980729164342817,,,True,True
electricity_transfer,shape,STEP6_D17,C3,M_ROTATE16,0.3983451829792126,0.40599955866292625,1.8853162572200044,time,1.5410932431330606,2.2410834527546757,,,True,True
electricity_transfer,shape,STEP6_D17,C3,M_ROTATE16,0.3983451829792126,0.40599955866292625,1.8853162572200044,series_and_time,1.225840813328485,2.6471237524326354,,,True,True
electricity_transfer,shape,STEP6_D17,C3,F0,0.3983451829792126,0.6244479367972997,36.2084235521274,time,33.69951330930256,38.73155138895007,,,True,True
electricity_transfer,shape,STEP6_D17,C3,F0,0.3983451829792126,0.6244479367972997,36.2084235521274,series_and_time,28.341618885370945,44.1874432617323,,,True,True
electricity_transfer,shape,STEP6_D17,POS_ONLY,C0,0.40127710711841286,0.42330430614678294,5.203632164500593,time,4.492398190228652,5.957325039303106,,,True,True
electricity_transfer,shape,STEP6_D17,POS_ONLY,C0,0.40127710711841286,0.42330430614678294,5.203632164500593,series_and_time,3.256158066966393,7.324114680887766,,,True,True
electricity_transfer,shape,STEP6_D17,POS_ONLY,C2,0.40127710711841286,0.4056255225567581,1.0720270783100894,time,0.9181678772042432,1.2351898828806587,,,True,True
electricity_transfer,shape,STEP6_D17,POS_ONLY,C2,0.40127710711841286,0.4056255225567581,1.0720270783100894,series_and_time,0.6101071263499885,1.6123244833455415,,,True,True
electricity_transfer,shape,STEP6_D17,MAG_ONLY,C0,0.3954850903059458,0.42330430614678294,6.571918933229726,time,5.8849432859281325,7.290072144396698,,,True,True
electricity_transfer,shape,STEP6_D17,MAG_ONLY,C0,0.3954850903059458,0.42330430614678294,6.571918933229726,series_and_time,4.320639770743654,9.020172229955634,,,True,True
electricity_transfer,shape,STEP6_D17,MAG_ONLY,C2,0.3954850903059458,0.4056255225567581,2.4999492603164253,time,2.1700466247896615,2.8322474618173725,,,True,True
electricity_transfer,shape,STEP6_D17,MAG_ONLY,C2,0.3954850903059458,0.4056255225567581,2.4999492603164253,series_and_time,1.5364117388326832,3.531041694516732,,,True,True
electricity_transfer,shape,STEP6_D17,OUTPUT_CONTEXT,C0,0.4115078859467398,0.42330430614678294,2.78674703487487,time,2.532146366058839,3.060944893545523,,,True,True
electricity_transfer,shape,STEP6_D17,OUTPUT_CONTEXT,C0,0.4115078859467398,0.42330430614678294,2.78674703487487,series_and_time,1.7077139446434721,3.946202061203398,,,True,True
electricity_transfer,shape,STEP6_D17,OUTPUT_CONTEXT,C2,0.4115078859467398,0.4056255225567581,-1.4501955776608177,time,-2.0670369133930517,-0.8584274745474852,,,True,True
electricity_transfer,shape,STEP6_D17,OUTPUT_CONTEXT,C2,0.4115078859467398,0.4056255225567581,-1.4501955776608177,series_and_time,-2.3734381124768653,-0.5744449149279551,,,True,True
electricity_transfer,shape,STEP6_D63,C3,POS_ONLY,0.3488012095671705,0.34539426118209005,-0.9863940337110355,time,-1.371364786752524,-0.6196993201060648,-1.4915701996383433,-0.5388572732349799,True,True
electricity_transfer,shape,STEP6_D63,C3,POS_ONLY,0.3488012095671705,0.34539426118209005,-0.9863940337110355,series_and_time,-1.6648030409858776,-0.4103075243586341,-1.9147233598787965,-0.25914075314045826,True,True
electricity_transfer,shape,STEP6_D63,C3,MAG_ONLY,0.3488012095671705,0.3487481495523127,-0.015214421904707898,time,-0.08420727972513253,0.061090424013730216,-0.09725536928929746,0.07483711382816412,True,True
electricity_transfer,shape,STEP6_D63,C3,MAG_ONLY,0.3488012095671705,0.3487481495523127,-0.015214421904707898,series_and_time,-0.10585615324531006,0.08156946049594904,-0.13659393447398194,0.1034634485231199,True,True
electricity_transfer,shape,STEP6_D63,C3,OUTPUT_CONTEXT,0.3488012095671705,0.3531091609594889,1.2200055587945124,time,0.8566633204457517,1.5825516212467616,0.7875573590074725,1.6746511482320796,True,True
electricity_transfer,shape,STEP6_D63,C3,OUTPUT_CONTEXT,0.3488012095671705,0.3531091609594889,1.2200055587945124,series_and_time,0.5922291812365854,1.8232177821177256,0.4482684928334982,1.930763473055686,True,True
electricity_transfer,shape,STEP6_D63,C3,C0,0.3488012095671705,0.35181311386327796,0.8561091606374749,time,0.43062327751655693,1.2520204113618028,,,True,True
electricity_transfer,shape,STEP6_D63,C3,C0,0.3488012095671705,0.35181311386327796,0.8561091606374749,series_and_time,0.19443168031080066,1.4775733407756972,,,True,True
electricity_transfer,shape,STEP6_D63,C3,C2,0.3488012095671705,0.34380009959976787,-1.4546563462967566,time,-1.7294293017001687,-1.1902442834194378,,,True,True
electricity_transfer,shape,STEP6_D63,C3,C2,0.3488012095671705,0.34380009959976787,-1.4546563462967566,series_and_time,-2.1872672963767,-0.8072560344606351,,,True,True
electricity_transfer,shape,STEP6_D63,C3,M_RECENCY,0.3488012095671705,0.3487129182850121,-0.025319188802241932,time,-0.08048313265372586,0.027532304101374683,,,True,True
electricity_transfer,shape,STEP6_D63,C3,M_RECENCY,0.3488012095671705,0.3487129182850121,-0.025319188802241932,series_and_time,-0.18226197306377867,0.15390936718013198,,,True,True
electricity_transfer,shape,STEP6_D63,C3,M_MEAN,0.3488012095671705,0.34466012411718505,-1.2014982761909154,time,-1.4828675532419933,-0.9310093379099377,,,True,True
electricity_transfer,shape,STEP6_D63,C3,M_MEAN,0.3488012095671705,0.34466012411718505,-1.2014982761909154,series_and_time,-1.8875987615590606,-0.5995820717529597,,,True,True
electricity_transfer,shape,STEP6_D63,C3,M_ROTATE16,0.3488012095671705,0.34419901396212327,-1.337074023562912,time,-1.6488571690180946,-1.0396589052912792,,,True,True
electricity_transfer,shape,STEP6_D63,C3,M_ROTATE16,0.3488012095671705,0.34419901396212327,-1.337074023562912,series_and_time,-2.1244957547646086,-0.616787013236086,,,True,True
electricity_transfer,shape,STEP6_D63,C3,F0,0.3488012095671705,0.38781247108728006,10.059310730966619,time,7.297507546132202,12.867458192307721,,,True,True
electricity_transfer,shape,STEP6_D63,C3,F0,0.3488012095671705,0.38781247108728006,10.059310730966619,series_and_time,0.24986029322393521,20.15056512403972,,,True,True
electricity_transfer,shape,STEP6_D63,POS_ONLY,C0,0.34539426118209005,0.35181311386327796,1.8245063723470012,time,1.5857344808443228,2.062195911307671,,,True,True
electricity_transfer,shape,STEP6_D63,POS_ONLY,C0,0.34539426118209005,0.35181311386327796,1.8245063723470012,series_and_time,1.15043507989937,2.5351740352190255,,,True,True
electricity_transfer,shape,STEP6_D63,POS_ONLY,C2,0.34539426118209005,0.34380009959976787,-0.463688516721783,time,-0.6180500001966538,-0.3032208209936812,,,True,True
electricity_transfer,shape,STEP6_D63,POS_ONLY,C2,0.34539426118209005,0.34380009959976787,-0.463688516721783,series_and_time,-0.7192842385222259,-0.21617271817097977,,,True,True
electricity_transfer,shape,STEP6_D63,MAG_ONLY,C0,0.3487481495523127,0.35181311386327796,0.8711910358623953,time,0.38421620036494464,1.3183858803078505,,,True,True
electricity_transfer,shape,STEP6_D63,MAG_ONLY,C0,0.3487481495523127,0.35181311386327796,0.8711910358623953,series_and_time,0.149114416498064,1.5406257431655772,,,True,True
electricity_transfer,shape,STEP6_D63,MAG_ONLY,C2,0.3487481495523127,0.34380009959976787,-1.439222954939523,time,-1.768514847557137,-1.1270867410713865,,,True,True
electricity_transfer,shape,STEP6_D63,MAG_ONLY,C2,0.3487481495523127,0.34380009959976787,-1.439222954939523,series_and_time,-2.1896362053435197,-0.7822588506496282,,,True,True
electricity_transfer,shape,STEP6_D63,OUTPUT_CONTEXT,C0,0.3531091609594889,0.35181311386327796,-0.36839078622710186,time,-0.5196670553991856,-0.21907010125890863,,,True,True
electricity_transfer,shape,STEP6_D63,OUTPUT_CONTEXT,C0,0.3531091609594889,0.35181311386327796,-0.36839078622710186,series_and_time,-0.5652419376400458,-0.1749388776563466,,,True,True
electricity_transfer,shape,STEP6_D63,OUTPUT_CONTEXT,C2,0.3531091609594889,0.34380009959976787,-2.7076959461495465,time,-3.041164958749751,-2.383857931468727,,,True,True
electricity_transfer,shape,STEP6_D63,OUTPUT_CONTEXT,C2,0.3531091609594889,0.34380009959976787,-2.7076959461495465,series_and_time,-3.621881474349578,-1.885393335123522,,,True,True
electricity_transfer,shape,STEP8_D31,C3,POS_ONLY,0.3635699481355571,0.3642535478681489,0.1876713999335533,time,-0.11444949492048773,0.49499851305141196,-0.17846121423867045,0.5391532417973094,True,True
electricity_transfer,shape,STEP8_D31,C3,POS_ONLY,0.3635699481355571,0.3642535478681489,0.1876713999335533,series_and_time,-0.2430160522592001,0.6110462924248985,-0.32928088248802334,0.7068018215812382,True,True
electricity_transfer,shape,STEP8_D31,C3,MAG_ONLY,0.3635699481355571,0.3634343126527127,-0.03732049454945319,time,-0.11010813816206166,0.03740429568496705,-0.12426507414730281,0.053778188888344756,True,True
electricity_transfer,shape,STEP8_D31,C3,MAG_ONLY,0.3635699481355571,0.3634343126527127,-0.03732049454945319,series_and_time,-0.13565224981837098,0.05786973408886452,-0.16441228985384657,0.07629107066075716,True,True
electricity_transfer,shape,STEP8_D31,C3,OUTPUT_CONTEXT,0.3635699481355571,0.3694166967842809,1.582697452394255,time,0.42922159219664385,2.7097873538163957,0.07577709374484902,2.9543531923907076,True,True
electricity_transfer,shape,STEP8_D31,C3,OUTPUT_CONTEXT,0.3635699481355571,0.3694166967842809,1.582697452394255,series_and_time,0.06807208726609587,3.360590093539911,-0.2583877410902283,3.803391806787195,True,True
electricity_transfer,shape,STEP8_D31,C3,C0,0.3635699481355571,0.3877983235660431,6.247674102273382,time,4.990167496823164,7.486601957724032,,,True,True
electricity_transfer,shape,STEP8_D31,C3,C0,0.3635699481355571,0.3877983235660431,6.247674102273382,series_and_time,3.503192879039351,9.388527260260643,,,True,True
electricity_transfer,shape,STEP8_D31,C3,C2,0.3635699481355571,0.36892931773070703,1.4526819468063779,time,1.0557676117021944,1.8232592649225428,,,True,True
electricity_transfer,shape,STEP8_D31,C3,C2,0.3635699481355571,0.36892931773070703,1.4526819468063779,series_and_time,0.6505339940661329,2.408051206347558,,,True,True
electricity_transfer,shape,STEP8_D31,C3,M_RECENCY,0.3635699481355571,0.36418291041478823,0.1683116537601892,time,0.10956670802498819,0.2291606236634966,,,True,True
electricity_transfer,shape,STEP8_D31,C3,M_RECENCY,0.3635699481355571,0.36418291041478823,0.1683116537601892,series_and_time,0.06110868484634574,0.2890721684047209,,,True,True
electricity_transfer,shape,STEP8_D31,C3,M_MEAN,0.3635699481355571,0.3679313404197423,1.1853821093929184,time,0.8311525841819134,1.5292330791550846,,,True,True
electricity_transfer,shape,STEP8_D31,C3,M_MEAN,0.3635699481355571,0.3679313404197423,1.1853821093929184,series_and_time,0.5071780262393172,1.9786736578346291,,,True,True
electricity_transfer,shape,STEP8_D31,C3,M_ROTATE16,0.3635699481355571,0.3698965877997866,1.710380650403276,time,1.306658935669346,2.0923716726624706,,,True,True
electricity_transfer,shape,STEP8_D31,C3,M_ROTATE16,0.3635699481355571,0.3698965877997866,1.710380650403276,series_and_time,0.8922199637236478,2.6742531659496556,,,True,True
electricity_transfer,shape,STEP8_D31,C3,F0,0.3635699481355571,0.5831398960377601,37.65304850415948,time,35.32571066131571,39.63967470709848,,,True,True
electricity_transfer,shape,STEP8_D31,C3,F0,0.3635699481355571,0.5831398960377601,37.65304850415948,series_and_time,31.498729843293972,43.38986963264927,,,True,True
electricity_transfer,shape,STEP8_D31,POS_ONLY,C0,0.3642535478681489,0.3877983235660431,6.071396978044041,time,4.970867428525827,7.198911109018963,,,True,True
electricity_transfer,shape,STEP8_D31,POS_ONLY,C0,0.3642535478681489,0.3877983235660431,6.071396978044041,series_and_time,3.5303924308322245,8.984137637935214,,,True,True
electricity_transfer,shape,STEP8_D31,POS_ONLY,C2,0.3642535478681489,0.36892931773070703,1.2673890736900284,time,1.0277692809517769,1.4888770955542001,,,True,True
electricity_transfer,shape,STEP8_D31,POS_ONLY,C2,0.3642535478681489,0.36892931773070703,1.2673890736900284,series_and_time,0.6329019501472344,2.0016755578526677,,,True,True
electricity_transfer,shape,STEP8_D31,MAG_ONLY,C0,0.3634343126527127,0.3877983235660431,6.282649880816504,time,4.989426422923197,7.572695323041865,,,True,True
electricity_transfer,shape,STEP8_D31,MAG_ONLY,C0,0.3634343126527127,0.3877983235660431,6.282649880816504,series_and_time,3.503704441487509,9.488800166860434,,,True,True
electricity_transfer,shape,STEP8_D31,MAG_ONLY,C2,0.3634343126527127,0.36892931773070703,1.4894465725289185,time,1.0430189579965716,1.9044375579154165,,,True,True
electricity_transfer,shape,STEP8_D31,MAG_ONLY,C2,0.3634343126527127,0.36892931773070703,1.4894465725289185,series_and_time,0.6324533712077838,2.5267855880473498,,,True,True
electricity_transfer,shape,STEP8_D31,OUTPUT_CONTEXT,C0,0.3694166967842809,0.3877983235660431,4.7399964529840855,time,4.323324665300795,5.1627365817203925,,,True,True
electricity_transfer,shape,STEP8_D31,OUTPUT_CONTEXT,C0,0.3694166967842809,0.3877983235660431,4.7399964529840855,series_and_time,2.995597132742845,6.677456250530298,,,True,True
electricity_transfer,shape,STEP8_D31,OUTPUT_CONTEXT,C2,0.3694166967842809,0.36892931773070703,-0.13210634941449584,time,-1.2274508334192047,1.0337259703310047,,,True,True
electricity_transfer,shape,STEP8_D31,OUTPUT_CONTEXT,C2,0.3694166967842809,0.36892931773070703,-0.13210634941449584,series_and_time,-1.490721826613739,1.247229948651356,,,True,True
electricity_transfer,shape,STEP8_D33,C3,POS_ONLY,0.37077261643695425,0.3757542987662058,1.3257818594781146,time,1.1166264730621258,1.5252327654378632,1.0544286691263733,1.5729693318168234,True,True
electricity_transfer,shape,STEP8_D33,C3,POS_ONLY,0.37077261643695425,0.3757542987662058,1.3257818594781146,series_and_time,0.8512345671946018,1.8342826858329833,0.7587680296323753,1.9807551071122602,True,True
electricity_transfer,shape,STEP8_D33,C3,MAG_ONLY,0.37077261643695425,0.36906361274074967,-0.46306480433362385,time,-0.5549072938132893,-0.36650697642921454,-0.5798662557541632,-0.34640629344902973,True,True
electricity_transfer,shape,STEP8_D33,C3,MAG_ONLY,0.37077261643695425,0.36906361274074967,-0.46306480433362385,series_and_time,-0.7361036317548997,-0.24131373711565543,-0.7903386512009405,-0.19198435894956664,True,True
electricity_transfer,shape,STEP8_D33,C3,OUTPUT_CONTEXT,0.37077261643695425,0.3835593138654786,3.3336949374690117,time,2.372769997688037,4.292861687837742,2.1248247925461654,4.465708207960757,True,True
electricity_transfer,shape,STEP8_D33,C3,OUTPUT_CONTEXT,0.37077261643695425,0.3835593138654786,3.3336949374690117,series_and_time,1.7128895149002583,5.273158933638123,1.3696638148364473,5.778794137706677,True,True
electricity_transfer,shape,STEP8_D33,C3,C0,0.37077261643695425,0.40178458772585474,7.718556718273262,time,6.6717967544899075,8.751068771574875,,,True,True
electricity_transfer,shape,STEP8_D33,C3,C0,0.37077261643695425,0.40178458772585474,7.718556718273262,series_and_time,4.889719617707117,10.954447620363906,,,True,True
electricity_transfer,shape,STEP8_D33,C3,C2,0.37077261643695425,0.3823290178560461,3.02263257021288,time,2.6099361056535044,3.4289985717709026,,,True,True
electricity_transfer,shape,STEP8_D33,C3,C2,0.37077261643695425,0.3823290178560461,3.02263257021288,series_and_time,1.9210063795073513,4.246170132912713,,,True,True
electricity_transfer,shape,STEP8_D33,C3,M_RECENCY,0.37077261643695425,0.3719881450636976,0.32676542058489577,time,0.26885316388596286,0.3891097314724318,,,True,True
electricity_transfer,shape,STEP8_D33,C3,M_RECENCY,0.37077261643695425,0.3719881450636976,0.32676542058489577,series_and_time,0.16964754677965266,0.5062799479427698,,,True,True
electricity_transfer,shape,STEP8_D33,C3,M_MEAN,0.37077261643695425,0.38056887896751246,2.5741102522979786,time,2.188195357183786,2.956202072946183,,,True,True
electricity_transfer,shape,STEP8_D33,C3,M_MEAN,0.37077261643695425,0.38056887896751246,2.5741102522979786,series_and_time,1.632196343058302,3.6390698679018576,,,True,True
electricity_transfer,shape,STEP8_D33,C3,M_ROTATE16,0.37077261643695425,0.382999656084623,3.1924414169623216,time,2.7555401019777546,3.611983258226797,,,True,True
electricity_transfer,shape,STEP8_D33,C3,M_ROTATE16,0.37077261643695425,0.382999656084623,3.1924414169623216,series_and_time,2.083208892497433,4.422895442634377,,,True,True
electricity_transfer,shape,STEP8_D33,C3,F0,0.37077261643695425,0.5722290247923281,35.20555575252162,time,33.25238206049003,36.933256084603585,,,True,True
electricity_transfer,shape,STEP8_D33,C3,F0,0.37077261643695425,0.5722290247923281,35.20555575252162,series_and_time,29.23722960025526,40.65529576256099,,,True,True
electricity_transfer,shape,STEP8_D33,POS_ONLY,C0,0.3757542987662058,0.40178458772585474,6.478667862045995,time,5.408996194941497,7.537615316743044,,,True,True
electricity_transfer,shape,STEP8_D33,POS_ONLY,C0,0.3757542987662058,0.40178458772585474,6.478667862045995,series_and_time,3.896341601260734,9.33975227266699,,,True,True
electricity_transfer,shape,STEP8_D33,POS_ONLY,C2,0.3757542987662058,0.3823290178560461,1.7196495120116229,time,1.469410223375125,1.9685911321900713,,,True,True
electricity_transfer,shape,STEP8_D33,POS_ONLY,C2,0.3757542987662058,0.3823290178560461,1.7196495120116229,series_and_time,1.009150549511719,2.511648989717623,,,True,True
electricity_transfer,shape,STEP8_D33,MAG_ONLY,C0,0.36906361274074967,0.40178458772585474,8.143909941969007,time,7.01392351672091,9.272564661155565,,,True,True
electricity_transfer,shape,STEP8_D33,MAG_ONLY,C0,0.36906361274074967,0.40178458772585474,8.143909941969007,series_and_time,5.108489865604163,11.564933785011704,,,True,True
electricity_transfer,shape,STEP8_D33,MAG_ONLY,C2,0.36906361274074967,0.3823290178560461,3.469630735768825,time,3.0347526872680772,3.9019461577914387,,,True,True
electricity_transfer,shape,STEP8_D33,MAG_ONLY,C2,0.36906361274074967,0.3823290178560461,3.469630735768825,series_and_time,2.2052674203920115,4.902627187566938,,,True,True
electricity_transfer,shape,STEP8_D33,OUTPUT_CONTEXT,C0,0.3835593138654786,0.40178458772585474,4.536080879441695,time,4.1671373921009325,4.903610606622731,,,True,True
electricity_transfer,shape,STEP8_D33,OUTPUT_CONTEXT,C0,0.3835593138654786,0.40178458772585474,4.536080879441695,series_and_time,3.026264872932517,6.160687007549028,,,True,True
electricity_transfer,shape,STEP8_D33,OUTPUT_CONTEXT,C2,0.3835593138654786,0.3823290178560461,-0.32178985951196726,time,-1.4038452043993759,0.8154557255302579,,,True,True
electricity_transfer,shape,STEP8_D33,OUTPUT_CONTEXT,C2,0.3835593138654786,0.3823290178560461,-0.32178985951196726,series_and_time,-1.7135323530995343,0.9838062954627649,,,True,True
electricity_transfer,standard,BURST16,C3,POS_ONLY,0.2895854000635926,0.2893690278126611,-0.07477381133946803,time,-0.15594247661811833,0.002421923756460692,-0.1730546457495578,0.01805149570627875,True,True
electricity_transfer,standard,BURST16,C3,POS_ONLY,0.2895854000635926,0.2893690278126611,-0.07477381133946803,series_and_time,-0.3250875020477617,0.1398590213185781,-0.40994126437334394,0.17323381058696613,True,True
electricity_transfer,standard,BURST16,C3,MAG_ONLY,0.2895854000635926,0.28997071397895674,0.13288028645267458,time,0.09035001012389299,0.1754087644720109,0.08172571271972333,0.18580970177644257,True,True
electricity_transfer,standard,BURST16,C3,MAG_ONLY,0.2895854000635926,0.28997071397895674,0.13288028645267458,series_and_time,0.06753185999834516,0.2198869392599031,0.05524767156149866,0.23822500196146615,True,True
electricity_transfer,standard,BURST16,C3,OUTPUT_CONTEXT,0.2895854000635926,0.2885736472878827,-0.35060470185643844,time,-0.5855558538525529,-0.11327125924443524,-0.6422436183392136,-0.039174664491671105,True,True
electricity_transfer,standard,BURST16,C3,OUTPUT_CONTEXT,0.2895854000635926,0.2885736472878827,-0.35060470185643844,series_and_time,-0.7525345328764538,0.023541691895606953,-0.883002808548605,0.09538529190305273,True,True
electricity_transfer,standard,BURST16,C3,C0,0.2895854000635926,0.28860930898543624,-0.33820498776968577,time,-0.5784602044659115,-0.09873993791260052,,,True,True
electricity_transfer,standard,BURST16,C3,C0,0.2895854000635926,0.28860930898543624,-0.33820498776968577,series_and_time,-0.7455300238436202,0.03229989006526151,,,True,True
electricity_transfer,standard,BURST16,C3,C2,0.2895854000635926,0.2893585853617645,-0.07838533684580984,time,-0.18947943822032576,0.03300038609388977,,,True,True
electricity_transfer,standard,BURST16,C3,C2,0.2895854000635926,0.2893585853617645,-0.07838533684580984,series_and_time,-0.31889732352088973,0.15662728548552077,,,True,True
electricity_transfer,standard,BURST16,C3,M_RECENCY,0.2895854000635926,0.28884849496189285,-0.2551182071407254,time,-0.31922194593161035,-0.18652486398801246,,,True,True
electricity_transfer,standard,BURST16,C3,M_RECENCY,0.2895854000635926,0.28884849496189285,-0.2551182071407254,series_and_time,-0.35668403055722886,-0.15870294680321145,,,True,True
electricity_transfer,standard,BURST16,C3,M_MEAN,0.2895854000635926,0.28941210075784174,-0.05987977188828264,time,-0.17028231181605236,0.05128231077537248,,,True,True
electricity_transfer,standard,BURST16,C3,M_MEAN,0.2895854000635926,0.28941210075784174,-0.05987977188828264,series_and_time,-0.297733579846704,0.1681716309750161,,,True,True
electricity_transfer,standard,BURST16,C3,M_ROTATE16,0.2895854000635926,0.2893313350377947,-0.08781109925917185,time,-0.20473096073331198,0.030365426338172425,,,True,True
electricity_transfer,standard,BURST16,C3,M_ROTATE16,0.2895854000635926,0.2893313350377947,-0.08781109925917185,series_and_time,-0.3337347168642979,0.14839919717528757,,,True,True
electricity_transfer,standard,BURST16,C3,C2_SHRINK,0.2895854000635926,0.28921090770145597,-0.12948763416740228,time,-0.2486303135105894,-0.01086044891136136,,,True,True
electricity_transfer,standard,BURST16,C3,C2_SHRINK,0.2895854000635926,0.28921090770145597,-0.12948763416740228,series_and_time,-0.38905082367718946,0.11282598921329084,,,True,True
electricity_transfer,standard,BURST16,C3,C0_BIAS,0.2895854000635926,0.288623310658889,-0.3333373879286672,time,-0.5709080393779259,-0.09831949619891871,,,True,True
electricity_transfer,standard,BURST16,C3,C0_BIAS,0.2895854000635926,0.288623310658889,-0.3333373879286672,series_and_time,-0.7522711251952369,0.03456242411832282,,,True,True
electricity_transfer,standard,BURST16,C3,F0,0.2895854000635926,0.2724798194425907,-6.2777422034390185,time,-7.8665476073289335,-4.664169085689584,,,True,True
electricity_transfer,standard,BURST16,C3,F0,0.2895854000635926,0.2724798194425907,-6.2777422034390185,series_and_time,-9.838601081310884,-2.460676978931109,,,True,True
electricity_transfer,standard,BURST16,POS_ONLY,C0,0.2893690278126611,0.28860930898543624,-0.26323434607689045,time,-0.48669963018726115,-0.04787958998284883,,,True,True
electricity_transfer,standard,BURST16,POS_ONLY,C0,0.2893690278126611,0.28860930898543624,-0.26323434607689045,series_and_time,-0.5812736042840216,0.07186044781005171,,,True,True
electricity_transfer,standard,BURST16,POS_ONLY,C2,0.2893690278126611,0.2893585853617645,-0.0036088270488177088,time,-0.09604644322835643,0.07976715749903687,,,True,True
electricity_transfer,standard,BURST16,POS_ONLY,C2,0.2893690278126611,0.2893585853617645,-0.0036088270488177088,series_and_time,-0.15960619475448856,0.16995291010453853,,,True,True
electricity_transfer,standard,BURST16,MAG_ONLY,C0,0.28997071397895674,0.28860930898543624,-0.471712086594267,time,-0.7184566199449066,-0.22388600804830755,,,True,True
electricity_transfer,standard,BURST16,MAG_ONLY,C0,0.28997071397895674,0.28860930898543624,-0.471712086594267,series_and_time,-0.8970015981360191,-0.09830628672412993,,,True,True
electricity_transfer,standard,BURST16,MAG_ONLY,C2,0.28997071397895674,0.2893585853617645,-0.21154672719556622,time,-0.3297426854014729,-0.09149675349266863,,,True,True
electricity_transfer,standard,BURST16,MAG_ONLY,C2,0.28997071397895674,0.2893585853617645,-0.21154672719556622,series_and_time,-0.47458369477770324,0.013221529108832696,,,True,True
electricity_transfer,standard,BURST16,OUTPUT_CONTEXT,C0,0.2885736472878827,0.28860930898543624,0.012356391995427263,time,-0.0036188078276783164,0.03243365558852322,,,True,True
electricity_transfer,standard,BURST16,OUTPUT_CONTEXT,C0,0.2885736472878827,0.28860930898543624,0.012356391995427263,series_and_time,-0.013316644083822271,0.03971711166364632,,,True,True
electricity_transfer,standard,BURST16,OUTPUT_CONTEXT,C2,0.2885736472878827,0.2893585853617645,0.27126828564649763,time,0.07348782212480393,0.4634909321211553,,,True,True
electricity_transfer,standard,BURST16,OUTPUT_CONTEXT,C2,0.2885736472878827,0.2893585853617645,0.27126828564649763,series_and_time,-0.008812407058351734,0.5462758988627624,,,True,True
electricity_transfer,standard,BURST4,C3,POS_ONLY,0.2537295227259793,0.2536236390587527,-0.04174834318266818,time,-0.10538275576612466,0.021163287790771895,-0.11942985586306576,0.03287066522893548,True,True
electricity_transfer,standard,BURST4,C3,POS_ONLY,0.2537295227259793,0.2536236390587527,-0.04174834318266818,series_and_time,-0.16346533812418462,0.07566188667145525,-0.19182350819696864,0.10239514295943833,True,True
electricity_transfer,standard,BURST4,C3,MAG_ONLY,0.2537295227259793,0.2538321658579645,0.04043740147676722,time,0.019333551777283298,0.06109645265098772,0.013070401399844408,0.06567918008309842,True,True
electricity_transfer,standard,BURST4,C3,MAG_ONLY,0.2537295227259793,0.2538321658579645,0.04043740147676722,series_and_time,0.001051430222448191,0.08175818947403295,-0.007900420597460139,0.09050565716832687,True,True
electricity_transfer,standard,BURST4,C3,OUTPUT_CONTEXT,0.2537295227259793,0.25311793965474694,-0.24161980461225863,time,-0.3775270308117462,-0.11287221511932514,-0.39956954332801037,-0.09119963174213076,True,True
electricity_transfer,standard,BURST4,C3,OUTPUT_CONTEXT,0.2537295227259793,0.25311793965474694,-0.24161980461225863,series_and_time,-0.5092401811524039,-0.014083006704213178,-0.5736796629187444,0.050886871606986614,True,True
electricity_transfer,standard,BURST4,C3,C0,0.2537295227259793,0.253170673722565,-0.22074002300389584,time,-0.35236216120803354,-0.09277426957397031,,,True,True
electricity_transfer,standard,BURST4,C3,C0,0.2537295227259793,0.253170673722565,-0.22074002300389584,series_and_time,-0.49356062886879437,0.010239529349029922,,,True,True
electricity_transfer,standard,BURST4,C3,C2,0.2537295227259793,0.2536037149242188,-0.049608027941583366,time,-0.12144927731071065,0.020346376732492115,,,True,True
electricity_transfer,standard,BURST4,C3,C2,0.2537295227259793,0.2536037149242188,-0.049608027941583366,series_and_time,-0.16326486472837687,0.06007756139159518,,,True,True
electricity_transfer,standard,BURST4,C3,M_RECENCY,0.2537295227259793,0.2533346127992871,-0.15588471007912386,time,-0.1880996737911128,-0.12571473603342712,,,True,True
electricity_transfer,standard,BURST4,C3,M_RECENCY,0.2537295227259793,0.2533346127992871,-0.15588471007912386,series_and_time,-0.2160931049804793,-0.09853861886531425,,,True,True
electricity_transfer,standard,BURST4,C3,M_MEAN,0.2537295227259793,0.2535574868967686,-0.06784884615960163,time,-0.1424693515135711,0.002391807802565278,,,True,True
electricity_transfer,standard,BURST4,C3,M_MEAN,0.2537295227259793,0.2535574868967686,-0.06784884615960163,series_and_time,-0.17650841541634765,0.04405724587675212,,,True,True
electricity_transfer,standard,BURST4,C3,M_ROTATE16,0.2537295227259793,0.25361634337937733,-0.044626203932240927,time,-0.11295626630245581,0.021596595020642585,,,True,True
electricity_transfer,standard,BURST4,C3,M_ROTATE16,0.2537295227259793,0.25361634337937733,-0.044626203932240927,series_and_time,-0.14736781282680245,0.058894726094137206,,,True,True
electricity_transfer,standard,BURST4,C3,C2_SHRINK,0.2537295227259793,0.25349835402206655,-0.09119140232864975,time,-0.16361000570517314,-0.017718173652430697,,,True,True
electricity_transfer,standard,BURST4,C3,C2_SHRINK,0.2537295227259793,0.25349835402206655,-0.09119140232864975,series_and_time,-0.21338431438911232,0.021331668967549247,,,True,True
electricity_transfer,standard,BURST4,C3,C0_BIAS,0.2537295227259793,0.2530555661022773,-0.266327524062282,time,-0.3981869954464795,-0.14321051000045837,,,True,True
electricity_transfer,standard,BURST4,C3,C0_BIAS,0.2537295227259793,0.2530555661022773,-0.266327524062282,series_and_time,-0.5347311552287909,-0.05032132719640886,,,True,True
electricity_transfer,standard,BURST4,C3,F0,0.2537295227259793,0.2423261075574839,-4.705813700156236,time,-5.839287565781767,-3.5893222398838733,,,True,True
electricity_transfer,standard,BURST4,C3,F0,0.2537295227259793,0.2423261075574839,-4.705813700156236,series_and_time,-6.68980433227017,-3.046476974237815,,,True,True
electricity_transfer,standard,BURST4,POS_ONLY,C0,0.2536236390587527,0.253170673722565,-0.17891698494432173,time,-0.29368219501043513,-0.07535021854176706,,,True,True
electricity_transfer,standard,BURST4,POS_ONLY,C0,0.2536236390587527,0.253170673722565,-0.17891698494432173,series_and_time,-0.4016622727557867,0.00595557633556745,,,True,True
electricity_transfer,standard,BURST4,POS_ONLY,C2,0.2536236390587527,0.2536037149242188,-0.007856404840067555,time,-0.036304681273314765,0.02023558274305446,,,True,True
electricity_transfer,standard,BURST4,POS_ONLY,C2,0.2536236390587527,0.2536037149242188,-0.007856404840067555,series_and_time,-0.05470780281429166,0.04032198163918,,,True,True
electricity_transfer,standard,BURST4,MAG_ONLY,C0,0.2538321658579645,0.253170673722565,-0.26128308056894145,time,-0.3934082907416181,-0.12785586015614808,,,True,True
electricity_transfer,standard,BURST4,MAG_ONLY,C0,0.2538321658579645,0.253170673722565,-0.26128308056894145,series_and_time,-0.5294636593089291,-0.0423259548156464,,,True,True
electricity_transfer,standard,BURST4,MAG_ONLY,C2,0.2538321658579645,0.2536037149242188,-0.09008185618020192,time,-0.1702103964765661,-0.015765879876400993,,,True,True
electricity_transfer,standard,BURST4,MAG_ONLY,C2,0.2538321658579645,0.2536037149242188,-0.09008185618020192,series_and_time,-0.21053940609077615,0.026143630825911354,,,True,True
electricity_transfer,standard,BURST4,OUTPUT_CONTEXT,C0,0.25311793965474694,0.253170673722565,0.020829453523463215,time,0.0039189171039000215,0.03941966342614344,,,True,True
electricity_transfer,standard,BURST4,OUTPUT_CONTEXT,C0,0.25311793965474694,0.253170673722565,0.020829453523463215,series_and_time,-0.0014917733959635138,0.04602146896307249,,,True,True
electricity_transfer,standard,BURST4,OUTPUT_CONTEXT,C2,0.25311793965474694,0.2536037149242188,0.1915489564563444,time,0.08859903219238963,0.3040503327064248,,,True,True
electricity_transfer,standard,BURST4,OUTPUT_CONTEXT,C2,0.25311793965474694,0.2536037149242188,0.1915489564563444,series_and_time,0.005256735631538613,0.4093103183217272,,,True,True
electricity_transfer,standard,BURST8,C3,POS_ONLY,0.2673019113191487,0.267065528468301,-0.0885111800850602,time,-0.17577977126819744,-0.0007010902771638168,-0.20171604188844117,0.018327849223305593,True,True
electricity_transfer,standard,BURST8,C3,POS_ONLY,0.2673019113191487,0.267065528468301,-0.0885111800850602,series_and_time,-0.24394718810900828,0.07055425333406268,-0.2815603647845634,0.10408427250066023,True,True
electricity_transfer,standard,BURST8,C3,MAG_ONLY,0.2673019113191487,0.2673561828074985,0.020299320471994786,time,-0.004152270186206786,0.045177910259758806,-0.007808158270980285,0.049430093943909445,True,True
electricity_transfer,standard,BURST8,C3,MAG_ONLY,0.2673019113191487,0.2673561828074985,0.020299320471994786,series_and_time,-0.026761308981477216,0.0636742374868171,-0.0457257718259931,0.0734336155042513,True,True
electricity_transfer,standard,BURST8,C3,OUTPUT_CONTEXT,0.2673019113191487,0.26638901246063384,-0.3426938859386164,time,-0.4793430962759332,-0.20323765654069578,-0.5140826743820931,-0.17849550887524823,True,True
electricity_transfer,standard,BURST8,C3,OUTPUT_CONTEXT,0.2673019113191487,0.26638901246063384,-0.3426938859386164,series_and_time,-0.6008883237916962,-0.0998935575364679,-0.6736433441674203,-0.05481449955404734,True,True
electricity_transfer,standard,BURST8,C3,C0,0.2673019113191487,0.2664165060318055,-0.33233875052678385,time,-0.46680294737998396,-0.19717776628575662,,,True,True
electricity_transfer,standard,BURST8,C3,C0,0.2673019113191487,0.2664165060318055,-0.33233875052678385,series_and_time,-0.5922907885107093,-0.08728147805693676,,,True,True
electricity_transfer,standard,BURST8,C3,C2,0.2673019113191487,0.2671677968786567,-0.05019858009043254,time,-0.12942782500613537,0.03013973638621546,,,True,True
electricity_transfer,standard,BURST8,C3,C2,0.2673019113191487,0.2671677968786567,-0.05019858009043254,series_and_time,-0.1804665079410872,0.080578437203416,,,True,True
electricity_transfer,standard,BURST8,C3,M_RECENCY,0.2673019113191487,0.2668850997350001,-0.15617641620402356,time,-0.20114932289673815,-0.11340117450373167,,,True,True
electricity_transfer,standard,BURST8,C3,M_RECENCY,0.2673019113191487,0.2668850997350001,-0.15617641620402356,series_and_time,-0.2310900181906539,-0.08052423440278401,,,True,True
electricity_transfer,standard,BURST8,C3,M_MEAN,0.2673019113191487,0.2671901208291748,-0.041839305146074146,time,-0.12871584303152828,0.04768096993383122,,,True,True
electricity_transfer,standard,BURST8,C3,M_MEAN,0.2673019113191487,0.2671901208291748,-0.041839305146074146,series_and_time,-0.17595079690440663,0.10003754521555933,,,True,True
electricity_transfer,standard,BURST8,C3,M_ROTATE16,0.2673019113191487,0.2672071175460081,-0.03547576651818929,time,-0.11913837794073956,0.049650137068748657,,,True,True
electricity_transfer,standard,BURST8,C3,M_ROTATE16,0.2673019113191487,0.2672071175460081,-0.03547576651818929,series_and_time,-0.1660165572494926,0.09482141902270341,,,True,True
electricity_transfer,standard,BURST8,C3,C2_SHRINK,0.2673019113191487,0.26702591590278,-0.10335903743110553,time,-0.18416476842455065,-0.026779564651060513,,,True,True
electricity_transfer,standard,BURST8,C3,C2_SHRINK,0.2673019113191487,0.26702591590278,-0.10335903743110553,series_and_time,-0.23559004601875544,0.02655207573734382,,,True,True
electricity_transfer,standard,BURST8,C3,C0_BIAS,0.2673019113191487,0.2663440206356315,-0.35964414790734534,time,-0.5020427766739533,-0.21533531910319734,,,True,True
electricity_transfer,standard,BURST8,C3,C0_BIAS,0.2673019113191487,0.2663440206356315,-0.35964414790734534,series_and_time,-0.6283656651801756,-0.1051550556275673,,,True,True
electricity_transfer,standard,BURST8,C3,F0,0.2673019113191487,0.255654831999104,-4.555782978545664,time,-5.467523526041663,-3.6768303670787454,,,True,True
electricity_transfer,standard,BURST8,C3,F0,0.2673019113191487,0.255654831999104,-4.555782978545664,series_and_time,-6.418130411211448,-2.978259494965414,,,True,True
electricity_transfer,standard,BURST8,POS_ONLY,C0,0.267065528468301,0.2664165060318055,-0.24361194663291563,time,-0.3865831190954838,-0.10817714439969543,,,True,True
electricity_transfer,standard,BURST8,POS_ONLY,C0,0.267065528468301,0.2664165060318055,-0.24361194663291563,series_and_time,-0.48313058949803533,-0.041087733710796236,,,True,True
electricity_transfer,standard,BURST8,POS_ONLY,C2,0.267065528468301,0.2671677968786567,0.03827871904866775,time,-0.008170061829441688,0.08118618233379142,,,True,True
electricity_transfer,standard,BURST8,POS_ONLY,C2,0.267065528468301,0.2671677968786567,0.03827871904866775,series_and_time,-0.04015341628531843,0.11409295312077543,,,True,True
electricity_transfer,standard,BURST8,MAG_ONLY,C0,0.2673561828074985,0.2664165060318055,-0.3527096686647635,time,-0.49419080162696305,-0.21265096662932204,,,True,True
electricity_transfer,standard,BURST8,MAG_ONLY,C0,0.2673561828074985,0.2664165060318055,-0.3527096686647635,series_and_time,-0.6244756941634044,-0.09975062733321786,,,True,True
electricity_transfer,standard,BURST8,MAG_ONLY,C2,0.2673561828074985,0.2671677968786567,-0.07051221406273456,time,-0.15912881995642336,0.016523657670988116,,,True,True
electricity_transfer,standard,BURST8,MAG_ONLY,C2,0.2673561828074985,0.2671677968786567,-0.07051221406273456,series_and_time,-0.2113820605786182,0.07710784601125924,,,True,True
electricity_transfer,standard,BURST8,OUTPUT_CONTEXT,C0,0.26638901246063384,0.2664165060318055,0.010319770190359012,time,-0.005088120232807913,0.02774482936475697,,,True,True
electricity_transfer,standard,BURST8,OUTPUT_CONTEXT,C0,0.26638901246063384,0.2664165060318055,0.010319770190359012,series_and_time,-0.011359647380101423,0.0344781126462515,,,True,True
electricity_transfer,standard,BURST8,OUTPUT_CONTEXT,C2,0.26638901246063384,0.2671677968786567,0.29149636562545433,time,0.16577860223610769,0.42912483455619255,,,True,True
electricity_transfer,standard,BURST8,OUTPUT_CONTEXT,C2,0.26638901246063384,0.2671677968786567,0.29149636562545433,series_and_time,0.11509284520463792,0.5097237409200447,,,True,True
electricity_transfer,standard,FAULT,C3,POS_ONLY,0.25840639170432245,0.258272470314985,-0.05185275425372282,time,-0.1092549875813481,0.0032022181896454445,-0.12189136378924714,0.013529534109600344,True,True
electricity_transfer,standard,FAULT,C3,POS_ONLY,0.25840639170432245,0.258272470314985,-0.05185275425372282,series_and_time,-0.17587090505226055,0.05604254353982535,-0.19965562368771284,0.082934948361058,True,True
electricity_transfer,standard,FAULT,C3,MAG_ONLY,0.25840639170432245,0.25853429041527637,0.04947069525998993,time,0.0325707044771123,0.06698369042291567,0.029013669916260476,0.07177433381542077,True,True
electricity_transfer,standard,FAULT,C3,MAG_ONLY,0.25840639170432245,0.25853429041527637,0.04947069525998993,series_and_time,0.02278494127243902,0.07959440858612553,0.014831901170131353,0.08729029632702541,True,True
electricity_transfer,standard,FAULT,C3,OUTPUT_CONTEXT,0.25840639170432245,0.25788906751733015,-0.20059950271351656,time,-0.3282608276261145,-0.07930347481464152,-0.35035624105038743,-0.054031100273405255,True,True
electricity_transfer,standard,FAULT,C3,OUTPUT_CONTEXT,0.25840639170432245,0.25788906751733015,-0.20059950271351656,series_and_time,-0.405771007765911,-0.013187107683264306,-0.46960679840452657,0.04310125250742671,True,True
electricity_transfer,standard,FAULT,C3,C0,0.25840639170432245,0.2579599371347375,-0.1730712817439306,time,-0.2963017038664806,-0.0514513813371255,,,True,True
electricity_transfer,standard,FAULT,C3,C0,0.25840639170432245,0.2579599371347375,-0.1730712817439306,series_and_time,-0.38356063630233583,0.02048136393696268,,,True,True
electricity_transfer,standard,FAULT,C3,C2,0.25840639170432245,0.2582942394370422,-0.04342035173710013,time,-0.10238372572204668,0.01588532046861258,,,True,True
electricity_transfer,standard,FAULT,C3,C2,0.25840639170432245,0.2582942394370422,-0.04342035173710013,series_and_time,-0.1569219376987796,0.06447167614934352,,,True,True
electricity_transfer,standard,FAULT,C3,M_RECENCY,0.25840639170432245,0.25800302583034496,-0.15634152842949334,time,-0.19105244495588092,-0.12218831190266345,,,True,True
electricity_transfer,standard,FAULT,C3,M_RECENCY,0.25840639170432245,0.25800302583034496,-0.15634152842949334,series_and_time,-0.21517389320227231,-0.09999367639472734,,,True,True
electricity_transfer,standard,FAULT,C3,M_MEAN,0.25840639170432245,0.2582841586007169,-0.04732504860838205,time,-0.11337702326220667,0.017583661983180388,,,True,True
electricity_transfer,standard,FAULT,C3,M_MEAN,0.25840639170432245,0.2582841586007169,-0.04732504860838205,series_and_time,-0.16157014274609693,0.06574012455116876,,,True,True
electricity_transfer,standard,FAULT,C3,M_ROTATE16,0.25840639170432245,0.25829638919446235,-0.042587707169716715,time,-0.10516070383111698,0.020236291130462068,,,True,True
electricity_transfer,standard,FAULT,C3,M_ROTATE16,0.25840639170432245,0.25829638919446235,-0.042587707169716715,series_and_time,-0.14855951118476596,0.06225859621072415,,,True,True
electricity_transfer,standard,FAULT,C3,C2_SHRINK,0.25840639170432245,0.25819966885728146,-0.08006317279796171,time,-0.13956511714463105,-0.021121451475288437,,,True,True
electricity_transfer,standard,FAULT,C3,C2_SHRINK,0.25840639170432245,0.25819966885728146,-0.08006317279796171,series_and_time,-0.19799764962808553,0.03315742487896705,,,True,True
electricity_transfer,standard,FAULT,C3,C0_BIAS,0.25840639170432245,0.25789355513688067,-0.1988559067207296,time,-0.3237150983674003,-0.07908176458716504,,,True,True
electricity_transfer,standard,FAULT,C3,C0_BIAS,0.25840639170432245,0.25789355513688067,-0.1988559067207296,series_and_time,-0.40426690141178,-0.00700443178404399,,,True,True
electricity_transfer,standard,FAULT,C3,F0,0.25840639170432245,0.2472609283909716,-4.5075715705991115,time,-5.496582911096598,-3.5798769886388895,,,True,True
electricity_transfer,standard,FAULT,C3,F0,0.25840639170432245,0.2472609283909716,-4.5075715705991115,series_and_time,-6.331083819382743,-2.839296935458762,,,True,True
electricity_transfer,standard,FAULT,POS_ONLY,C0,0.258272470314985,0.2579599371347375,-0.12115570492028382,time,-0.23982209730233073,-0.005116102650858398,,,True,True
electricity_transfer,standard,FAULT,POS_ONLY,C0,0.258272470314985,0.2579599371347375,-0.12115570492028382,series_and_time,-0.2927032662570106,0.047268671971245506,,,True,True
electricity_transfer,standard,FAULT,POS_ONLY,C2,0.258272470314985,0.2582942394370422,0.008428032349716563,time,-0.022998929152633907,0.03661663596443484,,,True,True
electricity_transfer,standard,FAULT,POS_ONLY,C2,0.258272470314985,0.2582942394370422,0.008428032349716563,series_and_time,-0.04639124538360906,0.05994633664150285,,,True,True
electricity_transfer,standard,FAULT,MAG_ONLY,C0,0.25853429041527637,0.2579599371347375,-0.2226521245579427,time,-0.3507767313956167,-0.09377086314185383,,,True,True
electricity_transfer,standard,FAULT,MAG_ONLY,C0,0.25853429041527637,0.2579599371347375,-0.2226521245579427,series_and_time,-0.43858417985023546,-0.02329613298289346,,,True,True
electricity_transfer,standard,FAULT,MAG_ONLY,C2,0.25853429041527637,0.2582942394370422,-0.09293702358881273,time,-0.1626002892404338,-0.025779755112901374,,,True,True
electricity_transfer,standard,FAULT,MAG_ONLY,C2,0.25853429041527637,0.2582942394370422,-0.09293702358881273,series_and_time,-0.21766980115755175,0.024684456152100322,,,True,True
electricity_transfer,standard,FAULT,OUTPUT_CONTEXT,C0,0.25788906751733015,0.2579599371347375,0.027473110047460114,time,0.012347919499739457,0.0444941806079671,,,True,True
electricity_transfer,standard,FAULT,OUTPUT_CONTEXT,C0,0.25788906751733015,0.2579599371347375,0.027473110047460114,series_and_time,0.00740147149778575,0.050325095997200676,,,True,True
electricity_transfer,standard,FAULT,OUTPUT_CONTEXT,C2,0.25788906751733015,0.2582942394370422,0.156864481606378,time,0.0464542264230719,0.2682718922343577,,,True,True
electricity_transfer,standard,FAULT,OUTPUT_CONTEXT,C2,0.25788906751733015,0.2582942394370422,0.156864481606378,series_and_time,0.005981995730204304,0.31420078075343744,,,True,True
electricity_transfer,standard,POINT16,C3,POS_ONLY,0.24946512478838073,0.24936535157973772,-0.040010854760264,time,-0.13150341624659612,0.05521808738647615,-0.15041792270807874,0.07934545302679825,True,True
electricity_transfer,standard,POINT16,C3,POS_ONLY,0.24946512478838073,0.24936535157973772,-0.040010854760264,series_and_time,-0.1833011445578292,0.13829556498261333,-0.22088254977438068,0.1931230668196519,True,True
electricity_transfer,standard,POINT16,C3,MAG_ONLY,0.24946512478838073,0.24953476498228422,0.02790801270052823,time,0.005176770024734323,0.05221362493146944,0.0012642700902122197,0.05879264246655823,True,True
electricity_transfer,standard,POINT16,C3,MAG_ONLY,0.24946512478838073,0.24953476498228422,0.02790801270052823,series_and_time,-0.006588501510337852,0.07104781847116742,-0.014829205935174746,0.08114443618323819,True,True
electricity_transfer,standard,POINT16,C3,OUTPUT_CONTEXT,0.24946512478838073,0.2494547732333082,-0.004149672078179734,time,-0.16852763770860646,0.1626410155870361,-0.204396187581396,0.20252480059540678,True,True
electricity_transfer,standard,POINT16,C3,OUTPUT_CONTEXT,0.24946512478838073,0.2494547732333082,-0.004149672078179734,series_and_time,-0.24221795107105204,0.2818954910845334,-0.2925450434118865,0.3780066426258261,True,True
electricity_transfer,standard,POINT16,C3,C0,0.24946512478838073,0.24955785463015945,0.03715765304848073,time,-0.12471966090663922,0.2032211521817215,,,True,True
electricity_transfer,standard,POINT16,C3,C0,0.24946512478838073,0.24955785463015945,0.03715765304848073,series_and_time,-0.19841026231166237,0.32967885686073484,,,True,True
electricity_transfer,standard,POINT16,C3,C2,0.24946512478838073,0.24943075923035257,-0.013777594284758443,time,-0.10175858119439829,0.07225363182758182,,,True,True
electricity_transfer,standard,POINT16,C3,C2,0.24946512478838073,0.24943075923035257,-0.013777594284758443,series_and_time,-0.1479898437856425,0.15337276594180507,,,True,True
electricity_transfer,standard,POINT16,C3,M_RECENCY,0.24946512478838073,0.24916344854268374,-0.12107564229884016,time,-0.17090752668403153,-0.0746047213595469,,,True,True
electricity_transfer,standard,POINT16,C3,M_RECENCY,0.24946512478838073,0.24916344854268374,-0.12107564229884016,series_and_time,-0.19714839245813187,-0.04485977535978793,,,True,True
electricity_transfer,standard,POINT16,C3,M_MEAN,0.24946512478838073,0.24941147844342015,-0.021509172430800305,time,-0.11474004483452538,0.06835743514212593,,,True,True
electricity_transfer,standard,POINT16,C3,M_MEAN,0.24946512478838073,0.24941147844342015,-0.021509172430800305,series_and_time,-0.16160225401054218,0.15711112384127754,,,True,True
electricity_transfer,standard,POINT16,C3,M_ROTATE16,0.24946512478838073,0.24944664994873753,-0.007406329027470626,time,-0.1019111985326987,0.08845458385519447,,,True,True
electricity_transfer,standard,POINT16,C3,M_ROTATE16,0.24946512478838073,0.24944664994873753,-0.007406329027470626,series_and_time,-0.14191616677354246,0.1642840496292153,,,True,True
electricity_transfer,standard,POINT16,C3,C2_SHRINK,0.24946512478838073,0.24938109334484349,-0.03369599611990903,time,-0.11847477438199805,0.05213924860447554,,,True,True
electricity_transfer,standard,POINT16,C3,C2_SHRINK,0.24946512478838073,0.24938109334484349,-0.03369599611990903,series_and_time,-0.17108138255508498,0.130105551622098,,,True,True
electricity_transfer,standard,POINT16,C3,C0_BIAS,0.24946512478838073,0.2495292813460437,0.02571103371792338,time,-0.14481985861411917,0.18656567068308727,,,True,True
electricity_transfer,standard,POINT16,C3,C0_BIAS,0.24946512478838073,0.2495292813460437,0.02571103371792338,series_and_time,-0.219924072836582,0.3147805452562635,,,True,True
electricity_transfer,standard,POINT16,C3,F0,0.24946512478838073,0.24320220171512438,-2.5751917659826207,time,-4.514410837365595,-0.620320750346673,,,True,True
electricity_transfer,standard,POINT16,C3,F0,0.24946512478838073,0.24320220171512438,-2.5751917659826207,series_and_time,-5.191055456234347,0.661888350859095,,,True,True
electricity_transfer,standard,POINT16,POS_ONLY,C0,0.24936535157973772,0.24955785463015945,0.07713764437790038,time,-0.06388942561866173,0.21843123702598463,,,True,True
electricity_transfer,standard,POINT16,POS_ONLY,C0,0.24936535157973772,0.24955785463015945,0.07713764437790038,series_and_time,-0.11564528327745016,0.2954555425575719,,,True,True
electricity_transfer,standard,POINT16,POS_ONLY,C2,0.24936535157973772,0.24943075923035257,0.0262227685216887,time,-0.011957966847109813,0.058054861074122166,,,True,True
electricity_transfer,standard,POINT16,POS_ONLY,C2,0.24936535157973772,0.24943075923035257,0.0262227685216887,series_and_time,-0.03259035055338089,0.07626861189064522,,,True,True
electricity_transfer,standard,POINT16,MAG_ONLY,C0,0.24953476498228422,0.24955785463015945,0.00925222245937718,time,-0.1527807755334365,0.17011259219105485,,,True,True
electricity_transfer,standard,POINT16,MAG_ONLY,C0,0.24953476498228422,0.24955785463015945,0.00925222245937718,series_and_time,-0.23266170822308363,0.29326772579399424,,,True,True
electricity_transfer,standard,POINT16,MAG_ONLY,C2,0.24953476498228422,0.24943075923035257,-0.04169724385740814,time,-0.13630860332242367,0.049783720879769885,,,True,True
electricity_transfer,standard,POINT16,MAG_ONLY,C2,0.24953476498228422,0.24943075923035257,-0.04169724385740814,series_and_time,-0.19271335568074532,0.130004237275596,,,True,True
electricity_transfer,standard,POINT16,OUTPUT_CONTEXT,C0,0.2494547732333082,0.24955785463015945,0.04130561107924535,time,0.02592960548918888,0.0579514421940247,,,True,True
electricity_transfer,standard,POINT16,OUTPUT_CONTEXT,C0,0.2494547732333082,0.24955785463015945,0.04130561107924535,series_and_time,0.017859191649832185,0.0678725170087188,,,True,True
electricity_transfer,standard,POINT16,OUTPUT_CONTEXT,C2,0.2494547732333082,0.24943075923035257,-0.009627522695976332,time,-0.14319016055041822,0.12787086275057608,,,True,True
electricity_transfer,standard,POINT16,OUTPUT_CONTEXT,C2,0.2494547732333082,0.24943075923035257,-0.009627522695976332,series_and_time,-0.21680712324586515,0.16831308939880735,,,True,True
electricity_transfer,standard,POINT4,C3,POS_ONLY,0.24404620335708918,0.24397764696118898,-0.028099457779884318,time,-0.0854124170635534,0.03292852448024572,-0.09915694369287593,0.05009956822409614,True,True
electricity_transfer,standard,POINT4,C3,POS_ONLY,0.24404620335708918,0.24397764696118898,-0.028099457779884318,series_and_time,-0.12993914004774676,0.07790746246196577,-0.1501810267159933,0.10211631608061482,True,True
electricity_transfer,standard,POINT4,C3,MAG_ONLY,0.24404620335708918,0.24413188215497336,0.03509529240011133,time,0.01760824184400822,0.05293177241963153,0.013812579040572795,0.057659711752185254,True,True
electricity_transfer,standard,POINT4,C3,MAG_ONLY,0.24404620335708918,0.24413188215497336,0.03509529240011133,series_and_time,0.0080545052080927,0.06495236348120317,0.002734113949059332,0.07405815170589886,True,True
electricity_transfer,standard,POINT4,C3,OUTPUT_CONTEXT,0.24404620335708918,0.24379010697968911,-0.10504789573819728,time,-0.2509476974986974,0.0298801457349764,-0.27476511715197827,0.05043828501907453,True,True
electricity_transfer,standard,POINT4,C3,OUTPUT_CONTEXT,0.24404620335708918,0.24379010697968911,-0.10504789573819728,series_and_time,-0.3169931538254489,0.09348983857286385,-0.3585468323128571,0.1391109120005637,True,True
electricity_transfer,standard,POINT4,C3,C0,0.24404620335708918,0.24389498976320878,-0.061999467076878645,time,-0.20694923509199215,0.07137214250849287,,,True,True
electricity_transfer,standard,POINT4,C3,C0,0.24404620335708918,0.24389498976320878,-0.061999467076878645,series_and_time,-0.2822997158129592,0.14831816509395512,,,True,True
electricity_transfer,standard,POINT4,C3,C2,0.24404620335708918,0.24397844785146983,-0.02777110282323747,time,-0.09379921170673877,0.03970967458615384,,,True,True
electricity_transfer,standard,POINT4,C3,C2,0.24404620335708918,0.24397844785146983,-0.02777110282323747,series_and_time,-0.13466551819624362,0.07596588332062913,,,True,True
electricity_transfer,standard,POINT4,C3,M_RECENCY,0.24404620335708918,0.2437810634231946,-0.1087614969643047,time,-0.1507675979869494,-0.06942189952690637,,,True,True
electricity_transfer,standard,POINT4,C3,M_RECENCY,0.24404620335708918,0.2437810634231946,-0.1087614969643047,series_and_time,-0.17724243111056526,-0.04424610412746056,,,True,True
electricity_transfer,standard,POINT4,C3,M_MEAN,0.24404620335708918,0.24393531415706113,-0.04545844475665195,time,-0.10737225330494704,0.01845621674245647,,,True,True
electricity_transfer,standard,POINT4,C3,M_MEAN,0.24404620335708918,0.24393531415706113,-0.04545844475665195,series_and_time,-0.14183913415215854,0.05203254561845026,,,True,True
electricity_transfer,standard,POINT4,C3,M_ROTATE16,0.24404620335708918,0.24396045274431466,-0.03514939073523404,time,-0.0991096246478923,0.027808244984689475,,,True,True
electricity_transfer,standard,POINT4,C3,M_ROTATE16,0.24404620335708918,0.24396045274431466,-0.03514939073523404,series_and_time,-0.12717829612372944,0.05374881369827777,,,True,True
electricity_transfer,standard,POINT4,C3,C2_SHRINK,0.24404620335708918,0.2439259798865484,-0.04928686587493125,time,-0.12078862834963511,0.023037850130438423,,,True,True
electricity_transfer,standard,POINT4,C3,C2_SHRINK,0.24404620335708918,0.2439259798865484,-0.04928686587493125,series_and_time,-0.16417938418113287,0.061693708004135185,,,True,True
electricity_transfer,standard,POINT4,C3,C0_BIAS,0.24404620335708918,0.24378838262432198,-0.10575595522306358,time,-0.24395068467659375,0.024129495623439454,,,True,True
electricity_transfer,standard,POINT4,C3,C0_BIAS,0.24404620335708918,0.24378838262432198,-0.10575595522306358,series_and_time,-0.3086355567527693,0.08752196460451762,,,True,True
electricity_transfer,standard,POINT4,C3,F0,0.24404620335708918,0.2333645491597422,-4.577239446097359,time,-5.6747303589549265,-3.4763418113840507,,,True,True
electricity_transfer,standard,POINT4,C3,F0,0.24404620335708918,0.2333645491597422,-4.577239446097359,series_and_time,-6.420197061634944,-2.9378179070312993,,,True,True
electricity_transfer,standard,POINT4,POS_ONLY,C0,0.24397764696118898,0.24389498976320878,-0.03389048625412894,time,-0.14795960179377066,0.07235956655365189,,,True,True
electricity_transfer,standard,POINT4,POS_ONLY,C0,0.24397764696118898,0.24389498976320878,-0.03389048625412894,series_and_time,-0.1957515737882698,0.1163692146494277,,,True,True
electricity_transfer,standard,POINT4,POS_ONLY,C2,0.24397764696118898,0.24397844785146983,0.00032826271660901796,time,-0.027917078022660635,0.027599378177397268,,,True,True
electricity_transfer,standard,POINT4,POS_ONLY,C2,0.24397764696118898,0.24397844785146983,0.00032826271660901796,series_and_time,-0.043352366821158284,0.04395988192775868,,,True,True
electricity_transfer,standard,POINT4,MAG_ONLY,C0,0.24413188215497336,0.24389498976320878,-0.09712884712989034,time,-0.24441175689361605,0.04302903833589943,,,True,True
electricity_transfer,standard,POINT4,MAG_ONLY,C0,0.24413188215497336,0.24389498976320878,-0.09712884712989034,series_and_time,-0.3187748985637584,0.1143416560703025,,,True,True
electricity_transfer,standard,POINT4,MAG_ONLY,C2,0.24413188215497336,0.24397844785146983,-0.06288846611441912,time,-0.13681319009048898,0.011890272883622795,,,True,True
electricity_transfer,standard,POINT4,MAG_ONLY,C2,0.24413188215497336,0.24397844785146983,-0.06288846611441912,series_and_time,-0.17541444084573865,0.04495109664125915,,,True,True
electricity_transfer,standard,POINT4,OUTPUT_CONTEXT,C0,0.24379010697968911,0.24389498976320878,0.04300325464721144,time,0.026263078940014506,0.06123372940324695,,,True,True
electricity_transfer,standard,POINT4,OUTPUT_CONTEXT,C0,0.24379010697968911,0.24389498976320878,0.04300325464721144,series_and_time,0.01948331019944627,0.0697425062416229,,,True,True
electricity_transfer,standard,POINT4,OUTPUT_CONTEXT,C2,0.24379010697968911,0.24397844785146983,0.07719570045603419,time,-0.02063861208008222,0.1854371499442561,,,True,True
electricity_transfer,standard,POINT4,OUTPUT_CONTEXT,C2,0.24379010697968911,0.24397844785146983,0.07719570045603419,series_and_time,-0.06463944879924965,0.22558386586955956,,,True,True
electricity_transfer,standard,POINT8,C3,POS_ONLY,0.2463101879717443,0.24623362800926876,-0.031092407277810707,time,-0.0862244399641815,0.025072876827321434,-0.09727054416073984,0.03920213593327097,True,True
electricity_transfer,standard,POINT8,C3,POS_ONLY,0.2463101879717443,0.24623362800926876,-0.031092407277810707,series_and_time,-0.14584759690228322,0.08269566999005182,-0.17074006513572512,0.11652860535124007,True,True
electricity_transfer,standard,POINT8,C3,MAG_ONLY,0.2463101879717443,0.2463800327099809,0.02834837607105234,time,0.007712446834152453,0.050324183528955,0.003472388358017885,0.05520871728234826,True,True
electricity_transfer,standard,POINT8,C3,MAG_ONLY,0.2463101879717443,0.2463800327099809,0.02834837607105234,series_and_time,0.00033264341180033746,0.057716720759834694,-0.0058998168260804285,0.06703535252522516,True,True
electricity_transfer,standard,POINT8,C3,OUTPUT_CONTEXT,0.2463101879717443,0.24600892548772008,-0.12245998124944535,time,-0.2691705200993644,0.010723846634899928,-0.302461819593912,0.03219943154962293,True,True
electricity_transfer,standard,POINT8,C3,OUTPUT_CONTEXT,0.2463101879717443,0.24600892548772008,-0.12245998124944535,series_and_time,-0.3555615978728066,0.09327628336209776,-0.4156211252786596,0.13374091062065882,True,True
electricity_transfer,standard,POINT8,C3,C0,0.2463101879717443,0.24611028967524995,-0.08122305522380024,time,-0.22434150579296708,0.05134980765294644,,,True,True
electricity_transfer,standard,POINT8,C3,C0,0.2463101879717443,0.24611028967524995,-0.08122305522380024,series_and_time,-0.31640651527768515,0.13862989316844343,,,True,True
electricity_transfer,standard,POINT8,C3,C2,0.2463101879717443,0.24622613237579064,-0.03413756092525144,time,-0.09873214087339044,0.029785124371100567,,,True,True
electricity_transfer,standard,POINT8,C3,C2,0.2463101879717443,0.24622613237579064,-0.03413756092525144,series_and_time,-0.1414334376593962,0.07467085684974577,,,True,True
electricity_transfer,standard,POINT8,C3,M_RECENCY,0.2463101879717443,0.24600543552001147,-0.12388037324810863,time,-0.1707960486031318,-0.08124237573834014,,,True,True
electricity_transfer,standard,POINT8,C3,M_RECENCY,0.2463101879717443,0.24600543552001147,-0.12388037324810863,series_and_time,-0.2002239673623052,-0.054014462164193054,,,True,True
electricity_transfer,standard,POINT8,C3,M_MEAN,0.2463101879717443,0.24619845052003497,-0.0453851157362406,time,-0.10955799573322267,0.016679456030336538,,,True,True
electricity_transfer,standard,POINT8,C3,M_MEAN,0.2463101879717443,0.24619845052003497,-0.0453851157362406,series_and_time,-0.14720700680413645,0.05898596664826504,,,True,True
electricity_transfer,standard,POINT8,C3,M_ROTATE16,0.2463101879717443,0.24621643651054187,-0.038076849186485795,time,-0.10289778791395032,0.02489391790712835,,,True,True
electricity_transfer,standard,POINT8,C3,M_ROTATE16,0.2463101879717443,0.24621643651054187,-0.038076849186485795,series_and_time,-0.1393888063080606,0.0681846440860373,,,True,True
electricity_transfer,standard,POINT8,C3,C2_SHRINK,0.2463101879717443,0.24615576228599428,-0.06273494648911804,time,-0.13100809150078496,0.004182647916027533,,,True,True
electricity_transfer,standard,POINT8,C3,C2_SHRINK,0.2463101879717443,0.24615576228599428,-0.06273494648911804,series_and_time,-0.17894402873376625,0.05318716348868958,,,True,True
electricity_transfer,standard,POINT8,C3,C0_BIAS,0.2463101879717443,0.24602076945412044,-0.11763987173361024,time,-0.2582394301874391,0.013632938582094276,,,True,True
electricity_transfer,standard,POINT8,C3,C0_BIAS,0.2463101879717443,0.24602076945412044,-0.11763987173361024,series_and_time,-0.3494624595950441,0.0925229709828448,,,True,True
electricity_transfer,standard,POINT8,C3,F0,0.2463101879717443,0.23653806047178444,-4.131312939857956,time,-5.234348907202048,-3.016769442968998,,,True,True
electricity_transfer,standard,POINT8,C3,F0,0.2463101879717443,0.23653806047178444,-4.131312939857956,series_and_time,-6.028433250159974,-2.3167525682909687,,,True,True
electricity_transfer,standard,POINT8,POS_ONLY,C0,0.24623362800926876,0.24611028967524995,-0.05011506596557247,time,-0.17381680275778189,0.06870896662270852,,,True,True
electricity_transfer,standard,POINT8,POS_ONLY,C0,0.24623362800926876,0.24611028967524995,-0.05011506596557247,series_and_time,-0.2393607011461013,0.11766602423725456,,,True,True
electricity_transfer,standard,POINT8,POS_ONLY,C2,0.24623362800926876,0.24622613237579064,-0.0030442071301761686,time,-0.028590495828444418,0.021939230088967025,,,True,True
electricity_transfer,standard,POINT8,POS_ONLY,C2,0.24623362800926876,0.24622613237579064,-0.0030442071301761686,series_and_time,-0.047861172322367085,0.04164496307976799,,,True,True
electricity_transfer,standard,POINT8,MAG_ONLY,C0,0.2463800327099809,0.24611028967524995,-0.10960250182423525,time,-0.258859537190102,0.03047658900876243,,,True,True
electricity_transfer,standard,POINT8,MAG_ONLY,C0,0.2463800327099809,0.24611028967524995,-0.10960250182423525,series_and_time,-0.3557907322763909,0.11418135143283596,,,True,True
electricity_transfer,standard,POINT8,MAG_ONLY,C2,0.2463800327099809,0.24622613237579064,-0.06250365576769834,time,-0.13573602462210455,0.010892922088257954,,,True,True
electricity_transfer,standard,POINT8,MAG_ONLY,C2,0.2463800327099809,0.24622613237579064,-0.06250365576769834,series_and_time,-0.1867920629558667,0.05914016605362596,,,True,True
electricity_transfer,standard,POINT8,OUTPUT_CONTEXT,C0,0.24600892548772008,0.24611028967524995,0.04118648905887534,time,0.024801541997639676,0.0590085304275395,,,True,True
electricity_transfer,standard,POINT8,OUTPUT_CONTEXT,C0,0.24600892548772008,0.24611028967524995,0.04118648905887534,series_and_time,0.01866717801102563,0.06769273341809405,,,True,True
electricity_transfer,standard,POINT8,OUTPUT_CONTEXT,C2,0.24600892548772008,0.24622613237579064,0.0882143929950785,time,-0.021351797256905503,0.20208223487749943,,,True,True
electricity_transfer,standard,POINT8,OUTPUT_CONTEXT,C2,0.24600892548772008,0.24622613237579064,0.0882143929950785,series_and_time,-0.06308557005761106,0.2623701361434724,,,True,True
electricity_transfer,standard,REFERENCE,C3,POS_ONLY,0.24229306950040386,0.24220892990332504,-0.034738437229542285,time,-0.09241793340590332,0.026844134655831495,-0.10548463647570246,0.04418123429502507,True,True
electricity_transfer,standard,REFERENCE,C3,POS_ONLY,0.24229306950040386,0.24220892990332504,-0.034738437229542285,series_and_time,-0.13758107563316802,0.07444381705588972,-0.15381242894742075,0.09611606128124141,True,True
electricity_transfer,standard,REFERENCE,C3,MAG_ONLY,0.24229306950040386,0.24237321883957022,0.03306856242207834,time,0.014159005503701638,0.05275010160662979,0.010772740719338184,0.058655297234867974,True,True
electricity_transfer,standard,REFERENCE,C3,MAG_ONLY,0.24229306950040386,0.24237321883957022,0.03306856242207834,series_and_time,0.0036255660890577306,0.0651398594390562,-0.0031029196661850715,0.0733212349089399,True,True
electricity_transfer,standard,REFERENCE,C3,OUTPUT_CONTEXT,0.24229306950040386,0.2419155868597231,-0.15603899094756013,time,-0.30823316279761925,-0.023723095545327182,-0.3325150772661034,0.0019148618080915684,True,True
electricity_transfer,standard,REFERENCE,C3,OUTPUT_CONTEXT,0.24229306950040386,0.2419155868597231,-0.15603899094756013,series_and_time,-0.3770190040819499,0.04400938987221019,-0.42444154449799876,0.08663098561063962,True,True
electricity_transfer,standard,REFERENCE,C3,C0,0.24229306950040386,0.24200549275389727,-0.11883066918609853,time,-0.27033381657042,0.013736036788385409,,,True,True
electricity_transfer,standard,REFERENCE,C3,C0,0.24229306950040386,0.24200549275389727,-0.11883066918609853,series_and_time,-0.33968464982647273,0.0887102006586837,,,True,True
electricity_transfer,standard,REFERENCE,C3,C2,0.24229306950040386,0.24218933965024408,-0.04283006440728432,time,-0.11321593386961759,0.030823040029550868,,,True,True
electricity_transfer,standard,REFERENCE,C3,C2,0.24229306950040386,0.24218933965024408,-0.04283006440728432,series_and_time,-0.1497761450770807,0.06596575136276585,,,True,True
electricity_transfer,standard,REFERENCE,C3,M_RECENCY,0.24229306950040386,0.24204796258413439,-0.10126377997676794,time,-0.14188182728105292,-0.06150913029618234,,,True,True
electricity_transfer,standard,REFERENCE,C3,M_RECENCY,0.24229306950040386,0.24204796258413439,-0.10126377997676794,series_and_time,-0.17335993215280343,-0.03484486347132333,,,True,True
electricity_transfer,standard,REFERENCE,C3,M_MEAN,0.24229306950040386,0.24214862735169007,-0.05965020338687399,time,-0.12465176860530225,0.009329235618124522,,,True,True
electricity_transfer,standard,REFERENCE,C3,M_MEAN,0.24229306950040386,0.24214862735169007,-0.05965020338687399,series_and_time,-0.15968700333285624,0.043438820965196114,,,True,True
electricity_transfer,standard,REFERENCE,C3,M_ROTATE16,0.24229306950040386,0.24219058531502163,-0.04231551166571368,time,-0.10989096250099639,0.025009911541702623,,,True,True
electricity_transfer,standard,REFERENCE,C3,M_ROTATE16,0.24229306950040386,0.24219058531502163,-0.04231551166571368,series_and_time,-0.13992508642486634,0.05583112230505587,,,True,True
electricity_transfer,standard,REFERENCE,C3,C2_SHRINK,0.24229306950040386,0.24213329727948235,-0.0659852332234534,time,-0.14176512021498056,0.011335593105779824,,,True,True
electricity_transfer,standard,REFERENCE,C3,C2_SHRINK,0.24229306950040386,0.24213329727948235,-0.0659852332234534,series_and_time,-0.18321039938698103,0.04844071583798444,,,True,True
electricity_transfer,standard,REFERENCE,C3,C0_BIAS,0.24229306950040386,0.24190596579652235,-0.16002238828913828,time,-0.3070921709460078,-0.028848158518020587,,,True,True
electricity_transfer,standard,REFERENCE,C3,C0_BIAS,0.24229306950040386,0.24190596579652235,-0.16002238828913828,series_and_time,-0.3759715519910489,0.030495107608735358,,,True,True
electricity_transfer,standard,REFERENCE,C3,F0,0.24229306950040386,0.23110952520028533,-4.839066797626179,time,-5.897485714375998,-3.759429204704196,,,True,True
electricity_transfer,standard,REFERENCE,C3,F0,0.24229306950040386,0.23110952520028533,-4.839066797626179,series_and_time,-6.557953687476762,-3.2811426646628523,,,True,True
electricity_transfer,standard,REFERENCE,POS_ONLY,C0,0.24220892990332504,0.24200549275389727,-0.08406302977372881,time,-0.19840853002204395,0.013449067961343817,,,True,True
electricity_transfer,standard,REFERENCE,POS_ONLY,C0,0.24220892990332504,0.24200549275389727,-0.08406302977372881,series_and_time,-0.2636137137360778,0.06327875261492666,,,True,True
electricity_transfer,standard,REFERENCE,POS_ONLY,C2,0.24220892990332504,0.24218933965024408,-0.0080888172490301,time,-0.037359813392754404,0.02046511554694622,,,True,True
electricity_transfer,standard,REFERENCE,POS_ONLY,C2,0.24220892990332504,0.24218933965024408,-0.0080888172490301,series_and_time,-0.05398684914625751,0.03689355989080541,,,True,True
electricity_transfer,standard,REFERENCE,MAG_ONLY,C0,0.24237321883957022,0.24200549275389727,-0.1519494791165421,time,-0.30690732666960485,-0.011220020620516085,,,True,True
electricity_transfer,standard,REFERENCE,MAG_ONLY,C0,0.24237321883957022,0.24200549275389727,-0.1519494791165421,series_and_time,-0.3821251405573639,0.05786717737659845,,,True,True
electricity_transfer,standard,REFERENCE,MAG_ONLY,C2,0.24237321883957022,0.24218933965024408,-0.07592373371663186,time,-0.15371881044271674,0.0028592768600443725,,,True,True
electricity_transfer,standard,REFERENCE,MAG_ONLY,C2,0.24237321883957022,0.24218933965024408,-0.07592373371663186,series_and_time,-0.1943859430414674,0.03940749865463831,,,True,True
electricity_transfer,standard,REFERENCE,OUTPUT_CONTEXT,C0,0.2419155868597231,0.24200549275389727,0.03715035272592315,time,0.02020021739836203,0.055789007452775874,,,True,True
electricity_transfer,standard,REFERENCE,OUTPUT_CONTEXT,C0,0.2419155868597231,0.24200549275389727,0.03715035272592315,series_and_time,0.013760178763468911,0.0645287896305438,,,True,True
electricity_transfer,standard,REFERENCE,OUTPUT_CONTEXT,C2,0.2419155868597231,0.24218933965024408,0.11303255168717552,time,0.0184547700372234,0.22104305982826497,,,True,True
electricity_transfer,standard,REFERENCE,OUTPUT_CONTEXT,C2,0.2419155868597231,0.24218933965024408,0.11303255168717552,series_and_time,-0.031339477185027276,0.2760734842571089,,,True,True
electricity_transfer,standard,SHIFT4,C3,POS_ONLY,0.31991627180851145,0.3188243038771411,-0.3424983346913102,time,-0.46652670860177103,-0.22710936271889554,-0.49925826115031474,-0.1975849383287359,True,True
electricity_transfer,standard,SHIFT4,C3,POS_ONLY,0.31991627180851145,0.3188243038771411,-0.3424983346913102,series_and_time,-0.7867114018744475,0.01080157615514443,-0.8927900766502342,0.08077251983731201,True,True
electricity_transfer,standard,SHIFT4,C3,MAG_ONLY,0.31991627180851145,0.31966188262315665,-0.07958070673528272,time,-0.13829323123088433,-0.02210965561728784,-0.1483901864415784,-0.006598921006043635,True,True
electricity_transfer,standard,SHIFT4,C3,MAG_ONLY,0.31991627180851145,0.31966188262315665,-0.07958070673528272,series_and_time,-0.2078886809672459,0.025087979438247178,-0.23401906181025575,0.048653499653667893,True,True
electricity_transfer,standard,SHIFT4,C3,OUTPUT_CONTEXT,0.31991627180851145,0.3239173338920527,1.2352108593467914,time,0.8837352651213063,1.55069253674367,0.7939128113513375,1.6034927738010512,True,True
electricity_transfer,standard,SHIFT4,C3,OUTPUT_CONTEXT,0.31991627180851145,0.3239173338920527,1.2352108593467914,series_and_time,0.7529572403987581,1.8177965463173607,0.6338829617293323,1.9881807771717683,True,True
electricity_transfer,standard,SHIFT4,C3,C0,0.31991627180851145,0.32804803908364577,2.478834288371068,time,2.035444778725744,2.9077007675785813,,,True,True
electricity_transfer,standard,SHIFT4,C3,C0,0.31991627180851145,0.32804803908364577,2.478834288371068,series_and_time,1.5537158583201367,3.6975470370409464,,,True,True
electricity_transfer,standard,SHIFT4,C3,C2,0.31991627180851145,0.3189770696633117,-0.29444190022533956,time,-0.45325843275208,-0.12536450173785077,,,True,True
electricity_transfer,standard,SHIFT4,C3,C2,0.31991627180851145,0.3189770696633117,-0.29444190022533956,series_and_time,-0.7843765456884866,0.13443932225638378,,,True,True
electricity_transfer,standard,SHIFT4,C3,M_RECENCY,0.31991627180851145,0.3197784537352468,-0.0430979860133851,time,-0.1428362395798738,0.05717844345519667,,,True,True
electricity_transfer,standard,SHIFT4,C3,M_RECENCY,0.31991627180851145,0.3197784537352468,-0.0430979860133851,series_and_time,-0.3226821168083105,0.1782990212797492,,,True,True
electricity_transfer,standard,SHIFT4,C3,M_MEAN,0.31991627180851145,0.31880797215497675,-0.3476386258609354,time,-0.5082559253573438,-0.1754926659087303,,,True,True
electricity_transfer,standard,SHIFT4,C3,M_MEAN,0.31991627180851145,0.31880797215497675,-0.3476386258609354,series_and_time,-0.8566093915196066,0.07665749813682617,,,True,True
electricity_transfer,standard,SHIFT4,C3,M_ROTATE16,0.31991627180851145,0.31919331831676845,-0.22649393024747333,time,-0.39300599083648524,-0.04762641084764161,,,True,True
electricity_transfer,standard,SHIFT4,C3,M_ROTATE16,0.31991627180851145,0.31919331831676845,-0.22649393024747333,series_and_time,-0.7590042763247062,0.22090241383249073,,,True,True
electricity_transfer,standard,SHIFT4,C3,C2_SHRINK,0.31991627180851145,0.3195753932736861,-0.10666607692582097,time,-0.23208372893049112,0.0311105579459228,,,True,True
electricity_transfer,standard,SHIFT4,C3,C2_SHRINK,0.31991627180851145,0.3195753932736861,-0.10666607692582097,series_and_time,-0.45866300319445164,0.2264460063562003,,,True,True
electricity_transfer,standard,SHIFT4,C3,C0_BIAS,0.31991627180851145,0.32790535046995684,2.436397774539323,time,2.0000855334673657,2.851368905333861,,,True,True
electricity_transfer,standard,SHIFT4,C3,C0_BIAS,0.31991627180851145,0.32790535046995684,2.436397774539323,series_and_time,1.5427366742226392,3.6275653213071264,,,True,True
electricity_transfer,standard,SHIFT4,C3,F0,0.31991627180851145,0.4445400056363228,28.03431237857268,time,25.48618724193252,30.635130431282573,,,True,True
electricity_transfer,standard,SHIFT4,C3,F0,0.31991627180851145,0.4445400056363228,28.03431237857268,series_and_time,19.742098234547395,36.21584072485827,,,True,True
electricity_transfer,standard,SHIFT4,POS_ONLY,C0,0.3188243038771411,0.32804803908364577,2.811702588520215,time,2.3694726011732126,3.2645517440172442,,,True,True
electricity_transfer,standard,SHIFT4,POS_ONLY,C0,0.3188243038771411,0.32804803908364577,2.811702588520215,series_and_time,1.6750211923775884,4.3044918422952945,,,True,True
electricity_transfer,standard,SHIFT4,POS_ONLY,C2,0.3188243038771411,0.3189770696633117,0.04789240378056947,time,-0.04179228467334706,0.1448624555605213,,,True,True
electricity_transfer,standard,SHIFT4,POS_ONLY,C2,0.3188243038771411,0.3189770696633117,0.04789240378056947,series_and_time,-0.17290005352889826,0.340114938731493,,,True,True
electricity_transfer,standard,SHIFT4,MAG_ONLY,C0,0.31966188262315665,0.32804803908364577,2.5563806093505725,time,2.0965382785638527,3.000428099922506,,,True,True
electricity_transfer,standard,SHIFT4,MAG_ONLY,C0,0.31966188262315665,0.32804803908364577,2.5563806093505725,series_and_time,1.5739614275726572,3.8379171507215535,,,True,True
electricity_transfer,standard,SHIFT4,MAG_ONLY,C2,0.31966188262315665,0.3189770696633117,-0.21469034139909304,time,-0.38801248045437775,-0.02682722704240139,,,True,True
electricity_transfer,standard,SHIFT4,MAG_ONLY,C2,0.31966188262315665,0.3189770696633117,-0.21469034139909304,series_and_time,-0.6919713728040966,0.23512734010074357,,,True,True
electricity_transfer,standard,SHIFT4,OUTPUT_CONTEXT,C0,0.3239173338920527,0.32804803908364577,1.2591769190669733,time,1.0795193946806125,1.464695886237705,,,True,True
electricity_transfer,standard,SHIFT4,OUTPUT_CONTEXT,C0,0.3239173338920527,0.32804803908364577,1.2591769190669733,series_and_time,0.6518234047017422,2.034389593388765,,,True,True
electricity_transfer,standard,SHIFT4,OUTPUT_CONTEXT,C2,0.3239173338920527,0.3189770696633117,-1.5487835015713047,time,-1.955347891283108,-1.1092579587918356,,,True,True
electricity_transfer,standard,SHIFT4,OUTPUT_CONTEXT,C2,0.3239173338920527,0.3189770696633117,-1.5487835015713047,series_and_time,-2.4595650137700225,-0.8196458443984493,,,True,True
electricity_transfer,standard,SHIFT8,C3,POS_ONLY,0.3586602241855592,0.36116785688747266,0.6943122578858762,time,0.5184988746969785,0.8562413018169918,0.47993603337739116,0.8910223182185282,True,True
electricity_transfer,standard,SHIFT8,C3,POS_ONLY,0.3586602241855592,0.36116785688747266,0.6943122578858762,series_and_time,0.37734006471870557,1.0826709538338228,0.311425689371718,1.1758029650868769,True,True
electricity_transfer,standard,SHIFT8,C3,MAG_ONLY,0.3586602241855592,0.3577603890204783,-0.2515189475124968,time,-0.3243749395347456,-0.17817406783561593,-0.33808623104659613,-0.16070590666509008,True,True
electricity_transfer,standard,SHIFT8,C3,MAG_ONLY,0.3586602241855592,0.3577603890204783,-0.2515189475124968,series_and_time,-0.430722444865822,-0.10368977522956586,-0.4700858621634807,-0.07298323768090216,True,True
electricity_transfer,standard,SHIFT8,C3,OUTPUT_CONTEXT,0.3586602241855592,0.3693678320475154,2.89890102302649,time,2.055435214232086,3.710056101409072,1.859883870407037,3.876774241208419,True,True
electricity_transfer,standard,SHIFT8,C3,OUTPUT_CONTEXT,0.3586602241855592,0.3693678320475154,2.89890102302649,series_and_time,1.4757260695999126,4.735509688191069,1.188639291738755,5.26767083139086,True,True
electricity_transfer,standard,SHIFT8,C3,C0,0.3586602241855592,0.38612121724498927,7.112013490314462,time,6.1562675970248915,8.071402204803421,,,True,True
electricity_transfer,standard,SHIFT8,C3,C0,0.3586602241855592,0.38612121724498927,7.112013490314462,series_and_time,4.446982026155102,10.327277443096818,,,True,True
electricity_transfer,standard,SHIFT8,C3,C2,0.3586602241855592,0.3674775895870947,2.399429421381283,time,2.0486728931047815,2.760087724284121,,,True,True
electricity_transfer,standard,SHIFT8,C3,C2,0.3586602241855592,0.3674775895870947,2.399429421381283,series_and_time,1.4050106627213967,3.5924114979868267,,,True,True
electricity_transfer,standard,SHIFT8,C3,M_RECENCY,0.3586602241855592,0.35930840200138164,0.1803959529507293,time,0.1329650426041204,0.23113749165179412,,,True,True
electricity_transfer,standard,SHIFT8,C3,M_RECENCY,0.3586602241855592,0.35930840200138164,0.1803959529507293,series_and_time,0.06535324739958853,0.3099281212666579,,,True,True
electricity_transfer,standard,SHIFT8,C3,M_MEAN,0.3586602241855592,0.3660168474755071,2.0099138443183784,time,1.688837734472328,2.333735897951896,,,True,True
electricity_transfer,standard,SHIFT8,C3,M_MEAN,0.3586602241855592,0.3660168474755071,2.0099138443183784,series_and_time,1.1656696497598338,2.9981354234679474,,,True,True
electricity_transfer,standard,SHIFT8,C3,M_ROTATE16,0.3586602241855592,0.36802516494719884,2.544646848533638,time,2.182812731206435,2.918081888047627,,,True,True
electricity_transfer,standard,SHIFT8,C3,M_ROTATE16,0.3586602241855592,0.36802516494719884,2.544646848533638,series_and_time,1.5769512472509084,3.704430390440296,,,True,True
electricity_transfer,standard,SHIFT8,C3,C2_SHRINK,0.3586602241855592,0.3670541057101064,2.2868240387362793,time,1.9756425086968887,2.601678094623481,,,True,True
electricity_transfer,standard,SHIFT8,C3,C2_SHRINK,0.3586602241855592,0.3670541057101064,2.2868240387362793,series_and_time,1.3553299880165988,3.4113729364889696,,,True,True
electricity_transfer,standard,SHIFT8,C3,C0_BIAS,0.3586602241855592,0.38591607430949243,7.062636655573695,time,6.1204984636708195,8.016795587879905,,,True,True
electricity_transfer,standard,SHIFT8,C3,C0_BIAS,0.3586602241855592,0.38591607430949243,7.062636655573695,series_and_time,4.419027756586566,10.242580442754006,,,True,True
electricity_transfer,standard,SHIFT8,C3,F0,0.3586602241855592,0.5604452951876796,36.004418760362235,time,33.61235203752141,38.14902001438494,,,True,True
electricity_transfer,standard,SHIFT8,C3,F0,0.3586602241855592,0.5604452951876796,36.004418760362235,series_and_time,29.933284980608743,41.9544561619029,,,True,True
electricity_transfer,standard,SHIFT8,POS_ONLY,C0,0.36116785688747266,0.38612121724498927,6.462571659636096,time,5.548419586571114,7.412277586334566,,,True,True
electricity_transfer,standard,SHIFT8,POS_ONLY,C0,0.36116785688747266,0.38612121724498927,6.462571659636096,series_and_time,3.9487449645292187,9.416875864955319,,,True,True
electricity_transfer,standard,SHIFT8,POS_ONLY,C2,0.36116785688747266,0.3674775895870947,1.7170387741771598,time,1.5042872433134191,1.9500284715315246,,,True,True
electricity_transfer,standard,SHIFT8,POS_ONLY,C2,0.36116785688747266,0.3674775895870947,1.7170387741771598,series_and_time,0.9691200722003083,2.5691546395531093,,,True,True
electricity_transfer,standard,SHIFT8,MAG_ONLY,C0,0.3577603890204783,0.38612121724498927,7.345058224686052,time,6.344200215177936,8.342018534939255,,,True,True
electricity_transfer,standard,SHIFT8,MAG_ONLY,C0,0.3577603890204783,0.38612121724498927,7.345058224686052,series_and_time,4.554927983202674,10.683913583906836,,,True,True
electricity_transfer,standard,SHIFT8,MAG_ONLY,C2,0.3577603890204783,0.3674775895870947,2.644297459753897,time,2.250985390105916,3.0343249321806,,,True,True
electricity_transfer,standard,SHIFT8,MAG_ONLY,C2,0.3577603890204783,0.3674775895870947,2.644297459753897,series_and_time,1.541979560029885,3.9704369760739517,,,True,True
electricity_transfer,standard,SHIFT8,OUTPUT_CONTEXT,C0,0.3693678320475154,0.38612121724498927,4.338892671325045,time,4.001847144149832,4.691164722980574,,,True,True
electricity_transfer,standard,SHIFT8,OUTPUT_CONTEXT,C0,0.3693678320475154,0.38612121724498927,4.338892671325045,series_and_time,2.815186924995135,6.046704492748332,,,True,True
electricity_transfer,standard,SHIFT8,OUTPUT_CONTEXT,C2,0.3693678320475154,0.3674775895870947,-0.5143830573572039,time,-1.3808097699430182,0.40130261082258845,,,True,True
electricity_transfer,standard,SHIFT8,OUTPUT_CONTEXT,C2,0.3693678320475154,0.3674775895870947,-0.5143830573572039,series_and_time,-1.7711905832243495,0.6493468216550009,,,True,True
electricity_transfer,standard,SHIFT_POINT,C3,POS_ONLY,0.33508850268266854,0.33558271512809695,0.1472699346984463,time,0.01838568399166851,0.27954750147711255,0.0008750385231279236,0.31221900992065815,True,True
electricity_transfer,standard,SHIFT_POINT,C3,POS_ONLY,0.33508850268266854,0.33558271512809695,0.1472699346984463,series_and_time,-0.13722348500387838,0.39465097620713263,-0.1879183508209261,0.4511833972137013,True,True
electricity_transfer,standard,SHIFT_POINT,C3,MAG_ONLY,0.33508850268266854,0.3346553274052731,-0.12943922953625453,time,-0.1986609012168944,-0.06463007840159248,-0.2109786811591143,-0.053941482113365066,True,True
electricity_transfer,standard,SHIFT_POINT,C3,MAG_ONLY,0.33508850268266854,0.3346553274052731,-0.12943922953625453,series_and_time,-0.26762620812661175,-0.005729861493815054,-0.28922616228393744,0.016665921948963474,True,True
electricity_transfer,standard,SHIFT_POINT,C3,OUTPUT_CONTEXT,0.33508850268266854,0.3409943307739898,1.73194319035046,time,1.401676351789519,2.058221421554267,1.3016211665427904,2.1255768784203104,True,True
electricity_transfer,standard,SHIFT_POINT,C3,OUTPUT_CONTEXT,0.33508850268266854,0.3409943307739898,1.73194319035046,series_and_time,1.2230579631221896,2.411442392320824,1.1176877006770898,2.605133675602194,True,True
electricity_transfer,standard,SHIFT_POINT,C3,C0,0.33508850268266854,0.34345248636221615,2.435266597757768,time,2.0407604442960667,2.824410816846542,,,True,True
electricity_transfer,standard,SHIFT_POINT,C3,C0,0.33508850268266854,0.34345248636221615,2.435266597757768,series_and_time,1.6374945436658015,3.510812483563462,,,True,True
electricity_transfer,standard,SHIFT_POINT,C3,C2,0.33508850268266854,0.33507897239160456,-0.002844192518547395,time,-0.1802079332044304,0.18578028577026337,,,True,True
electricity_transfer,standard,SHIFT_POINT,C3,C2,0.33508850268266854,0.33507897239160456,-0.002844192518547395,series_and_time,-0.3511709030760751,0.3521815591608996,,,True,True
electricity_transfer,standard,SHIFT_POINT,C3,M_RECENCY,0.33508850268266854,0.33539386346283656,0.09104542850464359,time,-0.005338112048167698,0.18582131119489856,,,True,True
electricity_transfer,standard,SHIFT_POINT,C3,M_RECENCY,0.33508850268266854,0.33539386346283656,0.09104542850464359,series_and_time,-0.13293573068390574,0.3203376631534762,,,True,True
electricity_transfer,standard,SHIFT_POINT,C3,M_MEAN,0.33508850268266854,0.3348048924471552,-0.08470910727749192,time,-0.2530874832866181,0.09267867492808798,,,True,True
electricity_transfer,standard,SHIFT_POINT,C3,M_MEAN,0.33508850268266854,0.3348048924471552,-0.08470910727749192,series_and_time,-0.45459557186683097,0.23393157498386075,,,True,True
electricity_transfer,standard,SHIFT_POINT,C3,M_ROTATE16,0.33508850268266854,0.3351812864570616,0.027681669037604717,time,-0.1544164299823947,0.226657333033867,,,True,True
electricity_transfer,standard,SHIFT_POINT,C3,M_ROTATE16,0.33508850268266854,0.3351812864570616,0.027681669037604717,series_and_time,-0.3724618578210742,0.37762203751319356,,,True,True
electricity_transfer,standard,SHIFT_POINT,C3,C2_SHRINK,0.33508850268266854,0.33544072993638235,0.1050043188794092,time,-0.04999681368707043,0.2682510125560966,,,True,True
electricity_transfer,standard,SHIFT_POINT,C3,C2_SHRINK,0.33508850268266854,0.33544072993638235,0.1050043188794092,series_and_time,-0.17486371052546412,0.41143093613304466,,,True,True
electricity_transfer,standard,SHIFT_POINT,C3,C0_BIAS,0.33508850268266854,0.3432427772578758,2.375658022683169,time,1.9922937156424816,2.7549594999248144,,,True,True
electricity_transfer,standard,SHIFT_POINT,C3,C0_BIAS,0.33508850268266854,0.3432427772578758,2.375658022683169,series_and_time,1.5966634991183593,3.401455724976878,,,True,True
electricity_transfer,standard,SHIFT_POINT,C3,F0,0.33508850268266854,0.5057765443087137,33.74771794910705,time,31.792883793595493,35.72528925122872,,,True,True
electricity_transfer,standard,SHIFT_POINT,C3,F0,0.33508850268266854,0.5057765443087137,33.74771794910705,series_and_time,25.83383645860984,40.96487241512473,,,True,True
electricity_transfer,standard,SHIFT_POINT,POS_ONLY,C0,0.33558271512809695,0.34345248636221615,2.291371163876066,time,1.9234652132890964,2.6537939088279385,,,True,True
electricity_transfer,standard,SHIFT_POINT,POS_ONLY,C0,0.33558271512809695,0.34345248636221615,2.291371163876066,series_and_time,1.4112793342938397,3.394600254599817,,,True,True
electricity_transfer,standard,SHIFT_POINT,POS_ONLY,C2,0.33558271512809695,0.33507897239160456,-0.15033552624832414,time,-0.2570008134508811,-0.03492745972036093,,,True,True
electricity_transfer,standard,SHIFT_POINT,POS_ONLY,C2,0.33558271512809695,0.33507897239160456,-0.15033552624832414,series_and_time,-0.35823416184636747,0.09611018878186636,,,True,True
electricity_transfer,standard,SHIFT_POINT,MAG_ONLY,C0,0.3346553274052731,0.34345248636221615,2.561390383316453,time,2.1467891313449985,2.9658408872544313,,,True,True
electricity_transfer,standard,SHIFT_POINT,MAG_ONLY,C0,0.3346553274052731,0.34345248636221615,2.561390383316453,series_and_time,1.6898371844335776,3.7168644713121166,,,True,True
electricity_transfer,standard,SHIFT_POINT,MAG_ONLY,C2,0.3346553274052731,0.33507897239160456,0.12643138520681552,time,-0.054128320649362016,0.32614120547273856,,,True,True
electricity_transfer,standard,SHIFT_POINT,MAG_ONLY,C2,0.3346553274052731,0.33507897239160456,0.12643138520681552,series_and_time,-0.23710608075674655,0.5366179669729515,,,True,True
electricity_transfer,standard,SHIFT_POINT,OUTPUT_CONTEXT,C0,0.3409943307739898,0.34345248636221615,0.7157192583645777,time,0.5827543977098135,0.8659259704842422,,,True,True
electricity_transfer,standard,SHIFT_POINT,OUTPUT_CONTEXT,C0,0.3409943307739898,0.34345248636221615,0.7157192583645777,series_and_time,0.3368136069200084,1.1716674999397838,,,True,True
electricity_transfer,standard,SHIFT_POINT,OUTPUT_CONTEXT,C2,0.3409943307739898,0.33507897239160456,-1.76536245774086,time,-2.111282751965212,-1.4055164686143131,,,True,True
electricity_transfer,standard,SHIFT_POINT,OUTPUT_CONTEXT,C2,0.3409943307739898,0.33507897239160456,-1.76536245774086,series_and_time,-2.5407075423899457,-1.1637767444671632,,,True,True
ettm1,shape,PAIRED_SHIFT8_D32,C3,POS_ONLY,0.5420057433604855,0.5327700488567546,-1.733523594944808,time,-2.4790545909047106,-0.974627611938728,-2.632381173070148,-0.8160135002697779,True,True
ettm1,shape,PAIRED_SHIFT8_D32,C3,MAG_ONLY,0.5420057433604855,0.539927697495088,-0.3848748406570568,time,-0.617343714873877,-0.1552489441872431,-0.6810253763331289,-0.09796784812514125,True,True
ettm1,shape,PAIRED_SHIFT8_D32,C3,OUTPUT_CONTEXT,0.5420057433604855,0.5388884422160098,-0.578468733093751,time,-1.3087149957026534,0.24352063509896685,-1.4708307317508922,0.3860971595287345,True,True
ettm1,shape,PAIRED_SHIFT8_D32,C3,C0,0.5420057433604855,0.5388884422160098,-0.578468733093751,time,-1.3087149957026534,0.24352063509895602,,,True,True
ettm1,shape,PAIRED_SHIFT8_D32,C3,C2,0.5420057433604855,0.5301644941162214,-2.2335047661015794,time,-3.1123769684657225,-1.3496136125426075,,,True,True
ettm1,shape,PAIRED_SHIFT8_D32,C3,M_RECENCY,0.5420057433604855,0.5421335559836584,0.02357585538881324,time,-0.10660569168632839,0.16511652041768715,,,True,True
ettm1,shape,PAIRED_SHIFT8_D32,C3,M_MEAN,0.5420057433604855,0.5298739781982438,-2.289556698650097,time,-3.16840546818896,-1.3981242081825718,,,True,True
ettm1,shape,PAIRED_SHIFT8_D32,C3,M_ROTATE16,0.5420057433604855,0.5302197659902674,-2.222847605125744,time,-3.142912350293306,-1.2723125935574315,,,True,True
ettm1,shape,PAIRED_SHIFT8_D32,C3,F0,0.5420057433604855,1.038979532316892,47.8328757688008,time,42.785103206610025,52.254602605884244,,,True,True
ettm1,shape,PAIRED_SHIFT8_D32,POS_ONLY,C0,0.5327700488567546,0.5388884422160098,1.135372904658205,time,0.12188989958413916,2.280189283636809,,,True,True
ettm1,shape,PAIRED_SHIFT8_D32,POS_ONLY,C2,0.5327700488567546,0.5301644941162214,-0.491461568899787,time,-0.7250621190008555,-0.26778612142760955,,,True,True
ettm1,shape,PAIRED_SHIFT8_D32,MAG_ONLY,C0,0.539927697495088,0.5388884422160098,-0.19285165493705403,time,-0.8067552339325068,0.5168115022184393,,,True,True
ettm1,shape,PAIRED_SHIFT8_D32,MAG_ONLY,C2,0.539927697495088,0.5301644941162214,-1.8415422924807023,time,-2.751800513370655,-0.895817592184898,,,True,True
ettm1,shape,PAIRED_SHIFT8_D32,OUTPUT_CONTEXT,C0,0.5388884422160098,0.5388884422160098,0.0,time,-2.220446049250313e-14,2.220446049250313e-14,,,True,True
ettm1,shape,PAIRED_SHIFT8_D32,OUTPUT_CONTEXT,C2,0.5388884422160098,0.5301644941162214,-1.6455172303326826,time,-2.842932092940895,-0.5200660841368151,,,True,True
ettm1,shape,PULSE8_D32,C3,POS_ONLY,6.485813489135285,6.517383256601991,0.484393294421126,time,0.4192457655485868,0.5523443474649861,0.406134457430401,0.564491978152453,True,True
ettm1,shape,PULSE8_D32,C3,MAG_ONLY,6.485813489135285,6.500097001621182,0.21974306663936627,time,0.18698986231177245,0.25394623100391506,0.17946581471281717,0.2599731333044475,True,True
ettm1,shape,PULSE8_D32,C3,OUTPUT_CONTEXT,6.485813489135285,6.519285782467745,0.5134349750777312,time,0.47153515699064813,0.5541119158607596,0.4599152073611637,0.5641832043670886,True,True
ettm1,shape,PULSE8_D32,C3,C0,6.485813489135285,6.519285782467745,0.5134349750777312,time,0.47153515699064813,0.5541119158607596,,,True,True
ettm1,shape,PULSE8_D32,C3,C2,6.485813489135285,6.525515279112197,0.6084085053634669,time,0.5368818618053434,0.6837556491936766,,,True,True
ettm1,shape,PULSE8_D32,C3,M_RECENCY,6.485813489135285,6.485708208700981,-0.0016232681292027706,time,-0.017796588361593257,0.01781756533042993,,,True,True
ettm1,shape,PULSE8_D32,C3,M_MEAN,6.485813489135285,6.526821267672602,0.6282963307181255,time,0.5580650492987915,0.7010820605228137,,,True,True
ettm1,shape,PULSE8_D32,C3,M_ROTATE16,6.485813489135285,6.531136328898297,0.6939502941084252,time,0.6207916081934098,0.7661627063259515,,,True,True
ettm1,shape,PULSE8_D32,C3,F0,6.485813489135285,5.983753488936021,-8.390385752480878,time,-10.349634640872015,-6.703682678281342,,,True,True
ettm1,shape,PULSE8_D32,POS_ONLY,C0,6.517383256601991,6.519285782467745,0.0291830413520211,time,-0.06825073976560236,0.12817992157045538,,,True,True
ettm1,shape,PULSE8_D32,POS_ONLY,C2,6.517383256601991,6.525515279112197,0.12461885632596426,time,0.10279665260329696,0.14987326724458458,,,True,True
ettm1,shape,PULSE8_D32,MAG_ONLY,C0,6.500097001621182,6.519285782467745,0.29433869731815276,time,0.27228255810874097,0.31386593582834466,,,True,True
ettm1,shape,PULSE8_D32,MAG_ONLY,C2,6.500097001621182,6.525515279112197,0.3895213849606227,time,0.2904842665292781,0.49010568822650397,,,True,True
ettm1,shape,PULSE8_D32,OUTPUT_CONTEXT,C0,6.519285782467745,6.519285782467745,0.0,time,0.0,2.775557561547745e-16,,,True,True
ettm1,shape,PULSE8_D32,OUTPUT_CONTEXT,C2,6.519285782467745,6.525515279112197,0.09546367417746504,time,-0.005646441208965733,0.19971063130771569,,,True,True
ettm1,shape,RAMP8_D32,C3,POS_ONLY,0.9941819258499759,1.002164248144675,0.7965083876696921,time,-0.19450030268008123,1.6499715192160789,-0.45118453295305894,1.8093995230843718,True,True
ettm1,shape,RAMP8_D32,C3,MAG_ONLY,0.9941819258499759,0.9912955682930216,-0.29117022705191786,time,-0.503001133393649,-0.08569216928233706,-0.5532445192010033,-0.04875141812552278,True,True
ettm1,shape,RAMP8_D32,C3,OUTPUT_CONTEXT,0.9941819258499759,0.9925374898611365,-0.16567998747023527,time,-0.43697236145569696,0.12454159499327176,-0.5118894356476572,0.19150216261721573,True,True
ettm1,shape,RAMP8_D32,C3,C0,0.9941819258499759,0.9925374898611365,-0.16567998747023527,time,-0.43697236145569696,0.1245415949932712,,,True,True
ettm1,shape,RAMP8_D32,C3,C2,0.9941819258499759,1.0082905221552545,1.3992590424356077,time,0.2223409627587239,2.4104484691968415,,,True,True
ettm1,shape,RAMP8_D32,C3,M_RECENCY,0.9941819258499759,0.9925124608123639,-0.16820595242155179,time,-0.2690223750738402,-0.06703923263211399,,,True,True
ettm1,shape,RAMP8_D32,C3,M_MEAN,0.9941819258499759,1.0074810383306179,1.3200360080898865,time,0.11184621812434543,2.3593701426273745,,,True,True
ettm1,shape,RAMP8_D32,C3,M_ROTATE16,0.9941819258499759,1.007700354189856,1.3415127109633884,time,0.14149593601123583,2.3104970740796498,,,True,True
ettm1,shape,RAMP8_D32,C3,F0,0.9941819258499759,1.3397138265421558,25.791470823586916,time,19.783265609280306,31.963007017154236,,,True,True
ettm1,shape,RAMP8_D32,POS_ONLY,C0,1.002164248144675,0.9925374898611365,-0.9699138200699453,time,-1.8080149947472235,-0.06632888553286924,,,True,True
ettm1,shape,RAMP8_D32,POS_ONLY,C2,1.002164248144675,1.0082905221552545,0.6075901613638357,time,0.3760546367711154,0.8325052559385995,,,True,True
ettm1,shape,RAMP8_D32,MAG_ONLY,C0,0.9912955682930216,0.9925374898611365,0.12512591018488672,time,-0.136350580917734,0.37375395433799946,,,True,True
ettm1,shape,RAMP8_D32,MAG_ONLY,C2,0.9912955682930216,1.0082905221552545,1.6855215326139983,time,0.46298800563790266,2.7115061528976345,,,True,True
ettm1,shape,RAMP8_D32,OUTPUT_CONTEXT,C0,0.9925374898611365,0.9925374898611365,0.0,time,-2.220446049250313e-14,0.0,,,True,True
ettm1,shape,RAMP8_D32,OUTPUT_CONTEXT,C2,0.9925374898611365,1.0082905221552545,1.562350527747236,time,0.5013020543418976,2.479151375016156,,,True,True
ettm1,shape,STEP12_D17,C3,POS_ONLY,0.8290791738799439,0.80313639577346,-3.230183346565907,time,-4.447501860221127,-2.1293673620441202,-4.737187287807404,-1.9322755665715452,True,True
ettm1,shape,STEP12_D17,C3,MAG_ONLY,0.8290791738799439,0.8194109009819355,-1.1799053303321427,time,-1.3984595382725633,-0.9616978991684472,-1.4647169048269266,-0.9037362433387152,True,True
ettm1,shape,STEP12_D17,C3,OUTPUT_CONTEXT,0.8290791738799439,0.8159417525557048,-1.6100930345934517,time,-2.2933641418551125,-0.9917894515807159,-2.461801206303337,-0.8938812286178053,True,True
ettm1,shape,STEP12_D17,C3,C0,0.8290791738799439,0.8159417525557048,-1.6100930345934517,time,-2.293364141855113,-0.9917894515807159,,,True,True
ettm1,shape,STEP12_D17,C3,C2,0.8290791738799439,0.8006066083132042,-3.55637403827187,time,-5.035028072563989,-2.1585535529295474,,,True,True
ettm1,shape,STEP12_D17,C3,M_RECENCY,0.8290791738799439,0.8288556094166984,-0.02697266697666567,time,-0.12586762910834604,0.07596381985431852,,,True,True
ettm1,shape,STEP12_D17,C3,M_MEAN,0.8290791738799439,0.7981411122193127,-3.8762646337819673,time,-5.369484030263806,-2.4679439438717026,,,True,True
ettm1,shape,STEP12_D17,C3,M_ROTATE16,0.8290791738799439,0.7995767890309925,-3.6897500344782896,time,-5.223266876401109,-2.2287764049816308,,,True,True
ettm1,shape,STEP12_D17,C3,F0,0.8290791738799439,1.2105801796449849,31.51389822662718,time,23.807013434626338,37.88372749208081,,,True,True
ettm1,shape,STEP12_D17,POS_ONLY,C0,0.80313639577346,0.8159417525557048,1.5693959454992523,time,0.6760151522412527,2.380267616703062,,,True,True
ettm1,shape,STEP12_D17,POS_ONLY,C2,0.80313639577346,0.8006066083132042,-0.3159838345059063,time,-0.6631980494339007,0.04176505375372171,,,True,True
ettm1,shape,STEP12_D17,MAG_ONLY,C0,0.8194109009819355,0.8159417525557048,-0.42517108793178604,time,-1.024571490429318,0.14225612906664953,,,True,True
ettm1,shape,STEP12_D17,MAG_ONLY,C2,0.8194109009819355,0.8006066083132042,-2.34875561523904,time,-3.7772580641056472,-0.9787915172864313,,,True,True
ettm1,shape,STEP12_D17,OUTPUT_CONTEXT,C0,0.8159417525557048,0.8159417525557048,0.0,time,-2.220446049250313e-14,0.0,,,True,True
ettm1,shape,STEP12_D17,OUTPUT_CONTEXT,C2,0.8159417525557048,0.8006066083132042,-1.9154406275524227,time,-3.0243205038819774,-0.7444036925704812,,,True,True
ettm1,shape,STEP12_D63,C3,POS_ONLY,0.6780103778200057,0.668798693695313,-1.3773478045830956,time,-1.7177549720625684,-1.0484440611654071,-1.7853245646227651,-0.9803178318482332,True,True
ettm1,shape,STEP12_D63,C3,MAG_ONLY,0.6780103778200057,0.6888026258678515,1.5668128492176026,time,1.2603696537100302,1.9126559197524768,1.201134798673612,1.9946293300673335,True,True
ettm1,shape,STEP12_D63,C3,OUTPUT_CONTEXT,0.6780103778200057,0.7133974614470364,4.960360183403578,time,4.211244767011011,5.703964506430621,4.011645798943873,5.899466413261894,True,True
ettm1,shape,STEP12_D63,C3,C0,0.6780103778200057,0.7133974614470364,4.960360183403578,time,4.211244767011011,5.703964506430621,,,True,True
ettm1,shape,STEP12_D63,C3,C2,0.6780103778200057,0.6744403948294851,-0.5293252032187556,time,-0.9238343534193538,-0.1735307797289083,,,True,True
ettm1,shape,STEP12_D63,C3,M_RECENCY,0.6780103778200057,0.6766188906180104,-0.20565302288919618,time,-0.29429335050210337,-0.11667310470815151,,,True,True
ettm1,shape,STEP12_D63,C3,M_MEAN,0.6780103778200057,0.6771157207027574,-0.13212765409136296,time,-0.5205600298601504,0.21909566451066123,,,True,True
ettm1,shape,STEP12_D63,C3,M_ROTATE16,0.6780103778200057,0.6824954594466117,0.6571591890505268,time,0.20520040471632556,1.050740299073482,,,True,True
ettm1,shape,STEP12_D63,C3,F0,0.6780103778200057,0.7328924206482375,7.4884173013672335,time,-0.530525188418901,14.523788408068695,,,True,True
ettm1,shape,STEP12_D63,POS_ONLY,C0,0.668798693695313,0.7133974614470364,6.251601689366892,time,5.333331987650847,7.165667419523134,,,True,True
ettm1,shape,STEP12_D63,POS_ONLY,C2,0.668798693695313,0.6744403948294851,0.8365010722109156,time,0.5374550387933003,1.1041476148125908,,,True,True
ettm1,shape,STEP12_D63,MAG_ONLY,C0,0.6888026258678515,0.7133974614470364,3.4475642132644313,time,2.9161906587709456,3.947907467288517,,,True,True
ettm1,shape,STEP12_D63,MAG_ONLY,C2,0.6888026258678515,0.6744403948294851,-2.129503385098608,time,-2.6417567713404297,-1.5999855965723364,,,True,True
ettm1,shape,STEP12_D63,OUTPUT_CONTEXT,C0,0.7133974614470364,0.7133974614470364,0.0,time,0.0,1.1102230246251565e-14,,,True,True
ettm1,shape,STEP12_D63,OUTPUT_CONTEXT,C2,0.7133974614470364,0.6744403948294851,-5.776206009635665,time,-6.708819946635922,-4.7861184186078916,,,True,True
ettm1,shape,STEP6_D17,C3,POS_ONLY,0.6258253422074771,0.6230188220893278,-0.45047116052407965,time,-0.9992840931014768,0.04653574877227142,-1.117963603299739,0.13554246479232554,True,True
ettm1,shape,STEP6_D17,C3,MAG_ONLY,0.6258253422074771,0.6232770435520012,-0.40885488753978905,time,-0.668916645736698,-0.14948152207942683,-0.7065028324482023,-0.07916590957444328,True,True
ettm1,shape,STEP6_D17,C3,OUTPUT_CONTEXT,0.6258253422074771,0.623830849426418,-0.3197169205230832,time,-0.7315056001748621,0.06603175904111498,-0.8169768343804618,0.1366322029841737,True,True
ettm1,shape,STEP6_D17,C3,C0,0.6258253422074771,0.623830849426418,-0.3197169205230832,time,-0.7315056001748615,0.06603175904111498,,,True,True
ettm1,shape,STEP6_D17,C3,C2,0.6258253422074771,0.6238755940192429,-0.31252195260167426,time,-0.9742379610103646,0.33081125274992274,,,True,True
ettm1,shape,STEP6_D17,C3,M_RECENCY,0.6258253422074771,0.6254881980785977,-0.05390095767034975,time,-0.16766999986110975,0.0505257158187727,,,True,True
ettm1,shape,STEP6_D17,C3,M_MEAN,0.6258253422074771,0.6236912729575301,-0.3421675663068502,time,-1.0129544467371265,0.30607730022269497,,,True,True
ettm1,shape,STEP6_D17,C3,M_ROTATE16,0.6258253422074771,0.62412709549898,-0.27209950036528596,time,-0.9469727887162971,0.41211825721383905,,,True,True
ettm1,shape,STEP6_D17,C3,F0,0.6258253422074771,1.053496997311283,40.59543180429581,time,36.02562838902922,44.97510566296318,,,True,True
ettm1,shape,STEP6_D17,POS_ONLY,C0,0.6230188220893278,0.623830849426418,0.13016787128061758,time,-0.46123873314444674,0.6875213644775301,,,True,True
ettm1,shape,STEP6_D17,POS_ONLY,C2,0.6230188220893278,0.6238755940192429,0.13733057329513576,time,-0.07176826684569315,0.360660109636651,,,True,True
ettm1,shape,STEP6_D17,MAG_ONLY,C0,0.6232770435520012,0.623830849426418,0.08877500606550015,time,-0.2911766645198294,0.4262198952768575,,,True,True
ettm1,shape,STEP6_D17,MAG_ONLY,C2,0.6232770435520012,0.6238755940192429,0.09594067679191687,time,-0.5630160571133802,0.7044349517138545,,,True,True
ettm1,shape,STEP6_D17,OUTPUT_CONTEXT,C0,0.623830849426418,0.623830849426418,0.0,time,-2.220446049250313e-14,1.1102230246251565e-14,,,True,True
ettm1,shape,STEP6_D17,OUTPUT_CONTEXT,C2,0.623830849426418,0.6238755940192429,0.007172037703317979,time,-0.639935465751284,0.7037522723509617,,,True,True
ettm1,shape,STEP6_D63,C3,POS_ONLY,0.5608780466426755,0.5584586356028026,-0.43323012406484285,time,-0.7849127409661727,-0.10635311696498173,-0.876333607788282,-0.033782954920208795,True,True
ettm1,shape,STEP6_D63,C3,MAG_ONLY,0.5608780466426755,0.5662074496107738,0.9412456462312369,time,0.6654581567191264,1.2472781502466814,0.6051771007074132,1.3320144498843205,True,True
ettm1,shape,STEP6_D63,C3,OUTPUT_CONTEXT,0.5608780466426755,0.5748628954601092,2.4327276865278358,time,1.8027775713094119,3.0861949997718225,1.6486380651484922,3.2351747350706637,True,True
ettm1,shape,STEP6_D63,C3,C0,0.5608780466426755,0.5748628954601092,2.4327276865278358,time,1.8027775713094114,3.0861949997718225,,,True,True
ettm1,shape,STEP6_D63,C3,C2,0.5608780466426755,0.5613810764475435,0.08960576442142987,time,-0.3228497249917439,0.45387880459887714,,,True,True
ettm1,shape,STEP6_D63,C3,M_RECENCY,0.5608780466426755,0.5604132145460805,-0.08294452816774989,time,-0.18387845580357665,0.015116151773559256,,,True,True
ettm1,shape,STEP6_D63,C3,M_MEAN,0.5608780466426755,0.5623960735637799,0.269921322793909,time,-0.11282650074898093,0.6065016697904723,,,True,True
ettm1,shape,STEP6_D63,C3,M_ROTATE16,0.5608780466426755,0.5634650699262562,0.4591275345460777,time,0.049673290414739,0.8047041002973231,,,True,True
ettm1,shape,STEP6_D63,C3,F0,0.5608780466426755,0.6503894622386972,13.76274075657924,time,5.514475090451829,21.540749991853723,,,True,True
ettm1,shape,STEP6_D63,POS_ONLY,C0,0.5584586356028026,0.5748628954601092,2.8535951766684997,time,2.0286164356609997,3.7145074899773327,,,True,True
ettm1,shape,STEP6_D63,POS_ONLY,C2,0.5584586356028026,0.5613810764475435,0.520580576608376,time,0.31873373227076174,0.7118617039546071,,,True,True
ettm1,shape,STEP6_D63,MAG_ONLY,C0,0.5662074496107738,0.5748628954601092,1.5056539424774806,time,1.1013380044512662,1.907316383744995,,,True,True
ettm1,shape,STEP6_D63,MAG_ONLY,C2,0.5662074496107738,0.5613810764475435,-0.8597320725115765,time,-1.422105904107197,-0.3301625908178436,,,True,True
ettm1,shape,STEP6_D63,OUTPUT_CONTEXT,C0,0.5748628954601092,0.5748628954601092,0.0,time,-2.220446049250313e-14,0.0,,,True,True
ettm1,shape,STEP6_D63,OUTPUT_CONTEXT,C2,0.5748628954601092,0.5613810764475435,-2.4015449715333315,time,-3.2752019028030177,-1.6080128615725504,,,True,True
ettm1,shape,STEP8_D31,C3,POS_ONLY,0.5370950641689594,0.529395703483874,-1.4543678073730248,time,-2.1059803099945045,-0.7956895738042037,-2.2354778553150734,-0.6476095215860126,True,True
ettm1,shape,STEP8_D31,C3,MAG_ONLY,0.5370950641689594,0.5366000243272885,-0.09225490481321597,time,-0.3354136153685472,0.14680742476930317,-0.40351216131153017,0.2107135898629616,True,True
ettm1,shape,STEP8_D31,C3,OUTPUT_CONTEXT,0.5370950641689594,0.5362844855767372,-0.15114712694892507,time,-0.8579488797955109,0.6590634890525249,-0.9950915014025458,0.8208611385616816,True,True
ettm1,shape,STEP8_D31,C3,C0,0.5370950641689594,0.5362844855767372,-0.15114712694892507,time,-0.8579488797955109,0.6590634890525249,,,True,True
ettm1,shape,STEP8_D31,C3,C2,0.5370950641689594,0.5274966461789525,-1.8196168752038888,time,-2.5546842368336913,-1.038988166502423,,,True,True
ettm1,shape,STEP8_D31,C3,M_RECENCY,0.5370950641689594,0.5371693692279297,0.013832705888860986,time,-0.1183099294292056,0.1553394500774784,,,True,True
ettm1,shape,STEP8_D31,C3,M_MEAN,0.5370950641689594,0.5273779148187405,-1.8425400603964581,time,-2.5758875802980925,-1.067898386407059,,,True,True
ettm1,shape,STEP8_D31,C3,M_ROTATE16,0.5370950641689594,0.5277412266862347,-1.7724287983826414,time,-2.5719801250539747,-0.9282425025644343,,,True,True
ettm1,shape,STEP8_D31,C3,F0,0.5370950641689594,1.0212036757822265,47.40568635756694,time,41.976781672148924,51.942593332796996,,,True,True
ettm1,shape,STEP8_D31,POS_ONLY,C0,0.529395703483874,0.5362844855767372,1.28453876219351,time,0.29376417966671203,2.3589501985119408,,,True,True
ettm1,shape,STEP8_D31,POS_ONLY,C2,0.529395703483874,0.5274966461789525,-0.36001315243949783,time,-0.548327321701752,-0.16080037650506368,,,True,True
ettm1,shape,STEP8_D31,MAG_ONLY,C0,0.5366000243272885,0.5362844855767372,-0.05883794124901254,time,-0.6202917034507316,0.6082020573793886,,,True,True
ettm1,shape,STEP8_D31,MAG_ONLY,C2,0.5366000243272885,0.5274966461789525,-1.7257698630462226,time,-2.5677549889569478,-0.8330856003107089,,,True,True
ettm1,shape,STEP8_D31,OUTPUT_CONTEXT,C0,0.5362844855767372,0.5362844855767372,0.0,time,-2.220446049250313e-14,0.0,,,True,True
ettm1,shape,STEP8_D31,OUTPUT_CONTEXT,C2,0.5362844855767372,0.5274966461789525,-1.6659517101087706,time,-2.8200578392031055,-0.5989009447742408,,,True,True
ettm1,shape,STEP8_D33,C3,POS_ONLY,0.5507523346504267,0.5387964635451048,-2.218995838735882,time,-2.8790588620331334,-1.5365825328400309,-3.027653801711715,-1.4134996173296939,True,True
ettm1,shape,STEP8_D33,C3,MAG_ONLY,0.5507523346504267,0.54823518360924,-0.459137085039929,time,-0.7051808060741627,-0.21659147766868514,-0.7609621066925867,-0.1680033797448253,True,True
ettm1,shape,STEP8_D33,C3,OUTPUT_CONTEXT,0.5507523346504267,0.547020998455756,-0.6821193711401108,time,-1.422988651435138,0.12071424994246556,-1.5770786180074159,0.31086679955214125,True,True
ettm1,shape,STEP8_D33,C3,C0,0.5507523346504267,0.547020998455756,-0.6821193711401108,time,-1.422988651435138,0.12071424994246556,,,True,True
ettm1,shape,STEP8_D33,C3,C2,0.5507523346504267,0.5355290047925394,-2.8426713999897713,time,-3.6595387097969807,-1.9807049509143158,,,True,True
ettm1,shape,STEP8_D33,C3,M_RECENCY,0.5507523346504267,0.5515891670989476,0.15171299554741502,time,0.03621526231937011,0.2754763731670179,,,True,True
ettm1,shape,STEP8_D33,C3,M_MEAN,0.5507523346504267,0.5353686206307834,-2.8734807059699996,time,-3.709880073908613,-1.996305307086646,,,True,True
ettm1,shape,STEP8_D33,C3,M_ROTATE16,0.5507523346504267,0.5347940707819681,-2.984001644805967,time,-3.898748656886011,-2.000254420419284,,,True,True
ettm1,shape,STEP8_D33,C3,F0,0.5507523346504267,0.9514844607430153,42.11651820142773,time,36.76529317057744,46.82838057480467,,,True,True
ettm1,shape,STEP8_D33,POS_ONLY,C0,0.5387964635451048,0.547020998455756,1.5035135641719655,time,0.6238029825983804,2.47844089088795,,,True,True
ettm1,shape,STEP8_D33,POS_ONLY,C2,0.5387964635451048,0.5355290047925394,-0.6101366542847098,time,-0.8268886130866349,-0.38737376369116405,,,True,True
ettm1,shape,STEP8_D33,MAG_ONLY,C0,0.54823518360924,0.547020998455756,-0.22196317086757844,time,-0.8111560489092262,0.4430301710754338,,,True,True
ettm1,shape,STEP8_D33,MAG_ONLY,C2,0.54823518360924,0.5355290047925394,-2.3726406418682844,time,-3.1780593907562467,-1.5301040346783794,,,True,True
ettm1,shape,STEP8_D33,OUTPUT_CONTEXT,C0,0.547020998455756,0.547020998455756,0.0,time,-2.220446049250313e-14,0.0,,,True,True
ettm1,shape,STEP8_D33,OUTPUT_CONTEXT,C2,0.547020998455756,0.5355290047925394,-2.1459143315063933,time,-3.1940530080818426,-1.1287758612214502,,,True,True
ettm1,standard,BURST16,C3,POS_ONLY,0.46442878805378224,0.4661669574141462,0.37286412790938916,time,0.23344007722106375,0.5221646174343275,0.2082990557287458,0.5478154021269173,True,True
ettm1,standard,BURST16,C3,MAG_ONLY,0.46442878805378224,0.46480797916182803,0.08158016321698769,time,-0.08728371156303205,0.2604574122840133,-0.11669760520017965,0.30167852169670234,True,True
ettm1,standard,BURST16,C3,OUTPUT_CONTEXT,0.46442878805378224,0.4652098270982541,0.16788962721264733,time,-0.11088842804655608,0.46842035171177104,-0.16378041691239334,0.5391015614513004,True,True
ettm1,standard,BURST16,C3,C0,0.46442878805378224,0.4652098270982541,0.16788962721264733,time,-0.11088842804655608,0.46842035171175994,,,True,True
ettm1,standard,BURST16,C3,C2,0.46442878805378224,0.4662716465824317,0.39523280949137485,time,0.24622254162760704,0.5642589744756246,,,True,True
ettm1,standard,BURST16,C3,M_RECENCY,0.46442878805378224,0.4644725101182896,0.00941327281053228,time,-0.04021632032413458,0.059259713927540814,,,True,True
ettm1,standard,BURST16,C3,M_MEAN,0.46442878805378224,0.46645122996718197,0.43358057251602355,time,0.2809726739332036,0.6129631413661745,,,True,True
ettm1,standard,BURST16,C3,M_ROTATE16,0.46442878805378224,0.4662416752387576,0.38882993118257714,time,0.24255827822364184,0.5555448365914064,,,True,True
ettm1,standard,BURST16,C3,C2_SHRINK,0.46442878805378224,0.4662716465824317,0.39523280949137485,time,0.24622254162760704,0.5642589744756246,,,True,True
ettm1,standard,BURST16,C3,C0_BIAS,0.46442878805378224,0.4652297864706992,0.17217264246844888,time,-0.10920064299861532,0.4760293630342697,,,True,True
ettm1,standard,BURST16,C3,F0,0.46442878805378224,0.4529074120602298,-2.543870046450092,time,-6.410149070839996,1.4729718461157273,,,True,True
ettm1,standard,BURST16,POS_ONLY,C0,0.4661669574141462,0.4652098270982541,-0.20574163745898932,time,-0.4747414633805336,0.04172081916743254,,,True,True
ettm1,standard,BURST16,POS_ONLY,C2,0.4661669574141462,0.4662716465824317,0.022452398521932704,time,-0.07501287277201951,0.12203951030654966,,,True,True
ettm1,standard,BURST16,MAG_ONLY,C0,0.46480797916182803,0.4652098270982541,0.08637993288589385,time,-0.06488083292219116,0.23567874500162336,,,True,True
ettm1,standard,BURST16,MAG_ONLY,C2,0.46480797916182803,0.4662716465824317,0.3139087335315649,time,0.11778536011890384,0.5596581401496455,,,True,True
ettm1,standard,BURST16,OUTPUT_CONTEXT,C0,0.4652098270982541,0.4652098270982541,0.0,time,-2.220446049250313e-14,0.0,,,True,True
ettm1,standard,BURST16,OUTPUT_CONTEXT,C2,0.4652098270982541,0.4662716465824317,0.22772550978819028,time,-0.0464136260815351,0.5448866650913913,,,True,True
ettm1,standard,BURST4,C3,POS_ONLY,0.4179967121677742,0.41911273044652064,0.2662811691635958,time,0.12599268208932785,0.41384778250548143,0.09505492996087161,0.440552590718684,True,True
ettm1,standard,BURST4,C3,MAG_ONLY,0.4179967121677742,0.41816068994868416,0.039214059296222015,time,-0.08726436421185146,0.1690195297310164,-0.11560581484798087,0.18971839193787562,True,True
ettm1,standard,BURST4,C3,OUTPUT_CONTEXT,0.4179967121677742,0.41807361095861956,0.018393600751087646,time,-0.19605110337985843,0.2320986726149595,-0.2419714074162995,0.2838498343597653,True,True
ettm1,standard,BURST4,C3,C0,0.4179967121677742,0.41807361095861956,0.018393600751087646,time,-0.19605110337985843,0.2320986726149484,,,True,True
ettm1,standard,BURST4,C3,C2,0.4179967121677742,0.419139087499533,0.272552803074011,time,0.114543459459098,0.4370536457194011,,,True,True
ettm1,standard,BURST4,C3,M_RECENCY,0.4179967121677742,0.4181109892384511,0.02733175487328321,time,-0.0628587034160788,0.10904123867789411,,,True,True
ettm1,standard,BURST4,C3,M_MEAN,0.4179967121677742,0.41921912229518576,0.2915921680096578,time,0.1209967394324507,0.46945021999941566,,,True,True
ettm1,standard,BURST4,C3,M_ROTATE16,0.4179967121677742,0.41906717782993225,0.25544011050956383,time,0.1041996729446476,0.41185432532945937,,,True,True
ettm1,standard,BURST4,C3,C2_SHRINK,0.4179967121677742,0.419139087499533,0.272552803074011,time,0.114543459459098,0.4370536457194011,,,True,True
ettm1,standard,BURST4,C3,C0_BIAS,0.4179967121677742,0.41806447981043454,0.0162098542050515,time,-0.20300460238976192,0.23203810973533048,,,True,True
ettm1,standard,BURST4,C3,F0,0.4179967121677742,0.41367306900858747,-1.045183620376533,time,-5.074875590033881,2.6055107867687535,,,True,True
ettm1,standard,BURST4,POS_ONLY,C0,0.41911273044652064,0.41807361095861956,-0.24854940868390685,time,-0.47728427248712235,-0.012316577655219959,,,True,True
ettm1,standard,BURST4,POS_ONLY,C2,0.41911273044652064,0.419139087499533,0.006288378678687145,time,-0.08359413146208194,0.09444039831451145,,,True,True
ettm1,standard,BURST4,MAG_ONLY,C0,0.41816068994868416,0.41807361095861956,-0.020828626294999708,time,-0.15348315418959257,0.11501739440384655,,,True,True
ettm1,standard,BURST4,MAG_ONLY,C2,0.41816068994868416,0.419139087499533,0.23343028126669996,time,0.0401771438944859,0.4268152580432943,,,True,True
ettm1,standard,BURST4,OUTPUT_CONTEXT,C0,0.41807361095861956,0.41807361095861956,0.0,time,-2.220446049250313e-14,0.0,,,True,True
ettm1,standard,BURST4,OUTPUT_CONTEXT,C2,0.41807361095861956,0.419139087499533,0.25420595995228057,time,-0.004528220309394369,0.49008041492524856,,,True,True
ettm1,standard,BURST8,C3,POS_ONLY,0.4214194777944307,0.42249978103060787,0.2556932061697159,time,0.0925827408844801,0.41946609323545486,0.05793619668011137,0.4556235258756474,True,True
ettm1,standard,BURST8,C3,MAG_ONLY,0.4214194777944307,0.4211553051236824,-0.06272571365821822,time,-0.1752550134509856,0.0635556121468575,-0.2074030100245176,0.08588186540988672,True,True
ettm1,standard,BURST8,C3,OUTPUT_CONTEXT,0.4214194777944307,0.42090379305053083,-0.12251843590251887,time,-0.33927362223368174,0.10139508156301018,-0.41219428373703515,0.16212549916520222,True,True
ettm1,standard,BURST8,C3,C0,0.4214194777944307,0.42090379305053083,-0.12251843590251887,time,-0.33927362223368174,0.10139508156301018,,,True,True
ettm1,standard,BURST8,C3,C2,0.4214194777944307,0.4225100823297608,0.25812509119697014,time,0.09756342836302861,0.41561008910626024,,,True,True
ettm1,standard,BURST8,C3,M_RECENCY,0.4214194777944307,0.42162863383086946,0.04960669642818383,time,-0.04341287864989718,0.14768391304455486,,,True,True
ettm1,standard,BURST8,C3,M_MEAN,0.4214194777944307,0.4226241813741568,0.28505315900502204,time,0.10728386518257832,0.4625456987453766,,,True,True
ettm1,standard,BURST8,C3,M_ROTATE16,0.4214194777944307,0.42247770439156535,0.2504810516944733,time,0.0996602448749348,0.3979935375322723,,,True,True
ettm1,standard,BURST8,C3,C2_SHRINK,0.4214194777944307,0.4225100823297608,0.25812509119697014,time,0.09756342836302861,0.41561008910626024,,,True,True
ettm1,standard,BURST8,C3,C0_BIAS,0.4214194777944307,0.4208675989771492,-0.13112884399339997,time,-0.36189921125451496,0.10591393260234384,,,True,True
ettm1,standard,BURST8,C3,F0,0.4214194777944307,0.4185489486382768,-0.6858287819125897,time,-4.932033936236033,2.7690870501994294,,,True,True
ettm1,standard,BURST8,POS_ONLY,C0,0.42249978103060787,0.42090379305053083,-0.3791811825951896,time,-0.6278992826570706,-0.12126845442409445,,,True,True
ettm1,standard,BURST8,POS_ONLY,C2,0.42249978103060787,0.4225100823297608,0.0024381191322420115,time,-0.11725103148268134,0.11686630480481294,,,True,True
ettm1,standard,BURST8,MAG_ONLY,C0,0.4211553051236824,0.42090379305053083,-0.0597552403433399,time,-0.20452595874023538,0.0852541333812113,,,True,True
ettm1,standard,BURST8,MAG_ONLY,C2,0.4211553051236824,0.4225100823297608,0.3206496750581711,time,0.11485179286620517,0.5362040402339739,,,True,True
ettm1,standard,BURST8,OUTPUT_CONTEXT,C0,0.42090379305053083,0.42090379305053083,0.0,time,-2.220446049250313e-14,0.0,,,True,True
ettm1,standard,BURST8,OUTPUT_CONTEXT,C2,0.42090379305053083,0.4225100823297608,0.3801777392796746,time,0.10791770244315713,0.661806251246012,,,True,True
ettm1,standard,FAULT,C3,POS_ONLY,0.42209920250690935,0.42297589272515645,0.20726718314812986,time,0.08983994561463843,0.3317508995659673,0.07053015916693976,0.35660050633807927,True,True
ettm1,standard,FAULT,C3,MAG_ONLY,0.42209920250690935,0.42213503945652375,0.008489451541515702,time,-0.09606830378901754,0.12074450896945942,-0.11512347295243215,0.14021426072585816,True,True
ettm1,standard,FAULT,C3,OUTPUT_CONTEXT,0.42209920250690935,0.42193782555124865,-0.038246619735948784,time,-0.22791022324409382,0.16286440896586196,-0.2718275433534356,0.2151942907493339,True,True
ettm1,standard,FAULT,C3,C0,0.42209920250690935,0.4219378255512486,-0.038246619735948784,time,-0.22791022324409382,0.1628644089658503,,,True,True
ettm1,standard,FAULT,C3,C2,0.42209920250690935,0.4230550511388561,0.22593953892611207,time,0.09611072347786659,0.38045218007419046,,,True,True
ettm1,standard,FAULT,C3,M_RECENCY,0.42209920250690935,0.4221865501708899,0.02068935259667004,time,-0.05140024187699266,0.09103067026461796,,,True,True
ettm1,standard,FAULT,C3,M_MEAN,0.42209920250690935,0.4231372442536627,0.2453203448409047,time,0.10616807220154012,0.4149683017331658,,,True,True
ettm1,standard,FAULT,C3,M_ROTATE16,0.42209920250690935,0.4230293311728781,0.21987332731513431,time,0.09831876624652541,0.36558253709560223,,,True,True
ettm1,standard,FAULT,C3,C2_SHRINK,0.42209920250690935,0.4230550511388561,0.22593953892611207,time,0.09611072347786659,0.38045218007419046,,,True,True
ettm1,standard,FAULT,C3,C0_BIAS,0.42209920250690935,0.4219183109508676,-0.04287359693728732,time,-0.24322069262700974,0.1657762371496421,,,True,True
ettm1,standard,FAULT,C3,F0,0.42209920250690935,0.4175588953628453,-1.0873453288831714,time,-5.001224004405797,2.467633571677577,,,True,True
ettm1,standard,FAULT,POS_ONLY,C0,0.42297589272515645,0.4219378255512486,-0.24602372933777428,time,-0.46715453563972886,-0.019009055739761537,,,True,True
ettm1,standard,FAULT,POS_ONLY,C2,0.42297589272515645,0.4230550511388561,0.018711137826288304,time,-0.07066197889082304,0.10986194923015359,,,True,True
ettm1,standard,FAULT,MAG_ONLY,C0,0.42213503945652375,0.4219378255512486,-0.04674003925044801,time,-0.16930940913756187,0.07989667697513704,,,True,True
ettm1,standard,FAULT,MAG_ONLY,C2,0.42213503945652375,0.4230550511388561,0.21746854927170434,time,0.030034719726594054,0.4270374847493202,,,True,True
ettm1,standard,FAULT,OUTPUT_CONTEXT,C0,0.42193782555124865,0.4219378255512486,-2.220446049250313e-14,time,-2.220446049250313e-14,0.0,,,True,True
ettm1,standard,FAULT,OUTPUT_CONTEXT,C2,0.42193782555124865,0.4230550511388561,0.26408515501703533,time,-0.004349566995249242,0.521242538532517,,,True,True
ettm1,standard,POINT16,C3,POS_ONLY,0.4126658878451301,0.41292239136439046,0.0621190627160817,time,-0.09766453466122926,0.22619756304933974,-0.13973693009058394,0.2599542009116608,True,True
ettm1,standard,POINT16,C3,MAG_ONLY,0.4126658878451301,0.4124351463865774,-0.05594611918364745,time,-0.17946743365921947,0.0638044501580419,-0.20925047620736992,0.09489116227233604,True,True
ettm1,standard,POINT16,C3,OUTPUT_CONTEXT,0.4126658878451301,0.41171716658394497,-0.23043033863676676,time,-0.43311700070012393,-0.017067451825086354,-0.4911113668203526,0.02023845868263673,True,True
ettm1,standard,POINT16,C3,C0,0.4126658878451301,0.41171716658394486,-0.23043033863681117,time,-0.4331170007001456,-0.017067451825086354,,,True,True
ettm1,standard,POINT16,C3,C2,0.4126658878451301,0.41309048987196983,0.10278668651301226,time,-0.05623971401925054,0.28273229695303403,,,True,True
ettm1,standard,POINT16,C3,M_RECENCY,0.4126658878451301,0.41265808147007355,-0.0018917295957709968,time,-0.08212360387045925,0.07153781620588379,,,True,True
ettm1,standard,POINT16,C3,M_MEAN,0.4126658878451301,0.41313563697192257,0.11370336634125566,time,-0.05980772537070966,0.3118393179177062,,,True,True
ettm1,standard,POINT16,C3,M_ROTATE16,0.4126658878451301,0.4131120859858021,0.10800897766214401,time,-0.05193321808148077,0.2823244260075011,,,True,True
ettm1,standard,POINT16,C3,C2_SHRINK,0.4126658878451301,0.41309048987196983,0.10278668651301226,time,-0.05623971401925054,0.28273229695303403,,,True,True
ettm1,standard,POINT16,C3,C0_BIAS,0.4126658878451301,0.41164451972734006,-0.2481189640193726,time,-0.460563197260595,-0.020688928694274217,,,True,True
ettm1,standard,POINT16,C3,F0,0.4126658878451301,0.4084933967919693,-1.0214341494694246,time,-5.051974634158142,2.418505769703235,,,True,True
ettm1,standard,POINT16,POS_ONLY,C0,0.41292239136439046,0.41171716658394486,-0.29273124325746025,time,-0.5300775156191767,-0.03738582150793942,,,True,True
ettm1,standard,POINT16,POS_ONLY,C2,0.41292239136439046,0.41309048987196983,0.04069290184615104,time,-0.06035688123196048,0.15043717940478454,,,True,True
ettm1,standard,POINT16,MAG_ONLY,C0,0.4124351463865774,0.41171716658394486,-0.17438665688624955,time,-0.31512161937453764,-0.03487783354401594,,,True,True
ettm1,standard,POINT16,MAG_ONLY,C2,0.4124351463865774,0.41309048987196983,0.15864405050707298,time,-0.06898841200457306,0.3981783985091926,,,True,True
ettm1,standard,POINT16,OUTPUT_CONTEXT,C0,0.41171716658394497,0.41171716658394486,-2.220446049250313e-14,time,-2.220446049250313e-14,0.0,,,True,True
ettm1,standard,POINT16,OUTPUT_CONTEXT,C2,0.41171716658394497,0.41309048987196983,0.3324509572831147,time,0.06463111594424892,0.5952953568949962,,,True,True
ettm1,standard,POINT4,C3,POS_ONLY,0.4071323973897554,0.40770598049756307,0.14068547807606357,time,0.006453522548002245,0.28298628665915504,-0.025891760201524616,0.31965920717755963,True,True
ettm1,standard,POINT4,C3,MAG_ONLY,0.4071323973897554,0.407203776255952,0.017529028550011816,time,-0.08480306232668877,0.12496389448315735,-0.11034655932156263,0.14563702583544372,True,True
ettm1,standard,POINT4,C3,OUTPUT_CONTEXT,0.4071323973897554,0.406970901925097,-0.03968231239492859,time,-0.24137632361992178,0.16541670492927485,-0.2827409448630804,0.2049373466483266,True,True
ettm1,standard,POINT4,C3,C0,0.4071323973897554,0.40697090192509694,-0.03968231239495079,time,-0.24137632361992234,0.16541670492926402,,,True,True
ettm1,standard,POINT4,C3,C2,0.4071323973897554,0.4078122048293229,0.16669619778839628,time,0.0038726666395316757,0.34633752388610595,,,True,True
ettm1,standard,POINT4,C3,M_RECENCY,0.4071323973897554,0.4071497129592465,0.004252875279042723,time,-0.09947501989001406,0.10136020856515839,,,True,True
ettm1,standard,POINT4,C3,M_MEAN,0.4071323973897554,0.4078208411171341,0.16881033482568641,time,-0.007584109156562601,0.36565320538208124,,,True,True
ettm1,standard,POINT4,C3,M_ROTATE16,0.4071323973897554,0.40778461710084307,0.15994220569787165,time,-0.003211006880703969,0.3280217353516859,,,True,True
ettm1,standard,POINT4,C3,C2_SHRINK,0.4071323973897554,0.4078122048293229,0.16669619778839628,time,0.0038726666395316757,0.34633752388610595,,,True,True
ettm1,standard,POINT4,C3,C0_BIAS,0.4071323973897554,0.4069705928625505,-0.039758284761259866,time,-0.2572203107219123,0.17535686266114203,,,True,True
ettm1,standard,POINT4,C3,F0,0.4071323973897554,0.40512730988398976,-0.49492775649704335,time,-4.575020941273134,3.6580703112267567,,,True,True
ettm1,standard,POINT4,POS_ONLY,C0,0.40770598049756307,0.40697090192509694,-0.18062189925347472,time,-0.4094747832592721,0.06282912895909622,,,True,True
ettm1,standard,POINT4,POS_ONLY,C2,0.40770598049756307,0.4078122048293229,0.026047364571712972,time,-0.04633141286302933,0.10642305873281732,,,True,True
ettm1,standard,POINT4,MAG_ONLY,C0,0.407203776255952,0.40697090192509694,-0.05722137129546834,time,-0.1841318940355391,0.07579296815576618,,,True,True
ettm1,standard,POINT4,MAG_ONLY,C2,0.407203776255952,0.4078122048293229,0.14919332137829366,time,-0.03732711930083066,0.34372502627891577,,,True,True
ettm1,standard,POINT4,OUTPUT_CONTEXT,C0,0.406970901925097,0.40697090192509694,-2.220446049250313e-14,time,-2.220446049250313e-14,0.0,,,True,True
ettm1,standard,POINT4,OUTPUT_CONTEXT,C2,0.406970901925097,0.4078122048293229,0.20629664690344773,time,-0.059796123896622144,0.4663648725139466,,,True,True
ettm1,standard,POINT8,C3,POS_ONLY,0.4089519517905834,0.4094475155977105,0.12103231507062384,time,-0.04103354873042531,0.2793112737233674,-0.0617504385516506,0.3203452904253302,True,True
ettm1,standard,POINT8,C3,MAG_ONLY,0.4089519517905834,0.4090473398624185,0.02331956781999045,time,-0.09352816443744416,0.1543280180920087,-0.11470821792029333,0.1920399161236676,True,True
ettm1,standard,POINT8,C3,OUTPUT_CONTEXT,0.4089519517905834,0.4087516536910453,-0.049002394908836955,time,-0.28478342712192795,0.2290757106300491,-0.3192809219106045,0.302457278454893,True,True
ettm1,standard,POINT8,C3,C0,0.4089519517905834,0.4087516536910453,-0.049002394908836955,time,-0.28478342712192795,0.2290757106300491,,,True,True
ettm1,standard,POINT8,C3,C2,0.4089519517905834,0.40950679572011833,0.13549077459367176,time,-0.013477985233688039,0.3072858018209139,,,True,True
ettm1,standard,POINT8,C3,M_RECENCY,0.4089519517905834,0.40909937340840946,0.03603564987103569,time,-0.0895603270709916,0.18515024873419822,,,True,True
ettm1,standard,POINT8,C3,M_MEAN,0.4089519517905834,0.4095724537963954,0.15149993610664714,time,-0.008576386645416378,0.3372517973694329,,,True,True
ettm1,standard,POINT8,C3,M_ROTATE16,0.4089519517905834,0.40949272649036844,0.13205965937901354,time,-0.02021449103455142,0.30225817204708183,,,True,True
ettm1,standard,POINT8,C3,C2_SHRINK,0.4089519517905834,0.40950679572011833,0.13549077459367176,time,-0.013477985233688039,0.3072858018209139,,,True,True
ettm1,standard,POINT8,C3,C0_BIAS,0.4089519517905834,0.40873288785703255,-0.053595866654965185,time,-0.30003096348963143,0.23916281511673815,,,True,True
ettm1,standard,POINT8,C3,F0,0.4089519517905834,0.4066032357940186,-0.5776432132858611,time,-5.017983873800077,3.525034691163674,,,True,True
ettm1,standard,POINT8,POS_ONLY,C0,0.4094475155977105,0.4087516536910453,-0.1702407563080044,time,-0.4131530092475899,0.07181511881166223,,,True,True
ettm1,standard,POINT8,POS_ONLY,C2,0.4094475155977105,0.40950679572011833,0.014475980136940958,time,-0.12334508221701623,0.13540311320234752,,,True,True
ettm1,standard,POINT8,MAG_ONLY,C0,0.4090473398624185,0.4087516536910453,-0.07233883183177525,time,-0.2228306904060401,0.10652346177854537,,,True,True
ettm1,standard,POINT8,MAG_ONLY,C2,0.4090473398624185,0.40950679572011833,0.11219737071563873,time,-0.11492991864709423,0.3436844622217735,,,True,True
ettm1,standard,POINT8,OUTPUT_CONTEXT,C0,0.4087516536910453,0.4087516536910453,0.0,time,-2.220446049250313e-14,1.1102230246251565e-14,,,True,True
ettm1,standard,POINT8,OUTPUT_CONTEXT,C2,0.4087516536910453,0.40950679572011833,0.1844028077104487,time,-0.15619523824669468,0.48711027406312296,,,True,True
ettm1,standard,REFERENCE,C3,POS_ONLY,0.4065125572690387,0.40722124506137514,0.17403016196506638,time,0.027350961657175987,0.33767778260459086,-0.00888448900172312,0.3688237218823053,True,True
ettm1,standard,REFERENCE,C3,MAG_ONLY,0.4065125572690387,0.4066466572680547,0.032977032177505805,time,-0.06986705925815129,0.14337991557039295,-0.09839762444782518,0.17038720266674365,True,True
ettm1,standard,REFERENCE,C3,OUTPUT_CONTEXT,0.4065125572690387,0.4065437551099509,0.007673919601536294,time,-0.19009293839646169,0.2054451829298065,-0.22386905403891524,0.24579866928835467,True,True
ettm1,standard,REFERENCE,C3,C0,0.4065125572690387,0.40654375510995083,0.007673919601525192,time,-0.19009293839648334,0.2054451829298065,,,True,True
ettm1,standard,REFERENCE,C3,C2,0.4065125572690387,0.4073535258405725,0.20644686204653873,time,0.022067120371968285,0.4042399818985429,,,True,True
ettm1,standard,REFERENCE,C3,M_RECENCY,0.4065125572690387,0.4064687072394428,-0.010788045626863862,time,-0.12297915755496491,0.097151422945354,,,True,True
ettm1,standard,REFERENCE,C3,M_MEAN,0.4065125572690387,0.4073406292565179,0.20328735412193932,time,0.004395722529561552,0.4185460092585145,,,True,True
ettm1,standard,REFERENCE,C3,M_ROTATE16,0.4065125572690387,0.4072645504952698,0.18464490103953235,time,0.00977391034265418,0.37270169670320064,,,True,True
ettm1,standard,REFERENCE,C3,C2_SHRINK,0.4065125572690387,0.4073535258405725,0.20644686204653873,time,0.022067120371968285,0.4042399818985429,,,True,True
ettm1,standard,REFERENCE,C3,C0_BIAS,0.4065125572690387,0.4065681228271617,0.013666973627113332,time,-0.1953219790871752,0.22092184360920136,,,True,True
ettm1,standard,REFERENCE,C3,F0,0.4065125572690387,0.40597862375452404,-0.13151764237653296,time,-4.291246838633805,3.9059707391143768,,,True,True
ettm1,standard,REFERENCE,POS_ONLY,C0,0.40722124506137514,0.40654375510995083,-0.16664625711471093,time,-0.40769875600389693,0.07601676733174394,,,True,True
ettm1,standard,REFERENCE,POS_ONLY,C2,0.40722124506137514,0.4073535258405725,0.03247321326712571,time,-0.05636435725379585,0.12595132220107674,,,True,True
ettm1,standard,REFERENCE,MAG_ONLY,C0,0.4066466572680547,0.40654375510995083,-0.025311459544141712,time,-0.15424234965274175,0.11130021001068685,,,True,True
ettm1,standard,REFERENCE,MAG_ONLY,C2,0.4066466572680547,0.4073535258405725,0.17352705394145795,time,-0.025060579470488897,0.3896377575609524,,,True,True
ettm1,standard,REFERENCE,OUTPUT_CONTEXT,C0,0.4065437551099509,0.40654375510995083,-2.220446049250313e-14,time,-2.220446049250313e-14,0.0,,,True,True
ettm1,standard,REFERENCE,OUTPUT_CONTEXT,C2,0.4065437551099509,0.4073535258405725,0.19878819729144404,time,-0.07661356811327069,0.4778364364150671,,,True,True
ettm1,standard,SHIFT4,C3,POS_ONLY,0.5464459559814894,0.5449914654689187,-0.26688317243999116,time,-0.5749048704968013,0.04483593241099883,-0.6533666210940259,0.1120419356669474,True,True
ettm1,standard,SHIFT4,C3,MAG_ONLY,0.5464459559814894,0.5480621016489935,0.29488367516044,time,0.03403554740349701,0.5654713186519075,-0.01766255342188716,0.6426920629240876,True,True
ettm1,standard,SHIFT4,C3,OUTPUT_CONTEXT,0.5464459559814894,0.5491335036518299,0.48941608051008556,time,0.15087204397044807,0.874968483542481,0.08172844279635058,0.9943327801950165,True,True
ettm1,standard,SHIFT4,C3,C0,0.5464459559814894,0.5491335036518299,0.48941608051008556,time,0.15087204397044807,0.874968483542481,,,True,True
ettm1,standard,SHIFT4,C3,C2,0.5464459559814894,0.5449385976841591,-0.2766106683828484,time,-0.6978097337266009,0.12621586514081043,,,True,True
ettm1,standard,SHIFT4,C3,M_RECENCY,0.5464459559814894,0.5454926642005875,-0.17475794698338376,time,-0.33005835028989683,-0.008852199101782667,,,True,True
ettm1,standard,SHIFT4,C3,M_MEAN,0.5464459559814894,0.5446859482631772,-0.32312339320010874,time,-0.756478556184223,0.09659572547960454,,,True,True
ettm1,standard,SHIFT4,C3,M_ROTATE16,0.5464459559814894,0.5452616027482161,-0.21720825880713335,time,-0.6261757212320568,0.20203890751404566,,,True,True
ettm1,standard,SHIFT4,C3,C2_SHRINK,0.5464459559814894,0.5449385976841591,-0.2766106683828484,time,-0.6978097337266009,0.12621586514081043,,,True,True
ettm1,standard,SHIFT4,C3,C0_BIAS,0.5464459559814894,0.5491885934536356,0.49939811293217007,time,0.16139566385858256,0.8918466279713041,,,True,True
ettm1,standard,SHIFT4,C3,F0,0.5464459559814894,0.9206008111350124,40.642464206850526,time,35.871488079069415,44.5293961233773,,,True,True
ettm1,standard,SHIFT4,POS_ONLY,C0,0.5449914654689187,0.5491335036518299,0.7542861900368347,time,0.26619688218296383,1.2956495679702675,,,True,True
ettm1,standard,SHIFT4,POS_ONLY,C2,0.5449914654689187,0.5449385976841591,-0.009701603994338726,time,-0.1757240374067287,0.164579878762239,,,True,True
ettm1,standard,SHIFT4,MAG_ONLY,C0,0.5480621016489935,0.5491335036518299,0.19510774624228455,time,-0.01607216363359809,0.41646478341282184,,,True,True
ettm1,standard,SHIFT4,MAG_ONLY,C2,0.5480621016489935,0.5449385976841591,-0.5731845712725114,time,-1.064840593721979,-0.10498430373747833,,,True,True
ettm1,standard,SHIFT4,OUTPUT_CONTEXT,C0,0.5491335036518299,0.5491335036518299,0.0,time,-2.220446049250313e-14,0.0,,,True,True
ettm1,standard,SHIFT4,OUTPUT_CONTEXT,C2,0.5491335036518299,0.5449385976841591,-0.7697942457183249,time,-1.4010886961594504,-0.1975529381656013,,,True,True
ettm1,standard,SHIFT8,C3,POS_ONLY,0.5473460405955393,0.5396361715538998,-1.4287161328416342,time,-1.8749194290134656,-0.9800497317419823,-1.9568666202009715,-0.861630153623148,True,True
ettm1,standard,SHIFT8,C3,MAG_ONLY,0.5473460405955393,0.5460646596934534,-0.23465735775780594,time,-0.4475936705677175,-0.027569462838762975,-0.48019592188295196,0.005557990479527991,True,True
ettm1,standard,SHIFT8,C3,OUTPUT_CONTEXT,0.5473460405955393,0.5445754299085022,-0.5087652756391448,time,-1.2230689262271854,0.21597122226180468,-1.38252531516222,0.30984877797002464,True,True
ettm1,standard,SHIFT8,C3,C0,0.5473460405955393,0.5445754299085022,-0.5087652756391448,time,-1.2230689262271854,0.21597122226180468,,,True,True
ettm1,standard,SHIFT8,C3,C2,0.5473460405955393,0.5374188254312915,-1.8472027205747699,time,-2.3866614768933023,-1.2889934582601859,,,True,True
ettm1,standard,SHIFT8,C3,M_RECENCY,0.5473460405955393,0.5474760310858456,0.023743594774106036,time,-0.07305381891640206,0.11840765485913193,,,True,True
ettm1,standard,SHIFT8,C3,M_MEAN,0.5473460405955393,0.5371565544850938,-1.8969304247274499,time,-2.460302438746132,-1.324065557173108,,,True,True
ettm1,standard,SHIFT8,C3,M_ROTATE16,0.5473460405955393,0.5378111316326148,-1.7729103029124005,time,-2.4178821108621915,-1.0922867338082538,,,True,True
ettm1,standard,SHIFT8,C3,C2_SHRINK,0.5473460405955393,0.5374188254312915,-1.8472027205747699,time,-2.3866614768933023,-1.2889934582601859,,,True,True
ettm1,standard,SHIFT8,C3,C0_BIAS,0.5473460405955393,0.5444913766858336,-0.5242808301356705,time,-1.2443952229614674,0.20135383329791004,,,True,True
ettm1,standard,SHIFT8,C3,F0,0.5473460405955393,1.0291805806972076,46.81729806592878,time,42.46848904479764,51.16459063292309,,,True,True
ettm1,standard,SHIFT8,POS_ONLY,C0,0.5396361715538998,0.5445754299085022,0.9069925089041031,time,0.26490899582107347,1.5834494564550474,,,True,True
ettm1,standard,SHIFT8,POS_ONLY,C2,0.5396361715538998,0.5374188254312915,-0.41259182181212495,time,-0.5954001312386181,-0.22363618147256514,,,True,True
ettm1,standard,SHIFT8,MAG_ONLY,C0,0.5460646596934534,0.5445754299085022,-0.2734662093002438,time,-0.8123815158279163,0.261642411054945,,,True,True
ettm1,standard,SHIFT8,MAG_ONLY,C2,0.5460646596934534,0.5374188254312915,-1.6087702650206648,time,-2.103903281326829,-1.111792622828426,,,True,True
ettm1,standard,SHIFT8,OUTPUT_CONTEXT,C0,0.5445754299085022,0.5445754299085022,0.0,time,-2.220446049250313e-14,2.220446049250313e-14,,,True,True
ettm1,standard,SHIFT8,OUTPUT_CONTEXT,C2,0.5445754299085022,0.5374188254312915,-1.3316624090098372,time,-2.0479984061315175,-0.6347755550847749,,,True,True
ettm1,standard,SHIFT_POINT,C3,POS_ONLY,0.5851547277910685,0.5816951243370647,-0.5947451352538824,time,-0.8717872650537245,-0.3166405366343601,-0.9302714307238772,-0.2596763689568185,True,True
ettm1,standard,SHIFT_POINT,C3,MAG_ONLY,0.5851547277910685,0.5864684365830964,0.22400332397800593,time,0.03413426475370046,0.4124882359115481,0.007589897791447261,0.448265304380396,True,True
ettm1,standard,SHIFT_POINT,C3,OUTPUT_CONTEXT,0.5851547277910685,0.5870475936441004,0.322438227074906,time,-0.008173775267319435,0.6441354654264327,-0.07508162315073971,0.7223452394921474,True,True
ettm1,standard,SHIFT_POINT,C3,C0,0.5851547277910685,0.5870475936441004,0.322438227074906,time,-0.00817377526731999,0.6441354654264327,,,True,True
ettm1,standard,SHIFT_POINT,C3,C2,0.5851547277910685,0.5814082326112509,-0.6443828913448968,time,-0.9074774048661505,-0.3777127204790171,,,True,True
ettm1,standard,SHIFT_POINT,C3,M_RECENCY,0.5851547277910685,0.5846253602021794,-0.09054817408298277,time,-0.25165142035762866,0.06621656226211907,,,True,True
ettm1,standard,SHIFT_POINT,C3,M_MEAN,0.5851547277910685,0.580984023006884,-0.7178691012188265,time,-0.9894899894915993,-0.44189896350673064,,,True,True
ettm1,standard,SHIFT_POINT,C3,M_ROTATE16,0.5851547277910685,0.5813660909461125,-0.6516783321143471,time,-0.9012676868453351,-0.4045118772119963,,,True,True
ettm1,standard,SHIFT_POINT,C3,C2_SHRINK,0.5851547277910685,0.5814082326112509,-0.6443828913448968,time,-0.9074774048661505,-0.3777127204790171,,,True,True
ettm1,standard,SHIFT_POINT,C3,C0_BIAS,0.5851547277910685,0.5870976501885108,0.3309368376484656,time,0.0059780109589022195,0.6563615431987048,,,True,True
ettm1,standard,SHIFT_POINT,C3,F0,0.5851547277910685,0.9904991360636832,40.923247029117405,time,36.630391467393466,44.4808389710879,,,True,True
ettm1,standard,SHIFT_POINT,POS_ONLY,C0,0.5816951243370647,0.5870475936441004,0.911760709861742,time,0.5075437268313887,1.2956575308134204,,,True,True
ettm1,standard,SHIFT_POINT,POS_ONLY,C2,0.5816951243370647,0.5814082326112509,-0.04934428336615948,time,-0.13739146839574,0.04226958171444194,,,True,True
ettm1,standard,SHIFT_POINT,MAG_ONLY,C0,0.5864684365830964,0.5870475936441004,0.09865589558231136,time,-0.12387789568436391,0.2998771617106979,,,True,True
ettm1,standard,SHIFT_POINT,MAG_ONLY,C2,0.5864684365830964,0.5814082326112509,-0.8703357964366942,time,-1.2041964454482046,-0.5325201987807827,,,True,True
ettm1,standard,SHIFT_POINT,OUTPUT_CONTEXT,C0,0.5870475936441004,0.5870475936441004,0.0,time,-2.220446049250313e-14,0.0,,,True,True
ettm1,standard,SHIFT_POINT,OUTPUT_CONTEXT,C2,0.5870475936441004,0.5814082326112509,-0.969948603500459,time,-1.3935498510896376,-0.5330720426073284,,,True,True
