target,seed,arm,variant,condition,metric,date,id,value
T0,73260,F0,RAW,S0,sum_CRPS_normalized,2024-10-01,T0_TEST_1001,0.016432011434129506
T0,73260,F0,RAW,S0,sum_CRPS_Wh,2024-10-01,T0_TEST_1001,170026.87464519113
T0,73260,F0,RAW,S0,energy,2024-10-01,T0_TEST_1001,0.6297611489798767
T0,73260,F0,RAW,S0,variogram,2024-10-01,T0_TEST_1001,18548.358919772218
T0,73260,F0,RAW,S0,variogram_normalized,2024-10-01,T0_TEST_1001,0.043021930008190795
T0,73260,F0,RAW,S0,Brier,2024-10-01,T0_TEST_1001,0.0
T0,73260,F0,RAW,S0,marginal_CRPS_normalized,2024-10-01,T0_TEST_1001,0.0992620126362511
T0,73260,F1,RAW,S0,sum_CRPS_normalized,2024-10-01,T0_TEST_1001,0.028310840662949047
T0,73260,F1,RAW,S0,sum_CRPS_Wh,2024-10-01,T0_TEST_1001,292940.62846751057
T0,73260,F1,RAW,S0,energy,2024-10-01,T0_TEST_1001,0.6392932313097537
T0,73260,F1,RAW,S0,variogram,2024-10-01,T0_TEST_1001,18234.37686021626
T0,73260,F1,RAW,S0,variogram_normalized,2024-10-01,T0_TEST_1001,0.042293665354241027
T0,73260,F1,RAW,S0,Brier,2024-10-01,T0_TEST_1001,0.006103515625
T0,73260,F1,RAW,S0,marginal_CRPS_normalized,2024-10-01,T0_TEST_1001,0.0992620126362511
T0,73260,F2,RAW,S0,sum_CRPS_normalized,2024-10-01,T0_TEST_1001,0.024596487330274204
T0,73260,F2,RAW,S0,sum_CRPS_Wh,2024-10-01,T0_TEST_1001,254507.11769408593
T0,73260,F2,RAW,S0,energy,2024-10-01,T0_TEST_1001,0.635367004276381
T0,73260,F2,RAW,S0,variogram,2024-10-01,T0_TEST_1001,18272.758494700014
T0,73260,F2,RAW,S0,variogram_normalized,2024-10-01,T0_TEST_1001,0.042382689509936004
T0,73260,F2,RAW,S0,Brier,2024-10-01,T0_TEST_1001,0.0003814697265625
T0,73260,F2,RAW,S0,marginal_CRPS_normalized,2024-10-01,T0_TEST_1001,0.0992620126362511
T0,73260,F3,RAW,S0,sum_CRPS_normalized,2024-10-01,T0_TEST_1001,0.038426633109549545
T0,73260,F3,RAW,S0,sum_CRPS_Wh,2024-10-01,T0_TEST_1001,397611.7200833879
T0,73260,F3,RAW,S0,energy,2024-10-01,T0_TEST_1001,0.6595807375654278
T0,73260,F3,RAW,S0,variogram,2024-10-01,T0_TEST_1001,17989.360819220572
T0,73260,F3,RAW,S0,variogram_normalized,2024-10-01,T0_TEST_1001,0.04172536370490407
T0,73260,F3,RAW,S0,Brier,2024-10-01,T0_TEST_1001,0.0009765625
T0,73260,F3,RAW,S0,marginal_CRPS_normalized,2024-10-01,T0_TEST_1001,0.0992620126362511
T0,73260,F0,RAW,S0,sum_CRPS_normalized,2024-10-02,T0_TEST_1002,0.07586634053926096
T0,73260,F0,RAW,S0,sum_CRPS_Wh,2024-10-02,T0_TEST_1002,785011.4287205432
T0,73260,F0,RAW,S0,energy,2024-10-02,T0_TEST_1002,0.9447166502169719
T0,73260,F0,RAW,S0,variogram,2024-10-02,T0_TEST_1002,15281.127294119342
T0,73260,F0,RAW,S0,variogram_normalized,2024-10-02,T0_TEST_1002,0.03544376037456633
T0,73260,F0,RAW,S0,Brier,2024-10-02,T0_TEST_1002,0.06646728515625
T0,73260,F0,RAW,S0,marginal_CRPS_normalized,2024-10-02,T0_TEST_1002,0.1385523904782792
T0,73260,F1,RAW,S0,sum_CRPS_normalized,2024-10-02,T0_TEST_1002,0.06434295411398365
T0,73260,F1,RAW,S0,sum_CRPS_Wh,2024-10-02,T0_TEST_1002,665775.5465479407
T0,73260,F1,RAW,S0,energy,2024-10-02,T0_TEST_1002,0.9593740752284866
T0,73260,F1,RAW,S0,variogram,2024-10-02,T0_TEST_1002,15145.543360545951
T0,73260,F1,RAW,S0,variogram_normalized,2024-10-02,T0_TEST_1002,0.03512928066637976
T0,73260,F1,RAW,S0,Brier,2024-10-02,T0_TEST_1002,0.1181640625
T0,73260,F1,RAW,S0,marginal_CRPS_normalized,2024-10-02,T0_TEST_1002,0.13855239047827914
T0,73260,F2,RAW,S0,sum_CRPS_normalized,2024-10-02,T0_TEST_1002,0.06750558500053842
T0,73260,F2,RAW,S0,sum_CRPS_Wh,2024-10-02,T0_TEST_1002,698500.2222489556
T0,73260,F2,RAW,S0,energy,2024-10-02,T0_TEST_1002,0.9538240375903584
T0,73260,F2,RAW,S0,variogram,2024-10-02,T0_TEST_1002,14983.10930803132
T0,73260,F2,RAW,S0,variogram_normalized,2024-10-02,T0_TEST_1002,0.03475252353824473
T0,73260,F2,RAW,S0,Brier,2024-10-02,T0_TEST_1002,0.0769195556640625
T0,73260,F2,RAW,S0,marginal_CRPS_normalized,2024-10-02,T0_TEST_1002,0.13855239047827914
T0,73260,F3,RAW,S0,sum_CRPS_normalized,2024-10-02,T0_TEST_1002,0.06282013495028613
T0,73260,F3,RAW,S0,sum_CRPS_Wh,2024-10-02,T0_TEST_1002,650018.4869760666
T0,73260,F3,RAW,S0,energy,2024-10-02,T0_TEST_1002,0.9902038444471695
T0,73260,F3,RAW,S0,variogram,2024-10-02,T0_TEST_1002,15210.915406694508
T0,73260,F3,RAW,S0,variogram_normalized,2024-10-02,T0_TEST_1002,0.03528090764351882
T0,73260,F3,RAW,S0,Brier,2024-10-02,T0_TEST_1002,0.0791015625
T0,73260,F3,RAW,S0,marginal_CRPS_normalized,2024-10-02,T0_TEST_1002,0.13855239047827914
T0,73260,F0,RAW,S0,sum_CRPS_normalized,2024-10-03,T0_TEST_1003,0.036511908936826785
T0,73260,F0,RAW,S0,sum_CRPS_Wh,2024-10-03,T0_TEST_1003,377799.50365445646
T0,73260,F0,RAW,S0,energy,2024-10-03,T0_TEST_1003,0.90472742918729
T0,73260,F0,RAW,S0,variogram,2024-10-03,T0_TEST_1003,14354.18570620348
T0,73260,F0,RAW,S0,variogram_normalized,2024-10-03,T0_TEST_1003,0.03329376876131975
T0,73260,F0,RAW,S0,Brier,2024-10-03,T0_TEST_1003,0.09765625
T0,73260,F0,RAW,S0,marginal_CRPS_normalized,2024-10-03,T0_TEST_1003,0.12913930990033703
T0,73260,F1,RAW,S0,sum_CRPS_normalized,2024-10-03,T0_TEST_1003,0.035406124793501435
T0,73260,F1,RAW,S0,sum_CRPS_Wh,2024-10-03,T0_TEST_1003,366357.62858788285
T0,73260,F1,RAW,S0,energy,2024-10-03,T0_TEST_1003,0.8844077377003554
T0,73260,F1,RAW,S0,variogram,2024-10-03,T0_TEST_1003,13908.473878568006
T0,73260,F1,RAW,S0,variogram_normalized,2024-10-03,T0_TEST_1003,0.032259963930644654
T0,73260,F1,RAW,S0,Brier,2024-10-03,T0_TEST_1003,0.1618804931640625
T0,73260,F1,RAW,S0,marginal_CRPS_normalized,2024-10-03,T0_TEST_1003,0.12913930990033706
T0,73260,F2,RAW,S0,sum_CRPS_normalized,2024-10-03,T0_TEST_1003,0.03403292667677228
T0,73260,F2,RAW,S0,sum_CRPS_Wh,2024-10-03,T0_TEST_1003,352148.74217175134
T0,73260,F2,RAW,S0,energy,2024-10-03,T0_TEST_1003,0.8945524918875558
T0,73260,F2,RAW,S0,variogram,2024-10-03,T0_TEST_1003,13975.74268120165
T0,73260,F2,RAW,S0,variogram_normalized,2024-10-03,T0_TEST_1003,0.03241599033336616
T0,73260,F2,RAW,S0,Brier,2024-10-03,T0_TEST_1003,0.14654541015625
T0,73260,F2,RAW,S0,marginal_CRPS_normalized,2024-10-03,T0_TEST_1003,0.12913930990033703
T0,73260,F3,RAW,S0,sum_CRPS_normalized,2024-10-03,T0_TEST_1003,0.040086736173838254
T0,73260,F3,RAW,S0,sum_CRPS_Wh,2024-10-03,T0_TEST_1003,414789.296714308
T0,73260,F3,RAW,S0,energy,2024-10-03,T0_TEST_1003,0.8908942016795101
T0,73260,F3,RAW,S0,variogram,2024-10-03,T0_TEST_1003,14164.591042681155
T0,73260,F3,RAW,S0,variogram_normalized,2024-10-03,T0_TEST_1003,0.032854014043435305
T0,73260,F3,RAW,S0,Brier,2024-10-03,T0_TEST_1003,0.14654541015625
T0,73260,F3,RAW,S0,marginal_CRPS_normalized,2024-10-03,T0_TEST_1003,0.12913930990033706
T0,73260,F0,RAW,S0,sum_CRPS_normalized,2024-10-04,T0_TEST_1004,0.012315922104556398
T0,73260,F0,RAW,S0,sum_CRPS_Wh,2024-10-04,T0_TEST_1004,127436.48288011807
T0,73260,F0,RAW,S0,energy,2024-10-04,T0_TEST_1004,0.7032716436047988
T0,73260,F0,RAW,S0,variogram,2024-10-04,T0_TEST_1004,8968.145915585268
T0,73260,F0,RAW,S0,variogram_normalized,2024-10-04,T0_TEST_1004,0.020801136507675996
T0,73260,F0,RAW,S0,Brier,2024-10-04,T0_TEST_1004,0.0
T0,73260,F0,RAW,S0,marginal_CRPS_normalized,2024-10-04,T0_TEST_1004,0.0894899306541455
T0,73260,F1,RAW,S0,sum_CRPS_normalized,2024-10-04,T0_TEST_1004,0.02317394527356783
T0,73260,F1,RAW,S0,sum_CRPS_Wh,2024-10-04,T0_TEST_1004,239787.6549598549
T0,73260,F1,RAW,S0,energy,2024-10-04,T0_TEST_1004,0.7200456442835749
T0,73260,F1,RAW,S0,variogram,2024-10-04,T0_TEST_1004,8931.647431318197
T0,73260,F1,RAW,S0,variogram_normalized,2024-10-04,T0_TEST_1004,0.02071648021854903
T0,73260,F1,RAW,S0,Brier,2024-10-04,T0_TEST_1004,0.0055084228515625
T0,73260,F1,RAW,S0,marginal_CRPS_normalized,2024-10-04,T0_TEST_1004,0.08948993065414551
T0,73260,F2,RAW,S0,sum_CRPS_normalized,2024-10-04,T0_TEST_1004,0.017677049756159312
T0,73260,F2,RAW,S0,sum_CRPS_Wh,2024-10-04,T0_TEST_1004,182909.65382026753
T0,73260,F2,RAW,S0,energy,2024-10-04,T0_TEST_1004,0.7108475464565656
T0,73260,F2,RAW,S0,variogram,2024-10-04,T0_TEST_1004,8939.700534871969
T0,73260,F2,RAW,S0,variogram_normalized,2024-10-04,T0_TEST_1004,0.020735158963064253
T0,73260,F2,RAW,S0,Brier,2024-10-04,T0_TEST_1004,0.0012359619140625
T0,73260,F2,RAW,S0,marginal_CRPS_normalized,2024-10-04,T0_TEST_1004,0.08948993065414555
T0,73260,F3,RAW,S0,sum_CRPS_normalized,2024-10-04,T0_TEST_1004,0.030104859760751824
T0,73260,F3,RAW,S0,sum_CRPS_Wh,2024-10-04,T0_TEST_1004,311503.8738423061
T0,73260,F3,RAW,S0,energy,2024-10-04,T0_TEST_1004,0.7296765472783211
T0,73260,F3,RAW,S0,variogram,2024-10-04,T0_TEST_1004,9064.632790219439
T0,73260,F3,RAW,S0,variogram_normalized,2024-10-04,T0_TEST_1004,0.021024932671270577
T0,73260,F3,RAW,S0,Brier,2024-10-04,T0_TEST_1004,0.0111236572265625
T0,73260,F3,RAW,S0,marginal_CRPS_normalized,2024-10-04,T0_TEST_1004,0.0894899306541455
T0,73260,F0,RAW,S0,sum_CRPS_normalized,2024-10-05,T0_TEST_1005,0.16191982662606916
T0,73260,F0,RAW,S0,sum_CRPS_Wh,2024-10-05,T0_TEST_1005,1675432.260662871
T0,73260,F0,RAW,S0,energy,2024-10-05,T0_TEST_1005,0.9734511305570835
T0,73260,F0,RAW,S0,variogram,2024-10-05,T0_TEST_1005,8210.114006594988
T0,73260,F0,RAW,S0,variogram_normalized,2024-10-05,T0_TEST_1005,0.019042921892916127
T0,73260,F0,RAW,S0,Brier,2024-10-05,T0_TEST_1005,6.103515625e-05
T0,73260,F0,RAW,S0,marginal_CRPS_normalized,2024-10-05,T0_TEST_1005,0.12830329171762334
T0,73260,F1,RAW,S0,sum_CRPS_normalized,2024-10-05,T0_TEST_1005,0.1389290386246045
T0,73260,F1,RAW,S0,sum_CRPS_Wh,2024-10-05,T0_TEST_1005,1437539.7880834008
T0,73260,F1,RAW,S0,energy,2024-10-05,T0_TEST_1005,0.9423614370177003
T0,73260,F1,RAW,S0,variogram,2024-10-05,T0_TEST_1005,7778.186481885433
T0,73260,F1,RAW,S0,variogram_normalized,2024-10-05,T0_TEST_1005,0.018041089018264497
T0,73260,F1,RAW,S0,Brier,2024-10-05,T0_TEST_1005,0.006103515625
T0,73260,F1,RAW,S0,marginal_CRPS_normalized,2024-10-05,T0_TEST_1005,0.12830329171762334
T0,73260,F2,RAW,S0,sum_CRPS_normalized,2024-10-05,T0_TEST_1005,0.14541704510952708
T0,73260,F2,RAW,S0,sum_CRPS_Wh,2024-10-05,T0_TEST_1005,1504673.1070767096
T0,73260,F2,RAW,S0,energy,2024-10-05,T0_TEST_1005,0.9485031566648204
T0,73260,F2,RAW,S0,variogram,2024-10-05,T0_TEST_1005,7910.168669855883
T0,73260,F2,RAW,S0,variogram_normalized,2024-10-05,T0_TEST_1005,0.018347214669474525
T0,73260,F2,RAW,S0,Brier,2024-10-05,T0_TEST_1005,0.0007476806640625
T0,73260,F2,RAW,S0,marginal_CRPS_normalized,2024-10-05,T0_TEST_1005,0.12830329171762334
T0,73260,F3,RAW,S0,sum_CRPS_normalized,2024-10-05,T0_TEST_1005,0.13612011544297237
T0,73260,F3,RAW,S0,sum_CRPS_Wh,2024-10-05,T0_TEST_1005,1408475.0304543148
T0,73260,F3,RAW,S0,energy,2024-10-05,T0_TEST_1005,0.9415450240806515
T0,73260,F3,RAW,S0,variogram,2024-10-05,T0_TEST_1005,7812.438367608884
T0,73260,F3,RAW,S0,variogram_normalized,2024-10-05,T0_TEST_1005,0.018120534441798546
T0,73260,F3,RAW,S0,Brier,2024-10-05,T0_TEST_1005,0.0087890625
T0,73260,F3,RAW,S0,marginal_CRPS_normalized,2024-10-05,T0_TEST_1005,0.12830329171762334
T0,73260,F0,RAW,S0,sum_CRPS_normalized,2024-10-06,T0_TEST_1006,0.16282599259323177
T0,73260,F0,RAW,S0,sum_CRPS_Wh,2024-10-06,T0_TEST_1006,1684808.6275138874
T0,73260,F0,RAW,S0,energy,2024-10-06,T0_TEST_1006,1.3178733688897109
T0,73260,F0,RAW,S0,variogram,2024-10-06,T0_TEST_1006,20877.399791152602
T0,73260,F0,RAW,S0,variogram_normalized,2024-10-06,T0_TEST_1006,0.048424016186711494
T0,73260,F0,RAW,S0,Brier,2024-10-06,T0_TEST_1006,0.00054931640625
T0,73260,F0,RAW,S0,marginal_CRPS_normalized,2024-10-06,T0_TEST_1006,0.14714596294663276
T0,73260,F1,RAW,S0,sum_CRPS_normalized,2024-10-06,T0_TEST_1006,0.13587529433173845
T0,73260,F1,RAW,S0,sum_CRPS_Wh,2024-10-06,T0_TEST_1006,1405941.7941212505
T0,73260,F1,RAW,S0,energy,2024-10-06,T0_TEST_1006,1.2860349995179103
T0,73260,F1,RAW,S0,variogram,2024-10-06,T0_TEST_1006,20609.15912030974
T0,73260,F1,RAW,S0,variogram_normalized,2024-10-06,T0_TEST_1006,0.047801846246164896
T0,73260,F1,RAW,S0,Brier,2024-10-06,T0_TEST_1006,0.019775390625
T0,73260,F1,RAW,S0,marginal_CRPS_normalized,2024-10-06,T0_TEST_1006,0.1471459629466328
T0,73260,F2,RAW,S0,sum_CRPS_normalized,2024-10-06,T0_TEST_1006,0.14265609925253975
T0,73260,F2,RAW,S0,sum_CRPS_Wh,2024-10-06,T0_TEST_1006,1476104.7849933205
T0,73260,F2,RAW,S0,energy,2024-10-06,T0_TEST_1006,1.2896892778941247
T0,73260,F2,RAW,S0,variogram,2024-10-06,T0_TEST_1006,20842.664818911362
T0,73260,F2,RAW,S0,variogram_normalized,2024-10-06,T0_TEST_1006,0.048343450269744785
T0,73260,F2,RAW,S0,Brier,2024-10-06,T0_TEST_1006,0.0067291259765625
T0,73260,F2,RAW,S0,marginal_CRPS_normalized,2024-10-06,T0_TEST_1006,0.14714596294663276
T0,73260,F3,RAW,S0,sum_CRPS_normalized,2024-10-06,T0_TEST_1006,0.1278681730546717
T0,73260,F3,RAW,S0,sum_CRPS_Wh,2024-10-06,T0_TEST_1006,1323089.7457824228
T0,73260,F3,RAW,S0,energy,2024-10-06,T0_TEST_1006,1.2754768686925337
T0,73260,F3,RAW,S0,variogram,2024-10-06,T0_TEST_1006,20704.542716343392
T0,73260,F3,RAW,S0,variogram_normalized,2024-10-06,T0_TEST_1006,0.04802308341384311
T0,73260,F3,RAW,S0,Brier,2024-10-06,T0_TEST_1006,0.0208892822265625
T0,73260,F3,RAW,S0,marginal_CRPS_normalized,2024-10-06,T0_TEST_1006,0.14714596294663276
T0,73260,F0,RAW,S0,sum_CRPS_normalized,2024-10-07,T0_TEST_1007,0.061513797469897276
T0,73260,F0,RAW,S0,sum_CRPS_Wh,2024-10-07,T0_TEST_1007,636501.4273079447
T0,73260,F0,RAW,S0,energy,2024-10-07,T0_TEST_1007,1.0063793566967412
T0,73260,F0,RAW,S0,variogram,2024-10-07,T0_TEST_1007,13634.772595788556
T0,73260,F0,RAW,S0,variogram_normalized,2024-10-07,T0_TEST_1007,0.031625128391726036
T0,73260,F0,RAW,S0,Brier,2024-10-07,T0_TEST_1007,0.40045166015625
T0,73260,F0,RAW,S0,marginal_CRPS_normalized,2024-10-07,T0_TEST_1007,0.11562089602055046
T0,73260,F1,RAW,S0,sum_CRPS_normalized,2024-10-07,T0_TEST_1007,0.05022322891484805
T0,73260,F1,RAW,S0,sum_CRPS_Wh,2024-10-07,T0_TEST_1007,519674.58038918907
T0,73260,F1,RAW,S0,energy,2024-10-07,T0_TEST_1007,0.9807128077266589
T0,73260,F1,RAW,S0,variogram,2024-10-07,T0_TEST_1007,13804.729830565242
T0,73260,F1,RAW,S0,variogram_normalized,2024-10-07,T0_TEST_1007,0.032019335140181494
T0,73260,F1,RAW,S0,Brier,2024-10-07,T0_TEST_1007,0.3665924072265625
T0,73260,F1,RAW,S0,marginal_CRPS_normalized,2024-10-07,T0_TEST_1007,0.11562089602055048
T0,73260,F2,RAW,S0,sum_CRPS_normalized,2024-10-07,T0_TEST_1007,0.0521240471724416
T0,73260,F2,RAW,S0,sum_CRPS_Wh,2024-10-07,T0_TEST_1007,539342.9082078929
T0,73260,F2,RAW,S0,energy,2024-10-07,T0_TEST_1007,0.9804925622921941
T0,73260,F2,RAW,S0,variogram,2024-10-07,T0_TEST_1007,13565.04715091253
T0,73260,F2,RAW,S0,variogram_normalized,2024-10-07,T0_TEST_1007,0.03146340393824629
T0,73260,F2,RAW,S0,Brier,2024-10-07,T0_TEST_1007,0.3479156494140625
T0,73260,F2,RAW,S0,marginal_CRPS_normalized,2024-10-07,T0_TEST_1007,0.11562089602055045
T0,73260,F3,RAW,S0,sum_CRPS_normalized,2024-10-07,T0_TEST_1007,0.04820932363397435
T0,73260,F3,RAW,S0,sum_CRPS_Wh,2024-10-07,T0_TEST_1007,498836.10774626024
T0,73260,F3,RAW,S0,energy,2024-10-07,T0_TEST_1007,0.975177337363466
T0,73260,F3,RAW,S0,variogram,2024-10-07,T0_TEST_1007,13741.000867280614
T0,73260,F3,RAW,S0,variogram_normalized,2024-10-07,T0_TEST_1007,0.03187151920617975
T0,73260,F3,RAW,S0,Brier,2024-10-07,T0_TEST_1007,0.2539215087890625
T0,73260,F3,RAW,S0,marginal_CRPS_normalized,2024-10-07,T0_TEST_1007,0.11562089602055048
T0,73260,F0,RAW,S0,sum_CRPS_normalized,2024-10-08,T0_TEST_1008,0.10905282223921087
T0,73260,F0,RAW,S0,sum_CRPS_Wh,2024-10-08,T0_TEST_1008,1128401.7547638034
T0,73260,F0,RAW,S0,energy,2024-10-08,T0_TEST_1008,0.9760409209486989
T0,73260,F0,RAW,S0,variogram,2024-10-08,T0_TEST_1008,16555.377393204977
T0,73260,F0,RAW,S0,variogram_normalized,2024-10-08,T0_TEST_1008,0.038399315570198995
T0,73260,F0,RAW,S0,Brier,2024-10-08,T0_TEST_1008,0.00152587890625
T0,73260,F0,RAW,S0,marginal_CRPS_normalized,2024-10-08,T0_TEST_1008,0.11373117734533576
T0,73260,F1,RAW,S0,sum_CRPS_normalized,2024-10-08,T0_TEST_1008,0.08737984928237946
T0,73260,F1,RAW,S0,sum_CRPS_Wh,2024-10-08,T0_TEST_1008,904145.103598991
T0,73260,F1,RAW,S0,energy,2024-10-08,T0_TEST_1008,0.9407849543066946
T0,73260,F1,RAW,S0,variogram,2024-10-08,T0_TEST_1008,16144.03697679229
T0,73260,F1,RAW,S0,variogram_normalized,2024-10-08,T0_TEST_1008,0.03744523339608372
T0,73260,F1,RAW,S0,Brier,2024-10-08,T0_TEST_1008,0.02691650390625
T0,73260,F1,RAW,S0,marginal_CRPS_normalized,2024-10-08,T0_TEST_1008,0.11373117734533576
T0,73260,F2,RAW,S0,sum_CRPS_normalized,2024-10-08,T0_TEST_1008,0.09283458212329215
T0,73260,F2,RAW,S0,sum_CRPS_Wh,2024-10-08,T0_TEST_1008,960586.8350743318
T0,73260,F2,RAW,S0,energy,2024-10-08,T0_TEST_1008,0.9417128699088413
T0,73260,F2,RAW,S0,variogram,2024-10-08,T0_TEST_1008,16098.078679070093
T0,73260,F2,RAW,S0,variogram_normalized,2024-10-08,T0_TEST_1008,0.03733863557379378
T0,73260,F2,RAW,S0,Brier,2024-10-08,T0_TEST_1008,0.0044097900390625
T0,73260,F2,RAW,S0,marginal_CRPS_normalized,2024-10-08,T0_TEST_1008,0.11373117734533576
T0,73260,F3,RAW,S0,sum_CRPS_normalized,2024-10-08,T0_TEST_1008,0.07915798107412232
T0,73260,F3,RAW,S0,sum_CRPS_Wh,2024-10-08,T0_TEST_1008,819071.0053488472
T0,73260,F3,RAW,S0,energy,2024-10-08,T0_TEST_1008,0.9252935496176551
T0,73260,F3,RAW,S0,variogram,2024-10-08,T0_TEST_1008,16021.725636038811
T0,73260,F3,RAW,S0,variogram_normalized,2024-10-08,T0_TEST_1008,0.03716153875960055
T0,73260,F3,RAW,S0,Brier,2024-10-08,T0_TEST_1008,0.03515625
T0,73260,F3,RAW,S0,marginal_CRPS_normalized,2024-10-08,T0_TEST_1008,0.11373117734533576
T0,73260,F0,RAW,S0,sum_CRPS_normalized,2024-10-09,T0_TEST_1009,0.011494379917717632
T0,73260,F0,RAW,S0,sum_CRPS_Wh,2024-10-09,T0_TEST_1009,118935.74327332561
T0,73260,F0,RAW,S0,energy,2024-10-09,T0_TEST_1009,0.5193938553912827
T0,73260,F0,RAW,S0,variogram,2024-10-09,T0_TEST_1009,8656.295871694016
T0,73260,F0,RAW,S0,variogram_normalized,2024-10-09,T0_TEST_1009,0.020077816950438022
T0,73260,F0,RAW,S0,Brier,2024-10-09,T0_TEST_1009,0.0
T0,73260,F0,RAW,S0,marginal_CRPS_normalized,2024-10-09,T0_TEST_1009,0.07752213418145645
T0,73260,F1,RAW,S0,sum_CRPS_normalized,2024-10-09,T0_TEST_1009,0.02710878562381006
T0,73260,F1,RAW,S0,sum_CRPS_Wh,2024-10-09,T0_TEST_1009,280502.61001337285
T0,73260,F1,RAW,S0,energy,2024-10-09,T0_TEST_1009,0.5142244901302921
T0,73260,F1,RAW,S0,variogram,2024-10-09,T0_TEST_1009,8415.57348157719
T0,73260,F1,RAW,S0,variogram_normalized,2024-10-09,T0_TEST_1009,0.01951947419549107
T0,73260,F1,RAW,S0,Brier,2024-10-09,T0_TEST_1009,0.00494384765625
T0,73260,F1,RAW,S0,marginal_CRPS_normalized,2024-10-09,T0_TEST_1009,0.07752213418145647
T0,73260,F2,RAW,S0,sum_CRPS_normalized,2024-10-09,T0_TEST_1009,0.020639719866284285
T0,73260,F2,RAW,S0,sum_CRPS_Wh,2024-10-09,T0_TEST_1009,213565.27631959296
T0,73260,F2,RAW,S0,energy,2024-10-09,T0_TEST_1009,0.5155095344359415
T0,73260,F2,RAW,S0,variogram,2024-10-09,T0_TEST_1009,8269.450572326023
T0,73260,F2,RAW,S0,variogram_normalized,2024-10-09,T0_TEST_1009,0.01918054989487838
T0,73260,F2,RAW,S0,Brier,2024-10-09,T0_TEST_1009,0.0001373291015625
T0,73260,F2,RAW,S0,marginal_CRPS_normalized,2024-10-09,T0_TEST_1009,0.07752213418145645
T0,73260,F3,RAW,S0,sum_CRPS_normalized,2024-10-09,T0_TEST_1009,0.0356276497008897
T0,73260,F3,RAW,S0,sum_CRPS_Wh,2024-10-09,T0_TEST_1009,368649.8122204393
T0,73260,F3,RAW,S0,energy,2024-10-09,T0_TEST_1009,0.5514887732345355
T0,73260,F3,RAW,S0,variogram,2024-10-09,T0_TEST_1009,8085.700653077091
T0,73260,F3,RAW,S0,variogram_normalized,2024-10-09,T0_TEST_1009,0.018754351749849425
T0,73260,F3,RAW,S0,Brier,2024-10-09,T0_TEST_1009,6.103515625e-05
T0,73260,F3,RAW,S0,marginal_CRPS_normalized,2024-10-09,T0_TEST_1009,0.07752213418145648
T0,73260,F0,RAW,S0,sum_CRPS_normalized,2024-10-10,T0_TEST_1010,0.09801629875973979
T0,73260,F0,RAW,S0,sum_CRPS_Wh,2024-10-10,T0_TEST_1010,1014203.5872609979
T0,73260,F0,RAW,S0,energy,2024-10-10,T0_TEST_1010,1.2741776978334252
T0,73260,F0,RAW,S0,variogram,2024-10-10,T0_TEST_1010,29161.45550300391
T0,73260,F0,RAW,S0,variogram_normalized,2024-10-10,T0_TEST_1010,0.06763844192436036
T0,73260,F0,RAW,S0,Brier,2024-10-10,T0_TEST_1010,0.0009765625
T0,73260,F0,RAW,S0,marginal_CRPS_normalized,2024-10-10,T0_TEST_1010,0.16483657466208204
T0,73260,F1,RAW,S0,sum_CRPS_normalized,2024-10-10,T0_TEST_1010,0.08055099395247416
T0,73260,F1,RAW,S0,sum_CRPS_Wh,2024-10-10,T0_TEST_1010,833484.9209547434
T0,73260,F1,RAW,S0,energy,2024-10-10,T0_TEST_1010,1.234738513988235
T0,73260,F1,RAW,S0,variogram,2024-10-10,T0_TEST_1010,28424.64200584064
T0,73260,F1,RAW,S0,variogram_normalized,2024-10-10,T0_TEST_1010,0.06592944228503066
T0,73260,F1,RAW,S0,Brier,2024-10-10,T0_TEST_1010,0.0282135009765625
T0,73260,F1,RAW,S0,marginal_CRPS_normalized,2024-10-10,T0_TEST_1010,0.164836574662082
T0,73260,F2,RAW,S0,sum_CRPS_normalized,2024-10-10,T0_TEST_1010,0.08203470092061291
T0,73260,F2,RAW,S0,sum_CRPS_Wh,2024-10-10,T0_TEST_1010,848837.2750894269
T0,73260,F2,RAW,S0,energy,2024-10-10,T0_TEST_1010,1.2493327854737168
T0,73260,F2,RAW,S0,variogram,2024-10-10,T0_TEST_1010,28702.08134590427
T0,73260,F2,RAW,S0,variogram_normalized,2024-10-10,T0_TEST_1010,0.06657294804860593
T0,73260,F2,RAW,S0,Brier,2024-10-10,T0_TEST_1010,0.006103515625
T0,73260,F2,RAW,S0,marginal_CRPS_normalized,2024-10-10,T0_TEST_1010,0.16483657466208207
T0,73260,F3,RAW,S0,sum_CRPS_normalized,2024-10-10,T0_TEST_1010,0.07194208212895735
T0,73260,F3,RAW,S0,sum_CRPS_Wh,2024-10-10,T0_TEST_1010,744405.9681243934
T0,73260,F3,RAW,S0,energy,2024-10-10,T0_TEST_1010,1.2360298983953983
T0,73260,F3,RAW,S0,variogram,2024-10-10,T0_TEST_1010,28566.80007392332
T0,73260,F3,RAW,S0,variogram_normalized,2024-10-10,T0_TEST_1010,0.06625917034785316
T0,73260,F3,RAW,S0,Brier,2024-10-10,T0_TEST_1010,0.0186920166015625
T0,73260,F3,RAW,S0,marginal_CRPS_normalized,2024-10-10,T0_TEST_1010,0.164836574662082
T0,73260,F0,RAW,S0,sum_CRPS_normalized,2024-10-11,T0_TEST_1011,0.012054695650296147
T0,73260,F0,RAW,S0,sum_CRPS_Wh,2024-10-11,T0_TEST_1011,124733.49561829912
T0,73260,F0,RAW,S0,energy,2024-10-11,T0_TEST_1011,0.5352073952894822
T0,73260,F0,RAW,S0,variogram,2024-10-11,T0_TEST_1011,6489.779240335129
T0,73260,F0,RAW,S0,variogram_normalized,2024-10-11,T0_TEST_1011,0.01505269708516813
T0,73260,F0,RAW,S0,Brier,2024-10-11,T0_TEST_1011,0.0
T0,73260,F0,RAW,S0,marginal_CRPS_normalized,2024-10-11,T0_TEST_1011,0.07851872035402582
T0,73260,F1,RAW,S0,sum_CRPS_normalized,2024-10-11,T0_TEST_1011,0.018811165186895757
T0,73260,F1,RAW,S0,sum_CRPS_Wh,2024-10-11,T0_TEST_1011,194644.68108384963
T0,73260,F1,RAW,S0,energy,2024-10-11,T0_TEST_1011,0.5413130300897029
T0,73260,F1,RAW,S0,variogram,2024-10-11,T0_TEST_1011,6534.648674387293
T0,73260,F1,RAW,S0,variogram_normalized,2024-10-11,T0_TEST_1011,0.015156769346204744
T0,73260,F1,RAW,S0,Brier,2024-10-11,T0_TEST_1011,0.0001373291015625
T0,73260,F1,RAW,S0,marginal_CRPS_normalized,2024-10-11,T0_TEST_1011,0.07851872035402582
T0,73260,F2,RAW,S0,sum_CRPS_normalized,2024-10-11,T0_TEST_1011,0.0172769726033236
T0,73260,F2,RAW,S0,sum_CRPS_Wh,2024-10-11,T0_TEST_1011,178769.9373779873
T0,73260,F2,RAW,S0,energy,2024-10-11,T0_TEST_1011,0.5369466145421036
T0,73260,F2,RAW,S0,variogram,2024-10-11,T0_TEST_1011,6525.4505145922585
T0,73260,F2,RAW,S0,variogram_normalized,2024-10-11,T0_TEST_1011,0.015135434704761922
T0,73260,F2,RAW,S0,Brier,2024-10-11,T0_TEST_1011,0.0
T0,73260,F2,RAW,S0,marginal_CRPS_normalized,2024-10-11,T0_TEST_1011,0.07851872035402582
T0,73260,F3,RAW,S0,sum_CRPS_normalized,2024-10-11,T0_TEST_1011,0.027701307214711264
T0,73260,F3,RAW,S0,sum_CRPS_Wh,2024-10-11,T0_TEST_1011,286633.6058847292
T0,73260,F3,RAW,S0,energy,2024-10-11,T0_TEST_1011,0.5476664334721746
T0,73260,F3,RAW,S0,variogram,2024-10-11,T0_TEST_1011,6468.270680905699
T0,73260,F3,RAW,S0,variogram_normalized,2024-10-11,T0_TEST_1011,0.015002809127837117
T0,73260,F3,RAW,S0,Brier,2024-10-11,T0_TEST_1011,0.0
T0,73260,F3,RAW,S0,marginal_CRPS_normalized,2024-10-11,T0_TEST_1011,0.07851872035402581
T0,73260,F0,RAW,S0,sum_CRPS_normalized,2024-10-12,T0_TEST_1012,0.015412940850963936
T0,73260,F0,RAW,S0,sum_CRPS_Wh,2024-10-12,T0_TEST_1012,159482.25039191125
T0,73260,F0,RAW,S0,energy,2024-10-12,T0_TEST_1012,0.613190951204051
T0,73260,F0,RAW,S0,variogram,2024-10-12,T0_TEST_1012,12417.529957242195
T0,73260,F0,RAW,S0,variogram_normalized,2024-10-12,T0_TEST_1012,0.028801798962689404
T0,73260,F0,RAW,S0,Brier,2024-10-12,T0_TEST_1012,0.0
T0,73260,F0,RAW,S0,marginal_CRPS_normalized,2024-10-12,T0_TEST_1012,0.08544403969626325
T0,73260,F1,RAW,S0,sum_CRPS_normalized,2024-10-12,T0_TEST_1012,0.024109980991443597
T0,73260,F1,RAW,S0,sum_CRPS_Wh,2024-10-12,T0_TEST_1012,249473.09294197103
T0,73260,F1,RAW,S0,energy,2024-10-12,T0_TEST_1012,0.602657477600464
T0,73260,F1,RAW,S0,variogram,2024-10-12,T0_TEST_1012,11613.057269932062
T0,73260,F1,RAW,S0,variogram_normalized,2024-10-12,T0_TEST_1012,0.026935867437606387
T0,73260,F1,RAW,S0,Brier,2024-10-12,T0_TEST_1012,0.0034332275390625
T0,73260,F1,RAW,S0,marginal_CRPS_normalized,2024-10-12,T0_TEST_1012,0.08544403969626323
T0,73260,F2,RAW,S0,sum_CRPS_normalized,2024-10-12,T0_TEST_1012,0.022385583500358075
T0,73260,F2,RAW,S0,sum_CRPS_Wh,2024-10-12,T0_TEST_1012,231630.24289098382
T0,73260,F2,RAW,S0,energy,2024-10-12,T0_TEST_1012,0.6067260600674853
T0,73260,F2,RAW,S0,variogram,2024-10-12,T0_TEST_1012,11865.796686897973
T0,73260,F2,RAW,S0,variogram_normalized,2024-10-12,T0_TEST_1012,0.027522083045900855
T0,73260,F2,RAW,S0,Brier,2024-10-12,T0_TEST_1012,0.0003814697265625
T0,73260,F2,RAW,S0,marginal_CRPS_normalized,2024-10-12,T0_TEST_1012,0.08544403969626321
T0,73260,F3,RAW,S0,sum_CRPS_normalized,2024-10-12,T0_TEST_1012,0.032790757215437484
T0,73260,F3,RAW,S0,sum_CRPS_Wh,2024-10-12,T0_TEST_1012,339295.64794545434
T0,73260,F3,RAW,S0,energy,2024-10-12,T0_TEST_1012,0.6254532777507683
T0,73260,F3,RAW,S0,variogram,2024-10-12,T0_TEST_1012,11227.083442447629
T0,73260,F3,RAW,S0,variogram_normalized,2024-10-12,T0_TEST_1012,0.026040621714636912
T0,73260,F3,RAW,S0,Brier,2024-10-12,T0_TEST_1012,0.000244140625
T0,73260,F3,RAW,S0,marginal_CRPS_normalized,2024-10-12,T0_TEST_1012,0.08544403969626323
T0,73260,F0,RAW,S0,sum_CRPS_normalized,2024-10-13,T0_TEST_1013,0.017272632267258513
T0,73260,F0,RAW,S0,sum_CRPS_Wh,2024-10-13,T0_TEST_1013,178725.02663903031
T0,73260,F0,RAW,S0,energy,2024-10-13,T0_TEST_1013,0.7141550695184309
T0,73260,F0,RAW,S0,variogram,2024-10-13,T0_TEST_1013,10629.513660255132
T0,73260,F0,RAW,S0,variogram_normalized,2024-10-13,T0_TEST_1013,0.024654590451402593
T0,73260,F0,RAW,S0,Brier,2024-10-13,T0_TEST_1013,1.52587890625e-05
T0,73260,F0,RAW,S0,marginal_CRPS_normalized,2024-10-13,T0_TEST_1013,0.09604977828482233
T0,73260,F1,RAW,S0,sum_CRPS_normalized,2024-10-13,T0_TEST_1013,0.02594694528401171
T0,73260,F1,RAW,S0,sum_CRPS_Wh,2024-10-13,T0_TEST_1013,268480.7049286235
T0,73260,F1,RAW,S0,energy,2024-10-13,T0_TEST_1013,0.7216777595606565
T0,73260,F1,RAW,S0,variogram,2024-10-13,T0_TEST_1013,10860.908434557301
T0,73260,F1,RAW,S0,variogram_normalized,2024-10-13,T0_TEST_1013,0.02519129829856837
T0,73260,F1,RAW,S0,Brier,2024-10-13,T0_TEST_1013,0.00299072265625
T0,73260,F1,RAW,S0,marginal_CRPS_normalized,2024-10-13,T0_TEST_1013,0.09604977828482236
T0,73260,F2,RAW,S0,sum_CRPS_normalized,2024-10-13,T0_TEST_1013,0.02104379601595364
T0,73260,F2,RAW,S0,sum_CRPS_Wh,2024-10-13,T0_TEST_1013,217746.37156300573
T0,73260,F2,RAW,S0,energy,2024-10-13,T0_TEST_1013,0.7178925829393297
T0,73260,F2,RAW,S0,variogram,2024-10-13,T0_TEST_1013,10620.687939734018
T0,73260,F2,RAW,S0,variogram_normalized,2024-10-13,T0_TEST_1013,0.02463411966300705
T0,73260,F2,RAW,S0,Brier,2024-10-13,T0_TEST_1013,0.0007476806640625
T0,73260,F2,RAW,S0,marginal_CRPS_normalized,2024-10-13,T0_TEST_1013,0.09604977828482233
T0,73260,F3,RAW,S0,sum_CRPS_normalized,2024-10-13,T0_TEST_1013,0.03227878165451424
T0,73260,F3,RAW,S0,sum_CRPS_Wh,2024-10-13,T0_TEST_1013,333998.0856313426
T0,73260,F3,RAW,S0,energy,2024-10-13,T0_TEST_1013,0.7309779704512473
T0,73260,F3,RAW,S0,variogram,2024-10-13,T0_TEST_1013,10679.97179175945
T0,73260,F3,RAW,S0,variogram_normalized,2024-10-13,T0_TEST_1013,0.024771625398338454
T0,73260,F3,RAW,S0,Brier,2024-10-13,T0_TEST_1013,0.0018463134765625
T0,73260,F3,RAW,S0,marginal_CRPS_normalized,2024-10-13,T0_TEST_1013,0.09604977828482233
T0,73260,F0,RAW,S0,sum_CRPS_normalized,2024-10-14,T0_TEST_1014,0.09224716356152886
T0,73260,F0,RAW,S0,sum_CRPS_Wh,2024-10-14,T0_TEST_1014,954508.6417523785
T0,73260,F0,RAW,S0,energy,2024-10-14,T0_TEST_1014,0.8202455434928511
T0,73260,F0,RAW,S0,variogram,2024-10-14,T0_TEST_1014,11053.597033547521
T0,73260,F0,RAW,S0,variogram_normalized,2024-10-14,T0_TEST_1014,0.025638229234884076
T0,73260,F0,RAW,S0,Brier,2024-10-14,T0_TEST_1014,0.0
T0,73260,F0,RAW,S0,marginal_CRPS_normalized,2024-10-14,T0_TEST_1014,0.11861597887844232
T0,73260,F1,RAW,S0,sum_CRPS_normalized,2024-10-14,T0_TEST_1014,0.07003229615727155
T0,73260,F1,RAW,S0,sum_CRPS_Wh,2024-10-14,T0_TEST_1014,724644.8487198311
T0,73260,F1,RAW,S0,energy,2024-10-14,T0_TEST_1014,0.8358423703571776
T0,73260,F1,RAW,S0,variogram,2024-10-14,T0_TEST_1014,11198.574038246845
T0,73260,F1,RAW,S0,variogram_normalized,2024-10-14,T0_TEST_1014,0.02597449567095798
T0,73260,F1,RAW,S0,Brier,2024-10-14,T0_TEST_1014,0.0009765625
T0,73260,F1,RAW,S0,marginal_CRPS_normalized,2024-10-14,T0_TEST_1014,0.11861597887844229
T0,73260,F2,RAW,S0,sum_CRPS_normalized,2024-10-14,T0_TEST_1014,0.08000181300824317
T0,73260,F2,RAW,S0,sum_CRPS_Wh,2024-10-14,T0_TEST_1014,827802.38355288
T0,73260,F2,RAW,S0,energy,2024-10-14,T0_TEST_1014,0.8289391469823209
T0,73260,F2,RAW,S0,variogram,2024-10-14,T0_TEST_1014,11176.379989975272
T0,73260,F2,RAW,S0,variogram_normalized,2024-10-14,T0_TEST_1014,0.025923017758789687
T0,73260,F2,RAW,S0,Brier,2024-10-14,T0_TEST_1014,6.103515625e-05
T0,73260,F2,RAW,S0,marginal_CRPS_normalized,2024-10-14,T0_TEST_1014,0.1186159788784423
T0,73260,F3,RAW,S0,sum_CRPS_normalized,2024-10-14,T0_TEST_1014,0.07024101850722525
T0,73260,F3,RAW,S0,sum_CRPS_Wh,2024-10-14,T0_TEST_1014,726804.5605100454
T0,73260,F3,RAW,S0,energy,2024-10-14,T0_TEST_1014,0.849716269114104
T0,73260,F3,RAW,S0,variogram,2024-10-14,T0_TEST_1014,11461.389371796822
T0,73260,F3,RAW,S0,variogram_normalized,2024-10-14,T0_TEST_1014,0.026584081830788735
T0,73260,F3,RAW,S0,Brier,2024-10-14,T0_TEST_1014,0.0009765625
T0,73260,F3,RAW,S0,marginal_CRPS_normalized,2024-10-14,T0_TEST_1014,0.11861597887844232
T0,73260,F0,RAW,S0,sum_CRPS_normalized,2024-10-15,T0_TEST_1015,0.020157001118049047
T0,73260,F0,RAW,S0,sum_CRPS_Wh,2024-10-15,T0_TEST_1015,208570.44288583542
T0,73260,F0,RAW,S0,energy,2024-10-15,T0_TEST_1015,0.8097251855679799
T0,73260,F0,RAW,S0,variogram,2024-10-15,T0_TEST_1015,9205.427123294303
T0,73260,F0,RAW,S0,variogram_normalized,2024-10-15,T0_TEST_1015,0.021351497623420593
T0,73260,F0,RAW,S0,Brier,2024-10-15,T0_TEST_1015,6.103515625e-05
T0,73260,F0,RAW,S0,marginal_CRPS_normalized,2024-10-15,T0_TEST_1015,0.11178605265542785
T0,73260,F1,RAW,S0,sum_CRPS_normalized,2024-10-15,T0_TEST_1015,0.025708392932316276
T0,73260,F1,RAW,S0,sum_CRPS_Wh,2024-10-15,T0_TEST_1015,266012.33330165455
T0,73260,F1,RAW,S0,energy,2024-10-15,T0_TEST_1015,0.7894694334806494
T0,73260,F1,RAW,S0,variogram,2024-10-15,T0_TEST_1015,8885.419350945816
T0,73260,F1,RAW,S0,variogram_normalized,2024-10-15,T0_TEST_1015,0.020609256649779636
T0,73260,F1,RAW,S0,Brier,2024-10-15,T0_TEST_1015,0.0095367431640625
T0,73260,F1,RAW,S0,marginal_CRPS_normalized,2024-10-15,T0_TEST_1015,0.11178605265542783
T0,73260,F2,RAW,S0,sum_CRPS_normalized,2024-10-15,T0_TEST_1015,0.02309613068761717
T0,73260,F2,RAW,S0,sum_CRPS_Wh,2024-10-15,T0_TEST_1015,238982.48446055013
T0,73260,F2,RAW,S0,energy,2024-10-15,T0_TEST_1015,0.7935896511204314
T0,73260,F2,RAW,S0,variogram,2024-10-15,T0_TEST_1015,8997.185422828616
T0,73260,F2,RAW,S0,variogram_normalized,2024-10-15,T0_TEST_1015,0.020868492097111127
T0,73260,F2,RAW,S0,Brier,2024-10-15,T0_TEST_1015,0.0009765625
T0,73260,F2,RAW,S0,marginal_CRPS_normalized,2024-10-15,T0_TEST_1015,0.11178605265542783
T0,73260,F3,RAW,S0,sum_CRPS_normalized,2024-10-15,T0_TEST_1015,0.0323964870155807
T0,73260,F3,RAW,S0,sum_CRPS_Wh,2024-10-15,T0_TEST_1015,335216.0177604273
T0,73260,F3,RAW,S0,energy,2024-10-15,T0_TEST_1015,0.7873762360901837
T0,73260,F3,RAW,S0,variogram,2024-10-15,T0_TEST_1015,8837.070339922904
T0,73260,F3,RAW,S0,variogram_normalized,2024-10-15,T0_TEST_1015,0.02049711369539807
T0,73260,F3,RAW,S0,Brier,2024-10-15,T0_TEST_1015,0.0067291259765625
T0,73260,F3,RAW,S0,marginal_CRPS_normalized,2024-10-15,T0_TEST_1015,0.11178605265542785
T0,73260,F0,RAW,S0,sum_CRPS_normalized,2024-10-16,T0_TEST_1016,0.12075210214136312
T0,73260,F0,RAW,S0,sum_CRPS_Wh,2024-10-16,T0_TEST_1016,1249457.6586825815
T0,73260,F0,RAW,S0,energy,2024-10-16,T0_TEST_1016,1.5532039508756461
T0,73260,F0,RAW,S0,variogram,2024-10-16,T0_TEST_1016,32358.901508028564
T0,73260,F0,RAW,S0,variogram_normalized,2024-10-16,T0_TEST_1016,0.07505474753005484
T0,73260,F0,RAW,S0,Brier,2024-10-16,T0_TEST_1016,0.00054931640625
T0,73260,F0,RAW,S0,marginal_CRPS_normalized,2024-10-16,T0_TEST_1016,0.18787700695894982
T0,73260,F1,RAW,S0,sum_CRPS_normalized,2024-10-16,T0_TEST_1016,0.09822460095209264
T0,73260,F1,RAW,S0,sum_CRPS_Wh,2024-10-16,T0_TEST_1016,1016358.9515564446
T0,73260,F1,RAW,S0,energy,2024-10-16,T0_TEST_1016,1.5735608259973741
T0,73260,F1,RAW,S0,variogram,2024-10-16,T0_TEST_1016,33201.19646453456
T0,73260,F1,RAW,S0,variogram_normalized,2024-10-16,T0_TEST_1016,0.07700840579285807
T0,73260,F1,RAW,S0,Brier,2024-10-16,T0_TEST_1016,0.0166168212890625
T0,73260,F1,RAW,S0,marginal_CRPS_normalized,2024-10-16,T0_TEST_1016,0.18787700695894982
T0,73260,F2,RAW,S0,sum_CRPS_normalized,2024-10-16,T0_TEST_1016,0.10134962274876445
T0,73260,F2,RAW,S0,sum_CRPS_Wh,2024-10-16,T0_TEST_1016,1048694.4748985604
T0,73260,F2,RAW,S0,energy,2024-10-16,T0_TEST_1016,1.5588298777060576
T0,73260,F2,RAW,S0,variogram,2024-10-16,T0_TEST_1016,32648.014297383743
T0,73260,F2,RAW,S0,variogram_normalized,2024-10-16,T0_TEST_1016,0.07572532923714335
T0,73260,F2,RAW,S0,Brier,2024-10-16,T0_TEST_1016,0.0055084228515625
T0,73260,F2,RAW,S0,marginal_CRPS_normalized,2024-10-16,T0_TEST_1016,0.18787700695894982
T0,73260,F3,RAW,S0,sum_CRPS_normalized,2024-10-16,T0_TEST_1016,0.09353237986966752
T0,73260,F3,RAW,S0,sum_CRPS_Wh,2024-10-16,T0_TEST_1016,967807.1544141928
T0,73260,F3,RAW,S0,energy,2024-10-16,T0_TEST_1016,1.56847763671621
T0,73260,F3,RAW,S0,variogram,2024-10-16,T0_TEST_1016,33001.08971374292
T0,73260,F3,RAW,S0,variogram_normalized,2024-10-16,T0_TEST_1016,0.07654426884877795
T0,73260,F3,RAW,S0,Brier,2024-10-16,T0_TEST_1016,0.01763916015625
T0,73260,F3,RAW,S0,marginal_CRPS_normalized,2024-10-16,T0_TEST_1016,0.1878770069589498
T0,73260,F0,RAW,S0,sum_CRPS_normalized,2024-10-17,T0_TEST_1017,0.01395947858172755
T0,73260,F0,RAW,S0,sum_CRPS_Wh,2024-10-17,T0_TEST_1017,144442.84708796255
T0,73260,F0,RAW,S0,energy,2024-10-17,T0_TEST_1017,0.5692006248160525
T0,73260,F0,RAW,S0,variogram,2024-10-17,T0_TEST_1017,12170.342429302473
T0,73260,F0,RAW,S0,variogram_normalized,2024-10-17,T0_TEST_1017,0.028228460665111806
T0,73260,F0,RAW,S0,Brier,2024-10-17,T0_TEST_1017,1.52587890625e-05
T0,73260,F0,RAW,S0,marginal_CRPS_normalized,2024-10-17,T0_TEST_1017,0.07926013449293126
T0,73260,F1,RAW,S0,sum_CRPS_normalized,2024-10-17,T0_TEST_1017,0.025195423513123524
T0,73260,F1,RAW,S0,sum_CRPS_Wh,2024-10-17,T0_TEST_1017,260704.48724254407
T0,73260,F1,RAW,S0,energy,2024-10-17,T0_TEST_1017,0.5675551946300132
T0,73260,F1,RAW,S0,variogram,2024-10-17,T0_TEST_1017,11454.360177901683
T0,73260,F1,RAW,S0,variogram_normalized,2024-10-17,T0_TEST_1017,0.02656777799015902
T0,73260,F1,RAW,S0,Brier,2024-10-17,T0_TEST_1017,0.011962890625
T0,73260,F1,RAW,S0,marginal_CRPS_normalized,2024-10-17,T0_TEST_1017,0.07926013449293125
T0,73260,F2,RAW,S0,sum_CRPS_normalized,2024-10-17,T0_TEST_1017,0.018769937792812594
T0,73260,F2,RAW,S0,sum_CRPS_Wh,2024-10-17,T0_TEST_1017,194218.0890629138
T0,73260,F2,RAW,S0,energy,2024-10-17,T0_TEST_1017,0.5628155942011894
T0,73260,F2,RAW,S0,variogram,2024-10-17,T0_TEST_1017,11790.507842115383
T0,73260,F2,RAW,S0,variogram_normalized,2024-10-17,T0_TEST_1017,0.027347454582830662
T0,73260,F2,RAW,S0,Brier,2024-10-17,T0_TEST_1017,0.0018463134765625
T0,73260,F2,RAW,S0,marginal_CRPS_normalized,2024-10-17,T0_TEST_1017,0.07926013449293125
T0,73260,F3,RAW,S0,sum_CRPS_normalized,2024-10-17,T0_TEST_1017,0.03306664808931373
T0,73260,F3,RAW,S0,sum_CRPS_Wh,2024-10-17,T0_TEST_1017,342150.3722874103
T0,73260,F3,RAW,S0,energy,2024-10-17,T0_TEST_1017,0.5925874750360628
T0,73260,F3,RAW,S0,variogram,2024-10-17,T0_TEST_1017,11543.826972933677
T0,73260,F3,RAW,S0,variogram_normalized,2024-10-17,T0_TEST_1017,0.026775291453240684
T0,73260,F3,RAW,S0,Brier,2024-10-17,T0_TEST_1017,0.006103515625
T0,73260,F3,RAW,S0,marginal_CRPS_normalized,2024-10-17,T0_TEST_1017,0.07926013449293125
T0,73260,F0,RAW,S0,sum_CRPS_normalized,2024-10-18,T0_TEST_1018,0.12709198191013615
T0,73260,F0,RAW,S0,sum_CRPS_Wh,2024-10-18,T0_TEST_1018,1315058.2668024031
T0,73260,F0,RAW,S0,energy,2024-10-18,T0_TEST_1018,1.1016971848800428
T0,73260,F0,RAW,S0,variogram,2024-10-18,T0_TEST_1018,19229.754748163396
T0,73260,F0,RAW,S0,variogram_normalized,2024-10-18,T0_TEST_1018,0.04460239131820293
T0,73260,F0,RAW,S0,Brier,2024-10-18,T0_TEST_1018,0.0
T0,73260,F0,RAW,S0,marginal_CRPS_normalized,2024-10-18,T0_TEST_1018,0.12463373810816025
T0,73260,F1,RAW,S0,sum_CRPS_normalized,2024-10-18,T0_TEST_1018,0.10451745838375687
T0,73260,F1,RAW,S0,sum_CRPS_Wh,2024-10-18,T0_TEST_1018,1081473.0056686103
T0,73260,F1,RAW,S0,energy,2024-10-18,T0_TEST_1018,1.0825313605705509
T0,73260,F1,RAW,S0,variogram,2024-10-18,T0_TEST_1018,19543.05055760387
T0,73260,F1,RAW,S0,variogram_normalized,2024-10-18,T0_TEST_1018,0.04532906425158248
T0,73260,F1,RAW,S0,Brier,2024-10-18,T0_TEST_1018,0.00299072265625
T0,73260,F1,RAW,S0,marginal_CRPS_normalized,2024-10-18,T0_TEST_1018,0.1246337381081603
T0,73260,F2,RAW,S0,sum_CRPS_normalized,2024-10-18,T0_TEST_1018,0.11223269004642371
T0,73260,F2,RAW,S0,sum_CRPS_Wh,2024-10-18,T0_TEST_1018,1161304.7859728916
T0,73260,F2,RAW,S0,energy,2024-10-18,T0_TEST_1018,1.0856352421518023
T0,73260,F2,RAW,S0,variogram,2024-10-18,T0_TEST_1018,19417.18965269825
T0,73260,F2,RAW,S0,variogram_normalized,2024-10-18,T0_TEST_1018,0.04503713659021697
T0,73260,F2,RAW,S0,Brier,2024-10-18,T0_TEST_1018,6.103515625e-05
T0,73260,F2,RAW,S0,marginal_CRPS_normalized,2024-10-18,T0_TEST_1018,0.12463373810816028
T0,73260,F3,RAW,S0,sum_CRPS_normalized,2024-10-18,T0_TEST_1018,0.10437720116922519
T0,73260,F3,RAW,S0,sum_CRPS_Wh,2024-10-18,T0_TEST_1018,1080021.7228522091
T0,73260,F3,RAW,S0,energy,2024-10-18,T0_TEST_1018,1.0871937937611487
T0,73260,F3,RAW,S0,variogram,2024-10-18,T0_TEST_1018,19519.405928824275
T0,73260,F3,RAW,S0,variogram_normalized,2024-10-18,T0_TEST_1018,0.04527422179523228
T0,73260,F3,RAW,S0,Brier,2024-10-18,T0_TEST_1018,1.52587890625e-05
T0,73260,F3,RAW,S0,marginal_CRPS_normalized,2024-10-18,T0_TEST_1018,0.1246337381081603
T0,73260,F0,RAW,S0,sum_CRPS_normalized,2024-10-19,T0_TEST_1019,0.01232062628029817
T0,73260,F0,RAW,S0,sum_CRPS_Wh,2024-10-19,T0_TEST_1019,127485.15837565076
T0,73260,F0,RAW,S0,energy,2024-10-19,T0_TEST_1019,0.4474393460330651
T0,73260,F0,RAW,S0,variogram,2024-10-19,T0_TEST_1019,9554.999545553477
T0,73260,F0,RAW,S0,variogram_normalized,2024-10-19,T0_TEST_1019,0.022162312226926908
T0,73260,F0,RAW,S0,Brier,2024-10-19,T0_TEST_1019,1.52587890625e-05
T0,73260,F0,RAW,S0,marginal_CRPS_normalized,2024-10-19,T0_TEST_1019,0.07105450190365149
T0,73260,F1,RAW,S0,sum_CRPS_normalized,2024-10-19,T0_TEST_1019,0.022041061997552312
T0,73260,F1,RAW,S0,sum_CRPS_Wh,2024-10-19,T0_TEST_1019,228065.37716502277
T0,73260,F1,RAW,S0,energy,2024-10-19,T0_TEST_1019,0.4472821339888311
T0,73260,F1,RAW,S0,variogram,2024-10-19,T0_TEST_1019,8861.143830478914
T0,73260,F1,RAW,S0,variogram_normalized,2024-10-19,T0_TEST_1019,0.02055295087378313
T0,73260,F1,RAW,S0,Brier,2024-10-19,T0_TEST_1019,0.0044097900390625
T0,73260,F1,RAW,S0,marginal_CRPS_normalized,2024-10-19,T0_TEST_1019,0.07105450190365149
T0,73260,F2,RAW,S0,sum_CRPS_normalized,2024-10-19,T0_TEST_1019,0.016965734248435255
T0,73260,F2,RAW,S0,sum_CRPS_Wh,2024-10-19,T0_TEST_1019,175549.46221196698
T0,73260,F2,RAW,S0,energy,2024-10-19,T0_TEST_1019,0.44708475096387434
T0,73260,F2,RAW,S0,variogram,2024-10-19,T0_TEST_1019,9125.03665325192
T0,73260,F2,RAW,S0,variogram_normalized,2024-10-19,T0_TEST_1019,0.02116503621244357
T0,73260,F2,RAW,S0,Brier,2024-10-19,T0_TEST_1019,0.000244140625
T0,73260,F2,RAW,S0,marginal_CRPS_normalized,2024-10-19,T0_TEST_1019,0.07105450190365149
T0,73260,F3,RAW,S0,sum_CRPS_normalized,2024-10-19,T0_TEST_1019,0.028456387908484485
T0,73260,F3,RAW,S0,sum_CRPS_Wh,2024-10-19,T0_TEST_1019,294446.6487968421
T0,73260,F3,RAW,S0,energy,2024-10-19,T0_TEST_1019,0.4702809255768672
T0,73260,F3,RAW,S0,variogram,2024-10-19,T0_TEST_1019,8940.463417013892
T0,73260,F3,RAW,S0,variogram_normalized,2024-10-19,T0_TEST_1019,0.020736928427535814
T0,73260,F3,RAW,S0,Brier,2024-10-19,T0_TEST_1019,6.103515625e-05
T0,73260,F3,RAW,S0,marginal_CRPS_normalized,2024-10-19,T0_TEST_1019,0.0710545019036515
T0,73260,F0,RAW,S0,sum_CRPS_normalized,2024-10-20,T0_TEST_1020,0.021498230068816453
T0,73260,F0,RAW,S0,sum_CRPS_Wh,2024-10-20,T0_TEST_1020,222448.53490133747
T0,73260,F0,RAW,S0,energy,2024-10-20,T0_TEST_1020,1.1184673843537394
T0,73260,F0,RAW,S0,variogram,2024-10-20,T0_TEST_1020,27641.10034077484
T0,73260,F0,RAW,S0,variogram_normalized,2024-10-20,T0_TEST_1020,0.06411205915055679
T0,73260,F0,RAW,S0,Brier,2024-10-20,T0_TEST_1020,0.0034332275390625
T0,73260,F0,RAW,S0,marginal_CRPS_normalized,2024-10-20,T0_TEST_1020,0.1373604323705455
T0,73260,F1,RAW,S0,sum_CRPS_normalized,2024-10-20,T0_TEST_1020,0.024315752524449567
T0,73260,F1,RAW,S0,sum_CRPS_Wh,2024-10-20,T0_TEST_1020,251602.27175785764
T0,73260,F1,RAW,S0,energy,2024-10-20,T0_TEST_1020,1.1230792134714433
T0,73260,F1,RAW,S0,variogram,2024-10-20,T0_TEST_1020,28186.111081487652
T0,73260,F1,RAW,S0,variogram_normalized,2024-10-20,T0_TEST_1020,0.06537618251813214
T0,73260,F1,RAW,S0,Brier,2024-10-20,T0_TEST_1020,0.0337066650390625
T0,73260,F1,RAW,S0,marginal_CRPS_normalized,2024-10-20,T0_TEST_1020,0.1373604323705455
T0,73260,F2,RAW,S0,sum_CRPS_normalized,2024-10-20,T0_TEST_1020,0.021362096383280578
T0,73260,F2,RAW,S0,sum_CRPS_Wh,2024-10-20,T0_TEST_1020,221039.91945712466
T0,73260,F2,RAW,S0,energy,2024-10-20,T0_TEST_1020,1.1193391713565115
T0,73260,F2,RAW,S0,variogram,2024-10-20,T0_TEST_1020,27845.57389632775
T0,73260,F2,RAW,S0,variogram_normalized,2024-10-20,T0_TEST_1020,0.06458632466555854
T0,73260,F2,RAW,S0,Brier,2024-10-20,T0_TEST_1020,0.0146636962890625
T0,73260,F2,RAW,S0,marginal_CRPS_normalized,2024-10-20,T0_TEST_1020,0.13736043237054552
T0,73260,F3,RAW,S0,sum_CRPS_normalized,2024-10-20,T0_TEST_1020,0.027352533478485593
T0,73260,F3,RAW,S0,sum_CRPS_Wh,2024-10-20,T0_TEST_1020,283024.74104389735
T0,73260,F3,RAW,S0,energy,2024-10-20,T0_TEST_1020,1.1334121991450405
T0,73260,F3,RAW,S0,variogram,2024-10-20,T0_TEST_1020,28175.060711200746
T0,73260,F3,RAW,S0,variogram_normalized,2024-10-20,T0_TEST_1020,0.06535055177316412
T0,73260,F3,RAW,S0,Brier,2024-10-20,T0_TEST_1020,0.0461578369140625
T0,73260,F3,RAW,S0,marginal_CRPS_normalized,2024-10-20,T0_TEST_1020,0.1373604323705455
T0,73260,F0,RAW,S0,sum_CRPS_normalized,2024-10-21,T0_TEST_1021,0.07577210340921481
T0,73260,F0,RAW,S0,sum_CRPS_Wh,2024-10-21,T0_TEST_1021,784036.3293079417
T0,73260,F0,RAW,S0,energy,2024-10-21,T0_TEST_1021,0.4837382598942629
T0,73260,F0,RAW,S0,variogram,2024-10-21,T0_TEST_1021,9418.174702972274
T0,73260,F0,RAW,S0,variogram_normalized,2024-10-21,T0_TEST_1021,0.021844954296429055
T0,73260,F0,RAW,S0,Brier,2024-10-21,T0_TEST_1021,0.0
T0,73260,F0,RAW,S0,marginal_CRPS_normalized,2024-10-21,T0_TEST_1021,0.07711329649470391
T0,73260,F1,RAW,S0,sum_CRPS_normalized,2024-10-21,T0_TEST_1021,0.0589832017817116
T0,73260,F1,RAW,S0,sum_CRPS_Wh,2024-10-21,T0_TEST_1021,610316.6064430363
T0,73260,F1,RAW,S0,energy,2024-10-21,T0_TEST_1021,0.46645991306547285
T0,73260,F1,RAW,S0,variogram,2024-10-21,T0_TEST_1021,8606.977359570645
T0,73260,F1,RAW,S0,variogram_normalized,2024-10-21,T0_TEST_1021,0.019963425289922006
T0,73260,F1,RAW,S0,Brier,2024-10-21,T0_TEST_1021,0.002197265625
T0,73260,F1,RAW,S0,marginal_CRPS_normalized,2024-10-21,T0_TEST_1021,0.07711329649470396
T0,73260,F2,RAW,S0,sum_CRPS_normalized,2024-10-21,T0_TEST_1021,0.06321844900936913
T0,73260,F2,RAW,S0,sum_CRPS_Wh,2024-10-21,T0_TEST_1021,654139.9601666499
T0,73260,F2,RAW,S0,energy,2024-10-21,T0_TEST_1021,0.4768462889790335
T0,73260,F2,RAW,S0,variogram,2024-10-21,T0_TEST_1021,8925.824659380676
T0,73260,F2,RAW,S0,variogram_normalized,2024-10-21,T0_TEST_1021,0.020702974609355614
T0,73260,F2,RAW,S0,Brier,2024-10-21,T0_TEST_1021,6.103515625e-05
T0,73260,F2,RAW,S0,marginal_CRPS_normalized,2024-10-21,T0_TEST_1021,0.07711329649470396
T0,73260,F3,RAW,S0,sum_CRPS_normalized,2024-10-21,T0_TEST_1021,0.05696904598815068
T0,73260,F3,RAW,S0,sum_CRPS_Wh,2024-10-21,T0_TEST_1021,589475.5416713571
T0,73260,F3,RAW,S0,energy,2024-10-21,T0_TEST_1021,0.4910694962687634
T0,73260,F3,RAW,S0,variogram,2024-10-21,T0_TEST_1021,8656.761666508213
T0,73260,F3,RAW,S0,variogram_normalized,2024-10-21,T0_TEST_1021,0.020078897336685733
T0,73260,F3,RAW,S0,Brier,2024-10-21,T0_TEST_1021,0.0
T0,73260,F3,RAW,S0,marginal_CRPS_normalized,2024-10-21,T0_TEST_1021,0.07711329649470394
T0,73260,F0,RAW,S0,sum_CRPS_normalized,2024-10-22,T0_TEST_1022,0.025597729152535015
T0,73260,F0,RAW,S0,sum_CRPS_Wh,2024-10-22,T0_TEST_1022,264867.262493491
T0,73260,F0,RAW,S0,energy,2024-10-22,T0_TEST_1022,0.5681171640958496
T0,73260,F0,RAW,S0,variogram,2024-10-22,T0_TEST_1022,6147.129677643861
T0,73260,F0,RAW,S0,variogram_normalized,2024-10-22,T0_TEST_1022,0.014257939685486437
T0,73260,F0,RAW,S0,Brier,2024-10-22,T0_TEST_1022,0.0
T0,73260,F0,RAW,S0,marginal_CRPS_normalized,2024-10-22,T0_TEST_1022,0.07080865040155267
T0,73260,F1,RAW,S0,sum_CRPS_normalized,2024-10-22,T0_TEST_1022,0.028146556062538946
T0,73260,F1,RAW,S0,sum_CRPS_Wh,2024-10-22,T0_TEST_1022,291240.7271941919
T0,73260,F1,RAW,S0,energy,2024-10-22,T0_TEST_1022,0.5808620997006477
T0,73260,F1,RAW,S0,variogram,2024-10-22,T0_TEST_1022,6014.533254874174
T0,73260,F1,RAW,S0,variogram_normalized,2024-10-22,T0_TEST_1022,0.013950389349394278
T0,73260,F1,RAW,S0,Brier,2024-10-22,T0_TEST_1022,0.000244140625
T0,73260,F1,RAW,S0,marginal_CRPS_normalized,2024-10-22,T0_TEST_1022,0.0708086504015527
T0,73260,F2,RAW,S0,sum_CRPS_normalized,2024-10-22,T0_TEST_1022,0.0252696527001609
T0,73260,F2,RAW,S0,sum_CRPS_Wh,2024-10-22,T0_TEST_1022,261472.55856053287
T0,73260,F2,RAW,S0,energy,2024-10-22,T0_TEST_1022,0.5743574966326338
T0,73260,F2,RAW,S0,variogram,2024-10-22,T0_TEST_1022,6010.162264240787
T0,73260,F2,RAW,S0,variogram_normalized,2024-10-22,T0_TEST_1022,0.01394025106956535
T0,73260,F2,RAW,S0,Brier,2024-10-22,T0_TEST_1022,0.0
T0,73260,F2,RAW,S0,marginal_CRPS_normalized,2024-10-22,T0_TEST_1022,0.07080865040155265
T0,73260,F3,RAW,S0,sum_CRPS_normalized,2024-10-22,T0_TEST_1022,0.03263912493456773
T0,73260,F3,RAW,S0,sum_CRPS_Wh,2024-10-22,T0_TEST_1022,337726.6639586213
T0,73260,F3,RAW,S0,energy,2024-10-22,T0_TEST_1022,0.5879195776704371
T0,73260,F3,RAW,S0,variogram,2024-10-22,T0_TEST_1022,5993.094079877741
T0,73260,F3,RAW,S0,variogram_normalized,2024-10-22,T0_TEST_1022,0.013900662325557863
T0,73260,F3,RAW,S0,Brier,2024-10-22,T0_TEST_1022,0.0
T0,73260,F3,RAW,S0,marginal_CRPS_normalized,2024-10-22,T0_TEST_1022,0.07080865040155268
T0,73260,F0,RAW,S0,sum_CRPS_normalized,2024-10-23,T0_TEST_1023,0.18289323626428447
T0,73260,F0,RAW,S0,sum_CRPS_Wh,2024-10-23,T0_TEST_1023,1892450.323590478
T0,73260,F0,RAW,S0,energy,2024-10-23,T0_TEST_1023,1.245209745558824
T0,73260,F0,RAW,S0,variogram,2024-10-23,T0_TEST_1023,23539.521760743228
T0,73260,F0,RAW,S0,variogram_normalized,2024-10-23,T0_TEST_1023,0.05459866622148672
T0,73260,F0,RAW,S0,Brier,2024-10-23,T0_TEST_1023,0.0
T0,73260,F0,RAW,S0,marginal_CRPS_normalized,2024-10-23,T0_TEST_1023,0.15264914867350193
T0,73260,F1,RAW,S0,sum_CRPS_normalized,2024-10-23,T0_TEST_1023,0.160090660915893
T0,73260,F1,RAW,S0,sum_CRPS_Wh,2024-10-23,T0_TEST_1023,1656505.3429111317
T0,73260,F1,RAW,S0,energy,2024-10-23,T0_TEST_1023,1.2120425963904764
T0,73260,F1,RAW,S0,variogram,2024-10-23,T0_TEST_1023,23164.620362618527
T0,73260,F1,RAW,S0,variogram_normalized,2024-10-23,T0_TEST_1023,0.05372910240832908
T0,73260,F1,RAW,S0,Brier,2024-10-23,T0_TEST_1023,0.0001373291015625
T0,73260,F1,RAW,S0,marginal_CRPS_normalized,2024-10-23,T0_TEST_1023,0.15264914867350196
T0,73260,F2,RAW,S0,sum_CRPS_normalized,2024-10-23,T0_TEST_1023,0.1647770727589344
T0,73260,F2,RAW,S0,sum_CRPS_Wh,2024-10-23,T0_TEST_1023,1704997.030138025
T0,73260,F2,RAW,S0,energy,2024-10-23,T0_TEST_1023,1.2190612623207242
T0,73260,F2,RAW,S0,variogram,2024-10-23,T0_TEST_1023,23347.457544572466
T0,73260,F2,RAW,S0,variogram_normalized,2024-10-23,T0_TEST_1023,0.05415318350784523
T0,73260,F2,RAW,S0,Brier,2024-10-23,T0_TEST_1023,0.0
T0,73260,F2,RAW,S0,marginal_CRPS_normalized,2024-10-23,T0_TEST_1023,0.15264914867350193
T0,73260,F3,RAW,S0,sum_CRPS_normalized,2024-10-23,T0_TEST_1023,0.1585709729467898
T0,73260,F3,RAW,S0,sum_CRPS_Wh,2024-10-23,T0_TEST_1023,1640780.68273436
T0,73260,F3,RAW,S0,energy,2024-10-23,T0_TEST_1023,1.2141271445161452
T0,73260,F3,RAW,S0,variogram,2024-10-23,T0_TEST_1023,23202.785721882225
T0,73260,F3,RAW,S0,variogram_normalized,2024-10-23,T0_TEST_1023,0.053817624925177186
T0,73260,F3,RAW,S0,Brier,2024-10-23,T0_TEST_1023,0.0
T0,73260,F3,RAW,S0,marginal_CRPS_normalized,2024-10-23,T0_TEST_1023,0.15264914867350188
T0,73260,F0,RAW,S0,sum_CRPS_normalized,2024-10-24,T0_TEST_1024,0.09632069901349946
T0,73260,F0,RAW,S0,sum_CRPS_Wh,2024-10-24,T0_TEST_1024,996658.7159798336
T0,73260,F0,RAW,S0,energy,2024-10-24,T0_TEST_1024,0.6733911882344481
T0,73260,F0,RAW,S0,variogram,2024-10-24,T0_TEST_1024,5650.201525622775
T0,73260,F0,RAW,S0,variogram_normalized,2024-10-24,T0_TEST_1024,0.013105341319894033
T0,73260,F0,RAW,S0,Brier,2024-10-24,T0_TEST_1024,0.0
T0,73260,F0,RAW,S0,marginal_CRPS_normalized,2024-10-24,T0_TEST_1024,0.08713503843905038
T0,73260,F1,RAW,S0,sum_CRPS_normalized,2024-10-24,T0_TEST_1024,0.07658674264395884
T0,73260,F1,RAW,S0,sum_CRPS_Wh,2024-10-24,T0_TEST_1024,792465.6420309837
T0,73260,F1,RAW,S0,energy,2024-10-24,T0_TEST_1024,0.6453727368704387
T0,73260,F1,RAW,S0,variogram,2024-10-24,T0_TEST_1024,5200.4163754069505
T0,73260,F1,RAW,S0,variogram_normalized,2024-10-24,T0_TEST_1024,0.012062088634575259
T0,73260,F1,RAW,S0,Brier,2024-10-24,T0_TEST_1024,6.103515625e-05
T0,73260,F1,RAW,S0,marginal_CRPS_normalized,2024-10-24,T0_TEST_1024,0.08713503843905038
T0,73260,F2,RAW,S0,sum_CRPS_normalized,2024-10-24,T0_TEST_1024,0.08208575438115989
T0,73260,F2,RAW,S0,sum_CRPS_Wh,2024-10-24,T0_TEST_1024,849365.5403216793
T0,73260,F2,RAW,S0,energy,2024-10-24,T0_TEST_1024,0.6522440569887993
T0,73260,F2,RAW,S0,variogram,2024-10-24,T0_TEST_1024,5414.068009619515
T0,73260,F2,RAW,S0,variogram_normalized,2024-10-24,T0_TEST_1024,0.012557642213896518
T0,73260,F2,RAW,S0,Brier,2024-10-24,T0_TEST_1024,0.0
T0,73260,F2,RAW,S0,marginal_CRPS_normalized,2024-10-24,T0_TEST_1024,0.08713503843905038
T0,73260,F3,RAW,S0,sum_CRPS_normalized,2024-10-24,T0_TEST_1024,0.07351773915852833
T0,73260,F3,RAW,S0,sum_CRPS_Wh,2024-10-24,T0_TEST_1024,760709.7566973637
T0,73260,F3,RAW,S0,energy,2024-10-24,T0_TEST_1024,0.6388325894430599
T0,73260,F3,RAW,S0,variogram,2024-10-24,T0_TEST_1024,5237.038364748235
T0,73260,F3,RAW,S0,variogram_normalized,2024-10-24,T0_TEST_1024,0.01214703138713985
T0,73260,F3,RAW,S0,Brier,2024-10-24,T0_TEST_1024,0.0
T0,73260,F3,RAW,S0,marginal_CRPS_normalized,2024-10-24,T0_TEST_1024,0.08713503843905035
T0,73260,F0,RAW,S0,sum_CRPS_normalized,2024-10-25,T0_TEST_1025,0.1508942923851146
T0,73260,F0,RAW,S0,sum_CRPS_Wh,2024-10-25,T0_TEST_1025,1561347.8020560932
T0,73260,F0,RAW,S0,energy,2024-10-25,T0_TEST_1025,1.0145812348725713
T0,73260,F0,RAW,S0,variogram,2024-10-25,T0_TEST_1025,16462.27017746851
T0,73260,F0,RAW,S0,variogram_normalized,2024-10-25,T0_TEST_1025,0.03818335834530392
T0,73260,F0,RAW,S0,Brier,2024-10-25,T0_TEST_1025,0.0
T0,73260,F0,RAW,S0,marginal_CRPS_normalized,2024-10-25,T0_TEST_1025,0.13041379613570997
T0,73260,F1,RAW,S0,sum_CRPS_normalized,2024-10-25,T0_TEST_1025,0.12830591382717496
T0,73260,F1,RAW,S0,sum_CRPS_Wh,2024-10-25,T0_TEST_1025,1327619.1788193856
T0,73260,F1,RAW,S0,energy,2024-10-25,T0_TEST_1025,0.9953984293946427
T0,73260,F1,RAW,S0,variogram,2024-10-25,T0_TEST_1025,16507.033430583437
T0,73260,F1,RAW,S0,variogram_normalized,2024-10-25,T0_TEST_1025,0.03828718432531536
T0,73260,F1,RAW,S0,Brier,2024-10-25,T0_TEST_1025,1.52587890625e-05
T0,73260,F1,RAW,S0,marginal_CRPS_normalized,2024-10-25,T0_TEST_1025,0.13041379613570997
T0,73260,F2,RAW,S0,sum_CRPS_normalized,2024-10-25,T0_TEST_1025,0.13514590862369658
T0,73260,F2,RAW,S0,sum_CRPS_Wh,2024-10-25,T0_TEST_1025,1398394.6248141718
T0,73260,F2,RAW,S0,energy,2024-10-25,T0_TEST_1025,0.999428382993932
T0,73260,F2,RAW,S0,variogram,2024-10-25,T0_TEST_1025,16543.77624101545
T0,73260,F2,RAW,S0,variogram_normalized,2024-10-25,T0_TEST_1025,0.03837240731596093
T0,73260,F2,RAW,S0,Brier,2024-10-25,T0_TEST_1025,0.0
T0,73260,F2,RAW,S0,marginal_CRPS_normalized,2024-10-25,T0_TEST_1025,0.13041379613570997
T0,73260,F3,RAW,S0,sum_CRPS_normalized,2024-10-25,T0_TEST_1025,0.12897221949377757
T0,73260,F3,RAW,S0,sum_CRPS_Wh,2024-10-25,T0_TEST_1025,1334513.6403102973
T0,73260,F3,RAW,S0,energy,2024-10-25,T0_TEST_1025,0.9961359107713653
T0,73260,F3,RAW,S0,variogram,2024-10-25,T0_TEST_1025,16458.050970007098
T0,73260,F3,RAW,S0,variogram_normalized,2024-10-25,T0_TEST_1025,0.03817357211845334
T0,73260,F3,RAW,S0,Brier,2024-10-25,T0_TEST_1025,0.0
T0,73260,F3,RAW,S0,marginal_CRPS_normalized,2024-10-25,T0_TEST_1025,0.13041379613570997
T0,73260,F0,RAW,S0,sum_CRPS_normalized,2024-11-10,T0_TEST_1110,0.007614831619088453
T0,73260,F0,RAW,S0,sum_CRPS_Wh,2024-11-10,T0_TEST_1110,78792.9114054672
T0,73260,F0,RAW,S0,energy,2024-11-10,T0_TEST_1110,0.2563502947901492
T0,73260,F0,RAW,S0,variogram,2024-11-10,T0_TEST_1110,6079.052285801305
T0,73260,F0,RAW,S0,variogram_normalized,2024-11-10,T0_TEST_1110,0.014100037803187375
T0,73260,F0,RAW,S0,Brier,2024-11-10,T0_TEST_1110,0.0
T0,73260,F0,RAW,S0,marginal_CRPS_normalized,2024-11-10,T0_TEST_1110,0.04045581712418219
T0,73260,F1,RAW,S0,sum_CRPS_normalized,2024-11-10,T0_TEST_1110,0.01587298355345512
T0,73260,F1,RAW,S0,sum_CRPS_Wh,2024-11-10,T0_TEST_1110,164242.44808416942
T0,73260,F1,RAW,S0,energy,2024-11-10,T0_TEST_1110,0.25115713035240955
T0,73260,F1,RAW,S0,variogram,2024-11-10,T0_TEST_1110,4811.603129587104
T0,73260,F1,RAW,S0,variogram_normalized,2024-11-10,T0_TEST_1110,0.01116025703209922
T0,73260,F1,RAW,S0,Brier,2024-11-10,T0_TEST_1110,0.0
T0,73260,F1,RAW,S0,marginal_CRPS_normalized,2024-11-10,T0_TEST_1110,0.0404558171241822
T0,73260,F2,RAW,S0,sum_CRPS_normalized,2024-11-10,T0_TEST_1110,0.011935198506226043
T0,73260,F2,RAW,S0,sum_CRPS_Wh,2024-11-10,T0_TEST_1110,123497.02338136616
T0,73260,F2,RAW,S0,energy,2024-11-10,T0_TEST_1110,0.25491934642848296
T0,73260,F2,RAW,S0,variogram,2024-11-10,T0_TEST_1110,5356.3073081333505
T0,73260,F2,RAW,S0,variogram_normalized,2024-11-10,T0_TEST_1110,0.012423669345066984
T0,73260,F2,RAW,S0,Brier,2024-11-10,T0_TEST_1110,0.0
T0,73260,F2,RAW,S0,marginal_CRPS_normalized,2024-11-10,T0_TEST_1110,0.04045581712418217
T0,73260,F3,RAW,S0,sum_CRPS_normalized,2024-11-10,T0_TEST_1110,0.02025055902882295
T0,73260,F3,RAW,S0,sum_CRPS_Wh,2024-11-10,T0_TEST_1110,209538.51421605493
T0,73260,F3,RAW,S0,energy,2024-11-10,T0_TEST_1110,0.2736398582129449
T0,73260,F3,RAW,S0,variogram,2024-11-10,T0_TEST_1110,4855.877413703494
T0,73260,F3,RAW,S0,variogram_normalized,2024-11-10,T0_TEST_1110,0.011262948874577405
T0,73260,F3,RAW,S0,Brier,2024-11-10,T0_TEST_1110,0.0
T0,73260,F3,RAW,S0,marginal_CRPS_normalized,2024-11-10,T0_TEST_1110,0.04045581712418219
T0,73260,F0,RAW,S0,sum_CRPS_normalized,2024-11-11,T0_TEST_1111,0.2754949028834977
T0,73260,F0,RAW,S0,sum_CRPS_Wh,2024-11-11,T0_TEST_1111,2850627.1131646773
T0,73260,F0,RAW,S0,energy,2024-11-11,T0_TEST_1111,1.8905634484388112
T0,73260,F0,RAW,S0,variogram,2024-11-11,T0_TEST_1111,35938.24893664166
T0,73260,F0,RAW,S0,variogram_normalized,2024-11-11,T0_TEST_1111,0.08335685313491455
T0,73260,F0,RAW,S0,Brier,2024-11-11,T0_TEST_1111,0.0
T0,73260,F0,RAW,S0,marginal_CRPS_normalized,2024-11-11,T0_TEST_1111,0.23453756178442436
T0,73260,F1,RAW,S0,sum_CRPS_normalized,2024-11-11,T0_TEST_1111,0.25143099864726887
T0,73260,F1,RAW,S0,sum_CRPS_Wh,2024-11-11,T0_TEST_1111,2601630.7900152765
T0,73260,F1,RAW,S0,energy,2024-11-11,T0_TEST_1111,1.885787661267379
T0,73260,F1,RAW,S0,variogram,2024-11-11,T0_TEST_1111,36768.95727166771
T0,73260,F1,RAW,S0,variogram_normalized,2024-11-11,T0_TEST_1111,0.08528363684668618
T0,73260,F1,RAW,S0,Brier,2024-11-11,T0_TEST_1111,0.0
T0,73260,F1,RAW,S0,marginal_CRPS_normalized,2024-11-11,T0_TEST_1111,0.23453756178442436
T0,73260,F2,RAW,S0,sum_CRPS_normalized,2024-11-11,T0_TEST_1111,0.2553699927452044
T0,73260,F2,RAW,S0,sum_CRPS_Wh,2024-11-11,T0_TEST_1111,2642388.7251227694
T0,73260,F2,RAW,S0,energy,2024-11-11,T0_TEST_1111,1.8841339643412556
T0,73260,F2,RAW,S0,variogram,2024-11-11,T0_TEST_1111,36805.36080528372
T0,73260,F2,RAW,S0,variogram_normalized,2024-11-11,T0_TEST_1111,0.08536807290283827
T0,73260,F2,RAW,S0,Brier,2024-11-11,T0_TEST_1111,0.0
T0,73260,F2,RAW,S0,marginal_CRPS_normalized,2024-11-11,T0_TEST_1111,0.23453756178442436
T0,73260,F3,RAW,S0,sum_CRPS_normalized,2024-11-11,T0_TEST_1111,0.25238838079296766
T0,73260,F3,RAW,S0,sum_CRPS_Wh,2024-11-11,T0_TEST_1111,2611537.1057896297
T0,73260,F3,RAW,S0,energy,2024-11-11,T0_TEST_1111,1.8864310447343717
T0,73260,F3,RAW,S0,variogram,2024-11-11,T0_TEST_1111,36498.66392270082
T0,73260,F3,RAW,S0,variogram_normalized,2024-11-11,T0_TEST_1111,0.08465670582862522
T0,73260,F3,RAW,S0,Brier,2024-11-11,T0_TEST_1111,0.0
T0,73260,F3,RAW,S0,marginal_CRPS_normalized,2024-11-11,T0_TEST_1111,0.23453756178442436
T0,73260,F0,RAW,S0,sum_CRPS_normalized,2024-11-12,T0_TEST_1112,0.05188134218554555
T0,73260,F0,RAW,S0,sum_CRPS_Wh,2024-11-12,T0_TEST_1112,536831.5680382393
T0,73260,F0,RAW,S0,energy,2024-11-12,T0_TEST_1112,1.0218070376190078
T0,73260,F0,RAW,S0,variogram,2024-11-12,T0_TEST_1112,20254.103222075028
T0,73260,F0,RAW,S0,variogram_normalized,2024-11-12,T0_TEST_1112,0.04697831301236672
T0,73260,F0,RAW,S0,Brier,2024-11-12,T0_TEST_1112,0.0
T0,73260,F0,RAW,S0,marginal_CRPS_normalized,2024-11-12,T0_TEST_1112,0.11825482236892028
T0,73260,F1,RAW,S0,sum_CRPS_normalized,2024-11-12,T0_TEST_1112,0.05167342505796212
T0,73260,F1,RAW,S0,sum_CRPS_Wh,2024-11-12,T0_TEST_1112,534680.1881216704
T0,73260,F1,RAW,S0,energy,2024-11-12,T0_TEST_1112,1.0308300865452213
T0,73260,F1,RAW,S0,variogram,2024-11-12,T0_TEST_1112,20588.23391824458
T0,73260,F1,RAW,S0,variogram_normalized,2024-11-12,T0_TEST_1112,0.047753311355151165
T0,73260,F1,RAW,S0,Brier,2024-11-12,T0_TEST_1112,0.0
T0,73260,F1,RAW,S0,marginal_CRPS_normalized,2024-11-12,T0_TEST_1112,0.11825482236892029
T0,73260,F2,RAW,S0,sum_CRPS_normalized,2024-11-12,T0_TEST_1112,0.04376725157210502
T0,73260,F2,RAW,S0,sum_CRPS_Wh,2024-11-12,T0_TEST_1112,452872.6763881459
T0,73260,F2,RAW,S0,energy,2024-11-12,T0_TEST_1112,1.0147122747824342
T0,73260,F2,RAW,S0,variogram,2024-11-12,T0_TEST_1112,20292.41462814118
T0,73260,F2,RAW,S0,variogram_normalized,2024-11-12,T0_TEST_1112,0.04706717427698979
T0,73260,F2,RAW,S0,Brier,2024-11-12,T0_TEST_1112,0.0
T0,73260,F2,RAW,S0,marginal_CRPS_normalized,2024-11-12,T0_TEST_1112,0.11825482236892026
T0,73260,F3,RAW,S0,sum_CRPS_normalized,2024-11-12,T0_TEST_1112,0.04679530691380285
T0,73260,F3,RAW,S0,sum_CRPS_Wh,2024-11-12,T0_TEST_1112,484204.8591866684
T0,73260,F3,RAW,S0,energy,2024-11-12,T0_TEST_1112,1.0165879558393116
T0,73260,F3,RAW,S0,variogram,2024-11-12,T0_TEST_1112,20852.628482264885
T0,73260,F3,RAW,S0,variogram_normalized,2024-11-12,T0_TEST_1112,0.04836656045589519
T0,73260,F3,RAW,S0,Brier,2024-11-12,T0_TEST_1112,0.0
T0,73260,F3,RAW,S0,marginal_CRPS_normalized,2024-11-12,T0_TEST_1112,0.11825482236892026
T0,73260,F0,RAW,S0,sum_CRPS_normalized,2024-11-13,T0_TEST_1113,0.09211586853341337
T0,73260,F0,RAW,S0,sum_CRPS_Wh,2024-11-13,T0_TEST_1113,953150.0933253393
T0,73260,F0,RAW,S0,energy,2024-11-13,T0_TEST_1113,1.2020749877100165
T0,73260,F0,RAW,S0,variogram,2024-11-13,T0_TEST_1113,24996.745661224028
T0,73260,F0,RAW,S0,variogram_normalized,2024-11-13,T0_TEST_1113,0.057978619398148544
T0,73260,F0,RAW,S0,Brier,2024-11-13,T0_TEST_1113,0.0
T0,73260,F0,RAW,S0,marginal_CRPS_normalized,2024-11-13,T0_TEST_1113,0.12633197330353452
T0,73260,F1,RAW,S0,sum_CRPS_normalized,2024-11-13,T0_TEST_1113,0.07744412620308785
T0,73260,F1,RAW,S0,sum_CRPS_Wh,2024-11-13,T0_TEST_1113,801337.2429007404
T0,73260,F1,RAW,S0,energy,2024-11-13,T0_TEST_1113,1.196485751458932
T0,73260,F1,RAW,S0,variogram,2024-11-13,T0_TEST_1113,25802.82565599281
T0,73260,F1,RAW,S0,variogram_normalized,2024-11-13,T0_TEST_1113,0.05984827898722292
T0,73260,F1,RAW,S0,Brier,2024-11-13,T0_TEST_1113,0.0
T0,73260,F1,RAW,S0,marginal_CRPS_normalized,2024-11-13,T0_TEST_1113,0.12633197330353454
T0,73260,F2,RAW,S0,sum_CRPS_normalized,2024-11-13,T0_TEST_1113,0.08052929589886063
T0,73260,F2,RAW,S0,sum_CRPS_Wh,2024-11-13,T0_TEST_1113,833260.4047866175
T0,73260,F2,RAW,S0,energy,2024-11-13,T0_TEST_1113,1.196131139119477
T0,73260,F2,RAW,S0,variogram,2024-11-13,T0_TEST_1113,25362.250767296548
T0,73260,F2,RAW,S0,variogram_normalized,2024-11-13,T0_TEST_1113,0.058826389012652074
T0,73260,F2,RAW,S0,Brier,2024-11-13,T0_TEST_1113,0.0
T0,73260,F2,RAW,S0,marginal_CRPS_normalized,2024-11-13,T0_TEST_1113,0.1263319733035345
T0,73260,F3,RAW,S0,sum_CRPS_normalized,2024-11-13,T0_TEST_1113,0.07503804282063534
T0,73260,F3,RAW,S0,sum_CRPS_Wh,2024-11-13,T0_TEST_1113,776440.7876314586
T0,73260,F3,RAW,S0,energy,2024-11-13,T0_TEST_1113,1.1971549918340094
T0,73260,F3,RAW,S0,variogram,2024-11-13,T0_TEST_1113,26084.079965041972
T0,73260,F3,RAW,S0,variogram_normalized,2024-11-13,T0_TEST_1113,0.06050063336804724
T0,73260,F3,RAW,S0,Brier,2024-11-13,T0_TEST_1113,0.0
T0,73260,F3,RAW,S0,marginal_CRPS_normalized,2024-11-13,T0_TEST_1113,0.12633197330353452
T0,73260,F0,RAW,S0,sum_CRPS_normalized,2024-11-14,T0_TEST_1114,0.007777299400075368
T0,73260,F0,RAW,S0,sum_CRPS_Wh,2024-11-14,T0_TEST_1114,80474.01351171144
T0,73260,F0,RAW,S0,energy,2024-11-14,T0_TEST_1114,0.47929991617077883
T0,73260,F0,RAW,S0,variogram,2024-11-14,T0_TEST_1114,10690.66937082029
T0,73260,F0,RAW,S0,variogram_normalized,2024-11-14,T0_TEST_1114,0.024796437862859073
T0,73260,F0,RAW,S0,Brier,2024-11-14,T0_TEST_1114,0.0
T0,73260,F0,RAW,S0,marginal_CRPS_normalized,2024-11-14,T0_TEST_1114,0.07290651329323944
T0,73260,F1,RAW,S0,sum_CRPS_normalized,2024-11-14,T0_TEST_1114,0.01255889385403937
T0,73260,F1,RAW,S0,sum_CRPS_Wh,2024-11-14,T0_TEST_1114,129950.58332103299
T0,73260,F1,RAW,S0,energy,2024-11-14,T0_TEST_1114,0.4722483112136263
T0,73260,F1,RAW,S0,variogram,2024-11-14,T0_TEST_1114,10468.238964997628
T0,73260,F1,RAW,S0,variogram_normalized,2024-11-14,T0_TEST_1114,0.024280522390639308
T0,73260,F1,RAW,S0,Brier,2024-11-14,T0_TEST_1114,0.0
T0,73260,F1,RAW,S0,marginal_CRPS_normalized,2024-11-14,T0_TEST_1114,0.07290651329323944
T0,73260,F2,RAW,S0,sum_CRPS_normalized,2024-11-14,T0_TEST_1114,0.010965978320354614
T0,73260,F2,RAW,S0,sum_CRPS_Wh,2024-11-14,T0_TEST_1114,113468.21590959968
T0,73260,F2,RAW,S0,energy,2024-11-14,T0_TEST_1114,0.4736530378157115
T0,73260,F2,RAW,S0,variogram,2024-11-14,T0_TEST_1114,10631.583335992047
T0,73260,F2,RAW,S0,variogram_normalized,2024-11-14,T0_TEST_1114,0.024659390953974188
T0,73260,F2,RAW,S0,Brier,2024-11-14,T0_TEST_1114,0.0
T0,73260,F2,RAW,S0,marginal_CRPS_normalized,2024-11-14,T0_TEST_1114,0.07290651329323944
T0,73260,F3,RAW,S0,sum_CRPS_normalized,2024-11-14,T0_TEST_1114,0.01674252480369678
T0,73260,F3,RAW,S0,sum_CRPS_Wh,2024-11-14,T0_TEST_1114,173239.84817400778
T0,73260,F3,RAW,S0,energy,2024-11-14,T0_TEST_1114,0.47526656328937344
T0,73260,F3,RAW,S0,variogram,2024-11-14,T0_TEST_1114,10678.496003101745
T0,73260,F3,RAW,S0,variogram_normalized,2024-11-14,T0_TEST_1114,0.024768202385196794
T0,73260,F3,RAW,S0,Brier,2024-11-14,T0_TEST_1114,0.0
T0,73260,F3,RAW,S0,marginal_CRPS_normalized,2024-11-14,T0_TEST_1114,0.07290651329323944
T0,73260,F0,RAW,S0,sum_CRPS_normalized,2024-11-15,T0_TEST_1115,0.006164395324752834
T0,73260,F0,RAW,S0,sum_CRPS_Wh,2024-11-15,T0_TEST_1115,63784.81875738036
T0,73260,F0,RAW,S0,energy,2024-11-15,T0_TEST_1115,0.30498991961930144
T0,73260,F0,RAW,S0,variogram,2024-11-15,T0_TEST_1115,5469.806781564334
T0,73260,F0,RAW,S0,variogram_normalized,2024-11-15,T0_TEST_1115,0.012686925324910524
T0,73260,F0,RAW,S0,Brier,2024-11-15,T0_TEST_1115,0.0
T0,73260,F0,RAW,S0,marginal_CRPS_normalized,2024-11-15,T0_TEST_1115,0.050628374847861216
T0,73260,F1,RAW,S0,sum_CRPS_normalized,2024-11-15,T0_TEST_1115,0.010523115007597183
T0,73260,F1,RAW,S0,sum_CRPS_Wh,2024-11-15,T0_TEST_1115,108885.77843595203
T0,73260,F1,RAW,S0,energy,2024-11-15,T0_TEST_1115,0.30193150068053787
T0,73260,F1,RAW,S0,variogram,2024-11-15,T0_TEST_1115,5405.541964801427
T0,73260,F1,RAW,S0,variogram_normalized,2024-11-15,T0_TEST_1115,0.01253786650732339
T0,73260,F1,RAW,S0,Brier,2024-11-15,T0_TEST_1115,0.0
T0,73260,F1,RAW,S0,marginal_CRPS_normalized,2024-11-15,T0_TEST_1115,0.05062837484786121
T0,73260,F2,RAW,S0,sum_CRPS_normalized,2024-11-15,T0_TEST_1115,0.009822708321950396
T0,73260,F2,RAW,S0,sum_CRPS_Wh,2024-11-15,T0_TEST_1115,101638.46363103576
T0,73260,F2,RAW,S0,energy,2024-11-15,T0_TEST_1115,0.30161538624964734
T0,73260,F2,RAW,S0,variogram,2024-11-15,T0_TEST_1115,5393.3098572491
T0,73260,F2,RAW,S0,variogram_normalized,2024-11-15,T0_TEST_1115,0.0125094947857471
T0,73260,F2,RAW,S0,Brier,2024-11-15,T0_TEST_1115,0.0
T0,73260,F2,RAW,S0,marginal_CRPS_normalized,2024-11-15,T0_TEST_1115,0.050628374847861216
T0,73260,F3,RAW,S0,sum_CRPS_normalized,2024-11-15,T0_TEST_1115,0.014009563361726292
T0,73260,F3,RAW,S0,sum_CRPS_Wh,2024-11-15,T0_TEST_1115,144961.08909653313
T0,73260,F3,RAW,S0,energy,2024-11-15,T0_TEST_1115,0.3090712125884453
T0,73260,F3,RAW,S0,variogram,2024-11-15,T0_TEST_1115,5281.520087962849
T0,73260,F3,RAW,S0,variogram_normalized,2024-11-15,T0_TEST_1115,0.01225020437355122
T0,73260,F3,RAW,S0,Brier,2024-11-15,T0_TEST_1115,0.0
T0,73260,F3,RAW,S0,marginal_CRPS_normalized,2024-11-15,T0_TEST_1115,0.0506283748478612
T0,73260,F0,RAW,S0,sum_CRPS_normalized,2024-11-16,T0_TEST_1116,0.046174253016261255
T0,73260,F0,RAW,S0,sum_CRPS_Wh,2024-11-16,T0_TEST_1116,477778.6311129775
T0,73260,F0,RAW,S0,energy,2024-11-16,T0_TEST_1116,0.4263866765674136
T0,73260,F0,RAW,S0,variogram,2024-11-16,T0_TEST_1116,8671.528037869493
T0,73260,F0,RAW,S0,variogram_normalized,2024-11-16,T0_TEST_1116,0.020113147148107205
T0,73260,F0,RAW,S0,Brier,2024-11-16,T0_TEST_1116,0.0
T0,73260,F0,RAW,S0,marginal_CRPS_normalized,2024-11-16,T0_TEST_1116,0.05955676566601816
T0,73260,F1,RAW,S0,sum_CRPS_normalized,2024-11-16,T0_TEST_1116,0.0371298310805041
T0,73260,F1,RAW,S0,sum_CRPS_Wh,2024-11-16,T0_TEST_1116,384193.3265461137
T0,73260,F1,RAW,S0,energy,2024-11-16,T0_TEST_1116,0.41261197804808014
T0,73260,F1,RAW,S0,variogram,2024-11-16,T0_TEST_1116,7929.814228316978
T0,73260,F1,RAW,S0,variogram_normalized,2024-11-16,T0_TEST_1116,0.018392781495345255
T0,73260,F1,RAW,S0,Brier,2024-11-16,T0_TEST_1116,0.0
T0,73260,F1,RAW,S0,marginal_CRPS_normalized,2024-11-16,T0_TEST_1116,0.05955676566601814
T0,73260,F2,RAW,S0,sum_CRPS_normalized,2024-11-16,T0_TEST_1116,0.037776928674786846
T0,73260,F2,RAW,S0,sum_CRPS_Wh,2024-11-16,T0_TEST_1116,390889.0364406307
T0,73260,F2,RAW,S0,energy,2024-11-16,T0_TEST_1116,0.41843041639700307
T0,73260,F2,RAW,S0,variogram,2024-11-16,T0_TEST_1116,8423.083178673287
T0,73260,F2,RAW,S0,variogram_normalized,2024-11-16,T0_TEST_1116,0.019536892537687724
T0,73260,F2,RAW,S0,Brier,2024-11-16,T0_TEST_1116,0.0
T0,73260,F2,RAW,S0,marginal_CRPS_normalized,2024-11-16,T0_TEST_1116,0.05955676566601813
T0,73260,F3,RAW,S0,sum_CRPS_normalized,2024-11-16,T0_TEST_1116,0.03561403706808553
T0,73260,F3,RAW,S0,sum_CRPS_Wh,2024-11-16,T0_TEST_1116,368508.95828903455
T0,73260,F3,RAW,S0,energy,2024-11-16,T0_TEST_1116,0.424051076072834
T0,73260,F3,RAW,S0,variogram,2024-11-16,T0_TEST_1116,8314.007169160877
T0,73260,F3,RAW,S0,variogram_normalized,2024-11-16,T0_TEST_1116,0.019283896546661624
T0,73260,F3,RAW,S0,Brier,2024-11-16,T0_TEST_1116,0.0
T0,73260,F3,RAW,S0,marginal_CRPS_normalized,2024-11-16,T0_TEST_1116,0.05955676566601816
T0,73260,F0,RAW,S0,sum_CRPS_normalized,2024-11-17,T0_TEST_1117,0.23424292774161787
T0,73260,F0,RAW,S0,sum_CRPS_Wh,2024-11-17,T0_TEST_1117,2423780.74475558
T0,73260,F0,RAW,S0,energy,2024-11-17,T0_TEST_1117,2.125085155407621
T0,73260,F0,RAW,S0,variogram,2024-11-17,T0_TEST_1117,45743.06021142608
T0,73260,F0,RAW,S0,variogram_normalized,2024-11-17,T0_TEST_1117,0.10609859035446126
T0,73260,F0,RAW,S0,Brier,2024-11-17,T0_TEST_1117,0.0
T0,73260,F0,RAW,S0,marginal_CRPS_normalized,2024-11-17,T0_TEST_1117,0.22667926050328283
T0,73260,F1,RAW,S0,sum_CRPS_normalized,2024-11-17,T0_TEST_1117,0.21624886302170804
T0,73260,F1,RAW,S0,sum_CRPS_Wh,2024-11-17,T0_TEST_1117,2237590.8434915757
T0,73260,F1,RAW,S0,energy,2024-11-17,T0_TEST_1117,2.1232193416592082
T0,73260,F1,RAW,S0,variogram,2024-11-17,T0_TEST_1117,47523.387861903895
T0,73260,F1,RAW,S0,variogram_normalized,2024-11-17,T0_TEST_1117,0.11022796545992444
T0,73260,F1,RAW,S0,Brier,2024-11-17,T0_TEST_1117,0.0
T0,73260,F1,RAW,S0,marginal_CRPS_normalized,2024-11-17,T0_TEST_1117,0.22667926050328283
T0,73260,F2,RAW,S0,sum_CRPS_normalized,2024-11-17,T0_TEST_1117,0.2238342833235628
T0,73260,F2,RAW,S0,sum_CRPS_Wh,2024-11-17,T0_TEST_1117,2316079.4273125296
T0,73260,F2,RAW,S0,energy,2024-11-17,T0_TEST_1117,2.122093885148234
T0,73260,F2,RAW,S0,variogram,2024-11-17,T0_TEST_1117,46735.19198924035
T0,73260,F2,RAW,S0,variogram_normalized,2024-11-17,T0_TEST_1117,0.10839978713896643
T0,73260,F2,RAW,S0,Brier,2024-11-17,T0_TEST_1117,0.0
T0,73260,F2,RAW,S0,marginal_CRPS_normalized,2024-11-17,T0_TEST_1117,0.2266792605032829
T0,73260,F3,RAW,S0,sum_CRPS_normalized,2024-11-17,T0_TEST_1117,0.2194477484621876
T0,73260,F3,RAW,S0,sum_CRPS_Wh,2024-11-17,T0_TEST_1117,2270690.655767939
T0,73260,F3,RAW,S0,energy,2024-11-17,T0_TEST_1117,2.1254379433492683
T0,73260,F3,RAW,S0,variogram,2024-11-17,T0_TEST_1117,47982.208489943434
T0,73260,F3,RAW,S0,variogram_normalized,2024-11-17,T0_TEST_1117,0.11129217545452345
T0,73260,F3,RAW,S0,Brier,2024-11-17,T0_TEST_1117,0.0
T0,73260,F3,RAW,S0,marginal_CRPS_normalized,2024-11-17,T0_TEST_1117,0.2266792605032829
T0,73260,F0,RAW,S0,sum_CRPS_normalized,2024-11-18,T0_TEST_1118,0.01606805563087248
T0,73260,F0,RAW,S0,sum_CRPS_Wh,2024-11-18,T0_TEST_1118,166260.91647355538
T0,73260,F0,RAW,S0,energy,2024-11-18,T0_TEST_1118,0.9392759953898098
T0,73260,F0,RAW,S0,variogram,2024-11-18,T0_TEST_1118,20271.206382394135
T0,73260,F0,RAW,S0,variogram_normalized,2024-11-18,T0_TEST_1118,0.0470179828812403
T0,73260,F0,RAW,S0,Brier,2024-11-18,T0_TEST_1118,0.0
T0,73260,F0,RAW,S0,marginal_CRPS_normalized,2024-11-18,T0_TEST_1118,0.134438793876637
T0,73260,F1,RAW,S0,sum_CRPS_normalized,2024-11-18,T0_TEST_1118,0.02682260818312421
T0,73260,F1,RAW,S0,sum_CRPS_Wh,2024-11-18,T0_TEST_1118,277541.4475270377
T0,73260,F1,RAW,S0,energy,2024-11-18,T0_TEST_1118,0.9376371949852327
T0,73260,F1,RAW,S0,variogram,2024-11-18,T0_TEST_1118,20168.151607063537
T0,73260,F1,RAW,S0,variogram_normalized,2024-11-18,T0_TEST_1118,0.04677895282200651
T0,73260,F1,RAW,S0,Brier,2024-11-18,T0_TEST_1118,0.0
T0,73260,F1,RAW,S0,marginal_CRPS_normalized,2024-11-18,T0_TEST_1118,0.134438793876637
T0,73260,F2,RAW,S0,sum_CRPS_normalized,2024-11-18,T0_TEST_1118,0.022674840579900175
T0,73260,F2,RAW,S0,sum_CRPS_Wh,2024-11-18,T0_TEST_1118,234623.27130997507
T0,73260,F2,RAW,S0,energy,2024-11-18,T0_TEST_1118,0.9343135856711635
T0,73260,F2,RAW,S0,variogram,2024-11-18,T0_TEST_1118,20384.536866198738
T0,73260,F2,RAW,S0,variogram_normalized,2024-11-18,T0_TEST_1118,0.047280846898651495
T0,73260,F2,RAW,S0,Brier,2024-11-18,T0_TEST_1118,0.0
T0,73260,F2,RAW,S0,marginal_CRPS_normalized,2024-11-18,T0_TEST_1118,0.13443879387663704
T0,73260,F3,RAW,S0,sum_CRPS_normalized,2024-11-18,T0_TEST_1118,0.03095042295353341
T0,73260,F3,RAW,S0,sum_CRPS_Wh,2024-11-18,T0_TEST_1118,320253.16589093825
T0,73260,F3,RAW,S0,energy,2024-11-18,T0_TEST_1118,0.9380643542521823
T0,73260,F3,RAW,S0,variogram,2024-11-18,T0_TEST_1118,20733.035013280223
T0,73260,F3,RAW,S0,variogram_normalized,2024-11-18,T0_TEST_1118,0.048089169778135
T0,73260,F3,RAW,S0,Brier,2024-11-18,T0_TEST_1118,0.0
T0,73260,F3,RAW,S0,marginal_CRPS_normalized,2024-11-18,T0_TEST_1118,0.13443879387663699
T0,73260,F0,RAW,S0,sum_CRPS_normalized,2024-11-19,T0_TEST_1119,0.06224444569792963
T0,73260,F0,RAW,S0,sum_CRPS_Wh,2024-11-19,T0_TEST_1119,644061.6602821844
T0,73260,F0,RAW,S0,energy,2024-11-19,T0_TEST_1119,0.6168806624467013
T0,73260,F0,RAW,S0,variogram,2024-11-19,T0_TEST_1119,10243.46043552776
T0,73260,F0,RAW,S0,variogram_normalized,2024-11-19,T0_TEST_1119,0.02375916057075948
T0,73260,F0,RAW,S0,Brier,2024-11-19,T0_TEST_1119,0.0
T0,73260,F0,RAW,S0,marginal_CRPS_normalized,2024-11-19,T0_TEST_1119,0.07411354671196406
T0,73260,F1,RAW,S0,sum_CRPS_normalized,2024-11-19,T0_TEST_1119,0.049718032367007385
T0,73260,F1,RAW,S0,sum_CRPS_Wh,2024-11-19,T0_TEST_1119,514447.16252527013
T0,73260,F1,RAW,S0,energy,2024-11-19,T0_TEST_1119,0.6124368604619227
T0,73260,F1,RAW,S0,variogram,2024-11-19,T0_TEST_1119,10054.965014144223
T0,73260,F1,RAW,S0,variogram_normalized,2024-11-19,T0_TEST_1119,0.02332195548643353
T0,73260,F1,RAW,S0,Brier,2024-11-19,T0_TEST_1119,0.0
T0,73260,F1,RAW,S0,marginal_CRPS_normalized,2024-11-19,T0_TEST_1119,0.07411354671196407
T0,73260,F2,RAW,S0,sum_CRPS_normalized,2024-11-19,T0_TEST_1119,0.0523932581773633
T0,73260,F2,RAW,S0,sum_CRPS_Wh,2024-11-19,T0_TEST_1119,542128.5139732258
T0,73260,F2,RAW,S0,energy,2024-11-19,T0_TEST_1119,0.6168335983810858
T0,73260,F2,RAW,S0,variogram,2024-11-19,T0_TEST_1119,10043.967391527887
T0,73260,F2,RAW,S0,variogram_normalized,2024-11-19,T0_TEST_1119,0.023296447086876296
T0,73260,F2,RAW,S0,Brier,2024-11-19,T0_TEST_1119,0.0
T0,73260,F2,RAW,S0,marginal_CRPS_normalized,2024-11-19,T0_TEST_1119,0.07411354671196407
T0,73260,F3,RAW,S0,sum_CRPS_normalized,2024-11-19,T0_TEST_1119,0.04878458851216794
T0,73260,F3,RAW,S0,sum_CRPS_Wh,2024-11-19,T0_TEST_1119,504788.5433153622
T0,73260,F3,RAW,S0,energy,2024-11-19,T0_TEST_1119,0.6255774838785558
T0,73260,F3,RAW,S0,variogram,2024-11-19,T0_TEST_1119,9875.298412854732
T0,73260,F3,RAW,S0,variogram_normalized,2024-11-19,T0_TEST_1119,0.022905228379797353
T0,73260,F3,RAW,S0,Brier,2024-11-19,T0_TEST_1119,0.0
T0,73260,F3,RAW,S0,marginal_CRPS_normalized,2024-11-19,T0_TEST_1119,0.07411354671196407
T0,73260,F0,RAW,S0,sum_CRPS_normalized,2024-11-20,T0_TEST_1120,0.08910865203352498
T0,73260,F0,RAW,S0,sum_CRPS_Wh,2024-11-20,T0_TEST_1120,922033.5361766824
T0,73260,F0,RAW,S0,energy,2024-11-20,T0_TEST_1120,0.5077798237965256
T0,73260,F0,RAW,S0,variogram,2024-11-20,T0_TEST_1120,6431.360041632891
T0,73260,F0,RAW,S0,variogram_normalized,2024-11-20,T0_TEST_1120,0.014917196867139508
T0,73260,F0,RAW,S0,Brier,2024-11-20,T0_TEST_1120,0.0
T0,73260,F0,RAW,S0,marginal_CRPS_normalized,2024-11-20,T0_TEST_1120,0.08796500317536388
T0,73260,F1,RAW,S0,sum_CRPS_normalized,2024-11-20,T0_TEST_1120,0.07159387322126276
T0,73260,F1,RAW,S0,sum_CRPS_Wh,2024-11-20,T0_TEST_1120,740802.9477311652
T0,73260,F1,RAW,S0,energy,2024-11-20,T0_TEST_1120,0.49883449151813564
T0,73260,F1,RAW,S0,variogram,2024-11-20,T0_TEST_1120,6194.6366888906105
T0,73260,F1,RAW,S0,variogram_normalized,2024-11-20,T0_TEST_1120,0.014368129666260278
T0,73260,F1,RAW,S0,Brier,2024-11-20,T0_TEST_1120,0.0
T0,73260,F1,RAW,S0,marginal_CRPS_normalized,2024-11-20,T0_TEST_1120,0.08796500317536388
T0,73260,F2,RAW,S0,sum_CRPS_normalized,2024-11-20,T0_TEST_1120,0.07624850041791607
T0,73260,F2,RAW,S0,sum_CRPS_Wh,2024-11-20,T0_TEST_1120,788965.7498359457
T0,73260,F2,RAW,S0,energy,2024-11-20,T0_TEST_1120,0.5015006284928726
T0,73260,F2,RAW,S0,variogram,2024-11-20,T0_TEST_1120,6217.744094586177
T0,73260,F2,RAW,S0,variogram_normalized,2024-11-20,T0_TEST_1120,0.014421726062297547
T0,73260,F2,RAW,S0,Brier,2024-11-20,T0_TEST_1120,0.0
T0,73260,F2,RAW,S0,marginal_CRPS_normalized,2024-11-20,T0_TEST_1120,0.08796500317536388
T0,73260,F3,RAW,S0,sum_CRPS_normalized,2024-11-20,T0_TEST_1120,0.07084409925225102
T0,73260,F3,RAW,S0,sum_CRPS_Wh,2024-11-20,T0_TEST_1120,733044.8150672233
T0,73260,F3,RAW,S0,energy,2024-11-20,T0_TEST_1120,0.5021374166247576
T0,73260,F3,RAW,S0,variogram,2024-11-20,T0_TEST_1120,6226.664820615858
T0,73260,F3,RAW,S0,variogram_normalized,2024-11-20,T0_TEST_1120,0.014442417210907037
T0,73260,F3,RAW,S0,Brier,2024-11-20,T0_TEST_1120,0.0
T0,73260,F3,RAW,S0,marginal_CRPS_normalized,2024-11-20,T0_TEST_1120,0.08796500317536388
T0,73260,F0,RAW,S0,sum_CRPS_normalized,2024-11-21,T0_TEST_1121,0.009006688662556528
T0,73260,F0,RAW,S0,sum_CRPS_Wh,2024-11-21,T0_TEST_1121,93194.86724650569
T0,73260,F0,RAW,S0,energy,2024-11-21,T0_TEST_1121,0.38986566413559326
T0,73260,F0,RAW,S0,variogram,2024-11-21,T0_TEST_1121,7790.238560872865
T0,73260,F0,RAW,S0,variogram_normalized,2024-11-21,T0_TEST_1121,0.01806904317317886
T0,73260,F0,RAW,S0,Brier,2024-11-21,T0_TEST_1121,0.0
T0,73260,F0,RAW,S0,marginal_CRPS_normalized,2024-11-21,T0_TEST_1121,0.05522066940954089
T0,73260,F1,RAW,S0,sum_CRPS_normalized,2024-11-21,T0_TEST_1121,0.017209881503313644
T0,73260,F1,RAW,S0,sum_CRPS_Wh,2024-11-21,T0_TEST_1121,178075.7259543324
T0,73260,F1,RAW,S0,energy,2024-11-21,T0_TEST_1121,0.39229958775580703
T0,73260,F1,RAW,S0,variogram,2024-11-21,T0_TEST_1121,7765.518842831195
T0,73260,F1,RAW,S0,variogram_normalized,2024-11-21,T0_TEST_1121,0.018011707104580506
T0,73260,F1,RAW,S0,Brier,2024-11-21,T0_TEST_1121,0.0
T0,73260,F1,RAW,S0,marginal_CRPS_normalized,2024-11-21,T0_TEST_1121,0.05522066940954091
T0,73260,F2,RAW,S0,sum_CRPS_normalized,2024-11-21,T0_TEST_1121,0.012711414497485767
T0,73260,F2,RAW,S0,sum_CRPS_Wh,2024-11-21,T0_TEST_1121,131528.759457778
T0,73260,F2,RAW,S0,energy,2024-11-21,T0_TEST_1121,0.3903112154832903
T0,73260,F2,RAW,S0,variogram,2024-11-21,T0_TEST_1121,7833.972654383061
T0,73260,F2,RAW,S0,variogram_normalized,2024-11-21,T0_TEST_1121,0.018170482072334605
T0,73260,F2,RAW,S0,Brier,2024-11-21,T0_TEST_1121,0.0
T0,73260,F2,RAW,S0,marginal_CRPS_normalized,2024-11-21,T0_TEST_1121,0.05522066940954089
T0,73260,F3,RAW,S0,sum_CRPS_normalized,2024-11-21,T0_TEST_1121,0.02137751778881745
T0,73260,F3,RAW,S0,sum_CRPS_Wh,2024-11-21,T0_TEST_1121,221199.48929412127
T0,73260,F3,RAW,S0,energy,2024-11-21,T0_TEST_1121,0.4049361409573625
T0,73260,F3,RAW,S0,variogram,2024-11-21,T0_TEST_1121,7905.7428419360085
T0,73260,F3,RAW,S0,variogram_normalized,2024-11-21,T0_TEST_1121,0.01833694919748206
T0,73260,F3,RAW,S0,Brier,2024-11-21,T0_TEST_1121,0.0
T0,73260,F3,RAW,S0,marginal_CRPS_normalized,2024-11-21,T0_TEST_1121,0.05522066940954091
T0,73260,F0,RAW,S0,sum_CRPS_normalized,2024-11-22,T0_TEST_1122,0.006404018035556628
T0,73260,F0,RAW,S0,sum_CRPS_Wh,2024-11-22,T0_TEST_1122,66264.2657061182
T0,73260,F0,RAW,S0,energy,2024-11-22,T0_TEST_1122,0.34621864374175004
T0,73260,F0,RAW,S0,variogram,2024-11-22,T0_TEST_1122,5871.232118621008
T0,73260,F0,RAW,S0,variogram_normalized,2024-11-22,T0_TEST_1122,0.013618010000868408
T0,73260,F0,RAW,S0,Brier,2024-11-22,T0_TEST_1122,0.0
T0,73260,F0,RAW,S0,marginal_CRPS_normalized,2024-11-22,T0_TEST_1122,0.050072260090777435
T0,73260,F1,RAW,S0,sum_CRPS_normalized,2024-11-22,T0_TEST_1122,0.01208899842888589
T0,73260,F1,RAW,S0,sum_CRPS_Wh,2024-11-22,T0_TEST_1122,125088.43659790105
T0,73260,F1,RAW,S0,energy,2024-11-22,T0_TEST_1122,0.35537422091652277
T0,73260,F1,RAW,S0,variogram,2024-11-22,T0_TEST_1122,5870.239275246846
T0,73260,F1,RAW,S0,variogram_normalized,2024-11-22,T0_TEST_1122,0.013615707153574096
T0,73260,F1,RAW,S0,Brier,2024-11-22,T0_TEST_1122,0.0
T0,73260,F1,RAW,S0,marginal_CRPS_normalized,2024-11-22,T0_TEST_1122,0.05007226009077745
T0,73260,F2,RAW,S0,sum_CRPS_normalized,2024-11-22,T0_TEST_1122,0.010013021336789388
T0,73260,F2,RAW,S0,sum_CRPS_Wh,2024-11-22,T0_TEST_1122,103607.68859458278
T0,73260,F2,RAW,S0,energy,2024-11-22,T0_TEST_1122,0.3480746191824067
T0,73260,F2,RAW,S0,variogram,2024-11-22,T0_TEST_1122,5793.047754435483
T0,73260,F2,RAW,S0,variogram_normalized,2024-11-22,T0_TEST_1122,0.013436665534855351
T0,73260,F2,RAW,S0,Brier,2024-11-22,T0_TEST_1122,0.0
T0,73260,F2,RAW,S0,marginal_CRPS_normalized,2024-11-22,T0_TEST_1122,0.05007226009077747
T0,73260,F3,RAW,S0,sum_CRPS_normalized,2024-11-22,T0_TEST_1122,0.01796424624909087
T0,73260,F3,RAW,S0,sum_CRPS_Wh,2024-11-22,T0_TEST_1122,185881.36074111285
T0,73260,F3,RAW,S0,energy,2024-11-22,T0_TEST_1122,0.3611403699036213
T0,73260,F3,RAW,S0,variogram,2024-11-22,T0_TEST_1122,5980.887583646113
T0,73260,F3,RAW,S0,variogram_normalized,2024-11-22,T0_TEST_1122,0.013872350008075018
T0,73260,F3,RAW,S0,Brier,2024-11-22,T0_TEST_1122,0.0
T0,73260,F3,RAW,S0,marginal_CRPS_normalized,2024-11-22,T0_TEST_1122,0.05007226009077745
T0,73260,F0,RAW,S0,sum_CRPS_normalized,2024-11-23,T0_TEST_1123,0.010049645782258526
T0,73260,F0,RAW,S0,sum_CRPS_Wh,2024-11-23,T0_TEST_1123,103986.65254696883
T0,73260,F0,RAW,S0,energy,2024-11-23,T0_TEST_1123,0.3949884509310292
T0,73260,F0,RAW,S0,variogram,2024-11-23,T0_TEST_1123,7535.624198464514
T0,73260,F0,RAW,S0,variogram_normalized,2024-11-23,T0_TEST_1123,0.017478478728852984
T0,73260,F0,RAW,S0,Brier,2024-11-23,T0_TEST_1123,0.0
T0,73260,F0,RAW,S0,marginal_CRPS_normalized,2024-11-23,T0_TEST_1123,0.06690930901652486
T0,73260,F1,RAW,S0,sum_CRPS_normalized,2024-11-23,T0_TEST_1123,0.01887037817164966
T0,73260,F1,RAW,S0,sum_CRPS_Wh,2024-11-23,T0_TEST_1123,195257.3753225603
T0,73260,F1,RAW,S0,energy,2024-11-23,T0_TEST_1123,0.39404151207853355
T0,73260,F1,RAW,S0,variogram,2024-11-23,T0_TEST_1123,7120.424481060106
T0,73260,F1,RAW,S0,variogram_normalized,2024-11-23,T0_TEST_1123,0.016515445111762915
T0,73260,F1,RAW,S0,Brier,2024-11-23,T0_TEST_1123,0.0
T0,73260,F1,RAW,S0,marginal_CRPS_normalized,2024-11-23,T0_TEST_1123,0.06690930901652486
T0,73260,F2,RAW,S0,sum_CRPS_normalized,2024-11-23,T0_TEST_1123,0.0164444933793006
T0,73260,F2,RAW,S0,sum_CRPS_Wh,2024-11-23,T0_TEST_1123,170156.02901776694
T0,73260,F2,RAW,S0,energy,2024-11-23,T0_TEST_1123,0.393095239865073
T0,73260,F2,RAW,S0,variogram,2024-11-23,T0_TEST_1123,7305.702757344607
T0,73260,F2,RAW,S0,variogram_normalized,2024-11-23,T0_TEST_1123,0.016945188199484443
T0,73260,F2,RAW,S0,Brier,2024-11-23,T0_TEST_1123,0.0
T0,73260,F2,RAW,S0,marginal_CRPS_normalized,2024-11-23,T0_TEST_1123,0.06690930901652484
T0,73260,F3,RAW,S0,sum_CRPS_normalized,2024-11-23,T0_TEST_1123,0.02401923959311394
T0,73260,F3,RAW,S0,sum_CRPS_Wh,2024-11-23,T0_TEST_1123,248534.16489772196
T0,73260,F3,RAW,S0,energy,2024-11-23,T0_TEST_1123,0.3967772321698405
T0,73260,F3,RAW,S0,variogram,2024-11-23,T0_TEST_1123,7031.9792744496235
T0,73260,F3,RAW,S0,variogram_normalized,2024-11-23,T0_TEST_1123,0.016310301168580968
T0,73260,F3,RAW,S0,Brier,2024-11-23,T0_TEST_1123,0.0
T0,73260,F3,RAW,S0,marginal_CRPS_normalized,2024-11-23,T0_TEST_1123,0.06690930901652486
T0,73260,F0,RAW,S0,sum_CRPS_normalized,2024-11-24,T0_TEST_1124,0.010426400504363515
T0,73260,F0,RAW,S0,sum_CRPS_Wh,2024-11-24,T0_TEST_1124,107885.0449114166
T0,73260,F0,RAW,S0,energy,2024-11-24,T0_TEST_1124,0.3621257521095317
T0,73260,F0,RAW,S0,variogram,2024-11-24,T0_TEST_1124,5443.75631399408
T0,73260,F0,RAW,S0,variogram_normalized,2024-11-24,T0_TEST_1124,0.012626502653700867
T0,73260,F0,RAW,S0,Brier,2024-11-24,T0_TEST_1124,0.0
T0,73260,F0,RAW,S0,marginal_CRPS_normalized,2024-11-24,T0_TEST_1124,0.04932965651196312
T0,73260,F1,RAW,S0,sum_CRPS_normalized,2024-11-24,T0_TEST_1124,0.021215681463104624
T0,73260,F1,RAW,S0,sum_CRPS_Wh,2024-11-24,T0_TEST_1124,219524.92104206537
T0,73260,F1,RAW,S0,energy,2024-11-24,T0_TEST_1124,0.3646450653589377
T0,73260,F1,RAW,S0,variogram,2024-11-24,T0_TEST_1124,5268.823479887313
T0,73260,F1,RAW,S0,variogram_normalized,2024-11-24,T0_TEST_1124,0.012220755267766186
T0,73260,F1,RAW,S0,Brier,2024-11-24,T0_TEST_1124,0.0
T0,73260,F1,RAW,S0,marginal_CRPS_normalized,2024-11-24,T0_TEST_1124,0.049329656511963096
T0,73260,F2,RAW,S0,sum_CRPS_normalized,2024-11-24,T0_TEST_1124,0.01500415760673149
T0,73260,F2,RAW,S0,sum_CRPS_Wh,2024-11-24,T0_TEST_1124,155252.44945105969
T0,73260,F2,RAW,S0,energy,2024-11-24,T0_TEST_1124,0.3668694616353213
T0,73260,F2,RAW,S0,variogram,2024-11-24,T0_TEST_1124,5253.320998185472
T0,73260,F2,RAW,S0,variogram_normalized,2024-11-24,T0_TEST_1124,0.012184798087639651
T0,73260,F2,RAW,S0,Brier,2024-11-24,T0_TEST_1124,0.0
T0,73260,F2,RAW,S0,marginal_CRPS_normalized,2024-11-24,T0_TEST_1124,0.04932965651196312
T0,73260,F3,RAW,S0,sum_CRPS_normalized,2024-11-24,T0_TEST_1124,0.025088723345688527
T0,73260,F3,RAW,S0,sum_CRPS_Wh,2024-11-24,T0_TEST_1124,259600.4291017732
T0,73260,F3,RAW,S0,energy,2024-11-24,T0_TEST_1124,0.3803261843031752
T0,73260,F3,RAW,S0,variogram,2024-11-24,T0_TEST_1124,5196.83300765375
T0,73260,F3,RAW,S0,variogram_normalized,2024-11-24,T0_TEST_1124,0.012053777204041776
T0,73260,F3,RAW,S0,Brier,2024-11-24,T0_TEST_1124,0.0
T0,73260,F3,RAW,S0,marginal_CRPS_normalized,2024-11-24,T0_TEST_1124,0.04932965651196309
T0,73260,F0,RAW,S0,sum_CRPS_normalized,2024-11-25,T0_TEST_1125,0.020307823576741768
T0,73260,F0,RAW,S0,sum_CRPS_Wh,2024-11-25,T0_TEST_1125,210131.04740346398
T0,73260,F0,RAW,S0,energy,2024-11-25,T0_TEST_1125,0.3283450305205089
T0,73260,F0,RAW,S0,variogram,2024-11-25,T0_TEST_1125,6268.293186109383
T0,73260,F0,RAW,S0,variogram_normalized,2024-11-25,T0_TEST_1125,0.014538971986149646
T0,73260,F0,RAW,S0,Brier,2024-11-25,T0_TEST_1125,0.0
T0,73260,F0,RAW,S0,marginal_CRPS_normalized,2024-11-25,T0_TEST_1125,0.051036908427452995
T0,73260,F1,RAW,S0,sum_CRPS_normalized,2024-11-25,T0_TEST_1125,0.024984252691987768
T0,73260,F1,RAW,S0,sum_CRPS_Wh,2024-11-25,T0_TEST_1125,258519.44039798086
T0,73260,F1,RAW,S0,energy,2024-11-25,T0_TEST_1125,0.32878172731840183
T0,73260,F1,RAW,S0,variogram,2024-11-25,T0_TEST_1125,5297.502465190141
T0,73260,F1,RAW,S0,variogram_normalized,2024-11-25,T0_TEST_1125,0.012287274645773744
T0,73260,F1,RAW,S0,Brier,2024-11-25,T0_TEST_1125,0.0
T0,73260,F1,RAW,S0,marginal_CRPS_normalized,2024-11-25,T0_TEST_1125,0.05103690842745298
T0,73260,F2,RAW,S0,sum_CRPS_normalized,2024-11-25,T0_TEST_1125,0.021134108008173034
T0,73260,F2,RAW,S0,sum_CRPS_Wh,2024-11-25,T0_TEST_1125,218680.85641542927
T0,73260,F2,RAW,S0,energy,2024-11-25,T0_TEST_1125,0.32607713176494957
T0,73260,F2,RAW,S0,variogram,2024-11-25,T0_TEST_1125,5678.0573685716745
T0,73260,F2,RAW,S0,variogram_normalized,2024-11-25,T0_TEST_1125,0.013169951463079758
T0,73260,F2,RAW,S0,Brier,2024-11-25,T0_TEST_1125,0.0
T0,73260,F2,RAW,S0,marginal_CRPS_normalized,2024-11-25,T0_TEST_1125,0.051036908427452995
T0,73260,F3,RAW,S0,sum_CRPS_normalized,2024-11-25,T0_TEST_1125,0.02407919260697
T0,73260,F3,RAW,S0,sum_CRPS_Wh,2024-11-25,T0_TEST_1125,249154.5164360816
T0,73260,F3,RAW,S0,energy,2024-11-25,T0_TEST_1125,0.34436670659844537
T0,73260,F3,RAW,S0,variogram,2024-11-25,T0_TEST_1125,5760.933915732723
T0,73260,F3,RAW,S0,variogram_normalized,2024-11-25,T0_TEST_1125,0.013362179197441874
T0,73260,F3,RAW,S0,Brier,2024-11-25,T0_TEST_1125,0.0
T0,73260,F3,RAW,S0,marginal_CRPS_normalized,2024-11-25,T0_TEST_1125,0.05103690842745298
T0,73260,F0,RAW,S0,sum_CRPS_normalized,2024-11-26,T0_TEST_1126,0.007567111095393473
T0,73260,F0,RAW,S0,sum_CRPS_Wh,2024-11-26,T0_TEST_1126,78299.13305503124
T0,73260,F0,RAW,S0,energy,2024-11-26,T0_TEST_1126,0.4403414721137351
T0,73260,F0,RAW,S0,variogram,2024-11-26,T0_TEST_1126,7723.743624914467
T0,73260,F0,RAW,S0,variogram_normalized,2024-11-26,T0_TEST_1126,0.01791481171296855
T0,73260,F0,RAW,S0,Brier,2024-11-26,T0_TEST_1126,0.0
T0,73260,F0,RAW,S0,marginal_CRPS_normalized,2024-11-26,T0_TEST_1126,0.05644357567271458
T0,73260,F1,RAW,S0,sum_CRPS_normalized,2024-11-26,T0_TEST_1126,0.016806067703806937
T0,73260,F1,RAW,S0,sum_CRPS_Wh,2024-11-26,T0_TEST_1126,173897.345325524
T0,73260,F1,RAW,S0,energy,2024-11-26,T0_TEST_1126,0.4448845354270443
T0,73260,F1,RAW,S0,variogram,2024-11-26,T0_TEST_1126,7749.819053081421
T0,73260,F1,RAW,S0,variogram_normalized,2024-11-26,T0_TEST_1126,0.017975292278952018
T0,73260,F1,RAW,S0,Brier,2024-11-26,T0_TEST_1126,0.0
T0,73260,F1,RAW,S0,marginal_CRPS_normalized,2024-11-26,T0_TEST_1126,0.05644357567271458
T0,73260,F2,RAW,S0,sum_CRPS_normalized,2024-11-26,T0_TEST_1126,0.012027174392287178
T0,73260,F2,RAW,S0,sum_CRPS_Wh,2024-11-26,T0_TEST_1126,124448.72503471433
T0,73260,F2,RAW,S0,energy,2024-11-26,T0_TEST_1126,0.443847510020979
T0,73260,F2,RAW,S0,variogram,2024-11-26,T0_TEST_1126,7703.042765795486
T0,73260,F2,RAW,S0,variogram_normalized,2024-11-26,T0_TEST_1126,0.01786679717346248
T0,73260,F2,RAW,S0,Brier,2024-11-26,T0_TEST_1126,0.0
T0,73260,F2,RAW,S0,marginal_CRPS_normalized,2024-11-26,T0_TEST_1126,0.056443575672714574
T0,73260,F3,RAW,S0,sum_CRPS_normalized,2024-11-26,T0_TEST_1126,0.022433217780025223
T0,73260,F3,RAW,S0,sum_CRPS_Wh,2024-11-26,T0_TEST_1126,232123.12884899613
T0,73260,F3,RAW,S0,energy,2024-11-26,T0_TEST_1126,0.4594629924789756
T0,73260,F3,RAW,S0,variogram,2024-11-26,T0_TEST_1126,7830.272370742918
T0,73260,F3,RAW,S0,variogram_normalized,2024-11-26,T0_TEST_1126,0.01816189946163221
T0,73260,F3,RAW,S0,Brier,2024-11-26,T0_TEST_1126,0.0
T0,73260,F3,RAW,S0,marginal_CRPS_normalized,2024-11-26,T0_TEST_1126,0.056443575672714595
T0,73260,F0,RAW,S0,sum_CRPS_normalized,2024-11-27,T0_TEST_1127,0.017247081432756967
T0,73260,F0,RAW,S0,sum_CRPS_Wh,2024-11-27,T0_TEST_1127,178460.6446093385
T0,73260,F0,RAW,S0,energy,2024-11-27,T0_TEST_1127,0.27479483405016125
T0,73260,F0,RAW,S0,variogram,2024-11-27,T0_TEST_1127,5325.134799715218
T0,73260,F0,RAW,S0,variogram_normalized,2024-11-27,T0_TEST_1127,0.012351366373081952
T0,73260,F0,RAW,S0,Brier,2024-11-27,T0_TEST_1127,0.0
T0,73260,F0,RAW,S0,marginal_CRPS_normalized,2024-11-27,T0_TEST_1127,0.04459024842819969
T0,73260,F1,RAW,S0,sum_CRPS_normalized,2024-11-27,T0_TEST_1127,0.021588709171247222
T0,73260,F1,RAW,S0,sum_CRPS_Wh,2024-11-27,T0_TEST_1127,223384.74889246537
T0,73260,F1,RAW,S0,energy,2024-11-27,T0_TEST_1127,0.27401208902500584
T0,73260,F1,RAW,S0,variogram,2024-11-27,T0_TEST_1127,4521.754810062238
T0,73260,F1,RAW,S0,variogram_normalized,2024-11-27,T0_TEST_1127,0.010487969301981065
T0,73260,F1,RAW,S0,Brier,2024-11-27,T0_TEST_1127,0.0
T0,73260,F1,RAW,S0,marginal_CRPS_normalized,2024-11-27,T0_TEST_1127,0.0445902484281997
T0,73260,F2,RAW,S0,sum_CRPS_normalized,2024-11-27,T0_TEST_1127,0.01908228778392825
T0,73260,F2,RAW,S0,sum_CRPS_Wh,2024-11-27,T0_TEST_1127,197450.06665724178
T0,73260,F2,RAW,S0,energy,2024-11-27,T0_TEST_1127,0.27307520195949475
T0,73260,F2,RAW,S0,variogram,2024-11-27,T0_TEST_1127,4830.087907176266
T0,73260,F2,RAW,S0,variogram_normalized,2024-11-27,T0_TEST_1127,0.011203131488599529
T0,73260,F2,RAW,S0,Brier,2024-11-27,T0_TEST_1127,0.0
T0,73260,F2,RAW,S0,marginal_CRPS_normalized,2024-11-27,T0_TEST_1127,0.0445902484281997
T0,73260,F3,RAW,S0,sum_CRPS_normalized,2024-11-27,T0_TEST_1127,0.02281778012329235
T0,73260,F3,RAW,S0,sum_CRPS_Wh,2024-11-27,T0_TEST_1127,236102.30897518166
T0,73260,F3,RAW,S0,energy,2024-11-27,T0_TEST_1127,0.27841295437985736
T0,73260,F3,RAW,S0,variogram,2024-11-27,T0_TEST_1127,4420.555964056857
T0,73260,F3,RAW,S0,variogram_normalized,2024-11-27,T0_TEST_1127,0.010253243971908218
T0,73260,F3,RAW,S0,Brier,2024-11-27,T0_TEST_1127,0.0
T0,73260,F3,RAW,S0,marginal_CRPS_normalized,2024-11-27,T0_TEST_1127,0.04459024842819969
T0,73260,F0,RAW,S0,sum_CRPS_normalized,2024-11-28,T0_TEST_1128,0.11236422677334086
T0,73260,F0,RAW,S0,sum_CRPS_Wh,2024-11-28,T0_TEST_1128,1162665.8353288048
T0,73260,F0,RAW,S0,energy,2024-11-28,T0_TEST_1128,0.9484376237937155
T0,73260,F0,RAW,S0,variogram,2024-11-28,T0_TEST_1128,14762.299911232705
T0,73260,F0,RAW,S0,variogram_normalized,2024-11-28,T0_TEST_1128,0.03424036791006706
T0,73260,F0,RAW,S0,Brier,2024-11-28,T0_TEST_1128,0.0
T0,73260,F0,RAW,S0,marginal_CRPS_normalized,2024-11-28,T0_TEST_1128,0.1213017647176229
T0,73260,F1,RAW,S0,sum_CRPS_normalized,2024-11-28,T0_TEST_1128,0.09149874614942724
T0,73260,F1,RAW,S0,sum_CRPS_Wh,2024-11-28,T0_TEST_1128,946764.545783374
T0,73260,F1,RAW,S0,energy,2024-11-28,T0_TEST_1128,0.9141765790373745
T0,73260,F1,RAW,S0,variogram,2024-11-28,T0_TEST_1128,14835.5952323726
T0,73260,F1,RAW,S0,variogram_normalized,2024-11-28,T0_TEST_1128,0.03441037250128979
T0,73260,F1,RAW,S0,Brier,2024-11-28,T0_TEST_1128,0.0
T0,73260,F1,RAW,S0,marginal_CRPS_normalized,2024-11-28,T0_TEST_1128,0.1213017647176229
T0,73260,F2,RAW,S0,sum_CRPS_normalized,2024-11-28,T0_TEST_1128,0.10006834449460619
T0,73260,F2,RAW,S0,sum_CRPS_Wh,2024-11-28,T0_TEST_1128,1035436.7104441801
T0,73260,F2,RAW,S0,energy,2024-11-28,T0_TEST_1128,0.9317598938831095
T0,73260,F2,RAW,S0,variogram,2024-11-28,T0_TEST_1128,14800.10927206321
T0,73260,F2,RAW,S0,variogram_normalized,2024-11-28,T0_TEST_1128,0.034328064707521755
T0,73260,F2,RAW,S0,Brier,2024-11-28,T0_TEST_1128,0.0
T0,73260,F2,RAW,S0,marginal_CRPS_normalized,2024-11-28,T0_TEST_1128,0.12130176471762295
T0,73260,F3,RAW,S0,sum_CRPS_normalized,2024-11-28,T0_TEST_1128,0.09158307610118276
T0,73260,F3,RAW,S0,sum_CRPS_Wh,2024-11-28,T0_TEST_1128,947637.1326966346
T0,73260,F3,RAW,S0,energy,2024-11-28,T0_TEST_1128,0.9235485619162738
T0,73260,F3,RAW,S0,variogram,2024-11-28,T0_TEST_1128,14895.035309823703
T0,73260,F3,RAW,S0,variogram_normalized,2024-11-28,T0_TEST_1128,0.03454824059317024
T0,73260,F3,RAW,S0,Brier,2024-11-28,T0_TEST_1128,0.0
T0,73260,F3,RAW,S0,marginal_CRPS_normalized,2024-11-28,T0_TEST_1128,0.12130176471762288
T0,73260,F0,RAW,S0,sum_CRPS_normalized,2024-11-29,T0_TEST_1129,0.04655817971736327
T0,73260,F0,RAW,S0,sum_CRPS_Wh,2024-11-29,T0_TEST_1129,481751.2340619769
T0,73260,F0,RAW,S0,energy,2024-11-29,T0_TEST_1129,0.9852958624357996
T0,73260,F0,RAW,S0,variogram,2024-11-29,T0_TEST_1129,20675.557684704545
T0,73260,F0,RAW,S0,variogram_normalized,2024-11-29,T0_TEST_1129,0.04795585417766942
T0,73260,F0,RAW,S0,Brier,2024-11-29,T0_TEST_1129,0.0
T0,73260,F0,RAW,S0,marginal_CRPS_normalized,2024-11-29,T0_TEST_1129,0.13029606465714097
T0,73260,F1,RAW,S0,sum_CRPS_normalized,2024-11-29,T0_TEST_1129,0.04495407672818691
T0,73260,F1,RAW,S0,sum_CRPS_Wh,2024-11-29,T0_TEST_1129,465153.1067449413
T0,73260,F1,RAW,S0,energy,2024-11-29,T0_TEST_1129,0.9718517164156252
T0,73260,F1,RAW,S0,variogram,2024-11-29,T0_TEST_1129,20176.68735544062
T0,73260,F1,RAW,S0,variogram_normalized,2024-11-29,T0_TEST_1129,0.046798751035467594
T0,73260,F1,RAW,S0,Brier,2024-11-29,T0_TEST_1129,0.0
T0,73260,F1,RAW,S0,marginal_CRPS_normalized,2024-11-29,T0_TEST_1129,0.13029606465714105
T0,73260,F2,RAW,S0,sum_CRPS_normalized,2024-11-29,T0_TEST_1129,0.04207771929674409
T0,73260,F2,RAW,S0,sum_CRPS_Wh,2024-11-29,T0_TEST_1129,435390.58701988123
T0,73260,F2,RAW,S0,energy,2024-11-29,T0_TEST_1129,0.9723142408687186
T0,73260,F2,RAW,S0,variogram,2024-11-29,T0_TEST_1129,20499.721054786365
T0,73260,F2,RAW,S0,variogram_normalized,2024-11-29,T0_TEST_1129,0.04754801048551657
T0,73260,F2,RAW,S0,Brier,2024-11-29,T0_TEST_1129,0.0
T0,73260,F2,RAW,S0,marginal_CRPS_normalized,2024-11-29,T0_TEST_1129,0.13029606465714103
T0,73260,F3,RAW,S0,sum_CRPS_normalized,2024-11-29,T0_TEST_1129,0.041323384700808374
T0,73260,F3,RAW,S0,sum_CRPS_Wh,2024-11-29,T0_TEST_1129,427585.2642024141
T0,73260,F3,RAW,S0,energy,2024-11-29,T0_TEST_1129,0.9778538917269062
T0,73260,F3,RAW,S0,variogram,2024-11-29,T0_TEST_1129,20424.360503403463
T0,73260,F3,RAW,S0,variogram_normalized,2024-11-29,T0_TEST_1129,0.04737321570280845
T0,73260,F3,RAW,S0,Brier,2024-11-29,T0_TEST_1129,0.0
T0,73260,F3,RAW,S0,marginal_CRPS_normalized,2024-11-29,T0_TEST_1129,0.13029606465714103
T0,73260,F0,RAW,S0,sum_CRPS_normalized,2024-11-30,T0_TEST_1130,0.04917502819345478
T0,73260,F0,RAW,S0,sum_CRPS_Wh,2024-11-30,T0_TEST_1130,508828.53799360245
T0,73260,F0,RAW,S0,energy,2024-11-30,T0_TEST_1130,0.769390819433301
T0,73260,F0,RAW,S0,variogram,2024-11-30,T0_TEST_1130,15414.103476799775
T0,73260,F0,RAW,S0,variogram_normalized,2024-11-30,T0_TEST_1130,0.03575219154353274
T0,73260,F0,RAW,S0,Brier,2024-11-30,T0_TEST_1130,0.0
T0,73260,F0,RAW,S0,marginal_CRPS_normalized,2024-11-30,T0_TEST_1130,0.09185911201522476
T0,73260,F1,RAW,S0,sum_CRPS_normalized,2024-11-30,T0_TEST_1130,0.04119721833711676
T0,73260,F1,RAW,S0,sum_CRPS_Wh,2024-11-30,T0_TEST_1130,426279.78358065174
T0,73260,F1,RAW,S0,energy,2024-11-30,T0_TEST_1130,0.754110158965571
T0,73260,F1,RAW,S0,variogram,2024-11-30,T0_TEST_1130,15321.340878939121
T0,73260,F1,RAW,S0,variogram_normalized,2024-11-30,T0_TEST_1130,0.035537033641434734
T0,73260,F1,RAW,S0,Brier,2024-11-30,T0_TEST_1130,0.0
T0,73260,F1,RAW,S0,marginal_CRPS_normalized,2024-11-30,T0_TEST_1130,0.09185911201522476
T0,73260,F2,RAW,S0,sum_CRPS_normalized,2024-11-30,T0_TEST_1130,0.04136179009304362
T0,73260,F2,RAW,S0,sum_CRPS_Wh,2024-11-30,T0_TEST_1130,427982.6561368987
T0,73260,F2,RAW,S0,energy,2024-11-30,T0_TEST_1130,0.7568345100582281
T0,73260,F2,RAW,S0,variogram,2024-11-30,T0_TEST_1130,15489.488200352725
T0,73260,F2,RAW,S0,variogram_normalized,2024-11-30,T0_TEST_1130,0.03592704239230107
T0,73260,F2,RAW,S0,Brier,2024-11-30,T0_TEST_1130,0.0
T0,73260,F2,RAW,S0,marginal_CRPS_normalized,2024-11-30,T0_TEST_1130,0.09185911201522479
T0,73260,F3,RAW,S0,sum_CRPS_normalized,2024-11-30,T0_TEST_1130,0.0351483736039172
T0,73260,F3,RAW,S0,sum_CRPS_Wh,2024-11-30,T0_TEST_1130,363690.6009159045
T0,73260,F3,RAW,S0,energy,2024-11-30,T0_TEST_1130,0.7503643474594581
T0,73260,F3,RAW,S0,variogram,2024-11-30,T0_TEST_1130,15377.633405318764
T0,73260,F3,RAW,S0,variogram_normalized,2024-11-30,T0_TEST_1130,0.03566760115634882
T0,73260,F3,RAW,S0,Brier,2024-11-30,T0_TEST_1130,0.0
T0,73260,F3,RAW,S0,marginal_CRPS_normalized,2024-11-30,T0_TEST_1130,0.09185911201522476
T0,73260,F0,RAW,S0,sum_CRPS_normalized,2024-12-01,T0_TEST_1201,0.02149323795161171
T0,73260,F0,RAW,S0,sum_CRPS_Wh,2024-12-01,T0_TEST_1201,222396.87999045895
T0,73260,F0,RAW,S0,energy,2024-12-01,T0_TEST_1201,0.3850878312069309
T0,73260,F0,RAW,S0,variogram,2024-12-01,T0_TEST_1201,4214.206247374935
T0,73260,F0,RAW,S0,variogram_normalized,2024-12-01,T0_TEST_1201,0.009774626801154833
T0,73260,F0,RAW,S0,Brier,2024-12-01,T0_TEST_1201,0.0
T0,73260,F0,RAW,S0,marginal_CRPS_normalized,2024-12-01,T0_TEST_1201,0.05328602929598506
T0,73260,F1,RAW,S0,sum_CRPS_normalized,2024-12-01,T0_TEST_1201,0.02282092395119323
T0,73260,F1,RAW,S0,sum_CRPS_Wh,2024-12-01,T0_TEST_1201,236134.8390908374
T0,73260,F1,RAW,S0,energy,2024-12-01,T0_TEST_1201,0.3898363855081559
T0,73260,F1,RAW,S0,variogram,2024-12-01,T0_TEST_1201,4023.3009139585083
T0,73260,F1,RAW,S0,variogram_normalized,2024-12-01,T0_TEST_1201,0.009331832054301149
T0,73260,F1,RAW,S0,Brier,2024-12-01,T0_TEST_1201,0.0
T0,73260,F1,RAW,S0,marginal_CRPS_normalized,2024-12-01,T0_TEST_1201,0.05328602929598507
T0,73260,F2,RAW,S0,sum_CRPS_normalized,2024-12-01,T0_TEST_1201,0.021957040158508787
T0,73260,F2,RAW,S0,sum_CRPS_Wh,2024-12-01,T0_TEST_1201,227195.97838497814
T0,73260,F2,RAW,S0,energy,2024-12-01,T0_TEST_1201,0.38197519019248694
T0,73260,F2,RAW,S0,variogram,2024-12-01,T0_TEST_1201,4052.2748039977378
T0,73260,F2,RAW,S0,variogram_normalized,2024-12-01,T0_TEST_1201,0.009399035448128297
T0,73260,F2,RAW,S0,Brier,2024-12-01,T0_TEST_1201,0.0
T0,73260,F2,RAW,S0,marginal_CRPS_normalized,2024-12-01,T0_TEST_1201,0.053286029295985055
T0,73260,F3,RAW,S0,sum_CRPS_normalized,2024-12-01,T0_TEST_1201,0.02564020503970609
T0,73260,F3,RAW,S0,sum_CRPS_Wh,2024-12-01,T0_TEST_1201,265306.77304108464
T0,73260,F3,RAW,S0,energy,2024-12-01,T0_TEST_1201,0.3945114929783794
T0,73260,F3,RAW,S0,variogram,2024-12-01,T0_TEST_1201,4075.331016095787
T0,73260,F3,RAW,S0,variogram_normalized,2024-12-01,T0_TEST_1201,0.009452513103344409
T0,73260,F3,RAW,S0,Brier,2024-12-01,T0_TEST_1201,0.0
T0,73260,F3,RAW,S0,marginal_CRPS_normalized,2024-12-01,T0_TEST_1201,0.05328602929598506
T0,73260,F0,RAW,S0,sum_CRPS_normalized,2024-12-02,T0_TEST_1202,0.051583112434398934
T0,73260,F0,RAW,S0,sum_CRPS_Wh,2024-12-02,T0_TEST_1202,533745.6967365462
T0,73260,F0,RAW,S0,energy,2024-12-02,T0_TEST_1202,0.5053404820321634
T0,73260,F0,RAW,S0,variogram,2024-12-02,T0_TEST_1202,9198.78597108321
T0,73260,F0,RAW,S0,variogram_normalized,2024-12-02,T0_TEST_1202,0.021336093824796943
T0,73260,F0,RAW,S0,Brier,2024-12-02,T0_TEST_1202,0.0
T0,73260,F0,RAW,S0,marginal_CRPS_normalized,2024-12-02,T0_TEST_1202,0.07266358099384285
T0,73260,F1,RAW,S0,sum_CRPS_normalized,2024-12-02,T0_TEST_1202,0.04083854717200501
T0,73260,F1,RAW,S0,sum_CRPS_Wh,2024-12-02,T0_TEST_1202,422568.507120447
T0,73260,F1,RAW,S0,energy,2024-12-02,T0_TEST_1202,0.5101429732315764
T0,73260,F1,RAW,S0,variogram,2024-12-02,T0_TEST_1202,9263.447559867329
T0,73260,F1,RAW,S0,variogram_normalized,2024-12-02,T0_TEST_1202,0.021486072933941922
T0,73260,F1,RAW,S0,Brier,2024-12-02,T0_TEST_1202,0.0
T0,73260,F1,RAW,S0,marginal_CRPS_normalized,2024-12-02,T0_TEST_1202,0.07266358099384285
T0,73260,F2,RAW,S0,sum_CRPS_normalized,2024-12-02,T0_TEST_1202,0.04430104147344134
T0,73260,F2,RAW,S0,sum_CRPS_Wh,2024-12-02,T0_TEST_1202,458395.9581242377
T0,73260,F2,RAW,S0,energy,2024-12-02,T0_TEST_1202,0.5070125933773068
T0,73260,F2,RAW,S0,variogram,2024-12-02,T0_TEST_1202,9196.043843610038
T0,73260,F2,RAW,S0,variogram_normalized,2024-12-02,T0_TEST_1202,0.02132973360626038
T0,73260,F2,RAW,S0,Brier,2024-12-02,T0_TEST_1202,0.0
T0,73260,F2,RAW,S0,marginal_CRPS_normalized,2024-12-02,T0_TEST_1202,0.07266358099384285
T0,73260,F3,RAW,S0,sum_CRPS_normalized,2024-12-02,T0_TEST_1202,0.03943939764593207
T0,73260,F3,RAW,S0,sum_CRPS_Wh,2024-12-02,T0_TEST_1202,408091.0938084421
T0,73260,F3,RAW,S0,energy,2024-12-02,T0_TEST_1202,0.5143041771594125
T0,73260,F3,RAW,S0,variogram,2024-12-02,T0_TEST_1202,9211.754297321324
T0,73260,F3,RAW,S0,variogram_normalized,2024-12-02,T0_TEST_1202,0.021366173166379274
T0,73260,F3,RAW,S0,Brier,2024-12-02,T0_TEST_1202,0.0
T0,73260,F3,RAW,S0,marginal_CRPS_normalized,2024-12-02,T0_TEST_1202,0.07266358099384285
T0,73260,F0,RAW,S0,sum_CRPS_normalized,2024-12-03,T0_TEST_1203,0.03936531626993405
T0,73260,F0,RAW,S0,sum_CRPS_Wh,2024-12-03,T0_TEST_1203,407324.55193492584
T0,73260,F0,RAW,S0,energy,2024-12-03,T0_TEST_1203,0.6833583537619826
T0,73260,F0,RAW,S0,variogram,2024-12-03,T0_TEST_1203,13092.549623182073
T0,73260,F0,RAW,S0,variogram_normalized,2024-12-03,T0_TEST_1203,0.0303674711037035
T0,73260,F0,RAW,S0,Brier,2024-12-03,T0_TEST_1203,0.0
T0,73260,F0,RAW,S0,marginal_CRPS_normalized,2024-12-03,T0_TEST_1203,0.08590291907538324
T0,73260,F1,RAW,S0,sum_CRPS_normalized,2024-12-03,T0_TEST_1203,0.035218760266893016
T0,73260,F1,RAW,S0,sum_CRPS_Wh,2024-12-03,T0_TEST_1203,364418.9125027396
T0,73260,F1,RAW,S0,energy,2024-12-03,T0_TEST_1203,0.6944982184378732
T0,73260,F1,RAW,S0,variogram,2024-12-03,T0_TEST_1203,13197.200219961016
T0,73260,F1,RAW,S0,variogram_normalized,2024-12-03,T0_TEST_1203,0.030610202585739887
T0,73260,F1,RAW,S0,Brier,2024-12-03,T0_TEST_1203,0.0
T0,73260,F1,RAW,S0,marginal_CRPS_normalized,2024-12-03,T0_TEST_1203,0.08590291907538321
T0,73260,F2,RAW,S0,sum_CRPS_normalized,2024-12-03,T0_TEST_1203,0.035160335199725945
T0,73260,F2,RAW,S0,sum_CRPS_Wh,2024-12-03,T0_TEST_1203,363814.37107997015
T0,73260,F2,RAW,S0,energy,2024-12-03,T0_TEST_1203,0.6825980101172728
T0,73260,F2,RAW,S0,variogram,2024-12-03,T0_TEST_1203,13073.680050566387
T0,73260,F2,RAW,S0,variogram_normalized,2024-12-03,T0_TEST_1203,0.03032370413564623
T0,73260,F2,RAW,S0,Brier,2024-12-03,T0_TEST_1203,0.0
T0,73260,F2,RAW,S0,marginal_CRPS_normalized,2024-12-03,T0_TEST_1203,0.08590291907538324
T0,73260,F3,RAW,S0,sum_CRPS_normalized,2024-12-03,T0_TEST_1203,0.034379488702279054
T0,73260,F3,RAW,S0,sum_CRPS_Wh,2024-12-03,T0_TEST_1203,355734.72178866155
T0,73260,F3,RAW,S0,energy,2024-12-03,T0_TEST_1203,0.7016879172852513
T0,73260,F3,RAW,S0,variogram,2024-12-03,T0_TEST_1203,13327.802736894688
T0,73260,F3,RAW,S0,variogram_normalized,2024-12-03,T0_TEST_1203,0.03091312816350755
T0,73260,F3,RAW,S0,Brier,2024-12-03,T0_TEST_1203,0.0
T0,73260,F3,RAW,S0,marginal_CRPS_normalized,2024-12-03,T0_TEST_1203,0.08590291907538324
T0,73260,F0,RAW,S0,sum_CRPS_normalized,2024-12-04,T0_TEST_1204,0.008932368397963054
T0,73260,F0,RAW,S0,sum_CRPS_Wh,2024-12-04,T0_TEST_1204,92425.85352214897
T0,73260,F0,RAW,S0,energy,2024-12-04,T0_TEST_1204,0.5699226234574147
T0,73260,F0,RAW,S0,variogram,2024-12-04,T0_TEST_1204,11449.297192450262
T0,73260,F0,RAW,S0,variogram_normalized,2024-12-04,T0_TEST_1204,0.026556034665228462
T0,73260,F0,RAW,S0,Brier,2024-12-04,T0_TEST_1204,0.0
T0,73260,F0,RAW,S0,marginal_CRPS_normalized,2024-12-04,T0_TEST_1204,0.08433311738134495
T0,73260,F1,RAW,S0,sum_CRPS_normalized,2024-12-04,T0_TEST_1204,0.015948388465304185
T0,73260,F1,RAW,S0,sum_CRPS_Wh,2024-12-04,T0_TEST_1204,165022.68497397366
T0,73260,F1,RAW,S0,energy,2024-12-04,T0_TEST_1204,0.5830687002078062
T0,73260,F1,RAW,S0,variogram,2024-12-04,T0_TEST_1204,11215.692666293566
T0,73260,F1,RAW,S0,variogram_normalized,2024-12-04,T0_TEST_1204,0.026014201416401435
T0,73260,F1,RAW,S0,Brier,2024-12-04,T0_TEST_1204,0.0
T0,73260,F1,RAW,S0,marginal_CRPS_normalized,2024-12-04,T0_TEST_1204,0.08433311738134498
T0,73260,F2,RAW,S0,sum_CRPS_normalized,2024-12-04,T0_TEST_1204,0.013380046465410519
T0,73260,F2,RAW,S0,sum_CRPS_Wh,2024-12-04,T0_TEST_1204,138447.29187542124
T0,73260,F2,RAW,S0,energy,2024-12-04,T0_TEST_1204,0.5715780257504124
T0,73260,F2,RAW,S0,variogram,2024-12-04,T0_TEST_1204,11280.385762375468
T0,73260,F2,RAW,S0,variogram_normalized,2024-12-04,T0_TEST_1204,0.026164253605044492
T0,73260,F2,RAW,S0,Brier,2024-12-04,T0_TEST_1204,0.0
T0,73260,F2,RAW,S0,marginal_CRPS_normalized,2024-12-04,T0_TEST_1204,0.08433311738134498
T0,73260,F3,RAW,S0,sum_CRPS_normalized,2024-12-04,T0_TEST_1204,0.019771088469500174
T0,73260,F3,RAW,S0,sum_CRPS_Wh,2024-12-04,T0_TEST_1204,204577.29075215757
T0,73260,F3,RAW,S0,energy,2024-12-04,T0_TEST_1204,0.5828887801280527
T0,73260,F3,RAW,S0,variogram,2024-12-04,T0_TEST_1204,11186.262547111703
T0,73260,F3,RAW,S0,variogram_normalized,2024-12-04,T0_TEST_1204,0.025945939823391977
T0,73260,F3,RAW,S0,Brier,2024-12-04,T0_TEST_1204,0.0
T0,73260,F3,RAW,S0,marginal_CRPS_normalized,2024-12-04,T0_TEST_1204,0.08433311738134498
T0,73260,F0,RAW,S0,sum_CRPS_normalized,2024-12-05,T0_TEST_1205,0.021906289316295388
T0,73260,F0,RAW,S0,sum_CRPS_Wh,2024-12-05,T0_TEST_1205,226670.84443398583
T0,73260,F0,RAW,S0,energy,2024-12-05,T0_TEST_1205,0.287653177330506
T0,73260,F0,RAW,S0,variogram,2024-12-05,T0_TEST_1205,3612.4278320999615
T0,73260,F0,RAW,S0,variogram_normalized,2024-12-05,T0_TEST_1205,0.00837883383777833
T0,73260,F0,RAW,S0,Brier,2024-12-05,T0_TEST_1205,0.0
T0,73260,F0,RAW,S0,marginal_CRPS_normalized,2024-12-05,T0_TEST_1205,0.04519396314120141
T0,73260,F1,RAW,S0,sum_CRPS_normalized,2024-12-05,T0_TEST_1205,0.02042369323244767
T0,73260,F1,RAW,S0,sum_CRPS_Wh,2024-12-05,T0_TEST_1205,211329.9849471033
T0,73260,F1,RAW,S0,energy,2024-12-05,T0_TEST_1205,0.2890257491971626
T0,73260,F1,RAW,S0,variogram,2024-12-05,T0_TEST_1205,3580.6248523652066
T0,73260,F1,RAW,S0,variogram_normalized,2024-12-05,T0_TEST_1205,0.008305068521174389
T0,73260,F1,RAW,S0,Brier,2024-12-05,T0_TEST_1205,0.0
T0,73260,F1,RAW,S0,marginal_CRPS_normalized,2024-12-05,T0_TEST_1205,0.045193963141201415
T0,73260,F2,RAW,S0,sum_CRPS_normalized,2024-12-05,T0_TEST_1205,0.020369060047332268
T0,73260,F2,RAW,S0,sum_CRPS_Wh,2024-12-05,T0_TEST_1205,210764.67924765678
T0,73260,F2,RAW,S0,energy,2024-12-05,T0_TEST_1205,0.28783401140299936
T0,73260,F2,RAW,S0,variogram,2024-12-05,T0_TEST_1205,3519.240964175006
T0,73260,F2,RAW,S0,variogram_normalized,2024-12-05,T0_TEST_1205,0.008162691863876997
T0,73260,F2,RAW,S0,Brier,2024-12-05,T0_TEST_1205,0.0
T0,73260,F2,RAW,S0,marginal_CRPS_normalized,2024-12-05,T0_TEST_1205,0.04519396314120142
T0,73260,F3,RAW,S0,sum_CRPS_normalized,2024-12-05,T0_TEST_1205,0.020140133623801057
T0,73260,F3,RAW,S0,sum_CRPS_Wh,2024-12-05,T0_TEST_1205,208395.9099419181
T0,73260,F3,RAW,S0,energy,2024-12-05,T0_TEST_1205,0.29793824793432844
T0,73260,F3,RAW,S0,variogram,2024-12-05,T0_TEST_1205,3628.54559224572
T0,73260,F3,RAW,S0,variogram_normalized,2024-12-05,T0_TEST_1205,0.008416218123465213
T0,73260,F3,RAW,S0,Brier,2024-12-05,T0_TEST_1205,0.0
T0,73260,F3,RAW,S0,marginal_CRPS_normalized,2024-12-05,T0_TEST_1205,0.045193963141201415
T0,73260,F0,RAW,S0,sum_CRPS_normalized,2024-12-06,T0_TEST_1206,0.10454303014864799
T0,73260,F0,RAW,S0,sum_CRPS_Wh,2024-12-06,T0_TEST_1206,1081737.6042712238
T0,73260,F0,RAW,S0,energy,2024-12-06,T0_TEST_1206,0.605672215745207
T0,73260,F0,RAW,S0,variogram,2024-12-06,T0_TEST_1206,7312.534103232848
T0,73260,F0,RAW,S0,variogram_normalized,2024-12-06,T0_TEST_1206,0.01696103314220616
T0,73260,F0,RAW,S0,Brier,2024-12-06,T0_TEST_1206,0.0
T0,73260,F0,RAW,S0,marginal_CRPS_normalized,2024-12-06,T0_TEST_1206,0.08909822775593332
T0,73260,F1,RAW,S0,sum_CRPS_normalized,2024-12-06,T0_TEST_1206,0.08946954761192305
T0,73260,F1,RAW,S0,sum_CRPS_Wh,2024-12-06,T0_TEST_1206,925767.829298025
T0,73260,F1,RAW,S0,energy,2024-12-06,T0_TEST_1206,0.5965798180666826
T0,73260,F1,RAW,S0,variogram,2024-12-06,T0_TEST_1206,7506.467315055182
T0,73260,F1,RAW,S0,variogram_normalized,2024-12-06,T0_TEST_1206,0.01741085089165623
T0,73260,F1,RAW,S0,Brier,2024-12-06,T0_TEST_1206,0.0
T0,73260,F1,RAW,S0,marginal_CRPS_normalized,2024-12-06,T0_TEST_1206,0.08909822775593332
T0,73260,F2,RAW,S0,sum_CRPS_normalized,2024-12-06,T0_TEST_1206,0.09449330259874023
T0,73260,F2,RAW,S0,sum_CRPS_Wh,2024-12-06,T0_TEST_1206,977750.1056502424
T0,73260,F2,RAW,S0,energy,2024-12-06,T0_TEST_1206,0.5992371693727756
T0,73260,F2,RAW,S0,variogram,2024-12-06,T0_TEST_1206,7322.94834282426
T0,73260,F2,RAW,S0,variogram_normalized,2024-12-06,T0_TEST_1206,0.016985188415927582
T0,73260,F2,RAW,S0,Brier,2024-12-06,T0_TEST_1206,0.0
T0,73260,F2,RAW,S0,marginal_CRPS_normalized,2024-12-06,T0_TEST_1206,0.08909822775593335
T0,73260,F3,RAW,S0,sum_CRPS_normalized,2024-12-06,T0_TEST_1206,0.08895197466644371
T0,73260,F3,RAW,S0,sum_CRPS_Wh,2024-12-06,T0_TEST_1206,920412.3491930161
T0,73260,F3,RAW,S0,energy,2024-12-06,T0_TEST_1206,0.5990741673036596
T0,73260,F3,RAW,S0,variogram,2024-12-06,T0_TEST_1206,7353.745787518989
T0,73260,F3,RAW,S0,variogram_normalized,2024-12-06,T0_TEST_1206,0.017056621447594626
T0,73260,F3,RAW,S0,Brier,2024-12-06,T0_TEST_1206,0.0
T0,73260,F3,RAW,S0,marginal_CRPS_normalized,2024-12-06,T0_TEST_1206,0.08909822775593332
T0,73260,F0,RAW,S0,sum_CRPS_normalized,2024-12-07,T0_TEST_1207,0.006193241686958184
T0,73260,F0,RAW,S0,sum_CRPS_Wh,2024-12-07,T0_TEST_1207,64083.30058538541
T0,73260,F0,RAW,S0,energy,2024-12-07,T0_TEST_1207,0.4266229506291607
T0,73260,F0,RAW,S0,variogram,2024-12-07,T0_TEST_1207,8423.813190424546
T0,73260,F0,RAW,S0,variogram_normalized,2024-12-07,T0_TEST_1207,0.01953858576103992
T0,73260,F0,RAW,S0,Brier,2024-12-07,T0_TEST_1207,0.0
T0,73260,F0,RAW,S0,marginal_CRPS_normalized,2024-12-07,T0_TEST_1207,0.05922022284941293
T0,73260,F1,RAW,S0,sum_CRPS_normalized,2024-12-07,T0_TEST_1207,0.015492269203419786
T0,73260,F1,RAW,S0,sum_CRPS_Wh,2024-12-07,T0_TEST_1207,160303.0842802571
T0,73260,F1,RAW,S0,energy,2024-12-07,T0_TEST_1207,0.4374524559923598
T0,73260,F1,RAW,S0,variogram,2024-12-07,T0_TEST_1207,8547.742348388647
T0,73260,F1,RAW,S0,variogram_normalized,2024-12-07,T0_TEST_1207,0.01982603283832405
T0,73260,F1,RAW,S0,Brier,2024-12-07,T0_TEST_1207,0.0
T0,73260,F1,RAW,S0,marginal_CRPS_normalized,2024-12-07,T0_TEST_1207,0.059220222849412946
T0,73260,F2,RAW,S0,sum_CRPS_normalized,2024-12-07,T0_TEST_1207,0.011250548769705037
T0,73260,F2,RAW,S0,sum_CRPS_Wh,2024-12-07,T0_TEST_1207,116412.75038204622
T0,73260,F2,RAW,S0,energy,2024-12-07,T0_TEST_1207,0.4317789658011077
T0,73260,F2,RAW,S0,variogram,2024-12-07,T0_TEST_1207,8488.365384584104
T0,73260,F2,RAW,S0,variogram_normalized,2024-12-07,T0_TEST_1207,0.019688311135183247
T0,73260,F2,RAW,S0,Brier,2024-12-07,T0_TEST_1207,0.0
T0,73260,F2,RAW,S0,marginal_CRPS_normalized,2024-12-07,T0_TEST_1207,0.05922022284941296
T0,73260,F3,RAW,S0,sum_CRPS_normalized,2024-12-07,T0_TEST_1207,0.018396514918351887
T0,73260,F3,RAW,S0,sum_CRPS_Wh,2024-12-07,T0_TEST_1207,190354.17230992857
T0,73260,F3,RAW,S0,energy,2024-12-07,T0_TEST_1207,0.44325118069210634
T0,73260,F3,RAW,S0,variogram,2024-12-07,T0_TEST_1207,8444.683325832437
T0,73260,F3,RAW,S0,variogram_normalized,2024-12-07,T0_TEST_1207,0.0195869929278768
T0,73260,F3,RAW,S0,Brier,2024-12-07,T0_TEST_1207,0.0
T0,73260,F3,RAW,S0,marginal_CRPS_normalized,2024-12-07,T0_TEST_1207,0.059220222849412946
T0,73260,F0,RAW,S0,sum_CRPS_normalized,2024-12-08,T0_TEST_1208,0.07197356785471924
T0,73260,F0,RAW,S0,sum_CRPS_Wh,2024-12-08,T0_TEST_1208,744731.760226516
T0,73260,F0,RAW,S0,energy,2024-12-08,T0_TEST_1208,0.739093769543725
T0,73260,F0,RAW,S0,variogram,2024-12-08,T0_TEST_1208,12422.110147394433
T0,73260,F0,RAW,S0,variogram_normalized,2024-12-08,T0_TEST_1208,0.028812422469653338
T0,73260,F0,RAW,S0,Brier,2024-12-08,T0_TEST_1208,0.0
T0,73260,F0,RAW,S0,marginal_CRPS_normalized,2024-12-08,T0_TEST_1208,0.0873982919320043
T0,73260,F1,RAW,S0,sum_CRPS_normalized,2024-12-08,T0_TEST_1208,0.05616801598795487
T0,73260,F1,RAW,S0,sum_CRPS_Wh,2024-12-08,T0_TEST_1208,581187.0477169622
T0,73260,F1,RAW,S0,energy,2024-12-08,T0_TEST_1208,0.7304936275689118
T0,73260,F1,RAW,S0,variogram,2024-12-08,T0_TEST_1208,12433.329895594246
T0,73260,F1,RAW,S0,variogram_normalized,2024-12-08,T0_TEST_1208,0.028838446077663605
T0,73260,F1,RAW,S0,Brier,2024-12-08,T0_TEST_1208,0.0
T0,73260,F1,RAW,S0,marginal_CRPS_normalized,2024-12-08,T0_TEST_1208,0.0873982919320043
T0,73260,F2,RAW,S0,sum_CRPS_normalized,2024-12-08,T0_TEST_1208,0.06233463543237418
T0,73260,F2,RAW,S0,sum_CRPS_Wh,2024-12-08,T0_TEST_1208,644994.8800973091
T0,73260,F2,RAW,S0,energy,2024-12-08,T0_TEST_1208,0.7330899443826717
T0,73260,F2,RAW,S0,variogram,2024-12-08,T0_TEST_1208,12329.570863667426
T0,73260,F2,RAW,S0,variogram_normalized,2024-12-08,T0_TEST_1208,0.028597782532787146
T0,73260,F2,RAW,S0,Brier,2024-12-08,T0_TEST_1208,0.0
T0,73260,F2,RAW,S0,marginal_CRPS_normalized,2024-12-08,T0_TEST_1208,0.0873982919320043
T0,73260,F3,RAW,S0,sum_CRPS_normalized,2024-12-08,T0_TEST_1208,0.05246047161248262
T0,73260,F3,RAW,S0,sum_CRPS_Wh,2024-12-08,T0_TEST_1208,542823.9912343826
T0,73260,F3,RAW,S0,energy,2024-12-08,T0_TEST_1208,0.7314712172012341
T0,73260,F3,RAW,S0,variogram,2024-12-08,T0_TEST_1208,12174.970541164774
T0,73260,F3,RAW,S0,variogram_normalized,2024-12-08,T0_TEST_1208,0.02823919532392832
T0,73260,F3,RAW,S0,Brier,2024-12-08,T0_TEST_1208,0.0
T0,73260,F3,RAW,S0,marginal_CRPS_normalized,2024-12-08,T0_TEST_1208,0.0873982919320043
T0,73260,F0,RAW,S0,sum_CRPS_normalized,2024-12-09,T0_TEST_1209,0.08594862844509216
T0,73260,F0,RAW,S0,sum_CRPS_Wh,2024-12-09,T0_TEST_1209,889335.8389592646
T0,73260,F0,RAW,S0,energy,2024-12-09,T0_TEST_1209,0.5481954331921076
T0,73260,F0,RAW,S0,variogram,2024-12-09,T0_TEST_1209,7979.407780662467
T0,73260,F0,RAW,S0,variogram_normalized,2024-12-09,T0_TEST_1209,0.018507811096998627
T0,73260,F0,RAW,S0,Brier,2024-12-09,T0_TEST_1209,0.0
T0,73260,F0,RAW,S0,marginal_CRPS_normalized,2024-12-09,T0_TEST_1209,0.07929095516006146
T0,73260,F1,RAW,S0,sum_CRPS_normalized,2024-12-09,T0_TEST_1209,0.07039541081504792
T0,73260,F1,RAW,S0,sum_CRPS_Wh,2024-12-09,T0_TEST_1209,728402.1033107901
T0,73260,F1,RAW,S0,energy,2024-12-09,T0_TEST_1209,0.5294195707666347
T0,73260,F1,RAW,S0,variogram,2024-12-09,T0_TEST_1209,7674.609540074154
T0,73260,F1,RAW,S0,variogram_normalized,2024-12-09,T0_TEST_1209,0.017800847821706826
T0,73260,F1,RAW,S0,Brier,2024-12-09,T0_TEST_1209,0.0
T0,73260,F1,RAW,S0,marginal_CRPS_normalized,2024-12-09,T0_TEST_1209,0.07929095516006146
T0,73260,F2,RAW,S0,sum_CRPS_normalized,2024-12-09,T0_TEST_1209,0.07594225763886474
T0,73260,F2,RAW,S0,sum_CRPS_Wh,2024-12-09,T0_TEST_1209,785796.9653682932
T0,73260,F2,RAW,S0,energy,2024-12-09,T0_TEST_1209,0.5381806556311324
T0,73260,F2,RAW,S0,variogram,2024-12-09,T0_TEST_1209,7859.979418329658
T0,73260,F2,RAW,S0,variogram_normalized,2024-12-09,T0_TEST_1209,0.018230803375318308
T0,73260,F2,RAW,S0,Brier,2024-12-09,T0_TEST_1209,0.0
T0,73260,F2,RAW,S0,marginal_CRPS_normalized,2024-12-09,T0_TEST_1209,0.07929095516006145
T0,73260,F3,RAW,S0,sum_CRPS_normalized,2024-12-09,T0_TEST_1209,0.06809394749078898
T0,73260,F3,RAW,S0,sum_CRPS_Wh,2024-12-09,T0_TEST_1209,704588.1826777067
T0,73260,F3,RAW,S0,energy,2024-12-09,T0_TEST_1209,0.5354594074907808
T0,73260,F3,RAW,S0,variogram,2024-12-09,T0_TEST_1209,7739.070933382854
T0,73260,F3,RAW,S0,variogram_normalized,2024-12-09,T0_TEST_1209,0.01795036258811568
T0,73260,F3,RAW,S0,Brier,2024-12-09,T0_TEST_1209,0.0
T0,73260,F3,RAW,S0,marginal_CRPS_normalized,2024-12-09,T0_TEST_1209,0.07929095516006146
T0,73260,F0,RAW,S0,sum_CRPS_normalized,2024-12-10,T0_TEST_1210,0.03869418947182304
T0,73260,F0,RAW,S0,sum_CRPS_Wh,2024-12-10,T0_TEST_1210,400380.2047726277
T0,73260,F0,RAW,S0,energy,2024-12-10,T0_TEST_1210,0.3387770315557577
T0,73260,F0,RAW,S0,variogram,2024-12-10,T0_TEST_1210,4946.389622800615
T0,73260,F0,RAW,S0,variogram_normalized,2024-12-10,T0_TEST_1210,0.011472887119869398
T0,73260,F0,RAW,S0,Brier,2024-12-10,T0_TEST_1210,0.0
T0,73260,F0,RAW,S0,marginal_CRPS_normalized,2024-12-10,T0_TEST_1210,0.04986194763716441
T0,73260,F1,RAW,S0,sum_CRPS_normalized,2024-12-10,T0_TEST_1210,0.030734311566249208
T0,73260,F1,RAW,S0,sum_CRPS_Wh,2024-12-10,T0_TEST_1210,318016.9975494989
T0,73260,F1,RAW,S0,energy,2024-12-10,T0_TEST_1210,0.3247215525428928
T0,73260,F1,RAW,S0,variogram,2024-12-10,T0_TEST_1210,4540.566725404562
T0,73260,F1,RAW,S0,variogram_normalized,2024-12-10,T0_TEST_1210,0.01053160253706553
T0,73260,F1,RAW,S0,Brier,2024-12-10,T0_TEST_1210,0.0
T0,73260,F1,RAW,S0,marginal_CRPS_normalized,2024-12-10,T0_TEST_1210,0.0498619476371644
T0,73260,F2,RAW,S0,sum_CRPS_normalized,2024-12-10,T0_TEST_1210,0.032002224663821584
T0,73260,F2,RAW,S0,sum_CRPS_Wh,2024-12-10,T0_TEST_1210,331136.4687819844
T0,73260,F2,RAW,S0,energy,2024-12-10,T0_TEST_1210,0.33162019308971746
T0,73260,F2,RAW,S0,variogram,2024-12-10,T0_TEST_1210,4675.26922599879
T0,73260,F2,RAW,S0,variogram_normalized,2024-12-10,T0_TEST_1210,0.010844037808431538
T0,73260,F2,RAW,S0,Brier,2024-12-10,T0_TEST_1210,0.0
T0,73260,F2,RAW,S0,marginal_CRPS_normalized,2024-12-10,T0_TEST_1210,0.0498619476371644
T0,73260,F3,RAW,S0,sum_CRPS_normalized,2024-12-10,T0_TEST_1210,0.03078783291769073
T0,73260,F3,RAW,S0,sum_CRPS_Wh,2024-12-10,T0_TEST_1210,318570.7987775998
T0,73260,F3,RAW,S0,energy,2024-12-10,T0_TEST_1210,0.33821824329237415
T0,73260,F3,RAW,S0,variogram,2024-12-10,T0_TEST_1210,4578.672933287988
T0,73260,F3,RAW,S0,variogram_normalized,2024-12-10,T0_TEST_1210,0.010619987855439477
T0,73260,F3,RAW,S0,Brier,2024-12-10,T0_TEST_1210,0.0
T0,73260,F3,RAW,S0,marginal_CRPS_normalized,2024-12-10,T0_TEST_1210,0.04986194763716441
T0,73260,F0,RAW,S0,sum_CRPS_normalized,2024-12-11,T0_TEST_1211,0.07060570482821221
T0,73260,F0,RAW,S0,sum_CRPS_Wh,2024-12-11,T0_TEST_1211,730578.0775643531
T0,73260,F0,RAW,S0,energy,2024-12-11,T0_TEST_1211,0.38544143768810646
T0,73260,F0,RAW,S0,variogram,2024-12-11,T0_TEST_1211,3920.18022418923
T0,73260,F0,RAW,S0,variogram_normalized,2024-12-11,T0_TEST_1211,0.009092649110039645
T0,73260,F0,RAW,S0,Brier,2024-12-11,T0_TEST_1211,0.0
T0,73260,F0,RAW,S0,marginal_CRPS_normalized,2024-12-11,T0_TEST_1211,0.07134992494749084
T0,73260,F1,RAW,S0,sum_CRPS_normalized,2024-12-11,T0_TEST_1211,0.056228813305950816
T0,73260,F1,RAW,S0,sum_CRPS_Wh,2024-12-11,T0_TEST_1211,581816.1355195784
T0,73260,F1,RAW,S0,energy,2024-12-11,T0_TEST_1211,0.38335126522349006
T0,73260,F1,RAW,S0,variogram,2024-12-11,T0_TEST_1211,3784.038127901277
T0,73260,F1,RAW,S0,variogram_normalized,2024-12-11,T0_TEST_1211,0.008776874773183077
T0,73260,F1,RAW,S0,Brier,2024-12-11,T0_TEST_1211,0.0
T0,73260,F1,RAW,S0,marginal_CRPS_normalized,2024-12-11,T0_TEST_1211,0.07134992494749082
T0,73260,F2,RAW,S0,sum_CRPS_normalized,2024-12-11,T0_TEST_1211,0.060356803683764906
T0,73260,F2,RAW,S0,sum_CRPS_Wh,2024-12-11,T0_TEST_1211,624529.6709451538
T0,73260,F2,RAW,S0,energy,2024-12-11,T0_TEST_1211,0.38341401475417203
T0,73260,F2,RAW,S0,variogram,2024-12-11,T0_TEST_1211,3819.51803229142
T0,73260,F2,RAW,S0,variogram_normalized,2024-12-11,T0_TEST_1211,0.008859168520569153
T0,73260,F2,RAW,S0,Brier,2024-12-11,T0_TEST_1211,0.0
T0,73260,F2,RAW,S0,marginal_CRPS_normalized,2024-12-11,T0_TEST_1211,0.07134992494749082
T0,73260,F3,RAW,S0,sum_CRPS_normalized,2024-12-11,T0_TEST_1211,0.05482604572892883
T0,73260,F3,RAW,S0,sum_CRPS_Wh,2024-12-11,T0_TEST_1211,567301.2851660014
T0,73260,F3,RAW,S0,energy,2024-12-11,T0_TEST_1211,0.38885009112284086
T0,73260,F3,RAW,S0,variogram,2024-12-11,T0_TEST_1211,3749.4597487499814
T0,73260,F3,RAW,S0,variogram_normalized,2024-12-11,T0_TEST_1211,0.008696672065543106
T0,73260,F3,RAW,S0,Brier,2024-12-11,T0_TEST_1211,0.0
T0,73260,F3,RAW,S0,marginal_CRPS_normalized,2024-12-11,T0_TEST_1211,0.07134992494749083
T0,73260,F0,RAW,S0,sum_CRPS_normalized,2024-12-12,T0_TEST_1212,0.014464247275033508
T0,73260,F0,RAW,S0,sum_CRPS_Wh,2024-12-12,T0_TEST_1212,149665.83781466633
T0,73260,F0,RAW,S0,energy,2024-12-12,T0_TEST_1212,0.2987275148205019
T0,73260,F0,RAW,S0,variogram,2024-12-12,T0_TEST_1212,6157.942984373385
T0,73260,F0,RAW,S0,variogram_normalized,2024-12-12,T0_TEST_1212,0.01428302057416704
T0,73260,F0,RAW,S0,Brier,2024-12-12,T0_TEST_1212,0.0
T0,73260,F0,RAW,S0,marginal_CRPS_normalized,2024-12-12,T0_TEST_1212,0.045322199440954565
T0,73260,F1,RAW,S0,sum_CRPS_normalized,2024-12-12,T0_TEST_1212,0.015901301309098233
T0,73260,F1,RAW,S0,sum_CRPS_Wh,2024-12-12,T0_TEST_1212,164535.4602639787
T0,73260,F1,RAW,S0,energy,2024-12-12,T0_TEST_1212,0.3001191381375049
T0,73260,F1,RAW,S0,variogram,2024-12-12,T0_TEST_1212,5760.8284983046515
T0,73260,F1,RAW,S0,variogram_normalized,2024-12-12,T0_TEST_1212,0.01336193468733552
T0,73260,F1,RAW,S0,Brier,2024-12-12,T0_TEST_1212,0.0
T0,73260,F1,RAW,S0,marginal_CRPS_normalized,2024-12-12,T0_TEST_1212,0.04532219944095457
T0,73260,F2,RAW,S0,sum_CRPS_normalized,2024-12-12,T0_TEST_1212,0.015717124366708034
T0,73260,F2,RAW,S0,sum_CRPS_Wh,2024-12-12,T0_TEST_1212,162629.72705402784
T0,73260,F2,RAW,S0,energy,2024-12-12,T0_TEST_1212,0.30011495120171894
T0,73260,F2,RAW,S0,variogram,2024-12-12,T0_TEST_1212,5912.92837850776
T0,73260,F2,RAW,S0,variogram_normalized,2024-12-12,T0_TEST_1212,0.013714722253537776
T0,73260,F2,RAW,S0,Brier,2024-12-12,T0_TEST_1212,0.0
T0,73260,F2,RAW,S0,marginal_CRPS_normalized,2024-12-12,T0_TEST_1212,0.04532219944095457
T0,73260,F3,RAW,S0,sum_CRPS_normalized,2024-12-12,T0_TEST_1212,0.017282852187755725
T0,73260,F3,RAW,S0,sum_CRPS_Wh,2024-12-12,T0_TEST_1212,178830.77517433465
T0,73260,F3,RAW,S0,energy,2024-12-12,T0_TEST_1212,0.3104175854121893
T0,73260,F3,RAW,S0,variogram,2024-12-12,T0_TEST_1212,5762.951534883406
T0,73260,F3,RAW,S0,variogram_normalized,2024-12-12,T0_TEST_1212,0.013366858957535976
T0,73260,F3,RAW,S0,Brier,2024-12-12,T0_TEST_1212,0.0
T0,73260,F3,RAW,S0,marginal_CRPS_normalized,2024-12-12,T0_TEST_1212,0.04532219944095457
T0,73260,F0,RAW,S0,sum_CRPS_normalized,2024-12-13,T0_TEST_1213,0.02921685162560476
T0,73260,F0,RAW,S0,sum_CRPS_Wh,2024-12-13,T0_TEST_1213,302315.3914411217
T0,73260,F0,RAW,S0,energy,2024-12-13,T0_TEST_1213,0.7397869392802794
T0,73260,F0,RAW,S0,variogram,2024-12-13,T0_TEST_1213,18226.65047588407
T0,73260,F0,RAW,S0,variogram_normalized,2024-12-13,T0_TEST_1213,0.04227574441754827
T0,73260,F0,RAW,S0,Brier,2024-12-13,T0_TEST_1213,0.0
T0,73260,F0,RAW,S0,marginal_CRPS_normalized,2024-12-13,T0_TEST_1213,0.1012083510413987
T0,73260,F1,RAW,S0,sum_CRPS_normalized,2024-12-13,T0_TEST_1213,0.024832244692096574
T0,73260,F1,RAW,S0,sum_CRPS_Wh,2024-12-13,T0_TEST_1213,256946.56873548403
T0,73260,F1,RAW,S0,energy,2024-12-13,T0_TEST_1213,0.7293318436917526
T0,73260,F1,RAW,S0,variogram,2024-12-13,T0_TEST_1213,18101.188635553503
T0,73260,F1,RAW,S0,variogram_normalized,2024-12-13,T0_TEST_1213,0.041984742365197066
T0,73260,F1,RAW,S0,Brier,2024-12-13,T0_TEST_1213,0.0
T0,73260,F1,RAW,S0,marginal_CRPS_normalized,2024-12-13,T0_TEST_1213,0.1012083510413987
T0,73260,F2,RAW,S0,sum_CRPS_normalized,2024-12-13,T0_TEST_1213,0.025940299801851547
T0,73260,F2,RAW,S0,sum_CRPS_Wh,2024-12-13,T0_TEST_1213,268411.9421623163
T0,73260,F2,RAW,S0,energy,2024-12-13,T0_TEST_1213,0.7354858078657882
T0,73260,F2,RAW,S0,variogram,2024-12-13,T0_TEST_1213,18177.659252459885
T0,73260,F2,RAW,S0,variogram_normalized,2024-12-13,T0_TEST_1213,0.04216211188572767
T0,73260,F2,RAW,S0,Brier,2024-12-13,T0_TEST_1213,0.0
T0,73260,F2,RAW,S0,marginal_CRPS_normalized,2024-12-13,T0_TEST_1213,0.1012083510413987
T0,73260,F3,RAW,S0,sum_CRPS_normalized,2024-12-13,T0_TEST_1213,0.023700616818421897
T0,73260,F3,RAW,S0,sum_CRPS_Wh,2024-12-13,T0_TEST_1213,245237.2809593901
T0,73260,F3,RAW,S0,energy,2024-12-13,T0_TEST_1213,0.7399599784825238
T0,73260,F3,RAW,S0,variogram,2024-12-13,T0_TEST_1213,18586.039747982744
T0,73260,F3,RAW,S0,variogram_normalized,2024-12-13,T0_TEST_1213,0.04310932868108341
T0,73260,F3,RAW,S0,Brier,2024-12-13,T0_TEST_1213,0.0
T0,73260,F3,RAW,S0,marginal_CRPS_normalized,2024-12-13,T0_TEST_1213,0.1012083510413987
T0,73260,F0,RAW,S0,sum_CRPS_normalized,2024-12-14,T0_TEST_1214,0.005248022180395479
T0,73260,F0,RAW,S0,sum_CRPS_Wh,2024-12-14,T0_TEST_1214,54302.83522977325
T0,73260,F0,RAW,S0,energy,2024-12-14,T0_TEST_1214,0.4692739482385202
T0,73260,F0,RAW,S0,variogram,2024-12-14,T0_TEST_1214,12020.693842141314
T0,73260,F0,RAW,S0,variogram_normalized,2024-12-14,T0_TEST_1214,0.027881358742482466
T0,73260,F0,RAW,S0,Brier,2024-12-14,T0_TEST_1214,0.0
T0,73260,F0,RAW,S0,marginal_CRPS_normalized,2024-12-14,T0_TEST_1214,0.07598927420560345
T0,73260,F1,RAW,S0,sum_CRPS_normalized,2024-12-14,T0_TEST_1214,0.010476351164760974
T0,73260,F1,RAW,S0,sum_CRPS_Wh,2024-12-14,T0_TEST_1214,108401.8991448675
T0,73260,F1,RAW,S0,energy,2024-12-14,T0_TEST_1214,0.46521180770769466
T0,73260,F1,RAW,S0,variogram,2024-12-14,T0_TEST_1214,11892.932673980693
T0,73260,F1,RAW,S0,variogram_normalized,2024-12-14,T0_TEST_1214,0.027585023521768587
T0,73260,F1,RAW,S0,Brier,2024-12-14,T0_TEST_1214,0.0
T0,73260,F1,RAW,S0,marginal_CRPS_normalized,2024-12-14,T0_TEST_1214,0.07598927420560346
T0,73260,F2,RAW,S0,sum_CRPS_normalized,2024-12-14,T0_TEST_1214,0.009435134583795475
T0,73260,F2,RAW,S0,sum_CRPS_Wh,2024-12-14,T0_TEST_1214,97628.1237126881
T0,73260,F2,RAW,S0,energy,2024-12-14,T0_TEST_1214,0.46836564956053084
T0,73260,F2,RAW,S0,variogram,2024-12-14,T0_TEST_1214,11964.359607949751
T0,73260,F2,RAW,S0,variogram_normalized,2024-12-14,T0_TEST_1214,0.027750694488521382
T0,73260,F2,RAW,S0,Brier,2024-12-14,T0_TEST_1214,0.0
T0,73260,F2,RAW,S0,marginal_CRPS_normalized,2024-12-14,T0_TEST_1214,0.07598927420560346
T0,73260,F3,RAW,S0,sum_CRPS_normalized,2024-12-14,T0_TEST_1214,0.013761223511997421
T0,73260,F3,RAW,S0,sum_CRPS_Wh,2024-12-14,T0_TEST_1214,142391.4433371859
T0,73260,F3,RAW,S0,energy,2024-12-14,T0_TEST_1214,0.4757841623809229
T0,73260,F3,RAW,S0,variogram,2024-12-14,T0_TEST_1214,12173.184025030425
T0,73260,F3,RAW,S0,variogram_normalized,2024-12-14,T0_TEST_1214,0.02823505159496432
T0,73260,F3,RAW,S0,Brier,2024-12-14,T0_TEST_1214,0.0
T0,73260,F3,RAW,S0,marginal_CRPS_normalized,2024-12-14,T0_TEST_1214,0.07598927420560346
T0,73260,F0,RAW,S0,sum_CRPS_normalized,2024-12-15,T0_TEST_1215,0.021992407309824654
T0,73260,F0,RAW,S0,sum_CRPS_Wh,2024-12-15,T0_TEST_1215,227561.93274348415
T0,73260,F0,RAW,S0,energy,2024-12-15,T0_TEST_1215,0.34318379385378284
T0,73260,F0,RAW,S0,variogram,2024-12-15,T0_TEST_1215,6899.2804472940525
T0,73260,F0,RAW,S0,variogram_normalized,2024-12-15,T0_TEST_1215,0.016002513310973233
T0,73260,F0,RAW,S0,Brier,2024-12-15,T0_TEST_1215,0.0
T0,73260,F0,RAW,S0,marginal_CRPS_normalized,2024-12-15,T0_TEST_1215,0.0503107505409178
T0,73260,F1,RAW,S0,sum_CRPS_normalized,2024-12-15,T0_TEST_1215,0.019372277971045307
T0,73260,F1,RAW,S0,sum_CRPS_Wh,2024-12-15,T0_TEST_1215,200450.68075679615
T0,73260,F1,RAW,S0,energy,2024-12-15,T0_TEST_1215,0.3437251437575298
T0,73260,F1,RAW,S0,variogram,2024-12-15,T0_TEST_1215,6663.6890491273825
T0,73260,F1,RAW,S0,variogram_normalized,2024-12-15,T0_TEST_1215,0.015456071618406356
T0,73260,F1,RAW,S0,Brier,2024-12-15,T0_TEST_1215,0.0
T0,73260,F1,RAW,S0,marginal_CRPS_normalized,2024-12-15,T0_TEST_1215,0.05031075054091779
T0,73260,F2,RAW,S0,sum_CRPS_normalized,2024-12-15,T0_TEST_1215,0.020254477524295718
T0,73260,F2,RAW,S0,sum_CRPS_Wh,2024-12-15,T0_TEST_1215,209579.06004583463
T0,73260,F2,RAW,S0,energy,2024-12-15,T0_TEST_1215,0.3420177416268309
T0,73260,F2,RAW,S0,variogram,2024-12-15,T0_TEST_1215,6747.788293782287
T0,73260,F2,RAW,S0,variogram_normalized,2024-12-15,T0_TEST_1215,0.01565113533444369
T0,73260,F2,RAW,S0,Brier,2024-12-15,T0_TEST_1215,0.0
T0,73260,F2,RAW,S0,marginal_CRPS_normalized,2024-12-15,T0_TEST_1215,0.05031075054091781
T0,73260,F3,RAW,S0,sum_CRPS_normalized,2024-12-15,T0_TEST_1215,0.019732818127541886
T0,73260,F3,RAW,S0,sum_CRPS_Wh,2024-12-15,T0_TEST_1215,204181.29622276872
T0,73260,F3,RAW,S0,energy,2024-12-15,T0_TEST_1215,0.34775090071389736
T0,73260,F3,RAW,S0,variogram,2024-12-15,T0_TEST_1215,6723.752596576088
T0,73260,F3,RAW,S0,variogram_normalized,2024-12-15,T0_TEST_1215,0.015595385815719374
T0,73260,F3,RAW,S0,Brier,2024-12-15,T0_TEST_1215,0.0
T0,73260,F3,RAW,S0,marginal_CRPS_normalized,2024-12-15,T0_TEST_1215,0.05031075054091781
T0,73260,F0,RAW,S0,sum_CRPS_normalized,2024-12-16,T0_TEST_1216,0.024249671877372463
T0,73260,F0,RAW,S0,sum_CRPS_Wh,2024-12-16,T0_TEST_1216,250918.51578908344
T0,73260,F0,RAW,S0,energy,2024-12-16,T0_TEST_1216,0.4468513955920875
T0,73260,F0,RAW,S0,variogram,2024-12-16,T0_TEST_1216,9142.96009336889
T0,73260,F0,RAW,S0,variogram_normalized,2024-12-16,T0_TEST_1216,0.02120660867659275
T0,73260,F0,RAW,S0,Brier,2024-12-16,T0_TEST_1216,0.0
T0,73260,F0,RAW,S0,marginal_CRPS_normalized,2024-12-16,T0_TEST_1216,0.06730205360554062
T0,73260,F1,RAW,S0,sum_CRPS_normalized,2024-12-16,T0_TEST_1216,0.019911022728761767
T0,73260,F1,RAW,S0,sum_CRPS_Wh,2024-12-16,T0_TEST_1216,206025.2318550113
T0,73260,F1,RAW,S0,energy,2024-12-16,T0_TEST_1216,0.4473296619230096
T0,73260,F1,RAW,S0,variogram,2024-12-16,T0_TEST_1216,9303.485166876339
T0,73260,F1,RAW,S0,variogram_normalized,2024-12-16,T0_TEST_1216,0.021578938029656717
T0,73260,F1,RAW,S0,Brier,2024-12-16,T0_TEST_1216,0.0
T0,73260,F1,RAW,S0,marginal_CRPS_normalized,2024-12-16,T0_TEST_1216,0.06730205360554062
T0,73260,F2,RAW,S0,sum_CRPS_normalized,2024-12-16,T0_TEST_1216,0.020707798731862424
T0,73260,F2,RAW,S0,sum_CRPS_Wh,2024-12-16,T0_TEST_1216,214269.70844526682
T0,73260,F2,RAW,S0,energy,2024-12-16,T0_TEST_1216,0.44468458532480243
T0,73260,F2,RAW,S0,variogram,2024-12-16,T0_TEST_1216,9260.30696065128
T0,73260,F2,RAW,S0,variogram_normalized,2024-12-16,T0_TEST_1216,0.021478788481433694
T0,73260,F2,RAW,S0,Brier,2024-12-16,T0_TEST_1216,0.0
T0,73260,F2,RAW,S0,marginal_CRPS_normalized,2024-12-16,T0_TEST_1216,0.06730205360554062
T0,73260,F3,RAW,S0,sum_CRPS_normalized,2024-12-16,T0_TEST_1216,0.01831808382160373
T0,73260,F3,RAW,S0,sum_CRPS_Wh,2024-12-16,T0_TEST_1216,189542.62259134778
T0,73260,F3,RAW,S0,energy,2024-12-16,T0_TEST_1216,0.4467785123228404
T0,73260,F3,RAW,S0,variogram,2024-12-16,T0_TEST_1216,9481.555104127012
T0,73260,F3,RAW,S0,variogram_normalized,2024-12-16,T0_TEST_1216,0.021991961759146608
T0,73260,F3,RAW,S0,Brier,2024-12-16,T0_TEST_1216,0.0
T0,73260,F3,RAW,S0,marginal_CRPS_normalized,2024-12-16,T0_TEST_1216,0.06730205360554062
T0,73260,F0,RAW,S0,sum_CRPS_normalized,2024-12-17,T0_TEST_1217,0.007897163232926524
T0,73260,F0,RAW,S0,sum_CRPS_Wh,2024-12-17,T0_TEST_1217,81714.2799857443
T0,73260,F0,RAW,S0,energy,2024-12-17,T0_TEST_1217,0.3479834414356857
T0,73260,F0,RAW,S0,variogram,2024-12-17,T0_TEST_1217,5453.96747971578
T0,73260,F0,RAW,S0,variogram_normalized,2024-12-17,T0_TEST_1217,0.012650186908404
T0,73260,F0,RAW,S0,Brier,2024-12-17,T0_TEST_1217,0.0
T0,73260,F0,RAW,S0,marginal_CRPS_normalized,2024-12-17,T0_TEST_1217,0.053537878549708845
T0,73260,F1,RAW,S0,sum_CRPS_normalized,2024-12-17,T0_TEST_1217,0.013738255453996732
T0,73260,F1,RAW,S0,sum_CRPS_Wh,2024-12-17,T0_TEST_1217,142153.78605863656
T0,73260,F1,RAW,S0,energy,2024-12-17,T0_TEST_1217,0.352251338074161
T0,73260,F1,RAW,S0,variogram,2024-12-17,T0_TEST_1217,5370.430959301104
T0,73260,F1,RAW,S0,variogram_normalized,2024-12-17,T0_TEST_1217,0.012456428401252353
T0,73260,F1,RAW,S0,Brier,2024-12-17,T0_TEST_1217,0.0
T0,73260,F1,RAW,S0,marginal_CRPS_normalized,2024-12-17,T0_TEST_1217,0.05353787854970884
T0,73260,F2,RAW,S0,sum_CRPS_normalized,2024-12-17,T0_TEST_1217,0.011963477669258635
T0,73260,F2,RAW,S0,sum_CRPS_Wh,2024-12-17,T0_TEST_1217,123789.63623203803
T0,73260,F2,RAW,S0,energy,2024-12-17,T0_TEST_1217,0.35092357589625894
T0,73260,F2,RAW,S0,variogram,2024-12-17,T0_TEST_1217,5435.7374879306835
T0,73260,F2,RAW,S0,variogram_normalized,2024-12-17,T0_TEST_1217,0.012607903413997803
T0,73260,F2,RAW,S0,Brier,2024-12-17,T0_TEST_1217,0.0
T0,73260,F2,RAW,S0,marginal_CRPS_normalized,2024-12-17,T0_TEST_1217,0.05353787854970882
T0,73260,F3,RAW,S0,sum_CRPS_normalized,2024-12-17,T0_TEST_1217,0.01805522383610847
T0,73260,F3,RAW,S0,sum_CRPS_Wh,2024-12-17,T0_TEST_1217,186822.7326994621
T0,73260,F3,RAW,S0,energy,2024-12-17,T0_TEST_1217,0.36248796389212523
T0,73260,F3,RAW,S0,variogram,2024-12-17,T0_TEST_1217,5506.504957867628
T0,73260,F3,RAW,S0,variogram_normalized,2024-12-17,T0_TEST_1217,0.01277204478907323
T0,73260,F3,RAW,S0,Brier,2024-12-17,T0_TEST_1217,0.0
T0,73260,F3,RAW,S0,marginal_CRPS_normalized,2024-12-17,T0_TEST_1217,0.05353787854970884
T0,73260,F0,RAW,S0,sum_CRPS_normalized,2024-12-18,T0_TEST_1218,0.006983052384992996
T0,73260,F0,RAW,S0,sum_CRPS_Wh,2024-12-18,T0_TEST_1218,72255.70510728561
T0,73260,F0,RAW,S0,energy,2024-12-18,T0_TEST_1218,0.17163396078585025
T0,73260,F0,RAW,S0,variogram,2024-12-18,T0_TEST_1218,1974.219373936414
T0,73260,F0,RAW,S0,variogram_normalized,2024-12-18,T0_TEST_1218,0.004579096624864627
T0,73260,F0,RAW,S0,Brier,2024-12-18,T0_TEST_1218,0.0
T0,73260,F0,RAW,S0,marginal_CRPS_normalized,2024-12-18,T0_TEST_1218,0.02790044780371175
T0,73260,F1,RAW,S0,sum_CRPS_normalized,2024-12-18,T0_TEST_1218,0.011866304365992638
T0,73260,F1,RAW,S0,sum_CRPS_Wh,2024-12-18,T0_TEST_1218,122784.15536808548
T0,73260,F1,RAW,S0,energy,2024-12-18,T0_TEST_1218,0.1705162904570771
T0,73260,F1,RAW,S0,variogram,2024-12-18,T0_TEST_1218,1807.6327682847932
T0,73260,F1,RAW,S0,variogram_normalized,2024-12-18,T0_TEST_1218,0.0041927078710322675
T0,73260,F1,RAW,S0,Brier,2024-12-18,T0_TEST_1218,0.0
T0,73260,F1,RAW,S0,marginal_CRPS_normalized,2024-12-18,T0_TEST_1218,0.02790044780371176
T0,73260,F2,RAW,S0,sum_CRPS_normalized,2024-12-18,T0_TEST_1218,0.009144637043547378
T0,73260,F2,RAW,S0,sum_CRPS_Wh,2024-12-18,T0_TEST_1218,94622.25988046662
T0,73260,F2,RAW,S0,energy,2024-12-18,T0_TEST_1218,0.17052903985763512
T0,73260,F2,RAW,S0,variogram,2024-12-18,T0_TEST_1218,1906.052173929532
T0,73260,F2,RAW,S0,variogram_normalized,2024-12-18,T0_TEST_1218,0.004420986437314599
T0,73260,F2,RAW,S0,Brier,2024-12-18,T0_TEST_1218,0.0
T0,73260,F2,RAW,S0,marginal_CRPS_normalized,2024-12-18,T0_TEST_1218,0.02790044780371176
T0,73260,F3,RAW,S0,sum_CRPS_normalized,2024-12-18,T0_TEST_1218,0.013505415215804898
T0,73260,F3,RAW,S0,sum_CRPS_Wh,2024-12-18,T0_TEST_1218,139744.5193568637
T0,73260,F3,RAW,S0,energy,2024-12-18,T0_TEST_1218,0.17805188950590545
T0,73260,F3,RAW,S0,variogram,2024-12-18,T0_TEST_1218,1941.0383316139119
T0,73260,F3,RAW,S0,variogram_normalized,2024-12-18,T0_TEST_1218,0.004502134965530129
T0,73260,F3,RAW,S0,Brier,2024-12-18,T0_TEST_1218,0.0
T0,73260,F3,RAW,S0,marginal_CRPS_normalized,2024-12-18,T0_TEST_1218,0.02790044780371176
T0,73260,F0,RAW,S0,sum_CRPS_normalized,2024-12-19,T0_TEST_1219,0.04153605471348904
T0,73260,F0,RAW,S0,sum_CRPS_Wh,2024-12-19,T0_TEST_1219,429785.8236246004
T0,73260,F0,RAW,S0,energy,2024-12-19,T0_TEST_1219,0.3303917213651601
T0,73260,F0,RAW,S0,variogram,2024-12-19,T0_TEST_1219,4741.64082160164
T0,73260,F0,RAW,S0,variogram_normalized,2024-12-19,T0_TEST_1219,0.010997983187260385
T0,73260,F0,RAW,S0,Brier,2024-12-19,T0_TEST_1219,0.0
T0,73260,F0,RAW,S0,marginal_CRPS_normalized,2024-12-19,T0_TEST_1219,0.05410823539576959
T0,73260,F1,RAW,S0,sum_CRPS_normalized,2024-12-19,T0_TEST_1219,0.03267738369694986
T0,73260,F1,RAW,S0,sum_CRPS_Wh,2024-12-19,T0_TEST_1219,338122.53867071634
T0,73260,F1,RAW,S0,energy,2024-12-19,T0_TEST_1219,0.3296731591217301
T0,73260,F1,RAW,S0,variogram,2024-12-19,T0_TEST_1219,4694.697458062768
T0,73260,F1,RAW,S0,variogram_normalized,2024-12-19,T0_TEST_1219,0.010889100557306231
T0,73260,F1,RAW,S0,Brier,2024-12-19,T0_TEST_1219,0.0
T0,73260,F1,RAW,S0,marginal_CRPS_normalized,2024-12-19,T0_TEST_1219,0.0541082353957696
T0,73260,F2,RAW,S0,sum_CRPS_normalized,2024-12-19,T0_TEST_1219,0.033641633591317076
T0,73260,F2,RAW,S0,sum_CRPS_Wh,2024-12-19,T0_TEST_1219,348099.9170685727
T0,73260,F2,RAW,S0,energy,2024-12-19,T0_TEST_1219,0.33038560253218174
T0,73260,F2,RAW,S0,variogram,2024-12-19,T0_TEST_1219,4757.992300778638
T0,73260,F2,RAW,S0,variogram_normalized,2024-12-19,T0_TEST_1219,0.011035909571784535
T0,73260,F2,RAW,S0,Brier,2024-12-19,T0_TEST_1219,0.0
T0,73260,F2,RAW,S0,marginal_CRPS_normalized,2024-12-19,T0_TEST_1219,0.0541082353957696
T0,73260,F3,RAW,S0,sum_CRPS_normalized,2024-12-19,T0_TEST_1219,0.03217493428338207
T0,73260,F3,RAW,S0,sum_CRPS_Wh,2024-12-19,T0_TEST_1219,332923.54621634143
T0,73260,F3,RAW,S0,energy,2024-12-19,T0_TEST_1219,0.33997743333019886
T0,73260,F3,RAW,S0,variogram,2024-12-19,T0_TEST_1219,4984.735009092234
T0,73260,F3,RAW,S0,variogram_normalized,2024-12-19,T0_TEST_1219,0.011561827199814504
T0,73260,F3,RAW,S0,Brier,2024-12-19,T0_TEST_1219,0.0
T0,73260,F3,RAW,S0,marginal_CRPS_normalized,2024-12-19,T0_TEST_1219,0.05410823539576959
T0,73260,F0,RAW,S0,sum_CRPS_normalized,2024-12-20,T0_TEST_1220,0.03068696970090423
T0,73260,F0,RAW,S0,sum_CRPS_Wh,2024-12-20,T0_TEST_1220,317527.1372888274
T0,73260,F0,RAW,S0,energy,2024-12-20,T0_TEST_1220,0.5321976118506405
T0,73260,F0,RAW,S0,variogram,2024-12-20,T0_TEST_1220,11279.672007257439
T0,73260,F0,RAW,S0,variogram_normalized,2024-12-20,T0_TEST_1220,0.0261625980880867
T0,73260,F0,RAW,S0,Brier,2024-12-20,T0_TEST_1220,0.0
T0,73260,F0,RAW,S0,marginal_CRPS_normalized,2024-12-20,T0_TEST_1220,0.07989319744833309
T0,73260,F1,RAW,S0,sum_CRPS_normalized,2024-12-20,T0_TEST_1220,0.027013206527378483
T0,73260,F1,RAW,S0,sum_CRPS_Wh,2024-12-20,T0_TEST_1220,279513.62487830175
T0,73260,F1,RAW,S0,energy,2024-12-20,T0_TEST_1220,0.5294499786365793
T0,73260,F1,RAW,S0,variogram,2024-12-20,T0_TEST_1220,11184.474884179634
T0,73260,F1,RAW,S0,variogram_normalized,2024-12-20,T0_TEST_1220,0.025941793434491787
T0,73260,F1,RAW,S0,Brier,2024-12-20,T0_TEST_1220,0.0
T0,73260,F1,RAW,S0,marginal_CRPS_normalized,2024-12-20,T0_TEST_1220,0.07989319744833309
T0,73260,F2,RAW,S0,sum_CRPS_normalized,2024-12-20,T0_TEST_1220,0.026075310339875504
T0,73260,F2,RAW,S0,sum_CRPS_Wh,2024-12-20,T0_TEST_1220,269808.93606756034
T0,73260,F2,RAW,S0,energy,2024-12-20,T0_TEST_1220,0.5268356073576195
T0,73260,F2,RAW,S0,variogram,2024-12-20,T0_TEST_1220,11298.984478543502
T0,73260,F2,RAW,S0,variogram_normalized,2024-12-20,T0_TEST_1220,0.026207392336006313
T0,73260,F2,RAW,S0,Brier,2024-12-20,T0_TEST_1220,0.0
T0,73260,F2,RAW,S0,marginal_CRPS_normalized,2024-12-20,T0_TEST_1220,0.0798931974483331
T0,73260,F3,RAW,S0,sum_CRPS_normalized,2024-12-20,T0_TEST_1220,0.023994480470209637
T0,73260,F3,RAW,S0,sum_CRPS_Wh,2024-12-20,T0_TEST_1220,248277.97494171746
T0,73260,F3,RAW,S0,energy,2024-12-20,T0_TEST_1220,0.5269512788694153
T0,73260,F3,RAW,S0,variogram,2024-12-20,T0_TEST_1220,11318.223566907085
T0,73260,F3,RAW,S0,variogram_normalized,2024-12-20,T0_TEST_1220,0.02625201637614806
T0,73260,F3,RAW,S0,Brier,2024-12-20,T0_TEST_1220,0.0
T0,73260,F3,RAW,S0,marginal_CRPS_normalized,2024-12-20,T0_TEST_1220,0.0798931974483331
T0,73260,F0,RAW,S0,sum_CRPS_normalized,2024-12-21,T0_TEST_1221,0.026716391550843703
T0,73260,F0,RAW,S0,sum_CRPS_Wh,2024-12-21,T0_TEST_1221,276442.39266729716
T0,73260,F0,RAW,S0,energy,2024-12-21,T0_TEST_1221,0.4643963389954444
T0,73260,F0,RAW,S0,variogram,2024-12-21,T0_TEST_1221,10330.309249916576
T0,73260,F0,RAW,S0,variogram_normalized,2024-12-21,T0_TEST_1221,0.023960601767260534
T0,73260,F0,RAW,S0,Brier,2024-12-21,T0_TEST_1221,0.0
T0,73260,F0,RAW,S0,marginal_CRPS_normalized,2024-12-21,T0_TEST_1221,0.0659251876759994
T0,73260,F1,RAW,S0,sum_CRPS_normalized,2024-12-21,T0_TEST_1221,0.023538654293002968
T0,73260,F1,RAW,S0,sum_CRPS_Wh,2024-12-21,T0_TEST_1221,243561.40688170865
T0,73260,F1,RAW,S0,energy,2024-12-21,T0_TEST_1221,0.45635541344192465
T0,73260,F1,RAW,S0,variogram,2024-12-21,T0_TEST_1221,10120.111075779756
T0,73260,F1,RAW,S0,variogram_normalized,2024-12-21,T0_TEST_1221,0.02347305830453813
T0,73260,F1,RAW,S0,Brier,2024-12-21,T0_TEST_1221,0.0
T0,73260,F1,RAW,S0,marginal_CRPS_normalized,2024-12-21,T0_TEST_1221,0.0659251876759994
T0,73260,F2,RAW,S0,sum_CRPS_normalized,2024-12-21,T0_TEST_1221,0.02295387811505611
T0,73260,F2,RAW,S0,sum_CRPS_Wh,2024-12-21,T0_TEST_1221,237510.55508539407
T0,73260,F2,RAW,S0,energy,2024-12-21,T0_TEST_1221,0.46011041721441004
T0,73260,F2,RAW,S0,variogram,2024-12-21,T0_TEST_1221,10162.181245853464
T0,73260,F2,RAW,S0,variogram_normalized,2024-12-21,T0_TEST_1221,0.023570637821959176
T0,73260,F2,RAW,S0,Brier,2024-12-21,T0_TEST_1221,0.0
T0,73260,F2,RAW,S0,marginal_CRPS_normalized,2024-12-21,T0_TEST_1221,0.0659251876759994
T0,73260,F3,RAW,S0,sum_CRPS_normalized,2024-12-21,T0_TEST_1221,0.026205023302195127
T0,73260,F3,RAW,S0,sum_CRPS_Wh,2024-12-21,T0_TEST_1221,271151.11439262936
T0,73260,F3,RAW,S0,energy,2024-12-21,T0_TEST_1221,0.4714190535949128
T0,73260,F3,RAW,S0,variogram,2024-12-21,T0_TEST_1221,10375.114949397304
T0,73260,F3,RAW,S0,variogram_normalized,2024-12-21,T0_TEST_1221,0.02406452619935534
T0,73260,F3,RAW,S0,Brier,2024-12-21,T0_TEST_1221,0.0
T0,73260,F3,RAW,S0,marginal_CRPS_normalized,2024-12-21,T0_TEST_1221,0.0659251876759994
T0,73260,F0,RAW,S0,sum_CRPS_normalized,2024-12-22,T0_TEST_1222,0.033989733906651345
T0,73260,F0,RAW,S0,sum_CRPS_Wh,2024-12-22,T0_TEST_1222,351701.81382458156
T0,73260,F0,RAW,S0,energy,2024-12-22,T0_TEST_1222,0.3624726782814822
T0,73260,F0,RAW,S0,variogram,2024-12-22,T0_TEST_1222,7035.4624223767805
T0,73260,F0,RAW,S0,variogram_normalized,2024-12-22,T0_TEST_1222,0.016318380144569003
T0,73260,F0,RAW,S0,Brier,2024-12-22,T0_TEST_1222,0.0
T0,73260,F0,RAW,S0,marginal_CRPS_normalized,2024-12-22,T0_TEST_1222,0.05177248941501364
T0,73260,F1,RAW,S0,sum_CRPS_normalized,2024-12-22,T0_TEST_1222,0.028429011224322738
T0,73260,F1,RAW,S0,sum_CRPS_Wh,2024-12-22,T0_TEST_1222,294163.3741615468
T0,73260,F1,RAW,S0,energy,2024-12-22,T0_TEST_1222,0.35929377974836574
T0,73260,F1,RAW,S0,variogram,2024-12-22,T0_TEST_1222,6935.727171074088
T0,73260,F1,RAW,S0,variogram_normalized,2024-12-22,T0_TEST_1222,0.016087049544409017
T0,73260,F1,RAW,S0,Brier,2024-12-22,T0_TEST_1222,0.0
T0,73260,F1,RAW,S0,marginal_CRPS_normalized,2024-12-22,T0_TEST_1222,0.05177248941501362
T0,73260,F2,RAW,S0,sum_CRPS_normalized,2024-12-22,T0_TEST_1222,0.029192315326817996
T0,73260,F2,RAW,S0,sum_CRPS_Wh,2024-12-22,T0_TEST_1222,302061.50711206085
T0,73260,F2,RAW,S0,energy,2024-12-22,T0_TEST_1222,0.35941842211529224
T0,73260,F2,RAW,S0,variogram,2024-12-22,T0_TEST_1222,6982.507261062225
T0,73260,F2,RAW,S0,variogram_normalized,2024-12-22,T0_TEST_1222,0.016195553470063653
T0,73260,F2,RAW,S0,Brier,2024-12-22,T0_TEST_1222,0.0
T0,73260,F2,RAW,S0,marginal_CRPS_normalized,2024-12-22,T0_TEST_1222,0.05177248941501361
T0,73260,F3,RAW,S0,sum_CRPS_normalized,2024-12-22,T0_TEST_1222,0.027802282453552415
T0,73260,F3,RAW,S0,sum_CRPS_Wh,2024-12-22,T0_TEST_1222,287678.42649878096
T0,73260,F3,RAW,S0,energy,2024-12-22,T0_TEST_1222,0.3650640856131907
T0,73260,F3,RAW,S0,variogram,2024-12-22,T0_TEST_1222,7005.108235530697
T0,73260,F3,RAW,S0,variogram_normalized,2024-12-22,T0_TEST_1222,0.016247975225859152
T0,73260,F3,RAW,S0,Brier,2024-12-22,T0_TEST_1222,0.0
T0,73260,F3,RAW,S0,marginal_CRPS_normalized,2024-12-22,T0_TEST_1222,0.05177248941501364
T0,73260,F0,RAW,S0,sum_CRPS_normalized,2024-12-23,T0_TEST_1223,0.017061762727803496
T0,73260,F0,RAW,S0,sum_CRPS_Wh,2024-12-23,T0_TEST_1223,176543.09724498552
T0,73260,F0,RAW,S0,energy,2024-12-23,T0_TEST_1223,0.7968805711915636
T0,73260,F0,RAW,S0,variogram,2024-12-23,T0_TEST_1223,15522.07270805816
T0,73260,F0,RAW,S0,variogram_normalized,2024-12-23,T0_TEST_1223,0.03600262042138268
T0,73260,F0,RAW,S0,Brier,2024-12-23,T0_TEST_1223,0.0
T0,73260,F0,RAW,S0,marginal_CRPS_normalized,2024-12-23,T0_TEST_1223,0.1075046438382198
T0,73260,F1,RAW,S0,sum_CRPS_normalized,2024-12-23,T0_TEST_1223,0.01913842461480225
T0,73260,F1,RAW,S0,sum_CRPS_Wh,2024-12-23,T0_TEST_1223,198030.93102337577
T0,73260,F1,RAW,S0,energy,2024-12-23,T0_TEST_1223,0.7939370140326371
T0,73260,F1,RAW,S0,variogram,2024-12-23,T0_TEST_1223,15699.580834641276
T0,73260,F1,RAW,S0,variogram_normalized,2024-12-23,T0_TEST_1223,0.03641434106097
T0,73260,F1,RAW,S0,Brier,2024-12-23,T0_TEST_1223,0.0
T0,73260,F1,RAW,S0,marginal_CRPS_normalized,2024-12-23,T0_TEST_1223,0.1075046438382198
T0,73260,F2,RAW,S0,sum_CRPS_normalized,2024-12-23,T0_TEST_1223,0.016429300942208666
T0,73260,F2,RAW,S0,sum_CRPS_Wh,2024-12-23,T0_TEST_1223,169998.828384884
T0,73260,F2,RAW,S0,energy,2024-12-23,T0_TEST_1223,0.7909408868876908
T0,73260,F2,RAW,S0,variogram,2024-12-23,T0_TEST_1223,15692.692677460043
T0,73260,F2,RAW,S0,variogram_normalized,2024-12-23,T0_TEST_1223,0.03639836434748186
T0,73260,F2,RAW,S0,Brier,2024-12-23,T0_TEST_1223,0.0
T0,73260,F2,RAW,S0,marginal_CRPS_normalized,2024-12-23,T0_TEST_1223,0.1075046438382198
T0,73260,F3,RAW,S0,sum_CRPS_normalized,2024-12-23,T0_TEST_1223,0.019794571999128072
T0,73260,F3,RAW,S0,sum_CRPS_Wh,2024-12-23,T0_TEST_1223,204820.28176785127
T0,73260,F3,RAW,S0,energy,2024-12-23,T0_TEST_1223,0.7933230675154603
T0,73260,F3,RAW,S0,variogram,2024-12-23,T0_TEST_1223,15646.950224724538
T0,73260,F3,RAW,S0,variogram_normalized,2024-12-23,T0_TEST_1223,0.03629226716613542
T0,73260,F3,RAW,S0,Brier,2024-12-23,T0_TEST_1223,0.0
T0,73260,F3,RAW,S0,marginal_CRPS_normalized,2024-12-23,T0_TEST_1223,0.1075046438382198
T0,73260,F0,RAW,S0,sum_CRPS_normalized,2024-12-24,T0_TEST_1224,0.04323343499938123
T0,73260,F0,RAW,S0,sum_CRPS_Wh,2024-12-24,T0_TEST_1224,447349.11867533193
T0,73260,F0,RAW,S0,energy,2024-12-24,T0_TEST_1224,0.4286112767274499
T0,73260,F0,RAW,S0,variogram,2024-12-24,T0_TEST_1224,6678.234049547799
T0,73260,F0,RAW,S0,variogram_normalized,2024-12-24,T0_TEST_1224,0.015489807971728116
T0,73260,F0,RAW,S0,Brier,2024-12-24,T0_TEST_1224,0.0
T0,73260,F0,RAW,S0,marginal_CRPS_normalized,2024-12-24,T0_TEST_1224,0.0737862515634141
T0,73260,F1,RAW,S0,sum_CRPS_normalized,2024-12-24,T0_TEST_1224,0.03437680629816826
T0,73260,F1,RAW,S0,sum_CRPS_Wh,2024-12-24,T0_TEST_1224,355706.96616121917
T0,73260,F1,RAW,S0,energy,2024-12-24,T0_TEST_1224,0.42753589877430787
T0,73260,F1,RAW,S0,variogram,2024-12-24,T0_TEST_1224,6754.4416029307795
T0,73260,F1,RAW,S0,variogram_normalized,2024-12-24,T0_TEST_1224,0.015666567330435754
T0,73260,F1,RAW,S0,Brier,2024-12-24,T0_TEST_1224,0.0
T0,73260,F1,RAW,S0,marginal_CRPS_normalized,2024-12-24,T0_TEST_1224,0.07378625156341413
T0,73260,F2,RAW,S0,sum_CRPS_normalized,2024-12-24,T0_TEST_1224,0.036774238281001285
T0,73260,F2,RAW,S0,sum_CRPS_Wh,2024-12-24,T0_TEST_1224,380513.9028438991
T0,73260,F2,RAW,S0,energy,2024-12-24,T0_TEST_1224,0.4279143933460966
T0,73260,F2,RAW,S0,variogram,2024-12-24,T0_TEST_1224,6673.271466124868
T0,73260,F2,RAW,S0,variogram_normalized,2024-12-24,T0_TEST_1224,0.015478297523951868
T0,73260,F2,RAW,S0,Brier,2024-12-24,T0_TEST_1224,0.0
T0,73260,F2,RAW,S0,marginal_CRPS_normalized,2024-12-24,T0_TEST_1224,0.07378625156341413
T0,73260,F3,RAW,S0,sum_CRPS_normalized,2024-12-24,T0_TEST_1224,0.03411066288753178
T0,73260,F3,RAW,S0,sum_CRPS_Wh,2024-12-24,T0_TEST_1224,352953.1016998092
T0,73260,F3,RAW,S0,energy,2024-12-24,T0_TEST_1224,0.43100438880144987
T0,73260,F3,RAW,S0,variogram,2024-12-24,T0_TEST_1224,6732.243854434799
T0,73260,F3,RAW,S0,variogram_normalized,2024-12-24,T0_TEST_1224,0.015615080835794146
T0,73260,F3,RAW,S0,Brier,2024-12-24,T0_TEST_1224,0.0
T0,73260,F3,RAW,S0,marginal_CRPS_normalized,2024-12-24,T0_TEST_1224,0.07378625156341413
T0,73260,F0,RAW,S0,sum_CRPS_normalized,2024-12-25,T0_TEST_1225,0.02467257445506986
T0,73260,F0,RAW,S0,sum_CRPS_Wh,2024-12-25,T0_TEST_1225,255294.4136427045
T0,73260,F0,RAW,S0,energy,2024-12-25,T0_TEST_1225,0.3078964437343703
T0,73260,F0,RAW,S0,variogram,2024-12-25,T0_TEST_1225,4812.324767136112
T0,73260,F0,RAW,S0,variogram_normalized,2024-12-25,T0_TEST_1225,0.011161930831935583
T0,73260,F0,RAW,S0,Brier,2024-12-25,T0_TEST_1225,0.0
T0,73260,F0,RAW,S0,marginal_CRPS_normalized,2024-12-25,T0_TEST_1225,0.04860872204849308
T0,73260,F1,RAW,S0,sum_CRPS_normalized,2024-12-25,T0_TEST_1225,0.020450723827755594
T0,73260,F1,RAW,S0,sum_CRPS_Wh,2024-12-25,T0_TEST_1225,211609.67849882878
T0,73260,F1,RAW,S0,energy,2024-12-25,T0_TEST_1225,0.3063554155657807
T0,73260,F1,RAW,S0,variogram,2024-12-25,T0_TEST_1225,4581.884549046018
T0,73260,F1,RAW,S0,variogram_normalized,2024-12-25,T0_TEST_1225,0.010627437027032114
T0,73260,F1,RAW,S0,Brier,2024-12-25,T0_TEST_1225,0.0
T0,73260,F1,RAW,S0,marginal_CRPS_normalized,2024-12-25,T0_TEST_1225,0.04860872204849308
T0,73260,F2,RAW,S0,sum_CRPS_normalized,2024-12-25,T0_TEST_1225,0.019897110423971746
T0,73260,F2,RAW,S0,sum_CRPS_Wh,2024-12-25,T0_TEST_1225,205881.27712907642
T0,73260,F2,RAW,S0,energy,2024-12-25,T0_TEST_1225,0.3067632614905512
T0,73260,F2,RAW,S0,variogram,2024-12-25,T0_TEST_1225,4714.943841217091
T0,73260,F2,RAW,S0,variogram_normalized,2024-12-25,T0_TEST_1225,0.010936060964032877
T0,73260,F2,RAW,S0,Brier,2024-12-25,T0_TEST_1225,0.0
T0,73260,F2,RAW,S0,marginal_CRPS_normalized,2024-12-25,T0_TEST_1225,0.048608722048493064
T0,73260,F3,RAW,S0,sum_CRPS_normalized,2024-12-25,T0_TEST_1225,0.019990461278379276
T0,73260,F3,RAW,S0,sum_CRPS_Wh,2024-12-25,T0_TEST_1225,206847.20598592982
T0,73260,F3,RAW,S0,energy,2024-12-25,T0_TEST_1225,0.31513946341692817
T0,73260,F3,RAW,S0,variogram,2024-12-25,T0_TEST_1225,4751.147644676216
T0,73260,F3,RAW,S0,variogram_normalized,2024-12-25,T0_TEST_1225,0.011020033756730371
T0,73260,F3,RAW,S0,Brier,2024-12-25,T0_TEST_1225,0.0
T0,73260,F3,RAW,S0,marginal_CRPS_normalized,2024-12-25,T0_TEST_1225,0.048608722048493085
T0,73260,F0,RAW,S0,sum_CRPS_normalized,2024-12-26,T0_TEST_1226,0.08619795090201343
T0,73260,F0,RAW,S0,sum_CRPS_Wh,2024-12-26,T0_TEST_1226,891915.6520453934
T0,73260,F0,RAW,S0,energy,2024-12-26,T0_TEST_1226,0.38764000193257764
T0,73260,F0,RAW,S0,variogram,2024-12-26,T0_TEST_1226,2792.5490710664635
T0,73260,F0,RAW,S0,variogram_normalized,2024-12-26,T0_TEST_1226,0.006477168745736941
T0,73260,F0,RAW,S0,Brier,2024-12-26,T0_TEST_1226,0.0
T0,73260,F0,RAW,S0,marginal_CRPS_normalized,2024-12-26,T0_TEST_1226,0.07040932170572782
T0,73260,F1,RAW,S0,sum_CRPS_normalized,2024-12-26,T0_TEST_1226,0.07663221971228242
T0,73260,F1,RAW,S0,sum_CRPS_Wh,2024-12-26,T0_TEST_1226,792936.2066862043
T0,73260,F1,RAW,S0,energy,2024-12-26,T0_TEST_1226,0.3845024388661318
T0,73260,F1,RAW,S0,variogram,2024-12-26,T0_TEST_1226,2844.7682660425653
T0,73260,F1,RAW,S0,variogram_normalized,2024-12-26,T0_TEST_1226,0.00659828838554244
T0,73260,F1,RAW,S0,Brier,2024-12-26,T0_TEST_1226,0.0
T0,73260,F1,RAW,S0,marginal_CRPS_normalized,2024-12-26,T0_TEST_1226,0.07040932170572782
T0,73260,F2,RAW,S0,sum_CRPS_normalized,2024-12-26,T0_TEST_1226,0.0792501601716121
T0,73260,F2,RAW,S0,sum_CRPS_Wh,2024-12-26,T0_TEST_1226,820024.8096908554
T0,73260,F2,RAW,S0,energy,2024-12-26,T0_TEST_1226,0.3845792075519455
T0,73260,F2,RAW,S0,variogram,2024-12-26,T0_TEST_1226,2791.1740890808455
T0,73260,F2,RAW,S0,variogram_normalized,2024-12-26,T0_TEST_1226,0.006473979548298848
T0,73260,F2,RAW,S0,Brier,2024-12-26,T0_TEST_1226,0.0
T0,73260,F2,RAW,S0,marginal_CRPS_normalized,2024-12-26,T0_TEST_1226,0.07040932170572782
T0,73260,F3,RAW,S0,sum_CRPS_normalized,2024-12-26,T0_TEST_1226,0.075842729546102
T0,73260,F3,RAW,S0,sum_CRPS_Wh,2024-12-26,T0_TEST_1226,784767.1188020539
T0,73260,F3,RAW,S0,energy,2024-12-26,T0_TEST_1226,0.38501723325062864
T0,73260,F3,RAW,S0,variogram,2024-12-26,T0_TEST_1226,2851.702869612749
T0,73260,F3,RAW,S0,variogram_normalized,2024-12-26,T0_TEST_1226,0.006614372828954464
T0,73260,F3,RAW,S0,Brier,2024-12-26,T0_TEST_1226,0.0
T0,73260,F3,RAW,S0,marginal_CRPS_normalized,2024-12-26,T0_TEST_1226,0.07040932170572782
T0,73260,F0,RAW,S0,sum_CRPS_normalized,2024-12-27,T0_TEST_1227,0.01606514283628236
T0,73260,F0,RAW,S0,sum_CRPS_Wh,2024-12-27,T0_TEST_1227,166230.77692778967
T0,73260,F0,RAW,S0,energy,2024-12-27,T0_TEST_1227,0.3052163851594967
T0,73260,F0,RAW,S0,variogram,2024-12-27,T0_TEST_1227,5804.033905748394
T0,73260,F0,RAW,S0,variogram_normalized,2024-12-27,T0_TEST_1227,0.013462147327335637
T0,73260,F0,RAW,S0,Brier,2024-12-27,T0_TEST_1227,0.0
T0,73260,F0,RAW,S0,marginal_CRPS_normalized,2024-12-27,T0_TEST_1227,0.04948808520150107
T0,73260,F1,RAW,S0,sum_CRPS_normalized,2024-12-27,T0_TEST_1227,0.0158145525664669
T0,73260,F1,RAW,S0,sum_CRPS_Wh,2024-12-27,T0_TEST_1227,163637.84540726244
T0,73260,F1,RAW,S0,energy,2024-12-27,T0_TEST_1227,0.30651973062440796
T0,73260,F1,RAW,S0,variogram,2024-12-27,T0_TEST_1227,5790.563618538139
T0,73260,F1,RAW,S0,variogram_normalized,2024-12-27,T0_TEST_1227,0.01343090371402966
T0,73260,F1,RAW,S0,Brier,2024-12-27,T0_TEST_1227,0.0
T0,73260,F1,RAW,S0,marginal_CRPS_normalized,2024-12-27,T0_TEST_1227,0.04948808520150107
T0,73260,F2,RAW,S0,sum_CRPS_normalized,2024-12-27,T0_TEST_1227,0.01524277542041703
T0,73260,F2,RAW,S0,sum_CRPS_Wh,2024-12-27,T0_TEST_1227,157721.49843257107
T0,73260,F2,RAW,S0,energy,2024-12-27,T0_TEST_1227,0.30311582359944433
T0,73260,F2,RAW,S0,variogram,2024-12-27,T0_TEST_1227,5754.917008563545
T0,73260,F2,RAW,S0,variogram_normalized,2024-12-27,T0_TEST_1227,0.013348223301924766
T0,73260,F2,RAW,S0,Brier,2024-12-27,T0_TEST_1227,0.0
T0,73260,F2,RAW,S0,marginal_CRPS_normalized,2024-12-27,T0_TEST_1227,0.04948808520150106
T0,73260,F3,RAW,S0,sum_CRPS_normalized,2024-12-27,T0_TEST_1227,0.016002149104425264
T0,73260,F3,RAW,S0,sum_CRPS_Wh,2024-12-27,T0_TEST_1227,165578.96218235604
T0,73260,F3,RAW,S0,energy,2024-12-27,T0_TEST_1227,0.30869939141953184
T0,73260,F3,RAW,S0,variogram,2024-12-27,T0_TEST_1227,5685.81860940007
T0,73260,F3,RAW,S0,variogram_normalized,2024-12-27,T0_TEST_1227,0.013187953247557846
T0,73260,F3,RAW,S0,Brier,2024-12-27,T0_TEST_1227,0.0
T0,73260,F3,RAW,S0,marginal_CRPS_normalized,2024-12-27,T0_TEST_1227,0.04948808520150107
T0,73260,F0,RAW,S0,sum_CRPS_normalized,2024-12-28,T0_TEST_1228,0.059150262332737194
T0,73260,F0,RAW,S0,sum_CRPS_Wh,2024-12-28,T0_TEST_1228,612045.2312971056
T0,73260,F0,RAW,S0,energy,2024-12-28,T0_TEST_1228,0.47002466394369913
T0,73260,F0,RAW,S0,variogram,2024-12-28,T0_TEST_1228,7956.999800267909
T0,73260,F0,RAW,S0,variogram_normalized,2024-12-28,T0_TEST_1228,0.018455836980672255
T0,73260,F0,RAW,S0,Brier,2024-12-28,T0_TEST_1228,0.0
T0,73260,F0,RAW,S0,marginal_CRPS_normalized,2024-12-28,T0_TEST_1228,0.07285797931918613
T0,73260,F1,RAW,S0,sum_CRPS_normalized,2024-12-28,T0_TEST_1228,0.047293971390463464
T0,73260,F1,RAW,S0,sum_CRPS_Wh,2024-12-28,T0_TEST_1228,489364.6877811813
T0,73260,F1,RAW,S0,energy,2024-12-28,T0_TEST_1228,0.4569576935487044
T0,73260,F1,RAW,S0,variogram,2024-12-28,T0_TEST_1228,7726.9676974539925
T0,73260,F1,RAW,S0,variogram_normalized,2024-12-28,T0_TEST_1228,0.017922289777402
T0,73260,F1,RAW,S0,Brier,2024-12-28,T0_TEST_1228,0.0
T0,73260,F1,RAW,S0,marginal_CRPS_normalized,2024-12-28,T0_TEST_1228,0.07285797931918615
T0,73260,F2,RAW,S0,sum_CRPS_normalized,2024-12-28,T0_TEST_1228,0.05230861279036789
T0,73260,F2,RAW,S0,sum_CRPS_Wh,2024-12-28,T0_TEST_1228,541252.6631583907
T0,73260,F2,RAW,S0,energy,2024-12-28,T0_TEST_1228,0.466089729538376
T0,73260,F2,RAW,S0,variogram,2024-12-28,T0_TEST_1228,7844.575724040314
T0,73260,F2,RAW,S0,variogram_normalized,2024-12-28,T0_TEST_1228,0.018195075327330335
T0,73260,F2,RAW,S0,Brier,2024-12-28,T0_TEST_1228,0.0
T0,73260,F2,RAW,S0,marginal_CRPS_normalized,2024-12-28,T0_TEST_1228,0.07285797931918614
T0,73260,F3,RAW,S0,sum_CRPS_normalized,2024-12-28,T0_TEST_1228,0.047839761087646704
T0,73260,F3,RAW,S0,sum_CRPS_Wh,2024-12-28,T0_TEST_1228,495012.13494841405
T0,73260,F3,RAW,S0,energy,2024-12-28,T0_TEST_1228,0.46955394632069763
T0,73260,F3,RAW,S0,variogram,2024-12-28,T0_TEST_1228,7847.755768445366
T0,73260,F3,RAW,S0,variogram_normalized,2024-12-28,T0_TEST_1228,0.018202451270852286
T0,73260,F3,RAW,S0,Brier,2024-12-28,T0_TEST_1228,0.0
T0,73260,F3,RAW,S0,marginal_CRPS_normalized,2024-12-28,T0_TEST_1228,0.07285797931918614
T0,73260,F0,RAW,S0,sum_CRPS_normalized,2024-12-29,T0_TEST_1229,0.023834929558157483
T0,73260,F0,RAW,S0,sum_CRPS_Wh,2024-12-29,T0_TEST_1229,246627.05453968607
T0,73260,F0,RAW,S0,energy,2024-12-29,T0_TEST_1229,0.20562201539270325
T0,73260,F0,RAW,S0,variogram,2024-12-29,T0_TEST_1229,2386.484252152498
T0,73260,F0,RAW,S0,variogram_normalized,2024-12-29,T0_TEST_1229,0.00553532303886511
T0,73260,F0,RAW,S0,Brier,2024-12-29,T0_TEST_1229,0.0
T0,73260,F0,RAW,S0,marginal_CRPS_normalized,2024-12-29,T0_TEST_1229,0.03438353102964963
T0,73260,F1,RAW,S0,sum_CRPS_normalized,2024-12-29,T0_TEST_1229,0.020439106232462464
T0,73260,F1,RAW,S0,sum_CRPS_Wh,2024-12-29,T0_TEST_1229,211489.46780968085
T0,73260,F1,RAW,S0,energy,2024-12-29,T0_TEST_1229,0.20343763875814297
T0,73260,F1,RAW,S0,variogram,2024-12-29,T0_TEST_1229,2077.8822888585705
T0,73260,F1,RAW,S0,variogram_normalized,2024-12-29,T0_TEST_1229,0.004819537231471178
T0,73260,F1,RAW,S0,Brier,2024-12-29,T0_TEST_1229,0.0
T0,73260,F1,RAW,S0,marginal_CRPS_normalized,2024-12-29,T0_TEST_1229,0.03438353102964963
T0,73260,F2,RAW,S0,sum_CRPS_normalized,2024-12-29,T0_TEST_1229,0.021598587444152863
T0,73260,F2,RAW,S0,sum_CRPS_Wh,2024-12-29,T0_TEST_1229,223486.96229925193
T0,73260,F2,RAW,S0,energy,2024-12-29,T0_TEST_1229,0.2060603177375852
T0,73260,F2,RAW,S0,variogram,2024-12-29,T0_TEST_1229,2196.931519348981
T0,73260,F2,RAW,S0,variogram_normalized,2024-12-29,T0_TEST_1229,0.0050956655770483025
T0,73260,F2,RAW,S0,Brier,2024-12-29,T0_TEST_1229,0.0
T0,73260,F2,RAW,S0,marginal_CRPS_normalized,2024-12-29,T0_TEST_1229,0.03438353102964963
T0,73260,F3,RAW,S0,sum_CRPS_normalized,2024-12-29,T0_TEST_1229,0.019787690628949427
T0,73260,F3,RAW,S0,sum_CRPS_Wh,2024-12-29,T0_TEST_1229,204749.07819855958
T0,73260,F3,RAW,S0,energy,2024-12-29,T0_TEST_1229,0.21188667068286626
T0,73260,F3,RAW,S0,variogram,2024-12-29,T0_TEST_1229,2106.4070663719945
T0,73260,F3,RAW,S0,variogram_normalized,2024-12-29,T0_TEST_1229,0.0048856989327294795
T0,73260,F3,RAW,S0,Brier,2024-12-29,T0_TEST_1229,0.0
T0,73260,F3,RAW,S0,marginal_CRPS_normalized,2024-12-29,T0_TEST_1229,0.03438353102964963
T1,73260,F0,RAW,S0,sum_CRPS_normalized,2024-10-01,T1_TEST_1001,0.0571527904226859
T1,73260,F0,RAW,S0,sum_CRPS_Wh,2024-10-01,T1_TEST_1001,782006.3412179099
T1,73260,F0,RAW,S0,energy,2024-10-01,T1_TEST_1001,0.7270865061947425
T1,73260,F0,RAW,S0,variogram,2024-10-01,T1_TEST_1001,21722.592807285808
T1,73260,F0,RAW,S0,variogram_normalized,2024-10-01,T1_TEST_1001,0.038102201336688075
T1,73260,F0,RAW,S0,Brier,2024-10-01,T1_TEST_1001,0.0003814697265625
T1,73260,F0,RAW,S0,marginal_CRPS_normalized,2024-10-01,T1_TEST_1001,0.11826242611167026
T1,73260,F1,RAW,S0,sum_CRPS_normalized,2024-10-01,T1_TEST_1001,0.05164545186677873
T1,73260,F1,RAW,S0,sum_CRPS_Wh,2024-10-01,T1_TEST_1001,706650.9011405031
T1,73260,F1,RAW,S0,energy,2024-10-01,T1_TEST_1001,0.7214512691547791
T1,73260,F1,RAW,S0,variogram,2024-10-01,T1_TEST_1001,21523.4578902833
T1,73260,F1,RAW,S0,variogram_normalized,2024-10-01,T1_TEST_1001,0.0377529116009688
T1,73260,F1,RAW,S0,Brier,2024-10-01,T1_TEST_1001,0.01031494140625
T1,73260,F1,RAW,S0,marginal_CRPS_normalized,2024-10-01,T1_TEST_1001,0.11826242611167026
T1,73260,F2,RAW,S0,sum_CRPS_normalized,2024-10-01,T1_TEST_1001,0.05129439604592892
T1,73260,F2,RAW,S0,sum_CRPS_Wh,2024-10-01,T1_TEST_1001,701847.4982620841
T1,73260,F2,RAW,S0,energy,2024-10-01,T1_TEST_1001,0.7251997279819026
T1,73260,F2,RAW,S0,variogram,2024-10-01,T1_TEST_1001,21720.59941232458
T1,73260,F2,RAW,S0,variogram_normalized,2024-10-01,T1_TEST_1001,0.03809870485094026
T1,73260,F2,RAW,S0,Brier,2024-10-01,T1_TEST_1001,0.0003814697265625
T1,73260,F2,RAW,S0,marginal_CRPS_normalized,2024-10-01,T1_TEST_1001,0.11826242611167029
T1,73260,F3,RAW,S0,sum_CRPS_normalized,2024-10-01,T1_TEST_1001,0.05385161898743218
T1,73260,F3,RAW,S0,sum_CRPS_Wh,2024-10-01,T1_TEST_1001,736837.2956345968
T1,73260,F3,RAW,S0,energy,2024-10-01,T1_TEST_1001,0.734160694115196
T1,73260,F3,RAW,S0,variogram,2024-10-01,T1_TEST_1001,21896.17523100033
T1,73260,F3,RAW,S0,variogram_normalized,2024-10-01,T1_TEST_1001,0.03840667108924278
T1,73260,F3,RAW,S0,Brier,2024-10-01,T1_TEST_1001,0.00152587890625
T1,73260,F3,RAW,S0,marginal_CRPS_normalized,2024-10-01,T1_TEST_1001,0.11826242611167026
T1,73260,F0,RAW,S0,sum_CRPS_normalized,2024-10-02,T1_TEST_1002,0.025771823378391016
T1,73260,F0,RAW,S0,sum_CRPS_Wh,2024-10-02,T1_TEST_1002,352628.96452821395
T1,73260,F0,RAW,S0,energy,2024-10-02,T1_TEST_1002,1.2704069728340115
T1,73260,F0,RAW,S0,variogram,2024-10-02,T1_TEST_1002,33180.74525823826
T1,73260,F0,RAW,S0,variogram_normalized,2024-10-02,T1_TEST_1002,0.058200208766364066
T1,73260,F0,RAW,S0,Brier,2024-10-02,T1_TEST_1002,0.1319732666015625
T1,73260,F0,RAW,S0,marginal_CRPS_normalized,2024-10-02,T1_TEST_1002,0.17191445144861478
T1,73260,F1,RAW,S0,sum_CRPS_normalized,2024-10-02,T1_TEST_1002,0.03159411282457517
T1,73260,F1,RAW,S0,sum_CRPS_Wh,2024-10-02,T1_TEST_1002,432293.79337819526
T1,73260,F1,RAW,S0,energy,2024-10-02,T1_TEST_1002,1.2962169828849563
T1,73260,F1,RAW,S0,variogram,2024-10-02,T1_TEST_1002,33853.16598194861
T1,73260,F1,RAW,S0,variogram_normalized,2024-10-02,T1_TEST_1002,0.05937965866100003
T1,73260,F1,RAW,S0,Brier,2024-10-02,T1_TEST_1002,0.1556549072265625
T1,73260,F1,RAW,S0,marginal_CRPS_normalized,2024-10-02,T1_TEST_1002,0.17191445144861478
T1,73260,F2,RAW,S0,sum_CRPS_normalized,2024-10-02,T1_TEST_1002,0.02903538671211111
T1,73260,F2,RAW,S0,sum_CRPS_Wh,2024-10-02,T1_TEST_1002,397283.4285195705
T1,73260,F2,RAW,S0,energy,2024-10-02,T1_TEST_1002,1.2846189619835493
T1,73260,F2,RAW,S0,variogram,2024-10-02,T1_TEST_1002,33956.84551225573
T1,73260,F2,RAW,S0,variogram_normalized,2024-10-02,T1_TEST_1002,0.059561516249240144
T1,73260,F2,RAW,S0,Brier,2024-10-02,T1_TEST_1002,0.1495513916015625
T1,73260,F2,RAW,S0,marginal_CRPS_normalized,2024-10-02,T1_TEST_1002,0.17191445144861478
T1,73260,F3,RAW,S0,sum_CRPS_normalized,2024-10-02,T1_TEST_1002,0.027608376673332484
T1,73260,F3,RAW,S0,sum_CRPS_Wh,2024-10-02,T1_TEST_1002,377758.03192819864
T1,73260,F3,RAW,S0,energy,2024-10-02,T1_TEST_1002,1.3105634154443826
T1,73260,F3,RAW,S0,variogram,2024-10-02,T1_TEST_1002,34573.613200769265
T1,73260,F3,RAW,S0,variogram_normalized,2024-10-02,T1_TEST_1002,0.06064334873830768
T1,73260,F3,RAW,S0,Brier,2024-10-02,T1_TEST_1002,0.0813140869140625
T1,73260,F3,RAW,S0,marginal_CRPS_normalized,2024-10-02,T1_TEST_1002,0.17191445144861478
T1,73260,F0,RAW,S0,sum_CRPS_normalized,2024-10-03,T1_TEST_1003,0.028149958385449918
T1,73260,F0,RAW,S0,sum_CRPS_Wh,2024-10-03,T1_TEST_1003,385168.3496052753
T1,73260,F0,RAW,S0,energy,2024-10-03,T1_TEST_1003,0.6595821797920809
T1,73260,F0,RAW,S0,variogram,2024-10-03,T1_TEST_1003,12965.277669432771
T1,73260,F0,RAW,S0,variogram_normalized,2024-10-03,T1_TEST_1003,0.022741558732395094
T1,73260,F0,RAW,S0,Brier,2024-10-03,T1_TEST_1003,0.390625
T1,73260,F0,RAW,S0,marginal_CRPS_normalized,2024-10-03,T1_TEST_1003,0.1055064452379083
T1,73260,F1,RAW,S0,sum_CRPS_normalized,2024-10-03,T1_TEST_1003,0.0345360786480227
T1,73260,F1,RAW,S0,sum_CRPS_Wh,2024-10-03,T1_TEST_1003,472547.9246737538
T1,73260,F1,RAW,S0,energy,2024-10-03,T1_TEST_1003,0.6588176430287281
T1,73260,F1,RAW,S0,variogram,2024-10-03,T1_TEST_1003,12336.452460267494
T1,73260,F1,RAW,S0,variogram_normalized,2024-10-03,T1_TEST_1003,0.021638576922729892
T1,73260,F1,RAW,S0,Brier,2024-10-03,T1_TEST_1003,0.3571929931640625
T1,73260,F1,RAW,S0,marginal_CRPS_normalized,2024-10-03,T1_TEST_1003,0.1055064452379083
T1,73260,F2,RAW,S0,sum_CRPS_normalized,2024-10-03,T1_TEST_1003,0.032181006897457655
T1,73260,F2,RAW,S0,sum_CRPS_Wh,2024-10-03,T1_TEST_1003,440324.1079651648
T1,73260,F2,RAW,S0,energy,2024-10-03,T1_TEST_1003,0.658417282285782
T1,73260,F2,RAW,S0,variogram,2024-10-03,T1_TEST_1003,12569.21742844455
T1,73260,F2,RAW,S0,variogram_normalized,2024-10-03,T1_TEST_1003,0.02204685496579275
T1,73260,F2,RAW,S0,Brier,2024-10-03,T1_TEST_1003,0.371337890625
T1,73260,F2,RAW,S0,marginal_CRPS_normalized,2024-10-03,T1_TEST_1003,0.1055064452379083
T1,73260,F3,RAW,S0,sum_CRPS_normalized,2024-10-03,T1_TEST_1003,0.03531844613202363
T1,73260,F3,RAW,S0,sum_CRPS_Wh,2024-10-03,T1_TEST_1003,483252.84964988544
T1,73260,F3,RAW,S0,energy,2024-10-03,T1_TEST_1003,0.6730246327948982
T1,73260,F3,RAW,S0,variogram,2024-10-03,T1_TEST_1003,12164.127801297125
T1,73260,F3,RAW,S0,variogram_normalized,2024-10-03,T1_TEST_1003,0.021336313334326076
T1,73260,F3,RAW,S0,Brier,2024-10-03,T1_TEST_1003,0.4461822509765625
T1,73260,F3,RAW,S0,marginal_CRPS_normalized,2024-10-03,T1_TEST_1003,0.1055064452379083
T1,73260,F0,RAW,S0,sum_CRPS_normalized,2024-10-04,T1_TEST_1004,0.060460913050059246
T1,73260,F0,RAW,S0,sum_CRPS_Wh,2024-10-04,T1_TEST_1004,827270.4981033374
T1,73260,F0,RAW,S0,energy,2024-10-04,T1_TEST_1004,0.6878368419207227
T1,73260,F0,RAW,S0,variogram,2024-10-04,T1_TEST_1004,10848.9743587631
T1,73260,F0,RAW,S0,variogram_normalized,2024-10-04,T1_TEST_1004,0.019029487362830503
T1,73260,F0,RAW,S0,Brier,2024-10-04,T1_TEST_1004,0.9384765625
T1,73260,F0,RAW,S0,marginal_CRPS_normalized,2024-10-04,T1_TEST_1004,0.09190420203573882
T1,73260,F1,RAW,S0,sum_CRPS_normalized,2024-10-04,T1_TEST_1004,0.051465272080971715
T1,73260,F1,RAW,S0,sum_CRPS_Wh,2024-10-04,T1_TEST_1004,704185.5493349605
T1,73260,F1,RAW,S0,energy,2024-10-04,T1_TEST_1004,0.6904636992849684
T1,73260,F1,RAW,S0,variogram,2024-10-04,T1_TEST_1004,10170.692361539725
T1,73260,F1,RAW,S0,variogram_normalized,2024-10-04,T1_TEST_1004,0.017839756585729723
T1,73260,F1,RAW,S0,Brier,2024-10-04,T1_TEST_1004,0.7318267822265625
T1,73260,F1,RAW,S0,marginal_CRPS_normalized,2024-10-04,T1_TEST_1004,0.0919042020357388
T1,73260,F2,RAW,S0,sum_CRPS_normalized,2024-10-04,T1_TEST_1004,0.05273769835306494
T1,73260,F2,RAW,S0,sum_CRPS_Wh,2024-10-04,T1_TEST_1004,721595.8176027054
T1,73260,F2,RAW,S0,energy,2024-10-04,T1_TEST_1004,0.6859378467474879
T1,73260,F2,RAW,S0,variogram,2024-10-04,T1_TEST_1004,10473.95240741902
T1,73260,F2,RAW,S0,variogram_normalized,2024-10-04,T1_TEST_1004,0.018371685505448303
T1,73260,F2,RAW,S0,Brier,2024-10-04,T1_TEST_1004,0.9159088134765625
T1,73260,F2,RAW,S0,marginal_CRPS_normalized,2024-10-04,T1_TEST_1004,0.09190420203573882
T1,73260,F3,RAW,S0,sum_CRPS_normalized,2024-10-04,T1_TEST_1004,0.051416003484587074
T1,73260,F3,RAW,S0,sum_CRPS_Wh,2024-10-04,T1_TEST_1004,703511.4203114999
T1,73260,F3,RAW,S0,energy,2024-10-04,T1_TEST_1004,0.6848851615561041
T1,73260,F3,RAW,S0,variogram,2024-10-04,T1_TEST_1004,10041.615455961122
T1,73260,F3,RAW,S0,variogram_normalized,2024-10-04,T1_TEST_1004,0.017613351096849823
T1,73260,F3,RAW,S0,Brier,2024-10-04,T1_TEST_1004,1.0
T1,73260,F3,RAW,S0,marginal_CRPS_normalized,2024-10-04,T1_TEST_1004,0.0919042020357388
T1,73260,F0,RAW,S0,sum_CRPS_normalized,2024-10-05,T1_TEST_1005,0.14010544594758312
T1,73260,F0,RAW,S0,sum_CRPS_Wh,2024-10-05,T1_TEST_1005,1917025.33436904
T1,73260,F0,RAW,S0,energy,2024-10-05,T1_TEST_1005,0.8478672328723427
T1,73260,F0,RAW,S0,variogram,2024-10-05,T1_TEST_1005,10351.620404302486
T1,73260,F0,RAW,S0,variogram_normalized,2024-10-05,T1_TEST_1005,0.01815711081567632
T1,73260,F0,RAW,S0,Brier,2024-10-05,T1_TEST_1005,0.3120269775390625
T1,73260,F0,RAW,S0,marginal_CRPS_normalized,2024-10-05,T1_TEST_1005,0.11599645110147265
T1,73260,F1,RAW,S0,sum_CRPS_normalized,2024-10-05,T1_TEST_1005,0.11626025372694299
T1,73260,F1,RAW,S0,sum_CRPS_Wh,2024-10-05,T1_TEST_1005,1590757.9485390233
T1,73260,F1,RAW,S0,energy,2024-10-05,T1_TEST_1005,0.815594102540063
T1,73260,F1,RAW,S0,variogram,2024-10-05,T1_TEST_1005,10060.345832574683
T1,73260,F1,RAW,S0,variogram_normalized,2024-10-05,T1_TEST_1005,0.017646204844428356
T1,73260,F1,RAW,S0,Brier,2024-10-05,T1_TEST_1005,0.2863922119140625
T1,73260,F1,RAW,S0,marginal_CRPS_normalized,2024-10-05,T1_TEST_1005,0.11599645110147265
T1,73260,F2,RAW,S0,sum_CRPS_normalized,2024-10-05,T1_TEST_1005,0.12470848900272903
T1,73260,F2,RAW,S0,sum_CRPS_Wh,2024-10-05,T1_TEST_1005,1706352.8916538768
T1,73260,F2,RAW,S0,energy,2024-10-05,T1_TEST_1005,0.8289156753452582
T1,73260,F2,RAW,S0,variogram,2024-10-05,T1_TEST_1005,10156.58213471354
T1,73260,F2,RAW,S0,variogram_normalized,2024-10-05,T1_TEST_1005,0.017815006745404156
T1,73260,F2,RAW,S0,Brier,2024-10-05,T1_TEST_1005,0.29058837890625
T1,73260,F2,RAW,S0,marginal_CRPS_normalized,2024-10-05,T1_TEST_1005,0.11599645110147265
T1,73260,F3,RAW,S0,sum_CRPS_normalized,2024-10-05,T1_TEST_1005,0.11635319198161531
T1,73260,F3,RAW,S0,sum_CRPS_Wh,2024-10-05,T1_TEST_1005,1592029.5978138526
T1,73260,F3,RAW,S0,energy,2024-10-05,T1_TEST_1005,0.8169801087892455
T1,73260,F3,RAW,S0,variogram,2024-10-05,T1_TEST_1005,9887.045387859322
T1,73260,F3,RAW,S0,variogram_normalized,2024-10-05,T1_TEST_1005,0.017342229693079594
T1,73260,F3,RAW,S0,Brier,2024-10-05,T1_TEST_1005,0.2780914306640625
T1,73260,F3,RAW,S0,marginal_CRPS_normalized,2024-10-05,T1_TEST_1005,0.11599645110147265
T1,73260,F0,RAW,S0,sum_CRPS_normalized,2024-10-06,T1_TEST_1006,0.06564183445501941
T1,73260,F0,RAW,S0,sum_CRPS_Wh,2024-10-06,T1_TEST_1006,898159.6596310004
T1,73260,F0,RAW,S0,energy,2024-10-06,T1_TEST_1006,1.0387082301001667
T1,73260,F0,RAW,S0,variogram,2024-10-06,T1_TEST_1006,23494.895640790914
T1,73260,F0,RAW,S0,variogram_normalized,2024-10-06,T1_TEST_1006,0.041210883619272
T1,73260,F0,RAW,S0,Brier,2024-10-06,T1_TEST_1006,0.19830322265625
T1,73260,F0,RAW,S0,marginal_CRPS_normalized,2024-10-06,T1_TEST_1006,0.12898866439003723
T1,73260,F1,RAW,S0,sum_CRPS_normalized,2024-10-06,T1_TEST_1006,0.05470452026112511
T1,73260,F1,RAW,S0,sum_CRPS_Wh,2024-10-06,T1_TEST_1006,748507.315585118
T1,73260,F1,RAW,S0,energy,2024-10-06,T1_TEST_1006,1.0414874567808763
T1,73260,F1,RAW,S0,variogram,2024-10-06,T1_TEST_1006,23905.826714873256
T1,73260,F1,RAW,S0,variogram_normalized,2024-10-06,T1_TEST_1006,0.04193167135667945
T1,73260,F1,RAW,S0,Brier,2024-10-06,T1_TEST_1006,0.205322265625
T1,73260,F1,RAW,S0,marginal_CRPS_normalized,2024-10-06,T1_TEST_1006,0.12898866439003723
T1,73260,F2,RAW,S0,sum_CRPS_normalized,2024-10-06,T1_TEST_1006,0.054012399127998226
T1,73260,F2,RAW,S0,sum_CRPS_Wh,2024-10-06,T1_TEST_1006,739037.2072843113
T1,73260,F2,RAW,S0,energy,2024-10-06,T1_TEST_1006,1.0332022986790608
T1,73260,F2,RAW,S0,variogram,2024-10-06,T1_TEST_1006,23434.696413381018
T1,73260,F2,RAW,S0,variogram_normalized,2024-10-06,T1_TEST_1006,0.04110529203066957
T1,73260,F2,RAW,S0,Brier,2024-10-06,T1_TEST_1006,0.1812896728515625
T1,73260,F2,RAW,S0,marginal_CRPS_normalized,2024-10-06,T1_TEST_1006,0.12898866439003723
T1,73260,F3,RAW,S0,sum_CRPS_normalized,2024-10-06,T1_TEST_1006,0.052025265061210524
T1,73260,F3,RAW,S0,sum_CRPS_Wh,2024-10-06,T1_TEST_1006,711847.7834681594
T1,73260,F3,RAW,S0,energy,2024-10-06,T1_TEST_1006,1.0421231724657516
T1,73260,F3,RAW,S0,variogram,2024-10-06,T1_TEST_1006,24076.47754006821
T1,73260,F3,RAW,S0,variogram_normalized,2024-10-06,T1_TEST_1006,0.0422309989810351
T1,73260,F3,RAW,S0,Brier,2024-10-06,T1_TEST_1006,0.152587890625
T1,73260,F3,RAW,S0,marginal_CRPS_normalized,2024-10-06,T1_TEST_1006,0.12898866439003723
T1,73260,F0,RAW,S0,sum_CRPS_normalized,2024-10-07,T1_TEST_1007,0.04126852203334156
T1,73260,F0,RAW,S0,sum_CRPS_Wh,2024-10-07,T1_TEST_1007,564666.1463786408
T1,73260,F0,RAW,S0,energy,2024-10-07,T1_TEST_1007,1.0810484806883118
T1,73260,F0,RAW,S0,variogram,2024-10-07,T1_TEST_1007,27813.408945756346
T1,73260,F0,RAW,S0,variogram_normalized,2024-10-07,T1_TEST_1007,0.048785709740662556
T1,73260,F0,RAW,S0,Brier,2024-10-07,T1_TEST_1007,0.64752197265625
T1,73260,F0,RAW,S0,marginal_CRPS_normalized,2024-10-07,T1_TEST_1007,0.13400702952326218
T1,73260,F1,RAW,S0,sum_CRPS_normalized,2024-10-07,T1_TEST_1007,0.042861171066357694
T1,73260,F1,RAW,S0,sum_CRPS_Wh,2024-10-07,T1_TEST_1007,586457.9370146203
T1,73260,F1,RAW,S0,energy,2024-10-07,T1_TEST_1007,1.0883677022199127
T1,73260,F1,RAW,S0,variogram,2024-10-07,T1_TEST_1007,28389.442682509296
T1,73260,F1,RAW,S0,variogram_normalized,2024-10-07,T1_TEST_1007,0.04979609342778503
T1,73260,F1,RAW,S0,Brier,2024-10-07,T1_TEST_1007,0.4889068603515625
T1,73260,F1,RAW,S0,marginal_CRPS_normalized,2024-10-07,T1_TEST_1007,0.13400702952326218
T1,73260,F2,RAW,S0,sum_CRPS_normalized,2024-10-07,T1_TEST_1007,0.03839863236899635
T1,73260,F2,RAW,S0,sum_CRPS_Wh,2024-10-07,T1_TEST_1007,525398.2138854817
T1,73260,F2,RAW,S0,energy,2024-10-07,T1_TEST_1007,1.083519755794948
T1,73260,F2,RAW,S0,variogram,2024-10-07,T1_TEST_1007,28086.82347426646
T1,73260,F2,RAW,S0,variogram_normalized,2024-10-07,T1_TEST_1007,0.04926528856010136
T1,73260,F2,RAW,S0,Brier,2024-10-07,T1_TEST_1007,0.67291259765625
T1,73260,F2,RAW,S0,marginal_CRPS_normalized,2024-10-07,T1_TEST_1007,0.1340070295232622
T1,73260,F3,RAW,S0,sum_CRPS_normalized,2024-10-07,T1_TEST_1007,0.041916356485175686
T1,73260,F3,RAW,S0,sum_CRPS_Wh,2024-10-07,T1_TEST_1007,573530.291867373
T1,73260,F3,RAW,S0,energy,2024-10-07,T1_TEST_1007,1.0911395190891604
T1,73260,F3,RAW,S0,variogram,2024-10-07,T1_TEST_1007,28806.11643011244
T1,73260,F3,RAW,S0,variogram_normalized,2024-10-07,T1_TEST_1007,0.050526954019047526
T1,73260,F3,RAW,S0,Brier,2024-10-07,T1_TEST_1007,0.6103515625
T1,73260,F3,RAW,S0,marginal_CRPS_normalized,2024-10-07,T1_TEST_1007,0.1340070295232622
T1,73260,F0,RAW,S0,sum_CRPS_normalized,2024-10-08,T1_TEST_1008,0.038428702939035976
T1,73260,F0,RAW,S0,sum_CRPS_Wh,2024-10-08,T1_TEST_1008,525809.6614505282
T1,73260,F0,RAW,S0,energy,2024-10-08,T1_TEST_1008,0.695543792437245
T1,73260,F0,RAW,S0,variogram,2024-10-08,T1_TEST_1008,15076.609714553182
T1,73260,F0,RAW,S0,variogram_normalized,2024-10-08,T1_TEST_1008,0.026444910325156955
T1,73260,F0,RAW,S0,Brier,2024-10-08,T1_TEST_1008,0.0282135009765625
T1,73260,F0,RAW,S0,marginal_CRPS_normalized,2024-10-08,T1_TEST_1008,0.09181788908228157
T1,73260,F1,RAW,S0,sum_CRPS_normalized,2024-10-08,T1_TEST_1008,0.03976553468680362
T1,73260,F1,RAW,S0,sum_CRPS_Wh,2024-10-08,T1_TEST_1008,544101.1726114734
T1,73260,F1,RAW,S0,energy,2024-10-08,T1_TEST_1008,0.6917311034033747
T1,73260,F1,RAW,S0,variogram,2024-10-08,T1_TEST_1008,14778.657689974209
T1,73260,F1,RAW,S0,variogram_normalized,2024-10-08,T1_TEST_1008,0.025922291863820508
T1,73260,F1,RAW,S0,Brier,2024-10-08,T1_TEST_1008,0.09765625
T1,73260,F1,RAW,S0,marginal_CRPS_normalized,2024-10-08,T1_TEST_1008,0.0918178890822816
T1,73260,F2,RAW,S0,sum_CRPS_normalized,2024-10-08,T1_TEST_1008,0.03901508744557473
T1,73260,F2,RAW,S0,sum_CRPS_Wh,2024-10-08,T1_TEST_1008,533833.0037775412
T1,73260,F2,RAW,S0,energy,2024-10-08,T1_TEST_1008,0.694275761950979
T1,73260,F2,RAW,S0,variogram,2024-10-08,T1_TEST_1008,14886.258394566412
T1,73260,F2,RAW,S0,variogram_normalized,2024-10-08,T1_TEST_1008,0.026111027331391697
T1,73260,F2,RAW,S0,Brier,2024-10-08,T1_TEST_1008,0.0256500244140625
T1,73260,F2,RAW,S0,marginal_CRPS_normalized,2024-10-08,T1_TEST_1008,0.09181788908228163
T1,73260,F3,RAW,S0,sum_CRPS_normalized,2024-10-08,T1_TEST_1008,0.04014931223799211
T1,73260,F3,RAW,S0,sum_CRPS_Wh,2024-10-08,T1_TEST_1008,549352.2981720436
T1,73260,F3,RAW,S0,energy,2024-10-08,T1_TEST_1008,0.6884126630208538
T1,73260,F3,RAW,S0,variogram,2024-10-08,T1_TEST_1008,15087.784476677432
T1,73260,F3,RAW,S0,variogram_normalized,2024-10-08,T1_TEST_1008,0.02646451125586192
T1,73260,F3,RAW,S0,Brier,2024-10-08,T1_TEST_1008,0.0495758056640625
T1,73260,F3,RAW,S0,marginal_CRPS_normalized,2024-10-08,T1_TEST_1008,0.0918178890822816
T1,73260,F0,RAW,S0,sum_CRPS_normalized,2024-10-09,T1_TEST_1009,0.017518071967467748
T1,73260,F0,RAW,S0,sum_CRPS_Wh,2024-10-09,T1_TEST_1009,239695.09210584033
T1,73260,F0,RAW,S0,energy,2024-10-09,T1_TEST_1009,0.838102342165365
T1,73260,F0,RAW,S0,variogram,2024-10-09,T1_TEST_1009,20921.41768942963
T1,73260,F0,RAW,S0,variogram_normalized,2024-10-09,T1_TEST_1009,0.03669691164971009
T1,73260,F0,RAW,S0,Brier,2024-10-09,T1_TEST_1009,0.0
T1,73260,F0,RAW,S0,marginal_CRPS_normalized,2024-10-09,T1_TEST_1009,0.11678313266539699
T1,73260,F1,RAW,S0,sum_CRPS_normalized,2024-10-09,T1_TEST_1009,0.02465267091914349
T1,73260,F1,RAW,S0,sum_CRPS_Wh,2024-10-09,T1_TEST_1009,337315.9008361603
T1,73260,F1,RAW,S0,energy,2024-10-09,T1_TEST_1009,0.8436249413746948
T1,73260,F1,RAW,S0,variogram,2024-10-09,T1_TEST_1009,21445.088623671112
T1,73260,F1,RAW,S0,variogram_normalized,2024-10-09,T1_TEST_1009,0.03761544911656111
T1,73260,F1,RAW,S0,Brier,2024-10-09,T1_TEST_1009,0.00390625
T1,73260,F1,RAW,S0,marginal_CRPS_normalized,2024-10-09,T1_TEST_1009,0.11678313266539701
T1,73260,F2,RAW,S0,sum_CRPS_normalized,2024-10-09,T1_TEST_1009,0.02263111286171016
T1,73260,F2,RAW,S0,sum_CRPS_Wh,2024-10-09,T1_TEST_1009,309655.46276548435
T1,73260,F2,RAW,S0,energy,2024-10-09,T1_TEST_1009,0.8458733842019647
T1,73260,F2,RAW,S0,variogram,2024-10-09,T1_TEST_1009,21091.327481011787
T1,73260,F2,RAW,S0,variogram_normalized,2024-10-09,T1_TEST_1009,0.036994939474720316
T1,73260,F2,RAW,S0,Brier,2024-10-09,T1_TEST_1009,0.0
T1,73260,F2,RAW,S0,marginal_CRPS_normalized,2024-10-09,T1_TEST_1009,0.11678313266539701
T1,73260,F3,RAW,S0,sum_CRPS_normalized,2024-10-09,T1_TEST_1009,0.026768195991348904
T1,73260,F3,RAW,S0,sum_CRPS_Wh,2024-10-09,T1_TEST_1009,366262.0644308855
T1,73260,F3,RAW,S0,energy,2024-10-09,T1_TEST_1009,0.866566893159561
T1,73260,F3,RAW,S0,variogram,2024-10-09,T1_TEST_1009,22022.6699893545
T1,73260,F3,RAW,S0,variogram_normalized,2024-10-09,T1_TEST_1009,0.03862854739993944
T1,73260,F3,RAW,S0,Brier,2024-10-09,T1_TEST_1009,0.0
T1,73260,F3,RAW,S0,marginal_CRPS_normalized,2024-10-09,T1_TEST_1009,0.11678313266539699
T1,73260,F0,RAW,S0,sum_CRPS_normalized,2024-10-10,T1_TEST_1010,0.013839718517421952
T1,73260,F0,RAW,S0,sum_CRPS_Wh,2024-10-10,T1_TEST_1010,189365.16592195956
T1,73260,F0,RAW,S0,energy,2024-10-10,T1_TEST_1010,0.7454820299428951
T1,73260,F0,RAW,S0,variogram,2024-10-10,T1_TEST_1010,19490.032496676537
T1,73260,F0,RAW,S0,variogram_normalized,2024-10-10,T1_TEST_1010,0.03418621104925783
T1,73260,F0,RAW,S0,Brier,2024-10-10,T1_TEST_1010,0.0282135009765625
T1,73260,F0,RAW,S0,marginal_CRPS_normalized,2024-10-10,T1_TEST_1010,0.10737889335052794
T1,73260,F1,RAW,S0,sum_CRPS_normalized,2024-10-10,T1_TEST_1010,0.026540758967670292
T1,73260,F1,RAW,S0,sum_CRPS_Wh,2024-10-10,T1_TEST_1010,363150.1044823157
T1,73260,F1,RAW,S0,energy,2024-10-10,T1_TEST_1010,0.7524032719361545
T1,73260,F1,RAW,S0,variogram,2024-10-10,T1_TEST_1010,19262.990191809375
T1,73260,F1,RAW,S0,variogram_normalized,2024-10-10,T1_TEST_1010,0.03378797076142751
T1,73260,F1,RAW,S0,Brier,2024-10-10,T1_TEST_1010,0.09283447265625
T1,73260,F1,RAW,S0,marginal_CRPS_normalized,2024-10-10,T1_TEST_1010,0.10737889335052794
T1,73260,F2,RAW,S0,sum_CRPS_normalized,2024-10-10,T1_TEST_1010,0.01962369995503812
T1,73260,F2,RAW,S0,sum_CRPS_Wh,2024-10-10,T1_TEST_1010,268505.8365392799
T1,73260,F2,RAW,S0,energy,2024-10-10,T1_TEST_1010,0.7498284199075286
T1,73260,F2,RAW,S0,variogram,2024-10-10,T1_TEST_1010,19182.299462764036
T1,73260,F2,RAW,S0,variogram_normalized,2024-10-10,T1_TEST_1010,0.0336464363492436
T1,73260,F2,RAW,S0,Brier,2024-10-10,T1_TEST_1010,0.0461578369140625
T1,73260,F2,RAW,S0,marginal_CRPS_normalized,2024-10-10,T1_TEST_1010,0.1073788933505279
T1,73260,F3,RAW,S0,sum_CRPS_normalized,2024-10-10,T1_TEST_1010,0.020645884993004376
T1,73260,F3,RAW,S0,sum_CRPS_Wh,2024-10-10,T1_TEST_1010,282492.1209477205
T1,73260,F3,RAW,S0,energy,2024-10-10,T1_TEST_1010,0.7517484892040136
T1,73260,F3,RAW,S0,variogram,2024-10-10,T1_TEST_1010,19654.7165232121
T1,73260,F3,RAW,S0,variogram_normalized,2024-10-10,T1_TEST_1010,0.034475072696284144
T1,73260,F3,RAW,S0,Brier,2024-10-10,T1_TEST_1010,0.041259765625
T1,73260,F3,RAW,S0,marginal_CRPS_normalized,2024-10-10,T1_TEST_1010,0.10737889335052796
T1,73260,F0,RAW,S0,sum_CRPS_normalized,2024-10-11,T1_TEST_1011,0.10374550095274329
T1,73260,F0,RAW,S0,sum_CRPS_Wh,2024-10-11,T1_TEST_1011,1419521.934412337
T1,73260,F0,RAW,S0,energy,2024-10-11,T1_TEST_1011,1.4507459476130853
T1,73260,F0,RAW,S0,variogram,2024-10-11,T1_TEST_1011,30102.3430552903
T1,73260,F0,RAW,S0,variogram_normalized,2024-10-11,T1_TEST_1011,0.05280058167890669
T1,73260,F0,RAW,S0,Brier,2024-10-11,T1_TEST_1011,0.0007476806640625
T1,73260,F0,RAW,S0,marginal_CRPS_normalized,2024-10-11,T1_TEST_1011,0.1813711635636861
T1,73260,F1,RAW,S0,sum_CRPS_normalized,2024-10-11,T1_TEST_1011,0.085541526798549
T1,73260,F1,RAW,S0,sum_CRPS_Wh,2024-10-11,T1_TEST_1011,1170441.8261855254
T1,73260,F1,RAW,S0,energy,2024-10-11,T1_TEST_1011,1.46683151638498
T1,73260,F1,RAW,S0,variogram,2024-10-11,T1_TEST_1011,30914.707775169172
T1,73260,F1,RAW,S0,variogram_normalized,2024-10-11,T1_TEST_1011,0.054225498326299956
T1,73260,F1,RAW,S0,Brier,2024-10-11,T1_TEST_1011,0.0282135009765625
T1,73260,F1,RAW,S0,marginal_CRPS_normalized,2024-10-11,T1_TEST_1011,0.1813711635636861
T1,73260,F2,RAW,S0,sum_CRPS_normalized,2024-10-11,T1_TEST_1011,0.08910187508845718
T1,73260,F2,RAW,S0,sum_CRPS_Wh,2024-10-11,T1_TEST_1011,1219157.1193332663
T1,73260,F2,RAW,S0,energy,2024-10-11,T1_TEST_1011,1.4584410716185963
T1,73260,F2,RAW,S0,variogram,2024-10-11,T1_TEST_1011,30377.289706160253
T1,73260,F2,RAW,S0,variogram_normalized,2024-10-11,T1_TEST_1011,0.05328284789552431
T1,73260,F2,RAW,S0,Brier,2024-10-11,T1_TEST_1011,0.00152587890625
T1,73260,F2,RAW,S0,marginal_CRPS_normalized,2024-10-11,T1_TEST_1011,0.1813711635636861
T1,73260,F3,RAW,S0,sum_CRPS_normalized,2024-10-11,T1_TEST_1011,0.08081449438059288
T1,73260,F3,RAW,S0,sum_CRPS_Wh,2024-10-11,T1_TEST_1011,1105763.1062377235
T1,73260,F3,RAW,S0,energy,2024-10-11,T1_TEST_1011,1.4698836792443242
T1,73260,F3,RAW,S0,variogram,2024-10-11,T1_TEST_1011,31083.225281082014
T1,73260,F3,RAW,S0,variogram_normalized,2024-10-11,T1_TEST_1011,0.054521084032666194
T1,73260,F3,RAW,S0,Brier,2024-10-11,T1_TEST_1011,0.0025787353515625
T1,73260,F3,RAW,S0,marginal_CRPS_normalized,2024-10-11,T1_TEST_1011,0.1813711635636861
T1,73260,F0,RAW,S0,sum_CRPS_normalized,2024-10-12,T1_TEST_1012,0.012823064867552277
T1,73260,F0,RAW,S0,sum_CRPS_Wh,2024-10-12,T1_TEST_1012,175454.56601702748
T1,73260,F0,RAW,S0,energy,2024-10-12,T1_TEST_1012,0.6480840189354475
T1,73260,F0,RAW,S0,variogram,2024-10-12,T1_TEST_1012,16246.732191055024
T1,73260,F0,RAW,S0,variogram_normalized,2024-10-12,T1_TEST_1012,0.028497346817604744
T1,73260,F0,RAW,S0,Brier,2024-10-12,T1_TEST_1012,0.00390625
T1,73260,F0,RAW,S0,marginal_CRPS_normalized,2024-10-12,T1_TEST_1012,0.09486528539187704
T1,73260,F1,RAW,S0,sum_CRPS_normalized,2024-10-12,T1_TEST_1012,0.02224263775132014
T1,73260,F1,RAW,S0,sum_CRPS_Wh,2024-10-12,T1_TEST_1012,304340.0617591017
T1,73260,F1,RAW,S0,energy,2024-10-12,T1_TEST_1012,0.6470408877188758
T1,73260,F1,RAW,S0,variogram,2024-10-12,T1_TEST_1012,15624.906306449553
T1,73260,F1,RAW,S0,variogram_normalized,2024-10-12,T1_TEST_1012,0.027406642072466993
T1,73260,F1,RAW,S0,Brier,2024-10-12,T1_TEST_1012,0.03515625
T1,73260,F1,RAW,S0,marginal_CRPS_normalized,2024-10-12,T1_TEST_1012,0.09486528539187704
T1,73260,F2,RAW,S0,sum_CRPS_normalized,2024-10-12,T1_TEST_1012,0.01984413125226494
T1,73260,F2,RAW,S0,sum_CRPS_Wh,2024-10-12,T1_TEST_1012,271521.9390070579
T1,73260,F2,RAW,S0,energy,2024-10-12,T1_TEST_1012,0.6526484777642019
T1,73260,F2,RAW,S0,variogram,2024-10-12,T1_TEST_1012,15810.3850366929
T1,73260,F2,RAW,S0,variogram_normalized,2024-10-12,T1_TEST_1012,0.02773197837030686
T1,73260,F2,RAW,S0,Brier,2024-10-12,T1_TEST_1012,0.002197265625
T1,73260,F2,RAW,S0,marginal_CRPS_normalized,2024-10-12,T1_TEST_1012,0.09486528539187704
T1,73260,F3,RAW,S0,sum_CRPS_normalized,2024-10-12,T1_TEST_1012,0.020853087873034522
T1,73260,F3,RAW,S0,sum_CRPS_Wh,2024-10-12,T1_TEST_1012,285327.22252200637
T1,73260,F3,RAW,S0,energy,2024-10-12,T1_TEST_1012,0.6784507772877524
T1,73260,F3,RAW,S0,variogram,2024-10-12,T1_TEST_1012,15669.763095411243
T1,73260,F3,RAW,S0,variogram_normalized,2024-10-12,T1_TEST_1012,0.027485322477679135
T1,73260,F3,RAW,S0,Brier,2024-10-12,T1_TEST_1012,0.0067291259765625
T1,73260,F3,RAW,S0,marginal_CRPS_normalized,2024-10-12,T1_TEST_1012,0.09486528539187704
T1,73260,F0,RAW,S0,sum_CRPS_normalized,2024-10-13,T1_TEST_1013,0.012178692300831984
T1,73260,F0,RAW,S0,sum_CRPS_Wh,2024-10-13,T1_TEST_1013,166637.7885761466
T1,73260,F0,RAW,S0,energy,2024-10-13,T1_TEST_1013,0.6251501918820641
T1,73260,F0,RAW,S0,variogram,2024-10-13,T1_TEST_1013,10918.777241882079
T1,73260,F0,RAW,S0,variogram_normalized,2024-10-13,T1_TEST_1013,0.01915192410553778
T1,73260,F0,RAW,S0,Brier,2024-10-13,T1_TEST_1013,0.0478515625
T1,73260,F0,RAW,S0,marginal_CRPS_normalized,2024-10-13,T1_TEST_1013,0.08664200371750187
T1,73260,F1,RAW,S0,sum_CRPS_normalized,2024-10-13,T1_TEST_1013,0.02602421154214055
T1,73260,F1,RAW,S0,sum_CRPS_Wh,2024-10-13,T1_TEST_1013,356082.324251174
T1,73260,F1,RAW,S0,energy,2024-10-13,T1_TEST_1013,0.6256128101457225
T1,73260,F1,RAW,S0,variogram,2024-10-13,T1_TEST_1013,10776.974276139526
T1,73260,F1,RAW,S0,variogram_normalized,2024-10-13,T1_TEST_1013,0.01890319665394876
T1,73260,F1,RAW,S0,Brier,2024-10-13,T1_TEST_1013,0.10260009765625
T1,73260,F1,RAW,S0,marginal_CRPS_normalized,2024-10-13,T1_TEST_1013,0.08664200371750187
T1,73260,F2,RAW,S0,sum_CRPS_normalized,2024-10-13,T1_TEST_1013,0.022225528436349135
T1,73260,F2,RAW,S0,sum_CRPS_Wh,2024-10-13,T1_TEST_1013,304105.9595796233
T1,73260,F2,RAW,S0,energy,2024-10-13,T1_TEST_1013,0.6215107993351114
T1,73260,F2,RAW,S0,variogram,2024-10-13,T1_TEST_1013,10797.194589540522
T1,73260,F2,RAW,S0,variogram_normalized,2024-10-13,T1_TEST_1013,0.018938663803709874
T1,73260,F2,RAW,S0,Brier,2024-10-13,T1_TEST_1013,0.0531158447265625
T1,73260,F2,RAW,S0,marginal_CRPS_normalized,2024-10-13,T1_TEST_1013,0.08664200371750184
T1,73260,F3,RAW,S0,sum_CRPS_normalized,2024-10-13,T1_TEST_1013,0.024179060343901167
T1,73260,F3,RAW,S0,sum_CRPS_Wh,2024-10-13,T1_TEST_1013,330835.6140405685
T1,73260,F3,RAW,S0,energy,2024-10-13,T1_TEST_1013,0.6334203866355204
T1,73260,F3,RAW,S0,variogram,2024-10-13,T1_TEST_1013,10970.739331529918
T1,73260,F3,RAW,S0,variogram_normalized,2024-10-13,T1_TEST_1013,0.019243067461176846
T1,73260,F3,RAW,S0,Brier,2024-10-13,T1_TEST_1013,0.0461578369140625
T1,73260,F3,RAW,S0,marginal_CRPS_normalized,2024-10-13,T1_TEST_1013,0.0866420037175019
T1,73260,F0,RAW,S0,sum_CRPS_normalized,2024-10-14,T1_TEST_1014,0.12232129247071409
T1,73260,F0,RAW,S0,sum_CRPS_Wh,2024-10-14,T1_TEST_1014,1673689.5201550797
T1,73260,F0,RAW,S0,energy,2024-10-14,T1_TEST_1014,0.9043604594179173
T1,73260,F0,RAW,S0,variogram,2024-10-14,T1_TEST_1014,17767.57683704881
T1,73260,F0,RAW,S0,variogram_normalized,2024-10-14,T1_TEST_1014,0.03116496248473835
T1,73260,F0,RAW,S0,Brier,2024-10-14,T1_TEST_1014,0.0007476806640625
T1,73260,F0,RAW,S0,marginal_CRPS_normalized,2024-10-14,T1_TEST_1014,0.1329846448097274
T1,73260,F1,RAW,S0,sum_CRPS_normalized,2024-10-14,T1_TEST_1014,0.09838329287379102
T1,73260,F1,RAW,S0,sum_CRPS_Wh,2024-10-14,T1_TEST_1014,1346152.2758242213
T1,73260,F1,RAW,S0,energy,2024-10-14,T1_TEST_1014,0.9043570707303872
T1,73260,F1,RAW,S0,variogram,2024-10-14,T1_TEST_1014,17969.670138220357
T1,73260,F1,RAW,S0,variogram_normalized,2024-10-14,T1_TEST_1014,0.0315194413316397
T1,73260,F1,RAW,S0,Brier,2024-10-14,T1_TEST_1014,0.01031494140625
T1,73260,F1,RAW,S0,marginal_CRPS_normalized,2024-10-14,T1_TEST_1014,0.1329846448097274
T1,73260,F2,RAW,S0,sum_CRPS_normalized,2024-10-14,T1_TEST_1014,0.10760103002843241
T1,73260,F2,RAW,S0,sum_CRPS_Wh,2024-10-14,T1_TEST_1014,1472276.107281946
T1,73260,F2,RAW,S0,energy,2024-10-14,T1_TEST_1014,0.9011606501409417
T1,73260,F2,RAW,S0,variogram,2024-10-14,T1_TEST_1014,17871.691216840813
T1,73260,F2,RAW,S0,variogram_normalized,2024-10-14,T1_TEST_1014,0.031347582814460165
T1,73260,F2,RAW,S0,Brier,2024-10-14,T1_TEST_1014,0.0009765625
T1,73260,F2,RAW,S0,marginal_CRPS_normalized,2024-10-14,T1_TEST_1014,0.13298464480972738
T1,73260,F3,RAW,S0,sum_CRPS_normalized,2024-10-14,T1_TEST_1014,0.10211280372138792
T1,73260,F3,RAW,S0,sum_CRPS_Wh,2024-10-14,T1_TEST_1014,1397182.174992611
T1,73260,F3,RAW,S0,energy,2024-10-14,T1_TEST_1014,0.927041206465776
T1,73260,F3,RAW,S0,variogram,2024-10-14,T1_TEST_1014,18136.3015702498
T1,73260,F3,RAW,S0,variogram_normalized,2024-10-14,T1_TEST_1014,0.031811718797250386
T1,73260,F3,RAW,S0,Brier,2024-10-14,T1_TEST_1014,0.0003814697265625
T1,73260,F3,RAW,S0,marginal_CRPS_normalized,2024-10-14,T1_TEST_1014,0.13298464480972738
T1,73260,F0,RAW,S0,sum_CRPS_normalized,2024-10-15,T1_TEST_1015,0.010527947798522976
T1,73260,F0,RAW,S0,sum_CRPS_Wh,2024-10-15,T1_TEST_1015,144051.09317616402
T1,73260,F0,RAW,S0,energy,2024-10-15,T1_TEST_1015,0.5805519338184378
T1,73260,F0,RAW,S0,variogram,2024-10-15,T1_TEST_1015,7998.538920141518
T1,73260,F0,RAW,S0,variogram_normalized,2024-10-15,T1_TEST_1015,0.014029722098015385
T1,73260,F0,RAW,S0,Brier,2024-10-15,T1_TEST_1015,0.0308990478515625
T1,73260,F0,RAW,S0,marginal_CRPS_normalized,2024-10-15,T1_TEST_1015,0.08732483699084266
T1,73260,F1,RAW,S0,sum_CRPS_normalized,2024-10-15,T1_TEST_1015,0.02365252846103113
T1,73260,F1,RAW,S0,sum_CRPS_Wh,2024-10-15,T1_TEST_1015,323631.21915079
T1,73260,F1,RAW,S0,energy,2024-10-15,T1_TEST_1015,0.5659180880963145
T1,73260,F1,RAW,S0,variogram,2024-10-15,T1_TEST_1015,7455.088075507577
T1,73260,F1,RAW,S0,variogram_normalized,2024-10-15,T1_TEST_1015,0.013076489963963203
T1,73260,F1,RAW,S0,Brier,2024-10-15,T1_TEST_1015,0.10260009765625
T1,73260,F1,RAW,S0,marginal_CRPS_normalized,2024-10-15,T1_TEST_1015,0.08732483699084265
T1,73260,F2,RAW,S0,sum_CRPS_normalized,2024-10-15,T1_TEST_1015,0.018111341152644726
T1,73260,F2,RAW,S0,sum_CRPS_Wh,2024-10-15,T1_TEST_1015,247812.6356487961
T1,73260,F2,RAW,S0,energy,2024-10-15,T1_TEST_1015,0.5739871572330768
T1,73260,F2,RAW,S0,variogram,2024-10-15,T1_TEST_1015,7695.123752203981
T1,73260,F2,RAW,S0,variogram_normalized,2024-10-15,T1_TEST_1015,0.01349752108868267
T1,73260,F2,RAW,S0,Brier,2024-10-15,T1_TEST_1015,0.05133056640625
T1,73260,F2,RAW,S0,marginal_CRPS_normalized,2024-10-15,T1_TEST_1015,0.08732483699084269
T1,73260,F3,RAW,S0,sum_CRPS_normalized,2024-10-15,T1_TEST_1015,0.01993412379278502
T1,73260,F3,RAW,S0,sum_CRPS_Wh,2024-10-15,T1_TEST_1015,272753.2828632116
T1,73260,F3,RAW,S0,energy,2024-10-15,T1_TEST_1015,0.5636056045970641
T1,73260,F3,RAW,S0,variogram,2024-10-15,T1_TEST_1015,7402.716249968035
T1,73260,F3,RAW,S0,variogram_normalized,2024-10-15,T1_TEST_1015,0.012984627916979189
T1,73260,F3,RAW,S0,Brier,2024-10-15,T1_TEST_1015,0.054931640625
T1,73260,F3,RAW,S0,marginal_CRPS_normalized,2024-10-15,T1_TEST_1015,0.08732483699084266
T1,73260,F0,RAW,S0,sum_CRPS_normalized,2024-10-16,T1_TEST_1016,0.14936940686785713
T1,73260,F0,RAW,S0,sum_CRPS_Wh,2024-10-16,T1_TEST_1016,2043781.633245632
T1,73260,F0,RAW,S0,energy,2024-10-16,T1_TEST_1016,1.3386098708176095
T1,73260,F0,RAW,S0,variogram,2024-10-16,T1_TEST_1016,36700.920525192894
T1,73260,F0,RAW,S0,variogram_normalized,2024-10-16,T1_TEST_1016,0.0643747215398553
T1,73260,F0,RAW,S0,Brier,2024-10-16,T1_TEST_1016,0.0495758056640625
T1,73260,F0,RAW,S0,marginal_CRPS_normalized,2024-10-16,T1_TEST_1016,0.15902960633717173
T1,73260,F1,RAW,S0,sum_CRPS_normalized,2024-10-16,T1_TEST_1016,0.125720683791497
T1,73260,F1,RAW,S0,sum_CRPS_Wh,2024-10-16,T1_TEST_1016,1720202.4821552373
T1,73260,F1,RAW,S0,energy,2024-10-16,T1_TEST_1016,1.3230222666718459
T1,73260,F1,RAW,S0,variogram,2024-10-16,T1_TEST_1016,36608.05598094916
T1,73260,F1,RAW,S0,variogram_normalized,2024-10-16,T1_TEST_1016,0.06421183382229759
T1,73260,F1,RAW,S0,Brier,2024-10-16,T1_TEST_1016,0.0904693603515625
T1,73260,F1,RAW,S0,marginal_CRPS_normalized,2024-10-16,T1_TEST_1016,0.15902960633717173
T1,73260,F2,RAW,S0,sum_CRPS_normalized,2024-10-16,T1_TEST_1016,0.13414822943803748
T1,73260,F2,RAW,S0,sum_CRPS_Wh,2024-10-16,T1_TEST_1016,1835514.3346082382
T1,73260,F2,RAW,S0,energy,2024-10-16,T1_TEST_1016,1.3250878686820284
T1,73260,F2,RAW,S0,variogram,2024-10-16,T1_TEST_1016,36669.40824804472
T1,73260,F2,RAW,S0,variogram_normalized,2024-10-16,T1_TEST_1016,0.064319447883569
T1,73260,F2,RAW,S0,Brier,2024-10-16,T1_TEST_1016,0.0478515625
T1,73260,F2,RAW,S0,marginal_CRPS_normalized,2024-10-16,T1_TEST_1016,0.1590296063371717
T1,73260,F3,RAW,S0,sum_CRPS_normalized,2024-10-16,T1_TEST_1016,0.1261228728152119
T1,73260,F3,RAW,S0,sum_CRPS_Wh,2024-10-16,T1_TEST_1016,1725705.5269687492
T1,73260,F3,RAW,S0,energy,2024-10-16,T1_TEST_1016,1.360175221693992
T1,73260,F3,RAW,S0,variogram,2024-10-16,T1_TEST_1016,36835.378307287625
T1,73260,F3,RAW,S0,variogram_normalized,2024-10-16,T1_TEST_1016,0.06461056527776028
T1,73260,F3,RAW,S0,Brier,2024-10-16,T1_TEST_1016,0.05133056640625
T1,73260,F3,RAW,S0,marginal_CRPS_normalized,2024-10-16,T1_TEST_1016,0.1590296063371717
T1,73260,F0,RAW,S0,sum_CRPS_normalized,2024-10-17,T1_TEST_1017,0.058478928789964094
T1,73260,F0,RAW,S0,sum_CRPS_Wh,2024-10-17,T1_TEST_1017,800151.5377144273
T1,73260,F0,RAW,S0,energy,2024-10-17,T1_TEST_1017,0.7968269542005589
T1,73260,F0,RAW,S0,variogram,2024-10-17,T1_TEST_1017,22897.627061352905
T1,73260,F0,RAW,S0,variogram_normalized,2024-10-17,T1_TEST_1017,0.04016325326189625
T1,73260,F0,RAW,S0,Brier,2024-10-17,T1_TEST_1017,0.0044097900390625
T1,73260,F0,RAW,S0,marginal_CRPS_normalized,2024-10-17,T1_TEST_1017,0.11580577994559937
T1,73260,F1,RAW,S0,sum_CRPS_normalized,2024-10-17,T1_TEST_1017,0.047548373111447564
T1,73260,F1,RAW,S0,sum_CRPS_Wh,2024-10-17,T1_TEST_1017,650591.6686263476
T1,73260,F1,RAW,S0,energy,2024-10-17,T1_TEST_1017,0.7695711288811254
T1,73260,F1,RAW,S0,variogram,2024-10-17,T1_TEST_1017,21706.29774365527
T1,73260,F1,RAW,S0,variogram_normalized,2024-10-17,T1_TEST_1017,0.03807361921480451
T1,73260,F1,RAW,S0,Brier,2024-10-17,T1_TEST_1017,0.0337066650390625
T1,73260,F1,RAW,S0,marginal_CRPS_normalized,2024-10-17,T1_TEST_1017,0.11580577994559937
T1,73260,F2,RAW,S0,sum_CRPS_normalized,2024-10-17,T1_TEST_1017,0.04935407429766712
T1,73260,F2,RAW,S0,sum_CRPS_Wh,2024-10-17,T1_TEST_1017,675298.5948765818
T1,73260,F2,RAW,S0,energy,2024-10-17,T1_TEST_1017,0.7874266171619304
T1,73260,F2,RAW,S0,variogram,2024-10-17,T1_TEST_1017,22543.9481498367
T1,73260,F2,RAW,S0,variogram_normalized,2024-10-17,T1_TEST_1017,0.039542887856408776
T1,73260,F2,RAW,S0,Brier,2024-10-17,T1_TEST_1017,0.0044097900390625
T1,73260,F2,RAW,S0,marginal_CRPS_normalized,2024-10-17,T1_TEST_1017,0.11580577994559937
T1,73260,F3,RAW,S0,sum_CRPS_normalized,2024-10-17,T1_TEST_1017,0.05378361525275046
T1,73260,F3,RAW,S0,sum_CRPS_Wh,2024-10-17,T1_TEST_1017,735906.8187260451
T1,73260,F3,RAW,S0,energy,2024-10-17,T1_TEST_1017,0.8116301425823529
T1,73260,F3,RAW,S0,variogram,2024-10-17,T1_TEST_1017,22393.279299551305
T1,73260,F3,RAW,S0,variogram_normalized,2024-10-17,T1_TEST_1017,0.039278609327612894
T1,73260,F3,RAW,S0,Brier,2024-10-17,T1_TEST_1017,0.0208892822265625
T1,73260,F3,RAW,S0,marginal_CRPS_normalized,2024-10-17,T1_TEST_1017,0.11580577994559935
T1,73260,F0,RAW,S0,sum_CRPS_normalized,2024-10-18,T1_TEST_1018,0.167092511242797
T1,73260,F0,RAW,S0,sum_CRPS_Wh,2024-10-18,T1_TEST_1018,2286282.128930415
T1,73260,F0,RAW,S0,energy,2024-10-18,T1_TEST_1018,1.2920961044464099
T1,73260,F0,RAW,S0,variogram,2024-10-18,T1_TEST_1018,33664.16222890268
T1,73260,F0,RAW,S0,variogram_normalized,2024-10-18,T1_TEST_1018,0.05904813934763655
T1,73260,F0,RAW,S0,Brier,2024-10-18,T1_TEST_1018,0.0
T1,73260,F0,RAW,S0,marginal_CRPS_normalized,2024-10-18,T1_TEST_1018,0.15075322623561555
T1,73260,F1,RAW,S0,sum_CRPS_normalized,2024-10-18,T1_TEST_1018,0.14241366589907517
T1,73260,F1,RAW,S0,sum_CRPS_Wh,2024-10-18,T1_TEST_1018,1948608.0904452158
T1,73260,F1,RAW,S0,energy,2024-10-18,T1_TEST_1018,1.2584219975390218
T1,73260,F1,RAW,S0,variogram,2024-10-18,T1_TEST_1018,34750.51330437805
T1,73260,F1,RAW,S0,variogram_normalized,2024-10-18,T1_TEST_1018,0.06095363781954122
T1,73260,F1,RAW,S0,Brier,2024-10-18,T1_TEST_1018,0.0025787353515625
T1,73260,F1,RAW,S0,marginal_CRPS_normalized,2024-10-18,T1_TEST_1018,0.15075322623561552
T1,73260,F2,RAW,S0,sum_CRPS_normalized,2024-10-18,T1_TEST_1018,0.15291747234195346
T1,73260,F2,RAW,S0,sum_CRPS_Wh,2024-10-18,T1_TEST_1018,2092328.8639106518
T1,73260,F2,RAW,S0,energy,2024-10-18,T1_TEST_1018,1.2782017438460056
T1,73260,F2,RAW,S0,variogram,2024-10-18,T1_TEST_1018,34585.149402798146
T1,73260,F2,RAW,S0,variogram_normalized,2024-10-18,T1_TEST_1018,0.06066358364747643
T1,73260,F2,RAW,S0,Brier,2024-10-18,T1_TEST_1018,0.0
T1,73260,F2,RAW,S0,marginal_CRPS_normalized,2024-10-18,T1_TEST_1018,0.15075322623561552
T1,73260,F3,RAW,S0,sum_CRPS_normalized,2024-10-18,T1_TEST_1018,0.14363503054552373
T1,73260,F3,RAW,S0,sum_CRPS_Wh,2024-10-18,T1_TEST_1018,1965319.696149826
T1,73260,F3,RAW,S0,energy,2024-10-18,T1_TEST_1018,1.271044483091632
T1,73260,F3,RAW,S0,variogram,2024-10-18,T1_TEST_1018,34817.318094869355
T1,73260,F3,RAW,S0,variogram_normalized,2024-10-18,T1_TEST_1018,0.06107081580101593
T1,73260,F3,RAW,S0,Brier,2024-10-18,T1_TEST_1018,0.0
T1,73260,F3,RAW,S0,marginal_CRPS_normalized,2024-10-18,T1_TEST_1018,0.15075322623561552
T1,73260,F0,RAW,S0,sum_CRPS_normalized,2024-10-19,T1_TEST_1019,0.03645813419532455
T1,73260,F0,RAW,S0,sum_CRPS_Wh,2024-10-19,T1_TEST_1019,498846.89651829365
T1,73260,F0,RAW,S0,energy,2024-10-19,T1_TEST_1019,0.49532362549636777
T1,73260,F0,RAW,S0,variogram,2024-10-19,T1_TEST_1019,13294.968677467903
T1,73260,F0,RAW,S0,variogram_normalized,2024-10-19,T1_TEST_1019,0.023319848500955177
T1,73260,F0,RAW,S0,Brier,2024-10-19,T1_TEST_1019,1.52587890625e-05
T1,73260,F0,RAW,S0,marginal_CRPS_normalized,2024-10-19,T1_TEST_1019,0.07350706993009341
T1,73260,F1,RAW,S0,sum_CRPS_normalized,2024-10-19,T1_TEST_1019,0.03239036314121463
T1,73260,F1,RAW,S0,sum_CRPS_Wh,2024-10-19,T1_TEST_1019,443188.67343923356
T1,73260,F1,RAW,S0,energy,2024-10-19,T1_TEST_1019,0.49354623541219644
T1,73260,F1,RAW,S0,variogram,2024-10-19,T1_TEST_1019,12659.856796859875
T1,73260,F1,RAW,S0,variogram_normalized,2024-10-19,T1_TEST_1019,0.022205839645707784
T1,73260,F1,RAW,S0,Brier,2024-10-19,T1_TEST_1019,0.00390625
T1,73260,F1,RAW,S0,marginal_CRPS_normalized,2024-10-19,T1_TEST_1019,0.07350706993009347
T1,73260,F2,RAW,S0,sum_CRPS_normalized,2024-10-19,T1_TEST_1019,0.03423261158599323
T1,73260,F2,RAW,S0,sum_CRPS_Wh,2024-10-19,T1_TEST_1019,468395.6660508114
T1,73260,F2,RAW,S0,energy,2024-10-19,T1_TEST_1019,0.4941279880161529
T1,73260,F2,RAW,S0,variogram,2024-10-19,T1_TEST_1019,12996.789042851118
T1,73260,F2,RAW,S0,variogram_normalized,2024-10-19,T1_TEST_1019,0.022796830803507098
T1,73260,F2,RAW,S0,Brier,2024-10-19,T1_TEST_1019,0.0
T1,73260,F2,RAW,S0,marginal_CRPS_normalized,2024-10-19,T1_TEST_1019,0.07350706993009344
T1,73260,F3,RAW,S0,sum_CRPS_normalized,2024-10-19,T1_TEST_1019,0.03262552098429446
T1,73260,F3,RAW,S0,sum_CRPS_Wh,2024-10-19,T1_TEST_1019,446406.27529411274
T1,73260,F3,RAW,S0,energy,2024-10-19,T1_TEST_1019,0.49651040055580864
T1,73260,F3,RAW,S0,variogram,2024-10-19,T1_TEST_1019,13093.01373491255
T1,73260,F3,RAW,S0,variogram_normalized,2024-10-19,T1_TEST_1019,0.022965612339993655
T1,73260,F3,RAW,S0,Brier,2024-10-19,T1_TEST_1019,0.0
T1,73260,F3,RAW,S0,marginal_CRPS_normalized,2024-10-19,T1_TEST_1019,0.07350706993009345
T1,73260,F0,RAW,S0,sum_CRPS_normalized,2024-10-20,T1_TEST_1020,0.05706438984514492
T1,73260,F0,RAW,S0,sum_CRPS_Wh,2024-10-20,T1_TEST_1020,780796.7797653
T1,73260,F0,RAW,S0,energy,2024-10-20,T1_TEST_1020,1.0638723402838575
T1,73260,F0,RAW,S0,variogram,2024-10-20,T1_TEST_1020,34417.33058766836
T1,73260,F0,RAW,S0,variogram_normalized,2024-10-20,T1_TEST_1020,0.06036922346962441
T1,73260,F0,RAW,S0,Brier,2024-10-20,T1_TEST_1020,0.0080718994140625
T1,73260,F0,RAW,S0,marginal_CRPS_normalized,2024-10-20,T1_TEST_1020,0.13063551583860758
T1,73260,F1,RAW,S0,sum_CRPS_normalized,2024-10-20,T1_TEST_1020,0.045722813781300976
T1,73260,F1,RAW,S0,sum_CRPS_Wh,2024-10-20,T1_TEST_1020,625613.0287054263
T1,73260,F1,RAW,S0,energy,2024-10-20,T1_TEST_1020,1.0521067947415053
T1,73260,F1,RAW,S0,variogram,2024-10-20,T1_TEST_1020,35554.338319288996
T1,73260,F1,RAW,S0,variogram_normalized,2024-10-20,T1_TEST_1020,0.06236357552031746
T1,73260,F1,RAW,S0,Brier,2024-10-20,T1_TEST_1020,0.0478515625
T1,73260,F1,RAW,S0,marginal_CRPS_normalized,2024-10-20,T1_TEST_1020,0.13063551583860758
T1,73260,F2,RAW,S0,sum_CRPS_normalized,2024-10-20,T1_TEST_1020,0.05250410345416123
T1,73260,F2,RAW,S0,sum_CRPS_Wh,2024-10-20,T1_TEST_1020,718399.6010948524
T1,73260,F2,RAW,S0,energy,2024-10-20,T1_TEST_1020,1.0623588742628765
T1,73260,F2,RAW,S0,variogram,2024-10-20,T1_TEST_1020,34901.55654615729
T1,73260,F2,RAW,S0,variogram_normalized,2024-10-20,T1_TEST_1020,0.06121857304434957
T1,73260,F2,RAW,S0,Brier,2024-10-20,T1_TEST_1020,0.0087890625
T1,73260,F2,RAW,S0,marginal_CRPS_normalized,2024-10-20,T1_TEST_1020,0.13063551583860755
T1,73260,F3,RAW,S0,sum_CRPS_normalized,2024-10-20,T1_TEST_1020,0.04674983113643369
T1,73260,F3,RAW,S0,sum_CRPS_Wh,2024-10-20,T1_TEST_1020,639665.4324168614
T1,73260,F3,RAW,S0,energy,2024-10-20,T1_TEST_1020,1.0625623534730264
T1,73260,F3,RAW,S0,variogram,2024-10-20,T1_TEST_1020,35204.311201684504
T1,73260,F3,RAW,S0,variogram_normalized,2024-10-20,T1_TEST_1020,0.06174961549139339
T1,73260,F3,RAW,S0,Brier,2024-10-20,T1_TEST_1020,0.0308990478515625
T1,73260,F3,RAW,S0,marginal_CRPS_normalized,2024-10-20,T1_TEST_1020,0.13063551583860755
T1,73260,F0,RAW,S0,sum_CRPS_normalized,2024-10-21,T1_TEST_1021,0.06164128169023388
T1,73260,F0,RAW,S0,sum_CRPS_Wh,2024-10-21,T1_TEST_1021,843421.1664217985
T1,73260,F0,RAW,S0,energy,2024-10-21,T1_TEST_1021,0.47316453432015226
T1,73260,F0,RAW,S0,variogram,2024-10-21,T1_TEST_1021,12726.89665866671
T1,73260,F0,RAW,S0,variogram_normalized,2024-10-21,T1_TEST_1021,0.022323429950640954
T1,73260,F0,RAW,S0,Brier,2024-10-21,T1_TEST_1021,0.0
T1,73260,F0,RAW,S0,marginal_CRPS_normalized,2024-10-21,T1_TEST_1021,0.06809519561719901
T1,73260,F1,RAW,S0,sum_CRPS_normalized,2024-10-21,T1_TEST_1021,0.04792390961368598
T1,73260,F1,RAW,S0,sum_CRPS_Wh,2024-10-21,T1_TEST_1021,655730.0341188689
T1,73260,F1,RAW,S0,energy,2024-10-21,T1_TEST_1021,0.44825450456078264
T1,73260,F1,RAW,S0,variogram,2024-10-21,T1_TEST_1021,11585.242690431629
T1,73260,F1,RAW,S0,variogram_normalized,2024-10-21,T1_TEST_1021,0.020320928235471294
T1,73260,F1,RAW,S0,Brier,2024-10-21,T1_TEST_1021,0.00494384765625
T1,73260,F1,RAW,S0,marginal_CRPS_normalized,2024-10-21,T1_TEST_1021,0.06809519561719898
T1,73260,F2,RAW,S0,sum_CRPS_normalized,2024-10-21,T1_TEST_1021,0.05357338279006609
T1,73260,F2,RAW,S0,sum_CRPS_Wh,2024-10-21,T1_TEST_1021,733030.2641828083
T1,73260,F2,RAW,S0,energy,2024-10-21,T1_TEST_1021,0.46518553825246456
T1,73260,F2,RAW,S0,variogram,2024-10-21,T1_TEST_1021,11803.44739182907
T1,73260,F2,RAW,S0,variogram_normalized,2024-10-21,T1_TEST_1021,0.02070366705210411
T1,73260,F2,RAW,S0,Brier,2024-10-21,T1_TEST_1021,1.52587890625e-05
T1,73260,F2,RAW,S0,marginal_CRPS_normalized,2024-10-21,T1_TEST_1021,0.068095195617199
T1,73260,F3,RAW,S0,sum_CRPS_normalized,2024-10-21,T1_TEST_1021,0.0518584176226224
T1,73260,F3,RAW,S0,sum_CRPS_Wh,2024-10-21,T1_TEST_1021,709564.8546027984
T1,73260,F3,RAW,S0,energy,2024-10-21,T1_TEST_1021,0.47230098590293923
T1,73260,F3,RAW,S0,variogram,2024-10-21,T1_TEST_1021,11251.291013834354
T1,73260,F3,RAW,S0,variogram_normalized,2024-10-21,T1_TEST_1021,0.01973516510252861
T1,73260,F3,RAW,S0,Brier,2024-10-21,T1_TEST_1021,0.0
T1,73260,F3,RAW,S0,marginal_CRPS_normalized,2024-10-21,T1_TEST_1021,0.068095195617199
T1,73260,F0,RAW,S0,sum_CRPS_normalized,2024-10-22,T1_TEST_1022,0.06955689257119257
T1,73260,F0,RAW,S0,sum_CRPS_Wh,2024-10-22,T1_TEST_1022,951728.3524356969
T1,73260,F0,RAW,S0,energy,2024-10-22,T1_TEST_1022,0.6112704287853868
T1,73260,F0,RAW,S0,variogram,2024-10-22,T1_TEST_1022,7907.951300402821
T1,73260,F0,RAW,S0,variogram_normalized,2024-10-22,T1_TEST_1022,0.013870828187121953
T1,73260,F0,RAW,S0,Brier,2024-10-22,T1_TEST_1022,0.0
T1,73260,F0,RAW,S0,marginal_CRPS_normalized,2024-10-22,T1_TEST_1022,0.08076896010528671
T1,73260,F1,RAW,S0,sum_CRPS_normalized,2024-10-22,T1_TEST_1022,0.0586264105604581
T1,73260,F1,RAW,S0,sum_CRPS_Wh,2024-10-22,T1_TEST_1022,802169.4913241705
T1,73260,F1,RAW,S0,energy,2024-10-22,T1_TEST_1022,0.5961691760346999
T1,73260,F1,RAW,S0,variogram,2024-10-22,T1_TEST_1022,7612.33536759997
T1,73260,F1,RAW,S0,variogram_normalized,2024-10-22,T1_TEST_1022,0.013352307313950254
T1,73260,F1,RAW,S0,Brier,2024-10-22,T1_TEST_1022,0.0012359619140625
T1,73260,F1,RAW,S0,marginal_CRPS_normalized,2024-10-22,T1_TEST_1022,0.08076896010528667
T1,73260,F2,RAW,S0,sum_CRPS_normalized,2024-10-22,T1_TEST_1022,0.06129869537611265
T1,73260,F2,RAW,S0,sum_CRPS_Wh,2024-10-22,T1_TEST_1022,838733.6495380921
T1,73260,F2,RAW,S0,energy,2024-10-22,T1_TEST_1022,0.6023378616041526
T1,73260,F2,RAW,S0,variogram,2024-10-22,T1_TEST_1022,7704.429650262957
T1,73260,F2,RAW,S0,variogram_normalized,2024-10-22,T1_TEST_1022,0.013513843965265932
T1,73260,F2,RAW,S0,Brier,2024-10-22,T1_TEST_1022,0.0
T1,73260,F2,RAW,S0,marginal_CRPS_normalized,2024-10-22,T1_TEST_1022,0.08076896010528671
T1,73260,F3,RAW,S0,sum_CRPS_normalized,2024-10-22,T1_TEST_1022,0.05788833295945799
T1,73260,F3,RAW,S0,sum_CRPS_Wh,2024-10-22,T1_TEST_1022,792070.5729682283
T1,73260,F3,RAW,S0,energy,2024-10-22,T1_TEST_1022,0.5902584964894082
T1,73260,F3,RAW,S0,variogram,2024-10-22,T1_TEST_1022,7731.3187463601
T1,73260,F3,RAW,S0,variogram_normalized,2024-10-22,T1_TEST_1022,0.013561008397354872
T1,73260,F3,RAW,S0,Brier,2024-10-22,T1_TEST_1022,0.0
T1,73260,F3,RAW,S0,marginal_CRPS_normalized,2024-10-22,T1_TEST_1022,0.08076896010528671
T1,73260,F0,RAW,S0,sum_CRPS_normalized,2024-10-23,T1_TEST_1023,0.11407056967984988
T1,73260,F0,RAW,S0,sum_CRPS_Wh,2024-10-23,T1_TEST_1023,1560797.0875307247
T1,73260,F0,RAW,S0,energy,2024-10-23,T1_TEST_1023,1.6888151756547396
T1,73260,F0,RAW,S0,variogram,2024-10-23,T1_TEST_1023,52788.98131102176
T1,73260,F0,RAW,S0,variogram_normalized,2024-10-23,T1_TEST_1023,0.09259375306232297
T1,73260,F0,RAW,S0,Brier,2024-10-23,T1_TEST_1023,6.103515625e-05
T1,73260,F0,RAW,S0,marginal_CRPS_normalized,2024-10-23,T1_TEST_1023,0.20894913159607661
T1,73260,F1,RAW,S0,sum_CRPS_normalized,2024-10-23,T1_TEST_1023,0.08845170256677726
T1,73260,F1,RAW,S0,sum_CRPS_Wh,2024-10-23,T1_TEST_1023,1210260.9826603397
T1,73260,F1,RAW,S0,energy,2024-10-23,T1_TEST_1023,1.6874893998949039
T1,73260,F1,RAW,S0,variogram,2024-10-23,T1_TEST_1023,53754.44095287801
T1,73260,F1,RAW,S0,variogram_normalized,2024-10-23,T1_TEST_1023,0.09428720365465353
T1,73260,F1,RAW,S0,Brier,2024-10-23,T1_TEST_1023,0.00299072265625
T1,73260,F1,RAW,S0,marginal_CRPS_normalized,2024-10-23,T1_TEST_1023,0.2089491315960766
T1,73260,F2,RAW,S0,sum_CRPS_normalized,2024-10-23,T1_TEST_1023,0.09646153615805486
T1,73260,F2,RAW,S0,sum_CRPS_Wh,2024-10-23,T1_TEST_1023,1319857.392812048
T1,73260,F2,RAW,S0,energy,2024-10-23,T1_TEST_1023,1.6966225397930876
T1,73260,F2,RAW,S0,variogram,2024-10-23,T1_TEST_1023,53209.6856596276
T1,73260,F2,RAW,S0,variogram_normalized,2024-10-23,T1_TEST_1023,0.09333168347127596
T1,73260,F2,RAW,S0,Brier,2024-10-23,T1_TEST_1023,1.52587890625e-05
T1,73260,F2,RAW,S0,marginal_CRPS_normalized,2024-10-23,T1_TEST_1023,0.20894913159607653
T1,73260,F3,RAW,S0,sum_CRPS_normalized,2024-10-23,T1_TEST_1023,0.09265924223475201
T1,73260,F3,RAW,S0,sum_CRPS_Wh,2024-10-23,T1_TEST_1023,1267831.6222904937
T1,73260,F3,RAW,S0,energy,2024-10-23,T1_TEST_1023,1.7168227004089336
T1,73260,F3,RAW,S0,variogram,2024-10-23,T1_TEST_1023,53192.39965516442
T1,73260,F3,RAW,S0,variogram_normalized,2024-10-23,T1_TEST_1023,0.09330136320388405
T1,73260,F3,RAW,S0,Brier,2024-10-23,T1_TEST_1023,0.0
T1,73260,F3,RAW,S0,marginal_CRPS_normalized,2024-10-23,T1_TEST_1023,0.20894913159607661
T1,73260,F0,RAW,S0,sum_CRPS_normalized,2024-10-24,T1_TEST_1024,0.01329626928628157
T1,73260,F0,RAW,S0,sum_CRPS_Wh,2024-10-24,T1_TEST_1024,181929.29548171093
T1,73260,F0,RAW,S0,energy,2024-10-24,T1_TEST_1024,0.4539510568338847
T1,73260,F0,RAW,S0,variogram,2024-10-24,T1_TEST_1024,6880.009361997514
T1,73260,F0,RAW,S0,variogram_normalized,2024-10-24,T1_TEST_1024,0.012067781421617617
T1,73260,F0,RAW,S0,Brier,2024-10-24,T1_TEST_1024,0.0
T1,73260,F0,RAW,S0,marginal_CRPS_normalized,2024-10-24,T1_TEST_1024,0.06633858941037614
T1,73260,F1,RAW,S0,sum_CRPS_normalized,2024-10-24,T1_TEST_1024,0.022227758371931857
T1,73260,F1,RAW,S0,sum_CRPS_Wh,2024-10-24,T1_TEST_1024,304136.4711916251
T1,73260,F1,RAW,S0,energy,2024-10-24,T1_TEST_1024,0.44798953952115905
T1,73260,F1,RAW,S0,variogram,2024-10-24,T1_TEST_1024,6396.257778907852
T1,73260,F1,RAW,S0,variogram_normalized,2024-10-24,T1_TEST_1024,0.011219263918235528
T1,73260,F1,RAW,S0,Brier,2024-10-24,T1_TEST_1024,0.0009765625
T1,73260,F1,RAW,S0,marginal_CRPS_normalized,2024-10-24,T1_TEST_1024,0.06633858941037622
T1,73260,F2,RAW,S0,sum_CRPS_normalized,2024-10-24,T1_TEST_1024,0.01706268617940316
T1,73260,F2,RAW,S0,sum_CRPS_Wh,2024-10-24,T1_TEST_1024,233464.1701975083
T1,73260,F2,RAW,S0,energy,2024-10-24,T1_TEST_1024,0.44870805799686986
T1,73260,F2,RAW,S0,variogram,2024-10-24,T1_TEST_1024,6666.869910399438
T1,73260,F2,RAW,S0,variogram_normalized,2024-10-24,T1_TEST_1024,0.011693927233509035
T1,73260,F2,RAW,S0,Brier,2024-10-24,T1_TEST_1024,0.0
T1,73260,F2,RAW,S0,marginal_CRPS_normalized,2024-10-24,T1_TEST_1024,0.06633858941037611
T1,73260,F3,RAW,S0,sum_CRPS_normalized,2024-10-24,T1_TEST_1024,0.022562268680589262
T1,73260,F3,RAW,S0,sum_CRPS_Wh,2024-10-24,T1_TEST_1024,308713.48625315074
T1,73260,F3,RAW,S0,energy,2024-10-24,T1_TEST_1024,0.4466022984786664
T1,73260,F3,RAW,S0,variogram,2024-10-24,T1_TEST_1024,6461.050445485032
T1,73260,F3,RAW,S0,variogram_normalized,2024-10-24,T1_TEST_1024,0.011332912562712101
T1,73260,F3,RAW,S0,Brier,2024-10-24,T1_TEST_1024,0.0
T1,73260,F3,RAW,S0,marginal_CRPS_normalized,2024-10-24,T1_TEST_1024,0.06633858941037617
T1,73260,F0,RAW,S0,sum_CRPS_normalized,2024-10-25,T1_TEST_1025,0.011868205926799748
T1,73260,F0,RAW,S0,sum_CRPS_Wh,2024-10-25,T1_TEST_1025,162389.48658495303
T1,73260,F0,RAW,S0,energy,2024-10-25,T1_TEST_1025,0.4963367677515371
T1,73260,F0,RAW,S0,variogram,2024-10-25,T1_TEST_1025,10730.818643377077
T1,73260,F0,RAW,S0,variogram_normalized,2024-10-25,T1_TEST_1025,0.01882223803045759
T1,73260,F0,RAW,S0,Brier,2024-10-25,T1_TEST_1025,0.0
T1,73260,F0,RAW,S0,marginal_CRPS_normalized,2024-10-25,T1_TEST_1025,0.06645180831721632
T1,73260,F1,RAW,S0,sum_CRPS_normalized,2024-10-25,T1_TEST_1025,0.027773294324530733
T1,73260,F1,RAW,S0,sum_CRPS_Wh,2024-10-25,T1_TEST_1025,380014.5560289817
T1,73260,F1,RAW,S0,energy,2024-10-25,T1_TEST_1025,0.4876952507578758
T1,73260,F1,RAW,S0,variogram,2024-10-25,T1_TEST_1025,9033.724903978216
T1,73260,F1,RAW,S0,variogram_normalized,2024-10-25,T1_TEST_1025,0.015845475177170568
T1,73260,F1,RAW,S0,Brier,2024-10-25,T1_TEST_1025,0.0012359619140625
T1,73260,F1,RAW,S0,marginal_CRPS_normalized,2024-10-25,T1_TEST_1025,0.06645180831721631
T1,73260,F2,RAW,S0,sum_CRPS_normalized,2024-10-25,T1_TEST_1025,0.022579602373321152
T1,73260,F2,RAW,S0,sum_CRPS_Wh,2024-10-25,T1_TEST_1025,308950.6585335033
T1,73260,F2,RAW,S0,energy,2024-10-25,T1_TEST_1025,0.49291110663943016
T1,73260,F2,RAW,S0,variogram,2024-10-25,T1_TEST_1025,9630.911900013716
T1,73260,F2,RAW,S0,variogram_normalized,2024-10-25,T1_TEST_1025,0.016892962434353086
T1,73260,F2,RAW,S0,Brier,2024-10-25,T1_TEST_1025,0.0
T1,73260,F2,RAW,S0,marginal_CRPS_normalized,2024-10-25,T1_TEST_1025,0.06645180831721628
T1,73260,F3,RAW,S0,sum_CRPS_normalized,2024-10-25,T1_TEST_1025,0.027159940495905147
T1,73260,F3,RAW,S0,sum_CRPS_Wh,2024-10-25,T1_TEST_1025,371622.1996829808
T1,73260,F3,RAW,S0,energy,2024-10-25,T1_TEST_1025,0.49784963622579037
T1,73260,F3,RAW,S0,variogram,2024-10-25,T1_TEST_1025,8184.485379808069
T1,73260,F3,RAW,S0,variogram_normalized,2024-10-25,T1_TEST_1025,0.014355878809919637
T1,73260,F3,RAW,S0,Brier,2024-10-25,T1_TEST_1025,0.0
T1,73260,F3,RAW,S0,marginal_CRPS_normalized,2024-10-25,T1_TEST_1025,0.06645180831721632
T1,73260,F0,RAW,S0,sum_CRPS_normalized,2024-11-10,T1_TEST_1110,0.08619345551288851
T1,73260,F0,RAW,S0,sum_CRPS_Wh,2024-11-10,T1_TEST_1110,1179361.9923727773
T1,73260,F0,RAW,S0,energy,2024-11-10,T1_TEST_1110,0.4304967343214077
T1,73260,F0,RAW,S0,variogram,2024-11-10,T1_TEST_1110,8252.974689635914
T1,73260,F0,RAW,S0,variogram_normalized,2024-11-10,T1_TEST_1110,0.014476011498297244
T1,73260,F0,RAW,S0,Brier,2024-11-10,T1_TEST_1110,0.0
T1,73260,F0,RAW,S0,marginal_CRPS_normalized,2024-11-10,T1_TEST_1110,0.06758159477027768
T1,73260,F1,RAW,S0,sum_CRPS_normalized,2024-11-10,T1_TEST_1110,0.06822453704850967
T1,73260,F1,RAW,S0,sum_CRPS_Wh,2024-11-10,T1_TEST_1110,933498.0882650577
T1,73260,F1,RAW,S0,energy,2024-11-10,T1_TEST_1110,0.4095469926571964
T1,73260,F1,RAW,S0,variogram,2024-11-10,T1_TEST_1110,7055.941847483263
T1,73260,F1,RAW,S0,variogram_normalized,2024-11-10,T1_TEST_1110,0.012376373266205968
T1,73260,F1,RAW,S0,Brier,2024-11-10,T1_TEST_1110,0.0
T1,73260,F1,RAW,S0,marginal_CRPS_normalized,2024-11-10,T1_TEST_1110,0.06758159477027766
T1,73260,F2,RAW,S0,sum_CRPS_normalized,2024-11-10,T1_TEST_1110,0.07576943536592927
T1,73260,F2,RAW,S0,sum_CRPS_Wh,2024-11-10,T1_TEST_1110,1036732.9134491049
T1,73260,F2,RAW,S0,energy,2024-11-10,T1_TEST_1110,0.42074197711438205
T1,73260,F2,RAW,S0,variogram,2024-11-10,T1_TEST_1110,7722.4744281937665
T1,73260,F2,RAW,S0,variogram_normalized,2024-11-10,T1_TEST_1110,0.013545495148340402
T1,73260,F2,RAW,S0,Brier,2024-11-10,T1_TEST_1110,0.0
T1,73260,F2,RAW,S0,marginal_CRPS_normalized,2024-11-10,T1_TEST_1110,0.06758159477027767
T1,73260,F3,RAW,S0,sum_CRPS_normalized,2024-11-10,T1_TEST_1110,0.06983134059256807
T1,73260,F3,RAW,S0,sum_CRPS_Wh,2024-11-10,T1_TEST_1110,955483.5512888599
T1,73260,F3,RAW,S0,energy,2024-11-10,T1_TEST_1110,0.4137474379682944
T1,73260,F3,RAW,S0,variogram,2024-11-10,T1_TEST_1110,7196.846317689835
T1,73260,F3,RAW,S0,variogram_normalized,2024-11-10,T1_TEST_1110,0.012623524724628991
T1,73260,F3,RAW,S0,Brier,2024-11-10,T1_TEST_1110,0.0
T1,73260,F3,RAW,S0,marginal_CRPS_normalized,2024-11-10,T1_TEST_1110,0.06758159477027771
T1,73260,F0,RAW,S0,sum_CRPS_normalized,2024-11-11,T1_TEST_1111,0.15983456907776067
T1,73260,F0,RAW,S0,sum_CRPS_Wh,2024-11-11,T1_TEST_1111,2186973.6480097994
T1,73260,F0,RAW,S0,energy,2024-11-11,T1_TEST_1111,1.2324040916091212
T1,73260,F0,RAW,S0,variogram,2024-11-11,T1_TEST_1111,29592.376350861898
T1,73260,F0,RAW,S0,variogram_normalized,2024-11-11,T1_TEST_1111,0.05190608191916248
T1,73260,F0,RAW,S0,Brier,2024-11-11,T1_TEST_1111,0.0
T1,73260,F0,RAW,S0,marginal_CRPS_normalized,2024-11-11,T1_TEST_1111,0.14553755714367464
T1,73260,F1,RAW,S0,sum_CRPS_normalized,2024-11-11,T1_TEST_1111,0.13453397793694946
T1,73260,F1,RAW,S0,sum_CRPS_Wh,2024-11-11,T1_TEST_1111,1840792.4281192198
T1,73260,F1,RAW,S0,energy,2024-11-11,T1_TEST_1111,1.228910559875193
T1,73260,F1,RAW,S0,variogram,2024-11-11,T1_TEST_1111,30439.678326000878
T1,73260,F1,RAW,S0,variogram_normalized,2024-11-11,T1_TEST_1111,0.053392279756415625
T1,73260,F1,RAW,S0,Brier,2024-11-11,T1_TEST_1111,0.0
T1,73260,F1,RAW,S0,marginal_CRPS_normalized,2024-11-11,T1_TEST_1111,0.1455375571436746
T1,73260,F2,RAW,S0,sum_CRPS_normalized,2024-11-11,T1_TEST_1111,0.1473086913713995
T1,73260,F2,RAW,S0,sum_CRPS_Wh,2024-11-11,T1_TEST_1111,2015585.4144126102
T1,73260,F2,RAW,S0,energy,2024-11-11,T1_TEST_1111,1.2277529242394103
T1,73260,F2,RAW,S0,variogram,2024-11-11,T1_TEST_1111,30095.034600960105
T1,73260,F2,RAW,S0,variogram_normalized,2024-11-11,T1_TEST_1111,0.052787762389753703
T1,73260,F2,RAW,S0,Brier,2024-11-11,T1_TEST_1111,0.0
T1,73260,F2,RAW,S0,marginal_CRPS_normalized,2024-11-11,T1_TEST_1111,0.1455375571436746
T1,73260,F3,RAW,S0,sum_CRPS_normalized,2024-11-11,T1_TEST_1111,0.13850022312262458
T1,73260,F3,RAW,S0,sum_CRPS_Wh,2024-11-11,T1_TEST_1111,1895061.4999017902
T1,73260,F3,RAW,S0,energy,2024-11-11,T1_TEST_1111,1.2349372185274474
T1,73260,F3,RAW,S0,variogram,2024-11-11,T1_TEST_1111,31211.38800678687
T1,73260,F3,RAW,S0,variogram_normalized,2024-11-11,T1_TEST_1111,0.054745886017493126
T1,73260,F3,RAW,S0,Brier,2024-11-11,T1_TEST_1111,0.0
T1,73260,F3,RAW,S0,marginal_CRPS_normalized,2024-11-11,T1_TEST_1111,0.14553755714367467
T1,73260,F0,RAW,S0,sum_CRPS_normalized,2024-11-12,T1_TEST_1112,0.025705898855595904
T1,73260,F0,RAW,S0,sum_CRPS_Wh,2024-11-12,T1_TEST_1112,351726.9369196533
T1,73260,F0,RAW,S0,energy,2024-11-12,T1_TEST_1112,0.7298479303141719
T1,73260,F0,RAW,S0,variogram,2024-11-12,T1_TEST_1112,19510.322371928007
T1,73260,F0,RAW,S0,variogram_normalized,2024-11-12,T1_TEST_1112,0.03422180021298181
T1,73260,F0,RAW,S0,Brier,2024-11-12,T1_TEST_1112,0.0
T1,73260,F0,RAW,S0,marginal_CRPS_normalized,2024-11-12,T1_TEST_1112,0.09508409055608077
T1,73260,F1,RAW,S0,sum_CRPS_normalized,2024-11-12,T1_TEST_1112,0.03266667847833512
T1,73260,F1,RAW,S0,sum_CRPS_Wh,2024-11-12,T1_TEST_1112,446969.4222741709
T1,73260,F1,RAW,S0,energy,2024-11-12,T1_TEST_1112,0.735353583103016
T1,73260,F1,RAW,S0,variogram,2024-11-12,T1_TEST_1112,19449.549903442985
T1,73260,F1,RAW,S0,variogram_normalized,2024-11-12,T1_TEST_1112,0.034115203139120205
T1,73260,F1,RAW,S0,Brier,2024-11-12,T1_TEST_1112,0.0
T1,73260,F1,RAW,S0,marginal_CRPS_normalized,2024-11-12,T1_TEST_1112,0.09508409055608073
T1,73260,F2,RAW,S0,sum_CRPS_normalized,2024-11-12,T1_TEST_1112,0.02873591246561122
T1,73260,F2,RAW,S0,sum_CRPS_Wh,2024-11-12,T1_TEST_1112,393185.802523318
T1,73260,F2,RAW,S0,energy,2024-11-12,T1_TEST_1112,0.739100203562749
T1,73260,F2,RAW,S0,variogram,2024-11-12,T1_TEST_1112,19640.36089442997
T1,73260,F2,RAW,S0,variogram_normalized,2024-11-12,T1_TEST_1112,0.03444989241218896
T1,73260,F2,RAW,S0,Brier,2024-11-12,T1_TEST_1112,0.0
T1,73260,F2,RAW,S0,marginal_CRPS_normalized,2024-11-12,T1_TEST_1112,0.09508409055608077
T1,73260,F3,RAW,S0,sum_CRPS_normalized,2024-11-12,T1_TEST_1112,0.033604975532183855
T1,73260,F3,RAW,S0,sum_CRPS_Wh,2024-11-12,T1_TEST_1112,459807.88983855676
T1,73260,F3,RAW,S0,energy,2024-11-12,T1_TEST_1112,0.7417457246029187
T1,73260,F3,RAW,S0,variogram,2024-11-12,T1_TEST_1112,19713.749154237554
T1,73260,F3,RAW,S0,variogram_normalized,2024-11-12,T1_TEST_1112,0.03457861803328516
T1,73260,F3,RAW,S0,Brier,2024-11-12,T1_TEST_1112,0.0
T1,73260,F3,RAW,S0,marginal_CRPS_normalized,2024-11-12,T1_TEST_1112,0.09508409055608073
T1,73260,F0,RAW,S0,sum_CRPS_normalized,2024-11-13,T1_TEST_1113,0.015368481191380543
T1,73260,F0,RAW,S0,sum_CRPS_Wh,2024-11-13,T1_TEST_1113,210282.81659852795
T1,73260,F0,RAW,S0,energy,2024-11-13,T1_TEST_1113,0.7978466835177809
T1,73260,F0,RAW,S0,variogram,2024-11-13,T1_TEST_1113,21012.46009807515
T1,73260,F0,RAW,S0,variogram_normalized,2024-11-13,T1_TEST_1113,0.036856603276541354
T1,73260,F0,RAW,S0,Brier,2024-11-13,T1_TEST_1113,0.0
T1,73260,F0,RAW,S0,marginal_CRPS_normalized,2024-11-13,T1_TEST_1113,0.093385715351781
T1,73260,F1,RAW,S0,sum_CRPS_normalized,2024-11-13,T1_TEST_1113,0.018311397057116444
T1,73260,F1,RAW,S0,sum_CRPS_Wh,2024-11-13,T1_TEST_1113,250549.9470685526
T1,73260,F1,RAW,S0,energy,2024-11-13,T1_TEST_1113,0.7998264477993373
T1,73260,F1,RAW,S0,variogram,2024-11-13,T1_TEST_1113,21877.63580796034
T1,73260,F1,RAW,S0,variogram_normalized,2024-11-13,T1_TEST_1113,0.03837415228103225
T1,73260,F1,RAW,S0,Brier,2024-11-13,T1_TEST_1113,0.0
T1,73260,F1,RAW,S0,marginal_CRPS_normalized,2024-11-13,T1_TEST_1113,0.09338571535178103
T1,73260,F2,RAW,S0,sum_CRPS_normalized,2024-11-13,T1_TEST_1113,0.016572756908214494
T1,73260,F2,RAW,S0,sum_CRPS_Wh,2024-11-13,T1_TEST_1113,226760.59905103757
T1,73260,F2,RAW,S0,energy,2024-11-13,T1_TEST_1113,0.7988383494705416
T1,73260,F2,RAW,S0,variogram,2024-11-13,T1_TEST_1113,21435.421641981404
T1,73260,F2,RAW,S0,variogram_normalized,2024-11-13,T1_TEST_1113,0.03759849288643117
T1,73260,F2,RAW,S0,Brier,2024-11-13,T1_TEST_1113,0.0
T1,73260,F2,RAW,S0,marginal_CRPS_normalized,2024-11-13,T1_TEST_1113,0.09338571535178102
T1,73260,F3,RAW,S0,sum_CRPS_normalized,2024-11-13,T1_TEST_1113,0.018004192454654844
T1,73260,F3,RAW,S0,sum_CRPS_Wh,2024-11-13,T1_TEST_1113,246346.54867978487
T1,73260,F3,RAW,S0,energy,2024-11-13,T1_TEST_1113,0.80663162730964
T1,73260,F3,RAW,S0,variogram,2024-11-13,T1_TEST_1113,21966.008270007864
T1,73260,F3,RAW,S0,variogram_normalized,2024-11-13,T1_TEST_1113,0.038529160726452454
T1,73260,F3,RAW,S0,Brier,2024-11-13,T1_TEST_1113,0.0
T1,73260,F3,RAW,S0,marginal_CRPS_normalized,2024-11-13,T1_TEST_1113,0.093385715351781
T1,73260,F0,RAW,S0,sum_CRPS_normalized,2024-11-14,T1_TEST_1114,0.004156964985169403
T1,73260,F0,RAW,S0,sum_CRPS_Wh,2024-11-14,T1_TEST_1114,56878.63977561705
T1,73260,F0,RAW,S0,energy,2024-11-14,T1_TEST_1114,0.3522810381874988
T1,73260,F0,RAW,S0,variogram,2024-11-14,T1_TEST_1114,9738.928807509126
T1,73260,F0,RAW,S0,variogram_normalized,2024-11-14,T1_TEST_1114,0.0170824279366377
T1,73260,F0,RAW,S0,Brier,2024-11-14,T1_TEST_1114,0.0
T1,73260,F0,RAW,S0,marginal_CRPS_normalized,2024-11-14,T1_TEST_1114,0.05188498486771937
T1,73260,F1,RAW,S0,sum_CRPS_normalized,2024-11-14,T1_TEST_1114,0.00899512881945869
T1,73260,F1,RAW,S0,sum_CRPS_Wh,2024-11-14,T1_TEST_1114,123077.94116202125
T1,73260,F1,RAW,S0,energy,2024-11-14,T1_TEST_1114,0.3488487816835627
T1,73260,F1,RAW,S0,variogram,2024-11-14,T1_TEST_1114,9609.404367228837
T1,73260,F1,RAW,S0,variogram_normalized,2024-11-14,T1_TEST_1114,0.0168552374559541
T1,73260,F1,RAW,S0,Brier,2024-11-14,T1_TEST_1114,0.0
T1,73260,F1,RAW,S0,marginal_CRPS_normalized,2024-11-14,T1_TEST_1114,0.05188498486771938
T1,73260,F2,RAW,S0,sum_CRPS_normalized,2024-11-14,T1_TEST_1114,0.0074222480584692635
T1,73260,F2,RAW,S0,sum_CRPS_Wh,2024-11-14,T1_TEST_1114,101556.63450356014
T1,73260,F2,RAW,S0,energy,2024-11-14,T1_TEST_1114,0.3504510684407539
T1,73260,F2,RAW,S0,variogram,2024-11-14,T1_TEST_1114,9622.75503711881
T1,73260,F2,RAW,S0,variogram_normalized,2024-11-14,T1_TEST_1114,0.016878655006365335
T1,73260,F2,RAW,S0,Brier,2024-11-14,T1_TEST_1114,0.0
T1,73260,F2,RAW,S0,marginal_CRPS_normalized,2024-11-14,T1_TEST_1114,0.05188498486771936
T1,73260,F3,RAW,S0,sum_CRPS_normalized,2024-11-14,T1_TEST_1114,0.008435187362890591
T1,73260,F3,RAW,S0,sum_CRPS_Wh,2024-11-14,T1_TEST_1114,115416.41201342456
T1,73260,F3,RAW,S0,energy,2024-11-14,T1_TEST_1114,0.3525137907866883
T1,73260,F3,RAW,S0,variogram,2024-11-14,T1_TEST_1114,9510.588672079746
T1,73260,F3,RAW,S0,variogram_normalized,2024-11-14,T1_TEST_1114,0.016681911207784835
T1,73260,F3,RAW,S0,Brier,2024-11-14,T1_TEST_1114,0.0
T1,73260,F3,RAW,S0,marginal_CRPS_normalized,2024-11-14,T1_TEST_1114,0.05188498486771937
T1,73260,F0,RAW,S0,sum_CRPS_normalized,2024-11-15,T1_TEST_1115,0.05240891150567547
T1,73260,F0,RAW,S0,sum_CRPS_Wh,2024-11-15,T1_TEST_1115,717097.1151305065
T1,73260,F0,RAW,S0,energy,2024-11-15,T1_TEST_1115,0.3604544829585071
T1,73260,F0,RAW,S0,variogram,2024-11-15,T1_TEST_1115,6228.431292013408
T1,73260,F0,RAW,S0,variogram_normalized,2024-11-15,T1_TEST_1115,0.010924890283835108
T1,73260,F0,RAW,S0,Brier,2024-11-15,T1_TEST_1115,0.0
T1,73260,F0,RAW,S0,marginal_CRPS_normalized,2024-11-15,T1_TEST_1115,0.060487578635217296
T1,73260,F1,RAW,S0,sum_CRPS_normalized,2024-11-15,T1_TEST_1115,0.04104899321364685
T1,73260,F1,RAW,S0,sum_CRPS_Wh,2024-11-15,T1_TEST_1115,561662.392269494
T1,73260,F1,RAW,S0,energy,2024-11-15,T1_TEST_1115,0.35946565811677156
T1,73260,F1,RAW,S0,variogram,2024-11-15,T1_TEST_1115,6232.2719094082795
T1,73260,F1,RAW,S0,variogram_normalized,2024-11-15,T1_TEST_1115,0.010931626863512074
T1,73260,F1,RAW,S0,Brier,2024-11-15,T1_TEST_1115,0.0
T1,73260,F1,RAW,S0,marginal_CRPS_normalized,2024-11-15,T1_TEST_1115,0.060487578635217296
T1,73260,F2,RAW,S0,sum_CRPS_normalized,2024-11-15,T1_TEST_1115,0.044689776841731026
T1,73260,F2,RAW,S0,sum_CRPS_Wh,2024-11-15,T1_TEST_1115,611478.260630561
T1,73260,F2,RAW,S0,energy,2024-11-15,T1_TEST_1115,0.35501373354632404
T1,73260,F2,RAW,S0,variogram,2024-11-15,T1_TEST_1115,6182.577148297365
T1,73260,F2,RAW,S0,variogram_normalized,2024-11-15,T1_TEST_1115,0.010844460482867514
T1,73260,F2,RAW,S0,Brier,2024-11-15,T1_TEST_1115,0.0
T1,73260,F2,RAW,S0,marginal_CRPS_normalized,2024-11-15,T1_TEST_1115,0.060487578635217296
T1,73260,F3,RAW,S0,sum_CRPS_normalized,2024-11-15,T1_TEST_1115,0.04480830382835954
T1,73260,F3,RAW,S0,sum_CRPS_Wh,2024-11-15,T1_TEST_1115,613100.0336789712
T1,73260,F3,RAW,S0,energy,2024-11-15,T1_TEST_1115,0.36204252030034945
T1,73260,F3,RAW,S0,variogram,2024-11-15,T1_TEST_1115,6141.8595396708
T1,73260,F3,RAW,S0,variogram_normalized,2024-11-15,T1_TEST_1115,0.01077304034736152
T1,73260,F3,RAW,S0,Brier,2024-11-15,T1_TEST_1115,0.0
T1,73260,F3,RAW,S0,marginal_CRPS_normalized,2024-11-15,T1_TEST_1115,0.06048757863521731
T1,73260,F0,RAW,S0,sum_CRPS_normalized,2024-11-16,T1_TEST_1116,0.04032401939545893
T1,73260,F0,RAW,S0,sum_CRPS_Wh,2024-11-16,T1_TEST_1116,551742.7694681045
T1,73260,F0,RAW,S0,energy,2024-11-16,T1_TEST_1116,0.3719533709259225
T1,73260,F0,RAW,S0,variogram,2024-11-16,T1_TEST_1116,8573.784206020842
T1,73260,F0,RAW,S0,variogram_normalized,2024-11-16,T1_TEST_1116,0.015038722814228384
T1,73260,F0,RAW,S0,Brier,2024-11-16,T1_TEST_1116,0.0
T1,73260,F0,RAW,S0,marginal_CRPS_normalized,2024-11-16,T1_TEST_1116,0.05897309330901847
T1,73260,F1,RAW,S0,sum_CRPS_normalized,2024-11-16,T1_TEST_1116,0.0334576240953179
T1,73260,F1,RAW,S0,sum_CRPS_Wh,2024-11-16,T1_TEST_1116,457791.7195489779
T1,73260,F1,RAW,S0,energy,2024-11-16,T1_TEST_1116,0.3644373932781502
T1,73260,F1,RAW,S0,variogram,2024-11-16,T1_TEST_1116,7878.322933251227
T1,73260,F1,RAW,S0,variogram_normalized,2024-11-16,T1_TEST_1116,0.013818858976056655
T1,73260,F1,RAW,S0,Brier,2024-11-16,T1_TEST_1116,0.0
T1,73260,F1,RAW,S0,marginal_CRPS_normalized,2024-11-16,T1_TEST_1116,0.05897309330901847
T1,73260,F2,RAW,S0,sum_CRPS_normalized,2024-11-16,T1_TEST_1116,0.03345339818335167
T1,73260,F2,RAW,S0,sum_CRPS_Wh,2024-11-16,T1_TEST_1116,457733.89752610587
T1,73260,F2,RAW,S0,energy,2024-11-16,T1_TEST_1116,0.36738829989237287
T1,73260,F2,RAW,S0,variogram,2024-11-16,T1_TEST_1116,8165.975744267446
T1,73260,F2,RAW,S0,variogram_normalized,2024-11-16,T1_TEST_1116,0.014323412250043736
T1,73260,F2,RAW,S0,Brier,2024-11-16,T1_TEST_1116,0.0
T1,73260,F2,RAW,S0,marginal_CRPS_normalized,2024-11-16,T1_TEST_1116,0.05897309330901845
T1,73260,F3,RAW,S0,sum_CRPS_normalized,2024-11-16,T1_TEST_1116,0.036862340907638826
T1,73260,F3,RAW,S0,sum_CRPS_Wh,2024-11-16,T1_TEST_1116,504377.5488251168
T1,73260,F3,RAW,S0,energy,2024-11-16,T1_TEST_1116,0.377192628678373
T1,73260,F3,RAW,S0,variogram,2024-11-16,T1_TEST_1116,7966.753028847453
T1,73260,F3,RAW,S0,variogram_normalized,2024-11-16,T1_TEST_1116,0.013973968512773648
T1,73260,F3,RAW,S0,Brier,2024-11-16,T1_TEST_1116,0.0
T1,73260,F3,RAW,S0,marginal_CRPS_normalized,2024-11-16,T1_TEST_1116,0.05897309330901845
T1,73260,F0,RAW,S0,sum_CRPS_normalized,2024-11-17,T1_TEST_1117,0.13194669722138197
T1,73260,F0,RAW,S0,sum_CRPS_Wh,2024-11-17,T1_TEST_1117,1805391.3582655685
T1,73260,F0,RAW,S0,energy,2024-11-17,T1_TEST_1117,1.1332943792132473
T1,73260,F0,RAW,S0,variogram,2024-11-17,T1_TEST_1117,26285.676106116276
T1,73260,F0,RAW,S0,variogram_normalized,2024-11-17,T1_TEST_1117,0.046106011936581245
T1,73260,F0,RAW,S0,Brier,2024-11-17,T1_TEST_1117,0.0
T1,73260,F0,RAW,S0,marginal_CRPS_normalized,2024-11-17,T1_TEST_1117,0.13911662156589077
T1,73260,F1,RAW,S0,sum_CRPS_normalized,2024-11-17,T1_TEST_1117,0.11339370903589184
T1,73260,F1,RAW,S0,sum_CRPS_Wh,2024-11-17,T1_TEST_1117,1551535.7844205634
T1,73260,F1,RAW,S0,energy,2024-11-17,T1_TEST_1117,1.1203026582631117
T1,73260,F1,RAW,S0,variogram,2024-11-17,T1_TEST_1117,27245.383702965617
T1,73260,F1,RAW,S0,variogram_normalized,2024-11-17,T1_TEST_1117,0.047789373237136404
T1,73260,F1,RAW,S0,Brier,2024-11-17,T1_TEST_1117,0.0
T1,73260,F1,RAW,S0,marginal_CRPS_normalized,2024-11-17,T1_TEST_1117,0.13911662156589077
T1,73260,F2,RAW,S0,sum_CRPS_normalized,2024-11-17,T1_TEST_1117,0.12160791295129936
T1,73260,F2,RAW,S0,sum_CRPS_Wh,2024-11-17,T1_TEST_1117,1663928.5390419709
T1,73260,F2,RAW,S0,energy,2024-11-17,T1_TEST_1117,1.1260061569243511
T1,73260,F2,RAW,S0,variogram,2024-11-17,T1_TEST_1117,26620.607785034255
T1,73260,F2,RAW,S0,variogram_normalized,2024-11-17,T1_TEST_1117,0.046693494028492835
T1,73260,F2,RAW,S0,Brier,2024-11-17,T1_TEST_1117,0.0
T1,73260,F2,RAW,S0,marginal_CRPS_normalized,2024-11-17,T1_TEST_1117,0.13911662156589077
T1,73260,F3,RAW,S0,sum_CRPS_normalized,2024-11-17,T1_TEST_1117,0.11555217044117332
T1,73260,F3,RAW,S0,sum_CRPS_Wh,2024-11-17,T1_TEST_1117,1581069.4343739739
T1,73260,F3,RAW,S0,energy,2024-11-17,T1_TEST_1117,1.1326550673395448
T1,73260,F3,RAW,S0,variogram,2024-11-17,T1_TEST_1117,27092.524883238533
T1,73260,F3,RAW,S0,variogram_normalized,2024-11-17,T1_TEST_1117,0.04752125342395386
T1,73260,F3,RAW,S0,Brier,2024-11-17,T1_TEST_1117,0.0
T1,73260,F3,RAW,S0,marginal_CRPS_normalized,2024-11-17,T1_TEST_1117,0.13911662156589077
T1,73260,F0,RAW,S0,sum_CRPS_normalized,2024-11-18,T1_TEST_1118,0.010253844938241254
T1,73260,F0,RAW,S0,sum_CRPS_Wh,2024-11-18,T1_TEST_1118,140300.61706990568
T1,73260,F0,RAW,S0,energy,2024-11-18,T1_TEST_1118,0.7566691461987161
T1,73260,F0,RAW,S0,variogram,2024-11-18,T1_TEST_1118,18553.519505817796
T1,73260,F0,RAW,S0,variogram_normalized,2024-11-18,T1_TEST_1118,0.03254353391358205
T1,73260,F0,RAW,S0,Brier,2024-11-18,T1_TEST_1118,0.0
T1,73260,F0,RAW,S0,marginal_CRPS_normalized,2024-11-18,T1_TEST_1118,0.10404207746681694
T1,73260,F1,RAW,S0,sum_CRPS_normalized,2024-11-18,T1_TEST_1118,0.02001382736956431
T1,73260,F1,RAW,S0,sum_CRPS_Wh,2024-11-18,T1_TEST_1118,273843.84558111546
T1,73260,F1,RAW,S0,energy,2024-11-18,T1_TEST_1118,0.759288268047283
T1,73260,F1,RAW,S0,variogram,2024-11-18,T1_TEST_1118,18674.297917384127
T1,73260,F1,RAW,S0,variogram_normalized,2024-11-18,T1_TEST_1118,0.032755383548450784
T1,73260,F1,RAW,S0,Brier,2024-11-18,T1_TEST_1118,0.0
T1,73260,F1,RAW,S0,marginal_CRPS_normalized,2024-11-18,T1_TEST_1118,0.10404207746681697
T1,73260,F2,RAW,S0,sum_CRPS_normalized,2024-11-18,T1_TEST_1118,0.014988660110486494
T1,73260,F2,RAW,S0,sum_CRPS_Wh,2024-11-18,T1_TEST_1118,205085.8263625186
T1,73260,F2,RAW,S0,energy,2024-11-18,T1_TEST_1118,0.7575948417427376
T1,73260,F2,RAW,S0,variogram,2024-11-18,T1_TEST_1118,18688.979248319636
T1,73260,F2,RAW,S0,variogram_normalized,2024-11-18,T1_TEST_1118,0.032781135125721415
T1,73260,F2,RAW,S0,Brier,2024-11-18,T1_TEST_1118,0.0
T1,73260,F2,RAW,S0,marginal_CRPS_normalized,2024-11-18,T1_TEST_1118,0.10404207746681693
T1,73260,F3,RAW,S0,sum_CRPS_normalized,2024-11-18,T1_TEST_1118,0.01769166393578034
T1,73260,F3,RAW,S0,sum_CRPS_Wh,2024-11-18,T1_TEST_1118,242070.30456705135
T1,73260,F3,RAW,S0,energy,2024-11-18,T1_TEST_1118,0.7643850528023062
T1,73260,F3,RAW,S0,variogram,2024-11-18,T1_TEST_1118,18970.145231713774
T1,73260,F3,RAW,S0,variogram_normalized,2024-11-18,T1_TEST_1118,0.0332743102730601
T1,73260,F3,RAW,S0,Brier,2024-11-18,T1_TEST_1118,0.0
T1,73260,F3,RAW,S0,marginal_CRPS_normalized,2024-11-18,T1_TEST_1118,0.10404207746681693
T1,73260,F0,RAW,S0,sum_CRPS_normalized,2024-11-19,T1_TEST_1119,0.09801400681375769
T1,73260,F0,RAW,S0,sum_CRPS_Wh,2024-11-19,T1_TEST_1119,1341099.4334602058
T1,73260,F0,RAW,S0,energy,2024-11-19,T1_TEST_1119,0.7659852206119759
T1,73260,F0,RAW,S0,variogram,2024-11-19,T1_TEST_1119,16132.2925262464
T1,73260,F0,RAW,S0,variogram_normalized,2024-11-19,T1_TEST_1119,0.02829661557027506
T1,73260,F0,RAW,S0,Brier,2024-11-19,T1_TEST_1119,0.0
T1,73260,F0,RAW,S0,marginal_CRPS_normalized,2024-11-19,T1_TEST_1119,0.10343459757791998
T1,73260,F1,RAW,S0,sum_CRPS_normalized,2024-11-19,T1_TEST_1119,0.07984277333835747
T1,73260,F1,RAW,S0,sum_CRPS_Wh,2024-11-19,T1_TEST_1119,1092467.3071821916
T1,73260,F1,RAW,S0,energy,2024-11-19,T1_TEST_1119,0.7532672331760701
T1,73260,F1,RAW,S0,variogram,2024-11-19,T1_TEST_1119,15665.644937185038
T1,73260,F1,RAW,S0,variogram_normalized,2024-11-19,T1_TEST_1119,0.02747809908150064
T1,73260,F1,RAW,S0,Brier,2024-11-19,T1_TEST_1119,0.0
T1,73260,F1,RAW,S0,marginal_CRPS_normalized,2024-11-19,T1_TEST_1119,0.10343459757791997
T1,73260,F2,RAW,S0,sum_CRPS_normalized,2024-11-19,T1_TEST_1119,0.08813555000172109
T1,73260,F2,RAW,S0,sum_CRPS_Wh,2024-11-19,T1_TEST_1119,1205935.1516932468
T1,73260,F2,RAW,S0,energy,2024-11-19,T1_TEST_1119,0.7586128796552885
T1,73260,F2,RAW,S0,variogram,2024-11-19,T1_TEST_1119,15930.497619438818
T1,73260,F2,RAW,S0,variogram_normalized,2024-11-19,T1_TEST_1119,0.027942660117714083
T1,73260,F2,RAW,S0,Brier,2024-11-19,T1_TEST_1119,0.0
T1,73260,F2,RAW,S0,marginal_CRPS_normalized,2024-11-19,T1_TEST_1119,0.10343459757791997
T1,73260,F3,RAW,S0,sum_CRPS_normalized,2024-11-19,T1_TEST_1119,0.08242838030893668
T1,73260,F3,RAW,S0,sum_CRPS_Wh,2024-11-19,T1_TEST_1119,1127845.4756309465
T1,73260,F3,RAW,S0,energy,2024-11-19,T1_TEST_1119,0.7739032055980923
T1,73260,F3,RAW,S0,variogram,2024-11-19,T1_TEST_1119,15973.698717444302
T1,73260,F3,RAW,S0,variogram_normalized,2024-11-19,T1_TEST_1119,0.028018436382029034
T1,73260,F3,RAW,S0,Brier,2024-11-19,T1_TEST_1119,0.0
T1,73260,F3,RAW,S0,marginal_CRPS_normalized,2024-11-19,T1_TEST_1119,0.10343459757792
T1,73260,F0,RAW,S0,sum_CRPS_normalized,2024-11-20,T1_TEST_1120,0.0702576053181702
T1,73260,F0,RAW,S0,sum_CRPS_Wh,2024-11-20,T1_TEST_1120,961316.0174903013
T1,73260,F0,RAW,S0,energy,2024-11-20,T1_TEST_1120,0.4386175866415236
T1,73260,F0,RAW,S0,variogram,2024-11-20,T1_TEST_1120,7406.269154742729
T1,73260,F0,RAW,S0,variogram_normalized,2024-11-20,T1_TEST_1120,0.01299085983847477
T1,73260,F0,RAW,S0,Brier,2024-11-20,T1_TEST_1120,0.0
T1,73260,F0,RAW,S0,marginal_CRPS_normalized,2024-11-20,T1_TEST_1120,0.06301235321968846
T1,73260,F1,RAW,S0,sum_CRPS_normalized,2024-11-20,T1_TEST_1120,0.055164995360773156
T1,73260,F1,RAW,S0,sum_CRPS_Wh,2024-11-20,T1_TEST_1120,754807.8731822986
T1,73260,F1,RAW,S0,energy,2024-11-20,T1_TEST_1120,0.43018398830781446
T1,73260,F1,RAW,S0,variogram,2024-11-20,T1_TEST_1120,7243.949193849816
T1,73260,F1,RAW,S0,variogram_normalized,2024-11-20,T1_TEST_1120,0.012706144846771258
T1,73260,F1,RAW,S0,Brier,2024-11-20,T1_TEST_1120,0.0
T1,73260,F1,RAW,S0,marginal_CRPS_normalized,2024-11-20,T1_TEST_1120,0.06301235321968844
T1,73260,F2,RAW,S0,sum_CRPS_normalized,2024-11-20,T1_TEST_1120,0.06179890888594986
T1,73260,F2,RAW,S0,sum_CRPS_Wh,2024-11-20,T1_TEST_1120,845577.9371706396
T1,73260,F2,RAW,S0,energy,2024-11-20,T1_TEST_1120,0.4326397146920584
T1,73260,F2,RAW,S0,variogram,2024-11-20,T1_TEST_1120,7240.564991708293
T1,73260,F2,RAW,S0,variogram_normalized,2024-11-20,T1_TEST_1120,0.012700208835701847
T1,73260,F2,RAW,S0,Brier,2024-11-20,T1_TEST_1120,0.0
T1,73260,F2,RAW,S0,marginal_CRPS_normalized,2024-11-20,T1_TEST_1120,0.06301235321968846
T1,73260,F3,RAW,S0,sum_CRPS_normalized,2024-11-20,T1_TEST_1120,0.05830510914241399
T1,73260,F3,RAW,S0,sum_CRPS_Wh,2024-11-20,T1_TEST_1120,797773.2099791206
T1,73260,F3,RAW,S0,energy,2024-11-20,T1_TEST_1120,0.44737598499962183
T1,73260,F3,RAW,S0,variogram,2024-11-20,T1_TEST_1120,7352.899205679839
T1,73260,F3,RAW,S0,variogram_normalized,2024-11-20,T1_TEST_1120,0.012897247047287107
T1,73260,F3,RAW,S0,Brier,2024-11-20,T1_TEST_1120,0.0
T1,73260,F3,RAW,S0,marginal_CRPS_normalized,2024-11-20,T1_TEST_1120,0.06301235321968844
T1,73260,F0,RAW,S0,sum_CRPS_normalized,2024-11-21,T1_TEST_1121,0.10481512112083455
T1,73260,F0,RAW,S0,sum_CRPS_Wh,2024-11-21,T1_TEST_1121,1434157.2610159162
T1,73260,F0,RAW,S0,energy,2024-11-21,T1_TEST_1121,0.6489222051960105
T1,73260,F0,RAW,S0,variogram,2024-11-21,T1_TEST_1121,14011.63004688254
T1,73260,F0,RAW,S0,variogram_normalized,2024-11-21,T1_TEST_1121,0.024576898063588624
T1,73260,F0,RAW,S0,Brier,2024-11-21,T1_TEST_1121,0.0
T1,73260,F0,RAW,S0,marginal_CRPS_normalized,2024-11-21,T1_TEST_1121,0.10115772078386351
T1,73260,F1,RAW,S0,sum_CRPS_normalized,2024-11-21,T1_TEST_1121,0.08887878192199106
T1,73260,F1,RAW,S0,sum_CRPS_Wh,2024-11-21,T1_TEST_1121,1216104.595220819
T1,73260,F1,RAW,S0,energy,2024-11-21,T1_TEST_1121,0.6446008660849708
T1,73260,F1,RAW,S0,variogram,2024-11-21,T1_TEST_1121,14270.141874624122
T1,73260,F1,RAW,S0,variogram_normalized,2024-11-21,T1_TEST_1121,0.025030337015186577
T1,73260,F1,RAW,S0,Brier,2024-11-21,T1_TEST_1121,0.0
T1,73260,F1,RAW,S0,marginal_CRPS_normalized,2024-11-21,T1_TEST_1121,0.10115772078386352
T1,73260,F2,RAW,S0,sum_CRPS_normalized,2024-11-21,T1_TEST_1121,0.09635540254944179
T1,73260,F2,RAW,S0,sum_CRPS_Wh,2024-11-21,T1_TEST_1121,1318405.195039412
T1,73260,F2,RAW,S0,energy,2024-11-21,T1_TEST_1121,0.6486571344783993
T1,73260,F2,RAW,S0,variogram,2024-11-21,T1_TEST_1121,14127.688521593467
T1,73260,F2,RAW,S0,variogram_normalized,2024-11-21,T1_TEST_1121,0.0247804687611336
T1,73260,F2,RAW,S0,Brier,2024-11-21,T1_TEST_1121,0.0
T1,73260,F2,RAW,S0,marginal_CRPS_normalized,2024-11-21,T1_TEST_1121,0.10115772078386352
T1,73260,F3,RAW,S0,sum_CRPS_normalized,2024-11-21,T1_TEST_1121,0.09136280808655318
T1,73260,F3,RAW,S0,sum_CRPS_Wh,2024-11-21,T1_TEST_1121,1250092.8606768437
T1,73260,F3,RAW,S0,energy,2024-11-21,T1_TEST_1121,0.6612200909852146
T1,73260,F3,RAW,S0,variogram,2024-11-21,T1_TEST_1121,14356.42491826926
T1,73260,F3,RAW,S0,variogram_normalized,2024-11-21,T1_TEST_1121,0.025181680546323738
T1,73260,F3,RAW,S0,Brier,2024-11-21,T1_TEST_1121,0.0
T1,73260,F3,RAW,S0,marginal_CRPS_normalized,2024-11-21,T1_TEST_1121,0.10115772078386352
T1,73260,F0,RAW,S0,sum_CRPS_normalized,2024-11-22,T1_TEST_1122,0.012064257703343151
T1,73260,F0,RAW,S0,sum_CRPS_Wh,2024-11-22,T1_TEST_1122,165072.01059349423
T1,73260,F0,RAW,S0,energy,2024-11-22,T1_TEST_1122,0.3375243121529469
T1,73260,F0,RAW,S0,variogram,2024-11-22,T1_TEST_1122,7274.7548587872725
T1,73260,F0,RAW,S0,variogram_normalized,2024-11-22,T1_TEST_1122,0.01276017908007714
T1,73260,F0,RAW,S0,Brier,2024-11-22,T1_TEST_1122,0.0
T1,73260,F0,RAW,S0,marginal_CRPS_normalized,2024-11-22,T1_TEST_1122,0.04906412990060444
T1,73260,F1,RAW,S0,sum_CRPS_normalized,2024-11-22,T1_TEST_1122,0.016514628700033916
T1,73260,F1,RAW,S0,sum_CRPS_Wh,2024-11-22,T1_TEST_1122,225965.24632959277
T1,73260,F1,RAW,S0,energy,2024-11-22,T1_TEST_1122,0.3389333684168275
T1,73260,F1,RAW,S0,variogram,2024-11-22,T1_TEST_1122,7079.621202423647
T1,73260,F1,RAW,S0,variogram_normalized,2024-11-22,T1_TEST_1122,0.012417907698005418
T1,73260,F1,RAW,S0,Brier,2024-11-22,T1_TEST_1122,0.0
T1,73260,F1,RAW,S0,marginal_CRPS_normalized,2024-11-22,T1_TEST_1122,0.04906412990060443
T1,73260,F2,RAW,S0,sum_CRPS_normalized,2024-11-22,T1_TEST_1122,0.014427207264422854
T1,73260,F2,RAW,S0,sum_CRPS_Wh,2024-11-22,T1_TEST_1122,197403.61727579776
T1,73260,F2,RAW,S0,energy,2024-11-22,T1_TEST_1122,0.33970888095821594
T1,73260,F2,RAW,S0,variogram,2024-11-22,T1_TEST_1122,7142.967798566848
T1,73260,F2,RAW,S0,variogram_normalized,2024-11-22,T1_TEST_1122,0.012529019883445479
T1,73260,F2,RAW,S0,Brier,2024-11-22,T1_TEST_1122,0.0
T1,73260,F2,RAW,S0,marginal_CRPS_normalized,2024-11-22,T1_TEST_1122,0.04906412990060444
T1,73260,F3,RAW,S0,sum_CRPS_normalized,2024-11-22,T1_TEST_1122,0.014163030484073138
T1,73260,F3,RAW,S0,sum_CRPS_Wh,2024-11-22,T1_TEST_1122,193788.95706571627
T1,73260,F3,RAW,S0,energy,2024-11-22,T1_TEST_1122,0.349659933595465
T1,73260,F3,RAW,S0,variogram,2024-11-22,T1_TEST_1122,7417.953645281254
T1,73260,F3,RAW,S0,variogram_normalized,2024-11-22,T1_TEST_1122,0.013011354850970061
T1,73260,F3,RAW,S0,Brier,2024-11-22,T1_TEST_1122,0.0
T1,73260,F3,RAW,S0,marginal_CRPS_normalized,2024-11-22,T1_TEST_1122,0.04906412990060444
T1,73260,F0,RAW,S0,sum_CRPS_normalized,2024-11-23,T1_TEST_1123,0.061403970757176476
T1,73260,F0,RAW,S0,sum_CRPS_Wh,2024-11-23,T1_TEST_1123,840174.1044127743
T1,73260,F0,RAW,S0,energy,2024-11-23,T1_TEST_1123,0.4355233020199911
T1,73260,F0,RAW,S0,variogram,2024-11-23,T1_TEST_1123,7925.289234802795
T1,73260,F0,RAW,S0,variogram_normalized,2024-11-23,T1_TEST_1123,0.013901239541472274
T1,73260,F0,RAW,S0,Brier,2024-11-23,T1_TEST_1123,0.0
T1,73260,F0,RAW,S0,marginal_CRPS_normalized,2024-11-23,T1_TEST_1123,0.06728206726664748
T1,73260,F1,RAW,S0,sum_CRPS_normalized,2024-11-23,T1_TEST_1123,0.04782767600510471
T1,73260,F1,RAW,S0,sum_CRPS_Wh,2024-11-23,T1_TEST_1123,654413.2953981124
T1,73260,F1,RAW,S0,energy,2024-11-23,T1_TEST_1123,0.4224440338388985
T1,73260,F1,RAW,S0,variogram,2024-11-23,T1_TEST_1123,7651.325280698192
T1,73260,F1,RAW,S0,variogram_normalized,2024-11-23,T1_TEST_1123,0.013420697009975406
T1,73260,F1,RAW,S0,Brier,2024-11-23,T1_TEST_1123,0.0
T1,73260,F1,RAW,S0,marginal_CRPS_normalized,2024-11-23,T1_TEST_1123,0.06728206726664746
T1,73260,F2,RAW,S0,sum_CRPS_normalized,2024-11-23,T1_TEST_1123,0.05129254238886016
T1,73260,F2,RAW,S0,sum_CRPS_Wh,2024-11-23,T1_TEST_1123,701822.1351683228
T1,73260,F2,RAW,S0,energy,2024-11-23,T1_TEST_1123,0.4251936579097838
T1,73260,F2,RAW,S0,variogram,2024-11-23,T1_TEST_1123,7684.23682321328
T1,73260,F2,RAW,S0,variogram_normalized,2024-11-23,T1_TEST_1123,0.013478425027543837
T1,73260,F2,RAW,S0,Brier,2024-11-23,T1_TEST_1123,0.0
T1,73260,F2,RAW,S0,marginal_CRPS_normalized,2024-11-23,T1_TEST_1123,0.06728206726664746
T1,73260,F3,RAW,S0,sum_CRPS_normalized,2024-11-23,T1_TEST_1123,0.049479176361771196
T1,73260,F3,RAW,S0,sum_CRPS_Wh,2024-11-23,T1_TEST_1123,677010.332951054
T1,73260,F3,RAW,S0,energy,2024-11-23,T1_TEST_1123,0.4164947163239172
T1,73260,F3,RAW,S0,variogram,2024-11-23,T1_TEST_1123,7313.607313085213
T1,73260,F3,RAW,S0,variogram_normalized,2024-11-23,T1_TEST_1123,0.012828327668471619
T1,73260,F3,RAW,S0,Brier,2024-11-23,T1_TEST_1123,0.0
T1,73260,F3,RAW,S0,marginal_CRPS_normalized,2024-11-23,T1_TEST_1123,0.06728206726664748
T1,73260,F0,RAW,S0,sum_CRPS_normalized,2024-11-24,T1_TEST_1124,0.009448464969536656
T1,73260,F0,RAW,S0,sum_CRPS_Wh,2024-11-24,T1_TEST_1124,129280.81842212379
T1,73260,F0,RAW,S0,energy,2024-11-24,T1_TEST_1124,0.42409140346204066
T1,73260,F0,RAW,S0,variogram,2024-11-24,T1_TEST_1124,11411.643592975555
T1,73260,F0,RAW,S0,variogram_normalized,2024-11-24,T1_TEST_1124,0.02001642923658014
T1,73260,F0,RAW,S0,Brier,2024-11-24,T1_TEST_1124,0.0
T1,73260,F0,RAW,S0,marginal_CRPS_normalized,2024-11-24,T1_TEST_1124,0.06073181466464142
T1,73260,F1,RAW,S0,sum_CRPS_normalized,2024-11-24,T1_TEST_1124,0.01873585141841749
T1,73260,F1,RAW,S0,sum_CRPS_Wh,2024-11-24,T1_TEST_1124,256357.6425395906
T1,73260,F1,RAW,S0,energy,2024-11-24,T1_TEST_1124,0.4279608866899375
T1,73260,F1,RAW,S0,variogram,2024-11-24,T1_TEST_1124,11349.163063571172
T1,73260,F1,RAW,S0,variogram_normalized,2024-11-24,T1_TEST_1124,0.019906836163041047
T1,73260,F1,RAW,S0,Brier,2024-11-24,T1_TEST_1124,1.52587890625e-05
T1,73260,F1,RAW,S0,marginal_CRPS_normalized,2024-11-24,T1_TEST_1124,0.060731814664641406
T1,73260,F2,RAW,S0,sum_CRPS_normalized,2024-11-24,T1_TEST_1124,0.014418373364548058
T1,73260,F2,RAW,S0,sum_CRPS_Wh,2024-11-24,T1_TEST_1124,197282.74538715184
T1,73260,F2,RAW,S0,energy,2024-11-24,T1_TEST_1124,0.427422900263418
T1,73260,F2,RAW,S0,variogram,2024-11-24,T1_TEST_1124,11239.172157048653
T1,73260,F2,RAW,S0,variogram_normalized,2024-11-24,T1_TEST_1124,0.019713908196167765
T1,73260,F2,RAW,S0,Brier,2024-11-24,T1_TEST_1124,0.0
T1,73260,F2,RAW,S0,marginal_CRPS_normalized,2024-11-24,T1_TEST_1124,0.060731814664641406
T1,73260,F3,RAW,S0,sum_CRPS_normalized,2024-11-24,T1_TEST_1124,0.015538298556932272
T1,73260,F3,RAW,S0,sum_CRPS_Wh,2024-11-24,T1_TEST_1124,212606.38217998482
T1,73260,F3,RAW,S0,energy,2024-11-24,T1_TEST_1124,0.42466017231560405
T1,73260,F3,RAW,S0,variogram,2024-11-24,T1_TEST_1124,11460.417978965304
T1,73260,F3,RAW,S0,variogram_normalized,2024-11-24,T1_TEST_1124,0.020101981246487148
T1,73260,F3,RAW,S0,Brier,2024-11-24,T1_TEST_1124,0.0
T1,73260,F3,RAW,S0,marginal_CRPS_normalized,2024-11-24,T1_TEST_1124,0.060731814664641386
T1,73260,F0,RAW,S0,sum_CRPS_normalized,2024-11-25,T1_TEST_1125,0.008170629889178606
T1,73260,F0,RAW,S0,sum_CRPS_Wh,2024-11-25,T1_TEST_1125,111796.54287791438
T1,73260,F0,RAW,S0,energy,2024-11-25,T1_TEST_1125,0.30408229130341685
T1,73260,F0,RAW,S0,variogram,2024-11-25,T1_TEST_1125,6546.687934264716
T1,73260,F0,RAW,S0,variogram_normalized,2024-11-25,T1_TEST_1125,0.011483123767626714
T1,73260,F0,RAW,S0,Brier,2024-11-25,T1_TEST_1125,0.0
T1,73260,F0,RAW,S0,marginal_CRPS_normalized,2024-11-25,T1_TEST_1125,0.04663279355089654
T1,73260,F1,RAW,S0,sum_CRPS_normalized,2024-11-25,T1_TEST_1125,0.014270173811317234
T1,73260,F1,RAW,S0,sum_CRPS_Wh,2024-11-25,T1_TEST_1125,195254.97054824978
T1,73260,F1,RAW,S0,energy,2024-11-25,T1_TEST_1125,0.30372032782425507
T1,73260,F1,RAW,S0,variogram,2024-11-25,T1_TEST_1125,5966.785318631078
T1,73260,F1,RAW,S0,variogram_normalized,2024-11-25,T1_TEST_1125,0.010465953929174739
T1,73260,F1,RAW,S0,Brier,2024-11-25,T1_TEST_1125,0.0
T1,73260,F1,RAW,S0,marginal_CRPS_normalized,2024-11-25,T1_TEST_1125,0.04663279355089655
T1,73260,F2,RAW,S0,sum_CRPS_normalized,2024-11-25,T1_TEST_1125,0.011892908472428953
T1,73260,F2,RAW,S0,sum_CRPS_Wh,2024-11-25,T1_TEST_1125,162727.48490810394
T1,73260,F2,RAW,S0,energy,2024-11-25,T1_TEST_1125,0.3050594135241265
T1,73260,F2,RAW,S0,variogram,2024-11-25,T1_TEST_1125,6388.864243939624
T1,73260,F2,RAW,S0,variogram_normalized,2024-11-25,T1_TEST_1125,0.011206295394613671
T1,73260,F2,RAW,S0,Brier,2024-11-25,T1_TEST_1125,0.0
T1,73260,F2,RAW,S0,marginal_CRPS_normalized,2024-11-25,T1_TEST_1125,0.04663279355089655
T1,73260,F3,RAW,S0,sum_CRPS_normalized,2024-11-25,T1_TEST_1125,0.012698089010259456
T1,73260,F3,RAW,S0,sum_CRPS_Wh,2024-11-25,T1_TEST_1125,173744.55479658954
T1,73260,F3,RAW,S0,energy,2024-11-25,T1_TEST_1125,0.31053188554853206
T1,73260,F3,RAW,S0,variogram,2024-11-25,T1_TEST_1125,6217.512677656458
T1,73260,F3,RAW,S0,variogram_normalized,2024-11-25,T1_TEST_1125,0.010905738645435542
T1,73260,F3,RAW,S0,Brier,2024-11-25,T1_TEST_1125,0.0
T1,73260,F3,RAW,S0,marginal_CRPS_normalized,2024-11-25,T1_TEST_1125,0.04663279355089653
T1,73260,F0,RAW,S0,sum_CRPS_normalized,2024-11-26,T1_TEST_1126,0.03382500226911108
T1,73260,F0,RAW,S0,sum_CRPS_Wh,2024-11-26,T1_TEST_1126,462818.4568159878
T1,73260,F0,RAW,S0,energy,2024-11-26,T1_TEST_1126,0.6061664178169902
T1,73260,F0,RAW,S0,variogram,2024-11-26,T1_TEST_1126,16709.20821739594
T1,73260,F0,RAW,S0,variogram_normalized,2024-11-26,T1_TEST_1126,0.029308546236816006
T1,73260,F0,RAW,S0,Brier,2024-11-26,T1_TEST_1126,0.0
T1,73260,F0,RAW,S0,marginal_CRPS_normalized,2024-11-26,T1_TEST_1126,0.07966282395191228
T1,73260,F1,RAW,S0,sum_CRPS_normalized,2024-11-26,T1_TEST_1126,0.028506464052084624
T1,73260,F1,RAW,S0,sum_CRPS_Wh,2024-11-26,T1_TEST_1126,390046.3212655671
T1,73260,F1,RAW,S0,energy,2024-11-26,T1_TEST_1126,0.6070156953418582
T1,73260,F1,RAW,S0,variogram,2024-11-26,T1_TEST_1126,16802.058356715763
T1,73260,F1,RAW,S0,variogram_normalized,2024-11-26,T1_TEST_1126,0.029471408687624222
T1,73260,F1,RAW,S0,Brier,2024-11-26,T1_TEST_1126,0.0
T1,73260,F1,RAW,S0,marginal_CRPS_normalized,2024-11-26,T1_TEST_1126,0.07966282395191229
T1,73260,F2,RAW,S0,sum_CRPS_normalized,2024-11-26,T1_TEST_1126,0.030424721968580492
T1,73260,F2,RAW,S0,sum_CRPS_Wh,2024-11-26,T1_TEST_1126,416293.33114377223
T1,73260,F2,RAW,S0,energy,2024-11-26,T1_TEST_1126,0.6060466426757716
T1,73260,F2,RAW,S0,variogram,2024-11-26,T1_TEST_1126,16853.079404385775
T1,73260,F2,RAW,S0,variogram_normalized,2024-11-26,T1_TEST_1126,0.029560901422123188
T1,73260,F2,RAW,S0,Brier,2024-11-26,T1_TEST_1126,0.0
T1,73260,F2,RAW,S0,marginal_CRPS_normalized,2024-11-26,T1_TEST_1126,0.07966282395191229
T1,73260,F3,RAW,S0,sum_CRPS_normalized,2024-11-26,T1_TEST_1126,0.030299196096991374
T1,73260,F3,RAW,S0,sum_CRPS_Wh,2024-11-26,T1_TEST_1126,414575.7942248639
T1,73260,F3,RAW,S0,energy,2024-11-26,T1_TEST_1126,0.616413834915228
T1,73260,F3,RAW,S0,variogram,2024-11-26,T1_TEST_1126,17128.787020640513
T1,73260,F3,RAW,S0,variogram_normalized,2024-11-26,T1_TEST_1126,0.0300445023991241
T1,73260,F3,RAW,S0,Brier,2024-11-26,T1_TEST_1126,0.0
T1,73260,F3,RAW,S0,marginal_CRPS_normalized,2024-11-26,T1_TEST_1126,0.07966282395191225
T1,73260,F0,RAW,S0,sum_CRPS_normalized,2024-11-27,T1_TEST_1127,0.03792031945398601
T1,73260,F0,RAW,S0,sum_CRPS_Wh,2024-11-27,T1_TEST_1127,518853.58623286523
T1,73260,F0,RAW,S0,energy,2024-11-27,T1_TEST_1127,0.3999169282445648
T1,73260,F0,RAW,S0,variogram,2024-11-27,T1_TEST_1127,11018.132022818541
T1,73260,F0,RAW,S0,variogram_normalized,2024-11-27,T1_TEST_1127,0.019326195929375217
T1,73260,F0,RAW,S0,Brier,2024-11-27,T1_TEST_1127,0.0
T1,73260,F0,RAW,S0,marginal_CRPS_normalized,2024-11-27,T1_TEST_1127,0.059651516482295976
T1,73260,F1,RAW,S0,sum_CRPS_normalized,2024-11-27,T1_TEST_1127,0.03331822327775751
T1,73260,F1,RAW,S0,sum_CRPS_Wh,2024-11-27,T1_TEST_1127,455884.335456321
T1,73260,F1,RAW,S0,energy,2024-11-27,T1_TEST_1127,0.3890336850674687
T1,73260,F1,RAW,S0,variogram,2024-11-27,T1_TEST_1127,9765.089593942024
T1,73260,F1,RAW,S0,variogram_normalized,2024-11-27,T1_TEST_1127,0.01712831488764007
T1,73260,F1,RAW,S0,Brier,2024-11-27,T1_TEST_1127,0.0
T1,73260,F1,RAW,S0,marginal_CRPS_normalized,2024-11-27,T1_TEST_1127,0.05965151648229596
T1,73260,F2,RAW,S0,sum_CRPS_normalized,2024-11-27,T1_TEST_1127,0.03231078463158694
T1,73260,F2,RAW,S0,sum_CRPS_Wh,2024-11-27,T1_TEST_1127,442099.8219817057
T1,73260,F2,RAW,S0,energy,2024-11-27,T1_TEST_1127,0.3944682848215245
T1,73260,F2,RAW,S0,variogram,2024-11-27,T1_TEST_1127,10340.818980449747
T1,73260,F2,RAW,S0,variogram_normalized,2024-11-27,T1_TEST_1127,0.018138164733594354
T1,73260,F2,RAW,S0,Brier,2024-11-27,T1_TEST_1127,0.0
T1,73260,F2,RAW,S0,marginal_CRPS_normalized,2024-11-27,T1_TEST_1127,0.05965151648229595
T1,73260,F3,RAW,S0,sum_CRPS_normalized,2024-11-27,T1_TEST_1127,0.034432030389697665
T1,73260,F3,RAW,S0,sum_CRPS_Wh,2024-11-27,T1_TEST_1127,471124.26019121334
T1,73260,F3,RAW,S0,energy,2024-11-27,T1_TEST_1127,0.4058278187604506
T1,73260,F3,RAW,S0,variogram,2024-11-27,T1_TEST_1127,9913.248797657592
T1,73260,F3,RAW,S0,variogram_normalized,2024-11-27,T1_TEST_1127,0.017388191406982667
T1,73260,F3,RAW,S0,Brier,2024-11-27,T1_TEST_1127,0.0
T1,73260,F3,RAW,S0,marginal_CRPS_normalized,2024-11-27,T1_TEST_1127,0.05965151648229595
T1,73260,F0,RAW,S0,sum_CRPS_normalized,2024-11-28,T1_TEST_1128,0.050200079953426284
T1,73260,F0,RAW,S0,sum_CRPS_Wh,2024-11-28,T1_TEST_1128,686874.263931706
T1,73260,F0,RAW,S0,energy,2024-11-28,T1_TEST_1128,0.7732486731839565
T1,73260,F0,RAW,S0,variogram,2024-11-28,T1_TEST_1128,17981.401690944564
T1,73260,F0,RAW,S0,variogram_normalized,2024-11-28,T1_TEST_1128,0.03154001889288459
T1,73260,F0,RAW,S0,Brier,2024-11-28,T1_TEST_1128,0.0
T1,73260,F0,RAW,S0,marginal_CRPS_normalized,2024-11-28,T1_TEST_1128,0.08908399541576238
T1,73260,F1,RAW,S0,sum_CRPS_normalized,2024-11-28,T1_TEST_1128,0.03893791780224833
T1,73260,F1,RAW,S0,sum_CRPS_Wh,2024-11-28,T1_TEST_1128,532777.1121931679
T1,73260,F1,RAW,S0,energy,2024-11-28,T1_TEST_1128,0.7674874950343209
T1,73260,F1,RAW,S0,variogram,2024-11-28,T1_TEST_1128,18141.222860664955
T1,73260,F1,RAW,S0,variogram_normalized,2024-11-28,T1_TEST_1128,0.03182035091588825
T1,73260,F1,RAW,S0,Brier,2024-11-28,T1_TEST_1128,0.0
T1,73260,F1,RAW,S0,marginal_CRPS_normalized,2024-11-28,T1_TEST_1128,0.08908399541576238
T1,73260,F2,RAW,S0,sum_CRPS_normalized,2024-11-28,T1_TEST_1128,0.043578786479135344
T1,73260,F2,RAW,S0,sum_CRPS_Wh,2024-11-28,T1_TEST_1128,596276.8767233817
T1,73260,F2,RAW,S0,energy,2024-11-28,T1_TEST_1128,0.7718977430114627
T1,73260,F2,RAW,S0,variogram,2024-11-28,T1_TEST_1128,18086.700299828943
T1,73260,F2,RAW,S0,variogram_normalized,2024-11-28,T1_TEST_1128,0.031724716402605435
T1,73260,F2,RAW,S0,Brier,2024-11-28,T1_TEST_1128,0.0
T1,73260,F2,RAW,S0,marginal_CRPS_normalized,2024-11-28,T1_TEST_1128,0.0890839954157624
T1,73260,F3,RAW,S0,sum_CRPS_normalized,2024-11-28,T1_TEST_1128,0.04144422564426548
T1,73260,F3,RAW,S0,sum_CRPS_Wh,2024-11-28,T1_TEST_1128,567070.251880773
T1,73260,F3,RAW,S0,energy,2024-11-28,T1_TEST_1128,0.778858514577622
T1,73260,F3,RAW,S0,variogram,2024-11-28,T1_TEST_1128,18437.148422644837
T1,73260,F3,RAW,S0,variogram_normalized,2024-11-28,T1_TEST_1128,0.03233941488966252
T1,73260,F3,RAW,S0,Brier,2024-11-28,T1_TEST_1128,0.0
T1,73260,F3,RAW,S0,marginal_CRPS_normalized,2024-11-28,T1_TEST_1128,0.08908399541576238
T1,73260,F0,RAW,S0,sum_CRPS_normalized,2024-11-29,T1_TEST_1129,0.053296569974853235
T1,73260,F0,RAW,S0,sum_CRPS_Wh,2024-11-29,T1_TEST_1129,729242.708488224
T1,73260,F0,RAW,S0,energy,2024-11-29,T1_TEST_1129,0.9548963613809665
T1,73260,F0,RAW,S0,variogram,2024-11-29,T1_TEST_1129,29905.097359909567
T1,73260,F0,RAW,S0,variogram_normalized,2024-11-29,T1_TEST_1129,0.05245460570518816
T1,73260,F0,RAW,S0,Brier,2024-11-29,T1_TEST_1129,0.0
T1,73260,F0,RAW,S0,marginal_CRPS_normalized,2024-11-29,T1_TEST_1129,0.141493217005759
T1,73260,F1,RAW,S0,sum_CRPS_normalized,2024-11-29,T1_TEST_1129,0.042923402346569085
T1,73260,F1,RAW,S0,sum_CRPS_Wh,2024-11-29,T1_TEST_1129,587309.4309729643
T1,73260,F1,RAW,S0,energy,2024-11-29,T1_TEST_1129,0.9429676795608277
T1,73260,F1,RAW,S0,variogram,2024-11-29,T1_TEST_1129,29734.17357891286
T1,73260,F1,RAW,S0,variogram_normalized,2024-11-29,T1_TEST_1129,0.052154799306636135
T1,73260,F1,RAW,S0,Brier,2024-11-29,T1_TEST_1129,0.0
T1,73260,F1,RAW,S0,marginal_CRPS_normalized,2024-11-29,T1_TEST_1129,0.14149321700575898
T1,73260,F2,RAW,S0,sum_CRPS_normalized,2024-11-29,T1_TEST_1129,0.04789087698780875
T1,73260,F2,RAW,S0,sum_CRPS_Wh,2024-11-29,T1_TEST_1129,655278.0575362379
T1,73260,F2,RAW,S0,energy,2024-11-29,T1_TEST_1129,0.9507025496819659
T1,73260,F2,RAW,S0,variogram,2024-11-29,T1_TEST_1129,30050.965746392474
T1,73260,F2,RAW,S0,variogram_normalized,2024-11-29,T1_TEST_1129,0.052710464049527485
T1,73260,F2,RAW,S0,Brier,2024-11-29,T1_TEST_1129,0.0
T1,73260,F2,RAW,S0,marginal_CRPS_normalized,2024-11-29,T1_TEST_1129,0.141493217005759
T1,73260,F3,RAW,S0,sum_CRPS_normalized,2024-11-29,T1_TEST_1129,0.046079215159800374
T1,73260,F3,RAW,S0,sum_CRPS_Wh,2024-11-29,T1_TEST_1129,630489.5734190629
T1,73260,F3,RAW,S0,energy,2024-11-29,T1_TEST_1129,0.9558604938274986
T1,73260,F3,RAW,S0,variogram,2024-11-29,T1_TEST_1129,30330.533911365703
T1,73260,F3,RAW,S0,variogram_normalized,2024-11-29,T1_TEST_1129,0.05320083656645676
T1,73260,F3,RAW,S0,Brier,2024-11-29,T1_TEST_1129,0.0
T1,73260,F3,RAW,S0,marginal_CRPS_normalized,2024-11-29,T1_TEST_1129,0.141493217005759
T1,73260,F0,RAW,S0,sum_CRPS_normalized,2024-11-30,T1_TEST_1130,0.028841839243042906
T1,73260,F0,RAW,S0,sum_CRPS_Wh,2024-11-30,T1_TEST_1130,394635.1702802329
T1,73260,F0,RAW,S0,energy,2024-11-30,T1_TEST_1130,0.4684045599276625
T1,73260,F0,RAW,S0,variogram,2024-11-30,T1_TEST_1130,12687.308640990883
T1,73260,F0,RAW,S0,variogram_normalized,2024-11-30,T1_TEST_1130,0.02225399115788787
T1,73260,F0,RAW,S0,Brier,2024-11-30,T1_TEST_1130,0.0
T1,73260,F0,RAW,S0,marginal_CRPS_normalized,2024-11-30,T1_TEST_1130,0.06239990052898848
T1,73260,F1,RAW,S0,sum_CRPS_normalized,2024-11-30,T1_TEST_1130,0.025731311730286234
T1,73260,F1,RAW,S0,sum_CRPS_Wh,2024-11-30,T1_TEST_1130,352074.65448531264
T1,73260,F1,RAW,S0,energy,2024-11-30,T1_TEST_1130,0.4677519551792671
T1,73260,F1,RAW,S0,variogram,2024-11-30,T1_TEST_1130,12744.254028567693
T1,73260,F1,RAW,S0,variogram_normalized,2024-11-30,T1_TEST_1130,0.022353875395552152
T1,73260,F1,RAW,S0,Brier,2024-11-30,T1_TEST_1130,0.0
T1,73260,F1,RAW,S0,marginal_CRPS_normalized,2024-11-30,T1_TEST_1130,0.06239990052898847
T1,73260,F2,RAW,S0,sum_CRPS_normalized,2024-11-30,T1_TEST_1130,0.025079571373750983
T1,73260,F2,RAW,S0,sum_CRPS_Wh,2024-11-30,T1_TEST_1130,343157.0655475049
T1,73260,F2,RAW,S0,energy,2024-11-30,T1_TEST_1130,0.4681954666141699
T1,73260,F2,RAW,S0,variogram,2024-11-30,T1_TEST_1130,12675.511855600858
T1,73260,F2,RAW,S0,variogram_normalized,2024-11-30,T1_TEST_1130,0.02223329917622417
T1,73260,F2,RAW,S0,Brier,2024-11-30,T1_TEST_1130,0.0
T1,73260,F2,RAW,S0,marginal_CRPS_normalized,2024-11-30,T1_TEST_1130,0.06239990052898848
T1,73260,F3,RAW,S0,sum_CRPS_normalized,2024-11-30,T1_TEST_1130,0.025864665303758767
T1,73260,F3,RAW,S0,sum_CRPS_Wh,2024-11-30,T1_TEST_1130,353899.2957549399
T1,73260,F3,RAW,S0,energy,2024-11-30,T1_TEST_1130,0.4690487993760619
T1,73260,F3,RAW,S0,variogram,2024-11-30,T1_TEST_1130,12474.421932647
T1,73260,F3,RAW,S0,variogram_normalized,2024-11-30,T1_TEST_1130,0.021880580290447458
T1,73260,F3,RAW,S0,Brier,2024-11-30,T1_TEST_1130,0.0
T1,73260,F3,RAW,S0,marginal_CRPS_normalized,2024-11-30,T1_TEST_1130,0.06239990052898847
T1,73260,F0,RAW,S0,sum_CRPS_normalized,2024-12-01,T1_TEST_1201,0.010605808847261675
T1,73260,F0,RAW,S0,sum_CRPS_Wh,2024-12-01,T1_TEST_1201,145116.4450758216
T1,73260,F0,RAW,S0,energy,2024-12-01,T1_TEST_1201,0.4710161643578257
T1,73260,F0,RAW,S0,variogram,2024-12-01,T1_TEST_1201,10737.28875245592
T1,73260,F0,RAW,S0,variogram_normalized,2024-12-01,T1_TEST_1201,0.018833586832185792
T1,73260,F0,RAW,S0,Brier,2024-12-01,T1_TEST_1201,0.0
T1,73260,F0,RAW,S0,marginal_CRPS_normalized,2024-12-01,T1_TEST_1201,0.06880426407039708
T1,73260,F1,RAW,S0,sum_CRPS_normalized,2024-12-01,T1_TEST_1201,0.02047376851308488
T1,73260,F1,RAW,S0,sum_CRPS_Wh,2024-12-01,T1_TEST_1201,280137.0971994535
T1,73260,F1,RAW,S0,energy,2024-12-01,T1_TEST_1201,0.460694875066633
T1,73260,F1,RAW,S0,variogram,2024-12-01,T1_TEST_1201,10124.203729012774
T1,73260,F1,RAW,S0,variogram_normalized,2024-12-01,T1_TEST_1201,0.017758213868793324
T1,73260,F1,RAW,S0,Brier,2024-12-01,T1_TEST_1201,0.0
T1,73260,F1,RAW,S0,marginal_CRPS_normalized,2024-12-01,T1_TEST_1201,0.06880426407039708
T1,73260,F2,RAW,S0,sum_CRPS_normalized,2024-12-01,T1_TEST_1201,0.015549274952644139
T1,73260,F2,RAW,S0,sum_CRPS_Wh,2024-12-01,T1_TEST_1201,212756.56926598563
T1,73260,F2,RAW,S0,energy,2024-12-01,T1_TEST_1201,0.46854609698005356
T1,73260,F2,RAW,S0,variogram,2024-12-01,T1_TEST_1201,10407.973636048022
T1,73260,F2,RAW,S0,variogram_normalized,2024-12-01,T1_TEST_1201,0.01825595639092557
T1,73260,F2,RAW,S0,Brier,2024-12-01,T1_TEST_1201,0.0
T1,73260,F2,RAW,S0,marginal_CRPS_normalized,2024-12-01,T1_TEST_1201,0.06880426407039711
T1,73260,F3,RAW,S0,sum_CRPS_normalized,2024-12-01,T1_TEST_1201,0.0172250420833378
T1,73260,F3,RAW,S0,sum_CRPS_Wh,2024-12-01,T1_TEST_1201,235685.6425958299
T1,73260,F3,RAW,S0,energy,2024-12-01,T1_TEST_1201,0.46174390040669566
T1,73260,F3,RAW,S0,variogram,2024-12-01,T1_TEST_1201,10398.599779285227
T1,73260,F3,RAW,S0,variogram_normalized,2024-12-01,T1_TEST_1201,0.018239514312355765
T1,73260,F3,RAW,S0,Brier,2024-12-01,T1_TEST_1201,0.0
T1,73260,F3,RAW,S0,marginal_CRPS_normalized,2024-12-01,T1_TEST_1201,0.06880426407039708
T1,73260,F0,RAW,S0,sum_CRPS_normalized,2024-12-02,T1_TEST_1202,0.054180122116806576
T1,73260,F0,RAW,S0,sum_CRPS_Wh,2024-12-02,T1_TEST_1202,741332.1160690989
T1,73260,F0,RAW,S0,energy,2024-12-02,T1_TEST_1202,0.3546779747612492
T1,73260,F0,RAW,S0,variogram,2024-12-02,T1_TEST_1202,6325.529847511059
T1,73260,F0,RAW,S0,variogram_normalized,2024-12-02,T1_TEST_1202,0.011095204607907519
T1,73260,F0,RAW,S0,Brier,2024-12-02,T1_TEST_1202,0.0
T1,73260,F0,RAW,S0,marginal_CRPS_normalized,2024-12-02,T1_TEST_1202,0.05263750359681169
T1,73260,F1,RAW,S0,sum_CRPS_normalized,2024-12-02,T1_TEST_1202,0.04295928567000738
T1,73260,F1,RAW,S0,sum_CRPS_Wh,2024-12-02,T1_TEST_1202,587800.4128876738
T1,73260,F1,RAW,S0,energy,2024-12-02,T1_TEST_1202,0.3455966316286908
T1,73260,F1,RAW,S0,variogram,2024-12-02,T1_TEST_1202,5956.770441346802
T1,73260,F1,RAW,S0,variogram_normalized,2024-12-02,T1_TEST_1202,0.010448387477783186
T1,73260,F1,RAW,S0,Brier,2024-12-02,T1_TEST_1202,0.0
T1,73260,F1,RAW,S0,marginal_CRPS_normalized,2024-12-02,T1_TEST_1202,0.05263750359681168
T1,73260,F2,RAW,S0,sum_CRPS_normalized,2024-12-02,T1_TEST_1202,0.046189882745383624
T1,73260,F2,RAW,S0,sum_CRPS_Wh,2024-12-02,T1_TEST_1202,632003.8083856031
T1,73260,F2,RAW,S0,energy,2024-12-02,T1_TEST_1202,0.35135353905175176
T1,73260,F2,RAW,S0,variogram,2024-12-02,T1_TEST_1202,6111.616007228459
T1,73260,F2,RAW,S0,variogram_normalized,2024-12-02,T1_TEST_1202,0.0107199921144699
T1,73260,F2,RAW,S0,Brier,2024-12-02,T1_TEST_1202,0.0
T1,73260,F2,RAW,S0,marginal_CRPS_normalized,2024-12-02,T1_TEST_1202,0.05263750359681169
T1,73260,F3,RAW,S0,sum_CRPS_normalized,2024-12-02,T1_TEST_1202,0.04691974072366321
T1,73260,F3,RAW,S0,sum_CRPS_Wh,2024-12-02,T1_TEST_1202,641990.2598428633
T1,73260,F3,RAW,S0,energy,2024-12-02,T1_TEST_1202,0.36726010608045073
T1,73260,F3,RAW,S0,variogram,2024-12-02,T1_TEST_1202,6365.750804525711
T1,73260,F3,RAW,S0,variogram_normalized,2024-12-02,T1_TEST_1202,0.011165753598800196
T1,73260,F3,RAW,S0,Brier,2024-12-02,T1_TEST_1202,0.0
T1,73260,F3,RAW,S0,marginal_CRPS_normalized,2024-12-02,T1_TEST_1202,0.05263750359681169
T1,73260,F0,RAW,S0,sum_CRPS_normalized,2024-12-03,T1_TEST_1203,0.05393464955172235
T1,73260,F0,RAW,S0,sum_CRPS_Wh,2024-12-03,T1_TEST_1203,737973.3806325402
T1,73260,F0,RAW,S0,energy,2024-12-03,T1_TEST_1203,0.5626255271481986
T1,73260,F0,RAW,S0,variogram,2024-12-03,T1_TEST_1203,13836.20954102181
T1,73260,F0,RAW,S0,variogram_normalized,2024-12-03,T1_TEST_1203,0.024269204249494414
T1,73260,F0,RAW,S0,Brier,2024-12-03,T1_TEST_1203,0.0
T1,73260,F0,RAW,S0,marginal_CRPS_normalized,2024-12-03,T1_TEST_1203,0.06543776944700504
T1,73260,F1,RAW,S0,sum_CRPS_normalized,2024-12-03,T1_TEST_1203,0.045324609060410095
T1,73260,F1,RAW,S0,sum_CRPS_Wh,2024-12-03,T1_TEST_1203,620164.5000415314
T1,73260,F1,RAW,S0,energy,2024-12-03,T1_TEST_1203,0.5491842372908238
T1,73260,F1,RAW,S0,variogram,2024-12-03,T1_TEST_1203,13785.476006517247
T1,73260,F1,RAW,S0,variogram_normalized,2024-12-03,T1_TEST_1203,0.024180215823326138
T1,73260,F1,RAW,S0,Brier,2024-12-03,T1_TEST_1203,0.0
T1,73260,F1,RAW,S0,marginal_CRPS_normalized,2024-12-03,T1_TEST_1203,0.06543776944700504
T1,73260,F2,RAW,S0,sum_CRPS_normalized,2024-12-03,T1_TEST_1203,0.04959691411569164
T1,73260,F2,RAW,S0,sum_CRPS_Wh,2024-12-03,T1_TEST_1203,678621.3071394637
T1,73260,F2,RAW,S0,energy,2024-12-03,T1_TEST_1203,0.5543964647981499
T1,73260,F2,RAW,S0,variogram,2024-12-03,T1_TEST_1203,13746.082863587764
T1,73260,F2,RAW,S0,variogram_normalized,2024-12-03,T1_TEST_1203,0.024111118847817734
T1,73260,F2,RAW,S0,Brier,2024-12-03,T1_TEST_1203,0.0
T1,73260,F2,RAW,S0,marginal_CRPS_normalized,2024-12-03,T1_TEST_1203,0.06543776944700505
T1,73260,F3,RAW,S0,sum_CRPS_normalized,2024-12-03,T1_TEST_1203,0.04546508171732878
T1,73260,F3,RAW,S0,sum_CRPS_Wh,2024-12-03,T1_TEST_1203,622086.5498253778
T1,73260,F3,RAW,S0,energy,2024-12-03,T1_TEST_1203,0.5474695798756632
T1,73260,F3,RAW,S0,variogram,2024-12-03,T1_TEST_1203,13249.793973242122
T1,73260,F3,RAW,S0,variogram_normalized,2024-12-03,T1_TEST_1203,0.02324061046104869
T1,73260,F3,RAW,S0,Brier,2024-12-03,T1_TEST_1203,0.0
T1,73260,F3,RAW,S0,marginal_CRPS_normalized,2024-12-03,T1_TEST_1203,0.06543776944700504
T1,73260,F0,RAW,S0,sum_CRPS_normalized,2024-12-04,T1_TEST_1204,0.04029496373387876
T1,73260,F0,RAW,S0,sum_CRPS_Wh,2024-12-04,T1_TEST_1204,551345.2086239894
T1,73260,F0,RAW,S0,energy,2024-12-04,T1_TEST_1204,0.5707011949869474
T1,73260,F0,RAW,S0,variogram,2024-12-04,T1_TEST_1204,13552.248528689233
T1,73260,F0,RAW,S0,variogram_normalized,2024-12-04,T1_TEST_1204,0.023771126521865294
T1,73260,F0,RAW,S0,Brier,2024-12-04,T1_TEST_1204,0.0
T1,73260,F0,RAW,S0,marginal_CRPS_normalized,2024-12-04,T1_TEST_1204,0.07150807733817872
T1,73260,F1,RAW,S0,sum_CRPS_normalized,2024-12-04,T1_TEST_1204,0.03428169788629084
T1,73260,F1,RAW,S0,sum_CRPS_Wh,2024-12-04,T1_TEST_1204,469067.30076568306
T1,73260,F1,RAW,S0,energy,2024-12-04,T1_TEST_1204,0.5494112271697349
T1,73260,F1,RAW,S0,variogram,2024-12-04,T1_TEST_1204,13425.076680838707
T1,73260,F1,RAW,S0,variogram_normalized,2024-12-04,T1_TEST_1204,0.023548062572080523
T1,73260,F1,RAW,S0,Brier,2024-12-04,T1_TEST_1204,0.0
T1,73260,F1,RAW,S0,marginal_CRPS_normalized,2024-12-04,T1_TEST_1204,0.07150807733817872
T1,73260,F2,RAW,S0,sum_CRPS_normalized,2024-12-04,T1_TEST_1204,0.03563517336383799
T1,73260,F2,RAW,S0,sum_CRPS_Wh,2024-12-04,T1_TEST_1204,487586.5436284896
T1,73260,F2,RAW,S0,energy,2024-12-04,T1_TEST_1204,0.562217460347104
T1,73260,F2,RAW,S0,variogram,2024-12-04,T1_TEST_1204,13479.872508600887
T1,73260,F2,RAW,S0,variogram_normalized,2024-12-04,T1_TEST_1204,0.02364417640528301
T1,73260,F2,RAW,S0,Brier,2024-12-04,T1_TEST_1204,0.0
T1,73260,F2,RAW,S0,marginal_CRPS_normalized,2024-12-04,T1_TEST_1204,0.07150807733817872
T1,73260,F3,RAW,S0,sum_CRPS_normalized,2024-12-04,T1_TEST_1204,0.031945019887591755
T1,73260,F3,RAW,S0,sum_CRPS_Wh,2024-12-04,T1_TEST_1204,437095.16084297956
T1,73260,F3,RAW,S0,energy,2024-12-04,T1_TEST_1204,0.5452849442176257
T1,73260,F3,RAW,S0,variogram,2024-12-04,T1_TEST_1204,12908.757148050132
T1,73260,F3,RAW,S0,variogram_normalized,2024-12-04,T1_TEST_1204,0.02264241972516509
T1,73260,F3,RAW,S0,Brier,2024-12-04,T1_TEST_1204,0.0
T1,73260,F3,RAW,S0,marginal_CRPS_normalized,2024-12-04,T1_TEST_1204,0.07150807733817871
T1,73260,F0,RAW,S0,sum_CRPS_normalized,2024-12-05,T1_TEST_1205,0.06607047541513636
T1,73260,F0,RAW,S0,sum_CRPS_Wh,2024-12-05,T1_TEST_1205,904024.6392135918
T1,73260,F0,RAW,S0,energy,2024-12-05,T1_TEST_1205,0.36622390197981003
T1,73260,F0,RAW,S0,variogram,2024-12-05,T1_TEST_1205,6088.3768837615435
T1,73260,F0,RAW,S0,variogram_normalized,2024-12-05,T1_TEST_1205,0.010679229864351785
T1,73260,F0,RAW,S0,Brier,2024-12-05,T1_TEST_1205,0.0
T1,73260,F0,RAW,S0,marginal_CRPS_normalized,2024-12-05,T1_TEST_1205,0.05589752270865318
T1,73260,F1,RAW,S0,sum_CRPS_normalized,2024-12-05,T1_TEST_1205,0.05490160904655973
T1,73260,F1,RAW,S0,sum_CRPS_Wh,2024-12-05,T1_TEST_1205,751204.0287088859
T1,73260,F1,RAW,S0,energy,2024-12-05,T1_TEST_1205,0.3563184835004728
T1,73260,F1,RAW,S0,variogram,2024-12-05,T1_TEST_1205,5400.103480391323
T1,73260,F1,RAW,S0,variogram_normalized,2024-12-05,T1_TEST_1205,0.009471973805070323
T1,73260,F1,RAW,S0,Brier,2024-12-05,T1_TEST_1205,0.0
T1,73260,F1,RAW,S0,marginal_CRPS_normalized,2024-12-05,T1_TEST_1205,0.05589752270865319
T1,73260,F2,RAW,S0,sum_CRPS_normalized,2024-12-05,T1_TEST_1205,0.058394379056910035
T1,73260,F2,RAW,S0,sum_CRPS_Wh,2024-12-05,T1_TEST_1205,798994.6663367122
T1,73260,F2,RAW,S0,energy,2024-12-05,T1_TEST_1205,0.3601824516676003
T1,73260,F2,RAW,S0,variogram,2024-12-05,T1_TEST_1205,5593.249039644107
T1,73260,F2,RAW,S0,variogram_normalized,2024-12-05,T1_TEST_1205,0.00981075799401247
T1,73260,F2,RAW,S0,Brier,2024-12-05,T1_TEST_1205,0.0
T1,73260,F2,RAW,S0,marginal_CRPS_normalized,2024-12-05,T1_TEST_1205,0.05589752270865319
T1,73260,F3,RAW,S0,sum_CRPS_normalized,2024-12-05,T1_TEST_1205,0.054440112747619465
T1,73260,F3,RAW,S0,sum_CRPS_Wh,2024-12-05,T1_TEST_1205,744889.4983149923
T1,73260,F3,RAW,S0,energy,2024-12-05,T1_TEST_1205,0.36696662158886756
T1,73260,F3,RAW,S0,variogram,2024-12-05,T1_TEST_1205,5376.396848621486
T1,73260,F3,RAW,S0,variogram_normalized,2024-12-05,T1_TEST_1205,0.009430391528740673
T1,73260,F3,RAW,S0,Brier,2024-12-05,T1_TEST_1205,0.0
T1,73260,F3,RAW,S0,marginal_CRPS_normalized,2024-12-05,T1_TEST_1205,0.05589752270865319
T1,73260,F0,RAW,S0,sum_CRPS_normalized,2024-12-06,T1_TEST_1206,0.04713487081661402
T1,73260,F0,RAW,S0,sum_CRPS_Wh,2024-12-06,T1_TEST_1206,644933.8273507686
T1,73260,F0,RAW,S0,energy,2024-12-06,T1_TEST_1206,0.42260435340815783
T1,73260,F0,RAW,S0,variogram,2024-12-06,T1_TEST_1206,9694.358648887863
T1,73260,F0,RAW,S0,variogram_normalized,2024-12-06,T1_TEST_1206,0.017004250291249717
T1,73260,F0,RAW,S0,Brier,2024-12-06,T1_TEST_1206,0.0
T1,73260,F0,RAW,S0,marginal_CRPS_normalized,2024-12-06,T1_TEST_1206,0.06439564754681469
T1,73260,F1,RAW,S0,sum_CRPS_normalized,2024-12-06,T1_TEST_1206,0.038792775032576825
T1,73260,F1,RAW,S0,sum_CRPS_Wh,2024-12-06,T1_TEST_1206,530791.162505924
T1,73260,F1,RAW,S0,energy,2024-12-06,T1_TEST_1206,0.420602270561727
T1,73260,F1,RAW,S0,variogram,2024-12-06,T1_TEST_1206,9688.563494391665
T1,73260,F1,RAW,S0,variogram_normalized,2024-12-06,T1_TEST_1206,0.016994085383894953
T1,73260,F1,RAW,S0,Brier,2024-12-06,T1_TEST_1206,0.0
T1,73260,F1,RAW,S0,marginal_CRPS_normalized,2024-12-06,T1_TEST_1206,0.06439564754681468
T1,73260,F2,RAW,S0,sum_CRPS_normalized,2024-12-06,T1_TEST_1206,0.04239311489542968
T1,73260,F2,RAW,S0,sum_CRPS_Wh,2024-12-06,T1_TEST_1206,580053.6496472865
T1,73260,F2,RAW,S0,energy,2024-12-06,T1_TEST_1206,0.42160940374726297
T1,73260,F2,RAW,S0,variogram,2024-12-06,T1_TEST_1206,9681.055903676468
T1,73260,F2,RAW,S0,variogram_normalized,2024-12-06,T1_TEST_1206,0.01698091680243133
T1,73260,F2,RAW,S0,Brier,2024-12-06,T1_TEST_1206,0.0
T1,73260,F2,RAW,S0,marginal_CRPS_normalized,2024-12-06,T1_TEST_1206,0.06439564754681469
T1,73260,F3,RAW,S0,sum_CRPS_normalized,2024-12-06,T1_TEST_1206,0.03757904833589061
T1,73260,F3,RAW,S0,sum_CRPS_Wh,2024-12-06,T1_TEST_1206,514184.0648245247
T1,73260,F3,RAW,S0,energy,2024-12-06,T1_TEST_1206,0.42341037535608383
T1,73260,F3,RAW,S0,variogram,2024-12-06,T1_TEST_1206,9826.227360776022
T1,73260,F3,RAW,S0,variogram_normalized,2024-12-06,T1_TEST_1206,0.017235552707814242
T1,73260,F3,RAW,S0,Brier,2024-12-06,T1_TEST_1206,0.0
T1,73260,F3,RAW,S0,marginal_CRPS_normalized,2024-12-06,T1_TEST_1206,0.06439564754681469
T1,73260,F0,RAW,S0,sum_CRPS_normalized,2024-12-07,T1_TEST_1207,0.01481692578574024
T1,73260,F0,RAW,S0,sum_CRPS_Wh,2024-12-07,T1_TEST_1207,202736.03154124878
T1,73260,F0,RAW,S0,energy,2024-12-07,T1_TEST_1207,0.3850995661020966
T1,73260,F0,RAW,S0,variogram,2024-12-07,T1_TEST_1207,10816.195883996661
T1,73260,F0,RAW,S0,variogram_normalized,2024-12-07,T1_TEST_1207,0.018971992750831813
T1,73260,F0,RAW,S0,Brier,2024-12-07,T1_TEST_1207,0.0
T1,73260,F0,RAW,S0,marginal_CRPS_normalized,2024-12-07,T1_TEST_1207,0.05338249483713144
T1,73260,F1,RAW,S0,sum_CRPS_normalized,2024-12-07,T1_TEST_1207,0.018605368760101427
T1,73260,F1,RAW,S0,sum_CRPS_Wh,2024-12-07,T1_TEST_1207,254572.2832339909
T1,73260,F1,RAW,S0,energy,2024-12-07,T1_TEST_1207,0.387045008863541
T1,73260,F1,RAW,S0,variogram,2024-12-07,T1_TEST_1207,10605.776398641352
T1,73260,F1,RAW,S0,variogram_normalized,2024-12-07,T1_TEST_1207,0.01860290948037244
T1,73260,F1,RAW,S0,Brier,2024-12-07,T1_TEST_1207,0.0
T1,73260,F1,RAW,S0,marginal_CRPS_normalized,2024-12-07,T1_TEST_1207,0.05338249483713144
T1,73260,F2,RAW,S0,sum_CRPS_normalized,2024-12-07,T1_TEST_1207,0.018205908864536106
T1,73260,F2,RAW,S0,sum_CRPS_Wh,2024-12-07,T1_TEST_1207,249106.5803508237
T1,73260,F2,RAW,S0,energy,2024-12-07,T1_TEST_1207,0.3881197618145821
T1,73260,F2,RAW,S0,variogram,2024-12-07,T1_TEST_1207,10586.419121760468
T1,73260,F2,RAW,S0,variogram_normalized,2024-12-07,T1_TEST_1207,0.01856895612740078
T1,73260,F2,RAW,S0,Brier,2024-12-07,T1_TEST_1207,0.0
T1,73260,F2,RAW,S0,marginal_CRPS_normalized,2024-12-07,T1_TEST_1207,0.05338249483713143
T1,73260,F3,RAW,S0,sum_CRPS_normalized,2024-12-07,T1_TEST_1207,0.019234765223811623
T1,73260,F3,RAW,S0,sum_CRPS_Wh,2024-12-07,T1_TEST_1207,263184.1466639545
T1,73260,F3,RAW,S0,energy,2024-12-07,T1_TEST_1207,0.39709410976949866
T1,73260,F3,RAW,S0,variogram,2024-12-07,T1_TEST_1207,10730.485560150968
T1,73260,F3,RAW,S0,variogram_normalized,2024-12-07,T1_TEST_1207,0.018821653790617728
T1,73260,F3,RAW,S0,Brier,2024-12-07,T1_TEST_1207,0.0
T1,73260,F3,RAW,S0,marginal_CRPS_normalized,2024-12-07,T1_TEST_1207,0.05338249483713144
T1,73260,F0,RAW,S0,sum_CRPS_normalized,2024-12-08,T1_TEST_1208,0.014078179665208563
T1,73260,F0,RAW,S0,sum_CRPS_Wh,2024-12-08,T1_TEST_1208,192627.96601140563
T1,73260,F0,RAW,S0,energy,2024-12-08,T1_TEST_1208,0.5580103679640273
T1,73260,F0,RAW,S0,variogram,2024-12-08,T1_TEST_1208,14833.97419173894
T1,73260,F0,RAW,S0,variogram_normalized,2024-12-08,T1_TEST_1208,0.02601931897776494
T1,73260,F0,RAW,S0,Brier,2024-12-08,T1_TEST_1208,0.0
T1,73260,F0,RAW,S0,marginal_CRPS_normalized,2024-12-08,T1_TEST_1208,0.07491015484575997
T1,73260,F1,RAW,S0,sum_CRPS_normalized,2024-12-08,T1_TEST_1208,0.02022864187069336
T1,73260,F1,RAW,S0,sum_CRPS_Wh,2024-12-08,T1_TEST_1208,276783.09493055404
T1,73260,F1,RAW,S0,energy,2024-12-08,T1_TEST_1208,0.5677705157768514
T1,73260,F1,RAW,S0,variogram,2024-12-08,T1_TEST_1208,14871.388469936384
T1,73260,F1,RAW,S0,variogram_normalized,2024-12-08,T1_TEST_1208,0.02608494495406496
T1,73260,F1,RAW,S0,Brier,2024-12-08,T1_TEST_1208,0.0
T1,73260,F1,RAW,S0,marginal_CRPS_normalized,2024-12-08,T1_TEST_1208,0.07491015484575997
T1,73260,F2,RAW,S0,sum_CRPS_normalized,2024-12-08,T1_TEST_1208,0.018018921661034124
T1,73260,F2,RAW,S0,sum_CRPS_Wh,2024-12-08,T1_TEST_1208,246548.08447015518
T1,73260,F2,RAW,S0,energy,2024-12-08,T1_TEST_1208,0.562643251266837
T1,73260,F2,RAW,S0,variogram,2024-12-08,T1_TEST_1208,14995.22190427936
T1,73260,F2,RAW,S0,variogram_normalized,2024-12-08,T1_TEST_1208,0.026302153207674865
T1,73260,F2,RAW,S0,Brier,2024-12-08,T1_TEST_1208,0.0
T1,73260,F2,RAW,S0,marginal_CRPS_normalized,2024-12-08,T1_TEST_1208,0.07491015484575997
T1,73260,F3,RAW,S0,sum_CRPS_normalized,2024-12-08,T1_TEST_1208,0.01855973399697987
T1,73260,F3,RAW,S0,sum_CRPS_Wh,2024-12-08,T1_TEST_1208,253947.87497890648
T1,73260,F3,RAW,S0,energy,2024-12-08,T1_TEST_1208,0.5775864547857044
T1,73260,F3,RAW,S0,variogram,2024-12-08,T1_TEST_1208,15618.55887408583
T1,73260,F3,RAW,S0,variogram_normalized,2024-12-08,T1_TEST_1208,0.02739550845006569
T1,73260,F3,RAW,S0,Brier,2024-12-08,T1_TEST_1208,0.0
T1,73260,F3,RAW,S0,marginal_CRPS_normalized,2024-12-08,T1_TEST_1208,0.07491015484575997
T1,73260,F0,RAW,S0,sum_CRPS_normalized,2024-12-09,T1_TEST_1209,0.07915761318442709
T1,73260,F0,RAW,S0,sum_CRPS_Wh,2024-12-09,T1_TEST_1209,1083092.4440974537
T1,73260,F0,RAW,S0,energy,2024-12-09,T1_TEST_1209,0.5155941373209434
T1,73260,F0,RAW,S0,variogram,2024-12-09,T1_TEST_1209,10724.181136587504
T1,73260,F0,RAW,S0,variogram_normalized,2024-12-09,T1_TEST_1209,0.018810595607183643
T1,73260,F0,RAW,S0,Brier,2024-12-09,T1_TEST_1209,0.0
T1,73260,F0,RAW,S0,marginal_CRPS_normalized,2024-12-09,T1_TEST_1209,0.07877965758697215
T1,73260,F1,RAW,S0,sum_CRPS_normalized,2024-12-09,T1_TEST_1209,0.062203704012360805
T1,73260,F1,RAW,S0,sum_CRPS_Wh,2024-12-09,T1_TEST_1209,851116.6405901285
T1,73260,F1,RAW,S0,energy,2024-12-09,T1_TEST_1209,0.5003023967867957
T1,73260,F1,RAW,S0,variogram,2024-12-09,T1_TEST_1209,9951.983920025328
T1,73260,F1,RAW,S0,variogram_normalized,2024-12-09,T1_TEST_1209,0.017456134190993317
T1,73260,F1,RAW,S0,Brier,2024-12-09,T1_TEST_1209,0.0
T1,73260,F1,RAW,S0,marginal_CRPS_normalized,2024-12-09,T1_TEST_1209,0.07877965758697218
T1,73260,F2,RAW,S0,sum_CRPS_normalized,2024-12-09,T1_TEST_1209,0.06986640295017855
T1,73260,F2,RAW,S0,sum_CRPS_Wh,2024-12-09,T1_TEST_1209,955963.3001477811
T1,73260,F2,RAW,S0,energy,2024-12-09,T1_TEST_1209,0.5075799794206345
T1,73260,F2,RAW,S0,variogram,2024-12-09,T1_TEST_1209,10390.262985145591
T1,73260,F2,RAW,S0,variogram_normalized,2024-12-09,T1_TEST_1209,0.018224891278557316
T1,73260,F2,RAW,S0,Brier,2024-12-09,T1_TEST_1209,0.0
T1,73260,F2,RAW,S0,marginal_CRPS_normalized,2024-12-09,T1_TEST_1209,0.07877965758697218
T1,73260,F3,RAW,S0,sum_CRPS_normalized,2024-12-09,T1_TEST_1209,0.06497342405900625
T1,73260,F3,RAW,S0,sum_CRPS_Wh,2024-12-09,T1_TEST_1209,889013.9790027665
T1,73260,F3,RAW,S0,energy,2024-12-09,T1_TEST_1209,0.5238374123980396
T1,73260,F3,RAW,S0,variogram,2024-12-09,T1_TEST_1209,10215.392231154992
T1,73260,F3,RAW,S0,variogram_normalized,2024-12-09,T1_TEST_1209,0.017918161748820265
T1,73260,F3,RAW,S0,Brier,2024-12-09,T1_TEST_1209,0.0
T1,73260,F3,RAW,S0,marginal_CRPS_normalized,2024-12-09,T1_TEST_1209,0.07877965758697218
T1,73260,F0,RAW,S0,sum_CRPS_normalized,2024-12-10,T1_TEST_1210,0.049345511368757256
T1,73260,F0,RAW,S0,sum_CRPS_Wh,2024-12-10,T1_TEST_1210,675181.4306111559
T1,73260,F0,RAW,S0,energy,2024-12-10,T1_TEST_1210,0.28833808401146266
T1,73260,F0,RAW,S0,variogram,2024-12-10,T1_TEST_1210,4113.543277627749
T1,73260,F0,RAW,S0,variogram_normalized,2024-12-10,T1_TEST_1210,0.007215301394352104
T1,73260,F0,RAW,S0,Brier,2024-12-10,T1_TEST_1210,0.0
T1,73260,F0,RAW,S0,marginal_CRPS_normalized,2024-12-10,T1_TEST_1210,0.04362588367313073
T1,73260,F1,RAW,S0,sum_CRPS_normalized,2024-12-10,T1_TEST_1210,0.03904083788098177
T1,73260,F1,RAW,S0,sum_CRPS_Wh,2024-12-10,T1_TEST_1210,534185.3400961794
T1,73260,F1,RAW,S0,energy,2024-12-10,T1_TEST_1210,0.278637026616896
T1,73260,F1,RAW,S0,variogram,2024-12-10,T1_TEST_1210,3605.528272744185
T1,73260,F1,RAW,S0,variogram_normalized,2024-12-10,T1_TEST_1210,0.006324224985110574
T1,73260,F1,RAW,S0,Brier,2024-12-10,T1_TEST_1210,0.0
T1,73260,F1,RAW,S0,marginal_CRPS_normalized,2024-12-10,T1_TEST_1210,0.04362588367313071
T1,73260,F2,RAW,S0,sum_CRPS_normalized,2024-12-10,T1_TEST_1210,0.041906307880841855
T1,73260,F2,RAW,S0,sum_CRPS_Wh,2024-12-10,T1_TEST_1210,573392.7995025851
T1,73260,F2,RAW,S0,energy,2024-12-10,T1_TEST_1210,0.28525117125313515
T1,73260,F2,RAW,S0,variogram,2024-12-10,T1_TEST_1210,3852.965239853835
T1,73260,F2,RAW,S0,variogram_normalized,2024-12-10,T1_TEST_1210,0.006758238236778635
T1,73260,F2,RAW,S0,Brier,2024-12-10,T1_TEST_1210,0.0
T1,73260,F2,RAW,S0,marginal_CRPS_normalized,2024-12-10,T1_TEST_1210,0.043625883673130736
T1,73260,F3,RAW,S0,sum_CRPS_normalized,2024-12-10,T1_TEST_1210,0.040914666815280734
T1,73260,F3,RAW,S0,sum_CRPS_Wh,2024-12-10,T1_TEST_1210,559824.4400971085
T1,73260,F3,RAW,S0,energy,2024-12-10,T1_TEST_1210,0.293619079013857
T1,73260,F3,RAW,S0,variogram,2024-12-10,T1_TEST_1210,3673.080834527413
T1,73260,F3,RAW,S0,variogram_normalized,2024-12-10,T1_TEST_1210,0.006442714584059844
T1,73260,F3,RAW,S0,Brier,2024-12-10,T1_TEST_1210,0.0
T1,73260,F3,RAW,S0,marginal_CRPS_normalized,2024-12-10,T1_TEST_1210,0.043625883673130736
T1,73260,F0,RAW,S0,sum_CRPS_normalized,2024-12-11,T1_TEST_1211,0.04096341336283008
T1,73260,F0,RAW,S0,sum_CRPS_Wh,2024-12-11,T1_TEST_1211,560491.42606602
T1,73260,F0,RAW,S0,energy,2024-12-11,T1_TEST_1211,0.2779794160810356
T1,73260,F0,RAW,S0,variogram,2024-12-11,T1_TEST_1211,3707.5180783437386
T1,73260,F0,RAW,S0,variogram_normalized,2024-12-11,T1_TEST_1211,0.006503118736041654
T1,73260,F0,RAW,S0,Brier,2024-12-11,T1_TEST_1211,0.0
T1,73260,F0,RAW,S0,marginal_CRPS_normalized,2024-12-11,T1_TEST_1211,0.043870823709666176
T1,73260,F1,RAW,S0,sum_CRPS_normalized,2024-12-11,T1_TEST_1211,0.03287334624926466
T1,73260,F1,RAW,S0,sum_CRPS_Wh,2024-12-11,T1_TEST_1211,449797.20209379145
T1,73260,F1,RAW,S0,energy,2024-12-11,T1_TEST_1211,0.2697508075077034
T1,73260,F1,RAW,S0,variogram,2024-12-11,T1_TEST_1211,3202.897182109013
T1,73260,F1,RAW,S0,variogram_normalized,2024-12-11,T1_TEST_1211,0.005617995714236142
T1,73260,F1,RAW,S0,Brier,2024-12-11,T1_TEST_1211,0.0
T1,73260,F1,RAW,S0,marginal_CRPS_normalized,2024-12-11,T1_TEST_1211,0.0438708237096662
T1,73260,F2,RAW,S0,sum_CRPS_normalized,2024-12-11,T1_TEST_1211,0.0336449271933876
T1,73260,F2,RAW,S0,sum_CRPS_Wh,2024-12-11,T1_TEST_1211,460354.537730505
T1,73260,F2,RAW,S0,energy,2024-12-11,T1_TEST_1211,0.2744958483436202
T1,73260,F2,RAW,S0,variogram,2024-12-11,T1_TEST_1211,3380.9700872073804
T1,73260,F2,RAW,S0,variogram_normalized,2024-12-11,T1_TEST_1211,0.005930341931046469
T1,73260,F2,RAW,S0,Brier,2024-12-11,T1_TEST_1211,0.0
T1,73260,F2,RAW,S0,marginal_CRPS_normalized,2024-12-11,T1_TEST_1211,0.043870823709666176
T1,73260,F3,RAW,S0,sum_CRPS_normalized,2024-12-11,T1_TEST_1211,0.03449379356721392
T1,73260,F3,RAW,S0,sum_CRPS_Wh,2024-12-11,T1_TEST_1211,471969.34922561166
T1,73260,F3,RAW,S0,energy,2024-12-11,T1_TEST_1211,0.2795562896248841
T1,73260,F3,RAW,S0,variogram,2024-12-11,T1_TEST_1211,3215.615396616649
T1,73260,F3,RAW,S0,variogram_normalized,2024-12-11,T1_TEST_1211,0.005640303915384699
T1,73260,F3,RAW,S0,Brier,2024-12-11,T1_TEST_1211,0.0
T1,73260,F3,RAW,S0,marginal_CRPS_normalized,2024-12-11,T1_TEST_1211,0.0438708237096662
T1,73260,F0,RAW,S0,sum_CRPS_normalized,2024-12-12,T1_TEST_1212,0.014010663643408127
T1,73260,F0,RAW,S0,sum_CRPS_Wh,2024-12-12,T1_TEST_1212,191704.16234773025
T1,73260,F0,RAW,S0,energy,2024-12-12,T1_TEST_1212,0.22209518088275437
T1,73260,F0,RAW,S0,variogram,2024-12-12,T1_TEST_1212,4006.8230901408597
T1,73260,F0,RAW,S0,variogram_normalized,2024-12-12,T1_TEST_1212,0.007028110385139303
T1,73260,F0,RAW,S0,Brier,2024-12-12,T1_TEST_1212,0.0
T1,73260,F0,RAW,S0,marginal_CRPS_normalized,2024-12-12,T1_TEST_1212,0.03556746368947659
T1,73260,F1,RAW,S0,sum_CRPS_normalized,2024-12-12,T1_TEST_1212,0.01471213774858634
T1,73260,F1,RAW,S0,sum_CRPS_Wh,2024-12-12,T1_TEST_1212,201302.24486290663
T1,73260,F1,RAW,S0,energy,2024-12-12,T1_TEST_1212,0.21834085734408915
T1,73260,F1,RAW,S0,variogram,2024-12-12,T1_TEST_1212,3504.1124996525673
T1,73260,F1,RAW,S0,variogram_normalized,2024-12-12,T1_TEST_1212,0.006146338107640006
T1,73260,F1,RAW,S0,Brier,2024-12-12,T1_TEST_1212,0.0
T1,73260,F1,RAW,S0,marginal_CRPS_normalized,2024-12-12,T1_TEST_1212,0.03556746368947658
T1,73260,F2,RAW,S0,sum_CRPS_normalized,2024-12-12,T1_TEST_1212,0.013688858285598677
T1,73260,F2,RAW,S0,sum_CRPS_Wh,2024-12-12,T1_TEST_1212,187300.98572969064
T1,73260,F2,RAW,S0,energy,2024-12-12,T1_TEST_1212,0.2225246979785067
T1,73260,F2,RAW,S0,variogram,2024-12-12,T1_TEST_1212,3789.0260123363646
T1,73260,F2,RAW,S0,variogram_normalized,2024-12-12,T1_TEST_1212,0.0066460865548041955
T1,73260,F2,RAW,S0,Brier,2024-12-12,T1_TEST_1212,0.0
T1,73260,F2,RAW,S0,marginal_CRPS_normalized,2024-12-12,T1_TEST_1212,0.03556746368947659
T1,73260,F3,RAW,S0,sum_CRPS_normalized,2024-12-12,T1_TEST_1212,0.014545820811816589
T1,73260,F3,RAW,S0,sum_CRPS_Wh,2024-12-12,T1_TEST_1212,199026.5747120008
T1,73260,F3,RAW,S0,energy,2024-12-12,T1_TEST_1212,0.22197690592448366
T1,73260,F3,RAW,S0,variogram,2024-12-12,T1_TEST_1212,3659.867858862147
T1,73260,F3,RAW,S0,variogram_normalized,2024-12-12,T1_TEST_1212,0.006419538554222105
T1,73260,F3,RAW,S0,Brier,2024-12-12,T1_TEST_1212,0.0
T1,73260,F3,RAW,S0,marginal_CRPS_normalized,2024-12-12,T1_TEST_1212,0.03556746368947659
T1,73260,F0,RAW,S0,sum_CRPS_normalized,2024-12-13,T1_TEST_1213,0.09588542737849765
T1,73260,F0,RAW,S0,sum_CRPS_Wh,2024-12-13,T1_TEST_1213,1311974.6505082492
T1,73260,F0,RAW,S0,energy,2024-12-13,T1_TEST_1213,0.914738613103934
T1,73260,F0,RAW,S0,variogram,2024-12-13,T1_TEST_1213,31573.294697665184
T1,73260,F0,RAW,S0,variogram_normalized,2024-12-13,T1_TEST_1213,0.055380683240977197
T1,73260,F0,RAW,S0,Brier,2024-12-13,T1_TEST_1213,0.0
T1,73260,F0,RAW,S0,marginal_CRPS_normalized,2024-12-13,T1_TEST_1213,0.1242581418802865
T1,73260,F1,RAW,S0,sum_CRPS_normalized,2024-12-13,T1_TEST_1213,0.07931098066480137
T1,73260,F1,RAW,S0,sum_CRPS_Wh,2024-12-13,T1_TEST_1213,1085190.9303008795
T1,73260,F1,RAW,S0,energy,2024-12-13,T1_TEST_1213,0.9066448251727832
T1,73260,F1,RAW,S0,variogram,2024-12-13,T1_TEST_1213,31558.035130941145
T1,73260,F1,RAW,S0,variogram_normalized,2024-12-13,T1_TEST_1213,0.05535391741754221
T1,73260,F1,RAW,S0,Brier,2024-12-13,T1_TEST_1213,0.0
T1,73260,F1,RAW,S0,marginal_CRPS_normalized,2024-12-13,T1_TEST_1213,0.1242581418802865
T1,73260,F2,RAW,S0,sum_CRPS_normalized,2024-12-13,T1_TEST_1213,0.08795877719807413
T1,73260,F2,RAW,S0,sum_CRPS_Wh,2024-12-13,T1_TEST_1213,1203516.4167131272
T1,73260,F2,RAW,S0,energy,2024-12-13,T1_TEST_1213,0.9105357072919934
T1,73260,F2,RAW,S0,variogram,2024-12-13,T1_TEST_1213,31484.428125189872
T1,73260,F2,RAW,S0,variogram_normalized,2024-12-13,T1_TEST_1213,0.05522480810827112
T1,73260,F2,RAW,S0,Brier,2024-12-13,T1_TEST_1213,0.0
T1,73260,F2,RAW,S0,marginal_CRPS_normalized,2024-12-13,T1_TEST_1213,0.12425814188028653
T1,73260,F3,RAW,S0,sum_CRPS_normalized,2024-12-13,T1_TEST_1213,0.08444173743002482
T1,73260,F3,RAW,S0,sum_CRPS_Wh,2024-12-13,T1_TEST_1213,1155393.702483615
T1,73260,F3,RAW,S0,energy,2024-12-13,T1_TEST_1213,0.9184513128172545
T1,73260,F3,RAW,S0,variogram,2024-12-13,T1_TEST_1213,31222.33129423519
T1,73260,F3,RAW,S0,variogram_normalized,2024-12-13,T1_TEST_1213,0.05476508093337358
T1,73260,F3,RAW,S0,Brier,2024-12-13,T1_TEST_1213,0.0
T1,73260,F3,RAW,S0,marginal_CRPS_normalized,2024-12-13,T1_TEST_1213,0.12425814188028653
T1,73260,F0,RAW,S0,sum_CRPS_normalized,2024-12-14,T1_TEST_1214,0.0215587770701745
T1,73260,F0,RAW,S0,sum_CRPS_Wh,2024-12-14,T1_TEST_1214,294982.9790128283
T1,73260,F0,RAW,S0,energy,2024-12-14,T1_TEST_1214,0.3392190409608104
T1,73260,F0,RAW,S0,variogram,2024-12-14,T1_TEST_1214,8924.841699681445
T1,73260,F0,RAW,S0,variogram_normalized,2024-12-14,T1_TEST_1214,0.01565449015944709
T1,73260,F0,RAW,S0,Brier,2024-12-14,T1_TEST_1214,0.0
T1,73260,F0,RAW,S0,marginal_CRPS_normalized,2024-12-14,T1_TEST_1214,0.04715862253294057
T1,73260,F1,RAW,S0,sum_CRPS_normalized,2024-12-14,T1_TEST_1214,0.021805365761829693
T1,73260,F1,RAW,S0,sum_CRPS_Wh,2024-12-14,T1_TEST_1214,298356.9861106593
T1,73260,F1,RAW,S0,energy,2024-12-14,T1_TEST_1214,0.3274349994432248
T1,73260,F1,RAW,S0,variogram,2024-12-14,T1_TEST_1214,8126.8591297235325
T1,73260,F1,RAW,S0,variogram_normalized,2024-12-14,T1_TEST_1214,0.014254800315170938
T1,73260,F1,RAW,S0,Brier,2024-12-14,T1_TEST_1214,0.0
T1,73260,F1,RAW,S0,marginal_CRPS_normalized,2024-12-14,T1_TEST_1214,0.04715862253294058
T1,73260,F2,RAW,S0,sum_CRPS_normalized,2024-12-14,T1_TEST_1214,0.022100089741476037
T1,73260,F2,RAW,S0,sum_CRPS_Wh,2024-12-14,T1_TEST_1214,302389.6154763978
T1,73260,F2,RAW,S0,energy,2024-12-14,T1_TEST_1214,0.3367070371144787
T1,73260,F2,RAW,S0,variogram,2024-12-14,T1_TEST_1214,8739.81944906829
T1,73260,F2,RAW,S0,variogram_normalized,2024-12-14,T1_TEST_1214,0.015329954543134058
T1,73260,F2,RAW,S0,Brier,2024-12-14,T1_TEST_1214,0.0
T1,73260,F2,RAW,S0,marginal_CRPS_normalized,2024-12-14,T1_TEST_1214,0.04715862253294056
T1,73260,F3,RAW,S0,sum_CRPS_normalized,2024-12-14,T1_TEST_1214,0.023259562369867915
T1,73260,F3,RAW,S0,sum_CRPS_Wh,2024-12-14,T1_TEST_1214,318254.3692559637
T1,73260,F3,RAW,S0,energy,2024-12-14,T1_TEST_1214,0.35201995145201204
T1,73260,F3,RAW,S0,variogram,2024-12-14,T1_TEST_1214,8951.161068555479
T1,73260,F3,RAW,S0,variogram_normalized,2024-12-14,T1_TEST_1214,0.015700655269698417
T1,73260,F3,RAW,S0,Brier,2024-12-14,T1_TEST_1214,0.0
T1,73260,F3,RAW,S0,marginal_CRPS_normalized,2024-12-14,T1_TEST_1214,0.04715862253294058
T1,73260,F0,RAW,S0,sum_CRPS_normalized,2024-12-15,T1_TEST_1215,0.009186480305597551
T1,73260,F0,RAW,S0,sum_CRPS_Wh,2024-12-15,T1_TEST_1215,125696.15235442988
T1,73260,F0,RAW,S0,energy,2024-12-15,T1_TEST_1215,0.26832877797892574
T1,73260,F0,RAW,S0,variogram,2024-12-15,T1_TEST_1215,6504.007477656818
T1,73260,F0,RAW,S0,variogram_normalized,2024-12-15,T1_TEST_1215,0.011408260726863437
T1,73260,F0,RAW,S0,Brier,2024-12-15,T1_TEST_1215,0.0
T1,73260,F0,RAW,S0,marginal_CRPS_normalized,2024-12-15,T1_TEST_1215,0.040423936568890595
T1,73260,F1,RAW,S0,sum_CRPS_normalized,2024-12-15,T1_TEST_1215,0.013516909835576267
T1,73260,F1,RAW,S0,sum_CRPS_Wh,2024-12-15,T1_TEST_1215,184948.2610895523
T1,73260,F1,RAW,S0,energy,2024-12-15,T1_TEST_1215,0.2682039691194278
T1,73260,F1,RAW,S0,variogram,2024-12-15,T1_TEST_1215,6030.646382939349
T1,73260,F1,RAW,S0,variogram_normalized,2024-12-15,T1_TEST_1215,0.010577968510096812
T1,73260,F1,RAW,S0,Brier,2024-12-15,T1_TEST_1215,0.0
T1,73260,F1,RAW,S0,marginal_CRPS_normalized,2024-12-15,T1_TEST_1215,0.040423936568890595
T1,73260,F2,RAW,S0,sum_CRPS_normalized,2024-12-15,T1_TEST_1215,0.01130679254475588
T1,73260,F2,RAW,S0,sum_CRPS_Wh,2024-12-15,T1_TEST_1215,154707.8174738569
T1,73260,F2,RAW,S0,energy,2024-12-15,T1_TEST_1215,0.26626890815572984
T1,73260,F2,RAW,S0,variogram,2024-12-15,T1_TEST_1215,6232.452560232259
T1,73260,F2,RAW,S0,variogram_normalized,2024-12-15,T1_TEST_1215,0.010931943731490402
T1,73260,F2,RAW,S0,Brier,2024-12-15,T1_TEST_1215,0.0
T1,73260,F2,RAW,S0,marginal_CRPS_normalized,2024-12-15,T1_TEST_1215,0.040423936568890595
T1,73260,F3,RAW,S0,sum_CRPS_normalized,2024-12-15,T1_TEST_1215,0.012162059507169464
T1,73260,F3,RAW,S0,sum_CRPS_Wh,2024-12-15,T1_TEST_1215,166410.20651024807
T1,73260,F3,RAW,S0,energy,2024-12-15,T1_TEST_1215,0.26081414165924527
T1,73260,F3,RAW,S0,variogram,2024-12-15,T1_TEST_1215,6168.551933018765
T1,73260,F3,RAW,S0,variogram_normalized,2024-12-15,T1_TEST_1215,0.010819859755823715
T1,73260,F3,RAW,S0,Brier,2024-12-15,T1_TEST_1215,0.0
T1,73260,F3,RAW,S0,marginal_CRPS_normalized,2024-12-15,T1_TEST_1215,0.040423936568890595
T1,73260,F0,RAW,S0,sum_CRPS_normalized,2024-12-16,T1_TEST_1216,0.013556472471378894
T1,73260,F0,RAW,S0,sum_CRPS_Wh,2024-12-16,T1_TEST_1216,185489.58605101332
T1,73260,F0,RAW,S0,energy,2024-12-16,T1_TEST_1216,0.3636019931680052
T1,73260,F0,RAW,S0,variogram,2024-12-16,T1_TEST_1216,8508.86737552492
T1,73260,F0,RAW,S0,variogram_normalized,2024-12-16,T1_TEST_1216,0.014924856381816794
T1,73260,F0,RAW,S0,Brier,2024-12-16,T1_TEST_1216,0.0
T1,73260,F0,RAW,S0,marginal_CRPS_normalized,2024-12-16,T1_TEST_1216,0.053934671033676385
T1,73260,F1,RAW,S0,sum_CRPS_normalized,2024-12-16,T1_TEST_1216,0.01332817142827212
T1,73260,F1,RAW,S0,sum_CRPS_Wh,2024-12-16,T1_TEST_1216,182365.80395575985
T1,73260,F1,RAW,S0,energy,2024-12-16,T1_TEST_1216,0.3630486245563806
T1,73260,F1,RAW,S0,variogram,2024-12-16,T1_TEST_1216,8735.297223464768
T1,73260,F1,RAW,S0,variogram_normalized,2024-12-16,T1_TEST_1216,0.015322022398386698
T1,73260,F1,RAW,S0,Brier,2024-12-16,T1_TEST_1216,0.0
T1,73260,F1,RAW,S0,marginal_CRPS_normalized,2024-12-16,T1_TEST_1216,0.053934671033676405
T1,73260,F2,RAW,S0,sum_CRPS_normalized,2024-12-16,T1_TEST_1216,0.013523470011478664
T1,73260,F2,RAW,S0,sum_CRPS_Wh,2024-12-16,T1_TEST_1216,185038.02222137526
T1,73260,F2,RAW,S0,energy,2024-12-16,T1_TEST_1216,0.36246756660677826
T1,73260,F2,RAW,S0,variogram,2024-12-16,T1_TEST_1216,8574.369935778599
T1,73260,F2,RAW,S0,variogram_normalized,2024-12-16,T1_TEST_1216,0.015039750205081626
T1,73260,F2,RAW,S0,Brier,2024-12-16,T1_TEST_1216,0.0
T1,73260,F2,RAW,S0,marginal_CRPS_normalized,2024-12-16,T1_TEST_1216,0.053934671033676405
T1,73260,F3,RAW,S0,sum_CRPS_normalized,2024-12-16,T1_TEST_1216,0.013834506968258494
T1,73260,F3,RAW,S0,sum_CRPS_Wh,2024-12-16,T1_TEST_1216,189293.85768900625
T1,73260,F3,RAW,S0,energy,2024-12-16,T1_TEST_1216,0.36494105052848885
T1,73260,F3,RAW,S0,variogram,2024-12-16,T1_TEST_1216,8498.024100796247
T1,73260,F3,RAW,S0,variogram_normalized,2024-12-16,T1_TEST_1216,0.014905836891808107
T1,73260,F3,RAW,S0,Brier,2024-12-16,T1_TEST_1216,0.0
T1,73260,F3,RAW,S0,marginal_CRPS_normalized,2024-12-16,T1_TEST_1216,0.053934671033676405
T1,73260,F0,RAW,S0,sum_CRPS_normalized,2024-12-17,T1_TEST_1217,0.030923086732311516
T1,73260,F0,RAW,S0,sum_CRPS_Wh,2024-12-17,T1_TEST_1217,423112.3228779454
T1,73260,F0,RAW,S0,energy,2024-12-17,T1_TEST_1217,0.30942300281137497
T1,73260,F0,RAW,S0,variogram,2024-12-17,T1_TEST_1217,6152.131670343271
T1,73260,F0,RAW,S0,variogram_normalized,2024-12-17,T1_TEST_1217,0.010791058030356895
T1,73260,F0,RAW,S0,Brier,2024-12-17,T1_TEST_1217,0.0
T1,73260,F0,RAW,S0,marginal_CRPS_normalized,2024-12-17,T1_TEST_1217,0.04235197015390601
T1,73260,F1,RAW,S0,sum_CRPS_normalized,2024-12-17,T1_TEST_1217,0.024688183238137037
T1,73260,F1,RAW,S0,sum_CRPS_Wh,2024-12-17,T1_TEST_1217,337801.8063963074
T1,73260,F1,RAW,S0,energy,2024-12-17,T1_TEST_1217,0.3056332880967124
T1,73260,F1,RAW,S0,variogram,2024-12-17,T1_TEST_1217,6114.4217145718
T1,73260,F1,RAW,S0,variogram_normalized,2024-12-17,T1_TEST_1217,0.010724913425062804
T1,73260,F1,RAW,S0,Brier,2024-12-17,T1_TEST_1217,0.0
T1,73260,F1,RAW,S0,marginal_CRPS_normalized,2024-12-17,T1_TEST_1217,0.04235197015390601
T1,73260,F2,RAW,S0,sum_CRPS_normalized,2024-12-17,T1_TEST_1217,0.026427204397246735
T1,73260,F2,RAW,S0,sum_CRPS_Wh,2024-12-17,T1_TEST_1217,361596.3676745631
T1,73260,F2,RAW,S0,energy,2024-12-17,T1_TEST_1217,0.3057467230120542
T1,73260,F2,RAW,S0,variogram,2024-12-17,T1_TEST_1217,6173.445577417625
T1,73260,F2,RAW,S0,variogram_normalized,2024-12-17,T1_TEST_1217,0.01082844338236451
T1,73260,F2,RAW,S0,Brier,2024-12-17,T1_TEST_1217,0.0
T1,73260,F2,RAW,S0,marginal_CRPS_normalized,2024-12-17,T1_TEST_1217,0.04235197015390601
T1,73260,F3,RAW,S0,sum_CRPS_normalized,2024-12-17,T1_TEST_1217,0.026664077093568866
T1,73260,F3,RAW,S0,sum_CRPS_Wh,2024-12-17,T1_TEST_1217,364837.4334075805
T1,73260,F3,RAW,S0,energy,2024-12-17,T1_TEST_1217,0.30625767218273997
T1,73260,F3,RAW,S0,variogram,2024-12-17,T1_TEST_1217,6223.677049926594
T1,73260,F3,RAW,S0,variogram_normalized,2024-12-17,T1_TEST_1217,0.010916551173913828
T1,73260,F3,RAW,S0,Brier,2024-12-17,T1_TEST_1217,0.0
T1,73260,F3,RAW,S0,marginal_CRPS_normalized,2024-12-17,T1_TEST_1217,0.04235197015390601
T1,73260,F0,RAW,S0,sum_CRPS_normalized,2024-12-18,T1_TEST_1218,0.016257129167229635
T1,73260,F0,RAW,S0,sum_CRPS_Wh,2024-12-18,T1_TEST_1218,222441.94911130564
T1,73260,F0,RAW,S0,energy,2024-12-18,T1_TEST_1218,0.24322190069414829
T1,73260,F0,RAW,S0,variogram,2024-12-18,T1_TEST_1218,5182.613385362416
T1,73260,F0,RAW,S0,variogram_normalized,2024-12-18,T1_TEST_1218,0.009090488433455411
T1,73260,F0,RAW,S0,Brier,2024-12-18,T1_TEST_1218,0.0
T1,73260,F0,RAW,S0,marginal_CRPS_normalized,2024-12-18,T1_TEST_1218,0.03722814164872376
T1,73260,F1,RAW,S0,sum_CRPS_normalized,2024-12-18,T1_TEST_1218,0.014803425538968842
T1,73260,F1,RAW,S0,sum_CRPS_Wh,2024-12-18,T1_TEST_1218,202551.3112764085
T1,73260,F1,RAW,S0,energy,2024-12-18,T1_TEST_1218,0.23949993904678007
T1,73260,F1,RAW,S0,variogram,2024-12-18,T1_TEST_1218,5122.074474297805
T1,73260,F1,RAW,S0,variogram_normalized,2024-12-18,T1_TEST_1218,0.008984301027626306
T1,73260,F1,RAW,S0,Brier,2024-12-18,T1_TEST_1218,0.0
T1,73260,F1,RAW,S0,marginal_CRPS_normalized,2024-12-18,T1_TEST_1218,0.03722814164872376
T1,73260,F2,RAW,S0,sum_CRPS_normalized,2024-12-18,T1_TEST_1218,0.014547227300384817
T1,73260,F2,RAW,S0,sum_CRPS_Wh,2024-12-18,T1_TEST_1218,199045.81931880076
T1,73260,F2,RAW,S0,energy,2024-12-18,T1_TEST_1218,0.24102840496463496
T1,73260,F2,RAW,S0,variogram,2024-12-18,T1_TEST_1218,5174.861584459469
T1,73260,F2,RAW,S0,variogram_normalized,2024-12-18,T1_TEST_1218,0.009076891498626023
T1,73260,F2,RAW,S0,Brier,2024-12-18,T1_TEST_1218,0.0
T1,73260,F2,RAW,S0,marginal_CRPS_normalized,2024-12-18,T1_TEST_1218,0.03722814164872377
T1,73260,F3,RAW,S0,sum_CRPS_normalized,2024-12-18,T1_TEST_1218,0.015223783046260524
T1,73260,F3,RAW,S0,sum_CRPS_Wh,2024-12-18,T1_TEST_1218,208302.95059007127
T1,73260,F3,RAW,S0,energy,2024-12-18,T1_TEST_1218,0.24880603578444044
T1,73260,F3,RAW,S0,variogram,2024-12-18,T1_TEST_1218,5400.111474595441
T1,73260,F3,RAW,S0,variogram_normalized,2024-12-18,T1_TEST_1218,0.009471987827189025
T1,73260,F3,RAW,S0,Brier,2024-12-18,T1_TEST_1218,0.0
T1,73260,F3,RAW,S0,marginal_CRPS_normalized,2024-12-18,T1_TEST_1218,0.03722814164872377
T1,73260,F0,RAW,S0,sum_CRPS_normalized,2024-12-19,T1_TEST_1219,0.037015255293805296
T1,73260,F0,RAW,S0,sum_CRPS_Wh,2024-12-19,T1_TEST_1219,506469.83546171396
T1,73260,F0,RAW,S0,energy,2024-12-19,T1_TEST_1219,0.3774237456664525
T1,73260,F0,RAW,S0,variogram,2024-12-19,T1_TEST_1219,8437.209796315612
T1,73260,F0,RAW,S0,variogram_normalized,2024-12-19,T1_TEST_1219,0.014799166436120396
T1,73260,F0,RAW,S0,Brier,2024-12-19,T1_TEST_1219,0.0
T1,73260,F0,RAW,S0,marginal_CRPS_normalized,2024-12-19,T1_TEST_1219,0.06533214589379527
T1,73260,F1,RAW,S0,sum_CRPS_normalized,2024-12-19,T1_TEST_1219,0.029710522738901526
T1,73260,F1,RAW,S0,sum_CRPS_Wh,2024-12-19,T1_TEST_1219,406521.1341544157
T1,73260,F1,RAW,S0,energy,2024-12-19,T1_TEST_1219,0.37503984062004514
T1,73260,F1,RAW,S0,variogram,2024-12-19,T1_TEST_1219,8334.182955938953
T1,73260,F1,RAW,S0,variogram_normalized,2024-12-19,T1_TEST_1219,0.014618453689260931
T1,73260,F1,RAW,S0,Brier,2024-12-19,T1_TEST_1219,0.0
T1,73260,F1,RAW,S0,marginal_CRPS_normalized,2024-12-19,T1_TEST_1219,0.06533214589379527
T1,73260,F2,RAW,S0,sum_CRPS_normalized,2024-12-19,T1_TEST_1219,0.031442099651476915
T1,73260,F2,RAW,S0,sum_CRPS_Wh,2024-12-19,T1_TEST_1219,430213.8377989081
T1,73260,F2,RAW,S0,energy,2024-12-19,T1_TEST_1219,0.3779955571505388
T1,73260,F2,RAW,S0,variogram,2024-12-19,T1_TEST_1219,8445.8381268543
T1,73260,F2,RAW,S0,variogram_normalized,2024-12-19,T1_TEST_1219,0.014814300835144545
T1,73260,F2,RAW,S0,Brier,2024-12-19,T1_TEST_1219,0.0
T1,73260,F2,RAW,S0,marginal_CRPS_normalized,2024-12-19,T1_TEST_1219,0.06533214589379527
T1,73260,F3,RAW,S0,sum_CRPS_normalized,2024-12-19,T1_TEST_1219,0.034101483789968946
T1,73260,F3,RAW,S0,sum_CRPS_Wh,2024-12-19,T1_TEST_1219,466601.47949854436
T1,73260,F3,RAW,S0,energy,2024-12-19,T1_TEST_1219,0.3823024605111137
T1,73260,F3,RAW,S0,variogram,2024-12-19,T1_TEST_1219,8567.199837066653
T1,73260,F3,RAW,S0,variogram_normalized,2024-12-19,T1_TEST_1219,0.01502717359660997
T1,73260,F3,RAW,S0,Brier,2024-12-19,T1_TEST_1219,0.0
T1,73260,F3,RAW,S0,marginal_CRPS_normalized,2024-12-19,T1_TEST_1219,0.06533214589379527
T1,73260,F0,RAW,S0,sum_CRPS_normalized,2024-12-20,T1_TEST_1220,0.02121757453054304
T1,73260,F0,RAW,S0,sum_CRPS_Wh,2024-12-20,T1_TEST_1220,290314.3959452631
T1,73260,F0,RAW,S0,energy,2024-12-20,T1_TEST_1220,0.631897069100414
T1,73260,F0,RAW,S0,variogram,2024-12-20,T1_TEST_1220,19269.070236022115
T1,73260,F0,RAW,S0,variogram_normalized,2024-12-20,T1_TEST_1220,0.03379863537549016
T1,73260,F0,RAW,S0,Brier,2024-12-20,T1_TEST_1220,0.0
T1,73260,F0,RAW,S0,marginal_CRPS_normalized,2024-12-20,T1_TEST_1220,0.09029848805438999
T1,73260,F1,RAW,S0,sum_CRPS_normalized,2024-12-20,T1_TEST_1220,0.02267742071443713
T1,73260,F1,RAW,S0,sum_CRPS_Wh,2024-12-20,T1_TEST_1220,310289.0807255674
T1,73260,F1,RAW,S0,energy,2024-12-20,T1_TEST_1220,0.6409981353873275
T1,73260,F1,RAW,S0,variogram,2024-12-20,T1_TEST_1220,19350.447253239447
T1,73260,F1,RAW,S0,variogram_normalized,2024-12-20,T1_TEST_1220,0.033941373561566825
T1,73260,F1,RAW,S0,Brier,2024-12-20,T1_TEST_1220,0.0
T1,73260,F1,RAW,S0,marginal_CRPS_normalized,2024-12-20,T1_TEST_1220,0.09029848805438999
T1,73260,F2,RAW,S0,sum_CRPS_normalized,2024-12-20,T1_TEST_1220,0.021226579333078376
T1,73260,F2,RAW,S0,sum_CRPS_Wh,2024-12-20,T1_TEST_1220,290437.60624929145
T1,73260,F2,RAW,S0,energy,2024-12-20,T1_TEST_1220,0.6377582418609455
T1,73260,F2,RAW,S0,variogram,2024-12-20,T1_TEST_1220,19458.717866736246
T1,73260,F2,RAW,S0,variogram_normalized,2024-12-20,T1_TEST_1220,0.034131284073212476
T1,73260,F2,RAW,S0,Brier,2024-12-20,T1_TEST_1220,0.0
T1,73260,F2,RAW,S0,marginal_CRPS_normalized,2024-12-20,T1_TEST_1220,0.09029848805438999
T1,73260,F3,RAW,S0,sum_CRPS_normalized,2024-12-20,T1_TEST_1220,0.023697280863214022
T1,73260,F3,RAW,S0,sum_CRPS_Wh,2024-12-20,T1_TEST_1220,324243.5542972095
T1,73260,F3,RAW,S0,energy,2024-12-20,T1_TEST_1220,0.6507601927984894
T1,73260,F3,RAW,S0,variogram,2024-12-20,T1_TEST_1220,19856.088197094054
T1,73260,F3,RAW,S0,variogram_normalized,2024-12-20,T1_TEST_1220,0.03482828578322203
T1,73260,F3,RAW,S0,Brier,2024-12-20,T1_TEST_1220,0.0
T1,73260,F3,RAW,S0,marginal_CRPS_normalized,2024-12-20,T1_TEST_1220,0.09029848805438999
T1,73260,F0,RAW,S0,sum_CRPS_normalized,2024-12-21,T1_TEST_1221,0.04659304152934112
T1,73260,F0,RAW,S0,sum_CRPS_Wh,2024-12-21,T1_TEST_1221,637520.1221690737
T1,73260,F0,RAW,S0,energy,2024-12-21,T1_TEST_1221,0.3717493290224503
T1,73260,F0,RAW,S0,variogram,2024-12-21,T1_TEST_1221,7475.284479413482
T1,73260,F0,RAW,S0,variogram_normalized,2024-12-21,T1_TEST_1221,0.013111915175618497
T1,73260,F0,RAW,S0,Brier,2024-12-21,T1_TEST_1221,0.0
T1,73260,F0,RAW,S0,marginal_CRPS_normalized,2024-12-21,T1_TEST_1221,0.05310788939128756
T1,73260,F1,RAW,S0,sum_CRPS_normalized,2024-12-21,T1_TEST_1221,0.03726239328813911
T1,73260,F1,RAW,S0,sum_CRPS_Wh,2024-12-21,T1_TEST_1221,509851.3585211411
T1,73260,F1,RAW,S0,energy,2024-12-21,T1_TEST_1221,0.35530240503521904
T1,73260,F1,RAW,S0,variogram,2024-12-21,T1_TEST_1221,7083.589568050701
T1,73260,F1,RAW,S0,variogram_normalized,2024-12-21,T1_TEST_1221,0.012424868352630812
T1,73260,F1,RAW,S0,Brier,2024-12-21,T1_TEST_1221,0.0
T1,73260,F1,RAW,S0,marginal_CRPS_normalized,2024-12-21,T1_TEST_1221,0.05310788939128755
T1,73260,F2,RAW,S0,sum_CRPS_normalized,2024-12-21,T1_TEST_1221,0.04152551202282233
T1,73260,F2,RAW,S0,sum_CRPS_Wh,2024-12-21,T1_TEST_1221,568182.4716519509
T1,73260,F2,RAW,S0,energy,2024-12-21,T1_TEST_1221,0.36685523048113955
T1,73260,F2,RAW,S0,variogram,2024-12-21,T1_TEST_1221,7358.975595440518
T1,73260,F2,RAW,S0,variogram_normalized,2024-12-21,T1_TEST_1221,0.012907905251310706
T1,73260,F2,RAW,S0,Brier,2024-12-21,T1_TEST_1221,0.0
T1,73260,F2,RAW,S0,marginal_CRPS_normalized,2024-12-21,T1_TEST_1221,0.05310788939128755
T1,73260,F3,RAW,S0,sum_CRPS_normalized,2024-12-21,T1_TEST_1221,0.03931555034812846
T1,73260,F3,RAW,S0,sum_CRPS_Wh,2024-12-21,T1_TEST_1221,537944.1572900824
T1,73260,F3,RAW,S0,energy,2024-12-21,T1_TEST_1221,0.3783285239670657
T1,73260,F3,RAW,S0,variogram,2024-12-21,T1_TEST_1221,7823.0715578227755
T1,73260,F3,RAW,S0,variogram_normalized,2024-12-21,T1_TEST_1221,0.013721946096025239
T1,73260,F3,RAW,S0,Brier,2024-12-21,T1_TEST_1221,0.0
T1,73260,F3,RAW,S0,marginal_CRPS_normalized,2024-12-21,T1_TEST_1221,0.05310788939128753
T1,73260,F0,RAW,S0,sum_CRPS_normalized,2024-12-22,T1_TEST_1222,0.0060181645985022585
T1,73260,F0,RAW,S0,sum_CRPS_Wh,2024-12-22,T1_TEST_1222,82344.93615650013
T1,73260,F0,RAW,S0,energy,2024-12-22,T1_TEST_1222,0.2537927284790364
T1,73260,F0,RAW,S0,variogram,2024-12-22,T1_TEST_1222,5867.788712217158
T1,73260,F0,RAW,S0,variogram_normalized,2024-12-22,T1_TEST_1222,0.010292310356204624
T1,73260,F0,RAW,S0,Brier,2024-12-22,T1_TEST_1222,0.0
T1,73260,F0,RAW,S0,marginal_CRPS_normalized,2024-12-22,T1_TEST_1222,0.03936619296319432
T1,73260,F1,RAW,S0,sum_CRPS_normalized,2024-12-22,T1_TEST_1222,0.010430202577310572
T1,73260,F1,RAW,S0,sum_CRPS_Wh,2024-12-22,T1_TEST_1222,142713.6714641787
T1,73260,F1,RAW,S0,energy,2024-12-22,T1_TEST_1222,0.2549758150752816
T1,73260,F1,RAW,S0,variogram,2024-12-22,T1_TEST_1222,5698.45103788485
T1,73260,F1,RAW,S0,variogram_normalized,2024-12-22,T1_TEST_1222,0.009995286045224028
T1,73260,F1,RAW,S0,Brier,2024-12-22,T1_TEST_1222,0.0
T1,73260,F1,RAW,S0,marginal_CRPS_normalized,2024-12-22,T1_TEST_1222,0.03936619296319433
T1,73260,F2,RAW,S0,sum_CRPS_normalized,2024-12-22,T1_TEST_1222,0.008799463430142023
T1,73260,F2,RAW,S0,sum_CRPS_Wh,2024-12-22,T1_TEST_1222,120400.70398653299
T1,73260,F2,RAW,S0,energy,2024-12-22,T1_TEST_1222,0.2550842322394165
T1,73260,F2,RAW,S0,variogram,2024-12-22,T1_TEST_1222,5761.941343664599
T1,73260,F2,RAW,S0,variogram_normalized,2024-12-22,T1_TEST_1222,0.010106650302484171
T1,73260,F2,RAW,S0,Brier,2024-12-22,T1_TEST_1222,0.0
T1,73260,F2,RAW,S0,marginal_CRPS_normalized,2024-12-22,T1_TEST_1222,0.03936619296319432
T1,73260,F3,RAW,S0,sum_CRPS_normalized,2024-12-22,T1_TEST_1222,0.008261015674995438
T1,73260,F3,RAW,S0,sum_CRPS_Wh,2024-12-22,T1_TEST_1222,113033.26740425825
T1,73260,F3,RAW,S0,energy,2024-12-22,T1_TEST_1222,0.26105893382298817
T1,73260,F3,RAW,S0,variogram,2024-12-22,T1_TEST_1222,5901.675097101354
T1,73260,F3,RAW,S0,variogram_normalized,2024-12-22,T1_TEST_1222,0.01035174828200311
T1,73260,F3,RAW,S0,Brier,2024-12-22,T1_TEST_1222,0.0
T1,73260,F3,RAW,S0,marginal_CRPS_normalized,2024-12-22,T1_TEST_1222,0.03936619296319433
T1,73260,F0,RAW,S0,sum_CRPS_normalized,2024-12-23,T1_TEST_1223,0.030398279883422735
T1,73260,F0,RAW,S0,sum_CRPS_Wh,2024-12-23,T1_TEST_1223,415931.53116663266
T1,73260,F0,RAW,S0,energy,2024-12-23,T1_TEST_1223,0.7791059139231213
T1,73260,F0,RAW,S0,variogram,2024-12-23,T1_TEST_1223,19955.871426796926
T1,73260,F0,RAW,S0,variogram_normalized,2024-12-23,T1_TEST_1223,0.035003309121453025
T1,73260,F0,RAW,S0,Brier,2024-12-23,T1_TEST_1223,0.0
T1,73260,F0,RAW,S0,marginal_CRPS_normalized,2024-12-23,T1_TEST_1223,0.09680253772318079
T1,73260,F1,RAW,S0,sum_CRPS_normalized,2024-12-23,T1_TEST_1223,0.027480439211781813
T1,73260,F1,RAW,S0,sum_CRPS_Wh,2024-12-23,T1_TEST_1223,376007.49786902114
T1,73260,F1,RAW,S0,energy,2024-12-23,T1_TEST_1223,0.7700626461467719
T1,73260,F1,RAW,S0,variogram,2024-12-23,T1_TEST_1223,20344.158128501116
T1,73260,F1,RAW,S0,variogram_normalized,2024-12-23,T1_TEST_1223,0.03568437782333144
T1,73260,F1,RAW,S0,Brier,2024-12-23,T1_TEST_1223,0.0
T1,73260,F1,RAW,S0,marginal_CRPS_normalized,2024-12-23,T1_TEST_1223,0.09680253772318079
T1,73260,F2,RAW,S0,sum_CRPS_normalized,2024-12-23,T1_TEST_1223,0.02799883244431335
T1,73260,F2,RAW,S0,sum_CRPS_Wh,2024-12-23,T1_TEST_1223,383100.53378355806
T1,73260,F2,RAW,S0,energy,2024-12-23,T1_TEST_1223,0.7740071824525362
T1,73260,F2,RAW,S0,variogram,2024-12-23,T1_TEST_1223,20135.357314630775
T1,73260,F2,RAW,S0,variogram_normalized,2024-12-23,T1_TEST_1223,0.03531813376029843
T1,73260,F2,RAW,S0,Brier,2024-12-23,T1_TEST_1223,0.0
T1,73260,F2,RAW,S0,marginal_CRPS_normalized,2024-12-23,T1_TEST_1223,0.09680253772318079
T1,73260,F3,RAW,S0,sum_CRPS_normalized,2024-12-23,T1_TEST_1223,0.028806582482014554
T1,73260,F3,RAW,S0,sum_CRPS_Wh,2024-12-23,T1_TEST_1223,394152.7614513539
T1,73260,F3,RAW,S0,energy,2024-12-23,T1_TEST_1223,0.7770740472821718
T1,73260,F3,RAW,S0,variogram,2024-12-23,T1_TEST_1223,20179.85932889227
T1,73260,F3,RAW,S0,variogram_normalized,2024-12-23,T1_TEST_1223,0.03539619187805272
T1,73260,F3,RAW,S0,Brier,2024-12-23,T1_TEST_1223,0.0
T1,73260,F3,RAW,S0,marginal_CRPS_normalized,2024-12-23,T1_TEST_1223,0.09680253772318079
T1,73260,F0,RAW,S0,sum_CRPS_normalized,2024-12-24,T1_TEST_1224,0.022595432339868434
T1,73260,F0,RAW,S0,sum_CRPS_Wh,2024-12-24,T1_TEST_1224,309167.25573076506
T1,73260,F0,RAW,S0,energy,2024-12-24,T1_TEST_1224,0.3929694805319456
T1,73260,F0,RAW,S0,variogram,2024-12-24,T1_TEST_1224,9041.229834023425
T1,73260,F0,RAW,S0,variogram_normalized,2024-12-24,T1_TEST_1224,0.01585863909172428
T1,73260,F0,RAW,S0,Brier,2024-12-24,T1_TEST_1224,0.0
T1,73260,F0,RAW,S0,marginal_CRPS_normalized,2024-12-24,T1_TEST_1224,0.06220744234730483
T1,73260,F1,RAW,S0,sum_CRPS_normalized,2024-12-24,T1_TEST_1224,0.0198024834647569
T1,73260,F1,RAW,S0,sum_CRPS_Wh,2024-12-24,T1_TEST_1224,270952.0834726542
T1,73260,F1,RAW,S0,energy,2024-12-24,T1_TEST_1224,0.39068591581967743
T1,73260,F1,RAW,S0,variogram,2024-12-24,T1_TEST_1224,8636.670927725881
T1,73260,F1,RAW,S0,variogram_normalized,2024-12-24,T1_TEST_1224,0.015149028363527545
T1,73260,F1,RAW,S0,Brier,2024-12-24,T1_TEST_1224,0.0
T1,73260,F1,RAW,S0,marginal_CRPS_normalized,2024-12-24,T1_TEST_1224,0.06220744234730483
T1,73260,F2,RAW,S0,sum_CRPS_normalized,2024-12-24,T1_TEST_1224,0.020366993595530517
T1,73260,F2,RAW,S0,sum_CRPS_Wh,2024-12-24,T1_TEST_1224,278676.1245681436
T1,73260,F2,RAW,S0,energy,2024-12-24,T1_TEST_1224,0.3911477520690493
T1,73260,F2,RAW,S0,variogram,2024-12-24,T1_TEST_1224,8888.73150679694
T1,73260,F2,RAW,S0,variogram_normalized,2024-12-24,T1_TEST_1224,0.015591151595225117
T1,73260,F2,RAW,S0,Brier,2024-12-24,T1_TEST_1224,0.0
T1,73260,F2,RAW,S0,marginal_CRPS_normalized,2024-12-24,T1_TEST_1224,0.06220744234730483
T1,73260,F3,RAW,S0,sum_CRPS_normalized,2024-12-24,T1_TEST_1224,0.019970621196797076
T1,73260,F3,RAW,S0,sum_CRPS_Wh,2024-12-24,T1_TEST_1224,273252.66707812634
T1,73260,F3,RAW,S0,energy,2024-12-24,T1_TEST_1224,0.40154414738440825
T1,73260,F3,RAW,S0,variogram,2024-12-24,T1_TEST_1224,8895.40805286557
T1,73260,F3,RAW,S0,variogram_normalized,2024-12-24,T1_TEST_1224,0.015602862494784736
T1,73260,F3,RAW,S0,Brier,2024-12-24,T1_TEST_1224,0.0
T1,73260,F3,RAW,S0,marginal_CRPS_normalized,2024-12-24,T1_TEST_1224,0.06220744234730483
T1,73260,F0,RAW,S0,sum_CRPS_normalized,2024-12-25,T1_TEST_1225,0.055316544310470804
T1,73260,F0,RAW,S0,sum_CRPS_Wh,2024-12-25,T1_TEST_1225,756881.4769169893
T1,73260,F0,RAW,S0,energy,2024-12-25,T1_TEST_1225,0.34502477166957335
T1,73260,F0,RAW,S0,variogram,2024-12-25,T1_TEST_1225,6855.820772608781
T1,73260,F0,RAW,S0,variogram_normalized,2024-12-25,T1_TEST_1225,0.012025353774461664
T1,73260,F0,RAW,S0,Brier,2024-12-25,T1_TEST_1225,0.0
T1,73260,F0,RAW,S0,marginal_CRPS_normalized,2024-12-25,T1_TEST_1225,0.05301446999546054
T1,73260,F1,RAW,S0,sum_CRPS_normalized,2024-12-25,T1_TEST_1225,0.04594687263898658
T1,73260,F1,RAW,S0,sum_CRPS_Wh,2024-12-25,T1_TEST_1225,628678.7661124774
T1,73260,F1,RAW,S0,energy,2024-12-25,T1_TEST_1225,0.33881697197591965
T1,73260,F1,RAW,S0,variogram,2024-12-25,T1_TEST_1225,6119.618356778992
T1,73260,F1,RAW,S0,variogram_normalized,2024-12-25,T1_TEST_1225,0.01073402852054932
T1,73260,F1,RAW,S0,Brier,2024-12-25,T1_TEST_1225,0.0
T1,73260,F1,RAW,S0,marginal_CRPS_normalized,2024-12-25,T1_TEST_1225,0.05301446999546054
T1,73260,F2,RAW,S0,sum_CRPS_normalized,2024-12-25,T1_TEST_1225,0.049075941674035166
T1,73260,F2,RAW,S0,sum_CRPS_Wh,2024-12-25,T1_TEST_1225,671492.9805964883
T1,73260,F2,RAW,S0,energy,2024-12-25,T1_TEST_1225,0.34594181288686643
T1,73260,F2,RAW,S0,variogram,2024-12-25,T1_TEST_1225,6499.087501293346
T1,73260,F2,RAW,S0,variogram_normalized,2024-12-25,T1_TEST_1225,0.011399630913119015
T1,73260,F2,RAW,S0,Brier,2024-12-25,T1_TEST_1225,0.0
T1,73260,F2,RAW,S0,marginal_CRPS_normalized,2024-12-25,T1_TEST_1225,0.053014469995460535
T1,73260,F3,RAW,S0,sum_CRPS_normalized,2024-12-25,T1_TEST_1225,0.044548276410230674
T1,73260,F3,RAW,S0,sum_CRPS_Wh,2024-12-25,T1_TEST_1225,609542.1480820752
T1,73260,F3,RAW,S0,energy,2024-12-25,T1_TEST_1225,0.3510846258242629
T1,73260,F3,RAW,S0,variogram,2024-12-25,T1_TEST_1225,6360.750282888421
T1,73260,F3,RAW,S0,variogram_normalized,2024-12-25,T1_TEST_1225,0.011156982505777239
T1,73260,F3,RAW,S0,Brier,2024-12-25,T1_TEST_1225,0.0
T1,73260,F3,RAW,S0,marginal_CRPS_normalized,2024-12-25,T1_TEST_1225,0.053014469995460535
T1,73260,F0,RAW,S0,sum_CRPS_normalized,2024-12-26,T1_TEST_1226,0.0705219860291658
T1,73260,F0,RAW,S0,sum_CRPS_Wh,2024-12-26,T1_TEST_1226,964933.4680288527
T1,73260,F0,RAW,S0,energy,2024-12-26,T1_TEST_1226,0.32082605922626306
T1,73260,F0,RAW,S0,variogram,2024-12-26,T1_TEST_1226,4333.295998266878
T1,73260,F0,RAW,S0,variogram_normalized,2024-12-26,T1_TEST_1226,0.007600755491860608
T1,73260,F0,RAW,S0,Brier,2024-12-26,T1_TEST_1226,0.0
T1,73260,F0,RAW,S0,marginal_CRPS_normalized,2024-12-26,T1_TEST_1226,0.05682540851278998
T1,73260,F1,RAW,S0,sum_CRPS_normalized,2024-12-26,T1_TEST_1226,0.05990737544434711
T1,73260,F1,RAW,S0,sum_CRPS_Wh,2024-12-26,T1_TEST_1226,819696.591132775
T1,73260,F1,RAW,S0,energy,2024-12-26,T1_TEST_1226,0.31726196969499165
T1,73260,F1,RAW,S0,variogram,2024-12-26,T1_TEST_1226,4021.8648492180155
T1,73260,F1,RAW,S0,variogram_normalized,2024-12-26,T1_TEST_1226,0.0070544941662054154
T1,73260,F1,RAW,S0,Brier,2024-12-26,T1_TEST_1226,0.0
T1,73260,F1,RAW,S0,marginal_CRPS_normalized,2024-12-26,T1_TEST_1226,0.05682540851278997
T1,73260,F2,RAW,S0,sum_CRPS_normalized,2024-12-26,T1_TEST_1226,0.0655467064047686
T1,73260,F2,RAW,S0,sum_CRPS_Wh,2024-12-26,T1_TEST_1226,896858.0479691084
T1,73260,F2,RAW,S0,energy,2024-12-26,T1_TEST_1226,0.32035982446224076
T1,73260,F2,RAW,S0,variogram,2024-12-26,T1_TEST_1226,4079.9519030961033
T1,73260,F2,RAW,S0,variogram_normalized,2024-12-26,T1_TEST_1226,0.007156380927217463
T1,73260,F2,RAW,S0,Brier,2024-12-26,T1_TEST_1226,0.0
T1,73260,F2,RAW,S0,marginal_CRPS_normalized,2024-12-26,T1_TEST_1226,0.05682540851278998
T1,73260,F3,RAW,S0,sum_CRPS_normalized,2024-12-26,T1_TEST_1226,0.0627747085532624
T1,73260,F3,RAW,S0,sum_CRPS_Wh,2024-12-26,T1_TEST_1226,858929.5429619439
T1,73260,F3,RAW,S0,energy,2024-12-26,T1_TEST_1226,0.329709085315135
T1,73260,F3,RAW,S0,variogram,2024-12-26,T1_TEST_1226,4205.785391446311
T1,73260,F3,RAW,S0,variogram_normalized,2024-12-26,T1_TEST_1226,0.007377097346779005
T1,73260,F3,RAW,S0,Brier,2024-12-26,T1_TEST_1226,0.0
T1,73260,F3,RAW,S0,marginal_CRPS_normalized,2024-12-26,T1_TEST_1226,0.05682540851278998
T1,73260,F0,RAW,S0,sum_CRPS_normalized,2024-12-27,T1_TEST_1227,0.049618351547090614
T1,73260,F0,RAW,S0,sum_CRPS_Wh,2024-12-27,T1_TEST_1227,678914.6297781212
T1,73260,F0,RAW,S0,energy,2024-12-27,T1_TEST_1227,0.4211661530826072
T1,73260,F0,RAW,S0,variogram,2024-12-27,T1_TEST_1227,9773.447592548222
T1,73260,F0,RAW,S0,variogram_normalized,2024-12-27,T1_TEST_1227,0.017142975114827975
T1,73260,F0,RAW,S0,Brier,2024-12-27,T1_TEST_1227,0.0
T1,73260,F0,RAW,S0,marginal_CRPS_normalized,2024-12-27,T1_TEST_1227,0.06999387659468186
T1,73260,F1,RAW,S0,sum_CRPS_normalized,2024-12-27,T1_TEST_1227,0.040820672254114315
T1,73260,F1,RAW,S0,sum_CRPS_Wh,2024-12-27,T1_TEST_1227,558538.3376631151
T1,73260,F1,RAW,S0,energy,2024-12-27,T1_TEST_1227,0.422499500960971
T1,73260,F1,RAW,S0,variogram,2024-12-27,T1_TEST_1227,9871.553857350873
T1,73260,F1,RAW,S0,variogram_normalized,2024-12-27,T1_TEST_1227,0.0173150569969064
T1,73260,F1,RAW,S0,Brier,2024-12-27,T1_TEST_1227,0.0
T1,73260,F1,RAW,S0,marginal_CRPS_normalized,2024-12-27,T1_TEST_1227,0.06999387659468187
T1,73260,F2,RAW,S0,sum_CRPS_normalized,2024-12-27,T1_TEST_1227,0.04405528592858035
T1,73260,F2,RAW,S0,sum_CRPS_Wh,2024-12-27,T1_TEST_1227,602796.6912118258
T1,73260,F2,RAW,S0,energy,2024-12-27,T1_TEST_1227,0.42309501545000744
T1,73260,F2,RAW,S0,variogram,2024-12-27,T1_TEST_1227,9721.061326994482
T1,73260,F2,RAW,S0,variogram_normalized,2024-12-27,T1_TEST_1227,0.017051087739544838
T1,73260,F2,RAW,S0,Brier,2024-12-27,T1_TEST_1227,0.0
T1,73260,F2,RAW,S0,marginal_CRPS_normalized,2024-12-27,T1_TEST_1227,0.06999387659468186
T1,73260,F3,RAW,S0,sum_CRPS_normalized,2024-12-27,T1_TEST_1227,0.04341703103365199
T1,73260,F3,RAW,S0,sum_CRPS_Wh,2024-12-27,T1_TEST_1227,594063.620237408
T1,73260,F3,RAW,S0,energy,2024-12-27,T1_TEST_1227,0.4332862018346209
T1,73260,F3,RAW,S0,variogram,2024-12-27,T1_TEST_1227,9843.837087123797
T1,73260,F3,RAW,S0,variogram_normalized,2024-12-27,T1_TEST_1227,0.017266440794919655
T1,73260,F3,RAW,S0,Brier,2024-12-27,T1_TEST_1227,0.0
T1,73260,F3,RAW,S0,marginal_CRPS_normalized,2024-12-27,T1_TEST_1227,0.06999387659468186
T1,73260,F0,RAW,S0,sum_CRPS_normalized,2024-12-28,T1_TEST_1228,0.05098308061001765
T1,73260,F0,RAW,S0,sum_CRPS_Wh,2024-12-28,T1_TEST_1228,697587.8524389993
T1,73260,F0,RAW,S0,energy,2024-12-28,T1_TEST_1228,0.5297223863114668
T1,73260,F0,RAW,S0,variogram,2024-12-28,T1_TEST_1228,15244.322457343404
T1,73260,F0,RAW,S0,variogram_normalized,2024-12-28,T1_TEST_1228,0.026739084448348084
T1,73260,F0,RAW,S0,Brier,2024-12-28,T1_TEST_1228,0.0
T1,73260,F0,RAW,S0,marginal_CRPS_normalized,2024-12-28,T1_TEST_1228,0.07827713795179544
T1,73260,F1,RAW,S0,sum_CRPS_normalized,2024-12-28,T1_TEST_1228,0.040846536811115226
T1,73260,F1,RAW,S0,sum_CRPS_Wh,2024-12-28,T1_TEST_1228,558892.2354769912
T1,73260,F1,RAW,S0,energy,2024-12-28,T1_TEST_1228,0.5188008981379908
T1,73260,F1,RAW,S0,variogram,2024-12-28,T1_TEST_1228,14948.096451526486
T1,73260,F1,RAW,S0,variogram_normalized,2024-12-28,T1_TEST_1228,0.026219493485384698
T1,73260,F1,RAW,S0,Brier,2024-12-28,T1_TEST_1228,0.0
T1,73260,F1,RAW,S0,marginal_CRPS_normalized,2024-12-28,T1_TEST_1228,0.07827713795179544
T1,73260,F2,RAW,S0,sum_CRPS_normalized,2024-12-28,T1_TEST_1228,0.04597058540078375
T1,73260,F2,RAW,S0,sum_CRPS_Wh,2024-12-28,T1_TEST_1228,629003.2214882523
T1,73260,F2,RAW,S0,energy,2024-12-28,T1_TEST_1228,0.5274032586863417
T1,73260,F2,RAW,S0,variogram,2024-12-28,T1_TEST_1228,15177.627815999564
T1,73260,F2,RAW,S0,variogram_normalized,2024-12-28,T1_TEST_1228,0.02662209967240049
T1,73260,F2,RAW,S0,Brier,2024-12-28,T1_TEST_1228,0.0
T1,73260,F2,RAW,S0,marginal_CRPS_normalized,2024-12-28,T1_TEST_1228,0.07827713795179544
T1,73260,F3,RAW,S0,sum_CRPS_normalized,2024-12-28,T1_TEST_1228,0.043209379226112635
T1,73260,F3,RAW,S0,sum_CRPS_Wh,2024-12-28,T1_TEST_1228,591222.3761081155
T1,73260,F3,RAW,S0,energy,2024-12-28,T1_TEST_1228,0.5348062023425091
T1,73260,F3,RAW,S0,variogram,2024-12-28,T1_TEST_1228,15429.82358395042
T1,73260,F3,RAW,S0,variogram_normalized,2024-12-28,T1_TEST_1228,0.02706446003020737
T1,73260,F3,RAW,S0,Brier,2024-12-28,T1_TEST_1228,0.0
T1,73260,F3,RAW,S0,marginal_CRPS_normalized,2024-12-28,T1_TEST_1228,0.07827713795179544
T1,73260,F0,RAW,S0,sum_CRPS_normalized,2024-12-29,T1_TEST_1229,0.009070423310011875
T1,73260,F0,RAW,S0,sum_CRPS_Wh,2024-12-29,T1_TEST_1229,124108.17553265998
T1,73260,F0,RAW,S0,energy,2024-12-29,T1_TEST_1229,0.24098053278971965
T1,73260,F0,RAW,S0,variogram,2024-12-29,T1_TEST_1229,5535.038591571186
T1,73260,F0,RAW,S0,variogram_normalized,2024-12-29,T1_TEST_1229,0.009708654795188553
T1,73260,F0,RAW,S0,Brier,2024-12-29,T1_TEST_1229,0.0
T1,73260,F0,RAW,S0,marginal_CRPS_normalized,2024-12-29,T1_TEST_1229,0.03903314535268917
T1,73260,F1,RAW,S0,sum_CRPS_normalized,2024-12-29,T1_TEST_1229,0.010384519103497272
T1,73260,F1,RAW,S0,sum_CRPS_Wh,2024-12-29,T1_TEST_1229,142088.59671373077
T1,73260,F1,RAW,S0,energy,2024-12-29,T1_TEST_1229,0.2396675540287344
T1,73260,F1,RAW,S0,variogram,2024-12-29,T1_TEST_1229,5302.093387277942
T1,73260,F1,RAW,S0,variogram_normalized,2024-12-29,T1_TEST_1229,0.0093000606115596
T1,73260,F1,RAW,S0,Brier,2024-12-29,T1_TEST_1229,0.0
T1,73260,F1,RAW,S0,marginal_CRPS_normalized,2024-12-29,T1_TEST_1229,0.03903314535268916
T1,73260,F2,RAW,S0,sum_CRPS_normalized,2024-12-29,T1_TEST_1229,0.009903266267469693
T1,73260,F2,RAW,S0,sum_CRPS_Wh,2024-12-29,T1_TEST_1229,135503.74290835497
T1,73260,F2,RAW,S0,energy,2024-12-29,T1_TEST_1229,0.23913822112428246
T1,73260,F2,RAW,S0,variogram,2024-12-29,T1_TEST_1229,5321.718587115093
T1,73260,F2,RAW,S0,variogram_normalized,2024-12-29,T1_TEST_1229,0.009334483910937429
T1,73260,F2,RAW,S0,Brier,2024-12-29,T1_TEST_1229,0.0
T1,73260,F2,RAW,S0,marginal_CRPS_normalized,2024-12-29,T1_TEST_1229,0.03903314535268916
T1,73260,F3,RAW,S0,sum_CRPS_normalized,2024-12-29,T1_TEST_1229,0.009729213678073154
T1,73260,F3,RAW,S0,sum_CRPS_Wh,2024-12-29,T1_TEST_1229,133122.22789208265
T1,73260,F3,RAW,S0,energy,2024-12-29,T1_TEST_1229,0.24255839382301547
T1,73260,F3,RAW,S0,variogram,2024-12-29,T1_TEST_1229,5269.294521021604
T1,73260,F3,RAW,S0,variogram_normalized,2024-12-29,T1_TEST_1229,0.009242530232161476
T1,73260,F3,RAW,S0,Brier,2024-12-29,T1_TEST_1229,0.0
T1,73260,F3,RAW,S0,marginal_CRPS_normalized,2024-12-29,T1_TEST_1229,0.03903314535268917
T2,73260,F0,RAW,S0,sum_CRPS_normalized,2024-10-01,T2_TEST_1001,0.011740495385269667
T2,73260,F0,RAW,S0,sum_CRPS_Wh,2024-10-01,T2_TEST_1001,76247.11682551965
T2,73260,F0,RAW,S0,energy,2024-10-01,T2_TEST_1001,0.5110177704546915
T2,73260,F0,RAW,S0,variogram,2024-10-01,T2_TEST_1001,4344.349183068423
T2,73260,F0,RAW,S0,variogram_normalized,2024-10-01,T2_TEST_1001,0.016054580524805493
T2,73260,F0,RAW,S0,Brier,2024-10-01,T2_TEST_1001,0.0
T2,73260,F0,RAW,S0,marginal_CRPS_normalized,2024-10-01,T2_TEST_1001,0.07421036024800612
T2,73260,F1,RAW,S0,sum_CRPS_normalized,2024-10-01,T2_TEST_1001,0.020815731626621564
T2,73260,F1,RAW,S0,sum_CRPS_Wh,2024-10-01,T2_TEST_1001,135185.05557567865
T2,73260,F1,RAW,S0,energy,2024-10-01,T2_TEST_1001,0.505072697397214
T2,73260,F1,RAW,S0,variogram,2024-10-01,T2_TEST_1001,4032.3834221616416
T2,73260,F1,RAW,S0,variogram_normalized,2024-10-01,T2_TEST_1001,0.01490170831808231
T2,73260,F1,RAW,S0,Brier,2024-10-01,T2_TEST_1001,0.0003814697265625
T2,73260,F1,RAW,S0,marginal_CRPS_normalized,2024-10-01,T2_TEST_1001,0.07421036024800612
T2,73260,F2,RAW,S0,sum_CRPS_normalized,2024-10-01,T2_TEST_1001,0.01556575929859575
T2,73260,F2,RAW,S0,sum_CRPS_Wh,2024-10-01,T2_TEST_1001,101089.79466122319
T2,73260,F2,RAW,S0,energy,2024-10-01,T2_TEST_1001,0.5074290272851794
T2,73260,F2,RAW,S0,variogram,2024-10-01,T2_TEST_1001,4214.465161096431
T2,73260,F2,RAW,S0,variogram_normalized,2024-10-01,T2_TEST_1001,0.015574592981962043
T2,73260,F2,RAW,S0,Brier,2024-10-01,T2_TEST_1001,0.0
T2,73260,F2,RAW,S0,marginal_CRPS_normalized,2024-10-01,T2_TEST_1001,0.07421036024800613
T2,73260,F3,RAW,S0,sum_CRPS_normalized,2024-10-01,T2_TEST_1001,0.017938045642055513
T2,73260,F3,RAW,S0,sum_CRPS_Wh,2024-10-01,T2_TEST_1001,116496.29907502368
T2,73260,F3,RAW,S0,energy,2024-10-01,T2_TEST_1001,0.5212989964237195
T2,73260,F3,RAW,S0,variogram,2024-10-01,T2_TEST_1001,4043.2467624810374
T2,73260,F3,RAW,S0,variogram_normalized,2024-10-01,T2_TEST_1001,0.014941853887551227
T2,73260,F3,RAW,S0,Brier,2024-10-01,T2_TEST_1001,0.0
T2,73260,F3,RAW,S0,marginal_CRPS_normalized,2024-10-01,T2_TEST_1001,0.07421036024800616
T2,73260,F0,RAW,S0,sum_CRPS_normalized,2024-10-02,T2_TEST_1002,0.056349461831201826
T2,73260,F0,RAW,S0,sum_CRPS_Wh,2024-10-02,T2_TEST_1002,365954.23432382883
T2,73260,F0,RAW,S0,energy,2024-10-02,T2_TEST_1002,1.783893492809053
T2,73260,F0,RAW,S0,variogram,2024-10-02,T2_TEST_1002,24965.479404364865
T2,73260,F0,RAW,S0,variogram_normalized,2024-10-02,T2_TEST_1002,0.09226014819431609
T2,73260,F0,RAW,S0,Brier,2024-10-02,T2_TEST_1002,0.0
T2,73260,F0,RAW,S0,marginal_CRPS_normalized,2024-10-02,T2_TEST_1002,0.21499865134613277
T2,73260,F1,RAW,S0,sum_CRPS_normalized,2024-10-02,T2_TEST_1002,0.04792666789544867
T2,73260,F1,RAW,S0,sum_CRPS_Wh,2024-10-02,T2_TEST_1002,311253.4970770505
T2,73260,F1,RAW,S0,energy,2024-10-02,T2_TEST_1002,1.781998503606062
T2,73260,F1,RAW,S0,variogram,2024-10-02,T2_TEST_1002,25408.124800416106
T2,73260,F1,RAW,S0,variogram_normalized,2024-10-02,T2_TEST_1002,0.09389594813934254
T2,73260,F1,RAW,S0,Brier,2024-10-02,T2_TEST_1002,0.0034332275390625
T2,73260,F1,RAW,S0,marginal_CRPS_normalized,2024-10-02,T2_TEST_1002,0.21499865134613277
T2,73260,F2,RAW,S0,sum_CRPS_normalized,2024-10-02,T2_TEST_1002,0.05139888304119812
T2,73260,F2,RAW,S0,sum_CRPS_Wh,2024-10-02,T2_TEST_1002,333803.3457140564
T2,73260,F2,RAW,S0,energy,2024-10-02,T2_TEST_1002,1.7742970843649977
T2,73260,F2,RAW,S0,variogram,2024-10-02,T2_TEST_1002,24822.85106036105
T2,73260,F2,RAW,S0,variogram_normalized,2024-10-02,T2_TEST_1002,0.09173306389758108
T2,73260,F2,RAW,S0,Brier,2024-10-02,T2_TEST_1002,6.103515625e-05
T2,73260,F2,RAW,S0,marginal_CRPS_normalized,2024-10-02,T2_TEST_1002,0.21499865134613277
T2,73260,F3,RAW,S0,sum_CRPS_normalized,2024-10-02,T2_TEST_1002,0.05520706263617252
T2,73260,F3,RAW,S0,sum_CRPS_Wh,2024-10-02,T2_TEST_1002,358535.071671283
T2,73260,F3,RAW,S0,energy,2024-10-02,T2_TEST_1002,1.7900063149535657
T2,73260,F3,RAW,S0,variogram,2024-10-02,T2_TEST_1002,24980.166194040412
T2,73260,F3,RAW,S0,variogram_normalized,2024-10-02,T2_TEST_1002,0.09231442335442888
T2,73260,F3,RAW,S0,Brier,2024-10-02,T2_TEST_1002,0.0
T2,73260,F3,RAW,S0,marginal_CRPS_normalized,2024-10-02,T2_TEST_1002,0.21499865134613277
T2,73260,F0,RAW,S0,sum_CRPS_normalized,2024-10-03,T2_TEST_1003,0.16679191050885528
T2,73260,F0,RAW,S0,sum_CRPS_Wh,2024-10-03,T2_TEST_1003,1083208.32033002
T2,73260,F0,RAW,S0,energy,2024-10-03,T2_TEST_1003,1.6075810830002064
T2,73260,F0,RAW,S0,variogram,2024-10-03,T2_TEST_1003,20196.16524923663
T2,73260,F0,RAW,S0,variogram_normalized,2024-10-03,T2_TEST_1003,0.07463510588647843
T2,73260,F0,RAW,S0,Brier,2024-10-03,T2_TEST_1003,0.0952301025390625
T2,73260,F0,RAW,S0,marginal_CRPS_normalized,2024-10-03,T2_TEST_1003,0.18986642371023033
T2,73260,F1,RAW,S0,sum_CRPS_normalized,2024-10-03,T2_TEST_1003,0.14254582291922346
T2,73260,F1,RAW,S0,sum_CRPS_Wh,2024-10-03,T2_TEST_1003,925745.2651230036
T2,73260,F1,RAW,S0,energy,2024-10-03,T2_TEST_1003,1.5808975122641429
T2,73260,F1,RAW,S0,variogram,2024-10-03,T2_TEST_1003,19853.49809828096
T2,73260,F1,RAW,S0,variogram_normalized,2024-10-03,T2_TEST_1003,0.0733687764234453
T2,73260,F1,RAW,S0,Brier,2024-10-03,T2_TEST_1003,0.1618804931640625
T2,73260,F1,RAW,S0,marginal_CRPS_normalized,2024-10-03,T2_TEST_1003,0.18986642371023027
T2,73260,F2,RAW,S0,sum_CRPS_normalized,2024-10-03,T2_TEST_1003,0.1569968275445084
T2,73260,F2,RAW,S0,sum_CRPS_Wh,2024-10-03,T2_TEST_1003,1019595.4308743286
T2,73260,F2,RAW,S0,energy,2024-10-03,T2_TEST_1003,1.6049445250762406
T2,73260,F2,RAW,S0,variogram,2024-10-03,T2_TEST_1003,19990.78926760405
T2,73260,F2,RAW,S0,variogram_normalized,2024-10-03,T2_TEST_1003,0.07387613714431752
T2,73260,F2,RAW,S0,Brier,2024-10-03,T2_TEST_1003,0.1102447509765625
T2,73260,F2,RAW,S0,marginal_CRPS_normalized,2024-10-03,T2_TEST_1003,0.18986642371023021
T2,73260,F3,RAW,S0,sum_CRPS_normalized,2024-10-03,T2_TEST_1003,0.14559536067162332
T2,73260,F3,RAW,S0,sum_CRPS_Wh,2024-10-03,T2_TEST_1003,945550.0905277985
T2,73260,F3,RAW,S0,energy,2024-10-03,T2_TEST_1003,1.627294207296797
T2,73260,F3,RAW,S0,variogram,2024-10-03,T2_TEST_1003,20084.4262793791
T2,73260,F3,RAW,S0,variogram_normalized,2024-10-03,T2_TEST_1003,0.07422217354293474
T2,73260,F3,RAW,S0,Brier,2024-10-03,T2_TEST_1003,0.1682281494140625
T2,73260,F3,RAW,S0,marginal_CRPS_normalized,2024-10-03,T2_TEST_1003,0.18986642371023027
T2,73260,F0,RAW,S0,sum_CRPS_normalized,2024-10-04,T2_TEST_1004,0.02911617974751614
T2,73260,F0,RAW,S0,sum_CRPS_Wh,2024-10-04,T2_TEST_1004,189091.2338764742
T2,73260,F0,RAW,S0,energy,2024-10-04,T2_TEST_1004,0.7431318216635404
T2,73260,F0,RAW,S0,variogram,2024-10-04,T2_TEST_1004,11418.618621284495
T2,73260,F0,RAW,S0,variogram_normalized,2024-10-04,T2_TEST_1004,0.042197605305744616
T2,73260,F0,RAW,S0,Brier,2024-10-04,T2_TEST_1004,0.0
T2,73260,F0,RAW,S0,marginal_CRPS_normalized,2024-10-04,T2_TEST_1004,0.13118516967216887
T2,73260,F1,RAW,S0,sum_CRPS_normalized,2024-10-04,T2_TEST_1004,0.033347374924907226
T2,73260,F1,RAW,S0,sum_CRPS_Wh,2024-10-04,T2_TEST_1004,216570.1793907229
T2,73260,F1,RAW,S0,energy,2024-10-04,T2_TEST_1004,0.7389994682503688
T2,73260,F1,RAW,S0,variogram,2024-10-04,T2_TEST_1004,10785.664045572274
T2,73260,F1,RAW,S0,variogram_normalized,2024-10-04,T2_TEST_1004,0.03985851611744446
T2,73260,F1,RAW,S0,Brier,2024-10-04,T2_TEST_1004,0.0
T2,73260,F1,RAW,S0,marginal_CRPS_normalized,2024-10-04,T2_TEST_1004,0.13118516967216887
T2,73260,F2,RAW,S0,sum_CRPS_normalized,2024-10-04,T2_TEST_1004,0.029241065304560585
T2,73260,F2,RAW,S0,sum_CRPS_Wh,2024-10-04,T2_TEST_1004,189902.28684701025
T2,73260,F2,RAW,S0,energy,2024-10-04,T2_TEST_1004,0.743952684928111
T2,73260,F2,RAW,S0,variogram,2024-10-04,T2_TEST_1004,11129.85953152647
T2,73260,F2,RAW,S0,variogram_normalized,2024-10-04,T2_TEST_1004,0.041130493555874774
T2,73260,F2,RAW,S0,Brier,2024-10-04,T2_TEST_1004,0.0
T2,73260,F2,RAW,S0,marginal_CRPS_normalized,2024-10-04,T2_TEST_1004,0.1311851696721689
T2,73260,F3,RAW,S0,sum_CRPS_normalized,2024-10-04,T2_TEST_1004,0.03501809085450349
T2,73260,F3,RAW,S0,sum_CRPS_Wh,2024-10-04,T2_TEST_1004,227420.42620620318
T2,73260,F3,RAW,S0,energy,2024-10-04,T2_TEST_1004,0.7501632255228399
T2,73260,F3,RAW,S0,variogram,2024-10-04,T2_TEST_1004,10837.38192922002
T2,73260,F3,RAW,S0,variogram_normalized,2024-10-04,T2_TEST_1004,0.04004964001025476
T2,73260,F3,RAW,S0,Brier,2024-10-04,T2_TEST_1004,0.0
T2,73260,F3,RAW,S0,marginal_CRPS_normalized,2024-10-04,T2_TEST_1004,0.1311851696721689
T2,73260,F0,RAW,S0,sum_CRPS_normalized,2024-10-05,T2_TEST_1005,0.00935566155084329
T2,73260,F0,RAW,S0,sum_CRPS_Wh,2024-10-05,T2_TEST_1005,60759.12436728802
T2,73260,F0,RAW,S0,energy,2024-10-05,T2_TEST_1005,0.44931794880737175
T2,73260,F0,RAW,S0,variogram,2024-10-05,T2_TEST_1005,4889.223228103394
T2,73260,F0,RAW,S0,variogram_normalized,2024-10-05,T2_TEST_1005,0.01806816733913976
T2,73260,F0,RAW,S0,Brier,2024-10-05,T2_TEST_1005,0.0
T2,73260,F0,RAW,S0,marginal_CRPS_normalized,2024-10-05,T2_TEST_1005,0.06116317279890769
T2,73260,F1,RAW,S0,sum_CRPS_normalized,2024-10-05,T2_TEST_1005,0.016797702960171686
T2,73260,F1,RAW,S0,sum_CRPS_Wh,2024-10-05,T2_TEST_1005,109090.4921790206
T2,73260,F1,RAW,S0,energy,2024-10-05,T2_TEST_1005,0.4484113988593821
T2,73260,F1,RAW,S0,variogram,2024-10-05,T2_TEST_1005,4681.106279719406
T2,73260,F1,RAW,S0,variogram_normalized,2024-10-05,T2_TEST_1005,0.017299069330298858
T2,73260,F1,RAW,S0,Brier,2024-10-05,T2_TEST_1005,0.0
T2,73260,F1,RAW,S0,marginal_CRPS_normalized,2024-10-05,T2_TEST_1005,0.06116317279890772
T2,73260,F2,RAW,S0,sum_CRPS_normalized,2024-10-05,T2_TEST_1005,0.01382176567313187
T2,73260,F2,RAW,S0,sum_CRPS_Wh,2024-10-05,T2_TEST_1005,89763.65540218103
T2,73260,F2,RAW,S0,energy,2024-10-05,T2_TEST_1005,0.4494756588840232
T2,73260,F2,RAW,S0,variogram,2024-10-05,T2_TEST_1005,4656.599576371656
T2,73260,F2,RAW,S0,variogram_normalized,2024-10-05,T2_TEST_1005,0.01720850459304722
T2,73260,F2,RAW,S0,Brier,2024-10-05,T2_TEST_1005,0.0
T2,73260,F2,RAW,S0,marginal_CRPS_normalized,2024-10-05,T2_TEST_1005,0.06116317279890769
T2,73260,F3,RAW,S0,sum_CRPS_normalized,2024-10-05,T2_TEST_1005,0.015379687392681064
T2,73260,F3,RAW,S0,sum_CRPS_Wh,2024-10-05,T2_TEST_1005,99881.37492400967
T2,73260,F3,RAW,S0,energy,2024-10-05,T2_TEST_1005,0.4568074365628255
T2,73260,F3,RAW,S0,variogram,2024-10-05,T2_TEST_1005,4398.590230748764
T2,73260,F3,RAW,S0,variogram_normalized,2024-10-05,T2_TEST_1005,0.016255028792437325
T2,73260,F3,RAW,S0,Brier,2024-10-05,T2_TEST_1005,0.0
T2,73260,F3,RAW,S0,marginal_CRPS_normalized,2024-10-05,T2_TEST_1005,0.06116317279890769
T2,73260,F0,RAW,S0,sum_CRPS_normalized,2024-10-06,T2_TEST_1006,0.031839170789821604
T2,73260,F0,RAW,S0,sum_CRPS_Wh,2024-10-06,T2_TEST_1006,206775.34424016473
T2,73260,F0,RAW,S0,energy,2024-10-06,T2_TEST_1006,0.8211849267576499
T2,73260,F0,RAW,S0,variogram,2024-10-06,T2_TEST_1006,8895.402172948045
T2,73260,F0,RAW,S0,variogram_normalized,2024-10-06,T2_TEST_1006,0.03287303678137026
T2,73260,F0,RAW,S0,Brier,2024-10-06,T2_TEST_1006,0.0
T2,73260,F0,RAW,S0,marginal_CRPS_normalized,2024-10-06,T2_TEST_1006,0.12160279386312833
T2,73260,F1,RAW,S0,sum_CRPS_normalized,2024-10-06,T2_TEST_1006,0.032268194851461277
T2,73260,F1,RAW,S0,sum_CRPS_Wh,2024-10-06,T2_TEST_1006,209561.58508225402
T2,73260,F1,RAW,S0,energy,2024-10-06,T2_TEST_1006,0.8253977372648795
T2,73260,F1,RAW,S0,variogram,2024-10-06,T2_TEST_1006,8873.341960604677
T2,73260,F1,RAW,S0,variogram_normalized,2024-10-06,T2_TEST_1006,0.03279151307309165
T2,73260,F1,RAW,S0,Brier,2024-10-06,T2_TEST_1006,0.0
T2,73260,F1,RAW,S0,marginal_CRPS_normalized,2024-10-06,T2_TEST_1006,0.12160279386312836
T2,73260,F2,RAW,S0,sum_CRPS_normalized,2024-10-06,T2_TEST_1006,0.030669833478860594
T2,73260,F2,RAW,S0,sum_CRPS_Wh,2024-10-06,T2_TEST_1006,199181.23550526868
T2,73260,F2,RAW,S0,energy,2024-10-06,T2_TEST_1006,0.8220185506384021
T2,73260,F2,RAW,S0,variogram,2024-10-06,T2_TEST_1006,8828.591967742515
T2,73260,F2,RAW,S0,variogram_normalized,2024-10-06,T2_TEST_1006,0.03262613908181809
T2,73260,F2,RAW,S0,Brier,2024-10-06,T2_TEST_1006,0.0
T2,73260,F2,RAW,S0,marginal_CRPS_normalized,2024-10-06,T2_TEST_1006,0.12160279386312836
T2,73260,F3,RAW,S0,sum_CRPS_normalized,2024-10-06,T2_TEST_1006,0.028843119213260295
T2,73260,F3,RAW,S0,sum_CRPS_Wh,2024-10-06,T2_TEST_1006,187317.87783206347
T2,73260,F3,RAW,S0,energy,2024-10-06,T2_TEST_1006,0.8423658528674941
T2,73260,F3,RAW,S0,variogram,2024-10-06,T2_TEST_1006,8788.974012043816
T2,73260,F3,RAW,S0,variogram_normalized,2024-10-06,T2_TEST_1006,0.032479730578912326
T2,73260,F3,RAW,S0,Brier,2024-10-06,T2_TEST_1006,0.0
T2,73260,F3,RAW,S0,marginal_CRPS_normalized,2024-10-06,T2_TEST_1006,0.12160279386312833
T2,73260,F0,RAW,S0,sum_CRPS_normalized,2024-10-07,T2_TEST_1007,0.10637802252266314
T2,73260,F0,RAW,S0,sum_CRPS_Wh,2024-10-07,T2_TEST_1007,690858.2001684383
T2,73260,F0,RAW,S0,energy,2024-10-07,T2_TEST_1007,1.2265808200546802
T2,73260,F0,RAW,S0,variogram,2024-10-07,T2_TEST_1007,12690.474323560094
T2,73260,F0,RAW,S0,variogram_normalized,2024-10-07,T2_TEST_1007,0.046897759213192405
T2,73260,F0,RAW,S0,Brier,2024-10-07,T2_TEST_1007,0.8570709228515625
T2,73260,F0,RAW,S0,marginal_CRPS_normalized,2024-10-07,T2_TEST_1007,0.14459710748684823
T2,73260,F1,RAW,S0,sum_CRPS_normalized,2024-10-07,T2_TEST_1007,0.0874090887776565
T2,73260,F1,RAW,S0,sum_CRPS_Wh,2024-10-07,T2_TEST_1007,567666.9326921348
T2,73260,F1,RAW,S0,energy,2024-10-07,T2_TEST_1007,1.2111121762932038
T2,73260,F1,RAW,S0,variogram,2024-10-07,T2_TEST_1007,12749.569189942962
T2,73260,F1,RAW,S0,variogram_normalized,2024-10-07,T2_TEST_1007,0.04711614481042846
T2,73260,F1,RAW,S0,Brier,2024-10-07,T2_TEST_1007,0.635009765625
T2,73260,F1,RAW,S0,marginal_CRPS_normalized,2024-10-07,T2_TEST_1007,0.14459710748684826
T2,73260,F2,RAW,S0,sum_CRPS_normalized,2024-10-07,T2_TEST_1007,0.09660891143363594
T2,73260,F2,RAW,S0,sum_CRPS_Wh,2024-10-07,T2_TEST_1007,627413.9816713985
T2,73260,F2,RAW,S0,energy,2024-10-07,T2_TEST_1007,1.2203717245709056
T2,73260,F2,RAW,S0,variogram,2024-10-07,T2_TEST_1007,12589.993341627067
T2,73260,F2,RAW,S0,variogram_normalized,2024-10-07,T2_TEST_1007,0.04652643086280508
T2,73260,F2,RAW,S0,Brier,2024-10-07,T2_TEST_1007,0.7862701416015625
T2,73260,F2,RAW,S0,marginal_CRPS_normalized,2024-10-07,T2_TEST_1007,0.14459710748684823
T2,73260,F3,RAW,S0,sum_CRPS_normalized,2024-10-07,T2_TEST_1007,0.09283137167667742
T2,73260,F3,RAW,S0,sum_CRPS_Wh,2024-10-07,T2_TEST_1007,602881.2421480529
T2,73260,F3,RAW,S0,energy,2024-10-07,T2_TEST_1007,1.248479000157986
T2,73260,F3,RAW,S0,variogram,2024-10-07,T2_TEST_1007,13054.973403839775
T2,73260,F3,RAW,S0,variogram_normalized,2024-10-07,T2_TEST_1007,0.048244768762603085
T2,73260,F3,RAW,S0,Brier,2024-10-07,T2_TEST_1007,0.8283843994140625
T2,73260,F3,RAW,S0,marginal_CRPS_normalized,2024-10-07,T2_TEST_1007,0.14459710748684826
T2,73260,F0,RAW,S0,sum_CRPS_normalized,2024-10-08,T2_TEST_1008,0.03125394864776693
T2,73260,F0,RAW,S0,sum_CRPS_Wh,2024-10-08,T2_TEST_1008,202974.6953263115
T2,73260,F0,RAW,S0,energy,2024-10-08,T2_TEST_1008,0.48511500735691937
T2,73260,F0,RAW,S0,variogram,2024-10-08,T2_TEST_1008,4209.885796288091
T2,73260,F0,RAW,S0,variogram_normalized,2024-10-08,T2_TEST_1008,0.01555766989913194
T2,73260,F0,RAW,S0,Brier,2024-10-08,T2_TEST_1008,0.1435699462890625
T2,73260,F0,RAW,S0,marginal_CRPS_normalized,2024-10-08,T2_TEST_1008,0.07929890256223324
T2,73260,F1,RAW,S0,sum_CRPS_normalized,2024-10-08,T2_TEST_1008,0.027845578852858783
T2,73260,F1,RAW,S0,sum_CRPS_Wh,2024-10-08,T2_TEST_1008,180839.48199766502
T2,73260,F1,RAW,S0,energy,2024-10-08,T2_TEST_1008,0.4819512409205551
T2,73260,F1,RAW,S0,variogram,2024-10-08,T2_TEST_1008,3878.795880841979
T2,73260,F1,RAW,S0,variogram_normalized,2024-10-08,T2_TEST_1008,0.01433412421150692
T2,73260,F1,RAW,S0,Brier,2024-10-08,T2_TEST_1008,0.1812896728515625
T2,73260,F1,RAW,S0,marginal_CRPS_normalized,2024-10-08,T2_TEST_1008,0.07929890256223321
T2,73260,F2,RAW,S0,sum_CRPS_normalized,2024-10-08,T2_TEST_1008,0.028984366332805427
T2,73260,F2,RAW,S0,sum_CRPS_Wh,2024-10-08,T2_TEST_1008,188235.18883741833
T2,73260,F2,RAW,S0,energy,2024-10-08,T2_TEST_1008,0.4820537874534283
T2,73260,F2,RAW,S0,variogram,2024-10-08,T2_TEST_1008,4039.4955202458887
T2,73260,F2,RAW,S0,variogram_normalized,2024-10-08,T2_TEST_1008,0.014927991138956577
T2,73260,F2,RAW,S0,Brier,2024-10-08,T2_TEST_1008,0.1650390625
T2,73260,F2,RAW,S0,marginal_CRPS_normalized,2024-10-08,T2_TEST_1008,0.0792989025622332
T2,73260,F3,RAW,S0,sum_CRPS_normalized,2024-10-08,T2_TEST_1008,0.032548175607117556
T2,73260,F3,RAW,S0,sum_CRPS_Wh,2024-10-08,T2_TEST_1008,211379.88360245153
T2,73260,F3,RAW,S0,energy,2024-10-08,T2_TEST_1008,0.4957906069209699
T2,73260,F3,RAW,S0,variogram,2024-10-08,T2_TEST_1008,3806.769028870009
T2,73260,F3,RAW,S0,variogram_normalized,2024-10-08,T2_TEST_1008,0.01406794834805676
T2,73260,F3,RAW,S0,Brier,2024-10-08,T2_TEST_1008,0.2197265625
T2,73260,F3,RAW,S0,marginal_CRPS_normalized,2024-10-08,T2_TEST_1008,0.07929890256223322
T2,73260,F0,RAW,S0,sum_CRPS_normalized,2024-10-09,T2_TEST_1009,0.03394326914001944
T2,73260,F0,RAW,S0,sum_CRPS_Wh,2024-10-09,T2_TEST_1009,220440.13669187034
T2,73260,F0,RAW,S0,energy,2024-10-09,T2_TEST_1009,0.5595926413472861
T2,73260,F0,RAW,S0,variogram,2024-10-09,T2_TEST_1009,6111.008650255644
T2,73260,F0,RAW,S0,variogram_normalized,2024-10-09,T2_TEST_1009,0.022583286087058285
T2,73260,F0,RAW,S0,Brier,2024-10-09,T2_TEST_1009,0.0001373291015625
T2,73260,F0,RAW,S0,marginal_CRPS_normalized,2024-10-09,T2_TEST_1009,0.08287073158189526
T2,73260,F1,RAW,S0,sum_CRPS_normalized,2024-10-09,T2_TEST_1009,0.031573530494591454
T2,73260,F1,RAW,S0,sum_CRPS_Wh,2024-10-09,T2_TEST_1009,205050.17797082732
T2,73260,F1,RAW,S0,energy,2024-10-09,T2_TEST_1009,0.556009114865389
T2,73260,F1,RAW,S0,variogram,2024-10-09,T2_TEST_1009,5485.343111870196
T2,73260,F1,RAW,S0,variogram_normalized,2024-10-09,T2_TEST_1009,0.02027113360015568
T2,73260,F1,RAW,S0,Brier,2024-10-09,T2_TEST_1009,0.0067291259765625
T2,73260,F1,RAW,S0,marginal_CRPS_normalized,2024-10-09,T2_TEST_1009,0.08287073158189524
T2,73260,F2,RAW,S0,sum_CRPS_normalized,2024-10-09,T2_TEST_1009,0.030282790987216136
T2,73260,F2,RAW,S0,sum_CRPS_Wh,2024-10-09,T2_TEST_1009,196667.63849692768
T2,73260,F2,RAW,S0,energy,2024-10-09,T2_TEST_1009,0.5574301568271866
T2,73260,F2,RAW,S0,variogram,2024-10-09,T2_TEST_1009,6003.736619253688
T2,73260,F2,RAW,S0,variogram_normalized,2024-10-09,T2_TEST_1009,0.022186861355249797
T2,73260,F2,RAW,S0,Brier,2024-10-09,T2_TEST_1009,0.0001373291015625
T2,73260,F2,RAW,S0,marginal_CRPS_normalized,2024-10-09,T2_TEST_1009,0.08287073158189527
T2,73260,F3,RAW,S0,sum_CRPS_normalized,2024-10-09,T2_TEST_1009,0.038364716250691946
T2,73260,F3,RAW,S0,sum_CRPS_Wh,2024-10-09,T2_TEST_1009,249154.64858617057
T2,73260,F3,RAW,S0,energy,2024-10-09,T2_TEST_1009,0.5647520661882037
T2,73260,F3,RAW,S0,variogram,2024-10-09,T2_TEST_1009,5592.451770413352
T2,73260,F3,RAW,S0,variogram_normalized,2024-10-09,T2_TEST_1009,0.020666954587609192
T2,73260,F3,RAW,S0,Brier,2024-10-09,T2_TEST_1009,6.103515625e-05
T2,73260,F3,RAW,S0,marginal_CRPS_normalized,2024-10-09,T2_TEST_1009,0.08287073158189526
T2,73260,F0,RAW,S0,sum_CRPS_normalized,2024-10-10,T2_TEST_1010,0.03669075497246502
T2,73260,F0,RAW,S0,sum_CRPS_Wh,2024-10-10,T2_TEST_1010,238283.3252770619
T2,73260,F0,RAW,S0,energy,2024-10-10,T2_TEST_1010,0.6706164974913738
T2,73260,F0,RAW,S0,variogram,2024-10-10,T2_TEST_1010,4863.994443481863
T2,73260,F0,RAW,S0,variogram_normalized,2024-10-10,T2_TEST_1010,0.017974934144205076
T2,73260,F0,RAW,S0,Brier,2024-10-10,T2_TEST_1010,0.00390625
T2,73260,F0,RAW,S0,marginal_CRPS_normalized,2024-10-10,T2_TEST_1010,0.09679494685786513
T2,73260,F1,RAW,S0,sum_CRPS_normalized,2024-10-10,T2_TEST_1010,0.03656825766172806
T2,73260,F1,RAW,S0,sum_CRPS_Wh,2024-10-10,T2_TEST_1010,237487.78246084554
T2,73260,F1,RAW,S0,energy,2024-10-10,T2_TEST_1010,0.6676242412158164
T2,73260,F1,RAW,S0,variogram,2024-10-10,T2_TEST_1010,4744.985632436031
T2,73260,F1,RAW,S0,variogram_normalized,2024-10-10,T2_TEST_1010,0.017535136038762
T2,73260,F1,RAW,S0,Brier,2024-10-10,T2_TEST_1010,0.0232086181640625
T2,73260,F1,RAW,S0,marginal_CRPS_normalized,2024-10-10,T2_TEST_1010,0.09679494685786515
T2,73260,F2,RAW,S0,sum_CRPS_normalized,2024-10-10,T2_TEST_1010,0.03742768977396175
T2,73260,F2,RAW,S0,sum_CRPS_Wh,2024-10-10,T2_TEST_1010,243069.25228087563
T2,73260,F2,RAW,S0,energy,2024-10-10,T2_TEST_1010,0.6678900238727785
T2,73260,F2,RAW,S0,variogram,2024-10-10,T2_TEST_1010,4765.419205411037
T2,73260,F2,RAW,S0,variogram_normalized,2024-10-10,T2_TEST_1010,0.017610648486982156
T2,73260,F2,RAW,S0,Brier,2024-10-10,T2_TEST_1010,0.006103515625
T2,73260,F2,RAW,S0,marginal_CRPS_normalized,2024-10-10,T2_TEST_1010,0.09679494685786515
T2,73260,F3,RAW,S0,sum_CRPS_normalized,2024-10-10,T2_TEST_1010,0.034312772736726053
T2,73260,F3,RAW,S0,sum_CRPS_Wh,2024-10-10,T2_TEST_1010,222839.8296333528
T2,73260,F3,RAW,S0,energy,2024-10-10,T2_TEST_1010,0.6751247293799298
T2,73260,F3,RAW,S0,variogram,2024-10-10,T2_TEST_1010,4656.653223792021
T2,73260,F3,RAW,S0,variogram_normalized,2024-10-10,T2_TEST_1010,0.017208702847559897
T2,73260,F3,RAW,S0,Brier,2024-10-10,T2_TEST_1010,0.0034332275390625
T2,73260,F3,RAW,S0,marginal_CRPS_normalized,2024-10-10,T2_TEST_1010,0.09679494685786517
T2,73260,F0,RAW,S0,sum_CRPS_normalized,2024-10-11,T2_TEST_1011,0.18671311677655456
T2,73260,F0,RAW,S0,sum_CRPS_Wh,2024-10-11,T2_TEST_1011,1212583.997569695
T2,73260,F0,RAW,S0,energy,2024-10-11,T2_TEST_1011,1.5188334138431978
T2,73260,F0,RAW,S0,variogram,2024-10-11,T2_TEST_1011,19817.405463687704
T2,73260,F0,RAW,S0,variogram_normalized,2024-10-11,T2_TEST_1011,0.07323539577561704
T2,73260,F0,RAW,S0,Brier,2024-10-11,T2_TEST_1011,0.0396881103515625
T2,73260,F0,RAW,S0,marginal_CRPS_normalized,2024-10-11,T2_TEST_1011,0.20960213147899706
T2,73260,F1,RAW,S0,sum_CRPS_normalized,2024-10-11,T2_TEST_1011,0.16069916947356963
T2,73260,F1,RAW,S0,sum_CRPS_Wh,2024-10-11,T2_TEST_1011,1043639.807906948
T2,73260,F1,RAW,S0,energy,2024-10-11,T2_TEST_1011,1.4906301800213684
T2,73260,F1,RAW,S0,variogram,2024-10-11,T2_TEST_1011,19610.660612686126
T2,73260,F1,RAW,S0,variogram_normalized,2024-10-11,T2_TEST_1011,0.07247136836469208
T2,73260,F1,RAW,S0,Brier,2024-10-11,T2_TEST_1011,0.0904693603515625
T2,73260,F1,RAW,S0,marginal_CRPS_normalized,2024-10-11,T2_TEST_1011,0.20960213147899706
T2,73260,F2,RAW,S0,sum_CRPS_normalized,2024-10-11,T2_TEST_1011,0.17004504675518262
T2,73260,F2,RAW,S0,sum_CRPS_Wh,2024-10-11,T2_TEST_1011,1104335.3896131665
T2,73260,F2,RAW,S0,energy,2024-10-11,T2_TEST_1011,1.5087556770352248
T2,73260,F2,RAW,S0,variogram,2024-10-11,T2_TEST_1011,19649.992882722327
T2,73260,F2,RAW,S0,variogram_normalized,2024-10-11,T2_TEST_1011,0.07261672111372539
T2,73260,F2,RAW,S0,Brier,2024-10-11,T2_TEST_1011,0.06646728515625
T2,73260,F2,RAW,S0,marginal_CRPS_normalized,2024-10-11,T2_TEST_1011,0.20960213147899706
T2,73260,F3,RAW,S0,sum_CRPS_normalized,2024-10-11,T2_TEST_1011,0.16760524770355628
T2,73260,F3,RAW,S0,sum_CRPS_Wh,2024-10-11,T2_TEST_1011,1088490.4327169228
T2,73260,F3,RAW,S0,energy,2024-10-11,T2_TEST_1011,1.5394616777453158
T2,73260,F3,RAW,S0,variogram,2024-10-11,T2_TEST_1011,19639.18697825011
T2,73260,F3,RAW,S0,variogram_normalized,2024-10-11,T2_TEST_1011,0.07257678779893367
T2,73260,F3,RAW,S0,Brier,2024-10-11,T2_TEST_1011,0.05865478515625
T2,73260,F3,RAW,S0,marginal_CRPS_normalized,2024-10-11,T2_TEST_1011,0.20960213147899706
T2,73260,F0,RAW,S0,sum_CRPS_normalized,2024-10-12,T2_TEST_1012,0.18933162701513678
T2,73260,F0,RAW,S0,sum_CRPS_Wh,2024-10-12,T2_TEST_1012,1229589.5709733944
T2,73260,F0,RAW,S0,energy,2024-10-12,T2_TEST_1012,1.765744223349377
T2,73260,F0,RAW,S0,variogram,2024-10-12,T2_TEST_1012,23042.466250707665
T2,73260,F0,RAW,S0,variogram_normalized,2024-10-12,T2_TEST_1012,0.08515363621181382
T2,73260,F0,RAW,S0,Brier,2024-10-12,T2_TEST_1012,0.0
T2,73260,F0,RAW,S0,marginal_CRPS_normalized,2024-10-12,T2_TEST_1012,0.24100721978254552
T2,73260,F1,RAW,S0,sum_CRPS_normalized,2024-10-12,T2_TEST_1012,0.1568057904586821
T2,73260,F1,RAW,S0,sum_CRPS_Wh,2024-10-12,T2_TEST_1012,1018354.7654234245
T2,73260,F1,RAW,S0,energy,2024-10-12,T2_TEST_1012,1.7433544695936833
T2,73260,F1,RAW,S0,variogram,2024-10-12,T2_TEST_1012,21297.031034422336
T2,73260,F1,RAW,S0,variogram_normalized,2024-10-12,T2_TEST_1012,0.07870336505499766
T2,73260,F1,RAW,S0,Brier,2024-10-12,T2_TEST_1012,0.0
T2,73260,F1,RAW,S0,marginal_CRPS_normalized,2024-10-12,T2_TEST_1012,0.24100721978254552
T2,73260,F2,RAW,S0,sum_CRPS_normalized,2024-10-12,T2_TEST_1012,0.16209810966168053
T2,73260,F2,RAW,S0,sum_CRPS_Wh,2024-10-12,T2_TEST_1012,1052725.042597184
T2,73260,F2,RAW,S0,energy,2024-10-12,T2_TEST_1012,1.7629705105468179
T2,73260,F2,RAW,S0,variogram,2024-10-12,T2_TEST_1012,21922.744757733064
T2,73260,F2,RAW,S0,variogram_normalized,2024-10-12,T2_TEST_1012,0.08101569560971443
T2,73260,F2,RAW,S0,Brier,2024-10-12,T2_TEST_1012,0.0
T2,73260,F2,RAW,S0,marginal_CRPS_normalized,2024-10-12,T2_TEST_1012,0.2410072197825455
T2,73260,F3,RAW,S0,sum_CRPS_normalized,2024-10-12,T2_TEST_1012,0.14865864966186174
T2,73260,F3,RAW,S0,sum_CRPS_Wh,2024-10-12,T2_TEST_1012,965444.2215541676
T2,73260,F3,RAW,S0,energy,2024-10-12,T2_TEST_1012,1.7649418525038891
T2,73260,F3,RAW,S0,variogram,2024-10-12,T2_TEST_1012,21079.147118600693
T2,73260,F3,RAW,S0,variogram_normalized,2024-10-12,T2_TEST_1012,0.07789817313229226
T2,73260,F3,RAW,S0,Brier,2024-10-12,T2_TEST_1012,0.0
T2,73260,F3,RAW,S0,marginal_CRPS_normalized,2024-10-12,T2_TEST_1012,0.2410072197825455
T2,73260,F0,RAW,S0,sum_CRPS_normalized,2024-10-13,T2_TEST_1013,0.020303525508670293
T2,73260,F0,RAW,S0,sum_CRPS_Wh,2024-10-13,T2_TEST_1013,131858.59971222538
T2,73260,F0,RAW,S0,energy,2024-10-13,T2_TEST_1013,0.6398590806270352
T2,73260,F0,RAW,S0,variogram,2024-10-13,T2_TEST_1013,6107.14088596873
T2,73260,F0,RAW,S0,variogram_normalized,2024-10-13,T2_TEST_1013,0.022568992730198936
T2,73260,F0,RAW,S0,Brier,2024-10-13,T2_TEST_1013,0.0
T2,73260,F0,RAW,S0,marginal_CRPS_normalized,2024-10-13,T2_TEST_1013,0.09126211309112099
T2,73260,F1,RAW,S0,sum_CRPS_normalized,2024-10-13,T2_TEST_1013,0.028988175449629543
T2,73260,F1,RAW,S0,sum_CRPS_Wh,2024-10-13,T2_TEST_1013,188259.92665008805
T2,73260,F1,RAW,S0,energy,2024-10-13,T2_TEST_1013,0.6300333258482281
T2,73260,F1,RAW,S0,variogram,2024-10-13,T2_TEST_1013,5566.305011708334
T2,73260,F1,RAW,S0,variogram_normalized,2024-10-13,T2_TEST_1013,0.02057032901139437
T2,73260,F1,RAW,S0,Brier,2024-10-13,T2_TEST_1013,0.0
T2,73260,F1,RAW,S0,marginal_CRPS_normalized,2024-10-13,T2_TEST_1013,0.09126211309112099
T2,73260,F2,RAW,S0,sum_CRPS_normalized,2024-10-13,T2_TEST_1013,0.02510056242685804
T2,73260,F2,RAW,S0,sum_CRPS_Wh,2024-10-13,T2_TEST_1013,163012.33065072534
T2,73260,F2,RAW,S0,energy,2024-10-13,T2_TEST_1013,0.6336711768891645
T2,73260,F2,RAW,S0,variogram,2024-10-13,T2_TEST_1013,6016.023731270206
T2,73260,F2,RAW,S0,variogram_normalized,2024-10-13,T2_TEST_1013,0.022232268485518077
T2,73260,F2,RAW,S0,Brier,2024-10-13,T2_TEST_1013,0.0
T2,73260,F2,RAW,S0,marginal_CRPS_normalized,2024-10-13,T2_TEST_1013,0.09126211309112098
T2,73260,F3,RAW,S0,sum_CRPS_normalized,2024-10-13,T2_TEST_1013,0.019796387415522674
T2,73260,F3,RAW,S0,sum_CRPS_Wh,2024-10-13,T2_TEST_1013,128565.0574752076
T2,73260,F3,RAW,S0,energy,2024-10-13,T2_TEST_1013,0.6517065554706066
T2,73260,F3,RAW,S0,variogram,2024-10-13,T2_TEST_1013,5912.1119157756375
T2,73260,F3,RAW,S0,variogram_normalized,2024-10-13,T2_TEST_1013,0.021848261459600796
T2,73260,F3,RAW,S0,Brier,2024-10-13,T2_TEST_1013,0.0
T2,73260,F3,RAW,S0,marginal_CRPS_normalized,2024-10-13,T2_TEST_1013,0.09126211309112099
T2,73260,F0,RAW,S0,sum_CRPS_normalized,2024-10-14,T2_TEST_1014,0.21659605140984328
T2,73260,F0,RAW,S0,sum_CRPS_Wh,2024-10-14,T2_TEST_1014,1406654.82110006
T2,73260,F0,RAW,S0,energy,2024-10-14,T2_TEST_1014,1.2093135200377119
T2,73260,F0,RAW,S0,variogram,2024-10-14,T2_TEST_1014,7618.362712937555
T2,73260,F0,RAW,S0,variogram_normalized,2024-10-14,T2_TEST_1014,0.028153726251729162
T2,73260,F0,RAW,S0,Brier,2024-10-14,T2_TEST_1014,0.0146636962890625
T2,73260,F0,RAW,S0,marginal_CRPS_normalized,2024-10-14,T2_TEST_1014,0.17884290841664421
T2,73260,F1,RAW,S0,sum_CRPS_normalized,2024-10-14,T2_TEST_1014,0.1854415476480073
T2,73260,F1,RAW,S0,sum_CRPS_Wh,2024-10-14,T2_TEST_1014,1204325.9576221039
T2,73260,F1,RAW,S0,energy,2024-10-14,T2_TEST_1014,1.18968917363248
T2,73260,F1,RAW,S0,variogram,2024-10-14,T2_TEST_1014,7532.075963459145
T2,73260,F1,RAW,S0,variogram_normalized,2024-10-14,T2_TEST_1014,0.027834852811922828
T2,73260,F1,RAW,S0,Brier,2024-10-14,T2_TEST_1014,0.0495758056640625
T2,73260,F1,RAW,S0,marginal_CRPS_normalized,2024-10-14,T2_TEST_1014,0.17884290841664424
T2,73260,F2,RAW,S0,sum_CRPS_normalized,2024-10-14,T2_TEST_1014,0.20086627793774398
T2,73260,F2,RAW,S0,sum_CRPS_Wh,2024-10-14,T2_TEST_1014,1304499.8577693906
T2,73260,F2,RAW,S0,energy,2024-10-14,T2_TEST_1014,1.2054603864880085
T2,73260,F2,RAW,S0,variogram,2024-10-14,T2_TEST_1014,7618.0764319499785
T2,73260,F2,RAW,S0,variogram_normalized,2024-10-14,T2_TEST_1014,0.028152668297827647
T2,73260,F2,RAW,S0,Brier,2024-10-14,T2_TEST_1014,0.015625
T2,73260,F2,RAW,S0,marginal_CRPS_normalized,2024-10-14,T2_TEST_1014,0.17884290841664424
T2,73260,F3,RAW,S0,sum_CRPS_normalized,2024-10-14,T2_TEST_1014,0.19079839311599991
T2,73260,F3,RAW,S0,sum_CRPS_Wh,2024-10-14,T2_TEST_1014,1239115.2922124267
T2,73260,F3,RAW,S0,energy,2024-10-14,T2_TEST_1014,1.217458059685475
T2,73260,F3,RAW,S0,variogram,2024-10-14,T2_TEST_1014,7739.809198439157
T2,73260,F3,RAW,S0,variogram_normalized,2024-10-14,T2_TEST_1014,0.028602532804512505
T2,73260,F3,RAW,S0,Brier,2024-10-14,T2_TEST_1014,0.02691650390625
T2,73260,F3,RAW,S0,marginal_CRPS_normalized,2024-10-14,T2_TEST_1014,0.17884290841664424
T2,73260,F0,RAW,S0,sum_CRPS_normalized,2024-10-15,T2_TEST_1015,0.03252908698163219
T2,73260,F0,RAW,S0,sum_CRPS_Wh,2024-10-15,T2_TEST_1015,211255.9150125701
T2,73260,F0,RAW,S0,energy,2024-10-15,T2_TEST_1015,0.6852092051365191
T2,73260,F0,RAW,S0,variogram,2024-10-15,T2_TEST_1015,5352.109812743224
T2,73260,F0,RAW,S0,variogram_normalized,2024-10-15,T2_TEST_1015,0.019778768774198326
T2,73260,F0,RAW,S0,Brier,2024-10-15,T2_TEST_1015,0.0009765625
T2,73260,F0,RAW,S0,marginal_CRPS_normalized,2024-10-15,T2_TEST_1015,0.09645244410520844
T2,73260,F1,RAW,S0,sum_CRPS_normalized,2024-10-15,T2_TEST_1015,0.03656737844227996
T2,73260,F1,RAW,S0,sum_CRPS_Wh,2024-10-15,T2_TEST_1015,237482.07248475216
T2,73260,F1,RAW,S0,energy,2024-10-15,T2_TEST_1015,0.6736758164563499
T2,73260,F1,RAW,S0,variogram,2024-10-15,T2_TEST_1015,4681.394492224854
T2,73260,F1,RAW,S0,variogram_normalized,2024-10-15,T2_TEST_1015,0.017300134422141615
T2,73260,F1,RAW,S0,Brier,2024-10-15,T2_TEST_1015,0.0244140625
T2,73260,F1,RAW,S0,marginal_CRPS_normalized,2024-10-15,T2_TEST_1015,0.09645244410520848
T2,73260,F2,RAW,S0,sum_CRPS_normalized,2024-10-15,T2_TEST_1015,0.033700602744626794
T2,73260,F2,RAW,S0,sum_CRPS_Wh,2024-10-15,T2_TEST_1015,218864.17142022215
T2,73260,F2,RAW,S0,energy,2024-10-15,T2_TEST_1015,0.6851948031790851
T2,73260,F2,RAW,S0,variogram,2024-10-15,T2_TEST_1015,4940.739597071294
T2,73260,F2,RAW,S0,variogram_normalized,2024-10-15,T2_TEST_1015,0.018258546532682527
T2,73260,F2,RAW,S0,Brier,2024-10-15,T2_TEST_1015,0.0044097900390625
T2,73260,F2,RAW,S0,marginal_CRPS_normalized,2024-10-15,T2_TEST_1015,0.09645244410520847
T2,73260,F3,RAW,S0,sum_CRPS_normalized,2024-10-15,T2_TEST_1015,0.04041468196051963
T2,73260,F3,RAW,S0,sum_CRPS_Wh,2024-10-15,T2_TEST_1015,262467.88366155326
T2,73260,F3,RAW,S0,energy,2024-10-15,T2_TEST_1015,0.6918669870578291
T2,73260,F3,RAW,S0,variogram,2024-10-15,T2_TEST_1015,4385.743520565492
T2,73260,F3,RAW,S0,variogram_normalized,2024-10-15,T2_TEST_1015,0.0162075536622337
T2,73260,F3,RAW,S0,Brier,2024-10-15,T2_TEST_1015,0.0025787353515625
T2,73260,F3,RAW,S0,marginal_CRPS_normalized,2024-10-15,T2_TEST_1015,0.09645244410520848
T2,73260,F0,RAW,S0,sum_CRPS_normalized,2024-10-16,T2_TEST_1016,0.033649715888219196
T2,73260,F0,RAW,S0,sum_CRPS_Wh,2024-10-16,T2_TEST_1016,218533.69336473383
T2,73260,F0,RAW,S0,energy,2024-10-16,T2_TEST_1016,0.7142444927128554
T2,73260,F0,RAW,S0,variogram,2024-10-16,T2_TEST_1016,5577.543169963853
T2,73260,F0,RAW,S0,variogram_normalized,2024-10-16,T2_TEST_1016,0.02061185972383501
T2,73260,F0,RAW,S0,Brier,2024-10-16,T2_TEST_1016,0.2088775634765625
T2,73260,F0,RAW,S0,marginal_CRPS_normalized,2024-10-16,T2_TEST_1016,0.10082448742513335
T2,73260,F1,RAW,S0,sum_CRPS_normalized,2024-10-16,T2_TEST_1016,0.03804635070097258
T2,73260,F1,RAW,S0,sum_CRPS_Wh,2024-10-16,T2_TEST_1016,247087.0650246516
T2,73260,F1,RAW,S0,energy,2024-10-16,T2_TEST_1016,0.717757995778642
T2,73260,F1,RAW,S0,variogram,2024-10-16,T2_TEST_1016,5515.353948305496
T2,73260,F1,RAW,S0,variogram_normalized,2024-10-16,T2_TEST_1016,0.02038203890952747
T2,73260,F1,RAW,S0,Brier,2024-10-16,T2_TEST_1016,0.205322265625
T2,73260,F1,RAW,S0,marginal_CRPS_normalized,2024-10-16,T2_TEST_1016,0.1008244874251333
T2,73260,F2,RAW,S0,sum_CRPS_normalized,2024-10-16,T2_TEST_1016,0.0352374283104477
T2,73260,F2,RAW,S0,sum_CRPS_Wh,2024-10-16,T2_TEST_1016,228844.8847216908
T2,73260,F2,RAW,S0,energy,2024-10-16,T2_TEST_1016,0.7147308647645454
T2,73260,F2,RAW,S0,variogram,2024-10-16,T2_TEST_1016,5493.591665453032
T2,73260,F2,RAW,S0,variogram_normalized,2024-10-16,T2_TEST_1016,0.020301616202296625
T2,73260,F2,RAW,S0,Brier,2024-10-16,T2_TEST_1016,0.152587890625
T2,73260,F2,RAW,S0,marginal_CRPS_normalized,2024-10-16,T2_TEST_1016,0.10082448742513331
T2,73260,F3,RAW,S0,sum_CRPS_normalized,2024-10-16,T2_TEST_1016,0.03207015440522598
T2,73260,F3,RAW,S0,sum_CRPS_Wh,2024-10-16,T2_TEST_1016,208275.43722010963
T2,73260,F3,RAW,S0,energy,2024-10-16,T2_TEST_1016,0.7270559096223036
T2,73260,F3,RAW,S0,variogram,2024-10-16,T2_TEST_1016,5568.310782406213
T2,73260,F3,RAW,S0,variogram_normalized,2024-10-16,T2_TEST_1016,0.020577741354607687
T2,73260,F3,RAW,S0,Brier,2024-10-16,T2_TEST_1016,0.2197265625
T2,73260,F3,RAW,S0,marginal_CRPS_normalized,2024-10-16,T2_TEST_1016,0.10082448742513331
T2,73260,F0,RAW,S0,sum_CRPS_normalized,2024-10-17,T2_TEST_1017,0.020361407258757947
T2,73260,F0,RAW,S0,sum_CRPS_Wh,2024-10-17,T2_TEST_1017,132234.50519288646
T2,73260,F0,RAW,S0,energy,2024-10-17,T2_TEST_1017,0.6906014230380566
T2,73260,F0,RAW,S0,variogram,2024-10-17,T2_TEST_1017,5184.94822709819
T2,73260,F0,RAW,S0,variogram_normalized,2024-10-17,T2_TEST_1017,0.019161021667715307
T2,73260,F0,RAW,S0,Brier,2024-10-17,T2_TEST_1017,0.0003814697265625
T2,73260,F0,RAW,S0,marginal_CRPS_normalized,2024-10-17,T2_TEST_1017,0.10601374093296151
T2,73260,F1,RAW,S0,sum_CRPS_normalized,2024-10-17,T2_TEST_1017,0.0307508310953231
T2,73260,F1,RAW,S0,sum_CRPS_Wh,2024-10-17,T2_TEST_1017,199707.26396678947
T2,73260,F1,RAW,S0,energy,2024-10-17,T2_TEST_1017,0.697343962220168
T2,73260,F1,RAW,S0,variogram,2024-10-17,T2_TEST_1017,4822.870267947044
T2,73260,F1,RAW,S0,variogram_normalized,2024-10-17,T2_TEST_1017,0.017822959392678854
T2,73260,F1,RAW,S0,Brier,2024-10-17,T2_TEST_1017,0.01763916015625
T2,73260,F1,RAW,S0,marginal_CRPS_normalized,2024-10-17,T2_TEST_1017,0.10601374093296151
T2,73260,F2,RAW,S0,sum_CRPS_normalized,2024-10-17,T2_TEST_1017,0.023211352682499648
T2,73260,F2,RAW,S0,sum_CRPS_Wh,2024-10-17,T2_TEST_1017,150743.1042374401
T2,73260,F2,RAW,S0,energy,2024-10-17,T2_TEST_1017,0.6911541401536593
T2,73260,F2,RAW,S0,variogram,2024-10-17,T2_TEST_1017,4832.920505387653
T2,73260,F2,RAW,S0,variogram_normalized,2024-10-17,T2_TEST_1017,0.017860100133324775
T2,73260,F2,RAW,S0,Brier,2024-10-17,T2_TEST_1017,0.0009765625
T2,73260,F2,RAW,S0,marginal_CRPS_normalized,2024-10-17,T2_TEST_1017,0.10601374093296148
T2,73260,F3,RAW,S0,sum_CRPS_normalized,2024-10-17,T2_TEST_1017,0.027629881734104998
T2,73260,F3,RAW,S0,sum_CRPS_Wh,2024-10-17,T2_TEST_1017,179438.6651775177
T2,73260,F3,RAW,S0,energy,2024-10-17,T2_TEST_1017,0.7063681620118618
T2,73260,F3,RAW,S0,variogram,2024-10-17,T2_TEST_1017,4424.324541358135
T2,73260,F3,RAW,S0,variogram_normalized,2024-10-17,T2_TEST_1017,0.016350130163095725
T2,73260,F3,RAW,S0,Brier,2024-10-17,T2_TEST_1017,0.00152587890625
T2,73260,F3,RAW,S0,marginal_CRPS_normalized,2024-10-17,T2_TEST_1017,0.10601374093296151
T2,73260,F0,RAW,S0,sum_CRPS_normalized,2024-10-18,T2_TEST_1018,0.05514030000830584
T2,73260,F0,RAW,S0,sum_CRPS_Wh,2024-10-18,T2_TEST_1018,358101.49048756936
T2,73260,F0,RAW,S0,energy,2024-10-18,T2_TEST_1018,0.8502704771794548
T2,73260,F0,RAW,S0,variogram,2024-10-18,T2_TEST_1018,8229.951145826006
T2,73260,F0,RAW,S0,variogram_normalized,2024-10-18,T2_TEST_1018,0.03041385667175037
T2,73260,F0,RAW,S0,Brier,2024-10-18,T2_TEST_1018,0.0478515625
T2,73260,F0,RAW,S0,marginal_CRPS_normalized,2024-10-18,T2_TEST_1018,0.14731939243628764
T2,73260,F1,RAW,S0,sum_CRPS_normalized,2024-10-18,T2_TEST_1018,0.04883688099195934
T2,73260,F1,RAW,S0,sum_CRPS_Wh,2024-10-18,T2_TEST_1018,317164.7573798178
T2,73260,F1,RAW,S0,energy,2024-10-18,T2_TEST_1018,0.8458952085400899
T2,73260,F1,RAW,S0,variogram,2024-10-18,T2_TEST_1018,7905.2520274295175
T2,73260,F1,RAW,S0,variogram_normalized,2024-10-18,T2_TEST_1018,0.02921392823069723
T2,73260,F1,RAW,S0,Brier,2024-10-18,T2_TEST_1018,0.10260009765625
T2,73260,F1,RAW,S0,marginal_CRPS_normalized,2024-10-18,T2_TEST_1018,0.1473193924362876
T2,73260,F2,RAW,S0,sum_CRPS_normalized,2024-10-18,T2_TEST_1018,0.05214219137313455
T2,73260,F2,RAW,S0,sum_CRPS_Wh,2024-10-18,T2_TEST_1018,338630.6647804773
T2,73260,F2,RAW,S0,energy,2024-10-18,T2_TEST_1018,0.8455929357072802
T2,73260,F2,RAW,S0,variogram,2024-10-18,T2_TEST_1018,8024.369623015161
T2,73260,F2,RAW,S0,variogram_normalized,2024-10-18,T2_TEST_1018,0.029654128350361693
T2,73260,F2,RAW,S0,Brier,2024-10-18,T2_TEST_1018,0.0567779541015625
T2,73260,F2,RAW,S0,marginal_CRPS_normalized,2024-10-18,T2_TEST_1018,0.14731939243628764
T2,73260,F3,RAW,S0,sum_CRPS_normalized,2024-10-18,T2_TEST_1018,0.059510167851561234
T2,73260,F3,RAW,S0,sum_CRPS_Wh,2024-10-18,T2_TEST_1018,386481.02755334054
T2,73260,F3,RAW,S0,energy,2024-10-18,T2_TEST_1018,0.8609743491464825
T2,73260,F3,RAW,S0,variogram,2024-10-18,T2_TEST_1018,7886.905864498876
T2,73260,F3,RAW,S0,variogram_normalized,2024-10-18,T2_TEST_1018,0.02914612982461166
T2,73260,F3,RAW,S0,Brier,2024-10-18,T2_TEST_1018,0.10260009765625
T2,73260,F3,RAW,S0,marginal_CRPS_normalized,2024-10-18,T2_TEST_1018,0.1473193924362876
T2,73260,F0,RAW,S0,sum_CRPS_normalized,2024-10-19,T2_TEST_1019,0.01328081946538395
T2,73260,F0,RAW,S0,sum_CRPS_Wh,2024-10-19,T2_TEST_1019,86250.55077201128
T2,73260,F0,RAW,S0,energy,2024-10-19,T2_TEST_1019,0.606970512696571
T2,73260,F0,RAW,S0,variogram,2024-10-19,T2_TEST_1019,7104.865561284793
T2,73260,F0,RAW,S0,variogram_normalized,2024-10-19,T2_TEST_1019,0.026256093022200225
T2,73260,F0,RAW,S0,Brier,2024-10-19,T2_TEST_1019,0.0
T2,73260,F0,RAW,S0,marginal_CRPS_normalized,2024-10-19,T2_TEST_1019,0.0829018556814169
T2,73260,F1,RAW,S0,sum_CRPS_normalized,2024-10-19,T2_TEST_1019,0.024363277600930048
T2,73260,F1,RAW,S0,sum_CRPS_Wh,2024-10-19,T2_TEST_1019,158224.1304588709
T2,73260,F1,RAW,S0,energy,2024-10-19,T2_TEST_1019,0.6044440645897116
T2,73260,F1,RAW,S0,variogram,2024-10-19,T2_TEST_1019,6352.78683711518
T2,73260,F1,RAW,S0,variogram_normalized,2024-10-19,T2_TEST_1019,0.023476779498040567
T2,73260,F1,RAW,S0,Brier,2024-10-19,T2_TEST_1019,0.0
T2,73260,F1,RAW,S0,marginal_CRPS_normalized,2024-10-19,T2_TEST_1019,0.08290185568141695
T2,73260,F2,RAW,S0,sum_CRPS_normalized,2024-10-19,T2_TEST_1019,0.020609932774154373
T2,73260,F2,RAW,S0,sum_CRPS_Wh,2024-10-19,T2_TEST_1019,133848.5217556227
T2,73260,F2,RAW,S0,energy,2024-10-19,T2_TEST_1019,0.6137698953057322
T2,73260,F2,RAW,S0,variogram,2024-10-19,T2_TEST_1019,6422.583929038121
T2,73260,F2,RAW,S0,variogram_normalized,2024-10-19,T2_TEST_1019,0.023734715263664878
T2,73260,F2,RAW,S0,Brier,2024-10-19,T2_TEST_1019,0.0
T2,73260,F2,RAW,S0,marginal_CRPS_normalized,2024-10-19,T2_TEST_1019,0.0829018556814169
T2,73260,F3,RAW,S0,sum_CRPS_normalized,2024-10-19,T2_TEST_1019,0.02259815584543785
T2,73260,F3,RAW,S0,sum_CRPS_Wh,2024-10-19,T2_TEST_1019,146760.77731355652
T2,73260,F3,RAW,S0,energy,2024-10-19,T2_TEST_1019,0.6269914887867897
T2,73260,F3,RAW,S0,variogram,2024-10-19,T2_TEST_1019,6556.2155152418
T2,73260,F3,RAW,S0,variogram_normalized,2024-10-19,T2_TEST_1019,0.02422855196300891
T2,73260,F3,RAW,S0,Brier,2024-10-19,T2_TEST_1019,0.0
T2,73260,F3,RAW,S0,marginal_CRPS_normalized,2024-10-19,T2_TEST_1019,0.08290185568141693
T2,73260,F0,RAW,S0,sum_CRPS_normalized,2024-10-20,T2_TEST_1020,0.02522529960719224
T2,73260,F0,RAW,S0,sum_CRPS_Wh,2024-10-20,T2_TEST_1020,163822.42000805866
T2,73260,F0,RAW,S0,energy,2024-10-20,T2_TEST_1020,0.47687682691458755
T2,73260,F0,RAW,S0,variogram,2024-10-20,T2_TEST_1020,5116.45773717008
T2,73260,F0,RAW,S0,variogram_normalized,2024-10-20,T2_TEST_1020,0.018907914461227457
T2,73260,F0,RAW,S0,Brier,2024-10-20,T2_TEST_1020,0.0
T2,73260,F0,RAW,S0,marginal_CRPS_normalized,2024-10-20,T2_TEST_1020,0.06684519619040759
T2,73260,F1,RAW,S0,sum_CRPS_normalized,2024-10-20,T2_TEST_1020,0.02805027475102347
T2,73260,F1,RAW,S0,sum_CRPS_Wh,2024-10-20,T2_TEST_1020,182168.85282478103
T2,73260,F1,RAW,S0,energy,2024-10-20,T2_TEST_1020,0.4731008179592455
T2,73260,F1,RAW,S0,variogram,2024-10-20,T2_TEST_1020,4775.421422276256
T2,73260,F1,RAW,S0,variogram_normalized,2024-10-20,T2_TEST_1020,0.017647611767170376
T2,73260,F1,RAW,S0,Brier,2024-10-20,T2_TEST_1020,0.0
T2,73260,F1,RAW,S0,marginal_CRPS_normalized,2024-10-20,T2_TEST_1020,0.06684519619040759
T2,73260,F2,RAW,S0,sum_CRPS_normalized,2024-10-20,T2_TEST_1020,0.02626026543409996
T2,73260,F2,RAW,S0,sum_CRPS_Wh,2024-10-20,T2_TEST_1020,170543.87065601535
T2,73260,F2,RAW,S0,energy,2024-10-20,T2_TEST_1020,0.47727734780197617
T2,73260,F2,RAW,S0,variogram,2024-10-20,T2_TEST_1020,4958.897875465683
T2,73260,F2,RAW,S0,variogram_normalized,2024-10-20,T2_TEST_1020,0.01832565060981581
T2,73260,F2,RAW,S0,Brier,2024-10-20,T2_TEST_1020,0.0
T2,73260,F2,RAW,S0,marginal_CRPS_normalized,2024-10-20,T2_TEST_1020,0.06684519619040757
T2,73260,F3,RAW,S0,sum_CRPS_normalized,2024-10-20,T2_TEST_1020,0.023025381516655046
T2,73260,F3,RAW,S0,sum_CRPS_Wh,2024-10-20,T2_TEST_1020,149535.33874347957
T2,73260,F3,RAW,S0,energy,2024-10-20,T2_TEST_1020,0.4765194097085388
T2,73260,F3,RAW,S0,variogram,2024-10-20,T2_TEST_1020,5003.392115555141
T2,73260,F3,RAW,S0,variogram_normalized,2024-10-20,T2_TEST_1020,0.018490079464473782
T2,73260,F3,RAW,S0,Brier,2024-10-20,T2_TEST_1020,0.0
T2,73260,F3,RAW,S0,marginal_CRPS_normalized,2024-10-20,T2_TEST_1020,0.06684519619040757
T2,73260,F0,RAW,S0,sum_CRPS_normalized,2024-10-21,T2_TEST_1021,0.10883218265640587
T2,73260,F0,RAW,S0,sum_CRPS_Wh,2024-10-21,T2_TEST_1021,706796.4232404213
T2,73260,F0,RAW,S0,energy,2024-10-21,T2_TEST_1021,1.0623001147955915
T2,73260,F0,RAW,S0,variogram,2024-10-21,T2_TEST_1021,8198.990481290626
T2,73260,F0,RAW,S0,variogram_normalized,2024-10-21,T2_TEST_1021,0.030299441264300623
T2,73260,F0,RAW,S0,Brier,2024-10-21,T2_TEST_1021,0.0034332275390625
T2,73260,F0,RAW,S0,marginal_CRPS_normalized,2024-10-21,T2_TEST_1021,0.14042848517945655
T2,73260,F1,RAW,S0,sum_CRPS_normalized,2024-10-21,T2_TEST_1021,0.08826836019779959
T2,73260,F1,RAW,S0,sum_CRPS_Wh,2024-10-21,T2_TEST_1021,573247.3589183297
T2,73260,F1,RAW,S0,energy,2024-10-21,T2_TEST_1021,1.0300949538471427
T2,73260,F1,RAW,S0,variogram,2024-10-21,T2_TEST_1021,7911.127207374271
T2,73260,F1,RAW,S0,variogram_normalized,2024-10-21,T2_TEST_1021,0.029235640009733867
T2,73260,F1,RAW,S0,Brier,2024-10-21,T2_TEST_1021,0.03515625
T2,73260,F1,RAW,S0,marginal_CRPS_normalized,2024-10-21,T2_TEST_1021,0.14042848517945655
T2,73260,F2,RAW,S0,sum_CRPS_normalized,2024-10-21,T2_TEST_1021,0.0991796097504734
T2,73260,F2,RAW,S0,sum_CRPS_Wh,2024-10-21,T2_TEST_1021,644109.0467819385
T2,73260,F2,RAW,S0,energy,2024-10-21,T2_TEST_1021,1.0559347768213274
T2,73260,F2,RAW,S0,variogram,2024-10-21,T2_TEST_1021,8193.988811741538
T2,73260,F2,RAW,S0,variogram_normalized,2024-10-21,T2_TEST_1021,0.030280957550595643
T2,73260,F2,RAW,S0,Brier,2024-10-21,T2_TEST_1021,0.0128326416015625
T2,73260,F2,RAW,S0,marginal_CRPS_normalized,2024-10-21,T2_TEST_1021,0.14042848517945658
T2,73260,F3,RAW,S0,sum_CRPS_normalized,2024-10-21,T2_TEST_1021,0.0953196570498628
T2,73260,F3,RAW,S0,sum_CRPS_Wh,2024-10-21,T2_TEST_1021,619041.0871391371
T2,73260,F3,RAW,S0,energy,2024-10-21,T2_TEST_1021,1.0529025143354338
T2,73260,F3,RAW,S0,variogram,2024-10-21,T2_TEST_1021,7809.862222873906
T2,73260,F3,RAW,S0,variogram_normalized,2024-10-21,T2_TEST_1021,0.028861414370979842
T2,73260,F3,RAW,S0,Brier,2024-10-21,T2_TEST_1021,0.00299072265625
T2,73260,F3,RAW,S0,marginal_CRPS_normalized,2024-10-21,T2_TEST_1021,0.14042848517945655
T2,73260,F0,RAW,S0,sum_CRPS_normalized,2024-10-22,T2_TEST_1022,0.054827964402099486
T2,73260,F0,RAW,S0,sum_CRPS_Wh,2024-10-22,T2_TEST_1022,356073.0676081511
T2,73260,F0,RAW,S0,energy,2024-10-22,T2_TEST_1022,0.9766031344080528
T2,73260,F0,RAW,S0,variogram,2024-10-22,T2_TEST_1022,7717.485015026751
T2,73260,F0,RAW,S0,variogram_normalized,2024-10-22,T2_TEST_1022,0.02852003358883209
T2,73260,F0,RAW,S0,Brier,2024-10-22,T2_TEST_1022,1.0
T2,73260,F0,RAW,S0,marginal_CRPS_normalized,2024-10-22,T2_TEST_1022,0.13082192878971438
T2,73260,F1,RAW,S0,sum_CRPS_normalized,2024-10-22,T2_TEST_1022,0.045938428547855716
T2,73260,F1,RAW,S0,sum_CRPS_Wh,2024-10-22,T2_TEST_1022,298341.1358147465
T2,73260,F1,RAW,S0,energy,2024-10-22,T2_TEST_1022,0.9570756291312623
T2,73260,F1,RAW,S0,variogram,2024-10-22,T2_TEST_1022,7770.047361404341
T2,73260,F1,RAW,S0,variogram_normalized,2024-10-22,T2_TEST_1022,0.028714278201070125
T2,73260,F1,RAW,S0,Brier,2024-10-22,T2_TEST_1022,0.9159088134765625
T2,73260,F1,RAW,S0,marginal_CRPS_normalized,2024-10-22,T2_TEST_1022,0.13082192878971438
T2,73260,F2,RAW,S0,sum_CRPS_normalized,2024-10-22,T2_TEST_1022,0.048977261486350954
T2,73260,F2,RAW,S0,sum_CRPS_Wh,2024-10-22,T2_TEST_1022,318076.44020108366
T2,73260,F2,RAW,S0,energy,2024-10-22,T2_TEST_1022,0.9745323799386513
T2,73260,F2,RAW,S0,variogram,2024-10-22,T2_TEST_1022,7749.171927174953
T2,73260,F2,RAW,S0,variogram_normalized,2024-10-22,T2_TEST_1022,0.028637132850707365
T2,73260,F2,RAW,S0,Brier,2024-10-22,T2_TEST_1022,1.0
T2,73260,F2,RAW,S0,marginal_CRPS_normalized,2024-10-22,T2_TEST_1022,0.13082192878971438
T2,73260,F3,RAW,S0,sum_CRPS_normalized,2024-10-22,T2_TEST_1022,0.05443153040287522
T2,73260,F3,RAW,S0,sum_CRPS_Wh,2024-10-22,T2_TEST_1022,353498.4786780805
T2,73260,F3,RAW,S0,energy,2024-10-22,T2_TEST_1022,0.9998587935422666
T2,73260,F3,RAW,S0,variogram,2024-10-22,T2_TEST_1022,8175.074447670709
T2,73260,F3,RAW,S0,variogram_normalized,2024-10-22,T2_TEST_1022,0.030211059352210922
T2,73260,F3,RAW,S0,Brier,2024-10-22,T2_TEST_1022,1.0
T2,73260,F3,RAW,S0,marginal_CRPS_normalized,2024-10-22,T2_TEST_1022,0.13082192878971438
T2,73260,F0,RAW,S0,sum_CRPS_normalized,2024-10-23,T2_TEST_1023,0.1523276499918975
T2,73260,F0,RAW,S0,sum_CRPS_Wh,2024-10-23,T2_TEST_1023,989272.0659182221
T2,73260,F0,RAW,S0,energy,2024-10-23,T2_TEST_1023,0.9391674298470888
T2,73260,F0,RAW,S0,variogram,2024-10-23,T2_TEST_1023,4580.27661440442
T2,73260,F0,RAW,S0,variogram_normalized,2024-10-23,T2_TEST_1023,0.016926452417414042
T2,73260,F0,RAW,S0,Brier,2024-10-23,T2_TEST_1023,0.0001373291015625
T2,73260,F0,RAW,S0,marginal_CRPS_normalized,2024-10-23,T2_TEST_1023,0.12552675496774848
T2,73260,F1,RAW,S0,sum_CRPS_normalized,2024-10-23,T2_TEST_1023,0.12874742833933786
T2,73260,F1,RAW,S0,sum_CRPS_Wh,2024-10-23,T2_TEST_1023,836133.3902393281
T2,73260,F1,RAW,S0,energy,2024-10-23,T2_TEST_1023,0.9077441806196522
T2,73260,F1,RAW,S0,variogram,2024-10-23,T2_TEST_1023,4419.2875561056
T2,73260,F1,RAW,S0,variogram_normalized,2024-10-23,T2_TEST_1023,0.016331515939898785
T2,73260,F1,RAW,S0,Brier,2024-10-23,T2_TEST_1023,0.00738525390625
T2,73260,F1,RAW,S0,marginal_CRPS_normalized,2024-10-23,T2_TEST_1023,0.12552675496774848
T2,73260,F2,RAW,S0,sum_CRPS_normalized,2024-10-23,T2_TEST_1023,0.14075186961716815
T2,73260,F2,RAW,S0,sum_CRPS_Wh,2024-10-23,T2_TEST_1023,914094.6692569251
T2,73260,F2,RAW,S0,energy,2024-10-23,T2_TEST_1023,0.9388480312393446
T2,73260,F2,RAW,S0,variogram,2024-10-23,T2_TEST_1023,4448.712934072705
T2,73260,F2,RAW,S0,variogram_normalized,2024-10-23,T2_TEST_1023,0.016440257682364352
T2,73260,F2,RAW,S0,Brier,2024-10-23,T2_TEST_1023,0.00054931640625
T2,73260,F2,RAW,S0,marginal_CRPS_normalized,2024-10-23,T2_TEST_1023,0.1255267549677485
T2,73260,F3,RAW,S0,sum_CRPS_normalized,2024-10-23,T2_TEST_1023,0.13679438191490567
T2,73260,F3,RAW,S0,sum_CRPS_Wh,2024-10-23,T2_TEST_1023,888393.281260252
T2,73260,F3,RAW,S0,energy,2024-10-23,T2_TEST_1023,0.9468473650919025
T2,73260,F3,RAW,S0,variogram,2024-10-23,T2_TEST_1023,4526.515938496304
T2,73260,F3,RAW,S0,variogram_normalized,2024-10-23,T2_TEST_1023,0.016727779367881408
T2,73260,F3,RAW,S0,Brier,2024-10-23,T2_TEST_1023,0.0001373291015625
T2,73260,F3,RAW,S0,marginal_CRPS_normalized,2024-10-23,T2_TEST_1023,0.1255267549677485
T2,73260,F0,RAW,S0,sum_CRPS_normalized,2024-10-24,T2_TEST_1024,0.1619055529917252
T2,73260,F0,RAW,S0,sum_CRPS_Wh,2024-10-24,T2_TEST_1024,1051474.508405242
T2,73260,F0,RAW,S0,energy,2024-10-24,T2_TEST_1024,0.9883676747691077
T2,73260,F0,RAW,S0,variogram,2024-10-24,T2_TEST_1024,4846.090413821061
T2,73260,F0,RAW,S0,variogram_normalized,2024-10-24,T2_TEST_1024,0.017908769645497626
T2,73260,F0,RAW,S0,Brier,2024-10-24,T2_TEST_1024,0.0
T2,73260,F0,RAW,S0,marginal_CRPS_normalized,2024-10-24,T2_TEST_1024,0.13092938450911462
T2,73260,F1,RAW,S0,sum_CRPS_normalized,2024-10-24,T2_TEST_1024,0.14152917002394338
T2,73260,F1,RAW,S0,sum_CRPS_Wh,2024-10-24,T2_TEST_1024,919142.7454222864
T2,73260,F1,RAW,S0,energy,2024-10-24,T2_TEST_1024,0.9685901578700136
T2,73260,F1,RAW,S0,variogram,2024-10-24,T2_TEST_1024,4500.855685495657
T2,73260,F1,RAW,S0,variogram_normalized,2024-10-24,T2_TEST_1024,0.016632951677765854
T2,73260,F1,RAW,S0,Brier,2024-10-24,T2_TEST_1024,0.0003814697265625
T2,73260,F1,RAW,S0,marginal_CRPS_normalized,2024-10-24,T2_TEST_1024,0.13092938450911462
T2,73260,F2,RAW,S0,sum_CRPS_normalized,2024-10-24,T2_TEST_1024,0.1497170911979401
T2,73260,F2,RAW,S0,sum_CRPS_Wh,2024-10-24,T2_TEST_1024,972318.1321351132
T2,73260,F2,RAW,S0,energy,2024-10-24,T2_TEST_1024,0.9831794556561317
T2,73260,F2,RAW,S0,variogram,2024-10-24,T2_TEST_1024,4604.651105942911
T2,73260,F2,RAW,S0,variogram_normalized,2024-10-24,T2_TEST_1024,0.017016528564764495
T2,73260,F2,RAW,S0,Brier,2024-10-24,T2_TEST_1024,0.0
T2,73260,F2,RAW,S0,marginal_CRPS_normalized,2024-10-24,T2_TEST_1024,0.1309293845091146
T2,73260,F3,RAW,S0,sum_CRPS_normalized,2024-10-24,T2_TEST_1024,0.14686655822270583
T2,73260,F3,RAW,S0,sum_CRPS_Wh,2024-10-24,T2_TEST_1024,953805.7173139825
T2,73260,F3,RAW,S0,energy,2024-10-24,T2_TEST_1024,1.005375363681289
T2,73260,F3,RAW,S0,variogram,2024-10-24,T2_TEST_1024,4354.144968397115
T2,73260,F3,RAW,S0,variogram_normalized,2024-10-24,T2_TEST_1024,0.016090780935439176
T2,73260,F3,RAW,S0,Brier,2024-10-24,T2_TEST_1024,0.0
T2,73260,F3,RAW,S0,marginal_CRPS_normalized,2024-10-24,T2_TEST_1024,0.1309293845091146
T2,73260,F0,RAW,S0,sum_CRPS_normalized,2024-10-25,T2_TEST_1025,0.03145784978236705
T2,73260,F0,RAW,S0,sum_CRPS_Wh,2024-10-25,T2_TEST_1025,204298.90466506034
T2,73260,F0,RAW,S0,energy,2024-10-25,T2_TEST_1025,0.5769614143511751
T2,73260,F0,RAW,S0,variogram,2024-10-25,T2_TEST_1025,5068.242046175023
T2,73260,F0,RAW,S0,variogram_normalized,2024-10-25,T2_TEST_1025,0.018729732952094586
T2,73260,F0,RAW,S0,Brier,2024-10-25,T2_TEST_1025,0.0726470947265625
T2,73260,F0,RAW,S0,marginal_CRPS_normalized,2024-10-25,T2_TEST_1025,0.0842714183011745
T2,73260,F1,RAW,S0,sum_CRPS_normalized,2024-10-25,T2_TEST_1025,0.035778798841188814
T2,73260,F1,RAW,S0,sum_CRPS_Wh,2024-10-25,T2_TEST_1025,232360.74506222643
T2,73260,F1,RAW,S0,energy,2024-10-25,T2_TEST_1025,0.565694142017775
T2,73260,F1,RAW,S0,variogram,2024-10-25,T2_TEST_1025,4681.81119691449
T2,73260,F1,RAW,S0,variogram_normalized,2024-10-25,T2_TEST_1025,0.017301674357978473
T2,73260,F1,RAW,S0,Brier,2024-10-25,T2_TEST_1025,0.1435699462890625
T2,73260,F1,RAW,S0,marginal_CRPS_normalized,2024-10-25,T2_TEST_1025,0.0842714183011745
T2,73260,F2,RAW,S0,sum_CRPS_normalized,2024-10-25,T2_TEST_1025,0.03176932968072996
T2,73260,F2,RAW,S0,sum_CRPS_Wh,2024-10-25,T2_TEST_1025,206321.7702614367
T2,73260,F2,RAW,S0,energy,2024-10-25,T2_TEST_1025,0.5748558104979695
T2,73260,F2,RAW,S0,variogram,2024-10-25,T2_TEST_1025,4805.193441530321
T2,73260,F2,RAW,S0,variogram_normalized,2024-10-25,T2_TEST_1025,0.017757634525553453
T2,73260,F2,RAW,S0,Brier,2024-10-25,T2_TEST_1025,0.088134765625
T2,73260,F2,RAW,S0,marginal_CRPS_normalized,2024-10-25,T2_TEST_1025,0.08427141830117447
T2,73260,F3,RAW,S0,sum_CRPS_normalized,2024-10-25,T2_TEST_1025,0.04023212890841988
T2,73260,F3,RAW,S0,sum_CRPS_Wh,2024-10-25,T2_TEST_1025,261282.31666173413
T2,73260,F3,RAW,S0,energy,2024-10-25,T2_TEST_1025,0.584384311544309
T2,73260,F3,RAW,S0,variogram,2024-10-25,T2_TEST_1025,4516.856936439051
T2,73260,F3,RAW,S0,variogram_normalized,2024-10-25,T2_TEST_1025,0.016692084441027506
T2,73260,F3,RAW,S0,Brier,2024-10-25,T2_TEST_1025,0.1263580322265625
T2,73260,F3,RAW,S0,marginal_CRPS_normalized,2024-10-25,T2_TEST_1025,0.08427141830117447
T2,73260,F0,RAW,S0,sum_CRPS_normalized,2024-11-10,T2_TEST_1110,0.09862182231253765
T2,73260,F0,RAW,S0,sum_CRPS_Wh,2024-11-10,T2_TEST_1110,640486.5689776838
T2,73260,F0,RAW,S0,energy,2024-11-10,T2_TEST_1110,0.6528351603773112
T2,73260,F0,RAW,S0,variogram,2024-11-10,T2_TEST_1110,7206.035154767733
T2,73260,F0,RAW,S0,variogram_normalized,2024-11-10,T2_TEST_1110,0.026629966142612357
T2,73260,F0,RAW,S0,Brier,2024-11-10,T2_TEST_1110,0.0
T2,73260,F0,RAW,S0,marginal_CRPS_normalized,2024-11-10,T2_TEST_1110,0.09621307479640571
T2,73260,F1,RAW,S0,sum_CRPS_normalized,2024-11-10,T2_TEST_1110,0.08563964731145145
T2,73260,F1,RAW,S0,sum_CRPS_Wh,2024-11-10,T2_TEST_1110,556175.5257486997
T2,73260,F1,RAW,S0,energy,2024-11-10,T2_TEST_1110,0.6446725038014167
T2,73260,F1,RAW,S0,variogram,2024-11-10,T2_TEST_1110,6447.992574026867
T2,73260,F1,RAW,S0,variogram_normalized,2024-11-10,T2_TEST_1110,0.023828613134164758
T2,73260,F1,RAW,S0,Brier,2024-11-10,T2_TEST_1110,0.0
T2,73260,F1,RAW,S0,marginal_CRPS_normalized,2024-11-10,T2_TEST_1110,0.09621307479640573
T2,73260,F2,RAW,S0,sum_CRPS_normalized,2024-11-10,T2_TEST_1110,0.0864867056516854
T2,73260,F2,RAW,S0,sum_CRPS_Wh,2024-11-10,T2_TEST_1110,561676.6357194835
T2,73260,F2,RAW,S0,energy,2024-11-10,T2_TEST_1110,0.6469762968491993
T2,73260,F2,RAW,S0,variogram,2024-11-10,T2_TEST_1110,6740.103456134732
T2,73260,F2,RAW,S0,variogram_normalized,2024-11-10,T2_TEST_1110,0.024908111462073182
T2,73260,F2,RAW,S0,Brier,2024-11-10,T2_TEST_1110,0.0
T2,73260,F2,RAW,S0,marginal_CRPS_normalized,2024-11-10,T2_TEST_1110,0.09621307479640571
T2,73260,F3,RAW,S0,sum_CRPS_normalized,2024-11-10,T2_TEST_1110,0.07197953151878073
T2,73260,F3,RAW,S0,sum_CRPS_Wh,2024-11-10,T2_TEST_1110,467461.68442300265
T2,73260,F3,RAW,S0,energy,2024-11-10,T2_TEST_1110,0.6375041889433422
T2,73260,F3,RAW,S0,variogram,2024-11-10,T2_TEST_1110,5914.861631663238
T2,73260,F3,RAW,S0,variogram_normalized,2024-11-10,T2_TEST_1110,0.021858423058790353
T2,73260,F3,RAW,S0,Brier,2024-11-10,T2_TEST_1110,0.0
T2,73260,F3,RAW,S0,marginal_CRPS_normalized,2024-11-10,T2_TEST_1110,0.09621307479640569
T2,73260,F0,RAW,S0,sum_CRPS_normalized,2024-11-11,T2_TEST_1111,0.18488942727176758
T2,73260,F0,RAW,S0,sum_CRPS_Wh,2024-11-11,T2_TEST_1111,1200740.2838112935
T2,73260,F0,RAW,S0,energy,2024-11-11,T2_TEST_1111,0.9187181142920418
T2,73260,F0,RAW,S0,variogram,2024-11-11,T2_TEST_1111,5665.165769002234
T2,73260,F0,RAW,S0,variogram_normalized,2024-11-11,T2_TEST_1111,0.020935669807411406
T2,73260,F0,RAW,S0,Brier,2024-11-11,T2_TEST_1111,0.0
T2,73260,F0,RAW,S0,marginal_CRPS_normalized,2024-11-11,T2_TEST_1111,0.14004980491272342
T2,73260,F1,RAW,S0,sum_CRPS_normalized,2024-11-11,T2_TEST_1111,0.15512386067982836
T2,73260,F1,RAW,S0,sum_CRPS_Wh,2024-11-11,T2_TEST_1111,1007431.6917257437
T2,73260,F1,RAW,S0,energy,2024-11-11,T2_TEST_1111,0.8859709998733443
T2,73260,F1,RAW,S0,variogram,2024-11-11,T2_TEST_1111,4610.751322387677
T2,73260,F1,RAW,S0,variogram_normalized,2024-11-11,T2_TEST_1111,0.01703907196816147
T2,73260,F1,RAW,S0,Brier,2024-11-11,T2_TEST_1111,0.0
T2,73260,F1,RAW,S0,marginal_CRPS_normalized,2024-11-11,T2_TEST_1111,0.14004980491272345
T2,73260,F2,RAW,S0,sum_CRPS_normalized,2024-11-11,T2_TEST_1111,0.1655030624161281
T2,73260,F2,RAW,S0,sum_CRPS_Wh,2024-11-11,T2_TEST_1111,1074838.064401994
T2,73260,F2,RAW,S0,energy,2024-11-11,T2_TEST_1111,0.9107119467381575
T2,73260,F2,RAW,S0,variogram,2024-11-11,T2_TEST_1111,5149.190649580986
T2,73260,F2,RAW,S0,variogram_normalized,2024-11-11,T2_TEST_1111,0.01902887922625151
T2,73260,F2,RAW,S0,Brier,2024-11-11,T2_TEST_1111,0.0
T2,73260,F2,RAW,S0,marginal_CRPS_normalized,2024-11-11,T2_TEST_1111,0.14004980491272342
T2,73260,F3,RAW,S0,sum_CRPS_normalized,2024-11-11,T2_TEST_1111,0.15803343568899672
T2,73260,F3,RAW,S0,sum_CRPS_Wh,2024-11-11,T2_TEST_1111,1026327.5473397253
T2,73260,F3,RAW,S0,energy,2024-11-11,T2_TEST_1111,0.9305125663293519
T2,73260,F3,RAW,S0,variogram,2024-11-11,T2_TEST_1111,4393.420747313196
T2,73260,F3,RAW,S0,variogram_normalized,2024-11-11,T2_TEST_1111,0.016235924921042404
T2,73260,F3,RAW,S0,Brier,2024-11-11,T2_TEST_1111,0.0
T2,73260,F3,RAW,S0,marginal_CRPS_normalized,2024-11-11,T2_TEST_1111,0.14004980491272342
T2,73260,F0,RAW,S0,sum_CRPS_normalized,2024-11-12,T2_TEST_1112,0.052062393532586584
T2,73260,F0,RAW,S0,sum_CRPS_Wh,2024-11-12,T2_TEST_1112,338112.4281072345
T2,73260,F0,RAW,S0,energy,2024-11-12,T2_TEST_1112,1.1618634638390175
T2,73260,F0,RAW,S0,variogram,2024-11-12,T2_TEST_1112,10345.031798038606
T2,73260,F0,RAW,S0,variogram_normalized,2024-11-12,T2_TEST_1112,0.03823015578042874
T2,73260,F0,RAW,S0,Brier,2024-11-12,T2_TEST_1112,0.0
T2,73260,F0,RAW,S0,marginal_CRPS_normalized,2024-11-12,T2_TEST_1112,0.1774251524954263
T2,73260,F1,RAW,S0,sum_CRPS_normalized,2024-11-12,T2_TEST_1112,0.04211432832049561
T2,73260,F1,RAW,S0,sum_CRPS_Wh,2024-11-12,T2_TEST_1112,273506.0153858545
T2,73260,F1,RAW,S0,energy,2024-11-12,T2_TEST_1112,1.1630762913286776
T2,73260,F1,RAW,S0,variogram,2024-11-12,T2_TEST_1112,10596.96280033985
T2,73260,F1,RAW,S0,variogram_normalized,2024-11-12,T2_TEST_1112,0.039161169009960056
T2,73260,F1,RAW,S0,Brier,2024-11-12,T2_TEST_1112,0.0
T2,73260,F1,RAW,S0,marginal_CRPS_normalized,2024-11-12,T2_TEST_1112,0.17742515249542623
T2,73260,F2,RAW,S0,sum_CRPS_normalized,2024-11-12,T2_TEST_1112,0.048351395665099696
T2,73260,F2,RAW,S0,sum_CRPS_Wh,2024-11-12,T2_TEST_1112,314011.83621087065
T2,73260,F2,RAW,S0,energy,2024-11-12,T2_TEST_1112,1.1618045627585287
T2,73260,F2,RAW,S0,variogram,2024-11-12,T2_TEST_1112,10288.405735169412
T2,73260,F2,RAW,S0,variogram_normalized,2024-11-12,T2_TEST_1112,0.03802089366823957
T2,73260,F2,RAW,S0,Brier,2024-11-12,T2_TEST_1112,0.0
T2,73260,F2,RAW,S0,marginal_CRPS_normalized,2024-11-12,T2_TEST_1112,0.17742515249542626
T2,73260,F3,RAW,S0,sum_CRPS_normalized,2024-11-12,T2_TEST_1112,0.039611890970382084
T2,73260,F3,RAW,S0,sum_CRPS_Wh,2024-11-12,T2_TEST_1112,257254.26222541777
T2,73260,F3,RAW,S0,energy,2024-11-12,T2_TEST_1112,1.184602141118574
T2,73260,F3,RAW,S0,variogram,2024-11-12,T2_TEST_1112,10428.915209477298
T2,73260,F3,RAW,S0,variogram_normalized,2024-11-12,T2_TEST_1112,0.03854014766342159
T2,73260,F3,RAW,S0,Brier,2024-11-12,T2_TEST_1112,0.0
T2,73260,F3,RAW,S0,marginal_CRPS_normalized,2024-11-12,T2_TEST_1112,0.1774251524954263
T2,73260,F0,RAW,S0,sum_CRPS_normalized,2024-11-13,T2_TEST_1113,0.017545541300707266
T2,73260,F0,RAW,S0,sum_CRPS_Wh,2024-11-13,T2_TEST_1113,113947.230795771
T2,73260,F0,RAW,S0,energy,2024-11-13,T2_TEST_1113,0.48247919760733926
T2,73260,F0,RAW,S0,variogram,2024-11-13,T2_TEST_1113,3106.8459193947583
T2,73260,F0,RAW,S0,variogram_normalized,2024-11-13,T2_TEST_1113,0.011481376355630965
T2,73260,F0,RAW,S0,Brier,2024-11-13,T2_TEST_1113,0.0
T2,73260,F0,RAW,S0,marginal_CRPS_normalized,2024-11-13,T2_TEST_1113,0.06770234251682378
T2,73260,F1,RAW,S0,sum_CRPS_normalized,2024-11-13,T2_TEST_1113,0.02243372313464499
T2,73260,F1,RAW,S0,sum_CRPS_Wh,2024-11-13,T2_TEST_1113,145692.89050824416
T2,73260,F1,RAW,S0,energy,2024-11-13,T2_TEST_1113,0.47548022316250593
T2,73260,F1,RAW,S0,variogram,2024-11-13,T2_TEST_1113,2682.5302592733387
T2,73260,F1,RAW,S0,variogram_normalized,2024-11-13,T2_TEST_1113,0.00991331411056441
T2,73260,F1,RAW,S0,Brier,2024-11-13,T2_TEST_1113,0.0
T2,73260,F1,RAW,S0,marginal_CRPS_normalized,2024-11-13,T2_TEST_1113,0.06770234251682378
T2,73260,F2,RAW,S0,sum_CRPS_normalized,2024-11-13,T2_TEST_1113,0.021512880907697568
T2,73260,F2,RAW,S0,sum_CRPS_Wh,2024-11-13,T2_TEST_1113,139712.60070343548
T2,73260,F2,RAW,S0,energy,2024-11-13,T2_TEST_1113,0.48439053866337745
T2,73260,F2,RAW,S0,variogram,2024-11-13,T2_TEST_1113,2784.0820365831446
T2,73260,F2,RAW,S0,variogram_normalized,2024-11-13,T2_TEST_1113,0.010288599594662136
T2,73260,F2,RAW,S0,Brier,2024-11-13,T2_TEST_1113,0.0
T2,73260,F2,RAW,S0,marginal_CRPS_normalized,2024-11-13,T2_TEST_1113,0.06770234251682375
T2,73260,F3,RAW,S0,sum_CRPS_normalized,2024-11-13,T2_TEST_1113,0.02160617849547719
T2,73260,F3,RAW,S0,sum_CRPS_Wh,2024-11-13,T2_TEST_1113,140318.50972528965
T2,73260,F3,RAW,S0,energy,2024-11-13,T2_TEST_1113,0.4981113995366102
T2,73260,F3,RAW,S0,variogram,2024-11-13,T2_TEST_1113,2653.9445636001155
T2,73260,F3,RAW,S0,variogram_normalized,2024-11-13,T2_TEST_1113,0.009807675421383538
T2,73260,F3,RAW,S0,Brier,2024-11-13,T2_TEST_1113,0.0
T2,73260,F3,RAW,S0,marginal_CRPS_normalized,2024-11-13,T2_TEST_1113,0.06770234251682378
T2,73260,F0,RAW,S0,sum_CRPS_normalized,2024-11-14,T2_TEST_1114,0.053557865272349785
T2,73260,F0,RAW,S0,sum_CRPS_Wh,2024-11-14,T2_TEST_1114,347824.5743761262
T2,73260,F0,RAW,S0,energy,2024-11-14,T2_TEST_1114,0.4310351559382777
T2,73260,F0,RAW,S0,variogram,2024-11-14,T2_TEST_1114,2173.2976912177805
T2,73260,F0,RAW,S0,variogram_normalized,2024-11-14,T2_TEST_1114,0.008031440687137828
T2,73260,F0,RAW,S0,Brier,2024-11-14,T2_TEST_1114,0.0
T2,73260,F0,RAW,S0,marginal_CRPS_normalized,2024-11-14,T2_TEST_1114,0.07106773963995254
T2,73260,F1,RAW,S0,sum_CRPS_normalized,2024-11-14,T2_TEST_1114,0.04337394655457573
T2,73260,F1,RAW,S0,sum_CRPS_Wh,2024-11-14,T2_TEST_1114,281686.44180721
T2,73260,F1,RAW,S0,energy,2024-11-14,T2_TEST_1114,0.42807025542441346
T2,73260,F1,RAW,S0,variogram,2024-11-14,T2_TEST_1114,1912.0570722096807
T2,73260,F1,RAW,S0,variogram_normalized,2024-11-14,T2_TEST_1114,0.007066023687380625
T2,73260,F1,RAW,S0,Brier,2024-11-14,T2_TEST_1114,0.0
T2,73260,F1,RAW,S0,marginal_CRPS_normalized,2024-11-14,T2_TEST_1114,0.07106773963995253
T2,73260,F2,RAW,S0,sum_CRPS_normalized,2024-11-14,T2_TEST_1114,0.04707594778817258
T2,73260,F2,RAW,S0,sum_CRPS_Wh,2024-11-14,T2_TEST_1114,305728.60623754794
T2,73260,F2,RAW,S0,energy,2024-11-14,T2_TEST_1114,0.4225535565969084
T2,73260,F2,RAW,S0,variogram,2024-11-14,T2_TEST_1114,1990.1602876956965
T2,73260,F2,RAW,S0,variogram_normalized,2024-11-14,T2_TEST_1114,0.007354654805512993
T2,73260,F2,RAW,S0,Brier,2024-11-14,T2_TEST_1114,0.0
T2,73260,F2,RAW,S0,marginal_CRPS_normalized,2024-11-14,T2_TEST_1114,0.07106773963995254
T2,73260,F3,RAW,S0,sum_CRPS_normalized,2024-11-14,T2_TEST_1114,0.05515408654454724
T2,73260,F3,RAW,S0,sum_CRPS_Wh,2024-11-14,T2_TEST_1114,358191.02535001957
T2,73260,F3,RAW,S0,energy,2024-11-14,T2_TEST_1114,0.42771350886086656
T2,73260,F3,RAW,S0,variogram,2024-11-14,T2_TEST_1114,1756.655637515386
T2,73260,F3,RAW,S0,variogram_normalized,2024-11-14,T2_TEST_1114,0.006491736321923574
T2,73260,F3,RAW,S0,Brier,2024-11-14,T2_TEST_1114,0.0
T2,73260,F3,RAW,S0,marginal_CRPS_normalized,2024-11-14,T2_TEST_1114,0.07106773963995254
T2,73260,F0,RAW,S0,sum_CRPS_normalized,2024-11-15,T2_TEST_1115,0.12372381636899796
T2,73260,F0,RAW,S0,sum_CRPS_Wh,2024-11-15,T2_TEST_1115,803508.1971602384
T2,73260,F0,RAW,S0,energy,2024-11-15,T2_TEST_1115,0.6155089967983316
T2,73260,F0,RAW,S0,variogram,2024-11-15,T2_TEST_1115,3671.088441166145
T2,73260,F0,RAW,S0,variogram_normalized,2024-11-15,T2_TEST_1115,0.013566539545690169
T2,73260,F0,RAW,S0,Brier,2024-11-15,T2_TEST_1115,0.0
T2,73260,F0,RAW,S0,marginal_CRPS_normalized,2024-11-15,T2_TEST_1115,0.10187714897407739
T2,73260,F1,RAW,S0,sum_CRPS_normalized,2024-11-15,T2_TEST_1115,0.09902238010402854
T2,73260,F1,RAW,S0,sum_CRPS_Wh,2024-11-15,T2_TEST_1115,643087.9393390655
T2,73260,F1,RAW,S0,energy,2024-11-15,T2_TEST_1115,0.6022923201942219
T2,73260,F1,RAW,S0,variogram,2024-11-15,T2_TEST_1115,2906.5491888360993
T2,73260,F1,RAW,S0,variogram_normalized,2024-11-15,T2_TEST_1115,0.01074117803038078
T2,73260,F1,RAW,S0,Brier,2024-11-15,T2_TEST_1115,0.0
T2,73260,F1,RAW,S0,marginal_CRPS_normalized,2024-11-15,T2_TEST_1115,0.10187714897407739
T2,73260,F2,RAW,S0,sum_CRPS_normalized,2024-11-15,T2_TEST_1115,0.10417012273137476
T2,73260,F2,RAW,S0,sum_CRPS_Wh,2024-11-15,T2_TEST_1115,676519.2827888001
T2,73260,F2,RAW,S0,energy,2024-11-15,T2_TEST_1115,0.599938579915605
T2,73260,F2,RAW,S0,variogram,2024-11-15,T2_TEST_1115,3287.5723083983535
T2,73260,F2,RAW,S0,variogram_normalized,2024-11-15,T2_TEST_1115,0.012149252311947675
T2,73260,F2,RAW,S0,Brier,2024-11-15,T2_TEST_1115,0.0
T2,73260,F2,RAW,S0,marginal_CRPS_normalized,2024-11-15,T2_TEST_1115,0.10187714897407739
T2,73260,F3,RAW,S0,sum_CRPS_normalized,2024-11-15,T2_TEST_1115,0.11026230671617458
T2,73260,F3,RAW,S0,sum_CRPS_Wh,2024-11-15,T2_TEST_1115,716084.1775201072
T2,73260,F3,RAW,S0,energy,2024-11-15,T2_TEST_1115,0.6141882649165874
T2,73260,F3,RAW,S0,variogram,2024-11-15,T2_TEST_1115,2776.357629688523
T2,73260,F3,RAW,S0,variogram_normalized,2024-11-15,T2_TEST_1115,0.010260053981206527
T2,73260,F3,RAW,S0,Brier,2024-11-15,T2_TEST_1115,0.0
T2,73260,F3,RAW,S0,marginal_CRPS_normalized,2024-11-15,T2_TEST_1115,0.10187714897407739
T2,73260,F0,RAW,S0,sum_CRPS_normalized,2024-11-16,T2_TEST_1116,0.05293844785592958
T2,73260,F0,RAW,S0,sum_CRPS_Wh,2024-11-16,T2_TEST_1116,343801.8487104947
T2,73260,F0,RAW,S0,energy,2024-11-16,T2_TEST_1116,0.5081341101621097
T2,73260,F0,RAW,S0,variogram,2024-11-16,T2_TEST_1116,5826.020031467486
T2,73260,F0,RAW,S0,variogram_normalized,2024-11-16,T2_TEST_1116,0.021530108145740967
T2,73260,F0,RAW,S0,Brier,2024-11-16,T2_TEST_1116,0.0
T2,73260,F0,RAW,S0,marginal_CRPS_normalized,2024-11-16,T2_TEST_1116,0.08285628912092635
T2,73260,F1,RAW,S0,sum_CRPS_normalized,2024-11-16,T2_TEST_1116,0.04363376615544943
T2,73260,F1,RAW,S0,sum_CRPS_Wh,2024-11-16,T2_TEST_1116,283373.80633581686
T2,73260,F1,RAW,S0,energy,2024-11-16,T2_TEST_1116,0.5009975471084543
T2,73260,F1,RAW,S0,variogram,2024-11-16,T2_TEST_1116,5098.890005753079
T2,73260,F1,RAW,S0,variogram_normalized,2024-11-16,T2_TEST_1116,0.01884299275563077
T2,73260,F1,RAW,S0,Brier,2024-11-16,T2_TEST_1116,0.0
T2,73260,F1,RAW,S0,marginal_CRPS_normalized,2024-11-16,T2_TEST_1116,0.08285628912092634
T2,73260,F2,RAW,S0,sum_CRPS_normalized,2024-11-16,T2_TEST_1116,0.04508660158468024
T2,73260,F2,RAW,S0,sum_CRPS_Wh,2024-11-16,T2_TEST_1116,292809.0566438916
T2,73260,F2,RAW,S0,energy,2024-11-16,T2_TEST_1116,0.5001523930281384
T2,73260,F2,RAW,S0,variogram,2024-11-16,T2_TEST_1116,5276.9875651053035
T2,73260,F2,RAW,S0,variogram_normalized,2024-11-16,T2_TEST_1116,0.019501153848904603
T2,73260,F2,RAW,S0,Brier,2024-11-16,T2_TEST_1116,0.0
T2,73260,F2,RAW,S0,marginal_CRPS_normalized,2024-11-16,T2_TEST_1116,0.08285628912092635
T2,73260,F3,RAW,S0,sum_CRPS_normalized,2024-11-16,T2_TEST_1116,0.059769625051687446
T2,73260,F3,RAW,S0,sum_CRPS_Wh,2024-11-16,T2_TEST_1116,388166.03851753427
T2,73260,F3,RAW,S0,energy,2024-11-16,T2_TEST_1116,0.5093765613936445
T2,73260,F3,RAW,S0,variogram,2024-11-16,T2_TEST_1116,4624.676745460872
T2,73260,F3,RAW,S0,variogram_normalized,2024-11-16,T2_TEST_1116,0.017090533491314792
T2,73260,F3,RAW,S0,Brier,2024-11-16,T2_TEST_1116,0.0
T2,73260,F3,RAW,S0,marginal_CRPS_normalized,2024-11-16,T2_TEST_1116,0.08285628912092637
T2,73260,F0,RAW,S0,sum_CRPS_normalized,2024-11-17,T2_TEST_1117,0.03888901427114613
T2,73260,F0,RAW,S0,sum_CRPS_Wh,2024-11-17,T2_TEST_1117,252559.63373416662
T2,73260,F0,RAW,S0,energy,2024-11-17,T2_TEST_1117,1.7216193165492326
T2,73260,F0,RAW,S0,variogram,2024-11-17,T2_TEST_1117,24084.95250743383
T2,73260,F0,RAW,S0,variogram_normalized,2024-11-17,T2_TEST_1117,0.08900615332066927
T2,73260,F0,RAW,S0,Brier,2024-11-17,T2_TEST_1117,0.0
T2,73260,F0,RAW,S0,marginal_CRPS_normalized,2024-11-17,T2_TEST_1117,0.26724153834347314
T2,73260,F1,RAW,S0,sum_CRPS_normalized,2024-11-17,T2_TEST_1117,0.04308008426733237
T2,73260,F1,RAW,S0,sum_CRPS_Wh,2024-11-17,T2_TEST_1117,279777.99148967303
T2,73260,F1,RAW,S0,energy,2024-11-17,T2_TEST_1117,1.7129082586064495
T2,73260,F1,RAW,S0,variogram,2024-11-17,T2_TEST_1117,24074.318667935684
T2,73260,F1,RAW,S0,variogram_normalized,2024-11-17,T2_TEST_1117,0.08896685587349899
T2,73260,F1,RAW,S0,Brier,2024-11-17,T2_TEST_1117,0.0
T2,73260,F1,RAW,S0,marginal_CRPS_normalized,2024-11-17,T2_TEST_1117,0.26724153834347314
T2,73260,F2,RAW,S0,sum_CRPS_normalized,2024-11-17,T2_TEST_1117,0.03726069358394268
T2,73260,F2,RAW,S0,sum_CRPS_Wh,2024-11-17,T2_TEST_1117,241984.71729389578
T2,73260,F2,RAW,S0,energy,2024-11-17,T2_TEST_1117,1.7236382846965626
T2,73260,F2,RAW,S0,variogram,2024-11-17,T2_TEST_1117,23898.994387835613
T2,73260,F2,RAW,S0,variogram_normalized,2024-11-17,T2_TEST_1117,0.08831894345803518
T2,73260,F2,RAW,S0,Brier,2024-11-17,T2_TEST_1117,0.0
T2,73260,F2,RAW,S0,marginal_CRPS_normalized,2024-11-17,T2_TEST_1117,0.26724153834347314
T2,73260,F3,RAW,S0,sum_CRPS_normalized,2024-11-17,T2_TEST_1117,0.060540888111595866
T2,73260,F3,RAW,S0,sum_CRPS_Wh,2024-11-17,T2_TEST_1117,393174.90592067875
T2,73260,F3,RAW,S0,energy,2024-11-17,T2_TEST_1117,1.748756641629098
T2,73260,F3,RAW,S0,variogram,2024-11-17,T2_TEST_1117,24508.52498050596
T2,73260,F3,RAW,S0,variogram_normalized,2024-11-17,T2_TEST_1117,0.0905714691114742
T2,73260,F3,RAW,S0,Brier,2024-11-17,T2_TEST_1117,0.0
T2,73260,F3,RAW,S0,marginal_CRPS_normalized,2024-11-17,T2_TEST_1117,0.2672415383434732
T2,73260,F0,RAW,S0,sum_CRPS_normalized,2024-11-18,T2_TEST_1118,0.09325446973131976
T2,73260,F0,RAW,S0,sum_CRPS_Wh,2024-11-18,T2_TEST_1118,605628.9973101937
T2,73260,F0,RAW,S0,energy,2024-11-18,T2_TEST_1118,0.9753360560158184
T2,73260,F0,RAW,S0,variogram,2024-11-18,T2_TEST_1118,7251.172001098936
T2,73260,F0,RAW,S0,variogram_normalized,2024-11-18,T2_TEST_1118,0.02679676975427514
T2,73260,F0,RAW,S0,Brier,2024-11-18,T2_TEST_1118,0.0
T2,73260,F0,RAW,S0,marginal_CRPS_normalized,2024-11-18,T2_TEST_1118,0.14816383257988783
T2,73260,F1,RAW,S0,sum_CRPS_normalized,2024-11-18,T2_TEST_1118,0.08037744886321027
T2,73260,F1,RAW,S0,sum_CRPS_Wh,2024-11-18,T2_TEST_1118,522000.8638902642
T2,73260,F1,RAW,S0,energy,2024-11-18,T2_TEST_1118,0.9658506294955289
T2,73260,F1,RAW,S0,variogram,2024-11-18,T2_TEST_1118,7008.087044852171
T2,73260,F1,RAW,S0,variogram_normalized,2024-11-18,T2_TEST_1118,0.025898447165556324
T2,73260,F1,RAW,S0,Brier,2024-11-18,T2_TEST_1118,0.0
T2,73260,F1,RAW,S0,marginal_CRPS_normalized,2024-11-18,T2_TEST_1118,0.14816383257988783
T2,73260,F2,RAW,S0,sum_CRPS_normalized,2024-11-18,T2_TEST_1118,0.07860698038394905
T2,73260,F2,RAW,S0,sum_CRPS_Wh,2024-11-18,T2_TEST_1118,510502.7871444139
T2,73260,F2,RAW,S0,energy,2024-11-18,T2_TEST_1118,0.9767171880331045
T2,73260,F2,RAW,S0,variogram,2024-11-18,T2_TEST_1118,7145.333020462965
T2,73260,F2,RAW,S0,variogram_normalized,2024-11-18,T2_TEST_1118,0.02640564087266821
T2,73260,F2,RAW,S0,Brier,2024-11-18,T2_TEST_1118,0.0
T2,73260,F2,RAW,S0,marginal_CRPS_normalized,2024-11-18,T2_TEST_1118,0.14816383257988783
T2,73260,F3,RAW,S0,sum_CRPS_normalized,2024-11-18,T2_TEST_1118,0.09415317470897477
T2,73260,F3,RAW,S0,sum_CRPS_Wh,2024-11-18,T2_TEST_1118,611465.5196352152
T2,73260,F3,RAW,S0,energy,2024-11-18,T2_TEST_1118,1.0083778393384124
T2,73260,F3,RAW,S0,variogram,2024-11-18,T2_TEST_1118,7098.26645872667
T2,73260,F3,RAW,S0,variogram_normalized,2024-11-18,T2_TEST_1118,0.026231705980793944
T2,73260,F3,RAW,S0,Brier,2024-11-18,T2_TEST_1118,0.0
T2,73260,F3,RAW,S0,marginal_CRPS_normalized,2024-11-18,T2_TEST_1118,0.14816383257988783
T2,73260,F0,RAW,S0,sum_CRPS_normalized,2024-11-19,T2_TEST_1119,0.19155096140579062
T2,73260,F0,RAW,S0,sum_CRPS_Wh,2024-11-19,T2_TEST_1119,1244002.7488680333
T2,73260,F0,RAW,S0,energy,2024-11-19,T2_TEST_1119,1.0030853360224894
T2,73260,F0,RAW,S0,variogram,2024-11-19,T2_TEST_1119,8413.645431601677
T2,73260,F0,RAW,S0,variogram_normalized,2024-11-19,T2_TEST_1119,0.031092700516629608
T2,73260,F0,RAW,S0,Brier,2024-11-19,T2_TEST_1119,0.0
T2,73260,F0,RAW,S0,marginal_CRPS_normalized,2024-11-19,T2_TEST_1119,0.17362350208256916
T2,73260,F1,RAW,S0,sum_CRPS_normalized,2024-11-19,T2_TEST_1119,0.15826027594116587
T2,73260,F1,RAW,S0,sum_CRPS_Wh,2024-11-19,T2_TEST_1119,1027800.7317872548
T2,73260,F1,RAW,S0,energy,2024-11-19,T2_TEST_1119,0.9910299892131764
T2,73260,F1,RAW,S0,variogram,2024-11-19,T2_TEST_1119,6608.684582833238
T2,73260,F1,RAW,S0,variogram_normalized,2024-11-19,T2_TEST_1119,0.02442245186267426
T2,73260,F1,RAW,S0,Brier,2024-11-19,T2_TEST_1119,0.0
T2,73260,F1,RAW,S0,marginal_CRPS_normalized,2024-11-19,T2_TEST_1119,0.17362350208256924
T2,73260,F2,RAW,S0,sum_CRPS_normalized,2024-11-19,T2_TEST_1119,0.1636564555722633
T2,73260,F2,RAW,S0,sum_CRPS_Wh,2024-11-19,T2_TEST_1119,1062845.516972384
T2,73260,F2,RAW,S0,energy,2024-11-19,T2_TEST_1119,1.0040222039649394
T2,73260,F2,RAW,S0,variogram,2024-11-19,T2_TEST_1119,7453.934741488584
T2,73260,F2,RAW,S0,variogram_normalized,2024-11-19,T2_TEST_1119,0.027546081240493344
T2,73260,F2,RAW,S0,Brier,2024-11-19,T2_TEST_1119,0.0
T2,73260,F2,RAW,S0,marginal_CRPS_normalized,2024-11-19,T2_TEST_1119,0.17362350208256927
T2,73260,F3,RAW,S0,sum_CRPS_normalized,2024-11-19,T2_TEST_1119,0.1410781722840243
T2,73260,F3,RAW,S0,sum_CRPS_Wh,2024-11-19,T2_TEST_1119,916213.7993910313
T2,73260,F3,RAW,S0,energy,2024-11-19,T2_TEST_1119,1.0051041408087578
T2,73260,F3,RAW,S0,variogram,2024-11-19,T2_TEST_1119,6339.562529513091
T2,73260,F3,RAW,S0,variogram_normalized,2024-11-19,T2_TEST_1119,0.02342790895326254
T2,73260,F3,RAW,S0,Brier,2024-11-19,T2_TEST_1119,0.0
T2,73260,F3,RAW,S0,marginal_CRPS_normalized,2024-11-19,T2_TEST_1119,0.17362350208256927
T2,73260,F0,RAW,S0,sum_CRPS_normalized,2024-11-20,T2_TEST_1120,0.21900858448885085
T2,73260,F0,RAW,S0,sum_CRPS_Wh,2024-11-20,T2_TEST_1120,1422322.7026914377
T2,73260,F0,RAW,S0,energy,2024-11-20,T2_TEST_1120,1.0238890533680143
T2,73260,F0,RAW,S0,variogram,2024-11-20,T2_TEST_1120,4794.32099330248
T2,73260,F0,RAW,S0,variogram_normalized,2024-11-20,T2_TEST_1120,0.01771745529772896
T2,73260,F0,RAW,S0,Brier,2024-11-20,T2_TEST_1120,0.0
T2,73260,F0,RAW,S0,marginal_CRPS_normalized,2024-11-20,T2_TEST_1120,0.18515768360439938
T2,73260,F1,RAW,S0,sum_CRPS_normalized,2024-11-20,T2_TEST_1120,0.19300256745703065
T2,73260,F1,RAW,S0,sum_CRPS_Wh,2024-11-20,T2_TEST_1120,1253430.0151410047
T2,73260,F1,RAW,S0,energy,2024-11-20,T2_TEST_1120,1.0154349512239278
T2,73260,F1,RAW,S0,variogram,2024-11-20,T2_TEST_1120,4350.16715207442
T2,73260,F1,RAW,S0,variogram_normalized,2024-11-20,T2_TEST_1120,0.016076080880315965
T2,73260,F1,RAW,S0,Brier,2024-11-20,T2_TEST_1120,0.0
T2,73260,F1,RAW,S0,marginal_CRPS_normalized,2024-11-20,T2_TEST_1120,0.18515768360439938
T2,73260,F2,RAW,S0,sum_CRPS_normalized,2024-11-20,T2_TEST_1120,0.20150326705936283
T2,73260,F2,RAW,S0,sum_CRPS_Wh,2024-11-20,T2_TEST_1120,1308636.7005838424
T2,73260,F2,RAW,S0,energy,2024-11-20,T2_TEST_1120,1.0122957524865996
T2,73260,F2,RAW,S0,variogram,2024-11-20,T2_TEST_1120,4369.94101080817
T2,73260,F2,RAW,S0,variogram_normalized,2024-11-20,T2_TEST_1120,0.016149155348769
T2,73260,F2,RAW,S0,Brier,2024-11-20,T2_TEST_1120,0.0
T2,73260,F2,RAW,S0,marginal_CRPS_normalized,2024-11-20,T2_TEST_1120,0.18515768360439938
T2,73260,F3,RAW,S0,sum_CRPS_normalized,2024-11-20,T2_TEST_1120,0.19048364890417085
T2,73260,F3,RAW,S0,sum_CRPS_Wh,2024-11-20,T2_TEST_1120,1237071.22695777
T2,73260,F3,RAW,S0,energy,2024-11-20,T2_TEST_1120,1.0250046968222581
T2,73260,F3,RAW,S0,variogram,2024-11-20,T2_TEST_1120,4288.241493767295
T2,73260,F3,RAW,S0,variogram_normalized,2024-11-20,T2_TEST_1120,0.015847234066685496
T2,73260,F3,RAW,S0,Brier,2024-11-20,T2_TEST_1120,0.0
T2,73260,F3,RAW,S0,marginal_CRPS_normalized,2024-11-20,T2_TEST_1120,0.18515768360439938
T2,73260,F0,RAW,S0,sum_CRPS_normalized,2024-11-21,T2_TEST_1121,0.031761898691223464
T2,73260,F0,RAW,S0,sum_CRPS_Wh,2024-11-21,T2_TEST_1121,206273.51066876727
T2,73260,F0,RAW,S0,energy,2024-11-21,T2_TEST_1121,0.6931816230432071
T2,73260,F0,RAW,S0,variogram,2024-11-21,T2_TEST_1121,5899.986800250213
T2,73260,F0,RAW,S0,variogram_normalized,2024-11-21,T2_TEST_1121,0.02180345298878676
T2,73260,F0,RAW,S0,Brier,2024-11-21,T2_TEST_1121,0.0
T2,73260,F0,RAW,S0,marginal_CRPS_normalized,2024-11-21,T2_TEST_1121,0.10767437304640737
T2,73260,F1,RAW,S0,sum_CRPS_normalized,2024-11-21,T2_TEST_1121,0.03166867528129587
T2,73260,F1,RAW,S0,sum_CRPS_Wh,2024-11-21,T2_TEST_1121,205668.0833853035
T2,73260,F1,RAW,S0,energy,2024-11-21,T2_TEST_1121,0.6923003219405757
T2,73260,F1,RAW,S0,variogram,2024-11-21,T2_TEST_1121,5484.304137197662
T2,73260,F1,RAW,S0,variogram_normalized,2024-11-21,T2_TEST_1121,0.020267294060137022
T2,73260,F1,RAW,S0,Brier,2024-11-21,T2_TEST_1121,0.0
T2,73260,F1,RAW,S0,marginal_CRPS_normalized,2024-11-21,T2_TEST_1121,0.10767437304640738
T2,73260,F2,RAW,S0,sum_CRPS_normalized,2024-11-21,T2_TEST_1121,0.03207204572331491
T2,73260,F2,RAW,S0,sum_CRPS_Wh,2024-11-21,T2_TEST_1121,208287.7201388919
T2,73260,F2,RAW,S0,energy,2024-11-21,T2_TEST_1121,0.6845008880238274
T2,73260,F2,RAW,S0,variogram,2024-11-21,T2_TEST_1121,5488.789469024458
T2,73260,F2,RAW,S0,variogram_normalized,2024-11-21,T2_TEST_1121,0.02028386964325875
T2,73260,F2,RAW,S0,Brier,2024-11-21,T2_TEST_1121,0.0
T2,73260,F2,RAW,S0,marginal_CRPS_normalized,2024-11-21,T2_TEST_1121,0.10767437304640734
T2,73260,F3,RAW,S0,sum_CRPS_normalized,2024-11-21,T2_TEST_1121,0.027869209567890654
T2,73260,F3,RAW,S0,sum_CRPS_Wh,2024-11-21,T2_TEST_1121,180992.9485960137
T2,73260,F3,RAW,S0,energy,2024-11-21,T2_TEST_1121,0.7068324615897592
T2,73260,F3,RAW,S0,variogram,2024-11-21,T2_TEST_1121,5229.397238855
T2,73260,F3,RAW,S0,variogram_normalized,2024-11-21,T2_TEST_1121,0.01932528338067313
T2,73260,F3,RAW,S0,Brier,2024-11-21,T2_TEST_1121,0.0
T2,73260,F3,RAW,S0,marginal_CRPS_normalized,2024-11-21,T2_TEST_1121,0.10767437304640734
T2,73260,F0,RAW,S0,sum_CRPS_normalized,2024-11-22,T2_TEST_1122,0.03081628215329782
T2,73260,F0,RAW,S0,sum_CRPS_Wh,2024-11-22,T2_TEST_1122,200132.32733081188
T2,73260,F0,RAW,S0,energy,2024-11-22,T2_TEST_1122,1.095597840932558
T2,73260,F0,RAW,S0,variogram,2024-11-22,T2_TEST_1122,8937.226174971609
T2,73260,F0,RAW,S0,variogram_normalized,2024-11-22,T2_TEST_1122,0.03302759774782616
T2,73260,F0,RAW,S0,Brier,2024-11-22,T2_TEST_1122,0.0
T2,73260,F0,RAW,S0,marginal_CRPS_normalized,2024-11-22,T2_TEST_1122,0.18743586647498645
T2,73260,F1,RAW,S0,sum_CRPS_normalized,2024-11-22,T2_TEST_1122,0.03250678082991494
T2,73260,F1,RAW,S0,sum_CRPS_Wh,2024-11-22,T2_TEST_1122,211111.0506180023
T2,73260,F1,RAW,S0,energy,2024-11-22,T2_TEST_1122,1.0908607100004946
T2,73260,F1,RAW,S0,variogram,2024-11-22,T2_TEST_1122,9029.851275362003
T2,73260,F1,RAW,S0,variogram_normalized,2024-11-22,T2_TEST_1122,0.033369894619042544
T2,73260,F1,RAW,S0,Brier,2024-11-22,T2_TEST_1122,0.0
T2,73260,F1,RAW,S0,marginal_CRPS_normalized,2024-11-22,T2_TEST_1122,0.18743586647498645
T2,73260,F2,RAW,S0,sum_CRPS_normalized,2024-11-22,T2_TEST_1122,0.030900662759534445
T2,73260,F2,RAW,S0,sum_CRPS_Wh,2024-11-22,T2_TEST_1122,200680.32617842476
T2,73260,F2,RAW,S0,energy,2024-11-22,T2_TEST_1122,1.0902472513982238
T2,73260,F2,RAW,S0,variogram,2024-11-22,T2_TEST_1122,8784.130071462558
T2,73260,F2,RAW,S0,variogram_normalized,2024-11-22,T2_TEST_1122,0.03246182975399192
T2,73260,F2,RAW,S0,Brier,2024-11-22,T2_TEST_1122,0.0
T2,73260,F2,RAW,S0,marginal_CRPS_normalized,2024-11-22,T2_TEST_1122,0.18743586647498645
T2,73260,F3,RAW,S0,sum_CRPS_normalized,2024-11-22,T2_TEST_1122,0.026843010361517986
T2,73260,F3,RAW,S0,sum_CRPS_Wh,2024-11-22,T2_TEST_1122,174328.43162233278
T2,73260,F3,RAW,S0,energy,2024-11-22,T2_TEST_1122,1.1035983000403404
T2,73260,F3,RAW,S0,variogram,2024-11-22,T2_TEST_1122,8753.93727341674
T2,73260,F3,RAW,S0,variogram_normalized,2024-11-22,T2_TEST_1122,0.03235025200389187
T2,73260,F3,RAW,S0,Brier,2024-11-22,T2_TEST_1122,0.0
T2,73260,F3,RAW,S0,marginal_CRPS_normalized,2024-11-22,T2_TEST_1122,0.18743586647498645
T2,73260,F0,RAW,S0,sum_CRPS_normalized,2024-11-23,T2_TEST_1123,0.18077470134258214
T2,73260,F0,RAW,S0,sum_CRPS_Wh,2024-11-23,T2_TEST_1123,1174017.732646951
T2,73260,F0,RAW,S0,energy,2024-11-23,T2_TEST_1123,1.1421293882190415
T2,73260,F0,RAW,S0,variogram,2024-11-23,T2_TEST_1123,15452.848979912063
T2,73260,F0,RAW,S0,variogram_normalized,2024-11-23,T2_TEST_1123,0.057106138993742395
T2,73260,F0,RAW,S0,Brier,2024-11-23,T2_TEST_1123,0.0
T2,73260,F0,RAW,S0,marginal_CRPS_normalized,2024-11-23,T2_TEST_1123,0.19846851022082374
T2,73260,F1,RAW,S0,sum_CRPS_normalized,2024-11-23,T2_TEST_1123,0.1535726782822343
T2,73260,F1,RAW,S0,sum_CRPS_Wh,2024-11-23,T2_TEST_1123,997357.7398518359
T2,73260,F1,RAW,S0,energy,2024-11-23,T2_TEST_1123,1.1248586503647149
T2,73260,F1,RAW,S0,variogram,2024-11-23,T2_TEST_1123,14099.40278373978
T2,73260,F1,RAW,S0,variogram_normalized,2024-11-23,T2_TEST_1123,0.05210446670019707
T2,73260,F1,RAW,S0,Brier,2024-11-23,T2_TEST_1123,0.0
T2,73260,F1,RAW,S0,marginal_CRPS_normalized,2024-11-23,T2_TEST_1123,0.19846851022082374
T2,73260,F2,RAW,S0,sum_CRPS_normalized,2024-11-23,T2_TEST_1123,0.15989257765811862
T2,73260,F2,RAW,S0,sum_CRPS_Wh,2024-11-23,T2_TEST_1123,1038401.502506278
T2,73260,F2,RAW,S0,energy,2024-11-23,T2_TEST_1123,1.1239154572223498
T2,73260,F2,RAW,S0,variogram,2024-11-23,T2_TEST_1123,14495.981211236485
T2,73260,F2,RAW,S0,variogram_normalized,2024-11-23,T2_TEST_1123,0.053570025758723216
T2,73260,F2,RAW,S0,Brier,2024-11-23,T2_TEST_1123,0.0
T2,73260,F2,RAW,S0,marginal_CRPS_normalized,2024-11-23,T2_TEST_1123,0.1984685102208238
T2,73260,F3,RAW,S0,sum_CRPS_normalized,2024-11-23,T2_TEST_1123,0.15667620349370068
T2,73260,F3,RAW,S0,sum_CRPS_Wh,2024-11-23,T2_TEST_1123,1017513.1797719025
T2,73260,F3,RAW,S0,energy,2024-11-23,T2_TEST_1123,1.1301175235211236
T2,73260,F3,RAW,S0,variogram,2024-11-23,T2_TEST_1123,13713.550007934195
T2,73260,F3,RAW,S0,variogram_normalized,2024-11-23,T2_TEST_1123,0.05067854438160592
T2,73260,F3,RAW,S0,Brier,2024-11-23,T2_TEST_1123,0.0
T2,73260,F3,RAW,S0,marginal_CRPS_normalized,2024-11-23,T2_TEST_1123,0.1984685102208237
T2,73260,F0,RAW,S0,sum_CRPS_normalized,2024-11-24,T2_TEST_1124,0.1691021938717978
T2,73260,F0,RAW,S0,sum_CRPS_Wh,2024-11-24,T2_TEST_1124,1098212.1544693653
T2,73260,F0,RAW,S0,energy,2024-11-24,T2_TEST_1124,0.8370214222104793
T2,73260,F0,RAW,S0,variogram,2024-11-24,T2_TEST_1124,10287.839558957237
T2,73260,F0,RAW,S0,variogram_normalized,2024-11-24,T2_TEST_1124,0.03801880135907966
T2,73260,F0,RAW,S0,Brier,2024-11-24,T2_TEST_1124,0.0
T2,73260,F0,RAW,S0,marginal_CRPS_normalized,2024-11-24,T2_TEST_1124,0.14514868115964968
T2,73260,F1,RAW,S0,sum_CRPS_normalized,2024-11-24,T2_TEST_1124,0.14351699054243042
T2,73260,F1,RAW,S0,sum_CRPS_Wh,2024-11-24,T2_TEST_1124,932052.3866535593
T2,73260,F1,RAW,S0,energy,2024-11-24,T2_TEST_1124,0.8252159517279791
T2,73260,F1,RAW,S0,variogram,2024-11-24,T2_TEST_1124,9541.375341226161
T2,73260,F1,RAW,S0,variogram_normalized,2024-11-24,T2_TEST_1124,0.035260236292727176
T2,73260,F1,RAW,S0,Brier,2024-11-24,T2_TEST_1124,0.0
T2,73260,F1,RAW,S0,marginal_CRPS_normalized,2024-11-24,T2_TEST_1124,0.14514868115964968
T2,73260,F2,RAW,S0,sum_CRPS_normalized,2024-11-24,T2_TEST_1124,0.15025052095573907
T2,73260,F2,RAW,S0,sum_CRPS_Wh,2024-11-24,T2_TEST_1124,975782.4221609104
T2,73260,F2,RAW,S0,energy,2024-11-24,T2_TEST_1124,0.8313264746749582
T2,73260,F2,RAW,S0,variogram,2024-11-24,T2_TEST_1124,9720.279443009867
T2,73260,F2,RAW,S0,variogram_normalized,2024-11-24,T2_TEST_1124,0.035921377970633425
T2,73260,F2,RAW,S0,Brier,2024-11-24,T2_TEST_1124,0.0
T2,73260,F2,RAW,S0,marginal_CRPS_normalized,2024-11-24,T2_TEST_1124,0.1451486811596497
T2,73260,F3,RAW,S0,sum_CRPS_normalized,2024-11-24,T2_TEST_1124,0.13928254854288125
T2,73260,F3,RAW,S0,sum_CRPS_Wh,2024-11-24,T2_TEST_1124,904552.3550760504
T2,73260,F3,RAW,S0,energy,2024-11-24,T2_TEST_1124,0.8288430190901287
T2,73260,F3,RAW,S0,variogram,2024-11-24,T2_TEST_1124,9044.757748211623
T2,73260,F3,RAW,S0,variogram_normalized,2024-11-24,T2_TEST_1124,0.0334249816202527
T2,73260,F3,RAW,S0,Brier,2024-11-24,T2_TEST_1124,0.0
T2,73260,F3,RAW,S0,marginal_CRPS_normalized,2024-11-24,T2_TEST_1124,0.14514868115964968
T2,73260,F0,RAW,S0,sum_CRPS_normalized,2024-11-25,T2_TEST_1125,0.03223805076610716
T2,73260,F0,RAW,S0,sum_CRPS_Wh,2024-11-25,T2_TEST_1125,209365.81824941002
T2,73260,F0,RAW,S0,energy,2024-11-25,T2_TEST_1125,0.7528951944178158
T2,73260,F0,RAW,S0,variogram,2024-11-25,T2_TEST_1125,7551.110486591824
T2,73260,F0,RAW,S0,variogram_normalized,2024-11-25,T2_TEST_1125,0.027905195059174933
T2,73260,F0,RAW,S0,Brier,2024-11-25,T2_TEST_1125,0.0
T2,73260,F0,RAW,S0,marginal_CRPS_normalized,2024-11-25,T2_TEST_1125,0.11758174010028928
T2,73260,F1,RAW,S0,sum_CRPS_normalized,2024-11-25,T2_TEST_1125,0.03261445878190338
T2,73260,F1,RAW,S0,sum_CRPS_Wh,2024-11-25,T2_TEST_1125,211810.35104063153
T2,73260,F1,RAW,S0,energy,2024-11-25,T2_TEST_1125,0.737410711578825
T2,73260,F1,RAW,S0,variogram,2024-11-25,T2_TEST_1125,6540.752294620236
T2,73260,F1,RAW,S0,variogram_normalized,2024-11-25,T2_TEST_1125,0.024171407495522438
T2,73260,F1,RAW,S0,Brier,2024-11-25,T2_TEST_1125,0.0
T2,73260,F1,RAW,S0,marginal_CRPS_normalized,2024-11-25,T2_TEST_1125,0.11758174010028927
T2,73260,F2,RAW,S0,sum_CRPS_normalized,2024-11-25,T2_TEST_1125,0.03101733304821005
T2,73260,F2,RAW,S0,sum_CRPS_Wh,2024-11-25,T2_TEST_1125,201438.026159456
T2,73260,F2,RAW,S0,energy,2024-11-25,T2_TEST_1125,0.7482068904663932
T2,73260,F2,RAW,S0,variogram,2024-11-25,T2_TEST_1125,6959.468214523731
T2,73260,F2,RAW,S0,variogram_normalized,2024-11-25,T2_TEST_1125,0.025718775851479657
T2,73260,F2,RAW,S0,Brier,2024-11-25,T2_TEST_1125,0.0
T2,73260,F2,RAW,S0,marginal_CRPS_normalized,2024-11-25,T2_TEST_1125,0.11758174010028927
T2,73260,F3,RAW,S0,sum_CRPS_normalized,2024-11-25,T2_TEST_1125,0.029918963426304845
T2,73260,F3,RAW,S0,sum_CRPS_Wh,2024-11-25,T2_TEST_1125,194304.80783000775
T2,73260,F3,RAW,S0,energy,2024-11-25,T2_TEST_1125,0.7384176676688468
T2,73260,F3,RAW,S0,variogram,2024-11-25,T2_TEST_1125,6078.874322534843
T2,73260,F3,RAW,S0,variogram_normalized,2024-11-25,T2_TEST_1125,0.0224645333970087
T2,73260,F3,RAW,S0,Brier,2024-11-25,T2_TEST_1125,0.0
T2,73260,F3,RAW,S0,marginal_CRPS_normalized,2024-11-25,T2_TEST_1125,0.11758174010028928
T2,73260,F0,RAW,S0,sum_CRPS_normalized,2024-11-26,T2_TEST_1126,0.16366616875326714
T2,73260,F0,RAW,S0,sum_CRPS_Wh,2024-11-26,T2_TEST_1126,1062908.5979602337
T2,73260,F0,RAW,S0,energy,2024-11-26,T2_TEST_1126,1.0694003134228949
T2,73260,F0,RAW,S0,variogram,2024-11-26,T2_TEST_1126,7152.842540878557
T2,73260,F0,RAW,S0,variogram_normalized,2024-11-26,T2_TEST_1126,0.026433392371255082
T2,73260,F0,RAW,S0,Brier,2024-11-26,T2_TEST_1126,0.0
T2,73260,F0,RAW,S0,marginal_CRPS_normalized,2024-11-26,T2_TEST_1126,0.1884994263916016
T2,73260,F1,RAW,S0,sum_CRPS_normalized,2024-11-26,T2_TEST_1126,0.14526280145227188
T2,73260,F1,RAW,S0,sum_CRPS_Wh,2024-11-26,T2_TEST_1126,943390.3280290961
T2,73260,F1,RAW,S0,energy,2024-11-26,T2_TEST_1126,1.0678176246283455
T2,73260,F1,RAW,S0,variogram,2024-11-26,T2_TEST_1126,7139.559406123165
T2,73260,F1,RAW,S0,variogram_normalized,2024-11-26,T2_TEST_1126,0.026384304430215853
T2,73260,F1,RAW,S0,Brier,2024-11-26,T2_TEST_1126,0.0
T2,73260,F1,RAW,S0,marginal_CRPS_normalized,2024-11-26,T2_TEST_1126,0.1884994263916016
T2,73260,F2,RAW,S0,sum_CRPS_normalized,2024-11-26,T2_TEST_1126,0.1504001644278357
T2,73260,F2,RAW,S0,sum_CRPS_Wh,2024-11-26,T2_TEST_1126,976754.2621833887
T2,73260,F2,RAW,S0,energy,2024-11-26,T2_TEST_1126,1.0666374349264478
T2,73260,F2,RAW,S0,variogram,2024-11-26,T2_TEST_1126,7139.691055817654
T2,73260,F2,RAW,S0,variogram_normalized,2024-11-26,T2_TEST_1126,0.026384790942816976
T2,73260,F2,RAW,S0,Brier,2024-11-26,T2_TEST_1126,0.0
T2,73260,F2,RAW,S0,marginal_CRPS_normalized,2024-11-26,T2_TEST_1126,0.1884994263916016
T2,73260,F3,RAW,S0,sum_CRPS_normalized,2024-11-26,T2_TEST_1126,0.1468886479300343
T2,73260,F3,RAW,S0,sum_CRPS_Wh,2024-11-26,T2_TEST_1126,953949.1760386825
T2,73260,F3,RAW,S0,energy,2024-11-26,T2_TEST_1126,1.0737811863415314
T2,73260,F3,RAW,S0,variogram,2024-11-26,T2_TEST_1126,7191.991847978165
T2,73260,F3,RAW,S0,variogram_normalized,2024-11-26,T2_TEST_1126,0.02657806897915083
T2,73260,F3,RAW,S0,Brier,2024-11-26,T2_TEST_1126,0.0
T2,73260,F3,RAW,S0,marginal_CRPS_normalized,2024-11-26,T2_TEST_1126,0.1884994263916016
T2,73260,F0,RAW,S0,sum_CRPS_normalized,2024-11-27,T2_TEST_1127,0.01204291433985333
T2,73260,F0,RAW,S0,sum_CRPS_Wh,2024-11-27,T2_TEST_1127,78211.13730367791
T2,73260,F0,RAW,S0,energy,2024-11-27,T2_TEST_1127,0.5876562469291315
T2,73260,F0,RAW,S0,variogram,2024-11-27,T2_TEST_1127,6017.044829772126
T2,73260,F0,RAW,S0,variogram_normalized,2024-11-27,T2_TEST_1127,0.022236041963991385
T2,73260,F0,RAW,S0,Brier,2024-11-27,T2_TEST_1127,0.0
T2,73260,F0,RAW,S0,marginal_CRPS_normalized,2024-11-27,T2_TEST_1127,0.09598530055930717
T2,73260,F1,RAW,S0,sum_CRPS_normalized,2024-11-27,T2_TEST_1127,0.024855134713392894
T2,73260,F1,RAW,S0,sum_CRPS_Wh,2024-11-27,T2_TEST_1127,161418.43235881208
T2,73260,F1,RAW,S0,energy,2024-11-27,T2_TEST_1127,0.5840113287911063
T2,73260,F1,RAW,S0,variogram,2024-11-27,T2_TEST_1127,5129.703558423745
T2,73260,F1,RAW,S0,variogram_normalized,2024-11-27,T2_TEST_1127,0.018956864509893652
T2,73260,F1,RAW,S0,Brier,2024-11-27,T2_TEST_1127,0.0
T2,73260,F1,RAW,S0,marginal_CRPS_normalized,2024-11-27,T2_TEST_1127,0.09598530055930717
T2,73260,F2,RAW,S0,sum_CRPS_normalized,2024-11-27,T2_TEST_1127,0.02302642194881555
T2,73260,F2,RAW,S0,sum_CRPS_Wh,2024-11-27,T2_TEST_1127,149542.09569451847
T2,73260,F2,RAW,S0,energy,2024-11-27,T2_TEST_1127,0.5869043937845089
T2,73260,F2,RAW,S0,variogram,2024-11-27,T2_TEST_1127,5263.999681030054
T2,73260,F2,RAW,S0,variogram_normalized,2024-11-27,T2_TEST_1127,0.01945315700934447
T2,73260,F2,RAW,S0,Brier,2024-11-27,T2_TEST_1127,0.0
T2,73260,F2,RAW,S0,marginal_CRPS_normalized,2024-11-27,T2_TEST_1127,0.09598530055930717
T2,73260,F3,RAW,S0,sum_CRPS_normalized,2024-11-27,T2_TEST_1127,0.026445900722399357
T2,73260,F3,RAW,S0,sum_CRPS_Wh,2024-11-27,T2_TEST_1127,171749.4548370425
T2,73260,F3,RAW,S0,energy,2024-11-27,T2_TEST_1127,0.5996281900303433
T2,73260,F3,RAW,S0,variogram,2024-11-27,T2_TEST_1127,4668.76149339748
T2,73260,F3,RAW,S0,variogram_normalized,2024-11-27,T2_TEST_1127,0.017253449064128887
T2,73260,F3,RAW,S0,Brier,2024-11-27,T2_TEST_1127,0.0
T2,73260,F3,RAW,S0,marginal_CRPS_normalized,2024-11-27,T2_TEST_1127,0.09598530055930718
T2,73260,F0,RAW,S0,sum_CRPS_normalized,2024-11-28,T2_TEST_1128,0.053346064181621564
T2,73260,F0,RAW,S0,sum_CRPS_Wh,2024-11-28,T2_TEST_1128,346449.05980211694
T2,73260,F0,RAW,S0,energy,2024-11-28,T2_TEST_1128,0.777045399128125
T2,73260,F0,RAW,S0,variogram,2024-11-28,T2_TEST_1128,6263.685181318828
T2,73260,F0,RAW,S0,variogram_normalized,2024-11-28,T2_TEST_1128,0.02314750354723735
T2,73260,F0,RAW,S0,Brier,2024-11-28,T2_TEST_1128,0.0
T2,73260,F0,RAW,S0,marginal_CRPS_normalized,2024-11-28,T2_TEST_1128,0.12264341377187304
T2,73260,F1,RAW,S0,sum_CRPS_normalized,2024-11-28,T2_TEST_1128,0.04504142344774264
T2,73260,F1,RAW,S0,sum_CRPS_Wh,2024-11-28,T2_TEST_1128,292515.65312283044
T2,73260,F1,RAW,S0,energy,2024-11-28,T2_TEST_1128,0.777395209125326
T2,73260,F1,RAW,S0,variogram,2024-11-28,T2_TEST_1128,6494.289764311788
T2,73260,F1,RAW,S0,variogram_normalized,2024-11-28,T2_TEST_1128,0.02399970480708975
T2,73260,F1,RAW,S0,Brier,2024-11-28,T2_TEST_1128,0.0
T2,73260,F1,RAW,S0,marginal_CRPS_normalized,2024-11-28,T2_TEST_1128,0.12264341377187304
T2,73260,F2,RAW,S0,sum_CRPS_normalized,2024-11-28,T2_TEST_1128,0.04455789953767827
T2,73260,F2,RAW,S0,sum_CRPS_Wh,2024-11-28,T2_TEST_1128,289375.4701195761
T2,73260,F2,RAW,S0,energy,2024-11-28,T2_TEST_1128,0.7757883903394747
T2,73260,F2,RAW,S0,variogram,2024-11-28,T2_TEST_1128,6445.433331311832
T2,73260,F2,RAW,S0,variogram_normalized,2024-11-28,T2_TEST_1128,0.023819155430255694
T2,73260,F2,RAW,S0,Brier,2024-11-28,T2_TEST_1128,0.0
T2,73260,F2,RAW,S0,marginal_CRPS_normalized,2024-11-28,T2_TEST_1128,0.12264341377187304
T2,73260,F3,RAW,S0,sum_CRPS_normalized,2024-11-28,T2_TEST_1128,0.057405354431313484
T2,73260,F3,RAW,S0,sum_CRPS_Wh,2024-11-28,T2_TEST_1128,372811.59117241006
T2,73260,F3,RAW,S0,energy,2024-11-28,T2_TEST_1128,0.8018273873976319
T2,73260,F3,RAW,S0,variogram,2024-11-28,T2_TEST_1128,7034.423506980371
T2,73260,F3,RAW,S0,variogram_normalized,2024-11-28,T2_TEST_1128,0.025995773792436033
T2,73260,F3,RAW,S0,Brier,2024-11-28,T2_TEST_1128,0.0
T2,73260,F3,RAW,S0,marginal_CRPS_normalized,2024-11-28,T2_TEST_1128,0.12264341377187304
T2,73260,F0,RAW,S0,sum_CRPS_normalized,2024-11-29,T2_TEST_1129,0.07657454788705972
T2,73260,F0,RAW,S0,sum_CRPS_Wh,2024-11-29,T2_TEST_1129,497303.4192348849
T2,73260,F0,RAW,S0,energy,2024-11-29,T2_TEST_1129,0.826708176355084
T2,73260,F0,RAW,S0,variogram,2024-11-29,T2_TEST_1129,6098.060023462584
T2,73260,F0,RAW,S0,variogram_normalized,2024-11-29,T2_TEST_1129,0.02253543432312894
T2,73260,F0,RAW,S0,Brier,2024-11-29,T2_TEST_1129,0.0
T2,73260,F0,RAW,S0,marginal_CRPS_normalized,2024-11-29,T2_TEST_1129,0.14052789448567093
T2,73260,F1,RAW,S0,sum_CRPS_normalized,2024-11-29,T2_TEST_1129,0.061119872893053435
T2,73260,F1,RAW,S0,sum_CRPS_Wh,2024-11-29,T2_TEST_1129,396935.0471092168
T2,73260,F1,RAW,S0,energy,2024-11-29,T2_TEST_1129,0.8170479394928549
T2,73260,F1,RAW,S0,variogram,2024-11-29,T2_TEST_1129,5787.882555376896
T2,73260,F1,RAW,S0,variogram_normalized,2024-11-29,T2_TEST_1129,0.02138917076821719
T2,73260,F1,RAW,S0,Brier,2024-11-29,T2_TEST_1129,0.0
T2,73260,F1,RAW,S0,marginal_CRPS_normalized,2024-11-29,T2_TEST_1129,0.14052789448567096
T2,73260,F2,RAW,S0,sum_CRPS_normalized,2024-11-29,T2_TEST_1129,0.06344399552573772
T2,73260,F2,RAW,S0,sum_CRPS_Wh,2024-11-29,T2_TEST_1129,412028.75858185603
T2,73260,F2,RAW,S0,energy,2024-11-29,T2_TEST_1129,0.8203695802166409
T2,73260,F2,RAW,S0,variogram,2024-11-29,T2_TEST_1129,5829.085319286023
T2,73260,F2,RAW,S0,variogram_normalized,2024-11-29,T2_TEST_1129,0.021541435943770233
T2,73260,F2,RAW,S0,Brier,2024-11-29,T2_TEST_1129,0.0
T2,73260,F2,RAW,S0,marginal_CRPS_normalized,2024-11-29,T2_TEST_1129,0.14052789448567093
T2,73260,F3,RAW,S0,sum_CRPS_normalized,2024-11-29,T2_TEST_1129,0.0485632143093613
T2,73260,F3,RAW,S0,sum_CRPS_Wh,2024-11-29,T2_TEST_1129,315387.4647840143
T2,73260,F3,RAW,S0,energy,2024-11-29,T2_TEST_1129,0.8270691796475012
T2,73260,F3,RAW,S0,variogram,2024-11-29,T2_TEST_1129,5740.1265614993
T2,73260,F3,RAW,S0,variogram_normalized,2024-11-29,T2_TEST_1129,0.021212688073815433
T2,73260,F3,RAW,S0,Brier,2024-11-29,T2_TEST_1129,0.0
T2,73260,F3,RAW,S0,marginal_CRPS_normalized,2024-11-29,T2_TEST_1129,0.14052789448567096
T2,73260,F0,RAW,S0,sum_CRPS_normalized,2024-11-30,T2_TEST_1130,0.3468477988321173
T2,73260,F0,RAW,S0,sum_CRPS_Wh,2024-11-30,T2_TEST_1130,2252557.815525205
T2,73260,F0,RAW,S0,energy,2024-11-30,T2_TEST_1130,1.5188820176486182
T2,73260,F0,RAW,S0,variogram,2024-11-30,T2_TEST_1130,9384.045270090759
T2,73260,F0,RAW,S0,variogram_normalized,2024-11-30,T2_TEST_1130,0.03467882163437951
T2,73260,F0,RAW,S0,Brier,2024-11-30,T2_TEST_1130,0.0
T2,73260,F0,RAW,S0,marginal_CRPS_normalized,2024-11-30,T2_TEST_1130,0.2720587806476689
T2,73260,F1,RAW,S0,sum_CRPS_normalized,2024-11-30,T2_TEST_1130,0.3184144517832399
T2,73260,F1,RAW,S0,sum_CRPS_Wh,2024-11-30,T2_TEST_1130,2067901.1495981133
T2,73260,F1,RAW,S0,energy,2024-11-30,T2_TEST_1130,1.4981415133525615
T2,73260,F1,RAW,S0,variogram,2024-11-30,T2_TEST_1130,8162.0749192080575
T2,73260,F1,RAW,S0,variogram_normalized,2024-11-30,T2_TEST_1130,0.030163019480714974
T2,73260,F1,RAW,S0,Brier,2024-11-30,T2_TEST_1130,0.0
T2,73260,F1,RAW,S0,marginal_CRPS_normalized,2024-11-30,T2_TEST_1130,0.272058780647669
T2,73260,F2,RAW,S0,sum_CRPS_normalized,2024-11-30,T2_TEST_1130,0.3246581143539557
T2,73260,F2,RAW,S0,sum_CRPS_Wh,2024-11-30,T2_TEST_1130,2108449.802259379
T2,73260,F2,RAW,S0,energy,2024-11-30,T2_TEST_1130,1.499004723174698
T2,73260,F2,RAW,S0,variogram,2024-11-30,T2_TEST_1130,8470.598835624785
T2,73260,F2,RAW,S0,variogram_normalized,2024-11-30,T2_TEST_1130,0.03130317232092526
T2,73260,F2,RAW,S0,Brier,2024-11-30,T2_TEST_1130,0.0
T2,73260,F2,RAW,S0,marginal_CRPS_normalized,2024-11-30,T2_TEST_1130,0.272058780647669
T2,73260,F3,RAW,S0,sum_CRPS_normalized,2024-11-30,T2_TEST_1130,0.31360890435268085
T2,73260,F3,RAW,S0,sum_CRPS_Wh,2024-11-30,T2_TEST_1130,2036692.1482464215
T2,73260,F3,RAW,S0,energy,2024-11-30,T2_TEST_1130,1.514936960933486
T2,73260,F3,RAW,S0,variogram,2024-11-30,T2_TEST_1130,7143.6809543714735
T2,73260,F3,RAW,S0,variogram_normalized,2024-11-30,T2_TEST_1130,0.026399535647931325
T2,73260,F3,RAW,S0,Brier,2024-11-30,T2_TEST_1130,0.0
T2,73260,F3,RAW,S0,marginal_CRPS_normalized,2024-11-30,T2_TEST_1130,0.272058780647669
T2,73260,F0,RAW,S0,sum_CRPS_normalized,2024-12-01,T2_TEST_1201,0.01611402456819171
T2,73260,F0,RAW,S0,sum_CRPS_Wh,2024-12-01,T2_TEST_1201,104650.43198447512
T2,73260,F0,RAW,S0,energy,2024-12-01,T2_TEST_1201,0.8050911007471997
T2,73260,F0,RAW,S0,variogram,2024-12-01,T2_TEST_1201,12157.852200520825
T2,73260,F0,RAW,S0,variogram_normalized,2024-12-01,T2_TEST_1201,0.04492944948409572
T2,73260,F0,RAW,S0,Brier,2024-12-01,T2_TEST_1201,0.0
T2,73260,F0,RAW,S0,marginal_CRPS_normalized,2024-12-01,T2_TEST_1201,0.13447018052187887
T2,73260,F1,RAW,S0,sum_CRPS_normalized,2024-12-01,T2_TEST_1201,0.02643233001924315
T2,73260,F1,RAW,S0,sum_CRPS_Wh,2024-12-01,T2_TEST_1201,171661.32167442876
T2,73260,F1,RAW,S0,energy,2024-12-01,T2_TEST_1201,0.8050406667557787
T2,73260,F1,RAW,S0,variogram,2024-12-01,T2_TEST_1201,11206.565231949959
T2,73260,F1,RAW,S0,variogram_normalized,2024-12-01,T2_TEST_1201,0.041413960144831306
T2,73260,F1,RAW,S0,Brier,2024-12-01,T2_TEST_1201,0.0
T2,73260,F1,RAW,S0,marginal_CRPS_normalized,2024-12-01,T2_TEST_1201,0.13447018052187884
T2,73260,F2,RAW,S0,sum_CRPS_normalized,2024-12-01,T2_TEST_1201,0.024246525188412527
T2,73260,F2,RAW,S0,sum_CRPS_Wh,2024-12-01,T2_TEST_1201,157465.89713525376
T2,73260,F2,RAW,S0,energy,2024-12-01,T2_TEST_1201,0.8034479759942706
T2,73260,F2,RAW,S0,variogram,2024-12-01,T2_TEST_1201,11707.965402475922
T2,73260,F2,RAW,S0,variogram_normalized,2024-12-01,T2_TEST_1201,0.04326688887446319
T2,73260,F2,RAW,S0,Brier,2024-12-01,T2_TEST_1201,0.0
T2,73260,F2,RAW,S0,marginal_CRPS_normalized,2024-12-01,T2_TEST_1201,0.1344701805218789
T2,73260,F3,RAW,S0,sum_CRPS_normalized,2024-12-01,T2_TEST_1201,0.025499050287071258
T2,73260,F3,RAW,S0,sum_CRPS_Wh,2024-12-01,T2_TEST_1201,165600.25811325386
T2,73260,F3,RAW,S0,energy,2024-12-01,T2_TEST_1201,0.8278672605510229
T2,73260,F3,RAW,S0,variogram,2024-12-01,T2_TEST_1201,11180.327571044421
T2,73260,F3,RAW,S0,variogram_normalized,2024-12-01,T2_TEST_1201,0.04131699863873686
T2,73260,F3,RAW,S0,Brier,2024-12-01,T2_TEST_1201,0.0
T2,73260,F3,RAW,S0,marginal_CRPS_normalized,2024-12-01,T2_TEST_1201,0.13447018052187887
T2,73260,F0,RAW,S0,sum_CRPS_normalized,2024-12-02,T2_TEST_1202,0.012620847139848292
T2,73260,F0,RAW,S0,sum_CRPS_Wh,2024-12-02,T2_TEST_1202,81964.44653574005
T2,73260,F0,RAW,S0,energy,2024-12-02,T2_TEST_1202,0.518199033948134
T2,73260,F0,RAW,S0,variogram,2024-12-02,T2_TEST_1202,3635.9554025056323
T2,73260,F0,RAW,S0,variogram_normalized,2024-12-02,T2_TEST_1202,0.013436705093051185
T2,73260,F0,RAW,S0,Brier,2024-12-02,T2_TEST_1202,0.0
T2,73260,F0,RAW,S0,marginal_CRPS_normalized,2024-12-02,T2_TEST_1202,0.08149903337137168
T2,73260,F1,RAW,S0,sum_CRPS_normalized,2024-12-02,T2_TEST_1202,0.022237972310490448
T2,73260,F1,RAW,S0,sum_CRPS_Wh,2024-12-02,T2_TEST_1202,144421.6122982353
T2,73260,F1,RAW,S0,energy,2024-12-02,T2_TEST_1202,0.5055309960044951
T2,73260,F1,RAW,S0,variogram,2024-12-02,T2_TEST_1202,3017.96459393436
T2,73260,F1,RAW,S0,variogram_normalized,2024-12-02,T2_TEST_1202,0.011152914637517518
T2,73260,F1,RAW,S0,Brier,2024-12-02,T2_TEST_1202,0.0
T2,73260,F1,RAW,S0,marginal_CRPS_normalized,2024-12-02,T2_TEST_1202,0.08149903337137168
T2,73260,F2,RAW,S0,sum_CRPS_normalized,2024-12-02,T2_TEST_1202,0.019524582108661842
T2,73260,F2,RAW,S0,sum_CRPS_Wh,2024-12-02,T2_TEST_1202,126799.8533414863
T2,73260,F2,RAW,S0,energy,2024-12-02,T2_TEST_1202,0.5143793798111618
T2,73260,F2,RAW,S0,variogram,2024-12-02,T2_TEST_1202,3279.4313773942777
T2,73260,F2,RAW,S0,variogram_normalized,2024-12-02,T2_TEST_1202,0.012119167429990856
T2,73260,F2,RAW,S0,Brier,2024-12-02,T2_TEST_1202,0.0
T2,73260,F2,RAW,S0,marginal_CRPS_normalized,2024-12-02,T2_TEST_1202,0.08149903337137168
T2,73260,F3,RAW,S0,sum_CRPS_normalized,2024-12-02,T2_TEST_1202,0.0260039675499692
T2,73260,F3,RAW,S0,sum_CRPS_Wh,2024-12-02,T2_TEST_1202,168879.37745771557
T2,73260,F3,RAW,S0,energy,2024-12-02,T2_TEST_1202,0.5143956862696082
T2,73260,F3,RAW,S0,variogram,2024-12-02,T2_TEST_1202,2977.7268430776153
T2,73260,F3,RAW,S0,variogram_normalized,2024-12-02,T2_TEST_1202,0.011004215676166903
T2,73260,F3,RAW,S0,Brier,2024-12-02,T2_TEST_1202,0.0
T2,73260,F3,RAW,S0,marginal_CRPS_normalized,2024-12-02,T2_TEST_1202,0.0814990333713717
T2,73260,F0,RAW,S0,sum_CRPS_normalized,2024-12-03,T2_TEST_1203,0.16714583847916653
T2,73260,F0,RAW,S0,sum_CRPS_Wh,2024-12-03,T2_TEST_1203,1085506.8593962677
T2,73260,F0,RAW,S0,energy,2024-12-03,T2_TEST_1203,0.8269432075939724
T2,73260,F0,RAW,S0,variogram,2024-12-03,T2_TEST_1203,4216.0165238028685
T2,73260,F0,RAW,S0,variogram_normalized,2024-12-03,T2_TEST_1203,0.01558032605645586
T2,73260,F0,RAW,S0,Brier,2024-12-03,T2_TEST_1203,0.0
T2,73260,F0,RAW,S0,marginal_CRPS_normalized,2024-12-03,T2_TEST_1203,0.14046974596166922
T2,73260,F1,RAW,S0,sum_CRPS_normalized,2024-12-03,T2_TEST_1203,0.14238906966288092
T2,73260,F1,RAW,S0,sum_CRPS_Wh,2024-12-03,T2_TEST_1203,924727.2515335493
T2,73260,F1,RAW,S0,energy,2024-12-03,T2_TEST_1203,0.8163225294750538
T2,73260,F1,RAW,S0,variogram,2024-12-03,T2_TEST_1203,3973.657684536111
T2,73260,F1,RAW,S0,variogram_normalized,2024-12-03,T2_TEST_1203,0.014684686839407853
T2,73260,F1,RAW,S0,Brier,2024-12-03,T2_TEST_1203,0.0
T2,73260,F1,RAW,S0,marginal_CRPS_normalized,2024-12-03,T2_TEST_1203,0.14046974596166922
T2,73260,F2,RAW,S0,sum_CRPS_normalized,2024-12-03,T2_TEST_1203,0.1469968414314991
T2,73260,F2,RAW,S0,sum_CRPS_Wh,2024-12-03,T2_TEST_1203,954651.8246301804
T2,73260,F2,RAW,S0,energy,2024-12-03,T2_TEST_1203,0.8192187940560376
T2,73260,F2,RAW,S0,variogram,2024-12-03,T2_TEST_1203,3948.6404424902157
T2,73260,F2,RAW,S0,variogram_normalized,2024-12-03,T2_TEST_1203,0.014592235401917578
T2,73260,F2,RAW,S0,Brier,2024-12-03,T2_TEST_1203,0.0
T2,73260,F2,RAW,S0,marginal_CRPS_normalized,2024-12-03,T2_TEST_1203,0.14046974596166922
T2,73260,F3,RAW,S0,sum_CRPS_normalized,2024-12-03,T2_TEST_1203,0.13922493461736363
T2,73260,F3,RAW,S0,sum_CRPS_Wh,2024-12-03,T2_TEST_1203,904178.1889471468
T2,73260,F3,RAW,S0,energy,2024-12-03,T2_TEST_1203,0.8264275742428894
T2,73260,F3,RAW,S0,variogram,2024-12-03,T2_TEST_1203,3863.384784483118
T2,73260,F3,RAW,S0,variogram_normalized,2024-12-03,T2_TEST_1203,0.014277172369690623
T2,73260,F3,RAW,S0,Brier,2024-12-03,T2_TEST_1203,0.0
T2,73260,F3,RAW,S0,marginal_CRPS_normalized,2024-12-03,T2_TEST_1203,0.14046974596166922
T2,73260,F0,RAW,S0,sum_CRPS_normalized,2024-12-04,T2_TEST_1204,0.02320446211758565
T2,73260,F0,RAW,S0,sum_CRPS_Wh,2024-12-04,T2_TEST_1204,150698.35436183854
T2,73260,F0,RAW,S0,energy,2024-12-04,T2_TEST_1204,0.7071751096822065
T2,73260,F0,RAW,S0,variogram,2024-12-04,T2_TEST_1204,5298.816154446814
T2,73260,F0,RAW,S0,variogram_normalized,2024-12-04,T2_TEST_1204,0.019581821592347518
T2,73260,F0,RAW,S0,Brier,2024-12-04,T2_TEST_1204,0.0
T2,73260,F0,RAW,S0,marginal_CRPS_normalized,2024-12-04,T2_TEST_1204,0.11879190312920979
T2,73260,F1,RAW,S0,sum_CRPS_normalized,2024-12-04,T2_TEST_1204,0.026816194114446745
T2,73260,F1,RAW,S0,sum_CRPS_Wh,2024-12-04,T2_TEST_1204,174154.27700141037
T2,73260,F1,RAW,S0,energy,2024-12-04,T2_TEST_1204,0.7039933726381844
T2,73260,F1,RAW,S0,variogram,2024-12-04,T2_TEST_1204,5265.542586182092
T2,73260,F1,RAW,S0,variogram_normalized,2024-12-04,T2_TEST_1204,0.019458858828871797
T2,73260,F1,RAW,S0,Brier,2024-12-04,T2_TEST_1204,0.0
T2,73260,F1,RAW,S0,marginal_CRPS_normalized,2024-12-04,T2_TEST_1204,0.11879190312920977
T2,73260,F2,RAW,S0,sum_CRPS_normalized,2024-12-04,T2_TEST_1204,0.0244974597445585
T2,73260,F2,RAW,S0,sum_CRPS_Wh,2024-12-04,T2_TEST_1204,159095.55889910297
T2,73260,F2,RAW,S0,energy,2024-12-04,T2_TEST_1204,0.7103210115695683
T2,73260,F2,RAW,S0,variogram,2024-12-04,T2_TEST_1204,5324.440922729286
T2,73260,F2,RAW,S0,variogram_normalized,2024-12-04,T2_TEST_1204,0.0196765181483757
T2,73260,F2,RAW,S0,Brier,2024-12-04,T2_TEST_1204,0.0
T2,73260,F2,RAW,S0,marginal_CRPS_normalized,2024-12-04,T2_TEST_1204,0.11879190312920977
T2,73260,F3,RAW,S0,sum_CRPS_normalized,2024-12-04,T2_TEST_1204,0.024890317328966405
T2,73260,F3,RAW,S0,sum_CRPS_Wh,2024-12-04,T2_TEST_1204,161646.92126935895
T2,73260,F3,RAW,S0,energy,2024-12-04,T2_TEST_1204,0.726370117402558
T2,73260,F3,RAW,S0,variogram,2024-12-04,T2_TEST_1204,5603.263733025212
T2,73260,F3,RAW,S0,variogram_normalized,2024-12-04,T2_TEST_1204,0.020706910290309105
T2,73260,F3,RAW,S0,Brier,2024-12-04,T2_TEST_1204,0.0
T2,73260,F3,RAW,S0,marginal_CRPS_normalized,2024-12-04,T2_TEST_1204,0.11879190312920977
T2,73260,F0,RAW,S0,sum_CRPS_normalized,2024-12-05,T2_TEST_1205,0.12572078864186956
T2,73260,F0,RAW,S0,sum_CRPS_Wh,2024-12-05,T2_TEST_1205,816477.2732673679
T2,73260,F0,RAW,S0,energy,2024-12-05,T2_TEST_1205,0.7710322287806861
T2,73260,F0,RAW,S0,variogram,2024-12-05,T2_TEST_1205,5218.715905516006
T2,73260,F0,RAW,S0,variogram_normalized,2024-12-05,T2_TEST_1205,0.01928581041959728
T2,73260,F0,RAW,S0,Brier,2024-12-05,T2_TEST_1205,0.0
T2,73260,F0,RAW,S0,marginal_CRPS_normalized,2024-12-05,T2_TEST_1205,0.13052800299665276
T2,73260,F1,RAW,S0,sum_CRPS_normalized,2024-12-05,T2_TEST_1205,0.10783562441784553
T2,73260,F1,RAW,S0,sum_CRPS_Wh,2024-12-05,T2_TEST_1205,700324.405668294
T2,73260,F1,RAW,S0,energy,2024-12-05,T2_TEST_1205,0.7598867210798633
T2,73260,F1,RAW,S0,variogram,2024-12-05,T2_TEST_1205,4678.528606298443
T2,73260,F1,RAW,S0,variogram_normalized,2024-12-05,T2_TEST_1205,0.01728954351555432
T2,73260,F1,RAW,S0,Brier,2024-12-05,T2_TEST_1205,0.0
T2,73260,F1,RAW,S0,marginal_CRPS_normalized,2024-12-05,T2_TEST_1205,0.13052800299665276
T2,73260,F2,RAW,S0,sum_CRPS_normalized,2024-12-05,T2_TEST_1205,0.10830993379029699
T2,73260,F2,RAW,S0,sum_CRPS_Wh,2024-12-05,T2_TEST_1205,703404.7460581996
T2,73260,F2,RAW,S0,energy,2024-12-05,T2_TEST_1205,0.7581318154402079
T2,73260,F2,RAW,S0,variogram,2024-12-05,T2_TEST_1205,4787.6334102159835
T2,73260,F2,RAW,S0,variogram_normalized,2024-12-05,T2_TEST_1205,0.017692741275753716
T2,73260,F2,RAW,S0,Brier,2024-12-05,T2_TEST_1205,0.0
T2,73260,F2,RAW,S0,marginal_CRPS_normalized,2024-12-05,T2_TEST_1205,0.13052800299665274
T2,73260,F3,RAW,S0,sum_CRPS_normalized,2024-12-05,T2_TEST_1205,0.11110132315539786
T2,73260,F3,RAW,S0,sum_CRPS_Wh,2024-12-05,T2_TEST_1205,721533.0604130942
T2,73260,F3,RAW,S0,energy,2024-12-05,T2_TEST_1205,0.7694909488996016
T2,73260,F3,RAW,S0,variogram,2024-12-05,T2_TEST_1205,4552.444185518431
T2,73260,F3,RAW,S0,variogram_normalized,2024-12-05,T2_TEST_1205,0.01682359743225481
T2,73260,F3,RAW,S0,Brier,2024-12-05,T2_TEST_1205,0.0
T2,73260,F3,RAW,S0,marginal_CRPS_normalized,2024-12-05,T2_TEST_1205,0.13052800299665274
T2,73260,F0,RAW,S0,sum_CRPS_normalized,2024-12-06,T2_TEST_1206,0.1491113477844692
T2,73260,F0,RAW,S0,sum_CRPS_Wh,2024-12-06,T2_TEST_1206,968384.2104991358
T2,73260,F0,RAW,S0,energy,2024-12-06,T2_TEST_1206,0.9660808382276641
T2,73260,F0,RAW,S0,variogram,2024-12-06,T2_TEST_1206,6046.252475184706
T2,73260,F0,RAW,S0,variogram_normalized,2024-12-06,T2_TEST_1206,0.022343979073891244
T2,73260,F0,RAW,S0,Brier,2024-12-06,T2_TEST_1206,0.0
T2,73260,F0,RAW,S0,marginal_CRPS_normalized,2024-12-06,T2_TEST_1206,0.16894840993695132
T2,73260,F1,RAW,S0,sum_CRPS_normalized,2024-12-06,T2_TEST_1206,0.12315568542705653
T2,73260,F1,RAW,S0,sum_CRPS_Wh,2024-12-06,T2_TEST_1206,799818.5448175655
T2,73260,F1,RAW,S0,energy,2024-12-06,T2_TEST_1206,0.950399713747806
T2,73260,F1,RAW,S0,variogram,2024-12-06,T2_TEST_1206,5353.965750344521
T2,73260,F1,RAW,S0,variogram_normalized,2024-12-06,T2_TEST_1206,0.01978562740788854
T2,73260,F1,RAW,S0,Brier,2024-12-06,T2_TEST_1206,0.0
T2,73260,F1,RAW,S0,marginal_CRPS_normalized,2024-12-06,T2_TEST_1206,0.16894840993695126
T2,73260,F2,RAW,S0,sum_CRPS_normalized,2024-12-06,T2_TEST_1206,0.12670142218220512
T2,73260,F2,RAW,S0,sum_CRPS_Wh,2024-12-06,T2_TEST_1206,822845.8699627679
T2,73260,F2,RAW,S0,energy,2024-12-06,T2_TEST_1206,0.9423643444082737
T2,73260,F2,RAW,S0,variogram,2024-12-06,T2_TEST_1206,5621.854078760586
T2,73260,F2,RAW,S0,variogram_normalized,2024-12-06,T2_TEST_1206,0.020775611076092104
T2,73260,F2,RAW,S0,Brier,2024-12-06,T2_TEST_1206,0.0
T2,73260,F2,RAW,S0,marginal_CRPS_normalized,2024-12-06,T2_TEST_1206,0.16894840993695126
T2,73260,F3,RAW,S0,sum_CRPS_normalized,2024-12-06,T2_TEST_1206,0.12740559019708478
T2,73260,F3,RAW,S0,sum_CRPS_Wh,2024-12-06,T2_TEST_1206,827418.9973422724
T2,73260,F3,RAW,S0,energy,2024-12-06,T2_TEST_1206,0.9491585168859312
T2,73260,F3,RAW,S0,variogram,2024-12-06,T2_TEST_1206,5168.937866925132
T2,73260,F3,RAW,S0,variogram_normalized,2024-12-06,T2_TEST_1206,0.019101855241215507
T2,73260,F3,RAW,S0,Brier,2024-12-06,T2_TEST_1206,0.0
T2,73260,F3,RAW,S0,marginal_CRPS_normalized,2024-12-06,T2_TEST_1206,0.16894840993695126
T2,73260,F0,RAW,S0,sum_CRPS_normalized,2024-12-07,T2_TEST_1207,0.010484831479255724
T2,73260,F0,RAW,S0,sum_CRPS_Wh,2024-12-07,T2_TEST_1207,68092.3712723162
T2,73260,F0,RAW,S0,energy,2024-12-07,T2_TEST_1207,0.3412495544183708
T2,73260,F0,RAW,S0,variogram,2024-12-07,T2_TEST_1207,4903.700873922931
T2,73260,F0,RAW,S0,variogram_normalized,2024-12-07,T2_TEST_1207,0.018121669606297578
T2,73260,F0,RAW,S0,Brier,2024-12-07,T2_TEST_1207,0.0
T2,73260,F0,RAW,S0,marginal_CRPS_normalized,2024-12-07,T2_TEST_1207,0.05240109200779086
T2,73260,F1,RAW,S0,sum_CRPS_normalized,2024-12-07,T2_TEST_1207,0.022601322336150666
T2,73260,F1,RAW,S0,sum_CRPS_Wh,2024-12-07,T2_TEST_1207,146781.34167471714
T2,73260,F1,RAW,S0,energy,2024-12-07,T2_TEST_1207,0.3373535937600406
T2,73260,F1,RAW,S0,variogram,2024-12-07,T2_TEST_1207,3633.2748472594203
T2,73260,F1,RAW,S0,variogram_normalized,2024-12-07,T2_TEST_1207,0.013426799077618718
T2,73260,F1,RAW,S0,Brier,2024-12-07,T2_TEST_1207,0.0
T2,73260,F1,RAW,S0,marginal_CRPS_normalized,2024-12-07,T2_TEST_1207,0.05240109200779082
T2,73260,F2,RAW,S0,sum_CRPS_normalized,2024-12-07,T2_TEST_1207,0.019757956521583478
T2,73260,F2,RAW,S0,sum_CRPS_Wh,2024-12-07,T2_TEST_1207,128315.47304425016
T2,73260,F2,RAW,S0,energy,2024-12-07,T2_TEST_1207,0.33667704507410967
T2,73260,F2,RAW,S0,variogram,2024-12-07,T2_TEST_1207,4133.538098789927
T2,73260,F2,RAW,S0,variogram_normalized,2024-12-07,T2_TEST_1207,0.015275526313127183
T2,73260,F2,RAW,S0,Brier,2024-12-07,T2_TEST_1207,0.0
T2,73260,F2,RAW,S0,marginal_CRPS_normalized,2024-12-07,T2_TEST_1207,0.052401092007790834
T2,73260,F3,RAW,S0,sum_CRPS_normalized,2024-12-07,T2_TEST_1207,0.0214037541647941
T2,73260,F3,RAW,S0,sum_CRPS_Wh,2024-12-07,T2_TEST_1207,139003.89129706845
T2,73260,F3,RAW,S0,energy,2024-12-07,T2_TEST_1207,0.3415505030544783
T2,73260,F3,RAW,S0,variogram,2024-12-07,T2_TEST_1207,3654.358494521831
T2,73260,F3,RAW,S0,variogram_normalized,2024-12-07,T2_TEST_1207,0.013504713881071944
T2,73260,F3,RAW,S0,Brier,2024-12-07,T2_TEST_1207,0.0
T2,73260,F3,RAW,S0,marginal_CRPS_normalized,2024-12-07,T2_TEST_1207,0.052401092007790834
T2,73260,F0,RAW,S0,sum_CRPS_normalized,2024-12-08,T2_TEST_1208,0.09963811326410214
T2,73260,F0,RAW,S0,sum_CRPS_Wh,2024-12-08,T2_TEST_1208,647086.738082122
T2,73260,F0,RAW,S0,energy,2024-12-08,T2_TEST_1208,0.8524442911605721
T2,73260,F0,RAW,S0,variogram,2024-12-08,T2_TEST_1208,9652.726021577075
T2,73260,F0,RAW,S0,variogram_normalized,2024-12-08,T2_TEST_1208,0.035671733708992175
T2,73260,F0,RAW,S0,Brier,2024-12-08,T2_TEST_1208,0.0
T2,73260,F0,RAW,S0,marginal_CRPS_normalized,2024-12-08,T2_TEST_1208,0.13032603420811653
T2,73260,F1,RAW,S0,sum_CRPS_normalized,2024-12-08,T2_TEST_1208,0.08529169371695916
T2,73260,F1,RAW,S0,sum_CRPS_Wh,2024-12-08,T2_TEST_1208,553915.7864874075
T2,73260,F1,RAW,S0,energy,2024-12-08,T2_TEST_1208,0.851467974411374
T2,73260,F1,RAW,S0,variogram,2024-12-08,T2_TEST_1208,9947.964349445143
T2,73260,F1,RAW,S0,variogram_normalized,2024-12-08,T2_TEST_1208,0.03676278954014869
T2,73260,F1,RAW,S0,Brier,2024-12-08,T2_TEST_1208,0.0
T2,73260,F1,RAW,S0,marginal_CRPS_normalized,2024-12-08,T2_TEST_1208,0.13032603420811653
T2,73260,F2,RAW,S0,sum_CRPS_normalized,2024-12-08,T2_TEST_1208,0.08566414446368477
T2,73260,F2,RAW,S0,sum_CRPS_Wh,2024-12-08,T2_TEST_1208,556334.6193105071
T2,73260,F2,RAW,S0,energy,2024-12-08,T2_TEST_1208,0.850816286806737
T2,73260,F2,RAW,S0,variogram,2024-12-08,T2_TEST_1208,9782.110337424818
T2,73260,F2,RAW,S0,variogram_normalized,2024-12-08,T2_TEST_1208,0.03614987458346887
T2,73260,F2,RAW,S0,Brier,2024-12-08,T2_TEST_1208,0.0
T2,73260,F2,RAW,S0,marginal_CRPS_normalized,2024-12-08,T2_TEST_1208,0.13032603420811653
T2,73260,F3,RAW,S0,sum_CRPS_normalized,2024-12-08,T2_TEST_1208,0.07842450740179444
T2,73260,F3,RAW,S0,sum_CRPS_Wh,2024-12-08,T2_TEST_1208,509317.7401484158
T2,73260,F3,RAW,S0,energy,2024-12-08,T2_TEST_1208,0.8563752844268022
T2,73260,F3,RAW,S0,variogram,2024-12-08,T2_TEST_1208,10080.840166118001
T2,73260,F3,RAW,S0,variogram_normalized,2024-12-08,T2_TEST_1208,0.03725383328656019
T2,73260,F3,RAW,S0,Brier,2024-12-08,T2_TEST_1208,0.0
T2,73260,F3,RAW,S0,marginal_CRPS_normalized,2024-12-08,T2_TEST_1208,0.13032603420811653
T2,73260,F0,RAW,S0,sum_CRPS_normalized,2024-12-09,T2_TEST_1209,0.04802565285015417
T2,73260,F0,RAW,S0,sum_CRPS_Wh,2024-12-09,T2_TEST_1209,311896.34196201747
T2,73260,F0,RAW,S0,energy,2024-12-09,T2_TEST_1209,0.9291728698524119
T2,73260,F0,RAW,S0,variogram,2024-12-09,T2_TEST_1209,7923.793068726601
T2,73260,F0,RAW,S0,variogram_normalized,2024-12-09,T2_TEST_1209,0.029282446811495912
T2,73260,F0,RAW,S0,Brier,2024-12-09,T2_TEST_1209,0.0
T2,73260,F0,RAW,S0,marginal_CRPS_normalized,2024-12-09,T2_TEST_1209,0.15075496364136248
T2,73260,F1,RAW,S0,sum_CRPS_normalized,2024-12-09,T2_TEST_1209,0.04142573690934056
T2,73260,F1,RAW,S0,sum_CRPS_Wh,2024-12-09,T2_TEST_1209,269034.0482287223
T2,73260,F1,RAW,S0,energy,2024-12-09,T2_TEST_1209,0.9200777226024465
T2,73260,F1,RAW,S0,variogram,2024-12-09,T2_TEST_1209,7464.755528713984
T2,73260,F1,RAW,S0,variogram_normalized,2024-12-09,T2_TEST_1209,0.027586069554630024
T2,73260,F1,RAW,S0,Brier,2024-12-09,T2_TEST_1209,0.0
T2,73260,F1,RAW,S0,marginal_CRPS_normalized,2024-12-09,T2_TEST_1209,0.15075496364136248
T2,73260,F2,RAW,S0,sum_CRPS_normalized,2024-12-09,T2_TEST_1209,0.04157765760194211
T2,73260,F2,RAW,S0,sum_CRPS_Wh,2024-12-09,T2_TEST_1209,270020.6773629186
T2,73260,F2,RAW,S0,energy,2024-12-09,T2_TEST_1209,0.926046868319681
T2,73260,F2,RAW,S0,variogram,2024-12-09,T2_TEST_1209,7730.9313983868005
T2,73260,F2,RAW,S0,variogram_normalized,2024-12-09,T2_TEST_1209,0.02856972481652223
T2,73260,F2,RAW,S0,Brier,2024-12-09,T2_TEST_1209,0.0
T2,73260,F2,RAW,S0,marginal_CRPS_normalized,2024-12-09,T2_TEST_1209,0.15075496364136248
T2,73260,F3,RAW,S0,sum_CRPS_normalized,2024-12-09,T2_TEST_1209,0.03562200459854318
T2,73260,F3,RAW,S0,sum_CRPS_Wh,2024-12-09,T2_TEST_1209,231342.46529256948
T2,73260,F3,RAW,S0,energy,2024-12-09,T2_TEST_1209,0.9259390776951517
T2,73260,F3,RAW,S0,variogram,2024-12-09,T2_TEST_1209,7502.037883224791
T2,73260,F3,RAW,S0,variogram_normalized,2024-12-09,T2_TEST_1209,0.027723846822852588
T2,73260,F3,RAW,S0,Brier,2024-12-09,T2_TEST_1209,0.0
T2,73260,F3,RAW,S0,marginal_CRPS_normalized,2024-12-09,T2_TEST_1209,0.1507549636413625
T2,73260,F0,RAW,S0,sum_CRPS_normalized,2024-12-10,T2_TEST_1210,0.11574265428402476
T2,73260,F0,RAW,S0,sum_CRPS_Wh,2024-12-10,T2_TEST_1210,751675.5803986092
T2,73260,F0,RAW,S0,energy,2024-12-10,T2_TEST_1210,0.7706870461307841
T2,73260,F0,RAW,S0,variogram,2024-12-10,T2_TEST_1210,4609.772327658332
T2,73260,F0,RAW,S0,variogram_normalized,2024-12-10,T2_TEST_1210,0.01703545408454915
T2,73260,F0,RAW,S0,Brier,2024-12-10,T2_TEST_1210,0.0
T2,73260,F0,RAW,S0,marginal_CRPS_normalized,2024-12-10,T2_TEST_1210,0.1253061965481584
T2,73260,F1,RAW,S0,sum_CRPS_normalized,2024-12-10,T2_TEST_1210,0.09230205144715034
T2,73260,F1,RAW,S0,sum_CRPS_Wh,2024-12-10,T2_TEST_1210,599443.6409179124
T2,73260,F1,RAW,S0,energy,2024-12-10,T2_TEST_1210,0.7541324119239943
T2,73260,F1,RAW,S0,variogram,2024-12-10,T2_TEST_1210,3985.8074448999455
T2,73260,F1,RAW,S0,variogram_normalized,2024-12-10,T2_TEST_1210,0.014729586385438474
T2,73260,F1,RAW,S0,Brier,2024-12-10,T2_TEST_1210,0.0
T2,73260,F1,RAW,S0,marginal_CRPS_normalized,2024-12-10,T2_TEST_1210,0.12530619654815842
T2,73260,F2,RAW,S0,sum_CRPS_normalized,2024-12-10,T2_TEST_1210,0.10004795587268787
T2,73260,F2,RAW,S0,sum_CRPS_Wh,2024-12-10,T2_TEST_1210,649748.4074777865
T2,73260,F2,RAW,S0,energy,2024-12-10,T2_TEST_1210,0.7677715468395799
T2,73260,F2,RAW,S0,variogram,2024-12-10,T2_TEST_1210,4385.419875817259
T2,73260,F2,RAW,S0,variogram_normalized,2024-12-10,T2_TEST_1210,0.01620635763022684
T2,73260,F2,RAW,S0,Brier,2024-12-10,T2_TEST_1210,0.0
T2,73260,F2,RAW,S0,marginal_CRPS_normalized,2024-12-10,T2_TEST_1210,0.12530619654815842
T2,73260,F3,RAW,S0,sum_CRPS_normalized,2024-12-10,T2_TEST_1210,0.08560916394122302
T2,73260,F3,RAW,S0,sum_CRPS_Wh,2024-12-10,T2_TEST_1210,555977.5554744676
T2,73260,F3,RAW,S0,energy,2024-12-10,T2_TEST_1210,0.7685955652292275
T2,73260,F3,RAW,S0,variogram,2024-12-10,T2_TEST_1210,4099.538972582204
T2,73260,F3,RAW,S0,variogram_normalized,2024-12-10,T2_TEST_1210,0.015149882243906811
T2,73260,F3,RAW,S0,Brier,2024-12-10,T2_TEST_1210,0.0
T2,73260,F3,RAW,S0,marginal_CRPS_normalized,2024-12-10,T2_TEST_1210,0.12530619654815844
T2,73260,F0,RAW,S0,sum_CRPS_normalized,2024-12-11,T2_TEST_1211,0.1341532806532868
T2,73260,F0,RAW,S0,sum_CRPS_Wh,2024-12-11,T2_TEST_1211,871240.9934023358
T2,73260,F0,RAW,S0,energy,2024-12-11,T2_TEST_1211,0.6502629818350484
T2,73260,F0,RAW,S0,variogram,2024-12-11,T2_TEST_1211,3157.7434692294637
T2,73260,F0,RAW,S0,variogram_normalized,2024-12-11,T2_TEST_1211,0.011669468697637285
T2,73260,F0,RAW,S0,Brier,2024-12-11,T2_TEST_1211,0.0
T2,73260,F0,RAW,S0,marginal_CRPS_normalized,2024-12-11,T2_TEST_1211,0.10709425027883702
T2,73260,F1,RAW,S0,sum_CRPS_normalized,2024-12-11,T2_TEST_1211,0.10664122917128227
T2,73260,F1,RAW,S0,sum_CRPS_Wh,2024-12-11,T2_TEST_1211,692567.561437103
T2,73260,F1,RAW,S0,energy,2024-12-11,T2_TEST_1211,0.635225269358914
T2,73260,F1,RAW,S0,variogram,2024-12-11,T2_TEST_1211,2573.5808957476424
T2,73260,F1,RAW,S0,variogram_normalized,2024-12-11,T2_TEST_1211,0.00951069078169696
T2,73260,F1,RAW,S0,Brier,2024-12-11,T2_TEST_1211,0.0
T2,73260,F1,RAW,S0,marginal_CRPS_normalized,2024-12-11,T2_TEST_1211,0.10709425027883702
T2,73260,F2,RAW,S0,sum_CRPS_normalized,2024-12-11,T2_TEST_1211,0.11450072604518016
T2,73260,F2,RAW,S0,sum_CRPS_Wh,2024-12-11,T2_TEST_1211,743610.0393452985
T2,73260,F2,RAW,S0,energy,2024-12-11,T2_TEST_1211,0.6396258537816072
T2,73260,F2,RAW,S0,variogram,2024-12-11,T2_TEST_1211,2791.177265774852
T2,73260,F2,RAW,S0,variogram_normalized,2024-12-11,T2_TEST_1211,0.01031482007639601
T2,73260,F2,RAW,S0,Brier,2024-12-11,T2_TEST_1211,0.0
T2,73260,F2,RAW,S0,marginal_CRPS_normalized,2024-12-11,T2_TEST_1211,0.10709425027883702
T2,73260,F3,RAW,S0,sum_CRPS_normalized,2024-12-11,T2_TEST_1211,0.10427842892814165
T2,73260,F3,RAW,S0,sum_CRPS_Wh,2024-12-11,T2_TEST_1211,677222.6632652469
T2,73260,F3,RAW,S0,energy,2024-12-11,T2_TEST_1211,0.6419620368248551
T2,73260,F3,RAW,S0,variogram,2024-12-11,T2_TEST_1211,2496.0568951036325
T2,73260,F3,RAW,S0,variogram_normalized,2024-12-11,T2_TEST_1211,0.009224200157095451
T2,73260,F3,RAW,S0,Brier,2024-12-11,T2_TEST_1211,0.0
T2,73260,F3,RAW,S0,marginal_CRPS_normalized,2024-12-11,T2_TEST_1211,0.10709425027883702
T2,73260,F0,RAW,S0,sum_CRPS_normalized,2024-12-12,T2_TEST_1212,0.03647518896009809
T2,73260,F0,RAW,S0,sum_CRPS_Wh,2024-12-12,T2_TEST_1212,236883.35991025344
T2,73260,F0,RAW,S0,energy,2024-12-12,T2_TEST_1212,0.5658863966763481
T2,73260,F0,RAW,S0,variogram,2024-12-12,T2_TEST_1212,3682.798286697105
T2,73260,F0,RAW,S0,variogram_normalized,2024-12-12,T2_TEST_1212,0.013609813382595941
T2,73260,F0,RAW,S0,Brier,2024-12-12,T2_TEST_1212,0.0
T2,73260,F0,RAW,S0,marginal_CRPS_normalized,2024-12-12,T2_TEST_1212,0.09460313789587847
T2,73260,F1,RAW,S0,sum_CRPS_normalized,2024-12-12,T2_TEST_1212,0.03454808787023984
T2,73260,F1,RAW,S0,sum_CRPS_Wh,2024-12-12,T2_TEST_1212,224368.05309301615
T2,73260,F1,RAW,S0,energy,2024-12-12,T2_TEST_1212,0.5592192605848475
T2,73260,F1,RAW,S0,variogram,2024-12-12,T2_TEST_1212,3275.157142020128
T2,73260,F1,RAW,S0,variogram_normalized,2024-12-12,T2_TEST_1212,0.012103371955662112
T2,73260,F1,RAW,S0,Brier,2024-12-12,T2_TEST_1212,0.0
T2,73260,F1,RAW,S0,marginal_CRPS_normalized,2024-12-12,T2_TEST_1212,0.09460313789587846
T2,73260,F2,RAW,S0,sum_CRPS_normalized,2024-12-12,T2_TEST_1212,0.035542534696124256
T2,73260,F2,RAW,S0,sum_CRPS_Wh,2024-12-12,T2_TEST_1212,230826.35837075673
T2,73260,F2,RAW,S0,energy,2024-12-12,T2_TEST_1212,0.5668656885288247
T2,73260,F2,RAW,S0,variogram,2024-12-12,T2_TEST_1212,3529.906818260751
T2,73260,F2,RAW,S0,variogram_normalized,2024-12-12,T2_TEST_1212,0.013044801619468397
T2,73260,F2,RAW,S0,Brier,2024-12-12,T2_TEST_1212,0.0
T2,73260,F2,RAW,S0,marginal_CRPS_normalized,2024-12-12,T2_TEST_1212,0.09460313789587846
T2,73260,F3,RAW,S0,sum_CRPS_normalized,2024-12-12,T2_TEST_1212,0.030064023841320394
T2,73260,F3,RAW,S0,sum_CRPS_Wh,2024-12-12,T2_TEST_1212,195246.883785706
T2,73260,F3,RAW,S0,energy,2024-12-12,T2_TEST_1212,0.5675430994958724
T2,73260,F3,RAW,S0,variogram,2024-12-12,T2_TEST_1212,3337.938427204334
T2,73260,F3,RAW,S0,variogram_normalized,2024-12-12,T2_TEST_1212,0.012335380745924388
T2,73260,F3,RAW,S0,Brier,2024-12-12,T2_TEST_1212,0.0
T2,73260,F3,RAW,S0,marginal_CRPS_normalized,2024-12-12,T2_TEST_1212,0.09460313789587849
T2,73260,F0,RAW,S0,sum_CRPS_normalized,2024-12-13,T2_TEST_1213,0.06067150314593192
T2,73260,F0,RAW,S0,sum_CRPS_Wh,2024-12-13,T2_TEST_1213,394023.1682346085
T2,73260,F0,RAW,S0,energy,2024-12-13,T2_TEST_1213,0.6705004331957174
T2,73260,F0,RAW,S0,variogram,2024-12-13,T2_TEST_1213,7185.985847260071
T2,73260,F0,RAW,S0,variogram_normalized,2024-12-13,T2_TEST_1213,0.02655587375079845
T2,73260,F0,RAW,S0,Brier,2024-12-13,T2_TEST_1213,0.0
T2,73260,F0,RAW,S0,marginal_CRPS_normalized,2024-12-13,T2_TEST_1213,0.11432720462477344
T2,73260,F1,RAW,S0,sum_CRPS_normalized,2024-12-13,T2_TEST_1213,0.04826636756612983
T2,73260,F1,RAW,S0,sum_CRPS_Wh,2024-12-13,T2_TEST_1213,313459.63230610685
T2,73260,F1,RAW,S0,energy,2024-12-13,T2_TEST_1213,0.664798280932007
T2,73260,F1,RAW,S0,variogram,2024-12-13,T2_TEST_1213,6734.675991513725
T2,73260,F1,RAW,S0,variogram_normalized,2024-12-13,T2_TEST_1213,0.024888054218943856
T2,73260,F1,RAW,S0,Brier,2024-12-13,T2_TEST_1213,0.0
T2,73260,F1,RAW,S0,marginal_CRPS_normalized,2024-12-13,T2_TEST_1213,0.11432720462477347
T2,73260,F2,RAW,S0,sum_CRPS_normalized,2024-12-13,T2_TEST_1213,0.05232351505042128
T2,73260,F2,RAW,S0,sum_CRPS_Wh,2024-12-13,T2_TEST_1213,339808.2477658307
T2,73260,F2,RAW,S0,energy,2024-12-13,T2_TEST_1213,0.6713176699651378
T2,73260,F2,RAW,S0,variogram,2024-12-13,T2_TEST_1213,6970.458054776565
T2,73260,F2,RAW,S0,variogram_normalized,2024-12-13,T2_TEST_1213,0.025759388902562547
T2,73260,F2,RAW,S0,Brier,2024-12-13,T2_TEST_1213,0.0
T2,73260,F2,RAW,S0,marginal_CRPS_normalized,2024-12-13,T2_TEST_1213,0.11432720462477344
T2,73260,F3,RAW,S0,sum_CRPS_normalized,2024-12-13,T2_TEST_1213,0.06351404773859501
T2,73260,F3,RAW,S0,sum_CRPS_Wh,2024-12-13,T2_TEST_1213,412483.7035464712
T2,73260,F3,RAW,S0,energy,2024-12-13,T2_TEST_1213,0.6852000932147303
T2,73260,F3,RAW,S0,variogram,2024-12-13,T2_TEST_1213,6817.529774085707
T2,73260,F3,RAW,S0,variogram_normalized,2024-12-13,T2_TEST_1213,0.025194241099425477
T2,73260,F3,RAW,S0,Brier,2024-12-13,T2_TEST_1213,0.0
T2,73260,F3,RAW,S0,marginal_CRPS_normalized,2024-12-13,T2_TEST_1213,0.11432720462477344
T2,73260,F0,RAW,S0,sum_CRPS_normalized,2024-12-14,T2_TEST_1214,0.02574436741352055
T2,73260,F0,RAW,S0,sum_CRPS_Wh,2024-12-14,T2_TEST_1214,167193.43821220845
T2,73260,F0,RAW,S0,energy,2024-12-14,T2_TEST_1214,0.6519181388868995
T2,73260,F0,RAW,S0,variogram,2024-12-14,T2_TEST_1214,8961.180922843429
T2,73260,F0,RAW,S0,variogram_normalized,2024-12-14,T2_TEST_1214,0.033116122728773456
T2,73260,F0,RAW,S0,Brier,2024-12-14,T2_TEST_1214,0.0
T2,73260,F0,RAW,S0,marginal_CRPS_normalized,2024-12-14,T2_TEST_1214,0.10621109527017393
T2,73260,F1,RAW,S0,sum_CRPS_normalized,2024-12-14,T2_TEST_1214,0.03349927360623273
T2,73260,F1,RAW,S0,sum_CRPS_Wh,2024-12-14,T2_TEST_1214,217556.66557555622
T2,73260,F1,RAW,S0,energy,2024-12-14,T2_TEST_1214,0.6411406249078235
T2,73260,F1,RAW,S0,variogram,2024-12-14,T2_TEST_1214,7842.293894731132
T2,73260,F1,RAW,S0,variogram_normalized,2024-12-14,T2_TEST_1214,0.028981265898894583
T2,73260,F1,RAW,S0,Brier,2024-12-14,T2_TEST_1214,0.0
T2,73260,F1,RAW,S0,marginal_CRPS_normalized,2024-12-14,T2_TEST_1214,0.10621109527017396
T2,73260,F2,RAW,S0,sum_CRPS_normalized,2024-12-14,T2_TEST_1214,0.028592968939268396
T2,73260,F2,RAW,S0,sum_CRPS_Wh,2024-12-14,T2_TEST_1214,185693.30948642734
T2,73260,F2,RAW,S0,energy,2024-12-14,T2_TEST_1214,0.6444260083189878
T2,73260,F2,RAW,S0,variogram,2024-12-14,T2_TEST_1214,8283.229046733162
T2,73260,F2,RAW,S0,variogram_normalized,2024-12-14,T2_TEST_1214,0.03061074562203093
T2,73260,F2,RAW,S0,Brier,2024-12-14,T2_TEST_1214,0.0
T2,73260,F2,RAW,S0,marginal_CRPS_normalized,2024-12-14,T2_TEST_1214,0.106211095270174
T2,73260,F3,RAW,S0,sum_CRPS_normalized,2024-12-14,T2_TEST_1214,0.044325792460669075
T2,73260,F3,RAW,S0,sum_CRPS_Wh,2024-12-14,T2_TEST_1214,287868.0809646896
T2,73260,F3,RAW,S0,energy,2024-12-14,T2_TEST_1214,0.6767071557940965
T2,73260,F3,RAW,S0,variogram,2024-12-14,T2_TEST_1214,7514.688689429703
T2,73260,F3,RAW,S0,variogram_normalized,2024-12-14,T2_TEST_1214,0.027770597988185257
T2,73260,F3,RAW,S0,Brier,2024-12-14,T2_TEST_1214,0.0
T2,73260,F3,RAW,S0,marginal_CRPS_normalized,2024-12-14,T2_TEST_1214,0.10621109527017396
T2,73260,F0,RAW,S0,sum_CRPS_normalized,2024-12-15,T2_TEST_1215,0.0594790599957213
T2,73260,F0,RAW,S0,sum_CRPS_Wh,2024-12-15,T2_TEST_1215,386279.0016387105
T2,73260,F0,RAW,S0,energy,2024-12-15,T2_TEST_1215,0.5251894997175693
T2,73260,F0,RAW,S0,variogram,2024-12-15,T2_TEST_1215,5532.387121842677
T2,73260,F0,RAW,S0,variogram_normalized,2024-12-15,T2_TEST_1215,0.020444985151788896
T2,73260,F0,RAW,S0,Brier,2024-12-15,T2_TEST_1215,0.0
T2,73260,F0,RAW,S0,marginal_CRPS_normalized,2024-12-15,T2_TEST_1215,0.08607872784689116
T2,73260,F1,RAW,S0,sum_CRPS_normalized,2024-12-15,T2_TEST_1215,0.04982170361979443
T2,73260,F1,RAW,S0,sum_CRPS_Wh,2024-12-15,T2_TEST_1215,323560.5595579073
T2,73260,F1,RAW,S0,energy,2024-12-15,T2_TEST_1215,0.5187995069743858
T2,73260,F1,RAW,S0,variogram,2024-12-15,T2_TEST_1215,5309.7466234668445
T2,73260,F1,RAW,S0,variogram_normalized,2024-12-15,T2_TEST_1215,0.01962221523651864
T2,73260,F1,RAW,S0,Brier,2024-12-15,T2_TEST_1215,0.0
T2,73260,F1,RAW,S0,marginal_CRPS_normalized,2024-12-15,T2_TEST_1215,0.08607872784689112
T2,73260,F2,RAW,S0,sum_CRPS_normalized,2024-12-15,T2_TEST_1215,0.05064053722967736
T2,73260,F2,RAW,S0,sum_CRPS_Wh,2024-12-15,T2_TEST_1215,328878.36769671366
T2,73260,F2,RAW,S0,energy,2024-12-15,T2_TEST_1215,0.5232848520081348
T2,73260,F2,RAW,S0,variogram,2024-12-15,T2_TEST_1215,5157.500608373916
T2,73260,F2,RAW,S0,variogram_normalized,2024-12-15,T2_TEST_1215,0.019059588751885147
T2,73260,F2,RAW,S0,Brier,2024-12-15,T2_TEST_1215,0.0
T2,73260,F2,RAW,S0,marginal_CRPS_normalized,2024-12-15,T2_TEST_1215,0.08607872784689115
T2,73260,F3,RAW,S0,sum_CRPS_normalized,2024-12-15,T2_TEST_1215,0.03906377204780262
T2,73260,F3,RAW,S0,sum_CRPS_Wh,2024-12-15,T2_TEST_1215,253694.57533378713
T2,73260,F3,RAW,S0,energy,2024-12-15,T2_TEST_1215,0.5136928698523482
T2,73260,F3,RAW,S0,variogram,2024-12-15,T2_TEST_1215,4730.277458445874
T2,73260,F3,RAW,S0,variogram_normalized,2024-12-15,T2_TEST_1215,0.017480781852726928
T2,73260,F3,RAW,S0,Brier,2024-12-15,T2_TEST_1215,0.0
T2,73260,F3,RAW,S0,marginal_CRPS_normalized,2024-12-15,T2_TEST_1215,0.08607872784689112
T2,73260,F0,RAW,S0,sum_CRPS_normalized,2024-12-16,T2_TEST_1216,0.03089751094773936
T2,73260,F0,RAW,S0,sum_CRPS_Wh,2024-12-16,T2_TEST_1216,200659.85714758188
T2,73260,F0,RAW,S0,energy,2024-12-16,T2_TEST_1216,0.7919123298723989
T2,73260,F0,RAW,S0,variogram,2024-12-16,T2_TEST_1216,6123.076917229431
T2,73260,F0,RAW,S0,variogram_normalized,2024-12-16,T2_TEST_1216,0.022627884473550935
T2,73260,F0,RAW,S0,Brier,2024-12-16,T2_TEST_1216,0.0
T2,73260,F0,RAW,S0,marginal_CRPS_normalized,2024-12-16,T2_TEST_1216,0.13666159688574958
T2,73260,F1,RAW,S0,sum_CRPS_normalized,2024-12-16,T2_TEST_1216,0.030622692474581565
T2,73260,F1,RAW,S0,sum_CRPS_Wh,2024-12-16,T2_TEST_1216,198875.08439813182
T2,73260,F1,RAW,S0,energy,2024-12-16,T2_TEST_1216,0.7790750172752234
T2,73260,F1,RAW,S0,variogram,2024-12-16,T2_TEST_1216,5864.096698607828
T2,73260,F1,RAW,S0,variogram_normalized,2024-12-16,T2_TEST_1216,0.021670820803255546
T2,73260,F1,RAW,S0,Brier,2024-12-16,T2_TEST_1216,0.0
T2,73260,F1,RAW,S0,marginal_CRPS_normalized,2024-12-16,T2_TEST_1216,0.13666159688574955
T2,73260,F2,RAW,S0,sum_CRPS_normalized,2024-12-16,T2_TEST_1216,0.02998896760301316
T2,73260,F2,RAW,S0,sum_CRPS_Wh,2024-12-16,T2_TEST_1216,194759.44083011523
T2,73260,F2,RAW,S0,energy,2024-12-16,T2_TEST_1216,0.7794210734859057
T2,73260,F2,RAW,S0,variogram,2024-12-16,T2_TEST_1216,5887.677747072029
T2,73260,F2,RAW,S0,variogram_normalized,2024-12-16,T2_TEST_1216,0.021757964774763022
T2,73260,F2,RAW,S0,Brier,2024-12-16,T2_TEST_1216,0.0
T2,73260,F2,RAW,S0,marginal_CRPS_normalized,2024-12-16,T2_TEST_1216,0.13666159688574953
T2,73260,F3,RAW,S0,sum_CRPS_normalized,2024-12-16,T2_TEST_1216,0.04145738152634686
T2,73260,F3,RAW,S0,sum_CRPS_Wh,2024-12-16,T2_TEST_1216,269239.56006877683
T2,73260,F3,RAW,S0,energy,2024-12-16,T2_TEST_1216,0.7830320804589771
T2,73260,F3,RAW,S0,variogram,2024-12-16,T2_TEST_1216,5796.875954790131
T2,73260,F3,RAW,S0,variogram_normalized,2024-12-16,T2_TEST_1216,0.021422405954659902
T2,73260,F3,RAW,S0,Brier,2024-12-16,T2_TEST_1216,0.0
T2,73260,F3,RAW,S0,marginal_CRPS_normalized,2024-12-16,T2_TEST_1216,0.13666159688574958
T2,73260,F0,RAW,S0,sum_CRPS_normalized,2024-12-17,T2_TEST_1217,0.06805854434627126
T2,73260,F0,RAW,S0,sum_CRPS_Wh,2024-12-17,T2_TEST_1217,441997.34435871616
T2,73260,F0,RAW,S0,energy,2024-12-17,T2_TEST_1217,0.565722573407184
T2,73260,F0,RAW,S0,variogram,2024-12-17,T2_TEST_1217,3904.3378809563565
T2,73260,F0,RAW,S0,variogram_normalized,2024-12-17,T2_TEST_1217,0.014428514897043674
T2,73260,F0,RAW,S0,Brier,2024-12-17,T2_TEST_1217,0.0
T2,73260,F0,RAW,S0,marginal_CRPS_normalized,2024-12-17,T2_TEST_1217,0.09029337694972471
T2,73260,F1,RAW,S0,sum_CRPS_normalized,2024-12-17,T2_TEST_1217,0.05305733459902189
T2,73260,F1,RAW,S0,sum_CRPS_Wh,2024-12-17,T2_TEST_1217,344573.9431658052
T2,73260,F1,RAW,S0,energy,2024-12-17,T2_TEST_1217,0.553467767664857
T2,73260,F1,RAW,S0,variogram,2024-12-17,T2_TEST_1217,3564.8672744510086
T2,73260,F1,RAW,S0,variogram_normalized,2024-12-17,T2_TEST_1217,0.013173998292074255
T2,73260,F1,RAW,S0,Brier,2024-12-17,T2_TEST_1217,0.0
T2,73260,F1,RAW,S0,marginal_CRPS_normalized,2024-12-17,T2_TEST_1217,0.0902933769497247
T2,73260,F2,RAW,S0,sum_CRPS_normalized,2024-12-17,T2_TEST_1217,0.05679968053840471
T2,73260,F2,RAW,S0,sum_CRPS_Wh,2024-12-17,T2_TEST_1217,368878.1210286609
T2,73260,F2,RAW,S0,energy,2024-12-17,T2_TEST_1217,0.5608168384044852
T2,73260,F2,RAW,S0,variogram,2024-12-17,T2_TEST_1217,3756.6775976703975
T2,73260,F2,RAW,S0,variogram_normalized,2024-12-17,T2_TEST_1217,0.013882835024539585
T2,73260,F2,RAW,S0,Brier,2024-12-17,T2_TEST_1217,0.0
T2,73260,F2,RAW,S0,marginal_CRPS_normalized,2024-12-17,T2_TEST_1217,0.09029337694972472
T2,73260,F3,RAW,S0,sum_CRPS_normalized,2024-12-17,T2_TEST_1217,0.044948541884275696
T2,73260,F3,RAW,S0,sum_CRPS_Wh,2024-12-17,T2_TEST_1217,291912.44591664337
T2,73260,F3,RAW,S0,energy,2024-12-17,T2_TEST_1217,0.5624515050880509
T2,73260,F3,RAW,S0,variogram,2024-12-17,T2_TEST_1217,3477.0923150055705
T2,73260,F3,RAW,S0,variogram_normalized,2024-12-17,T2_TEST_1217,0.012849625159276718
T2,73260,F3,RAW,S0,Brier,2024-12-17,T2_TEST_1217,0.0
T2,73260,F3,RAW,S0,marginal_CRPS_normalized,2024-12-17,T2_TEST_1217,0.09029337694972472
T2,73260,F0,RAW,S0,sum_CRPS_normalized,2024-12-18,T2_TEST_1218,0.008565681367045117
T2,73260,F0,RAW,S0,sum_CRPS_Wh,2024-12-18,T2_TEST_1218,55628.70104294707
T2,73260,F0,RAW,S0,energy,2024-12-18,T2_TEST_1218,0.41369203564478507
T2,73260,F0,RAW,S0,variogram,2024-12-18,T2_TEST_1218,2803.7897094969085
T2,73260,F0,RAW,S0,variogram_normalized,2024-12-18,T2_TEST_1218,0.01036142947283668
T2,73260,F0,RAW,S0,Brier,2024-12-18,T2_TEST_1218,0.0
T2,73260,F0,RAW,S0,marginal_CRPS_normalized,2024-12-18,T2_TEST_1218,0.06524024132528787
T2,73260,F1,RAW,S0,sum_CRPS_normalized,2024-12-18,T2_TEST_1218,0.018737158298119158
T2,73260,F1,RAW,S0,sum_CRPS_Wh,2024-12-18,T2_TEST_1218,121686.03205001232
T2,73260,F1,RAW,S0,energy,2024-12-18,T2_TEST_1218,0.41159736743157593
T2,73260,F1,RAW,S0,variogram,2024-12-18,T2_TEST_1218,2591.8089520811554
T2,73260,F1,RAW,S0,variogram_normalized,2024-12-18,T2_TEST_1218,0.009578052723816535
T2,73260,F1,RAW,S0,Brier,2024-12-18,T2_TEST_1218,0.0
T2,73260,F1,RAW,S0,marginal_CRPS_normalized,2024-12-18,T2_TEST_1218,0.0652402413252879
T2,73260,F2,RAW,S0,sum_CRPS_normalized,2024-12-18,T2_TEST_1218,0.016092400049356647
T2,73260,F2,RAW,S0,sum_CRPS_Wh,2024-12-18,T2_TEST_1218,104509.99436580518
T2,73260,F2,RAW,S0,energy,2024-12-18,T2_TEST_1218,0.4105802160060219
T2,73260,F2,RAW,S0,variogram,2024-12-18,T2_TEST_1218,2565.9159815993153
T2,73260,F2,RAW,S0,variogram_normalized,2024-12-18,T2_TEST_1218,0.00948236502420729
T2,73260,F2,RAW,S0,Brier,2024-12-18,T2_TEST_1218,0.0
T2,73260,F2,RAW,S0,marginal_CRPS_normalized,2024-12-18,T2_TEST_1218,0.06524024132528788
T2,73260,F3,RAW,S0,sum_CRPS_normalized,2024-12-18,T2_TEST_1218,0.017653270504458984
T2,73260,F3,RAW,S0,sum_CRPS_Wh,2024-12-18,T2_TEST_1218,114646.86406629579
T2,73260,F3,RAW,S0,energy,2024-12-18,T2_TEST_1218,0.42070217005834964
T2,73260,F3,RAW,S0,variogram,2024-12-18,T2_TEST_1218,2516.797710941477
T2,73260,F3,RAW,S0,variogram_normalized,2024-12-18,T2_TEST_1218,0.009300848024011075
T2,73260,F3,RAW,S0,Brier,2024-12-18,T2_TEST_1218,0.0
T2,73260,F3,RAW,S0,marginal_CRPS_normalized,2024-12-18,T2_TEST_1218,0.06524024132528787
T2,73260,F0,RAW,S0,sum_CRPS_normalized,2024-12-19,T2_TEST_1219,0.013721270829701654
T2,73260,F0,RAW,S0,sum_CRPS_Wh,2024-12-19,T2_TEST_1219,89111.00474171573
T2,73260,F0,RAW,S0,energy,2024-12-19,T2_TEST_1219,0.45364406338692165
T2,73260,F0,RAW,S0,variogram,2024-12-19,T2_TEST_1219,3349.8384793728937
T2,73260,F0,RAW,S0,variogram_normalized,2024-12-19,T2_TEST_1219,0.012379357493128348
T2,73260,F0,RAW,S0,Brier,2024-12-19,T2_TEST_1219,0.0
T2,73260,F0,RAW,S0,marginal_CRPS_normalized,2024-12-19,T2_TEST_1219,0.07749408406839914
T2,73260,F1,RAW,S0,sum_CRPS_normalized,2024-12-19,T2_TEST_1219,0.02091040126711558
T2,73260,F1,RAW,S0,sum_CRPS_Wh,2024-12-19,T2_TEST_1219,135799.87521502998
T2,73260,F1,RAW,S0,energy,2024-12-19,T2_TEST_1219,0.45492398214979524
T2,73260,F1,RAW,S0,variogram,2024-12-19,T2_TEST_1219,3476.888396972383
T2,73260,F1,RAW,S0,variogram_normalized,2024-12-19,T2_TEST_1219,0.012848871578395829
T2,73260,F1,RAW,S0,Brier,2024-12-19,T2_TEST_1219,0.0
T2,73260,F1,RAW,S0,marginal_CRPS_normalized,2024-12-19,T2_TEST_1219,0.07749408406839917
T2,73260,F2,RAW,S0,sum_CRPS_normalized,2024-12-19,T2_TEST_1219,0.019362165862877055
T2,73260,F2,RAW,S0,sum_CRPS_Wh,2024-12-19,T2_TEST_1219,125745.06220530882
T2,73260,F2,RAW,S0,energy,2024-12-19,T2_TEST_1219,0.4554001355406351
T2,73260,F2,RAW,S0,variogram,2024-12-19,T2_TEST_1219,3460.932213548635
T2,73260,F2,RAW,S0,variogram_normalized,2024-12-19,T2_TEST_1219,0.012789905362548466
T2,73260,F2,RAW,S0,Brier,2024-12-19,T2_TEST_1219,0.0
T2,73260,F2,RAW,S0,marginal_CRPS_normalized,2024-12-19,T2_TEST_1219,0.07749408406839915
T2,73260,F3,RAW,S0,sum_CRPS_normalized,2024-12-19,T2_TEST_1219,0.01820663494109197
T2,73260,F3,RAW,S0,sum_CRPS_Wh,2024-12-19,T2_TEST_1219,118240.61726515827
T2,73260,F3,RAW,S0,energy,2024-12-19,T2_TEST_1219,0.4705870987588715
T2,73260,F3,RAW,S0,variogram,2024-12-19,T2_TEST_1219,3632.6659233558103
T2,73260,F3,RAW,S0,variogram_normalized,2024-12-19,T2_TEST_1219,0.013424548793990024
T2,73260,F3,RAW,S0,Brier,2024-12-19,T2_TEST_1219,0.0
T2,73260,F3,RAW,S0,marginal_CRPS_normalized,2024-12-19,T2_TEST_1219,0.07749408406839914
T2,73260,F0,RAW,S0,sum_CRPS_normalized,2024-12-20,T2_TEST_1220,0.24816072829527364
T2,73260,F0,RAW,S0,sum_CRPS_Wh,2024-12-20,T2_TEST_1220,1611647.5004603192
T2,73260,F0,RAW,S0,energy,2024-12-20,T2_TEST_1220,1.2889892689986127
T2,73260,F0,RAW,S0,variogram,2024-12-20,T2_TEST_1220,5882.977494200476
T2,73260,F0,RAW,S0,variogram_normalized,2024-12-20,T2_TEST_1220,0.021740594949034603
T2,73260,F0,RAW,S0,Brier,2024-12-20,T2_TEST_1220,0.0
T2,73260,F0,RAW,S0,marginal_CRPS_normalized,2024-12-20,T2_TEST_1220,0.200103811314572
T2,73260,F1,RAW,S0,sum_CRPS_normalized,2024-12-20,T2_TEST_1220,0.22318144401399292
T2,73260,F1,RAW,S0,sum_CRPS_Wh,2024-12-20,T2_TEST_1220,1449422.7949166074
T2,73260,F1,RAW,S0,energy,2024-12-20,T2_TEST_1220,1.2730585379095598
T2,73260,F1,RAW,S0,variogram,2024-12-20,T2_TEST_1220,5900.317374551727
T2,73260,F1,RAW,S0,variogram_normalized,2024-12-20,T2_TEST_1220,0.021804674629018576
T2,73260,F1,RAW,S0,Brier,2024-12-20,T2_TEST_1220,0.0
T2,73260,F1,RAW,S0,marginal_CRPS_normalized,2024-12-20,T2_TEST_1220,0.200103811314572
T2,73260,F2,RAW,S0,sum_CRPS_normalized,2024-12-20,T2_TEST_1220,0.22950272369384705
T2,73260,F2,RAW,S0,sum_CRPS_Wh,2024-12-20,T2_TEST_1220,1490475.5217752494
T2,73260,F2,RAW,S0,energy,2024-12-20,T2_TEST_1220,1.2838421282015464
T2,73260,F2,RAW,S0,variogram,2024-12-20,T2_TEST_1220,5662.667448876115
T2,73260,F2,RAW,S0,variogram_normalized,2024-12-20,T2_TEST_1220,0.02092643724346423
T2,73260,F2,RAW,S0,Brier,2024-12-20,T2_TEST_1220,0.0
T2,73260,F2,RAW,S0,marginal_CRPS_normalized,2024-12-20,T2_TEST_1220,0.200103811314572
T2,73260,F3,RAW,S0,sum_CRPS_normalized,2024-12-20,T2_TEST_1220,0.22459777639775272
T2,73260,F3,RAW,S0,sum_CRPS_Wh,2024-12-20,T2_TEST_1220,1458620.9809542932
T2,73260,F3,RAW,S0,energy,2024-12-20,T2_TEST_1220,1.3061736203330385
T2,73260,F3,RAW,S0,variogram,2024-12-20,T2_TEST_1220,5524.830961499406
T2,73260,F3,RAW,S0,variogram_normalized,2024-12-20,T2_TEST_1220,0.020417061294940055
T2,73260,F3,RAW,S0,Brier,2024-12-20,T2_TEST_1220,0.0
T2,73260,F3,RAW,S0,marginal_CRPS_normalized,2024-12-20,T2_TEST_1220,0.20010381131457206
T2,73260,F0,RAW,S0,sum_CRPS_normalized,2024-12-21,T2_TEST_1221,0.09017649553946892
T2,73260,F0,RAW,S0,sum_CRPS_Wh,2024-12-21,T2_TEST_1221,585639.4951562695
T2,73260,F0,RAW,S0,energy,2024-12-21,T2_TEST_1221,0.6951109193760494
T2,73260,F0,RAW,S0,variogram,2024-12-21,T2_TEST_1221,9590.758345493243
T2,73260,F0,RAW,S0,variogram_normalized,2024-12-21,T2_TEST_1221,0.03544273161829921
T2,73260,F0,RAW,S0,Brier,2024-12-21,T2_TEST_1221,0.0
T2,73260,F0,RAW,S0,marginal_CRPS_normalized,2024-12-21,T2_TEST_1221,0.11285856536588883
T2,73260,F1,RAW,S0,sum_CRPS_normalized,2024-12-21,T2_TEST_1221,0.07254363754415098
T2,73260,F1,RAW,S0,sum_CRPS_Wh,2024-12-21,T2_TEST_1221,471125.19746967964
T2,73260,F1,RAW,S0,energy,2024-12-21,T2_TEST_1221,0.6902032822646815
T2,73260,F1,RAW,S0,variogram,2024-12-21,T2_TEST_1221,9163.127107134527
T2,73260,F1,RAW,S0,variogram_normalized,2024-12-21,T2_TEST_1221,0.03386241662476473
T2,73260,F1,RAW,S0,Brier,2024-12-21,T2_TEST_1221,0.0
T2,73260,F1,RAW,S0,marginal_CRPS_normalized,2024-12-21,T2_TEST_1221,0.11285856536588879
T2,73260,F2,RAW,S0,sum_CRPS_normalized,2024-12-21,T2_TEST_1221,0.07548949216439087
T2,73260,F2,RAW,S0,sum_CRPS_Wh,2024-12-21,T2_TEST_1221,490256.666288469
T2,73260,F2,RAW,S0,energy,2024-12-21,T2_TEST_1221,0.6954440247573459
T2,73260,F2,RAW,S0,variogram,2024-12-21,T2_TEST_1221,9117.18142006688
T2,73260,F2,RAW,S0,variogram_normalized,2024-12-21,T2_TEST_1221,0.03369262393506338
T2,73260,F2,RAW,S0,Brier,2024-12-21,T2_TEST_1221,0.0
T2,73260,F2,RAW,S0,marginal_CRPS_normalized,2024-12-21,T2_TEST_1221,0.11285856536588879
T2,73260,F3,RAW,S0,sum_CRPS_normalized,2024-12-21,T2_TEST_1221,0.06814290441725825
T2,73260,F3,RAW,S0,sum_CRPS_Wh,2024-12-21,T2_TEST_1221,442545.2098428272
T2,73260,F3,RAW,S0,energy,2024-12-21,T2_TEST_1221,0.7030436878462439
T2,73260,F3,RAW,S0,variogram,2024-12-21,T2_TEST_1221,8879.769121492891
T2,73260,F3,RAW,S0,variogram_normalized,2024-12-21,T2_TEST_1221,0.03281526470254811
T2,73260,F3,RAW,S0,Brier,2024-12-21,T2_TEST_1221,0.0
T2,73260,F3,RAW,S0,marginal_CRPS_normalized,2024-12-21,T2_TEST_1221,0.11285856536588883
T2,73260,F0,RAW,S0,sum_CRPS_normalized,2024-12-22,T2_TEST_1222,0.09657449538167934
T2,73260,F0,RAW,S0,sum_CRPS_Wh,2024-12-22,T2_TEST_1222,627190.4711083348
T2,73260,F0,RAW,S0,energy,2024-12-22,T2_TEST_1222,0.9395726829213589
T2,73260,F0,RAW,S0,variogram,2024-12-22,T2_TEST_1222,13375.195528761144
T2,73260,F0,RAW,S0,variogram_normalized,2024-12-22,T2_TEST_1222,0.04942815243498628
T2,73260,F0,RAW,S0,Brier,2024-12-22,T2_TEST_1222,0.0
T2,73260,F0,RAW,S0,marginal_CRPS_normalized,2024-12-22,T2_TEST_1222,0.1707547244492322
T2,73260,F1,RAW,S0,sum_CRPS_normalized,2024-12-22,T2_TEST_1222,0.0798477365312138
T2,73260,F1,RAW,S0,sum_CRPS_Wh,2024-12-22,T2_TEST_1222,518560.7162017494
T2,73260,F1,RAW,S0,energy,2024-12-22,T2_TEST_1222,0.934292064873335
T2,73260,F1,RAW,S0,variogram,2024-12-22,T2_TEST_1222,12707.354635263666
T2,73260,F1,RAW,S0,variogram_normalized,2024-12-22,T2_TEST_1222,0.046960140553206464
T2,73260,F1,RAW,S0,Brier,2024-12-22,T2_TEST_1222,0.0
T2,73260,F1,RAW,S0,marginal_CRPS_normalized,2024-12-22,T2_TEST_1222,0.1707547244492322
T2,73260,F2,RAW,S0,sum_CRPS_normalized,2024-12-22,T2_TEST_1222,0.0797485249546863
T2,73260,F2,RAW,S0,sum_CRPS_Wh,2024-12-22,T2_TEST_1222,517916.39955090114
T2,73260,F2,RAW,S0,energy,2024-12-22,T2_TEST_1222,0.9410378070503926
T2,73260,F2,RAW,S0,variogram,2024-12-22,T2_TEST_1222,13319.68198557743
T2,73260,F2,RAW,S0,variogram_normalized,2024-12-22,T2_TEST_1222,0.04922300164905643
T2,73260,F2,RAW,S0,Brier,2024-12-22,T2_TEST_1222,0.0
T2,73260,F2,RAW,S0,marginal_CRPS_normalized,2024-12-22,T2_TEST_1222,0.1707547244492322
T2,73260,F3,RAW,S0,sum_CRPS_normalized,2024-12-22,T2_TEST_1222,0.06344125848498779
T2,73260,F3,RAW,S0,sum_CRPS_Wh,2024-12-22,T2_TEST_1222,412010.98322749767
T2,73260,F3,RAW,S0,energy,2024-12-22,T2_TEST_1222,0.9345020009778453
T2,73260,F3,RAW,S0,variogram,2024-12-22,T2_TEST_1222,12354.73664063922
T2,73260,F3,RAW,S0,variogram_normalized,2024-12-22,T2_TEST_1222,0.045657037660083326
T2,73260,F3,RAW,S0,Brier,2024-12-22,T2_TEST_1222,0.0
T2,73260,F3,RAW,S0,marginal_CRPS_normalized,2024-12-22,T2_TEST_1222,0.1707547244492322
T2,73260,F0,RAW,S0,sum_CRPS_normalized,2024-12-23,T2_TEST_1223,0.17581482794975414
T2,73260,F0,RAW,S0,sum_CRPS_Wh,2024-12-23,T2_TEST_1223,1141806.4814507514
T2,73260,F0,RAW,S0,energy,2024-12-23,T2_TEST_1223,0.8262669165203226
T2,73260,F0,RAW,S0,variogram,2024-12-23,T2_TEST_1223,2818.156522634005
T2,73260,F0,RAW,S0,variogram_normalized,2024-12-23,T2_TEST_1223,0.010414522156844054
T2,73260,F0,RAW,S0,Brier,2024-12-23,T2_TEST_1223,0.0
T2,73260,F0,RAW,S0,marginal_CRPS_normalized,2024-12-23,T2_TEST_1223,0.14261534817760954
T2,73260,F1,RAW,S0,sum_CRPS_normalized,2024-12-23,T2_TEST_1223,0.1522548458563106
T2,73260,F1,RAW,S0,sum_CRPS_Wh,2024-12-23,T2_TEST_1223,988799.2489501715
T2,73260,F1,RAW,S0,energy,2024-12-23,T2_TEST_1223,0.8165002663677917
T2,73260,F1,RAW,S0,variogram,2024-12-23,T2_TEST_1223,2823.32958455402
T2,73260,F1,RAW,S0,variogram_normalized,2024-12-23,T2_TEST_1223,0.01043363925255965
T2,73260,F1,RAW,S0,Brier,2024-12-23,T2_TEST_1223,0.0
T2,73260,F1,RAW,S0,marginal_CRPS_normalized,2024-12-23,T2_TEST_1223,0.14261534817760954
T2,73260,F2,RAW,S0,sum_CRPS_normalized,2024-12-23,T2_TEST_1223,0.1587648825207338
T2,73260,F2,RAW,S0,sum_CRPS_Wh,2024-12-23,T2_TEST_1223,1031077.8334393296
T2,73260,F2,RAW,S0,energy,2024-12-23,T2_TEST_1223,0.8174414725819108
T2,73260,F2,RAW,S0,variogram,2024-12-23,T2_TEST_1223,2722.5261109408625
T2,73260,F2,RAW,S0,variogram_normalized,2024-12-23,T2_TEST_1223,0.010061119131338754
T2,73260,F2,RAW,S0,Brier,2024-12-23,T2_TEST_1223,0.0
T2,73260,F2,RAW,S0,marginal_CRPS_normalized,2024-12-23,T2_TEST_1223,0.1426153481776095
T2,73260,F3,RAW,S0,sum_CRPS_normalized,2024-12-23,T2_TEST_1223,0.15346749699460135
T2,73260,F3,RAW,S0,sum_CRPS_Wh,2024-12-23,T2_TEST_1223,996674.6536904061
T2,73260,F3,RAW,S0,energy,2024-12-23,T2_TEST_1223,0.8266264520627369
T2,73260,F3,RAW,S0,variogram,2024-12-23,T2_TEST_1223,2900.4164519719975
T2,73260,F3,RAW,S0,variogram_normalized,2024-12-23,T2_TEST_1223,0.010718514447488803
T2,73260,F3,RAW,S0,Brier,2024-12-23,T2_TEST_1223,0.0
T2,73260,F3,RAW,S0,marginal_CRPS_normalized,2024-12-23,T2_TEST_1223,0.1426153481776095
T2,73260,F0,RAW,S0,sum_CRPS_normalized,2024-12-24,T2_TEST_1224,0.3985300900724148
T2,73260,F0,RAW,S0,sum_CRPS_Wh,2024-12-24,T2_TEST_1224,2588201.718844109
T2,73260,F0,RAW,S0,energy,2024-12-24,T2_TEST_1224,2.2461826495075066
T2,73260,F0,RAW,S0,variogram,2024-12-24,T2_TEST_1224,20201.751220152095
T2,73260,F0,RAW,S0,variogram_normalized,2024-12-24,T2_TEST_1224,0.07465574889100972
T2,73260,F0,RAW,S0,Brier,2024-12-24,T2_TEST_1224,0.0
T2,73260,F0,RAW,S0,marginal_CRPS_normalized,2024-12-24,T2_TEST_1224,0.33298393029349177
T2,73260,F1,RAW,S0,sum_CRPS_normalized,2024-12-24,T2_TEST_1224,0.36752047048762465
T2,73260,F1,RAW,S0,sum_CRPS_Wh,2024-12-24,T2_TEST_1224,2386813.786767331
T2,73260,F1,RAW,S0,energy,2024-12-24,T2_TEST_1224,2.2406504725359278
T2,73260,F1,RAW,S0,variogram,2024-12-24,T2_TEST_1224,19886.459587836376
T2,73260,F1,RAW,S0,variogram_normalized,2024-12-24,T2_TEST_1224,0.0734905858973125
T2,73260,F1,RAW,S0,Brier,2024-12-24,T2_TEST_1224,0.0
T2,73260,F1,RAW,S0,marginal_CRPS_normalized,2024-12-24,T2_TEST_1224,0.33298393029349177
T2,73260,F2,RAW,S0,sum_CRPS_normalized,2024-12-24,T2_TEST_1224,0.3780140029248675
T2,73260,F2,RAW,S0,sum_CRPS_Wh,2024-12-24,T2_TEST_1224,2454962.665277065
T2,73260,F2,RAW,S0,energy,2024-12-24,T2_TEST_1224,2.2395087819554544
T2,73260,F2,RAW,S0,variogram,2024-12-24,T2_TEST_1224,20007.11150547613
T2,73260,F2,RAW,S0,variogram_normalized,2024-12-24,T2_TEST_1224,0.07393645611759057
T2,73260,F2,RAW,S0,Brier,2024-12-24,T2_TEST_1224,0.0
T2,73260,F2,RAW,S0,marginal_CRPS_normalized,2024-12-24,T2_TEST_1224,0.33298393029349177
T2,73260,F3,RAW,S0,sum_CRPS_normalized,2024-12-24,T2_TEST_1224,0.37148558111381436
T2,73260,F3,RAW,S0,sum_CRPS_Wh,2024-12-24,T2_TEST_1224,2412564.6808497487
T2,73260,F3,RAW,S0,energy,2024-12-24,T2_TEST_1224,2.257195754889146
T2,73260,F3,RAW,S0,variogram,2024-12-24,T2_TEST_1224,19661.908051815855
T2,73260,F3,RAW,S0,variogram_normalized,2024-12-24,T2_TEST_1224,0.07266075372565821
T2,73260,F3,RAW,S0,Brier,2024-12-24,T2_TEST_1224,0.0
T2,73260,F3,RAW,S0,marginal_CRPS_normalized,2024-12-24,T2_TEST_1224,0.33298393029349177
T2,73260,F0,RAW,S0,sum_CRPS_normalized,2024-12-25,T2_TEST_1225,0.12232141851427936
T2,73260,F0,RAW,S0,sum_CRPS_Wh,2024-12-25,T2_TEST_1225,794400.5071049493
T2,73260,F0,RAW,S0,energy,2024-12-25,T2_TEST_1225,0.8682031327728836
T2,73260,F0,RAW,S0,variogram,2024-12-25,T2_TEST_1225,16301.972098009961
T2,73260,F0,RAW,S0,variogram_normalized,2024-12-25,T2_TEST_1225,0.06024408092716407
T2,73260,F0,RAW,S0,Brier,2024-12-25,T2_TEST_1225,0.0
T2,73260,F0,RAW,S0,marginal_CRPS_normalized,2024-12-25,T2_TEST_1225,0.10705644751974339
T2,73260,F1,RAW,S0,sum_CRPS_normalized,2024-12-25,T2_TEST_1225,0.09641262891391941
T2,73260,F1,RAW,S0,sum_CRPS_Wh,2024-12-25,T2_TEST_1225,626139.2504338725
T2,73260,F1,RAW,S0,energy,2024-12-25,T2_TEST_1225,0.812410103487464
T2,73260,F1,RAW,S0,variogram,2024-12-25,T2_TEST_1225,13855.338826174004
T2,73260,F1,RAW,S0,variogram_normalized,2024-12-25,T2_TEST_1225,0.05120252620351376
T2,73260,F1,RAW,S0,Brier,2024-12-25,T2_TEST_1225,0.0
T2,73260,F1,RAW,S0,marginal_CRPS_normalized,2024-12-25,T2_TEST_1225,0.10705644751974336
T2,73260,F2,RAW,S0,sum_CRPS_normalized,2024-12-25,T2_TEST_1225,0.10583453110864606
T2,73260,F2,RAW,S0,sum_CRPS_Wh,2024-12-25,T2_TEST_1225,687328.5660279386
T2,73260,F2,RAW,S0,energy,2024-12-25,T2_TEST_1225,0.8497817504918985
T2,73260,F2,RAW,S0,variogram,2024-12-25,T2_TEST_1225,15478.744478873443
T2,73260,F2,RAW,S0,variogram_normalized,2024-12-25,T2_TEST_1225,0.05720183603736997
T2,73260,F2,RAW,S0,Brier,2024-12-25,T2_TEST_1225,0.0
T2,73260,F2,RAW,S0,marginal_CRPS_normalized,2024-12-25,T2_TEST_1225,0.10705644751974341
T2,73260,F3,RAW,S0,sum_CRPS_normalized,2024-12-25,T2_TEST_1225,0.11267478367914886
T2,73260,F3,RAW,S0,sum_CRPS_Wh,2024-12-25,T2_TEST_1225,731751.6946732218
T2,73260,F3,RAW,S0,energy,2024-12-25,T2_TEST_1225,0.8727161195792408
T2,73260,F3,RAW,S0,variogram,2024-12-25,T2_TEST_1225,14469.395861539531
T2,73260,F3,RAW,S0,variogram_normalized,2024-12-25,T2_TEST_1225,0.05347177936564935
T2,73260,F3,RAW,S0,Brier,2024-12-25,T2_TEST_1225,0.0
T2,73260,F3,RAW,S0,marginal_CRPS_normalized,2024-12-25,T2_TEST_1225,0.10705644751974341
T2,73260,F0,RAW,S0,sum_CRPS_normalized,2024-12-26,T2_TEST_1226,0.15655037987613674
T2,73260,F0,RAW,S0,sum_CRPS_Wh,2024-12-26,T2_TEST_1226,1016696.0346896052
T2,73260,F0,RAW,S0,energy,2024-12-26,T2_TEST_1226,0.9955897397133934
T2,73260,F0,RAW,S0,variogram,2024-12-26,T2_TEST_1226,12985.325318563395
T2,73260,F0,RAW,S0,variogram_normalized,2024-12-26,T2_TEST_1226,0.04798738365234857
T2,73260,F0,RAW,S0,Brier,2024-12-26,T2_TEST_1226,0.0
T2,73260,F0,RAW,S0,marginal_CRPS_normalized,2024-12-26,T2_TEST_1226,0.16033924491941878
T2,73260,F1,RAW,S0,sum_CRPS_normalized,2024-12-26,T2_TEST_1226,0.13657944383876297
T2,73260,F1,RAW,S0,sum_CRPS_Wh,2024-12-26,T2_TEST_1226,886997.3939433959
T2,73260,F1,RAW,S0,energy,2024-12-26,T2_TEST_1226,0.9994532052629108
T2,73260,F1,RAW,S0,variogram,2024-12-26,T2_TEST_1226,12131.799538260337
T2,73260,F1,RAW,S0,variogram_normalized,2024-12-26,T2_TEST_1226,0.04483317164211729
T2,73260,F1,RAW,S0,Brier,2024-12-26,T2_TEST_1226,0.0
T2,73260,F1,RAW,S0,marginal_CRPS_normalized,2024-12-26,T2_TEST_1226,0.16033924491941878
T2,73260,F2,RAW,S0,sum_CRPS_normalized,2024-12-26,T2_TEST_1226,0.14365814382058942
T2,73260,F2,RAW,S0,sum_CRPS_Wh,2024-12-26,T2_TEST_1226,932969.0882182647
T2,73260,F2,RAW,S0,energy,2024-12-26,T2_TEST_1226,0.9941711008054004
T2,73260,F2,RAW,S0,variogram,2024-12-26,T2_TEST_1226,12487.710642200884
T2,73260,F2,RAW,S0,variogram_normalized,2024-12-26,T2_TEST_1226,0.046148444249612924
T2,73260,F2,RAW,S0,Brier,2024-12-26,T2_TEST_1226,0.0
T2,73260,F2,RAW,S0,marginal_CRPS_normalized,2024-12-26,T2_TEST_1226,0.1603392449194188
T2,73260,F3,RAW,S0,sum_CRPS_normalized,2024-12-26,T2_TEST_1226,0.1275118208274242
T2,73260,F3,RAW,S0,sum_CRPS_Wh,2024-12-26,T2_TEST_1226,828108.8983231205
T2,73260,F3,RAW,S0,energy,2024-12-26,T2_TEST_1226,0.9876104160916677
T2,73260,F3,RAW,S0,variogram,2024-12-26,T2_TEST_1226,11792.56452491026
T2,73260,F3,RAW,S0,variogram_normalized,2024-12-26,T2_TEST_1226,0.04357952567372035
T2,73260,F3,RAW,S0,Brier,2024-12-26,T2_TEST_1226,0.0
T2,73260,F3,RAW,S0,marginal_CRPS_normalized,2024-12-26,T2_TEST_1226,0.1603392449194188
T2,73260,F0,RAW,S0,sum_CRPS_normalized,2024-12-27,T2_TEST_1227,0.3668823640955129
T2,73260,F0,RAW,S0,sum_CRPS_Wh,2024-12-27,T2_TEST_1227,2382669.6879853066
T2,73260,F0,RAW,S0,energy,2024-12-27,T2_TEST_1227,1.5735171913362174
T2,73260,F0,RAW,S0,variogram,2024-12-27,T2_TEST_1227,8783.278767945643
T2,73260,F0,RAW,S0,variogram_normalized,2024-12-27,T2_TEST_1227,0.03245868375437554
T2,73260,F0,RAW,S0,Brier,2024-12-27,T2_TEST_1227,0.0
T2,73260,F0,RAW,S0,marginal_CRPS_normalized,2024-12-27,T2_TEST_1227,0.30005817360147335
T2,73260,F1,RAW,S0,sum_CRPS_normalized,2024-12-27,T2_TEST_1227,0.3339550562420123
T2,73260,F1,RAW,S0,sum_CRPS_Wh,2024-12-27,T2_TEST_1227,2168827.5794312097
T2,73260,F1,RAW,S0,energy,2024-12-27,T2_TEST_1227,1.5601075101606696
T2,73260,F1,RAW,S0,variogram,2024-12-27,T2_TEST_1227,7815.3704647405575
T2,73260,F1,RAW,S0,variogram_normalized,2024-12-27,T2_TEST_1227,0.028881770127129214
T2,73260,F1,RAW,S0,Brier,2024-12-27,T2_TEST_1227,0.0044097900390625
T2,73260,F1,RAW,S0,marginal_CRPS_normalized,2024-12-27,T2_TEST_1227,0.3000581736014734
T2,73260,F2,RAW,S0,sum_CRPS_normalized,2024-12-27,T2_TEST_1227,0.35065173834075486
T2,73260,F2,RAW,S0,sum_CRPS_Wh,2024-12-27,T2_TEST_1227,2277262.004794441
T2,73260,F2,RAW,S0,energy,2024-12-27,T2_TEST_1227,1.565316887083386
T2,73260,F2,RAW,S0,variogram,2024-12-27,T2_TEST_1227,8501.222017005959
T2,73260,F2,RAW,S0,variogram_normalized,2024-12-27,T2_TEST_1227,0.03141634055641745
T2,73260,F2,RAW,S0,Brier,2024-12-27,T2_TEST_1227,1.52587890625e-05
T2,73260,F2,RAW,S0,marginal_CRPS_normalized,2024-12-27,T2_TEST_1227,0.30005817360147335
T2,73260,F3,RAW,S0,sum_CRPS_normalized,2024-12-27,T2_TEST_1227,0.3395288651204947
T2,73260,F3,RAW,S0,sum_CRPS_Wh,2024-12-27,T2_TEST_1227,2205025.9546082895
T2,73260,F3,RAW,S0,energy,2024-12-27,T2_TEST_1227,1.5816833389178453
T2,73260,F3,RAW,S0,variogram,2024-12-27,T2_TEST_1227,8000.68042287134
T2,73260,F3,RAW,S0,variogram_normalized,2024-12-27,T2_TEST_1227,0.029566584703373217
T2,73260,F3,RAW,S0,Brier,2024-12-27,T2_TEST_1227,0.0001373291015625
T2,73260,F3,RAW,S0,marginal_CRPS_normalized,2024-12-27,T2_TEST_1227,0.30005817360147335
T2,73260,F0,RAW,S0,sum_CRPS_normalized,2024-12-28,T2_TEST_1228,0.047697802401020124
T2,73260,F0,RAW,S0,sum_CRPS_Wh,2024-12-28,T2_TEST_1228,309767.15995767154
T2,73260,F0,RAW,S0,energy,2024-12-28,T2_TEST_1228,0.627023274581016
T2,73260,F0,RAW,S0,variogram,2024-12-28,T2_TEST_1228,8322.263839611172
T2,73260,F0,RAW,S0,variogram_normalized,2024-12-28,T2_TEST_1228,0.030754999041615976
T2,73260,F0,RAW,S0,Brier,2024-12-28,T2_TEST_1228,0.0
T2,73260,F0,RAW,S0,marginal_CRPS_normalized,2024-12-28,T2_TEST_1228,0.09794616304120175
T2,73260,F1,RAW,S0,sum_CRPS_normalized,2024-12-28,T2_TEST_1228,0.040490507906192554
T2,73260,F1,RAW,S0,sum_CRPS_Wh,2024-12-28,T2_TEST_1228,262960.3253812939
T2,73260,F1,RAW,S0,energy,2024-12-28,T2_TEST_1228,0.6158898201909914
T2,73260,F1,RAW,S0,variogram,2024-12-28,T2_TEST_1228,7216.2957371985385
T2,73260,F1,RAW,S0,variogram_normalized,2024-12-28,T2_TEST_1228,0.02666788421501519
T2,73260,F1,RAW,S0,Brier,2024-12-28,T2_TEST_1228,0.0
T2,73260,F1,RAW,S0,marginal_CRPS_normalized,2024-12-28,T2_TEST_1228,0.09794616304120173
T2,73260,F2,RAW,S0,sum_CRPS_normalized,2024-12-28,T2_TEST_1228,0.04202512901510388
T2,73260,F2,RAW,S0,sum_CRPS_Wh,2024-12-28,T2_TEST_1228,272926.7221247293
T2,73260,F2,RAW,S0,energy,2024-12-28,T2_TEST_1228,0.6163849651057136
T2,73260,F2,RAW,S0,variogram,2024-12-28,T2_TEST_1228,7624.3677278313335
T2,73260,F2,RAW,S0,variogram_normalized,2024-12-28,T2_TEST_1228,0.028175917836959132
T2,73260,F2,RAW,S0,Brier,2024-12-28,T2_TEST_1228,0.0
T2,73260,F2,RAW,S0,marginal_CRPS_normalized,2024-12-28,T2_TEST_1228,0.09794616304120173
T2,73260,F3,RAW,S0,sum_CRPS_normalized,2024-12-28,T2_TEST_1228,0.05708843564009253
T2,73260,F3,RAW,S0,sum_CRPS_Wh,2024-12-28,T2_TEST_1228,370753.40339536406
T2,73260,F3,RAW,S0,energy,2024-12-28,T2_TEST_1228,0.6241375832434268
T2,73260,F3,RAW,S0,variogram,2024-12-28,T2_TEST_1228,7413.588862071647
T2,73260,F3,RAW,S0,variogram_normalized,2024-12-28,T2_TEST_1228,0.02739698268909978
T2,73260,F3,RAW,S0,Brier,2024-12-28,T2_TEST_1228,0.0
T2,73260,F3,RAW,S0,marginal_CRPS_normalized,2024-12-28,T2_TEST_1228,0.09794616304120173
T2,73260,F0,RAW,S0,sum_CRPS_normalized,2024-12-29,T2_TEST_1229,0.019500841080758377
T2,73260,F0,RAW,S0,sum_CRPS_Wh,2024-12-29,T2_TEST_1229,126645.6703305731
T2,73260,F0,RAW,S0,energy,2024-12-29,T2_TEST_1229,0.626430856843287
T2,73260,F0,RAW,S0,variogram,2024-12-29,T2_TEST_1229,8478.509131642348
T2,73260,F0,RAW,S0,variogram_normalized,2024-12-29,T2_TEST_1229,0.03133240488926575
T2,73260,F0,RAW,S0,Brier,2024-12-29,T2_TEST_1229,0.0
T2,73260,F0,RAW,S0,marginal_CRPS_normalized,2024-12-29,T2_TEST_1229,0.10381120601082998
T2,73260,F1,RAW,S0,sum_CRPS_normalized,2024-12-29,T2_TEST_1229,0.02942072316784448
T2,73260,F1,RAW,S0,sum_CRPS_Wh,2024-12-29,T2_TEST_1229,191069.05142047256
T2,73260,F1,RAW,S0,energy,2024-12-29,T2_TEST_1229,0.6278596403080998
T2,73260,F1,RAW,S0,variogram,2024-12-29,T2_TEST_1229,7978.420826231167
T2,73260,F1,RAW,S0,variogram_normalized,2024-12-29,T2_TEST_1229,0.029484324168676294
T2,73260,F1,RAW,S0,Brier,2024-12-29,T2_TEST_1229,0.0
T2,73260,F1,RAW,S0,marginal_CRPS_normalized,2024-12-29,T2_TEST_1229,0.10381120601082998
T2,73260,F2,RAW,S0,sum_CRPS_normalized,2024-12-29,T2_TEST_1229,0.025309503982763874
T2,73260,F2,RAW,S0,sum_CRPS_Wh,2024-12-29,T2_TEST_1229,164369.27434859064
T2,73260,F2,RAW,S0,energy,2024-12-29,T2_TEST_1229,0.6261551457869559
T2,73260,F2,RAW,S0,variogram,2024-12-29,T2_TEST_1229,8122.8586803027465
T2,73260,F2,RAW,S0,variogram_normalized,2024-12-29,T2_TEST_1229,0.03001809552574397
T2,73260,F2,RAW,S0,Brier,2024-12-29,T2_TEST_1229,0.0
T2,73260,F2,RAW,S0,marginal_CRPS_normalized,2024-12-29,T2_TEST_1229,0.10381120601083
T2,73260,F3,RAW,S0,sum_CRPS_normalized,2024-12-29,T2_TEST_1229,0.03599056996627354
T2,73260,F3,RAW,S0,sum_CRPS_Wh,2024-12-29,T2_TEST_1229,233736.06502827024
T2,73260,F3,RAW,S0,energy,2024-12-29,T2_TEST_1229,0.6273690213229275
T2,73260,F3,RAW,S0,variogram,2024-12-29,T2_TEST_1229,7745.757888178858
T2,73260,F3,RAW,S0,variogram_normalized,2024-12-29,T2_TEST_1229,0.02862451623964137
T2,73260,F3,RAW,S0,Brier,2024-12-29,T2_TEST_1229,0.0
T2,73260,F3,RAW,S0,marginal_CRPS_normalized,2024-12-29,T2_TEST_1229,0.10381120601083
