panel,kind,stage,condition,proposed,baseline,proposed_nmae,baseline_nmae,gain_pct,ci_low,ci_high,bonf2_low,bonf2_high,seed_gains,primary_family
electricity,shape,fixed1024,PAIRED_SHIFT8_D32,MAG_ONLY,PETSA_XY_OFFLINE,0.20573686104850267,0.2067002033358949,0.4660577357182172,-0.11623532006812098,0.9665558130209819,-0.20530610784773307,1.0258377351264008,"{""81551"": 0.5564172835335168, ""81552"": 0.37566764717467116}",False
electricity,shape,fixed1024,PAIRED_SHIFT8_D32,MAG_ONLY,B0,0.20573686104850267,0.21290391979548912,3.3663348020416817,2.588394910433877,4.29862298288289,2.4677124217982245,4.38639346065939,"{""81551"": 2.7603557433242942, ""81552"": 3.9639295033434885}",False
electricity,shape,fixed1024,PAIRED_SHIFT8_D32,MAG_ONLY,PLAIN,0.20573686104850267,0.20948298854041514,1.7882728893710342,1.1939340432450454,2.4800772464377485,1.088988273158634,2.563420914910585,"{""81551"": 1.5426256993993026, ""81552"": 2.0323372684644125}",False
electricity,shape,fixed1024,PULSE8_D32,MAG_ONLY,PETSA_XY_OFFLINE,2.98294724525013,2.9916229109971417,0.2899986397055576,0.24300967159080172,0.3402463103001063,0.23696234854689482,0.3451422355352928,"{""81551"": 0.050501140244541, ""81552"": 0.5287686349474296}",False
electricity,shape,fixed1024,PULSE8_D32,MAG_ONLY,B0,2.98294724525013,2.9724499754568527,-0.35315210953765774,-0.4052931264030435,-0.29944638006469354,-0.41166034395103773,-0.28835589228685954,"{""81551"": 0.26727464242665144, ""81552"": -0.9824563429981836}",False
electricity,shape,fixed1024,PULSE8_D32,MAG_ONLY,PLAIN,2.98294724525013,2.963317921346202,-0.6624103260243874,-0.7089668149044454,-0.618467446105947,-0.7174794530290635,-0.6137392404146291,"{""81551"": -0.6732744823766179, ""81552"": -0.651529444407295}",False
electricity,shape,fixed1024,RAMP8_D32,MAG_ONLY,PETSA_XY_OFFLINE,0.4822501504269867,0.47376192679186313,-1.7916643687690526,-2.3033032730313012,-1.2978158091161007,-2.39616829412753,-1.210223867922911,"{""81551"": -1.709325471484724, ""81552"": -1.8956722847439655}",False
electricity,shape,fixed1024,RAMP8_D32,MAG_ONLY,B0,0.4822501504269867,0.4868097447647202,0.9366275812611735,0.5740402019081875,1.300932272771648,0.5281730752865424,1.3515789639282725,"{""81551"": -4.704401488736698, ""81552"": 7.237928511038305}",False
electricity,shape,fixed1024,RAMP8_D32,MAG_ONLY,PLAIN,0.4822501504269867,0.4972621567880782,3.018931997169716,2.6203534981465664,3.442768011292864,2.5496401965604614,3.493655896402507,"{""81551"": 2.2331771177440007, ""81552"": 3.991836314565156}",False
electricity,shape,fixed1024,STEP12_D17,MAG_ONLY,PETSA_XY_OFFLINE,0.2957397987708874,0.2940655228417468,-0.5693547182821668,-1.2268245232017916,-0.007985105421297637,-1.3038480229537375,0.0836658079263547,"{""81551"": -0.3043890889813605, ""81552"": -0.8452184614402336}",False
electricity,shape,fixed1024,STEP12_D17,MAG_ONLY,B0,0.2957397987708874,0.32315176142918917,8.482690156806838,7.263986171673699,9.752536429410815,7.132117232574359,9.917811566651634,"{""81551"": 1.3386314971954527, ""81552"": 14.866337719634293}",False
electricity,shape,fixed1024,STEP12_D17,MAG_ONLY,PLAIN,0.2957397987708874,0.31179404943076416,5.148991999426111,4.268067451745286,6.07229940942075,4.1474972455889985,6.202421914690868,"{""81551"": 4.481439221821293, ""81552"": 5.830510675094236}",False
electricity,shape,fixed1024,STEP12_D63,MAG_ONLY,PETSA_XY_OFFLINE,0.21491795684351434,0.22309118808571654,3.6636280044650915,2.9478590218943665,4.484498899028818,2.8617012028073354,4.631562248179226,"{""81551"": 2.2829039059279133, ""81552"": 5.034959967567998}",False
electricity,shape,fixed1024,STEP12_D63,MAG_ONLY,B0,0.21491795684351434,0.21891981114741088,1.8280000713146394,1.0712754850800164,2.6170211961294183,0.9636811740393628,2.7295754210352805,"{""81551"": 3.767453122290154, ""81552"": -0.2365522896312644}",False
electricity,shape,fixed1024,STEP12_D63,MAG_ONLY,PLAIN,0.21491795684351434,0.2141792422764796,-0.34490483726763443,-1.0025944112500207,0.19863876611027304,-1.1115313263408648,0.27238802440606186,"{""81551"": 1.0930117932154149, ""81552"": -1.8582763067091168}",False
electricity,shape,fixed1024,STEP6_D17,MAG_ONLY,PETSA_XY_OFFLINE,0.23542684792274815,0.23581891518943637,0.1662577687516209,-0.4654223906385646,0.7555156124590097,-0.5469097003407253,0.8468992958422253,"{""81551"": -0.3423138216086308, ""81552"": 0.6849536225740249}",False
electricity,shape,fixed1024,STEP6_D17,MAG_ONLY,B0,0.23542684792274815,0.24266665095247575,2.983435507644372,2.2965533312040787,3.7337489018261945,2.2068521492781095,3.888318980278255,"{""81551"": 0.1729649968200686, ""81552"": 5.718619435399052}",False
electricity,shape,fixed1024,STEP6_D17,MAG_ONLY,PLAIN,0.23542684792274815,0.23975267391464697,1.8042868599825623,1.1036505008188604,2.550388083055813,1.0211215563100968,2.6275183380557343,"{""81551"": 2.2643789632146305, ""81552"": 1.3256280960071254}",False
electricity,shape,fixed1024,STEP6_D63,MAG_ONLY,PETSA_XY_OFFLINE,0.1945956931758266,0.1975664216550671,1.503660619225633,0.9486458743486718,2.092951281787199,0.8476772867539635,2.1937388867308085,"{""81551"": 1.3473855905696386, ""81552"": 1.6624249034483451}",False
electricity,shape,fixed1024,STEP6_D63,MAG_ONLY,B0,0.1945956931758266,0.19649476820014639,0.9664761264205457,0.45894964449619907,1.5083067242352977,0.390835415859193,1.5653899428073978,"{""81551"": 2.86216072096821, ""81552"": -1.0432518739633911}",False
electricity,shape,fixed1024,STEP6_D63,MAG_ONLY,PLAIN,0.1945956931758266,0.19358300482487678,-0.5231287487586611,-0.9199092635533823,-0.10362819732845333,-0.9870201545481239,-0.04093540808333872,"{""81551"": -0.20218481839986424, ""81552"": -0.8523518737336921}",False
electricity,shape,fixed1024,STEP8_D31,MAG_ONLY,PETSA_XY_OFFLINE,0.20797190954428274,0.20836045169064787,0.18647595703142894,-0.4533964085203984,0.7418576143131091,-0.5543360832944646,0.8135339032254455,"{""81551"": 0.17715626307943655, ""81552"": 0.19579961457180106}",False
electricity,shape,fixed1024,STEP8_D31,MAG_ONLY,B0,0.20797190954428274,0.21265019659537276,2.1999918767965143,1.474231721269663,2.9565227790380373,1.370125095648619,3.068472498793593,"{""81551"": 0.9332704910247402, ""81552"": 3.435474575835973}",False
electricity,shape,fixed1024,STEP8_D31,MAG_ONLY,PLAIN,0.20797190954428274,0.20973700672065032,0.8415764122725933,0.32992170499137247,1.4122318179860187,0.22673702322127468,1.4675200843136778,"{""81551"": 0.6887141348873027, ""81552"": 0.99406198108134}",False
electricity,shape,fixed1024,STEP8_D33,MAG_ONLY,PETSA_XY_OFFLINE,0.20951858264053966,0.20977231109373273,0.12095421548733443,-0.4072311571511045,0.5690135940162128,-0.5144769279174399,0.6278163512770909,"{""81551"": -0.02269357038087172, ""81552"": 0.2639501967381608}",False
electricity,shape,fixed1024,STEP8_D33,MAG_ONLY,B0,0.20951858264053966,0.21695923642746096,3.429516949562572,2.624731652356895,4.351107210764423,2.505564573242957,4.480537988779688,"{""81551"": 2.5657244380954514, ""81552"": 4.27671809189386}",False
electricity,shape,fixed1024,STEP8_D33,MAG_ONLY,PLAIN,0.20951858264053966,0.21362443123476388,1.9219939266740815,1.3332763417621687,2.6066336933519705,1.2457203228049378,2.677908437362324,"{""81551"": 1.347954059383838, ""81552"": 2.488446186890425}",False
electricity,shape,selected,PAIRED_SHIFT8_D32,MAG_ONLY,PETSA_XY_OFFLINE,0.20466295472414242,0.20557840564507818,0.4453050008162096,-0.08770308691504357,0.9504850791949014,-0.2065711560873107,0.9960633770370995,"{""81551"": 0.34168989431080377, ""81552"": 0.548664645028385}",False
electricity,shape,selected,PAIRED_SHIFT8_D32,MAG_ONLY,B0,0.20466295472414242,0.21290391979548912,3.8707437041379023,3.0429056607403275,4.825458653886853,2.9432322550238643,4.970358011810371,"{""81551"": 3.2152427541134565, ""81552"": 4.517175109312232}",False
electricity,shape,selected,PAIRED_SHIFT8_D32,MAG_ONLY,PLAIN,0.20466295472414242,0.20760904219072884,1.4190554686341006,0.946110683702198,1.9488478147158552,0.8880180020489232,2.0288520161265957,"{""81551"": 0.21209931561214646, ""81552"": 2.5967104113153283}",False
electricity,shape,selected,PULSE8_D32,MAG_ONLY,PETSA_XY_OFFLINE,2.9952720894873934,3.004652486570473,0.3121957406058029,0.27572451792957503,0.35057470424773834,0.2719027344630043,0.35567236687250453,"{""81551"": 0.033095085049283934, ""81552"": 0.5903154106619568}",False
electricity,shape,selected,PULSE8_D32,MAG_ONLY,B0,2.9952720894873934,2.9724499754568527,-0.7677879937082244,-0.807798498030799,-0.7268541972700976,-0.8116639528283587,-0.7195666635532683,"{""81551"": -0.1605224511319836, ""81552"": -1.3837426983821066}",False
electricity,shape,selected,PULSE8_D32,MAG_ONLY,PLAIN,2.9952720894873934,2.9746047284734862,-0.6947935238613479,-0.728540825893132,-0.6599447700688138,-0.7330682234024738,-0.6538684501002026,"{""81551"": -0.34132513636015993, ""81552"": -1.0515007550414346}",False
electricity,shape,selected,RAMP8_D32,MAG_ONLY,PETSA_XY_OFFLINE,0.4765886866358742,0.46790365666567324,-1.8561577466804424,-2.3187155079126707,-1.4182598087755285,-2.3961234630078025,-1.3504651706697748,"{""81551"": -2.1617521031401576, ""81552"": -1.4778243982889183}",False
electricity,shape,selected,RAMP8_D32,MAG_ONLY,B0,0.4765886866358742,0.4868097447647202,2.099600149496994,1.7644264073512548,2.4623530221022083,1.7255973928973314,2.5023961548624305,"{""81551"": -2.945835628540583, ""81552"": 7.735594710909732}",False
electricity,shape,selected,RAMP8_D32,MAG_ONLY,PLAIN,0.4765886866358742,0.4930603778467059,3.340704698837671,2.917322845714483,3.797136579887126,2.8511096554925888,3.8695829756528273,"{""81551"": 2.384216671224182, ""81552"": 4.506917718106784}",False
electricity,shape,selected,STEP12_D17,MAG_ONLY,PETSA_XY_OFFLINE,0.2954253257782211,0.29353476944553475,-0.6440655518450189,-1.279592313711998,-0.10487304817248101,-1.387170435597653,-0.031211793873413756,"{""81551"": 0.07931540919492441, ""81552"": -1.3878325773223343}",False
electricity,shape,selected,STEP12_D17,MAG_ONLY,B0,0.2954253257782211,0.32315176142918917,8.580004493351224,7.397509080307645,9.847853992096406,7.246931040330625,10.003205593987895,"{""81551"": 2.4950454517385645, ""81552"": 14.017282629867612}",False
electricity,shape,selected,STEP12_D17,MAG_ONLY,PLAIN,0.2954253257782211,0.30798478383748434,4.077947586491981,3.4168697480430734,4.804586444929172,3.314965100065417,4.8980964981768915,"{""81551"": 3.261478384718608, ""81552"": 4.891339469834333}",False
electricity,shape,selected,STEP12_D63,MAG_ONLY,PETSA_XY_OFFLINE,0.21991180324792847,0.23487810838496684,6.3719455337695745,5.504495420526064,7.347942788985509,5.375385022326669,7.470567566467372,"{""81551"": 3.0937098646296013, ""81552"": 9.454228833246614}",False
electricity,shape,selected,STEP12_D63,MAG_ONLY,B0,0.21991180324792847,0.21891981114741088,-0.4531303472802728,-1.244039514008386,0.269893558133121,-1.3804479952452486,0.3734191777991893,"{""81551"": 2.2856834924493197, ""81552"": -3.3686041589103155}",False
electricity,shape,selected,STEP12_D63,MAG_ONLY,PLAIN,0.21991180324792847,0.21636015457285832,-1.6415447114473958,-2.3447597510088145,-1.0730079002441335,-2.477895265258097,-1.0172175568181179,"{""81551"": 1.525528888034322, ""81552"": -5.041001544366486}",False
electricity,shape,selected,STEP6_D17,MAG_ONLY,PETSA_XY_OFFLINE,0.23615851097582505,0.2355103832634062,-0.2752013322885771,-0.883795097068607,0.2162941456164042,-0.9673365170618481,0.28358881369962247,"{""81551"": -1.0547965258697278, ""81552"": 0.5128010431390773}",False
electricity,shape,selected,STEP6_D17,MAG_ONLY,B0,0.23615851097582505,0.24266665095247575,2.6819259882254087,2.0971559273293545,3.347050137548953,2.0064344280937294,3.4352797643324373,"{""81551"": 0.04233361921394119, ""81552"": 5.25080923953074}",False
electricity,shape,selected,STEP6_D17,MAG_ONLY,PLAIN,0.23615851097582505,0.23872227856879968,1.0739540558782679,0.6026782609081919,1.6093109845264764,0.536285018434952,1.6949262708730999,"{""81551"": 1.3046024800755007, ""81552"": 0.8360205301106816}",False
electricity,shape,selected,STEP6_D63,MAG_ONLY,PETSA_XY_OFFLINE,0.19604744185729028,0.20197695666967003,2.9357382694291,2.3733709769345084,3.6143630979421326,2.3086525942369294,3.703200982828691,"{""81551"": 2.2331360813301115, ""81552"": 3.634416581304656}",False
electricity,shape,selected,STEP6_D63,MAG_ONLY,B0,0.19604744185729028,0.19649476820014639,0.2276530550678446,-0.11336269545863586,0.5964258107243847,-0.16451256184780688,0.6639597562788302,"{""81551"": 2.6301860769387675, ""81552"": -2.319415112172929}",False
electricity,shape,selected,STEP6_D63,MAG_ONLY,PLAIN,0.19604744185729028,0.19392302067876946,-1.0954971571115912,-1.4991912820972702,-0.7218286882174733,-1.5686749686539896,-0.6624474271481267,"{""81551"": -0.09428052629065764, ""81552"": -2.1261040695633726}",False
electricity,shape,selected,STEP8_D31,MAG_ONLY,PETSA_XY_OFFLINE,0.207317338246995,0.20772040401335012,0.19404245253115127,-0.38738111930910146,0.739757975815408,-0.4789861215327909,0.816710058753253,"{""81551"": -0.2603742573089596, ""81552"": 0.6467050298596178}",False
electricity,shape,selected,STEP8_D31,MAG_ONLY,B0,0.207317338246995,0.21265019659537276,2.5078078618121613,1.7618598982991465,3.3264104759438267,1.682214678917006,3.4371587791193408,"{""81551"": 1.0175740232351904, ""81552"": 3.9612909605941216}",False
electricity,shape,selected,STEP8_D31,MAG_ONLY,PLAIN,0.207317338246995,0.20838633811401866,0.5129894198912188,0.05239328366336199,0.9958220845160054,-0.01512950746735575,1.059146500739398,"{""81551"": -0.5230745166560302, ""81552"": 1.5331724273868197}",False
electricity,shape,selected,STEP8_D33,MAG_ONLY,PETSA_XY_OFFLINE,0.2072755344591667,0.2076244119634067,0.16803298848185877,-0.32324644505145883,0.5962999270482061,-0.43049508465850456,0.6668495484572783,"{""81551"": 0.1656081136326204, ""81552"": 0.17045744465546964}",False
electricity,shape,selected,STEP8_D33,MAG_ONLY,B0,0.2072755344591667,0.21695923642746096,4.463373916570712,3.5497257759850687,5.496044209471651,3.4239400504257294,5.654307704324132,"{""81551"": 3.533877595248358, ""81552"": 5.375016857164749}",False
electricity,shape,selected,STEP8_D33,MAG_ONLY,PLAIN,0.2072755344591667,0.2111954638605345,1.85606704316168,1.3576385383834697,2.4240669296395287,1.2942953104470174,2.5228266043269305,"{""81551"": 0.03983514806038535, ""81552"": 3.607263020347895}",False
electricity,standard,fixed1024,BURST16,MAG_ONLY,PETSA_XY_OFFLINE,0.17731450187623568,0.17662446471725274,-0.3906803964488059,-0.790251719799755,-0.03629594879148391,-0.8713831659092325,-0.0050371045987373615,"{""81551"": -0.9504733252982733, ""81552"": 0.1694731431837626}",False
electricity,standard,fixed1024,BURST16,MAG_ONLY,B0,0.17731450187623568,0.17596086163135755,-0.7692848468280555,-1.193972951356264,-0.3948872361584652,-1.2492809608381665,-0.34861800730232484,"{""81551"": -1.1761703137159962, ""81552"": -0.36088731702499377}",False
electricity,standard,fixed1024,BURST16,MAG_ONLY,PLAIN,0.17731450187623568,0.177179785001189,-0.07603399848676862,-0.3214859266789871,0.23672075832935874,-0.34566180980887234,0.2900235953052842,"{""81551"": -0.10762076728887404, ""81552"": -0.04409258107966885}",False
electricity,standard,fixed1024,BURST4,MAG_ONLY,PETSA_XY_OFFLINE,0.1697213374577092,0.16957145181892336,-0.08839084479026482,-0.322383791703858,0.13076934868231885,-0.35635044212622424,0.15470805310718544,"{""81551"": -0.21753486701847624, ""81552"": 0.041370715017896575}",False
electricity,standard,fixed1024,BURST4,MAG_ONLY,B0,0.1697213374577092,0.16896267436784929,-0.44901224054267885,-0.7988660620504817,-0.13423930691204589,-0.876034295229425,-0.10566519093368502,"{""81551"": -0.43431361864039175, ""81552"": -0.46382375200746395}",False
electricity,standard,fixed1024,BURST4,MAG_ONLY,PLAIN,0.1697213374577092,0.16941444697520713,-0.18114776394895227,-0.3026530106201458,-0.06108328597134237,-0.3177170556555045,-0.043483448665998216,"{""81551"": -0.10722346776348424, ""81552"": -0.25572841180467876}",False
electricity,standard,fixed1024,BURST8,MAG_ONLY,PETSA_XY_OFFLINE,0.17911965829935153,0.17885160345380707,-0.1498755618446035,-0.4329116889305906,0.07354436864509556,-0.4760795491997963,0.10683594499862166,"{""81551"": -0.4529761747633865, ""81552"": 0.15409766064610197}",False
electricity,standard,fixed1024,BURST8,MAG_ONLY,B0,0.17911965829935153,0.1782235903731085,-0.5027773957236192,-0.7728142966372875,-0.23843198231144505,-0.8161703560877706,-0.19820340776000334,"{""81551"": -0.6671508254858072, ""81552"": -0.3374716046189441}",False
electricity,standard,fixed1024,BURST8,MAG_ONLY,PLAIN,0.17911965829935153,0.17878579192556115,-0.18674099893205565,-0.309492734533503,-0.06735631723384101,-0.3266120838720171,-0.047233238573816665,"{""81551"": -0.19555179866015404, ""81552"": -0.17785267893219991}",False
electricity,standard,fixed1024,FAULT,MAG_ONLY,PETSA_XY_OFFLINE,0.17224558644665683,0.17206993732519898,-0.1020800752230544,-0.362649011514658,0.11483962108279455,-0.40092248055338675,0.14177711761276426,"{""81551"": -0.4045610782990705, ""81552"": 0.20178178211794906}",False
electricity,standard,fixed1024,FAULT,MAG_ONLY,B0,0.17224558644665683,0.17146015159423397,-0.4580859430718398,-0.7554649146717651,-0.17607502357227636,-0.7993908844828512,-0.15103932226310846,"{""81551"": -0.5916134917893112, ""81552"": -0.32349355861818196}",False
electricity,standard,fixed1024,FAULT,MAG_ONLY,PLAIN,0.17224558644665683,0.1720375249097,-0.12093962469295061,-0.2395578783695096,0.000237339507849748,-0.25477978027219017,0.014699095032055121,"{""81551"": -0.10276618037958762, ""81552"": -0.13931365863695255}",False
electricity,standard,fixed1024,POINT16,MAG_ONLY,PETSA_XY_OFFLINE,0.1702002439390598,0.1700713371249966,-0.0757957315102642,-0.40184372542781843,0.19184863329631902,-0.45433682847302176,0.2337306541065353,"{""81551"": -0.48290471850891414, ""81552"": 0.33363696129788956}",False
electricity,standard,fixed1024,POINT16,MAG_ONLY,B0,0.1702002439390598,0.1695214940116935,-0.4003916620269221,-0.7625619778758558,-0.07362035033337663,-0.8062690247569473,-0.023828867467925712,"{""81551"": -0.6481570186477992, ""81552"": -0.15041302366929354}",False
electricity,standard,fixed1024,POINT16,MAG_ONLY,PLAIN,0.1702002439390598,0.17012646270354126,-0.04336846505008651,-0.18598880319123712,0.10690271957423418,-0.19967351906690495,0.12703443060124545,"{""81551"": -0.06116073853810189, ""81552"": -0.02533449600183868}",False
electricity,standard,fixed1024,POINT4,MAG_ONLY,PETSA_XY_OFFLINE,0.16780662417248288,0.1678504648666011,0.026118899434124376,-0.24879075030560693,0.2527744695686505,-0.3026955997892475,0.28914149442794196,"{""81551"": -0.14856256413380287, ""81552"": 0.20186040903676927}",False
electricity,standard,fixed1024,POINT4,MAG_ONLY,B0,0.16780662417248288,0.1673068405664775,-0.29872275653117786,-0.5436664679911168,-0.0476035926214397,-0.5827935731144901,-0.013603703835631229,"{""81551"": -0.2553405580844048, ""81552"": -0.34255957435058715}",False
electricity,standard,fixed1024,POINT4,MAG_ONLY,PLAIN,0.16780662417248288,0.16760135358512013,-0.12247549495982835,-0.24132018830172408,-0.008422902198844695,-0.2576840091125096,0.004799399016278456,"{""81551"": -0.08377903277934085, ""81552"": -0.16157385231165833}",False
electricity,standard,fixed1024,POINT8,MAG_ONLY,PETSA_XY_OFFLINE,0.16931115293510174,0.16945030196961308,0.08211790294495591,-0.2174842203614491,0.3313876529128748,-0.2634846020768977,0.36835788385765345,"{""81551"": -0.14824824775923062, ""81552"": 0.31423360681398504}",False
electricity,standard,fixed1024,POINT8,MAG_ONLY,B0,0.16931115293510174,0.1687854486149175,-0.31146305827798315,-0.6013901829870127,-0.0035332329801298864,-0.6546704407474013,0.01890010959421542,"{""81551"": -0.3386516434075837, ""81552"": -0.28395589104859287}",False
electricity,standard,fixed1024,POINT8,MAG_ONLY,PLAIN,0.16931115293510174,0.16911730926758128,-0.11462083234410336,-0.2503831357311159,0.02119041545559526,-0.26431860797971357,0.04036965000451704,"{""81551"": -0.05600995415349086, ""81552"": -0.17402080127755237}",False
electricity,standard,fixed1024,REFERENCE,MAG_ONLY,PETSA_XY_OFFLINE,0.16703747673404917,0.16713757834333492,0.0598917432440782,-0.21411765552405426,0.2844768830156629,-0.25005246937905484,0.31537487649536045,"{""81551"": -0.1412664576682321, ""81552"": 0.2619608193520695}",False
electricity,standard,fixed1024,REFERENCE,MAG_ONLY,B0,0.16703747673404917,0.1665240673577794,-0.3083094140180487,-0.5972138054750437,-0.02613369350636297,-0.6363750950638799,0.0010438421409250988,"{""81551"": -0.32021494139811146, ""81552"": -0.2963044881626242}",False
electricity,standard,fixed1024,REFERENCE,MAG_ONLY,PLAIN,0.16703747673404917,0.1667849769579709,-0.1513923979747256,-0.2701580779055629,-0.03641482165587296,-0.2846978435037262,-0.0187534447959289,"{""81551"": -0.10398826154220941, ""81552"": -0.19924920206275676}",False
electricity,standard,fixed1024,SHIFT4,MAG_ONLY,PETSA_XY_OFFLINE,0.18913717268408312,0.19029222024686832,0.606986224285333,0.22498947673081998,0.9786947387264824,0.1875962494098546,1.0210803423215702,"{""81551"": 0.27217698261750023, ""81552"": 0.942073505669172}",False
electricity,standard,fixed1024,SHIFT4,MAG_ONLY,B0,0.18913717268408312,0.1913074833711303,1.1344619921829446,0.8089198526559019,1.5220146660090141,0.7607208363962037,1.5779963762654752,"{""81551"": 1.3623961806252471, ""81552"": 0.9037278368058899}",False
electricity,standard,fixed1024,SHIFT4,MAG_ONLY,PLAIN,0.18913717268408312,0.1896246186127475,0.2570583567842677,-0.11745787785491735,0.6631157727688965,-0.16002288437703655,0.7155457478624805,"{""81551"": 0.2568427305088994, ""81552"": 0.2572756206031368}",False
electricity,standard,fixed1024,SHIFT8,MAG_ONLY,PETSA_XY_OFFLINE,0.2025726834123795,0.2033324368632226,0.3736508854975229,-0.019955865913957593,0.768559935397461,-0.07914349730813369,0.8105994592961862,"{""81551"": 0.43371164107838256, ""81552"": 0.31367031359951225}",False
electricity,standard,fixed1024,SHIFT8,MAG_ONLY,B0,0.2025726834123795,0.21003227646690217,3.551641290570018,2.8924574750454664,4.311176655826076,2.781584820255755,4.40934572320198,"{""81551"": 2.8881025582928044, ""81552"": 4.204524289675815}",False
electricity,standard,fixed1024,SHIFT8,MAG_ONLY,PLAIN,0.2025726834123795,0.20655989908145772,1.9302951283423408,1.4872947339888332,2.4120807518864504,1.4413893749447482,2.514514997861678,"{""81551"": 1.7748551107264698, ""81552"": 2.084851377178376}",False
electricity,standard,fixed1024,SHIFT_POINT,MAG_ONLY,PETSA_XY_OFFLINE,0.19377268204236553,0.1951541928325716,0.7079073066041164,0.3519360982410519,1.0866844580184214,0.32114822474805127,1.1346546760994851,"{""81551"": 0.2504004628362533, ""81552"": 1.1697225942018719}",False
electricity,standard,fixed1024,SHIFT_POINT,MAG_ONLY,B0,0.19377268204236553,0.19622145590940776,1.247964375604671,0.9875900905721191,1.5250319573826383,0.9543180547965039,1.5860447183826567,"{""81551"": 1.4540966391065613, ""81552"": 1.0370666901289294}",False
electricity,standard,fixed1024,SHIFT_POINT,MAG_ONLY,PLAIN,0.19377268204236553,0.19415738391401322,0.1981391919753439,-0.134887620896178,0.5348325434958758,-0.19300548553955937,0.575009767264956,"{""81551"": 0.17001645176246694, ""81552"": 0.22677454255988216}",False
electricity,standard,selected,BURST16,MAG_ONLY,PETSA_XY_OFFLINE,0.17685262485400738,0.1762081764565012,-0.365731267677738,-0.7623953131974959,-0.04170945280891294,-0.8205687778255663,-0.013104668137608112,"{""81551"": -0.7762087072864077, ""81552"": 0.04509006761008738}",False
electricity,standard,selected,BURST16,MAG_ONLY,B0,0.17685262485400738,0.17596086163135755,-0.50679634913251,-0.8545336627986327,-0.20592623451734698,-0.9087652546534747,-0.15026140387710768,"{""81551"": -0.7732083989490546, ""81552"": -0.2393942620365408}",False
electricity,standard,selected,BURST16,MAG_ONLY,PLAIN,0.17685262485400738,0.17688331645162417,0.01735132415677798,-0.21094525400640218,0.27783438065908717,-0.24389566522731998,0.3067655910243326,"{""81551"": -0.04184886783806796, ""81552"": 0.07701697430746446}",False
electricity,standard,selected,BURST4,MAG_ONLY,PETSA_XY_OFFLINE,0.16955885313543828,0.16924604935121312,-0.18482191189943542,-0.42024952302740004,0.02700673260256606,-0.4679980428627223,0.053158548051972704,"{""81551"": -0.30329122215810855, ""81552"": -0.06593370869070192}",False
electricity,standard,selected,BURST4,MAG_ONLY,B0,0.16955885313543828,0.16896267436784929,-0.352846431804843,-0.5972318483400602,-0.11291632502304816,-0.6470760440705733,-0.08363899792064006,"{""81551"": -0.2652685787880804, ""81552"": -0.4410969074370996}",False
electricity,standard,selected,BURST4,MAG_ONLY,PLAIN,0.16955885313543828,0.16925596638511592,-0.1789518897272968,-0.30955378127151323,-0.033996972215183385,-0.3245685333634721,-0.009741315898192073,"{""81551"": -0.12523115389226902, ""81552"": -0.23304864239308554}",False
electricity,standard,selected,BURST8,MAG_ONLY,PETSA_XY_OFFLINE,0.17886827384236093,0.17851965781188886,-0.1952815923719875,-0.5052737126271795,0.052569935268492365,-0.5449903722168167,0.08171980162334433,"{""81551"": -0.49333685311163666, ""81552"": 0.10332717790604296}",False
electricity,standard,selected,BURST8,MAG_ONLY,B0,0.17886827384236093,0.1782235903731085,-0.36172734928232586,-0.6102071775625073,-0.12329726177393868,-0.6415036349809696,-0.09120949159907143,"{""81551"": -0.469521144323104, ""81552"": -0.2533221247203121}",False
electricity,standard,selected,BURST8,MAG_ONLY,PLAIN,0.17886827384236093,0.17862598157537576,-0.13564223124109542,-0.2838907125444745,0.017117056557877815,-0.302370322030151,0.050936982416920455,"{""81551"": -0.17715668223461378, ""81552"": -0.0938370657671106}",False
electricity,standard,selected,FAULT,MAG_ONLY,PETSA_XY_OFFLINE,0.17201792495828677,0.17171793468537289,-0.1746994415368075,-0.43041493559649147,0.03921560092817378,-0.4755587551744575,0.06232657092276628,"{""81551"": -0.4253622467194962, ""81552"": 0.07696631215815541}",False
electricity,standard,selected,FAULT,MAG_ONLY,B0,0.17201792495828677,0.17146015159423397,-0.3253078682519783,-0.5627818147972774,-0.0966850220500393,-0.5921964055342771,-0.07233175139699922,"{""81551"": -0.3785058612979064, ""81552"": -0.27168563972330695}",False
electricity,standard,selected,FAULT,MAG_ONLY,PLAIN,0.17201792495828677,0.17182255095517962,-0.11370684582496793,-0.25520412050220376,0.02518781849652549,-0.27299869405782856,0.04290651514268726,"{""81551"": -0.13959217851076122, ""81552"": -0.08760085183379118}",False
electricity,standard,selected,POINT16,MAG_ONLY,PETSA_XY_OFFLINE,0.1699717964679845,0.16969958417307723,-0.16040834527304426,-0.44119573927781985,0.07242833972267458,-0.49373153332516573,0.10614548992678635,"{""81551"": -0.5087995960265213, ""81552"": 0.189769104377302}",False
electricity,standard,selected,POINT16,MAG_ONLY,B0,0.1699717964679845,0.1695214940116935,-0.2656314816691818,-0.5256462790190297,-0.011504485760698317,-0.5613086552885777,0.026086183754785754,"{""81551"": -0.4251008468588058, ""81552"": -0.10473758062692351}",False
electricity,standard,selected,POINT16,MAG_ONLY,PLAIN,0.1699717964679845,0.16983414055727708,-0.08105314411797071,-0.24504755498104325,0.09230319590159429,-0.26598769180513043,0.10969184952580716,"{""81551"": -0.18137449443891285, ""81552"": 0.020283902671036635}",False
electricity,standard,selected,POINT4,MAG_ONLY,PETSA_XY_OFFLINE,0.16765798041662647,0.16753766896878441,-0.07181158039417657,-0.31838703517536704,0.1386488548687477,-0.36606209509573023,0.15795577754352852,"{""81551"": -0.203411342099713, ""81552"": 0.060547961591550514}",False
electricity,standard,selected,POINT4,MAG_ONLY,B0,0.16765798041662647,0.1673068405664775,-0.20987776050283014,-0.41790765072824254,0.010654319427266691,-0.4481426760388846,0.04023855679766499,"{""81551"": -0.10867716063727162, ""81552"": -0.3121388818465576}",False
electricity,standard,selected,POINT4,MAG_ONLY,PLAIN,0.16765798041662647,0.16741324334072372,-0.14618740490239812,-0.2744805529386424,-0.010636623217994681,-0.29253147809405605,0.009578907532195318,"{""81551"": -0.1610459887814608, ""81552"": -0.13120802895809636}",False
electricity,standard,selected,POINT8,MAG_ONLY,PETSA_XY_OFFLINE,0.16919802103330317,0.16909647135077263,-0.06005428837121407,-0.3112965574510318,0.1489929585164537,-0.3617184755227079,0.18368809194171862,"{""81551"": -0.2473958676047161, ""81552"": 0.12862792899049902}",False
electricity,standard,selected,POINT8,MAG_ONLY,B0,0.16919802103330317,0.1687854486149175,-0.24443601138088855,-0.4812840321623246,-0.0026441375167697194,-0.51544891647219,0.03159499839667975,"{""81551"": -0.20652840269623773, ""81552"": -0.28278780226609346}",False
electricity,standard,selected,POINT8,MAG_ONLY,PLAIN,0.16919802103330317,0.168922657420961,-0.16301165074379398,-0.2941671797558798,-0.02171334835092246,-0.30868848783843633,0.0009471715797554905,"{""81551"": -0.15327779949212417, ""81552"": -0.17285399299844517}",False
electricity,standard,selected,REFERENCE,MAG_ONLY,PETSA_XY_OFFLINE,0.16688962836409063,0.16681149554488403,-0.046838989693953614,-0.2936138936628213,0.16675333009915744,-0.3360354987339717,0.19171222159946433,"{""81551"": -0.22314282137443353, ""81552"": 0.13018528998697265}",False
electricity,standard,selected,REFERENCE,MAG_ONLY,B0,0.16688962836409063,0.1665240673577794,-0.21952442797703586,-0.4505349091079569,0.016047781021505503,-0.48876769166433576,0.03957230675651613,"{""81551"": -0.18436587576917685, ""81552"": -0.2549765166553586}",False
electricity,standard,selected,REFERENCE,MAG_ONLY,PLAIN,0.16688962836409063,0.16661426404841104,-0.16527055306596594,-0.2890691966401554,-0.03139096758798977,-0.3036565698090177,-0.009478940958175516,"{""81551"": -0.1725255270779158, ""81552"": -0.15796122303697313}",False
electricity,standard,selected,SHIFT4,MAG_ONLY,PETSA_XY_OFFLINE,0.1891601232133997,0.19028549552817225,0.5914125570364082,0.22144135938897136,0.9614668093970049,0.18157234386435697,1.0170913647065014,"{""81551"": 0.3014503945400593, ""81552"": 0.8807739417307947}",False
electricity,standard,selected,SHIFT4,MAG_ONLY,B0,0.1891601232133997,0.1913074833711303,1.1224653212152602,0.8158143154021289,1.4594688643599791,0.7873944043261676,1.5058089985056882,"{""81551"": 1.5379576857472044, ""81552"": 0.7018690058882671}",False
electricity,standard,selected,SHIFT4,MAG_ONLY,PLAIN,0.1891601232133997,0.1890930825942609,-0.03545376606011175,-0.3505164108585501,0.2950758511700534,-0.39441824215756704,0.35705500932579454,"{""81551"": -0.12483170476293992, ""81552"": 0.05409996831817754}",False
electricity,standard,selected,SHIFT8,MAG_ONLY,PETSA_XY_OFFLINE,0.20142407913574514,0.20219640734959343,0.3819693059693985,0.00660715867606937,0.7574739168084804,-0.03979985911533285,0.8163386443159243,"{""81551"": 0.4122714407521322, ""81552"": 0.3517525884082717}",False
electricity,standard,selected,SHIFT8,MAG_ONLY,B0,0.20142407913574514,0.21003227646690217,4.098511655428139,3.3378715155730556,4.96801399587451,3.2324880134796317,5.1122248560523404,"{""81551"": 3.4817349371046413, ""81552"": 4.705383589272472}",False
electricity,standard,selected,SHIFT8,MAG_ONLY,PLAIN,0.20142407913574514,0.20440405615988777,1.4578854647637973,1.045113207066923,1.9028938931837982,0.9902159275145281,1.966848413543035,"{""81551"": 0.2879750399792158, ""81552"": 2.596793224071292}",False
electricity,standard,selected,SHIFT_POINT,MAG_ONLY,PETSA_XY_OFFLINE,0.19351993067575074,0.19506326283234907,0.7911957045057649,0.38374975150540225,1.2193498809071974,0.3358245657703156,1.2767463561167807,"{""81551"": 0.4311897004424581, ""81552"": 1.1534355994509915}",False
electricity,standard,selected,SHIFT_POINT,MAG_ONLY,B0,0.19351993067575074,0.19622145590940776,1.3767736158803556,1.0888811623083137,1.6977232491499044,1.0559814872508047,1.7527450454956244,"{""81551"": 1.8344883095359643, ""81552"": 0.9084773489094533}",False
electricity,standard,selected,SHIFT_POINT,MAG_ONLY,PLAIN,0.19351993067575074,0.19354566144187224,0.013294416382059193,-0.2374937525278814,0.27451511401681095,-0.26655043933365985,0.30779546329882934,"{""81551"": -0.06956011011405305, ""81552"": 0.0971323330596574}",False
electricity_transfer,shape,fixed1024,PAIRED_SHIFT8_D32,MAG_ONLY,PETSA_XY_OFFLINE,0.36574965867630893,0.372807198508541,1.8930803537234753,1.2563393051404401,2.504638964292154,1.147218243612618,2.607701999728472,"{""81551"": 1.5347176114852257, ""81552"": 2.241478619144832}",False
electricity_transfer,shape,fixed1024,PAIRED_SHIFT8_D32,MAG_ONLY,B0,0.36574965867630893,0.40302582451783653,9.2490762561241,7.971021285616797,10.494794031118289,7.808398510651375,10.648266170208263,"{""81551"": 6.996970817658655, ""81552"": 11.351142544570415}",False
electricity_transfer,shape,fixed1024,PAIRED_SHIFT8_D32,MAG_ONLY,PLAIN,0.36574965867630893,0.3824713783196589,4.372018559091861,3.914628220875966,4.790644379319762,3.855332447372188,4.84664821995637,"{""81551"": 3.5167782384316615, ""81552"": 5.194923374658833}",False
electricity_transfer,shape,fixed1024,PULSE8_D32,MAG_ONLY,PETSA_XY_OFFLINE,7.003444761119022,7.004561768640795,0.015946858042914513,-0.026824158895027983,0.06356633375499988,-0.03312173105270627,0.07176630924126474,"{""81551"": -0.2016442453923517, ""81552"": 0.23428839892215558}",False
electricity_transfer,shape,fixed1024,PULSE8_D32,MAG_ONLY,B0,7.003444761119022,6.956608365694504,-0.6732648003513475,-0.7210237703955591,-0.6215668897658133,-0.7255142083201682,-0.61556035107,"{""81551"": -0.06077646560429528, ""81552"": -1.2981847596511775}",False
electricity_transfer,shape,fixed1024,PULSE8_D32,MAG_ONLY,PLAIN,7.003444761119022,6.954884817546892,-0.6982134837030696,-0.7144495396299633,-0.682192352768114,-0.717061861655719,-0.679877854532655,"{""81551"": -0.751520215979351, ""81552"": -0.6445462167625315}",False
electricity_transfer,shape,fixed1024,RAMP8_D32,MAG_ONLY,PETSA_XY_OFFLINE,0.8988153746133499,0.8925917573224134,-0.697252382164737,-0.9532173784534675,-0.44489174660842923,-0.9795885738820465,-0.411194199622232,"{""81551"": -0.7864260096600129, ""81552"": -0.5880312915390817}",False
electricity_transfer,shape,fixed1024,RAMP8_D32,MAG_ONLY,B0,0.8988153746133499,0.9182483895482787,2.1163135330396377,1.7434104756242672,2.5199069558073015,1.6884318198511046,2.5812807515844467,"{""81551"": -3.9844806498335217, ""81552"": 8.690748607240451}",False
electricity_transfer,shape,fixed1024,RAMP8_D32,MAG_ONLY,PLAIN,0.8988153746133499,0.9369748165708585,4.072621940594356,3.8049746643771005,4.33489105409319,3.7830260049806483,4.369063494446937,"{""81551"": 4.637836614214885, ""81552"": 3.369749931383914}",False
electricity_transfer,shape,fixed1024,STEP12_D17,MAG_ONLY,PETSA_XY_OFFLINE,0.5550041283189964,0.5713115927186261,2.8543906000628283,2.212016699782186,3.507819851381083,2.1374859418067453,3.587820070059162,"{""81551"": 0.9070180846422082, ""81552"": 4.74935839136702}",False
electricity_transfer,shape,fixed1024,STEP12_D17,MAG_ONLY,B0,0.5550041283189964,0.6519150821998663,14.865579356416635,13.994033448187626,15.659103361964457,13.847465321989727,15.724071902528584,"{""81551"": 4.09114817955315, ""81552"": 23.558983993668935}",False
electricity_transfer,shape,fixed1024,STEP12_D17,MAG_ONLY,PLAIN,0.5550041283189964,0.6095586589635313,8.949840977945788,8.342663128795335,9.542803115662425,8.266858071789429,9.61047459798129,"{""81551"": 7.722801011670388, ""81552"": 10.15922871594811}",False
electricity_transfer,shape,fixed1024,STEP12_D63,MAG_ONLY,PETSA_XY_OFFLINE,0.38938601956550145,0.4041240234317415,3.646901201539021,3.078482084352409,4.248850426290698,3.005972585044721,4.296454800785942,"{""81551"": 2.091574033492527, ""81552"": 5.20935422730977}",False
electricity_transfer,shape,fixed1024,STEP12_D63,MAG_ONLY,B0,0.38938601956550145,0.3914002322840019,0.514617149495944,-0.42684213435357277,1.4927109964743053,-0.5220140956461169,1.6230381840795032,"{""81551"": 3.588832527077701, ""81552"": -2.8896078652350665}",False
electricity_transfer,shape,fixed1024,STEP12_D63,MAG_ONLY,PLAIN,0.38938601956550145,0.38379571198025414,-1.4565841698447546,-2.1971071380775347,-0.7194221886538389,-2.311420700162274,-0.6126481112067387,"{""81551"": 1.1784902786099005, ""81552"": -4.343585331351751}",False
electricity_transfer,shape,fixed1024,STEP6_D17,MAG_ONLY,PETSA_XY_OFFLINE,0.39727869436894603,0.4029524283421223,1.4080406455223238,1.0128352446221862,1.797473094522282,0.9534849514334248,1.8582057870048092,"{""81551"": 0.8380150223114113, ""81552"": 1.9790210266562025}",False
electricity_transfer,shape,fixed1024,STEP6_D17,MAG_ONLY,B0,0.39727869436894603,0.4316182123899654,7.955993754497492,7.201725564959431,8.709039679550733,7.069517711713023,8.782938596170453,"{""81551"": 2.8885355438922344, ""81552"": 12.578635504961566}",False
electricity_transfer,shape,fixed1024,STEP6_D17,MAG_ONLY,PLAIN,0.39727869436894603,0.4188375952883574,5.147317519232885,4.697075901688402,5.620024099666736,4.634045917593033,5.667144277541987,"{""81551"": 5.536938632979094, ""81552"": 4.749208474298272}",False
electricity_transfer,shape,fixed1024,STEP6_D63,MAG_ONLY,PETSA_XY_OFFLINE,0.3390098049478309,0.3444802427208829,1.5880265671678773,1.1173703583603367,2.100123809955018,1.0522999010665643,2.1725807083412874,"{""81551"": 1.641236278644198, ""81552"": 1.533021420252012}",False
electricity_transfer,shape,fixed1024,STEP6_D63,MAG_ONLY,B0,0.3390098049478309,0.3422787976661083,0.9550672552806838,0.4699852760825496,1.5001959173024504,0.3957032370424836,1.544069036982112,"{""81551"": 4.573257693300725, ""81552"": -3.080772001063603}",False
electricity_transfer,shape,fixed1024,STEP6_D63,MAG_ONLY,PLAIN,0.3390098049478309,0.33385848187334854,-1.5429660632185316,-1.9299315261546495,-1.1277341136065817,-1.9841035547160513,-1.068166429822631,"{""81551"": -0.5655943523390716, ""81552"": -2.5723455300178832}",False
electricity_transfer,shape,fixed1024,STEP8_D31,MAG_ONLY,PETSA_XY_OFFLINE,0.369730051670875,0.3712387720125222,0.4064016087188982,-0.2420433337640504,1.004929173096307,-0.3177987913211486,1.084668830824841,"{""81551"": -0.07097111169569459, ""81552"": 0.8705961494520409}",False
electricity_transfer,shape,fixed1024,STEP8_D31,MAG_ONLY,B0,0.369730051670875,0.40019966729894596,7.613603437933492,6.32825416523089,8.877549278544135,6.159379514291574,9.08732813872435,"{""81551"": 3.790109885076065, ""81552"": 11.082381523140683}",False
electricity_transfer,shape,fixed1024,STEP8_D31,MAG_ONLY,PLAIN,0.369730051670875,0.3830118797759049,3.467732675237356,2.971161392678429,3.9608452863397896,2.876611494683599,4.015798901372414,"{""81551"": 2.5799165929507706, ""81552"": 4.3236409040604435}",False
electricity_transfer,shape,fixed1024,STEP8_D33,MAG_ONLY,PETSA_XY_OFFLINE,0.3838111178768618,0.38998504737772,1.5831195432676304,0.94873165981193,2.159093961368745,0.8217585156281865,2.2484266526890146,"{""81551"": 0.2969976836532995, ""81552"": 2.7983703428249074}",False
electricity_transfer,shape,fixed1024,STEP8_D33,MAG_ONLY,B0,0.3838111178768618,0.42154239223708945,8.95076629422512,7.816948903165033,10.031979080016544,7.670268424009261,10.176873210578917,"{""81551"": 5.278714644264316, ""81552"": 12.247904708402558}",False
electricity_transfer,shape,fixed1024,STEP8_D33,MAG_ONLY,PLAIN,0.3838111178768618,0.4024051082731984,4.620714303585061,4.1861610067470245,5.019359012796067,4.112698989281087,5.058613103450068,"{""81551"": 3.5896087684197053, ""81552"": 5.599242262473469}",False
electricity_transfer,shape,selected,PAIRED_SHIFT8_D32,MAG_ONLY,PETSA_XY_OFFLINE,0.3642408321759123,0.36887066787226397,1.2551379384697858,0.5592066234844948,1.8696297485239488,0.46455766731237097,1.984705892087606,"{""81551"": 1.340184125481958, ""81552"": 1.1709403989987988}",False
electricity_transfer,shape,selected,PAIRED_SHIFT8_D32,MAG_ONLY,B0,0.3642408321759123,0.40302582451783653,9.62345090127289,8.363137686819856,10.87143075255032,8.196638933270235,11.003729381244124,"{""81551"": 6.94761378403026, ""81552"": 12.121019132963529}",False
electricity_transfer,shape,selected,PAIRED_SHIFT8_D32,MAG_ONLY,PLAIN,0.3642408321759123,0.37787647956573167,3.60849328476065,3.1412907394996417,4.057736354136739,3.0636474489526,4.105022424518179,"{""81551"": 1.041133176348974, ""81552"": 6.018264036340371}",False
electricity_transfer,shape,selected,PULSE8_D32,MAG_ONLY,PETSA_XY_OFFLINE,7.027841407527288,7.031526256503444,0.05240468202402093,0.018634645767560132,0.08955623172489681,0.013436550022307564,0.09627520043789681,"{""81551"": -0.24953231304440937, ""81552"": 0.3552088140071685}",False
electricity_transfer,shape,selected,PULSE8_D32,MAG_ONLY,B0,7.027841407527288,6.956608365694504,-1.0239622253864322,-1.0584765143677721,-0.9874439832112858,-1.0624421080381028,-0.9824892058641788,"{""81551"": -0.4651234756865241, ""81552"": -1.5941436784942198}",False
electricity_transfer,shape,selected,PULSE8_D32,MAG_ONLY,PLAIN,7.027841407527288,6.980415661989902,-0.6794114825515507,-0.6930514950692068,-0.666756696443449,-0.6945112313174431,-0.6650037108899554,"{""81551"": -0.42383879980778527, ""81552"": -0.9385954256050821}",False
electricity_transfer,shape,selected,RAMP8_D32,MAG_ONLY,PETSA_XY_OFFLINE,0.8878607008657593,0.8772147577133083,-1.2136073930405056,-1.4516065596869332,-0.9748541622755836,-1.4846062853863942,-0.9363988655208483,"{""81551"": -1.2548926293135088, ""81552"": -1.1641778436712436}",False
electricity_transfer,shape,selected,RAMP8_D32,MAG_ONLY,B0,0.8878607008657593,0.9182483895482787,3.30931031607562,2.965452908839777,3.6874515996116553,2.916708497940804,3.7524932797766657,"{""81551"": -1.6173175275793872, ""81552"": 8.618421543559451}",False
electricity_transfer,shape,selected,RAMP8_D32,MAG_ONLY,PLAIN,0.8878607008657593,0.9225695636089171,3.7621946476733226,3.5437315641262193,3.981594639570339,3.522637433416266,4.03762776554552,"{""81551"": 4.150089514694377, ""81552"": 3.2932080460478685}",False
electricity_transfer,shape,selected,STEP12_D17,MAG_ONLY,PETSA_XY_OFFLINE,0.5563730691340938,0.5695185939844185,2.308181855548752,1.7519151934690724,2.84820148935342,1.6684361992625514,2.909564254460223,"{""81551"": 2.3695258850323864, ""81552"": 2.2485975680437753}",False
electricity_transfer,shape,selected,STEP12_D17,MAG_ONLY,B0,0.5563730691340938,0.6519150821998663,14.655591759492514,13.780449569187233,15.427238350348349,13.642286404453909,15.518893613913193,"{""81551"": 5.890427691929179, ""81552"": 21.727809002372023}",False
electricity_transfer,shape,selected,STEP12_D17,MAG_ONLY,PLAIN,0.5563730691340938,0.5970919369762318,6.819530682049524,6.289387560913975,7.333355932410477,6.204519690789561,7.388443326024447,"{""81551"": 5.5628942716747005, ""81552"": 8.007057248727477}",False
electricity_transfer,shape,selected,STEP12_D63,MAG_ONLY,PETSA_XY_OFFLINE,0.4042043613510843,0.43314465279358316,6.681438003643203,6.129626806563614,7.255392654383979,6.051696451009054,7.337789345437005,"{""81551"": 2.212171493845161, ""81552"": 10.892308094026504}",False
electricity_transfer,shape,selected,STEP12_D63,MAG_ONLY,B0,0.4042043613510843,0.3914002322840019,-3.2713647082845076,-4.254033866083006,-2.297879275319626,-4.342379251290591,-2.1796416138829344,"{""81551"": 0.0934015851241643, ""81552"": -6.997330581812822}",False
electricity_transfer,shape,selected,STEP12_D63,MAG_ONLY,PLAIN,0.4042043613510843,0.3937678940296242,-2.650410934893266,-3.2629997851543173,-2.0480926520404865,-3.335571022474405,-1.9505530827820556,"{""81551"": 2.4440786731282027, ""81552"": -8.509356050938566}",False
electricity_transfer,shape,selected,STEP6_D17,MAG_ONLY,PETSA_XY_OFFLINE,0.40011428042734676,0.4032846657898002,0.7861408160026451,0.4953009337780395,1.0881504007991478,0.4504135502787561,1.1482041380346533,"{""81551"": 0.23116732277864704, ""81552"": 1.3380008760771944}",False
electricity_transfer,shape,selected,STEP6_D17,MAG_ONLY,B0,0.40011428042734676,0.4316182123899654,7.299027487319032,6.553116317384313,8.015699499603155,6.447838895007388,8.126719713778195,"{""81551"": 2.5702685103190404, ""81552"": 11.612700687270506}",False
electricity_transfer,shape,selected,STEP6_D17,MAG_ONLY,PLAIN,0.40011428042734676,0.41488188719457386,3.5594725205010724,3.1895476326569967,3.904365037909157,3.1534331181040933,3.957830124555681,"{""81551"": 3.4225485456280014, ""81552"": 3.6967648699373523}",False
electricity_transfer,shape,selected,STEP6_D63,MAG_ONLY,PETSA_XY_OFFLINE,0.34562495623111816,0.35886817398881987,3.6902736764041655,3.2648525310288825,4.12268749812745,3.2075540351245846,4.169456039027144,"{""81551"": 2.7721407093051265, ""81552"": 4.615521143318313}",False
electricity_transfer,shape,selected,STEP6_D63,MAG_ONLY,B0,0.34562495623111816,0.3422787976661083,-0.9776119899410185,-1.458406132247626,-0.4916452934946584,-1.501084144673783,-0.4166851003733345,"{""81551"": 2.961319027455067, ""81552"": -5.37121500790112}",False
electricity_transfer,shape,selected,STEP6_D63,MAG_ONLY,PLAIN,0.34562495623111816,0.3382017248288718,-2.1949123429227058,-2.573348187271332,-1.808926788838569,-2.6280632098160814,-1.7583760930701877,"{""81551"": 0.26505942776112734, ""81552"": -4.851491358608762}",False
electricity_transfer,shape,selected,STEP8_D31,MAG_ONLY,PETSA_XY_OFFLINE,0.3678805330495308,0.3674365442007006,-0.12083415649251084,-0.8372235410920614,0.5463381747095152,-0.9611832869548348,0.6253174593520007,"{""81551"": -0.5312053861790789, ""81552"": 0.2838699850515991}",False
electricity_transfer,shape,selected,STEP8_D31,MAG_ONLY,B0,0.3678805330495308,0.40019966729894596,8.075752403180548,6.7644748229806835,9.376405674286694,6.593089962035189,9.553254848085109,"{""81551"": 3.654216294131818, ""81552"": 12.087091077090006}",False
electricity_transfer,shape,selected,STEP8_D31,MAG_ONLY,PLAIN,0.3678805330495308,0.37820294961960355,2.729332645463245,2.195995030357253,3.255744002506775,2.1398825334631963,3.3290315184056176,"{""81551"": -0.11864042737321778, ""81552"": 5.404719701686966}",False
electricity_transfer,shape,selected,STEP8_D33,MAG_ONLY,PETSA_XY_OFFLINE,0.3784831956001806,0.38264360880865583,1.0872815101834465,0.4235317912536096,1.6723880054937128,0.3211445452652172,1.7647280686518672,"{""81551"": 0.5342469392584093, ""81552"": 1.621369294374242}",False
electricity_transfer,shape,selected,STEP8_D33,MAG_ONLY,B0,0.3784831956001806,0.42154239223708945,10.214677676519635,9.039236229485082,11.347929450441718,8.894421921924609,11.475546551392101,"{""81551"": 6.242475749228293, ""81552"": 13.781321289357074}",False
electricity_transfer,shape,selected,STEP8_D33,MAG_ONLY,PLAIN,0.3784831956001806,0.39611211864458984,4.450488186206369,3.9508656794784907,4.932095425729367,3.8568720109629315,4.972390826994586,"{""81551"": 1.4039301526729497, ""81552"": 7.248840334045148}",False
electricity_transfer,standard,fixed1024,BURST16,MAG_ONLY,PETSA_XY_OFFLINE,0.2866733840109554,0.2842373128330943,-0.857055378683369,-1.1401682062409306,-0.5633756177532242,-1.1858661168884814,-0.5362351852753346,"{""81551"": -1.5016421142707514, ""81552"": -0.19852215109992244}",False
electricity_transfer,standard,fixed1024,BURST16,MAG_ONLY,B0,0.2866733840109554,0.28418100200211704,-0.8770403338995036,-1.154827036137438,-0.587183712163702,-1.2092076305996204,-0.5547106157850062,"{""81551"": -1.1650608666444073, ""81552"": -0.5806830785419548}",False
electricity_transfer,standard,fixed1024,BURST16,MAG_ONLY,PLAIN,0.2866733840109554,0.2855083269865122,-0.4080641138351826,-0.6237721481030162,-0.17013057087245048,-0.6495931527529316,-0.13676783626547862,"{""81551"": -0.6349157989596454, ""81552"": -0.17436449762882056}",False
electricity_transfer,standard,fixed1024,BURST4,MAG_ONLY,PETSA_XY_OFFLINE,0.2513521525399176,0.2509282964654311,-0.16891521620197025,-0.4709071192396508,0.0908799323841789,-0.5039060017295873,0.12842941991994525,"{""81551"": 0.03323906572755275, ""81552"": -0.37489494399582934}",False
electricity_transfer,standard,fixed1024,BURST4,MAG_ONLY,B0,0.2513521525399176,0.25073957727764523,-0.24430736819582854,-0.43247098914614923,-0.05948106942663349,-0.46063341093234345,-0.04186432150767442,"{""81551"": 0.17641141224011836, ""81552"": -0.6748854479090349}",False
electricity_transfer,standard,fixed1024,BURST4,MAG_ONLY,PLAIN,0.2513521525399176,0.25104537554242845,-0.12219982018242259,-0.2227968594740043,-0.02829430857283328,-0.23673487663531861,-0.01706469044366663,"{""81551"": -0.128402233639191, ""81552"": -0.11590651832449339}",False
electricity_transfer,standard,fixed1024,BURST8,MAG_ONLY,PETSA_XY_OFFLINE,0.2647010077220185,0.2641800366868121,-0.19720302932049183,-0.4531073424792381,0.01733252087080076,-0.49774908700611964,0.041718093081326436,"{""81551"": -0.34552892146506586, ""81552"": -0.04675057395335802}",False
electricity_transfer,standard,fixed1024,BURST8,MAG_ONLY,B0,0.2647010077220185,0.2637245284568734,-0.37026486343867404,-0.5208244770238379,-0.22960356171932153,-0.5437452736443468,-0.21040771701601038,"{""81551"": -0.3292525172938543, ""81552"": -0.4120238651116104}",False
electricity_transfer,standard,fixed1024,BURST8,MAG_ONLY,PLAIN,0.2647010077220185,0.2643368925373115,-0.1377466388486015,-0.2313541707285255,-0.0470255624790135,-0.2507316180101882,-0.03650268998869275,"{""81551"": -0.1529133295024243, ""81552"": -0.12232127200675347}",False
electricity_transfer,standard,fixed1024,FAULT,MAG_ONLY,PETSA_XY_OFFLINE,0.2559892987528469,0.25524966699512447,-0.28976796186637177,-0.5641459784987463,-0.05574932291126713,-0.5953846184112727,-0.021469787190273842,"{""81551"": -0.40246160753640847, ""81552"": -0.17512347804751194}",False
electricity_transfer,standard,fixed1024,FAULT,MAG_ONLY,B0,0.2559892987528469,0.2552101205111863,-0.30530851993639807,-0.4526123432581175,-0.1546183652696271,-0.47805477091172666,-0.13467122182628352,"{""81551"": -0.1591010982547214, ""81552"": -0.4548246367191977}",False
electricity_transfer,standard,fixed1024,FAULT,MAG_ONLY,PLAIN,0.2559892987528469,0.2556135086003021,-0.1470149815643973,-0.23587079736738903,-0.05529885438413988,-0.25125896293187816,-0.03862944304821314,"{""81551"": -0.19273674629474158, ""81552"": -0.10043911577619635}",False
electricity_transfer,standard,fixed1024,POINT16,MAG_ONLY,PETSA_XY_OFFLINE,0.24730941303659387,0.246834777294266,-0.19228884500421817,-0.5089659573773414,0.08434315328707137,-0.5545303793001699,0.11209708084030687,"{""81551"": -0.3765034445523563, ""81552"": -0.005622911683045295}",False
electricity_transfer,standard,fixed1024,POINT16,MAG_ONLY,B0,0.24730941303659387,0.24711262302492645,-0.07963575848877191,-0.2691125076129508,0.11284460036217328,-0.29449979343155797,0.14292351794650496,"{""81551"": -0.03836818910265549, ""81552"": -0.12164249285226969}",False
electricity_transfer,standard,fixed1024,POINT16,MAG_ONLY,PLAIN,0.24730941303659387,0.24709748681732072,-0.08576623825795604,-0.19725934719760696,0.036540952348851886,-0.2106319443658966,0.05255558904073134,"{""81551"": -0.13883488985768633, ""81552"": -0.03184964023081882}",False
electricity_transfer,standard,fixed1024,POINT4,MAG_ONLY,PETSA_XY_OFFLINE,0.24180049341916832,0.24150444405894705,-0.12258547099406325,-0.4574331694647926,0.15747675227135977,-0.5068126461772771,0.18938600878233086,"{""81551"": 0.00764424632185845, ""81552"": -0.25514961283361615}",False
electricity_transfer,standard,fixed1024,POINT4,MAG_ONLY,B0,0.24180049341916832,0.24161480174585231,-0.07685442778100349,-0.25995919839534254,0.09424858554532146,-0.2848439147533796,0.11580537621000522,"{""81551"": 0.3490011622785727, ""81552"": -0.5129470916578116}",False
electricity_transfer,standard,fixed1024,POINT4,MAG_ONLY,PLAIN,0.24180049341916832,0.2417162598026584,-0.03484813830012534,-0.14007571298804644,0.06402477239739911,-0.1527963729754786,0.07614187300245615,"{""81551"": 0.01267506085237402, ""81552"": -0.0831426446014083}",False
electricity_transfer,standard,fixed1024,POINT8,MAG_ONLY,PETSA_XY_OFFLINE,0.24409934178842785,0.24381313463219634,-0.11738791540629734,-0.4506623405304261,0.16114489259274417,-0.49352155050854996,0.19186302543011904,"{""81551"": -0.06127990664512861, ""81552"": -0.1744666764501135}",False
electricity_transfer,standard,fixed1024,POINT8,MAG_ONLY,B0,0.24409934178842785,0.2438881905597034,-0.08657706149686195,-0.2672909095369236,0.07762376751746734,-0.2923204067023544,0.09992664469930639,"{""81551"": 0.2293812098280834, ""81552"": -0.40969525240566185}",False
electricity_transfer,standard,fixed1024,POINT8,MAG_ONLY,PLAIN,0.24409934178842785,0.24397670991558115,-0.05026376201611171,-0.1454600740649492,0.03965588775742794,-0.158636277315847,0.04731764686004351,"{""81551"": -0.03920208707819395, ""81552"": -0.06150661177051209}",False
electricity_transfer,standard,fixed1024,REFERENCE,MAG_ONLY,PETSA_XY_OFFLINE,0.24020902506565212,0.23987165335082405,-0.14064676259792908,-0.48703825203564866,0.1516268509462121,-0.5280614481054349,0.18833556247704872,"{""81551"": 0.022367688050906054, ""81552"": -0.30645843138101814}",False
electricity_transfer,standard,fixed1024,REFERENCE,MAG_ONLY,B0,0.24020902506565212,0.2398560373144633,-0.14716650668502584,-0.3353785217104399,0.02543708712926332,-0.3562171412556017,0.05050725178427001,"{""81551"": 0.2614419561375758, ""81552"": -0.5648558968242678}",False
electricity_transfer,standard,fixed1024,REFERENCE,MAG_ONLY,PLAIN,0.24020902506565212,0.2400335635425252,-0.07309874524936699,-0.18074312902744638,0.025818482365409203,-0.19729987516580422,0.043217244102256885,"{""81551"": -0.01649485021506525, ""81552"": -0.13055062292330888}",False
electricity_transfer,standard,fixed1024,SHIFT4,MAG_ONLY,PETSA_XY_OFFLINE,0.3166239577424086,0.31942379659483516,0.8765279488484601,0.5387089465902526,1.22613783233166,0.4980733722937246,1.2828840034436844,"{""81551"": 1.0822651520021376, ""81552"": 0.6684772086638757}",False
electricity_transfer,standard,fixed1024,SHIFT4,MAG_ONLY,B0,0.3166239577424086,0.3264490498200735,3.009686223035457,2.508150214038611,3.4979891179653015,2.4344320460838835,3.561342481894,"{""81551"": 4.156088930492774, ""81552"": 1.8271689489781195}",False
electricity_transfer,standard,fixed1024,SHIFT4,MAG_ONLY,PLAIN,0.3166239577424086,0.3194344412253869,0.8798310765103956,0.617361191816781,1.1675336978555755,0.5650262405602983,1.2028057993633336,"{""81551"": 0.930681782187881, ""81552"": 0.8285699803870172}",False
electricity_transfer,standard,fixed1024,SHIFT8,MAG_ONLY,PETSA_XY_OFFLINE,0.364827546720065,0.3709485840885539,1.6501039850384425,1.1176764588150043,2.117582561214819,1.0438522349943815,2.1964532280650517,"{""81551"": 1.1546815969288637, ""81552"": 2.1295134832832074}",False
electricity_transfer,standard,fixed1024,SHIFT8,MAG_ONLY,B0,0.364827546720065,0.3997619046364089,8.738791143222457,7.652824323952301,9.826155879503535,7.531089243882683,10.002438032752465,"{""81551"": 6.162047286561045, ""81552"": 11.123926058997624}",False
electricity_transfer,standard,fixed1024,SHIFT8,MAG_ONLY,PLAIN,0.364827546720065,0.38234570797963763,4.581759620669146,4.096025677197648,5.010573691976303,4.041493704287099,5.099054687715484,"{""81551"": 3.7847115608793946, ""81552"": 5.348070966169383}",False
electricity_transfer,standard,fixed1024,SHIFT_POINT,MAG_ONLY,PETSA_XY_OFFLINE,0.3325476126295617,0.3362970457692374,1.1149170612246628,0.7576629967422416,1.4698491243884084,0.730087002601553,1.4986881571266086,"{""81551"": 1.5748116654512812, ""81552"": 0.6449470548262504}",False
electricity_transfer,standard,fixed1024,SHIFT_POINT,MAG_ONLY,B0,0.3325476126295617,0.34281270283235266,2.9943727633135464,2.5004796393945554,3.4627940630178045,2.4310343429359444,3.5494710571129535,"{""81551"": 4.169318648666465, ""81552"": 1.775207636981302}",False
electricity_transfer,standard,fixed1024,SHIFT_POINT,MAG_ONLY,PLAIN,0.3325476126295617,0.33621614351018964,1.0911227647570687,0.8051408774861002,1.4004748131136373,0.7633406845294142,1.430494235915935,"{""81551"": 1.2135708350148655, ""81552"": 0.9668536059914468}",False
electricity_transfer,standard,selected,BURST16,MAG_ONLY,PETSA_XY_OFFLINE,0.28530247145693727,0.2843248985818295,-0.3438224650685662,-0.586603000425005,-0.12083024219323461,-0.6196264558953613,-0.09821698129899321,"{""81551"": -0.8290365499714847, ""81552"": 0.15252555606406482}",False
electricity_transfer,standard,selected,BURST16,MAG_ONLY,B0,0.28530247145693727,0.28418100200211704,-0.3946320995841468,-0.5993069135851836,-0.1835174818031767,-0.6270459838154852,-0.1516407736556585,"{""81551"": -0.5893765306691279, ""81552"": -0.1942508123804476}",False
electricity_transfer,standard,selected,BURST16,MAG_ONLY,PLAIN,0.28530247145693727,0.2850002861509605,-0.10602982546363826,-0.2208759480275141,0.005943507109866155,-0.23879276162577484,0.020679201831549046,"{""81551"": -0.4143723653340148, ""81552"": 0.210506687366796}",False
electricity_transfer,standard,selected,BURST4,MAG_ONLY,PETSA_XY_OFFLINE,0.2514006585865232,0.2507041202116462,-0.27783283908098255,-0.5772216648376199,-0.04679593809659382,-0.6190171429447588,-0.01663961642378697,"{""81551"": -0.04993757965578993, ""81552"": -0.5100458155785415}",False
electricity_transfer,standard,selected,BURST4,MAG_ONLY,B0,0.2514006585865232,0.25073957727764523,-0.26365255778746377,-0.42751045186878833,-0.11132030656761169,-0.448190325527249,-0.08968558749206323,"{""81551"": 0.18150967535485174, ""81552"": -0.7192469082670128}",False
electricity_transfer,standard,selected,BURST4,MAG_ONLY,PLAIN,0.2514006585865232,0.25095285447632754,-0.1784415288401897,-0.30772718920832054,-0.07258615974036267,-0.3351203414602863,-0.06005775500643818,"{""81551"": -0.19660866078921035, ""81552"": -0.16002166976920584}",False
electricity_transfer,standard,selected,BURST8,MAG_ONLY,PETSA_XY_OFFLINE,0.264510863820658,0.26401939037387157,-0.18615051193417997,-0.46582917367588683,0.02279488241944312,-0.5213636814254358,0.05121322962042841,"{""81551"": -0.28635960308145414, ""81552"": -0.08450119477347862}",False
electricity_transfer,standard,selected,BURST8,MAG_ONLY,B0,0.264510863820658,0.2637245284568734,-0.29816542601694973,-0.4562893573191057,-0.15288893894717162,-0.4755496664707126,-0.13878556197669165,"{""81551"": -0.21084101216044537, ""81552"": -0.387079635690446}",False
electricity_transfer,standard,selected,BURST8,MAG_ONLY,PLAIN,0.264510863820658,0.26432507642071545,-0.07028746665218577,-0.19164234703570704,0.05274769400806147,-0.21291119007349174,0.0671370950937822,"{""81551"": -0.04357904178045047, ""81552"": -0.09744901014154816}",False
electricity_transfer,standard,selected,FAULT,MAG_ONLY,PETSA_XY_OFFLINE,0.25572714318675516,0.25509252645405256,-0.24877903775706312,-0.5345651165477816,-0.04577930594543376,-0.5638976309825385,-0.02059594631299255,"{""81551"": -0.3185892341298624, ""81552"": -0.1777456224601126}",False
electricity_transfer,standard,selected,FAULT,MAG_ONLY,B0,0.25572714318675516,0.2552101205111863,-0.20258705827702617,-0.3473220754294398,-0.0676485782519426,-0.3687618075959731,-0.05184529232410526,"{""81551"": -0.024107871366552125, ""81552"": -0.38510525500374815}",False
electricity_transfer,standard,selected,FAULT,MAG_ONLY,PLAIN,0.25572714318675516,0.2554275191010853,-0.11730297766048281,-0.2205292294425487,-0.02391001266438274,-0.23277706985982805,-0.013730976853307729,"{""81551"": -0.20217940773021859, ""81552"": -0.0309656907830691}",False
electricity_transfer,standard,selected,POINT16,MAG_ONLY,PETSA_XY_OFFLINE,0.24712961507273531,0.24670461184024528,-0.17227210684056526,-0.47531896950441466,0.0642603893437948,-0.5290169565924976,0.10143785733008061,"{""81551"": -0.3783290402171291, ""81552"": 0.03647951794537585}",False
electricity_transfer,standard,selected,POINT16,MAG_ONLY,B0,0.24712961507273531,0.24711262302492645,-0.006876236268649194,-0.19958048275615425,0.1873688135548207,-0.22334992622221939,0.20520674831900246,"{""81551"": 0.023818404648334734, ""81552"": -0.03812066492199229}",False
electricity_transfer,standard,selected,POINT16,MAG_ONLY,PLAIN,0.24712961507273531,0.24690033888662236,-0.09286183532466463,-0.2296762875686864,0.0366071067330849,-0.24615955056441569,0.050646129634754136,"{""81551"": -0.235274506359473, ""81552"": 0.05159728218452342}",False
electricity_transfer,standard,selected,POINT4,MAG_ONLY,PETSA_XY_OFFLINE,0.24188489672666563,0.24125366122288763,-0.2616480515065911,-0.5916537290268803,-0.013289194623805338,-0.6308584599327782,0.020381154665618642,"{""81551"": -0.10316361408080343, ""81552"": -0.4229985174279083}",False
electricity_transfer,standard,selected,POINT4,MAG_ONLY,B0,0.24188489672666563,0.24161480174585231,-0.11178743142459258,-0.29159625957430935,0.05180210149853221,-0.314770018758454,0.07490611057805596,"{""81551"": 0.3344746441534152, ""81552"": -0.5687771290326049}",False
electricity_transfer,standard,selected,POINT4,MAG_ONLY,PLAIN,0.24188489672666563,0.24156881979483294,-0.13084343091178674,-0.24687740086340448,-0.024410821591955872,-0.26212691773935454,-0.011919297348978708,"{""81551"": -0.12306952596179421, ""81552"": -0.13873394657906157}",False
electricity_transfer,standard,selected,POINT8,MAG_ONLY,PETSA_XY_OFFLINE,0.24413435345701132,0.2435484764938351,-0.24055866479257837,-0.5615588792976983,0.008895107411277393,-0.6077794046802171,0.04800422125577739,"{""81551"": -0.1857760460047153, ""81552"": -0.29627902294957487}",False
electricity_transfer,standard,selected,POINT8,MAG_ONLY,B0,0.24413435345701132,0.2438881905597034,-0.10093268425297452,-0.2783801574118083,0.055208754342979074,-0.3101587070034073,0.08532049565310579,"{""81551"": 0.2226311740883835, ""81552"": -0.43182881212553426}",False
electricity_transfer,standard,selected,POINT8,MAG_ONLY,PLAIN,0.24413435345701132,0.24381773887705302,-0.12985707332719976,-0.24753108210205377,-0.021585313375919738,-0.2664445215907038,-0.0031230745570892645,"{""81551"": -0.17546367437359933, ""81552"": -0.0835634193993462}",False
electricity_transfer,standard,selected,REFERENCE,MAG_ONLY,PETSA_XY_OFFLINE,0.2402730666372369,0.23958509953304744,-0.287149370111206,-0.6261233551668854,-0.028927509491851952,-0.6736406255834351,0.0012027278517859734,"{""81551"": -0.10056583173823075, ""81552"": -0.4769245299585334}",False
electricity_transfer,standard,selected,REFERENCE,MAG_ONLY,B0,0.2402730666372369,0.2398560373144633,-0.1738665106965298,-0.3581615914423675,-0.007743413949868497,-0.38170299585740114,0.017688117641936233,"{""81551"": 0.2607102311715903, ""81552"": -0.6181012997307445}",False
electricity_transfer,standard,selected,REFERENCE,MAG_ONLY,PLAIN,0.2402730666372369,0.23993009448257552,-0.14294670095513773,-0.26285067141581464,-0.033353979382816014,-0.27548179122933725,-0.019456029193981587,"{""81551"": -0.1028925851066953, ""81552"": -0.1835660771157155}",False
electricity_transfer,standard,selected,SHIFT4,MAG_ONLY,PETSA_XY_OFFLINE,0.31909829259738803,0.3205312172327224,0.4470468267351202,0.16674888984241049,0.7433754288447277,0.13519235484939066,0.784062285656548,"{""81551"": 0.8685951902528855, ""81552"": 0.018242480998686972}",False
electricity_transfer,standard,selected,SHIFT4,MAG_ONLY,B0,0.31909829259738803,0.3264490498200735,2.2517318481205306,1.8555913443371883,2.6548272091498086,1.8032346617177597,2.702271440289842,"{""81551"": 3.3340916128929865, ""81552"": 1.1352750304051584}",False
electricity_transfer,standard,selected,SHIFT4,MAG_ONLY,PLAIN,0.31909829259738803,0.31894513350365683,-0.04802051439027899,-0.2523948153399974,0.17638769476166785,-0.2861191154730808,0.21051749089944422,"{""81551"": -0.2247963367945971, ""81552"": 0.12963822307531236}",False
electricity_transfer,standard,selected,SHIFT8,MAG_ONLY,PETSA_XY_OFFLINE,0.3630396376269014,0.36659108507131527,0.9687762711750092,0.42568791424926256,1.428011975439905,0.37163605562805513,1.5067179484928044,"{""81551"": 0.7953206066216634, ""81552"": 1.1394251329955973}",True
electricity_transfer,standard,selected,SHIFT8,MAG_ONLY,B0,0.3630396376269014,0.3997619046364089,9.18603463301666,8.100338242459364,10.227657062000004,7.948274744797237,10.410113723493028,"{""81551"": 6.144687141283645, ""81552"": 12.001224848677584}",False
electricity_transfer,standard,selected,SHIFT8,MAG_ONLY,PLAIN,0.3630396376269014,0.3773547355432192,3.793538696608789,3.3518065332580265,4.223482642763405,3.292225228606981,4.285133556172133,"{""81551"": 1.1340422781548232, ""81552"": 6.282383420580617}",False
electricity_transfer,standard,selected,SHIFT_POINT,MAG_ONLY,PETSA_XY_OFFLINE,0.33429520939245144,0.33691936743787054,0.7788682690979543,0.5063048009241911,1.0703354712554738,0.4742634800724871,1.1084734605605941,"{""81551"": 1.5475331669622783, ""81552"": -0.009278425134584545}",False
electricity_transfer,standard,selected,SHIFT_POINT,MAG_ONLY,B0,0.33429520939245144,0.34281270283235266,2.4845909645496933,2.0309054430347584,2.9018936010988075,1.9683165437460415,2.9646406638815685,"{""81551"": 3.805901891858665, ""81552"": 1.113552328899703}",False
electricity_transfer,standard,selected,SHIFT_POINT,MAG_ONLY,PLAIN,0.33429520939245144,0.33472190969811744,0.12747904851846403,-0.09316848003113054,0.35624385332478914,-0.11707928440380017,0.3931971294697307,"{""81551"": -0.0437815504455763, ""81552"": 0.29975311729356635}",False
ettm1,shape,fixed1024,PAIRED_SHIFT8_D32,MAG_ONLY,PETSA_XY_OFFLINE,0.5441964747093633,0.5412979099350501,-0.5354841984630987,-1.6521044333314916,0.6488944533025964,-1.8004864070774493,0.7998467543316106,"{""81551"": -0.0628128862186994, ""81552"": -0.9961727908606388}",False
ettm1,shape,fixed1024,PAIRED_SHIFT8_D32,MAG_ONLY,B0,0.5441964747093633,0.5390620718343306,-0.9524696956625389,-2.162319248881293,0.32611055582080334,-2.319590222775968,0.4759042712572801,"{""81551"": -0.47265201533630563, ""81552"": -1.420171154490335}",False
ettm1,shape,fixed1024,PAIRED_SHIFT8_D32,MAG_ONLY,PLAIN,0.5441964747093633,0.5320731198489881,-2.2785129351800437,-3.732414439046091,-0.7862051706233413,-3.977146181983177,-0.6231697194592425,"{""81551"": -1.2273889165439034, ""81552"": -3.3144490983116004}",False
ettm1,shape,fixed1024,PULSE8_D32,MAG_ONLY,PETSA_XY_OFFLINE,6.4530368059548096,6.449049473429488,-0.06182822044937808,-0.21201668847954214,0.08184675879187893,-0.22871051083567656,0.10364929295761967,"{""81551"": -0.2100079922050302, ""81552"": 0.08739582229084775}",False
ettm1,shape,fixed1024,PULSE8_D32,MAG_ONLY,B0,6.4530368059548096,6.520033788023088,1.0275557496549848,0.9860337368567055,1.0711467880239285,0.9791967098051397,1.0779037772897302,"{""81551"": 1.324433172904682, ""81552"": 0.7258772927229207}",False
ettm1,shape,fixed1024,PULSE8_D32,MAG_ONLY,PLAIN,6.4530368059548096,6.497180311928361,0.6794255947077055,0.602486247097924,0.7589948471929283,0.5924254469550292,0.7713024969989297,"{""81551"": 0.6021390134999249, ""81552"": 0.757366605868881}",False
ettm1,shape,fixed1024,RAMP8_D32,MAG_ONLY,PETSA_XY_OFFLINE,1.0040429716043988,1.0100306247307937,0.5928189680378115,-0.29675601885751857,1.5075980821725508,-0.43195887085071605,1.6516478176120692,"{""81551"": 0.8719415867683544, ""81552"": 0.31649153905036753}",False
ettm1,shape,fixed1024,RAMP8_D32,MAG_ONLY,B0,1.0040429716043988,0.995679098879558,-0.8400169024591175,-1.544339738874752,-0.1696591551394009,-1.6608850477264119,-0.08346634020379194,"{""81551"": -0.6923799177951828, ""81552"": -0.9857845196704407}",False
ettm1,shape,fixed1024,RAMP8_D32,MAG_ONLY,PLAIN,1.0040429716043988,1.0403624642715175,3.491042200619021,2.353997223301814,4.539430839319687,2.218579661253451,4.630915424508469,"{""81551"": 3.5882849654546134, ""81552"": 3.395117861665675}",False
ettm1,shape,fixed1024,STEP12_D17,MAG_ONLY,PETSA_XY_OFFLINE,0.8276033190065633,0.8496723550540531,2.5973583718733484,1.6097822090068645,3.7852108381625085,1.4283867152841478,3.924275059196728,"{""81551"": 4.389644917445712, ""81552"": 0.9223119267234736}",False
ettm1,shape,fixed1024,STEP12_D17,MAG_ONLY,B0,0.8276033190065633,0.8026712720835374,-3.106134203396671,-4.3993754197936905,-1.9399995611846195,-4.561019914055395,-1.7996650037935504,"{""81551"": -2.7625746336189305, ""81552"": -3.4179596225119457}",False
ettm1,shape,fixed1024,STEP12_D17,MAG_ONLY,PLAIN,0.8276033190065633,0.7986488641726319,-3.625429914550371,-5.794466892870995,-1.6421369926574951,-6.103829520195102,-1.3607998490055093,"{""81551"": -2.9196111290425764, ""81552"": -4.270347730095914}",False
ettm1,shape,fixed1024,STEP12_D63,MAG_ONLY,PETSA_XY_OFFLINE,0.6519018874429046,0.6068672016425336,-7.420846880253373,-8.563601855940638,-6.406429068473829,-8.748665900075503,-6.275695507425202,"{""81551"": -9.554047122658416, ""81552"": -5.413078636385982}",False
ettm1,shape,fixed1024,STEP12_D63,MAG_ONLY,B0,0.6519018874429046,0.7119669416545736,8.436494828268437,7.271298178936851,9.639853796349428,7.130029270502028,9.824590946448897,"{""81551"": 11.596433932788342, ""81552"": 5.119048972936158}",False
ettm1,shape,fixed1024,STEP12_D63,MAG_ONLY,PLAIN,0.6519018874429046,0.6409936800075398,-1.7017652085487889,-2.580119050667523,-0.8702050841145228,-2.6976929049431906,-0.793433605818832,"{""81551"": -2.9979999932798096, ""81552"": -0.46500479924860283}",False
ettm1,shape,fixed1024,STEP6_D17,MAG_ONLY,PETSA_XY_OFFLINE,0.6282312785457401,0.6285863502280049,0.05648733577112708,-0.6585760435913252,0.8696072455672141,-0.7289542529732143,0.9995468905014475,"{""81551"": 0.28986411793806566, ""81552"": -0.1727321003229143}",False
ettm1,shape,fixed1024,STEP6_D17,MAG_ONLY,B0,0.6282312785457401,0.6234920165153032,-0.760115912457815,-1.3688920199706605,-0.24434179979591525,-1.4872740474436406,-0.19737698653931568,"{""81551"": -0.22479017692924597, ""81552"": -1.2890346838668743}",False
ettm1,shape,fixed1024,STEP6_D17,MAG_ONLY,PLAIN,0.6282312785457401,0.6311789620802373,0.4670123232216383,-0.3421137144532832,1.253230194462395,-0.46384420334082105,1.3619552353099802,"{""81551"": 1.0558191672656592, ""81552"": -0.11544924372863807}",False
ettm1,shape,fixed1024,STEP6_D63,MAG_ONLY,PETSA_XY_OFFLINE,0.5523436038547778,0.5334398203275199,-3.543751854829913,-4.417730010927357,-2.6468266889530283,-4.595283301840591,-2.482756246215172,"{""81551"": -4.794321988613071, ""81552"": -2.330822970480484}",False
ettm1,shape,fixed1024,STEP6_D63,MAG_ONLY,B0,0.5523436038547778,0.5766876784127689,4.2213620074203595,3.3200211148186947,5.219224555455242,3.229826309809488,5.364174767806265,"{""81551"": 5.409442623289495, ""81552"": 3.0113840503550815}",False
ettm1,shape,fixed1024,STEP6_D63,MAG_ONLY,PLAIN,0.5523436038547778,0.5489352434073742,-0.6209039205147482,-1.3672493042972023,0.08764455172935524,-1.4928622167602978,0.15776922096745305,"{""81551"": -1.2862603700755537, ""81552"": 0.031364226940833184}",False
ettm1,shape,fixed1024,STEP8_D31,MAG_ONLY,PETSA_XY_OFFLINE,0.5358406628949823,0.5353163969594057,-0.09793571401033319,-1.1484458361602223,0.9710726268919462,-1.305775758004898,1.1143981753807053,"{""81551"": 0.3146531342674952, ""81552"": -0.5053452169858863}",False
ettm1,shape,fixed1024,STEP8_D31,MAG_ONLY,B0,0.5358406628949823,0.5360772175482585,0.04412697378898267,-1.0809931441030463,1.232010036633092,-1.2150340607179868,1.408480423605446,"{""81551"": 0.7205228012872711, ""81552"": -0.6273222694386904}",False
ettm1,shape,fixed1024,STEP8_D31,MAG_ONLY,PLAIN,0.5358406628949823,0.524425539478752,-2.1766909803012657,-3.470369178974337,-0.763920686012683,-3.7488199776973476,-0.5507451416992726,"{""81551"": -1.4863229128906585, ""81552"": -2.861996073874673}",False
ettm1,shape,fixed1024,STEP8_D33,MAG_ONLY,PETSA_XY_OFFLINE,0.5510536379812456,0.5534493128988109,0.43286256965745507,-0.5118591490954577,1.4962601322223414,-0.6014149469809854,1.7067289320266852,"{""81551"": 1.6883255131994401, ""81552"": -0.8218770697443478}",False
ettm1,shape,fixed1024,STEP8_D33,MAG_ONLY,B0,0.5510536379812456,0.54615026359938,-0.8978068324182686,-2.0961439263547748,0.3756822178006906,-2.2941030678093592,0.5584081325575467,"{""81551"": -0.3305711074586881, ""81552"": -1.4568064530457558}",False
ettm1,shape,fixed1024,STEP8_D33,MAG_ONLY,PLAIN,0.5510536379812456,0.5322967279638325,-3.5237695503338884,-4.752024286705244,-2.205360046814473,-4.863958064830713,-2.0968886253481616,"{""81551"": -2.7616640769128953, ""81552"": -4.2774275189035205}",False
ettm1,shape,selected,PAIRED_SHIFT8_D32,MAG_ONLY,PETSA_XY_OFFLINE,0.5390620718343306,0.5390620718343306,0.0,0.0,0.0,0.0,0.0,"{""81551"": 0.0, ""81552"": 0.0}",False
ettm1,shape,selected,PAIRED_SHIFT8_D32,MAG_ONLY,B0,0.5390620718343306,0.5390620718343306,0.0,0.0,0.0,0.0,0.0,"{""81551"": 0.0, ""81552"": 0.0}",False
ettm1,shape,selected,PAIRED_SHIFT8_D32,MAG_ONLY,PLAIN,0.5390620718343306,0.5340570074320272,-0.9371779290697546,-1.7537280654554404,-0.1285349172942456,-1.8410273245683242,-0.008238021217117607,"{""81551"": 0.0, ""81552"": -1.8677526593164018}",False
ettm1,shape,selected,PULSE8_D32,MAG_ONLY,PETSA_XY_OFFLINE,6.520033788023088,6.520033788023088,0.0,0.0,0.0,0.0,0.0,"{""81551"": 0.0, ""81552"": 0.0}",False
ettm1,shape,selected,PULSE8_D32,MAG_ONLY,B0,6.520033788023088,6.520033788023088,0.0,0.0,0.0,0.0,0.0,"{""81551"": 0.0, ""81552"": 0.0}",False
ettm1,shape,selected,PULSE8_D32,MAG_ONLY,PLAIN,6.520033788023088,6.521059882203902,0.015735082936652045,-0.06475553963651348,0.0920500433980062,-0.0740785727129975,0.10154905790475302,"{""81551"": 0.0, ""81552"": 0.031719558216403154}",False
ettm1,shape,selected,RAMP8_D32,MAG_ONLY,PETSA_XY_OFFLINE,0.995679098879558,0.995679098879558,0.0,0.0,0.0,0.0,0.0,"{""81551"": 0.0, ""81552"": 0.0}",False
ettm1,shape,selected,RAMP8_D32,MAG_ONLY,B0,0.995679098879558,0.995679098879558,0.0,0.0,0.0,0.0,0.0,"{""81551"": 0.0, ""81552"": 0.0}",False
ettm1,shape,selected,RAMP8_D32,MAG_ONLY,PLAIN,0.995679098879558,1.0183992981965369,2.230971619600841,1.4511818448403504,2.9873840258465862,1.260142145447012,3.112056375938273,"{""81551"": 0.0, ""81552"": 4.338137691531019}",False
ettm1,shape,selected,STEP12_D17,MAG_ONLY,PETSA_XY_OFFLINE,0.8026712720835374,0.8026712720835374,0.0,0.0,0.0,0.0,0.0,"{""81551"": 0.0, ""81552"": 0.0}",False
ettm1,shape,selected,STEP12_D17,MAG_ONLY,B0,0.8026712720835374,0.8026712720835374,0.0,0.0,0.0,0.0,0.0,"{""81551"": 0.0, ""81552"": 0.0}",False
ettm1,shape,selected,STEP12_D17,MAG_ONLY,PLAIN,0.8026712720835374,0.7992315778372772,-0.43037516805430887,-1.4295560917647703,0.49373387389877305,-1.5864045636235333,0.6586436499541667,"{""81551"": 0.0, ""81552"": -0.8242167131272682}",False
ettm1,shape,selected,STEP12_D63,MAG_ONLY,PETSA_XY_OFFLINE,0.7119669416545736,0.7119669416545736,0.0,0.0,0.0,0.0,0.0,"{""81551"": 0.0, ""81552"": 0.0}",False
ettm1,shape,selected,STEP12_D63,MAG_ONLY,B0,0.7119669416545736,0.7119669416545736,0.0,0.0,0.0,0.0,0.0,"{""81551"": 0.0, ""81552"": 0.0}",False
ettm1,shape,selected,STEP12_D63,MAG_ONLY,PLAIN,0.7119669416545736,0.692661772292808,-2.7870990047368815,-3.365610881997509,-2.2693816485742895,-3.419063026828028,-2.1801270392709413,"{""81551"": 0.0, ""81552"": -5.885326518904699}",False
ettm1,shape,selected,STEP6_D17,MAG_ONLY,PETSA_XY_OFFLINE,0.6234920165153032,0.6234920165153032,0.0,0.0,0.0,0.0,0.0,"{""81551"": 0.0, ""81552"": 0.0}",False
ettm1,shape,selected,STEP6_D17,MAG_ONLY,B0,0.6234920165153032,0.6234920165153032,0.0,0.0,0.0,0.0,0.0,"{""81551"": 0.0, ""81552"": 0.0}",False
ettm1,shape,selected,STEP6_D17,MAG_ONLY,PLAIN,0.6234920165153032,0.6271684034536524,0.5861881622390985,0.11315232599847763,1.0318141063358894,0.04774862732050286,1.105712375500134,"{""81551"": 0.0, ""81552"": 1.1586500392674282}",False
ettm1,shape,selected,STEP6_D63,MAG_ONLY,PETSA_XY_OFFLINE,0.5766876784127689,0.5766876784127689,0.0,0.0,0.0,0.0,0.0,"{""81551"": 0.0, ""81552"": 0.0}",False
ettm1,shape,selected,STEP6_D63,MAG_ONLY,B0,0.5766876784127689,0.5766876784127689,0.0,0.0,0.0,0.0,0.0,"{""81551"": 0.0, ""81552"": 0.0}",False
ettm1,shape,selected,STEP6_D63,MAG_ONLY,PLAIN,0.5766876784127689,0.5681707659522374,-1.4990057515996025,-2.188621664808989,-0.9364557317157798,-2.289223691012801,-0.8610638279246149,"{""81551"": 0.0, ""81552"": -3.0725459830888147}",False
ettm1,shape,selected,STEP8_D31,MAG_ONLY,PETSA_XY_OFFLINE,0.5360772175482585,0.5360772175482585,0.0,0.0,0.0,0.0,0.0,"{""81551"": 0.0, ""81552"": 0.0}",False
ettm1,shape,selected,STEP8_D31,MAG_ONLY,B0,0.5360772175482585,0.5360772175482585,0.0,0.0,0.0,0.0,0.0,"{""81551"": 0.0, ""81552"": 0.0}",False
ettm1,shape,selected,STEP8_D31,MAG_ONLY,PLAIN,0.5360772175482585,0.5302327158879163,-1.1022521781884231,-1.9237981140270077,-0.23414292705296016,-2.057181681049233,-0.11677548070673076,"{""81551"": 0.0, ""81552"": -2.2207425916118906}",False
ettm1,shape,selected,STEP8_D33,MAG_ONLY,PETSA_XY_OFFLINE,0.54615026359938,0.54615026359938,0.0,0.0,0.0,0.0,0.0,"{""81551"": 0.0, ""81552"": 0.0}",False
ettm1,shape,selected,STEP8_D33,MAG_ONLY,B0,0.54615026359938,0.54615026359938,0.0,0.0,0.0,0.0,0.0,"{""81551"": 0.0, ""81552"": 0.0}",False
ettm1,shape,selected,STEP8_D33,MAG_ONLY,PLAIN,0.54615026359938,0.5387097826995572,-1.381166843218895,-2.0537829966798538,-0.6597072738533661,-2.126628848680134,-0.5619894842767988,"{""81551"": 0.0, ""81552"": -2.7801200968839312}",False
ettm1,standard,fixed1024,BURST16,MAG_ONLY,PETSA_XY_OFFLINE,0.46763871613429187,0.46512746646260816,-0.5399056931172597,-0.9071890122725385,-0.15854385602204413,-0.9493806770760407,-0.09000543488380917,"{""81551"": -0.5445752579606999, ""81552"": -0.535337163125793}",False
ettm1,standard,fixed1024,BURST16,MAG_ONLY,B0,0.46763871613429187,0.46714877100079855,-0.10487989349596827,-0.49670317520074336,0.26695534633360674,-0.5538299504684987,0.3138531059020056,"{""81551"": -0.327664828736296, ""81552"": 0.11214910213621643}",False
ettm1,standard,fixed1024,BURST16,MAG_ONLY,PLAIN,0.46763871613429187,0.46981481619313004,0.46318251017941625,0.18205742925974405,0.7823436846157975,0.14702551788366047,0.8312745827849817,"{""81551"": 0.5663793553895458, ""81552"": 0.36200170381507357}",False
ettm1,standard,fixed1024,BURST4,MAG_ONLY,PETSA_XY_OFFLINE,0.4195865735224684,0.4190501320643011,-0.12801367118648876,-0.5063506599442047,0.2884813826231917,-0.5504244484384548,0.3678994913331435,"{""81551"": -0.0937433152556455, ""81552"": -0.161845749474665}",False
ettm1,standard,fixed1024,BURST4,MAG_ONLY,B0,0.4195865735224684,0.41927443939120335,-0.07444625809249761,-0.327927888229837,0.19023671724319846,-0.3598607339063925,0.21955964929580896,"{""81551"": -0.19935301052158572, ""81552"": 0.04847446349742768}",False
ettm1,standard,fixed1024,BURST4,MAG_ONLY,PLAIN,0.4195865735224684,0.42138222104728207,0.4261327211078858,0.18093299733536156,0.6969856287610741,0.1518270935589644,0.7338377140086608,"{""81551"": 0.5913062339116593, ""81552"": 0.2626437108219748}",False
ettm1,standard,fixed1024,BURST8,MAG_ONLY,PETSA_XY_OFFLINE,0.4236802225676125,0.4222237930086743,-0.34494255962222997,-0.8282326683745128,0.10807649031689703,-0.9169105604653011,0.19051794727910254,"{""81551"": -0.3311070905122726, ""81552"": -0.3585487936575982}",False
ettm1,standard,fixed1024,BURST8,MAG_ONLY,B0,0.4236802225676125,0.42219549652499977,-0.3516679014421431,-0.6669560778843753,-0.034149042666463146,-0.7203548499152895,0.024455515805069432,"{""81551"": -0.5216177504351327, ""81552"": -0.18513889236220216}",False
ettm1,standard,fixed1024,BURST8,MAG_ONLY,PLAIN,0.4236802225676125,0.4262211657170174,0.5961560226907858,0.3549556147685212,0.8486699723459429,0.32070528599241505,0.8822050339725253,"{""81551"": 0.9508917438922904, ""81552"": 0.24490733587719804}",False
ettm1,standard,fixed1024,FAULT,MAG_ONLY,PETSA_XY_OFFLINE,0.4239118011626929,0.4230126105870148,-0.21256826703826004,-0.5676021498844391,0.150915363560459,-0.6222346837535858,0.20831533095075322,"{""81551"": -0.1604786428107019, ""81552"": -0.2638518603133022}",False
ettm1,standard,fixed1024,FAULT,MAG_ONLY,B0,0.4239118011626929,0.4231977068249665,-0.16873776162065202,-0.4357832206429235,0.11187171969205219,-0.466963516572427,0.16182501371205302,"{""81551"": -0.33275940042898355, ""81552"": -0.007942919541092941}",False
ettm1,standard,fixed1024,FAULT,MAG_ONLY,PLAIN,0.4239118011626929,0.4256905662120921,0.41785399785274624,0.18212998162700889,0.6825952464586373,0.15599166897508954,0.7068491021240381,"{""81551"": 0.6342321513788884, ""81552"": 0.2041225402502289}",False
ettm1,standard,fixed1024,POINT16,MAG_ONLY,PETSA_XY_OFFLINE,0.41413723821089266,0.41332428036864,-0.19668765685083578,-0.6335723511780061,0.23575327895578913,-0.6851635905905085,0.3188553113760969,"{""81551"": -0.12716331010615978, ""81552"": -0.26512625200048046}",False
ettm1,standard,fixed1024,POINT16,MAG_ONLY,B0,0.41413723821089266,0.4129650219574855,-0.2838536416112758,-0.6049312582934363,0.022478510266832726,-0.6395282447556124,0.06550129730340438,"{""81551"": -0.4351565723015538, ""81552"": -0.13556219686030602}",False
ettm1,standard,fixed1024,POINT16,MAG_ONLY,PLAIN,0.41413723821089266,0.41557344896268766,0.34559733192289777,0.07189191401954259,0.6311147077682747,0.0396485872338391,0.6703218119344416,"{""81551"": 0.5837675366750394, ""81552"": 0.11035429436376809}",False
ettm1,standard,fixed1024,POINT4,MAG_ONLY,PETSA_XY_OFFLINE,0.40796292857037075,0.4079658276719187,0.0007106236236675834,-0.36790239864462726,0.355549523824499,-0.4257334101785995,0.40409559656118016,"{""81551"": 0.1328556372878431, ""81552"": -0.13030638188546995}",False
ettm1,standard,fixed1024,POINT4,MAG_ONLY,B0,0.40796292857037075,0.40761949250736845,-0.08425408237711096,-0.39359170182300507,0.23667871538827856,-0.4256335838458686,0.28814535567272787,"{""81551"": -0.21387825412171324, ""81552"": 0.04359650331711151}",False
ettm1,standard,fixed1024,POINT4,MAG_ONLY,PLAIN,0.40796292857037075,0.409444954515921,0.3619597528811691,0.07339121872044163,0.65366625449424,0.031157444885372976,0.7037338045751833,"{""81551"": 0.594181566827634, ""81552"": 0.13125594033148724}",False
ettm1,standard,fixed1024,POINT8,MAG_ONLY,PETSA_XY_OFFLINE,0.41046512797052104,0.4103841639459465,-0.019728837437593683,-0.4640050221117853,0.4007052244441514,-0.5243469035492084,0.4552549227019852,"{""81551"": 0.05464946802750115, ""81552"": -0.09285712079123432}",False
ettm1,standard,fixed1024,POINT8,MAG_ONLY,B0,0.41046512797052104,0.40998301956794325,-0.1175922854282696,-0.429848863451881,0.20413381749625592,-0.4613564607316825,0.2441180182523686,"{""81551"": -0.2961931233155468, ""81552"": 0.05713046828211832}",False
ettm1,standard,fixed1024,POINT8,MAG_ONLY,PLAIN,0.41046512797052104,0.4117067908365144,0.3015891147849503,0.029712387170692245,0.5835465871411551,0.003638161365885352,0.6191028644898404,"{""81551"": 0.5179060386778067, ""81552"": 0.08830401334342097}",False
ettm1,standard,fixed1024,REFERENCE,MAG_ONLY,PETSA_XY_OFFLINE,0.4073613923494447,0.40791332287711074,0.13530583501738525,-0.31314074131193914,0.6394966114021741,-0.37644376511479616,0.7269000060295828,"{""81551"": 0.2405511922710657, ""81552"": 0.031107980793942946}",False
ettm1,standard,fixed1024,REFERENCE,MAG_ONLY,B0,0.4073613923494447,0.4073363333081826,-0.0061519288148348394,-0.300008425572445,0.3076736608859359,-0.3345994916799311,0.3509634797577194,"{""81551"": -0.08536611162481833, ""81552"": 0.07198648828991017}",False
ettm1,standard,fixed1024,REFERENCE,MAG_ONLY,PLAIN,0.4073613923494447,0.40881953706113533,0.3566719736959656,0.056050045976765994,0.6554894540629982,0.031577015246392615,0.7045294328582458,"{""81551"": 0.516468829393002, ""81552"": 0.19829209654297353}",False
ettm1,standard,fixed1024,SHIFT4,MAG_ONLY,PETSA_XY_OFFLINE,0.5483818580850345,0.5493165915598097,0.1701629787152492,-0.6657496488848746,0.9451588695652595,-0.7546808285098502,1.0294208240986864,"{""81551"": 0.013232359475257027, ""81552"": 0.3237924487165311}",False
ettm1,standard,fixed1024,SHIFT4,MAG_ONLY,B0,0.5483818580850345,0.5514045925316808,0.5481881158747703,-0.04992712996399307,1.2631307414261044,-0.13193006721492623,1.3690418471339134,"{""81551"": 0.46544018264839115, ""81552"": 0.6293139938728376}",False
ettm1,standard,fixed1024,SHIFT4,MAG_ONLY,PLAIN,0.5483818580850345,0.5488326460343138,0.08213577536551053,-0.44981267556041427,0.6297375945404968,-0.5195762850485353,0.6919799980964106,"{""81551"": 0.6919749012080811, ""81552"": -0.5240683150081082}",False
ettm1,standard,fixed1024,SHIFT8,MAG_ONLY,PETSA_XY_OFFLINE,0.5497430143099753,0.54717500559051,-0.46932127623298125,-1.5321713617377564,0.6603633499892543,-1.6836279787007518,0.8115515665424136,"{""81551"": -0.13105496690908325, ""81552"": -0.8007889478526042}",False
ettm1,standard,fixed1024,SHIFT8,MAG_ONLY,B0,0.5497430143099753,0.5453682716834297,-0.8021630251869416,-1.8728704187451317,0.2670333886024852,-2.0086187810498255,0.41555259787007265,"{""81551"": -0.639031673018664, ""81552"": -0.9614623415686419}",False
ettm1,standard,fixed1024,SHIFT8,MAG_ONLY,PLAIN,0.5497430143099753,0.5414063154988621,-1.5398229707445532,-2.5481290853128646,-0.6083976193804581,-2.6623899833666713,-0.4684234917294505,"{""81551"": -0.20475714286980473, ""81552"": -2.873980705746848}",False
ettm1,standard,fixed1024,SHIFT_POINT,MAG_ONLY,PETSA_XY_OFFLINE,0.5886060761460967,0.5902445233549136,0.27758787146453523,-0.2760090673637555,0.8138223006617613,-0.34187182583914094,0.8841497896477668,"{""81551"": 0.32018856902752413, ""81552"": 0.23582559394930147}",False
ettm1,standard,fixed1024,SHIFT_POINT,MAG_ONLY,B0,0.5886060761460967,0.5898071695855718,0.20364171570159684,-0.3235051499113145,0.7086424550111361,-0.3997720020353415,0.7701560525676119,"{""81551"": -0.05567295258965821, ""81552"": 0.45633810626477533}",False
ettm1,standard,fixed1024,SHIFT_POINT,MAG_ONLY,PLAIN,0.5886060761460967,0.5881419607015741,-0.07891214630715293,-0.38809092258839384,0.2543970325207503,-0.4356582098822992,0.2952825740651208,"{""81551"": 0.5381281008006056, ""81552"": -0.6907643955598397}",False
ettm1,standard,selected,BURST16,MAG_ONLY,PETSA_XY_OFFLINE,0.46714877100079855,0.46714877100079855,0.0,0.0,0.0,0.0,0.0,"{""81551"": 0.0, ""81552"": 0.0}",False
ettm1,standard,selected,BURST16,MAG_ONLY,B0,0.46714877100079855,0.46714877100079855,0.0,0.0,0.0,0.0,0.0,"{""81551"": 0.0, ""81552"": 0.0}",False
ettm1,standard,selected,BURST16,MAG_ONLY,PLAIN,0.46714877100079855,0.46774214830573524,0.1268599178171237,-0.13161618554101473,0.38059663427746737,-0.1700382659221547,0.4268672265409646,"{""81551"": 0.0, ""81552"": 0.2501331237312665}",False
ettm1,standard,selected,BURST4,MAG_ONLY,PETSA_XY_OFFLINE,0.41927443939120335,0.41927443939120335,0.0,0.0,0.0,0.0,0.0,"{""81551"": 0.0, ""81552"": 0.0}",False
ettm1,standard,selected,BURST4,MAG_ONLY,B0,0.41927443939120335,0.41927443939120335,0.0,0.0,0.0,0.0,0.0,"{""81551"": 0.0, ""81552"": 0.0}",False
ettm1,standard,selected,BURST4,MAG_ONLY,PLAIN,0.41927443939120335,0.4197282076478176,0.10811002175841189,-0.12407388845514677,0.3197835556402342,-0.15568605609850156,0.3508832892701193,"{""81551"": 0.0, ""81552"": 0.21427311506748703}",False
ettm1,standard,selected,BURST8,MAG_ONLY,PETSA_XY_OFFLINE,0.42219549652499977,0.42219549652499977,0.0,0.0,0.0,0.0,0.0,"{""81551"": 0.0, ""81552"": 0.0}",False
ettm1,standard,selected,BURST8,MAG_ONLY,B0,0.42219549652499977,0.42219549652499977,0.0,0.0,0.0,0.0,0.0,"{""81551"": 0.0, ""81552"": 0.0}",False
ettm1,standard,selected,BURST8,MAG_ONLY,PLAIN,0.42219549652499977,0.42311479526454787,0.2172693438841633,-0.013828444511974068,0.440663279365989,-0.045078669326193144,0.48115078100824527,"{""81551"": 0.0, ""81552"": 0.4292515167358735}",False
ettm1,standard,selected,FAULT,MAG_ONLY,PETSA_XY_OFFLINE,0.4231977068249665,0.4231977068249665,0.0,0.0,0.0,0.0,0.0,"{""81551"": 0.0, ""81552"": 0.0}",False
ettm1,standard,selected,FAULT,MAG_ONLY,B0,0.4231977068249665,0.4231977068249665,0.0,0.0,0.0,0.0,0.0,"{""81551"": 0.0, ""81552"": 0.0}",False
ettm1,standard,selected,FAULT,MAG_ONLY,PLAIN,0.4231977068249665,0.4236518196141283,0.1071900952946292,-0.11837804436297339,0.3149020857511691,-0.1405044140271658,0.3439888967797416,"{""81551"": 0.0, ""81552"": 0.21204861694028576}",False
ettm1,standard,selected,POINT16,MAG_ONLY,PETSA_XY_OFFLINE,0.4129650219574855,0.4129650219574855,0.0,0.0,0.0,0.0,0.0,"{""81551"": 0.0, ""81552"": 0.0}",False
ettm1,standard,selected,POINT16,MAG_ONLY,B0,0.4129650219574855,0.4129650219574855,0.0,0.0,0.0,0.0,0.0,"{""81551"": 0.0, ""81552"": 0.0}",False
ettm1,standard,selected,POINT16,MAG_ONLY,PLAIN,0.4129650219574855,0.41347846719984604,0.12417702083440396,-0.11485036211925481,0.34399150262093575,-0.14301229909182395,0.3944660999029248,"{""81551"": 0.0, ""81552"": 0.24558357273772868}",False
ettm1,standard,selected,POINT4,MAG_ONLY,PETSA_XY_OFFLINE,0.40761949250736845,0.40761949250736845,0.0,0.0,0.0,0.0,0.0,"{""81551"": 0.0, ""81552"": 0.0}",False
ettm1,standard,selected,POINT4,MAG_ONLY,B0,0.40761949250736845,0.40761949250736845,0.0,0.0,0.0,0.0,0.0,"{""81551"": 0.0, ""81552"": 0.0}",False
ettm1,standard,selected,POINT4,MAG_ONLY,PLAIN,0.40761949250736845,0.40779961807794407,0.044170117525998975,-0.15391997864925233,0.23515955200039743,-0.1768186961577839,0.2597467210942387,"{""81551"": 0.0, ""81552"": 0.08769767013204754}",False
ettm1,standard,selected,POINT8,MAG_ONLY,PETSA_XY_OFFLINE,0.40998301956794325,0.40998301956794325,0.0,0.0,0.0,0.0,0.0,"{""81551"": 0.0, ""81552"": 0.0}",False
ettm1,standard,selected,POINT8,MAG_ONLY,B0,0.40998301956794325,0.40998301956794325,0.0,0.0,0.0,0.0,0.0,"{""81551"": 0.0, ""81552"": 0.0}",False
ettm1,standard,selected,POINT8,MAG_ONLY,PLAIN,0.40998301956794325,0.41004768118887874,0.01576929315829645,-0.27548695922545274,0.25883087067114613,-0.3132212252829161,0.28970631459477353,"{""81551"": 0.0, ""81552"": 0.03119136483409335}",False
ettm1,standard,selected,REFERENCE,MAG_ONLY,PETSA_XY_OFFLINE,0.4073363333081826,0.4073363333081826,0.0,0.0,0.0,0.0,0.0,"{""81551"": 0.0, ""81552"": 0.0}",False
ettm1,standard,selected,REFERENCE,MAG_ONLY,B0,0.4073363333081826,0.4073363333081826,0.0,0.0,0.0,0.0,0.0,"{""81551"": 0.0, ""81552"": 0.0}",False
ettm1,standard,selected,REFERENCE,MAG_ONLY,PLAIN,0.4073363333081826,0.4075958509188835,0.06367032689755803,-0.1416181316807169,0.26825970908386254,-0.16724108033084273,0.3099964007107435,"{""81551"": 0.0, ""81552"": 0.1263965967243541}",False
ettm1,standard,selected,SHIFT4,MAG_ONLY,PETSA_XY_OFFLINE,0.5514045925316808,0.5514045925316808,0.0,0.0,0.0,0.0,0.0,"{""81551"": 0.0, ""81552"": 0.0}",False
ettm1,standard,selected,SHIFT4,MAG_ONLY,B0,0.5514045925316808,0.5514045925316808,0.0,0.0,0.0,0.0,0.0,"{""81551"": 0.0, ""81552"": 0.0}",False
ettm1,standard,selected,SHIFT4,MAG_ONLY,PLAIN,0.5514045925316808,0.5482099577989404,-0.5827392748513516,-1.100548791385677,-0.13011215264262144,-1.1635655262431734,-0.08108980002244005,"{""81551"": 0.0, ""81552"": -1.1606866725362375}",False
ettm1,standard,selected,SHIFT8,MAG_ONLY,PETSA_XY_OFFLINE,0.5453682716834297,0.5453682716834297,0.0,0.0,0.0,0.0,0.0,"{""81551"": 0.0, ""81552"": 0.0}",False
ettm1,standard,selected,SHIFT8,MAG_ONLY,B0,0.5453682716834297,0.5453682716834297,0.0,0.0,0.0,0.0,0.0,"{""81551"": 0.0, ""81552"": 0.0}",False
ettm1,standard,selected,SHIFT8,MAG_ONLY,PLAIN,0.5453682716834297,0.540238582762003,-0.9495228747270934,-1.420741965022389,-0.4670569577307443,-1.479912218824986,-0.397474287007756,"{""81551"": 0.0, ""81552"": -1.8943053317788339}",False
ettm1,standard,selected,SHIFT_POINT,MAG_ONLY,PETSA_XY_OFFLINE,0.5898071695855718,0.5898071695855718,0.0,0.0,0.0,0.0,0.0,"{""81551"": 0.0, ""81552"": 0.0}",False
ettm1,standard,selected,SHIFT_POINT,MAG_ONLY,B0,0.5898071695855718,0.5898071695855718,0.0,0.0,0.0,0.0,0.0,"{""81551"": 0.0, ""81552"": 0.0}",False
ettm1,standard,selected,SHIFT_POINT,MAG_ONLY,PLAIN,0.5898071695855718,0.5864041035320277,-0.5803278034800297,-0.9347874521138899,-0.1974726476229869,-0.9710327972348232,-0.13205568661861203,"{""81551"": 0.0, ""81552"": -1.1523611649420396}",False
neso_2026_jul_aug,shape,fixed1024,PAIRED_SHIFT8_D32,MAG_ONLY,PETSA_XY_OFFLINE,0.2792840618569601,0.2804981776077912,0.4328426520220696,-0.23485097769224583,1.198802005036026,-0.29164587132491454,1.2890874106107342,"{""81551"": 0.138881600165075, ""81552"": 0.7156584992264681}",False
neso_2026_jul_aug,shape,fixed1024,PAIRED_SHIFT8_D32,MAG_ONLY,B0,0.2792840618569601,0.2920582109943865,4.37383667246799,3.38533183021689,5.261859666956459,3.292034747033897,5.375167254675765,"{""81551"": 4.279081841831712, ""81552"": 4.465350144809232}",False
neso_2026_jul_aug,shape,fixed1024,PAIRED_SHIFT8_D32,MAG_ONLY,PLAIN,0.2792840618569601,0.2855801373514118,2.204661554141729,1.499336196349729,2.8911806159632403,1.4209122912849041,2.9803117619392543,"{""81551"": 1.9586417048346627, ""81552"": 2.441556233569031}",False
neso_2026_jul_aug,shape,fixed1024,PULSE8_D32,MAG_ONLY,PETSA_XY_OFFLINE,4.328284183661691,4.358227782203614,0.6870590533196719,0.5830430096069872,0.8177618170988055,0.5723879931428114,0.8373319285196245,"{""81551"": 0.3210833585693629, ""81552"": 1.050078312463909}",False
neso_2026_jul_aug,shape,fixed1024,PULSE8_D32,MAG_ONLY,B0,4.328284183661691,4.323013476212756,-0.1219220684353095,-0.19515294056250576,-0.054513898696928464,-0.20823155507740332,-0.04863650879821823,"{""81551"": 0.5889785053625918, ""81552"": -0.8425037625719112}",False
neso_2026_jul_aug,shape,fixed1024,PULSE8_D32,MAG_ONLY,PLAIN,4.328284183661691,4.303819686385037,-0.5684368551509555,-0.6112561408127698,-0.5205793734108788,-0.6164541233997941,-0.5135127527316113,"{""81551"": -0.6086136004486375, ""81552"": -0.5283231015757561}",False
neso_2026_jul_aug,shape,fixed1024,RAMP8_D32,MAG_ONLY,PETSA_XY_OFFLINE,0.7679223146450982,0.7647726443997345,-0.41184399944584893,-1.0761789563474804,0.3708429585685761,-1.1551569178969048,0.4868292649961228,"{""81551"": 0.8752859284125059, ""81552"": -2.3351303071033946}",False
neso_2026_jul_aug,shape,fixed1024,RAMP8_D32,MAG_ONLY,B0,0.7679223146450982,0.799194845778525,3.9130046069007163,3.2276590569714716,4.696369943442127,3.167483043690892,4.81105499527377,"{""81551"": -0.8516415952509071, ""81552"": 10.062868043736707}",False
neso_2026_jul_aug,shape,fixed1024,RAMP8_D32,MAG_ONLY,PLAIN,0.7679223146450982,0.7948594521509131,3.3889183091327935,2.953364403983342,3.82646526333712,2.9046999555300768,3.880710289064864,"{""81551"": 2.848421212212393, ""81552"": 4.160649611916822}",False
neso_2026_jul_aug,shape,fixed1024,STEP12_D17,MAG_ONLY,PETSA_XY_OFFLINE,0.4150586955961709,0.3936500917498946,-5.438485674195714,-6.3392478655531255,-4.883203961915647,-6.420566570710773,-4.847191660723916,"{""81551"": -3.802543729807062, ""81552"": -7.170280712503385}",False
neso_2026_jul_aug,shape,fixed1024,STEP12_D17,MAG_ONLY,B0,0.4150586955961709,0.4500703002916724,7.779141319214322,7.134173739188313,8.462879187596794,7.048879232459398,8.54547763619544,"{""81551"": -2.403422752194273, ""81552"": 16.31152834742149}",False
neso_2026_jul_aug,shape,fixed1024,STEP12_D17,MAG_ONLY,PLAIN,0.4150586955961709,0.4397769484801417,5.620634044007189,4.913902908843193,6.3940216573438375,4.821542099439312,6.487706652272632,"{""81551"": 4.996908117775234, ""81552"": 6.251710013471923}",False
neso_2026_jul_aug,shape,fixed1024,STEP12_D63,MAG_ONLY,PETSA_XY_OFFLINE,0.2923355184202958,0.30243047429200387,3.3379426776817267,1.6120889040900441,5.035678193934783,1.4389490353770573,5.214287038053433,"{""81551"": 1.76780893464894, ""81552"": 4.868342664723335}",False
neso_2026_jul_aug,shape,fixed1024,STEP12_D63,MAG_ONLY,B0,0.2923355184202958,0.29585450793344964,1.1894324469598372,0.36027716896585016,2.0742148964725593,0.23737546966621795,2.180778693387486,"{""81551"": 1.7457440878376862, ""81552"": 0.6231290465231298}",False
neso_2026_jul_aug,shape,fixed1024,STEP12_D63,MAG_ONLY,PLAIN,0.2923355184202958,0.2900418384914196,-0.7908100227216108,-2.1921883568472365,0.4766988473374275,-2.4343872078816493,0.5578950326596543,"{""81551"": 0.6335548415403847, ""81552"": -2.266213317191168}",False
neso_2026_jul_aug,shape,fixed1024,STEP6_D17,MAG_ONLY,PETSA_XY_OFFLINE,0.30176402618516535,0.3000153853783213,-0.5828503777028038,-1.3572394179681384,0.11582794242046915,-1.4607808616197864,0.18344503533200068,"{""81551"": 0.34578046024232867, ""81552"": -1.5452153447671257}",False
neso_2026_jul_aug,shape,fixed1024,STEP6_D17,MAG_ONLY,B0,0.30176402618516535,0.3144998211943795,4.049539666142676,3.657911543334119,4.454707083994635,3.607761422737084,4.525537442785854,"{""81551"": 0.8882104940966085, ""81552"": 7.064347832267348}",False
neso_2026_jul_aug,shape,fixed1024,STEP6_D17,MAG_ONLY,PLAIN,0.30176402618516535,0.31184481283745263,3.2326292557387615,2.5261227595911846,3.9509270054846874,2.4522156732065645,4.095701281486239,"{""81551"": 3.694977478544892, ""81552"": 2.7578324187242598}",False
neso_2026_jul_aug,shape,fixed1024,STEP6_D63,MAG_ONLY,PETSA_XY_OFFLINE,0.27251527355092303,0.2775686310217704,1.8205794553387444,0.5701819900386285,2.9328682434932656,0.36904047803891743,3.027978257470739,"{""81551"": 1.858675119397557, ""81552"": 1.782875664607797}",False
neso_2026_jul_aug,shape,fixed1024,STEP6_D63,MAG_ONLY,B0,0.27251527355092303,0.2772676166949038,1.7139914140099854,0.9086171333303916,2.5985064234058437,0.8047579967184636,2.7143903315763476,"{""81551"": 3.242285153642932, ""81552"": 0.1543507621034501}",False
neso_2026_jul_aug,shape,fixed1024,STEP6_D63,MAG_ONLY,PLAIN,0.27251527355092303,0.2719351863256329,-0.21331819288568088,-0.8333125260694058,0.36424660454000474,-0.9338817260148105,0.41329283846894826,"{""81551"": 0.360398386261529, ""81552"": -0.7872299171006958}",False
neso_2026_jul_aug,shape,fixed1024,STEP8_D31,MAG_ONLY,PETSA_XY_OFFLINE,0.2721286898856393,0.27298402012790485,0.31332612138423865,-0.4690482414919406,1.0255055953448982,-0.5764564249454076,1.1235423927494776,"{""81551"": 0.5327359095488426, ""81552"": 0.10098280953003691}",False
neso_2026_jul_aug,shape,fixed1024,STEP8_D31,MAG_ONLY,B0,0.2721286898856393,0.2834203864793195,3.984080585714711,3.032557780718643,4.85269413856335,2.8804961252375096,4.936688120399879,"{""81551"": 4.158857654834048, ""81552"": 3.815059418211819}",False
neso_2026_jul_aug,shape,fixed1024,STEP8_D31,MAG_ONLY,PLAIN,0.2721286898856393,0.277532449034942,1.9470729163717837,1.146030684290877,2.754645584707853,1.0314771303172825,2.8299493085776204,"{""81551"": 1.6816679588489203, ""81552"": 2.2014678223589934}",False
neso_2026_jul_aug,shape,fixed1024,STEP8_D33,MAG_ONLY,PETSA_XY_OFFLINE,0.286315495789739,0.28631370858232397,-0.0006242130088374154,-0.5732008587451781,0.5617120968127967,-0.6545284725704548,0.6402641693217026,"{""81551"": -0.03682334255064035, ""81552"": 0.03477946007262034}",False
neso_2026_jul_aug,shape,fixed1024,STEP8_D33,MAG_ONLY,B0,0.286315495789739,0.29995479479920045,4.5471181811219346,3.435686089654465,5.52738239476383,3.313847809266927,5.634098960421377,"{""81551"": 3.983221419143912, ""81552"": 5.092641742835536}",False
neso_2026_jul_aug,shape,fixed1024,STEP8_D33,MAG_ONLY,PLAIN,0.286315495789739,0.2938616408819652,2.567924506777397,1.683714963539077,3.3741557899730448,1.5682902864317374,3.452236907423889,"{""81551"": 2.100302138968768, ""81552"": 3.02129314255416}",False
neso_2026_jul_aug,shape,selected,PAIRED_SHIFT8_D32,MAG_ONLY,PETSA_XY_OFFLINE,0.2779508408006475,0.2802988404909992,0.8376772755244621,0.1323037570001387,1.707312309607567,-0.07242760390745673,1.7925295415103173,"{""81551"": 0.971319750974875, ""81552"": 0.708230940490262}",False
neso_2026_jul_aug,shape,selected,PAIRED_SHIFT8_D32,MAG_ONLY,B0,0.2779508408006475,0.2920582109943865,4.830328223167168,3.7370701269221764,5.68283274634305,3.5316855464205124,5.7454726358087695,"{""81551"": 4.818142259250324, ""81552"": 4.8420973315531635}",False
neso_2026_jul_aug,shape,selected,PAIRED_SHIFT8_D32,MAG_ONLY,PLAIN,0.2779508408006475,0.28322379553382654,1.8617626118739183,1.360248561693641,2.3758932434793323,1.287504573676537,2.4286145664175436,"{""81551"": 0.8429511336239259, ""81552"": 2.826284384955269}",False
neso_2026_jul_aug,shape,selected,PULSE8_D32,MAG_ONLY,PETSA_XY_OFFLINE,4.348080891077203,4.374487090461415,0.6036410403814196,0.5416346345016207,0.6735560667810137,0.535762992872611,0.6820801997694173,"{""81551"": 0.2503675165706709, ""81552"": 0.9543943106815167}",False
neso_2026_jul_aug,shape,selected,PULSE8_D32,MAG_ONLY,B0,4.348080891077203,4.323013476212756,-0.579859743726896,-0.6347232924866392,-0.5361857000675313,-0.6403160504410979,-0.5308713757212621,"{""81551"": 0.09961941268350483, ""81552"": -1.2685921202404637}",False
neso_2026_jul_aug,shape,selected,PULSE8_D32,MAG_ONLY,PLAIN,4.348080891077203,4.324338284481458,-0.549046005048881,-0.5693549708112311,-0.5251879650584712,-0.5715328525556856,-0.5228769527586887,"{""81551"": -0.14819868778954692, ""81552"": -0.9530839562881255}",False
neso_2026_jul_aug,shape,selected,RAMP8_D32,MAG_ONLY,PETSA_XY_OFFLINE,0.7652768015063687,0.7603858848801582,-0.6432150732231579,-1.0079515002314243,-0.23516627650983501,-1.0510928323623547,-0.1633637100747594,"{""81551"": 0.3669390768008096, ""81552"": -2.1161087086744246}",False
neso_2026_jul_aug,shape,selected,RAMP8_D32,MAG_ONLY,B0,0.7652768015063687,0.799194845778525,4.2440269042420375,3.6900060596495887,4.809104612007988,3.604091570614687,4.862786113797101,"{""81551"": 0.20474096949455456, ""81552"": 9.457647355181653}",False
neso_2026_jul_aug,shape,selected,RAMP8_D32,MAG_ONLY,PLAIN,0.7652768015063687,0.783033131565951,2.267634579404354,1.9480856450626474,2.5522276014517176,1.9069631588228386,2.5904105036777256,"{""81551"": 1.3708319223877719, ""81552"": 3.5157106821236073}",False
neso_2026_jul_aug,shape,selected,STEP12_D17,MAG_ONLY,PETSA_XY_OFFLINE,0.4074822068766519,0.3945541720915688,-3.276618446726931,-3.7600688477319983,-2.905114639352635,-3.8267691367223398,-2.8701462595654847,"{""81551"": -1.280642658582476, ""81552"": -5.345305598951833}",False
neso_2026_jul_aug,shape,selected,STEP12_D17,MAG_ONLY,B0,0.4074822068766519,0.4500703002916724,9.462542493344017,8.686093126384517,10.209101589937813,8.58820889270536,10.296151016671558,"{""81551"": 0.8845943880416929, ""81552"": 16.650356154917368}",False
neso_2026_jul_aug,shape,selected,STEP12_D17,MAG_ONLY,PLAIN,0.4074822068766519,0.42715802314800055,4.6062148444140245,4.071006180698888,5.103716557588644,4.001355492716381,5.1787318969902385,"{""81551"": 2.4836481750025285, ""81552"": 6.631266802183388}",False
neso_2026_jul_aug,shape,selected,STEP12_D63,MAG_ONLY,PETSA_XY_OFFLINE,0.2983227022764039,0.3178565568616255,6.145493671135882,4.694976761696464,7.543937638411514,4.446595167599629,7.671767608650378,"{""81551"": 2.269196336981527, ""81552"": 9.738725216362443}",False
neso_2026_jul_aug,shape,selected,STEP12_D63,MAG_ONLY,B0,0.2983227022764039,0.29585450793344964,-0.8342595014673382,-1.8279772671949068,0.23585873484731085,-1.9404295937893512,0.37884244454522104,"{""81551"": -0.12859774995934714, ""81552"": -1.552595448575178}",False
neso_2026_jul_aug,shape,selected,STEP12_D63,MAG_ONLY,PLAIN,0.2983227022764039,0.2946367808307519,-1.251005198760069,-2.5707266489609304,-0.06574553888267165,-2.7989893748550596,0.06487298957452271,"{""81551"": 1.7957482228758925, ""81552"": -4.505196122750887}",False
neso_2026_jul_aug,shape,selected,STEP6_D17,MAG_ONLY,PETSA_XY_OFFLINE,0.3025089094116777,0.3003626473999321,-0.7145568965796878,-1.2278927274899987,-0.22001370004371967,-1.2936437729085302,-0.16591054759609314,"{""81551"": -0.3139374743476253, ""81552"": -1.1261737266177407}",False
neso_2026_jul_aug,shape,selected,STEP6_D17,MAG_ONLY,B0,0.3025089094116777,0.3144998211943795,3.81269271860436,3.2554945195709855,4.35441652560509,3.1824645812718044,4.42280424265884,"{""81551"": 0.5385435663296079, ""81552"": 6.935091894454615}",False
neso_2026_jul_aug,shape,selected,STEP6_D17,MAG_ONLY,PLAIN,0.3025089094116777,0.3090520637335507,2.117168946496406,1.6569020050877983,2.5085762346045706,1.6129060496311172,2.5544559582169772,"{""81551"": 1.616146176322908, ""81552"": 2.6225869314167927}",False
neso_2026_jul_aug,shape,selected,STEP6_D63,MAG_ONLY,PETSA_XY_OFFLINE,0.27582125761957754,0.2831742370708777,2.596627266434448,1.3492404676621226,3.754763680974229,1.148849223010627,3.8386364279378213,"{""81551"": 1.881603185614944, ""81552"": 3.2931866307544633}",False
neso_2026_jul_aug,shape,selected,STEP6_D63,MAG_ONLY,B0,0.27582125761957754,0.2772676166949038,0.5216473140885358,-0.0614177086793316,1.2552173595362421,-0.13219582576450895,1.3760757905623588,"{""81551"": 2.09606896770157, ""81552"": -1.085067383837579}",False
neso_2026_jul_aug,shape,selected,STEP6_D63,MAG_ONLY,PLAIN,0.27582125761957754,0.27414650907595045,-0.6108954475736672,-1.384740676089165,0.06940373200265351,-1.5064545030210488,0.0946378087983757,"{""81551"": 0.793227745470737, ""81552"": -2.038336225606452}",False
neso_2026_jul_aug,shape,selected,STEP8_D31,MAG_ONLY,PETSA_XY_OFFLINE,0.27193612444887644,0.273858454672967,0.7019429896316876,0.053687487739218775,1.3936998142186312,-0.031096322933495953,1.4977761805378687,"{""81551"": 1.125609533976779, ""81552"": 0.2887922378621677}",False
neso_2026_jul_aug,shape,selected,STEP8_D31,MAG_ONLY,B0,0.27193612444887644,0.2834203864793195,4.052023982149578,3.0985206893167967,4.887571391400792,2.9064515298252935,4.965674883317238,"{""81551"": 4.0556658141984165, ""81552"": 4.048502085897166}",False
neso_2026_jul_aug,shape,selected,STEP8_D31,MAG_ONLY,PLAIN,0.27193612444887644,0.2763426541799295,1.5945890597779067,1.0356610636220989,2.198408622835018,0.9582430553214838,2.2814483878746086,"{""81551"": 0.7060298826850553, ""81552"": 2.438826707327535}",False
neso_2026_jul_aug,shape,selected,STEP8_D33,MAG_ONLY,PETSA_XY_OFFLINE,0.2848188235282007,0.2851706692780479,0.12338076378540785,-0.3163116714363434,0.5918193695971644,-0.38033034230703505,0.662414131725664,"{""81551"": 0.4346982616543982, ""81552"": -0.18381590199778586}",False
neso_2026_jul_aug,shape,selected,STEP8_D33,MAG_ONLY,B0,0.2848188235282007,0.29995479479920045,5.046084121153072,3.7391858193730996,6.042304667297488,3.4432534844607523,6.130627248280018,"{""81551"": 4.389296515685704, ""81552"": 5.681471904844415}",False
neso_2026_jul_aug,shape,selected,STEP8_D33,MAG_ONLY,PLAIN,0.2848188235282007,0.2913654697393801,2.246884717339781,1.5302438711567223,2.8589842978864954,1.4028045985265756,2.9268449870783044,"{""81551"": 0.8026090694346011, ""81552"": 3.6229744949689002}",False
neso_2026_jul_aug,standard,fixed1024,BURST16,MAG_ONLY,PETSA_XY_OFFLINE,0.2099702371093794,0.20637593249547906,-1.7416297387192081,-3.4947277653101634,-0.11253956785545775,-3.7306611865594563,0.026951653743735135,"{""81551"": -1.8780418169380475, ""81552"": -1.5986959959906066}",False
neso_2026_jul_aug,standard,fixed1024,BURST16,MAG_ONLY,B0,0.2099702371093794,0.2073147106636417,-1.280915588303877,-2.6652462119711062,-0.15504134011767415,-2.9747273735394852,-0.02416095237999658,"{""81551"": -1.0158487545077532, ""81552"": -1.5609213066297922}",False
neso_2026_jul_aug,standard,fixed1024,BURST16,MAG_ONLY,PLAIN,0.2099702371093794,0.20722774604196478,-1.3234188566907612,-2.2444216449575856,-0.5457268177702741,-2.3973816999573696,-0.45996473398187476,"{""81551"": -1.3350866549940887, ""81552"": -1.3111625177071318}",False
neso_2026_jul_aug,standard,fixed1024,BURST4,MAG_ONLY,PETSA_XY_OFFLINE,0.20313482279636066,0.19925077734214175,-1.9493251198460682,-3.026650756110662,-1.0872682832283376,-3.2480796730957997,-1.0072444703730359,"{""81551"": -3.0621149995811114, ""81552"": -0.7877468451353398}",False
neso_2026_jul_aug,standard,fixed1024,BURST4,MAG_ONLY,B0,0.20313482279636066,0.20124774582829283,-0.9376884994666712,-1.6996055619021178,-0.1415480519098389,-1.80086673290518,-0.01506029906344535,"{""81551"": -1.7495787055358258, ""81552"": -0.08525324485035846}",False
neso_2026_jul_aug,standard,fixed1024,BURST4,MAG_ONLY,PLAIN,0.20313482279636066,0.20159439141402535,-0.7641241264354726,-1.3709325990233279,-0.09614769177419547,-1.4710188007321698,0.012443483217949858,"{""81551"": -1.2059572490221715, ""81552"": -0.29674891295821126}",False
neso_2026_jul_aug,standard,fixed1024,BURST8,MAG_ONLY,PETSA_XY_OFFLINE,0.24173171158792403,0.2373142058918263,-1.8614586006331812,-2.451367488188697,-1.1270383151814167,-2.497695088971306,-1.0479821007583023,"{""81551"": -2.7929278302258886, ""81552"": -0.9010079759884659}",False
neso_2026_jul_aug,standard,fixed1024,BURST8,MAG_ONLY,B0,0.24173171158792403,0.23961993607764295,-0.88130209232542,-1.766644630410985,0.17971473952578707,-1.853243863979105,0.31864566915525766,"{""81551"": -1.305909803722316, ""81552"": -0.439090493778993}",False
neso_2026_jul_aug,standard,fixed1024,BURST8,MAG_ONLY,PLAIN,0.24173171158792403,0.2396344874851532,-0.8751762422763765,-1.4139175172453604,-0.2745187446935656,-1.4976551598391832,-0.18238297405403187,"{""81551"": -1.3587299189205648, ""81552"": -0.372172615459343}",False
neso_2026_jul_aug,standard,fixed1024,FAULT,MAG_ONLY,PETSA_XY_OFFLINE,0.2065673222962666,0.20308041840890295,-1.717006452263048,-2.6257938698125205,-0.9409509260846066,-2.8008999044958895,-0.838261864101394,"{""81551"": -2.4785040769791156, ""81552"": -0.9209150493130869}",False
neso_2026_jul_aug,standard,fixed1024,FAULT,MAG_ONLY,B0,0.2065673222962666,0.2049388776435396,-0.7946001614976161,-1.562014273376633,-0.06918456563546847,-1.7508788176435022,0.02789357518025698,"{""81551"": -1.1772078881223225, ""81552"": -0.3915915153483107}",False
neso_2026_jul_aug,standard,fixed1024,FAULT,MAG_ONLY,PLAIN,0.2065673222962666,0.20497211327188852,-0.7782566120407175,-1.3693117671096322,-0.2406731544754946,-1.4688467549624187,-0.16635751197064338,"{""81551"": -1.1445352842726964, ""81552"": -0.39232026827886735}",False
neso_2026_jul_aug,standard,fixed1024,POINT16,MAG_ONLY,PETSA_XY_OFFLINE,0.19562351648353485,0.19210861124212084,-1.829644813258291,-2.8761446415130587,-0.7429290978468053,-3.0009674752294395,-0.6014288231092886,"{""81551"": -2.171052967198195, ""81552"": -1.467475645043037}",False
neso_2026_jul_aug,standard,fixed1024,POINT16,MAG_ONLY,B0,0.19562351648353485,0.1939719379721405,-0.8514522918421141,-1.4745350862071849,-0.21537080232336508,-1.5413823819126817,-0.07280908731901282,"{""81551"": -1.120556262279604, ""81552"": -0.5655822615637351}",False
neso_2026_jul_aug,standard,fixed1024,POINT16,MAG_ONLY,PLAIN,0.19562351648353485,0.1944105227756442,-0.6239341834857859,-1.2957818716524176,-0.049822973009891525,-1.3935074555567832,0.027155223482242453,"{""81551"": -0.9793498975463777, ""81552"": -0.24704451513148928}",False
neso_2026_jul_aug,standard,fixed1024,POINT4,MAG_ONLY,PETSA_XY_OFFLINE,0.19471087651000232,0.19212912061590776,-1.3437608446956073,-2.383999876748138,-0.5073912182410159,-2.5885093566649906,-0.46656625411650415,"{""81551"": -2.497647800944569, ""81552"": -0.14687870397340763}",False
neso_2026_jul_aug,standard,fixed1024,POINT4,MAG_ONLY,B0,0.19471087651000232,0.1939538905435762,-0.3902917153683294,-1.138461688844119,0.4096452141248097,-1.2499970577241857,0.5108307880170249,"{""81551"": -0.9223783492710913, ""81552"": 0.1684707185095835}",False
neso_2026_jul_aug,standard,fixed1024,POINT4,MAG_ONLY,PLAIN,0.19471087651000232,0.19378064915712678,-0.48004140605457657,-1.111788451957159,0.1307137055512881,-1.1955761633231665,0.22591860616926548,"{""81551"": -0.9571453585374368, ""81552"": 0.02154640116498463}",False
neso_2026_jul_aug,standard,fixed1024,POINT8,MAG_ONLY,PETSA_XY_OFFLINE,0.1942327692903981,0.19130386286594203,-1.5310231485019754,-2.728269578381864,-0.5828692124221189,-2.8568336201446627,-0.4543992203507924,"{""81551"": -2.424221674497229, ""81552"": -0.5883840438018151}",False
neso_2026_jul_aug,standard,fixed1024,POINT8,MAG_ONLY,B0,0.1942327692903981,0.19352504477594337,-0.36570177016319594,-1.2830154214009937,0.5366366395503347,-1.3945449914070387,0.6487534930800739,"{""81551"": -0.9107278863299539, ""81552"": 0.21346576378497018}",False
neso_2026_jul_aug,standard,fixed1024,POINT8,MAG_ONLY,PLAIN,0.1942327692903981,0.19318488275741694,-0.5424267768907143,-1.1969102759482175,0.0697278081881278,-1.3107808617483911,0.14270599805326567,"{""81551"": -0.9676421212952313, ""81552"": -0.08945895546605964}",False
neso_2026_jul_aug,standard,fixed1024,REFERENCE,MAG_ONLY,PETSA_XY_OFFLINE,0.19198487526422403,0.18915467672581895,-1.4962350322997642,-2.61201411851016,-0.6396071164948891,-2.7891612488285684,-0.5978762745501326,"{""81551"": -2.5345995767404927, ""81552"": -0.4089112006972595}",False
neso_2026_jul_aug,standard,fixed1024,REFERENCE,MAG_ONLY,B0,0.19198487526422403,0.19111915307209615,-0.4529751090940115,-1.4147828643677778,0.5789026857034751,-1.5306324190976743,0.715707103995024,"{""81551"": -1.0759234471238166, ""81552"": 0.2047153974988225}",False
neso_2026_jul_aug,standard,fixed1024,REFERENCE,MAG_ONLY,PLAIN,0.19198487526422403,0.19098642110727063,-0.5227880344396807,-1.1979631854275175,0.21079736986483003,-1.298547219172397,0.2895439030599269,"{""81551"": -1.0162869202821057, ""81552"": -0.00038739927104014527}",False
neso_2026_jul_aug,standard,fixed1024,SHIFT4,MAG_ONLY,PETSA_XY_OFFLINE,0.26301378506335427,0.26250253571230164,-0.19475977619238805,-1.3779264255304646,0.8155179679277984,-1.548801915204395,0.9499230704579666,"{""81551"": 0.887094446757275, ""81552"": -1.2580309091439368}",False
neso_2026_jul_aug,standard,fixed1024,SHIFT4,MAG_ONLY,B0,0.26301378506335427,0.2663935119510031,1.2686971476506659,0.8683260662921022,1.6550099521437025,0.8276465644689318,1.7160037501051724,"{""81551"": 2.026987858113405, ""81552"": 0.528059345126608}",False
neso_2026_jul_aug,standard,fixed1024,SHIFT4,MAG_ONLY,PLAIN,0.26301378506335427,0.26581627109155304,1.0542943878832478,0.06436618760792268,1.8374158499219257,-0.0573818593010894,1.944587425501566,"{""81551"": 2.5520873723677617, ""81552"": -0.4306893709248305}",False
neso_2026_jul_aug,standard,fixed1024,SHIFT8,MAG_ONLY,PETSA_XY_OFFLINE,0.27957317665834774,0.2803989421138731,0.29449663729117503,-0.6787619404026768,1.3152251974012763,-0.7965443877307282,1.5305698982983127,"{""81551"": 0.10700448606971724, ""81552"": 0.47518510374630063}",False
neso_2026_jul_aug,standard,fixed1024,SHIFT8,MAG_ONLY,B0,0.27957317665834774,0.29142187255471586,4.06582244239182,3.2031283300751996,5.024747044191191,3.066713786333528,5.147849783872704,"{""81551"": 3.6965212521086754, ""81552"": 4.420354202552379}",False
neso_2026_jul_aug,standard,fixed1024,SHIFT8,MAG_ONLY,PLAIN,0.27957317665834774,0.28690908192907155,2.5568745406732596,1.5492119805272861,3.5230582141007303,1.4309634352340503,3.678046214391754,"{""81551"": 2.695219657328729, ""81552"": 2.422681642079527}",False
neso_2026_jul_aug,standard,fixed1024,SHIFT_POINT,MAG_ONLY,PETSA_XY_OFFLINE,0.25430009436212464,0.25727435854076275,1.156067085545509,-0.8656934098079282,2.899559039022192,-1.1088200090909603,3.0974867282064027,"{""81551"": 2.336098273368903, ""81552"": -0.016328038977553305}",False
neso_2026_jul_aug,standard,fixed1024,SHIFT_POINT,MAG_ONLY,B0,0.25430009436212464,0.25906825314360177,1.8405029267843709,0.7517020589791679,3.09025456001752,0.6430740766592694,3.2172895346547623,"{""81551"": 3.1221622094754653, ""81552"": 0.5642570389981727}",False
neso_2026_jul_aug,standard,fixed1024,SHIFT_POINT,MAG_ONLY,PLAIN,0.25430009436212464,0.2583069017438947,1.551180922661799,0.35924911971791346,2.875747250984758,0.20362024028015735,3.029068791816865,"{""81551"": 3.2521954916449602, ""81552"": -0.15723225355728232}",False
neso_2026_jul_aug,standard,selected,BURST16,MAG_ONLY,PETSA_XY_OFFLINE,0.20844202532612552,0.20668143687728915,-0.8518367568160823,-1.9261181675690775,0.032009230805153055,-2.072685913375411,0.14708283001566758,"{""81551"": -1.1805338090907336, ""81552"": -0.5071765445643139}",False
neso_2026_jul_aug,standard,selected,BURST16,MAG_ONLY,B0,0.20844202532612552,0.2073147106636417,-0.5437697396750707,-1.5124729265406633,0.003002498837583735,-1.7284030163233697,0.033300814467155194,"{""81551"": -0.5081622680094933, ""81552"": -0.5813840105315826}",False
neso_2026_jul_aug,standard,selected,BURST16,MAG_ONLY,PLAIN,0.20844202532612552,0.20707499353060344,-0.6601626648463643,-1.3308924680646455,-0.02611961078183513,-1.4487082857572366,0.03767564546530093,"{""81551"": -0.9710781278481351, ""81552"": -0.3340341013791104}",False
neso_2026_jul_aug,standard,selected,BURST4,MAG_ONLY,PETSA_XY_OFFLINE,0.20248728930182025,0.20041106058427444,-1.0359850955794725,-1.9690452817626491,-0.10606292305414854,-2.1023239327003886,0.039556607399549026,"{""81551"": -2.0071551710191926, ""81552"": -0.021067670524077542}",False
neso_2026_jul_aug,standard,selected,BURST4,MAG_ONLY,B0,0.20248728930182025,0.20124774582829283,-0.6159291218024388,-1.3369669715472847,0.1007650901647783,-1.4136296129628978,0.22510965308400419,"{""81551"": -1.351570506638189, ""81552"": 0.15644951572896248}",False
neso_2026_jul_aug,standard,selected,BURST4,MAG_ONLY,PLAIN,0.20248728930182025,0.20159988655729483,-0.44018018049489793,-0.9639141134304885,0.13810661331784546,-0.9966433029914629,0.21960289365545727,"{""81551"": -0.8047301163069953, ""81552"": -0.054535396946153725}",False
neso_2026_jul_aug,standard,selected,BURST8,MAG_ONLY,PETSA_XY_OFFLINE,0.2407771384315216,0.23877744727476924,-0.8374706990025071,-1.2562839377226576,-0.3139347639933915,-1.30555522371785,-0.2339050422997812,"{""81551"": -1.7373731217452892, ""81552"": 0.09112276426304078}",False
neso_2026_jul_aug,standard,selected,BURST8,MAG_ONLY,B0,0.2407771384315216,0.23961993607764295,-0.4829324190720463,-1.0923317248505404,0.26695203665104333,-1.1993987459420905,0.35385291009983766,"{""81551"": -0.9208639255267714, ""81552"": -0.02684463186233277}",False
neso_2026_jul_aug,standard,selected,BURST8,MAG_ONLY,PLAIN,0.2407771384315216,0.23956848131742162,-0.5045142447175799,-0.9422990320344715,-0.09031881117979107,-1.0239863247292018,-0.03598348382345205,"{""81551"": -1.0280626387362934, ""81552"": 0.03979858627979338}",False
neso_2026_jul_aug,standard,selected,FAULT,MAG_ONLY,PETSA_XY_OFFLINE,0.20576060056396295,0.20402976876964787,-0.8483231661499335,-1.5866670951212336,-0.17783515508223183,-1.6792633491153897,-0.10117439866722334,"{""81551"": -1.51800446225554, ""81552"": -0.14768691716957605}",False
neso_2026_jul_aug,standard,selected,FAULT,MAG_ONLY,B0,0.20576060056396295,0.2049388776435396,-0.4009599983525902,-1.0557252137531874,0.20104853844132684,-1.1267360781930027,0.28964278448738684,"{""81551"": -0.7348636379446161, ""81552"": -0.049252376231478934}",False
neso_2026_jul_aug,standard,selected,FAULT,MAG_ONLY,PLAIN,0.20576060056396295,0.20485228680178597,-0.4433993763788724,-0.8452569180040687,0.007668025200400436,-0.8864324528067421,0.05493372038388861,"{""81551"": -0.8172071442436035, ""81552"": -0.049978644086867696}",False
neso_2026_jul_aug,standard,selected,POINT16,MAG_ONLY,PETSA_XY_OFFLINE,0.19467833043890265,0.1929820307219576,-0.8789936091972317,-1.762196183933259,-0.05294515660747458,-1.8264778116133538,0.03159430357007669,"{""81551"": -1.17178573327974, ""81552"": -0.5688465465754078}",False
neso_2026_jul_aug,standard,selected,POINT16,MAG_ONLY,B0,0.19467833043890265,0.1939719379721405,-0.3641725056454437,-0.883761603423161,0.26353603949773596,-0.9363971339117141,0.34665021778471744,"{""81551"": -0.5160826130402363, ""81552"": -0.2027979003954572}",False
neso_2026_jul_aug,standard,selected,POINT16,MAG_ONLY,PLAIN,0.19467833043890265,0.1940924588378578,-0.30185181049937615,-0.7074575078891848,0.11425540280276536,-0.7823822616646167,0.1750708984933357,"{""81551"": -0.6958191821951898, ""81552"": 0.11459074004794845}",False
neso_2026_jul_aug,standard,selected,POINT4,MAG_ONLY,PETSA_XY_OFFLINE,0.1943268406880591,0.1929858528414833,-0.6948632901486729,-1.6201226330124996,0.18422346455483993,-1.7546372619322594,0.32838543263883746,"{""81551"": -1.5271157623435228, ""81552"": 0.17040277831884554}",False
neso_2026_jul_aug,standard,selected,POINT4,MAG_ONLY,B0,0.1943268406880591,0.1939538905435762,-0.19228804508002462,-0.8527108691655355,0.515989242033885,-0.942726590957555,0.6411691168330382,"{""81551"": -0.5267489639009915, ""81552"": 0.15894084346891324}",False
neso_2026_jul_aug,standard,selected,POINT4,MAG_ONLY,PLAIN,0.1943268406880591,0.1936658120731415,-0.34132437100873325,-0.8099383120970238,0.1756994182888489,-0.861985238825006,0.2563788248049903,"{""81551"": -0.6777934638882321, ""81552"": 0.012002500791885584}",False
neso_2026_jul_aug,standard,selected,POINT8,MAG_ONLY,PETSA_XY_OFFLINE,0.19385197919734823,0.19234078431811386,-0.7856861375458379,-1.7894587342303858,0.1243887741085297,-1.9208237631571632,0.2396050902669773,"{""81551"": -1.441872289988333, ""81552"": -0.09242166288976339}",False
neso_2026_jul_aug,standard,selected,POINT8,MAG_ONLY,B0,0.19385197919734823,0.19352504477594337,-0.16893649180309556,-0.9197892640023825,0.6074568636667665,-0.9927410879675042,0.7350778718678281,"{""81551"": -0.5380199737797131, ""81552"": 0.22326704438849765}",False
neso_2026_jul_aug,standard,selected,POINT8,MAG_ONLY,PLAIN,0.19385197919734823,0.19311208849439662,-0.38314054222092775,-0.8128237398042659,0.04935921423788688,-0.8584499483835772,0.11270780811557214,"{""81551"": -0.6682658168163158, ""81552"": -0.07962792084614811}",False
neso_2026_jul_aug,standard,selected,REFERENCE,MAG_ONLY,PETSA_XY_OFFLINE,0.19158259765957378,0.1901032392140105,-0.7781868692399607,-1.724661174951314,0.13001161920291296,-1.852678740222412,0.24872764597805716,"{""81551"": -1.5998008367845262, ""81552"": 0.08293635307021763}",False
neso_2026_jul_aug,standard,selected,REFERENCE,MAG_ONLY,B0,0.19158259765957378,0.19111915307209615,-0.24248987086228357,-1.0360232899164101,0.6300197618455229,-1.1414171334246404,0.7438727642961828,"{""81551"": -0.700648461887976, ""81552"": 0.24122047466098584}",False
neso_2026_jul_aug,standard,selected,REFERENCE,MAG_ONLY,PLAIN,0.19158259765957378,0.19100811894329692,-0.3007614123708535,-0.7738542476652244,0.20663088588746237,-0.8229713976722982,0.28938129296686144,"{""81551"": -0.6190032749032515, ""81552"": 0.0361927044162047}",False
neso_2026_jul_aug,standard,selected,SHIFT4,MAG_ONLY,PETSA_XY_OFFLINE,0.2639513566008448,0.26234326657061086,-0.6129717187923767,-1.6578140712420597,0.4552881447812619,-1.8276155255439797,0.5707115765944272,"{""81551"": 0.6559872417699952, ""81552"": -1.8607774040412473}",False
neso_2026_jul_aug,standard,selected,SHIFT4,MAG_ONLY,B0,0.2639513566008448,0.2663935119510031,0.916747308248056,0.32362902221605594,1.453983580740215,0.22991878865472423,1.5343189307678085,"{""81551"": 1.8325797434583069, ""81552"": 0.022235331594100405}",False
neso_2026_jul_aug,standard,selected,SHIFT4,MAG_ONLY,PLAIN,0.2639513566008448,0.2645416390779052,0.22313405145515386,-0.5566268730781848,0.9945683477020042,-0.6627761749086775,1.1122424301646845,"{""81551"": 1.4091248860718775, ""81552"": -0.9413887103063123}",False
neso_2026_jul_aug,standard,selected,SHIFT8,MAG_ONLY,PETSA_XY_OFFLINE,0.27793989105840433,0.27958639715614997,0.5889077989820968,-0.3961182990728074,1.5479365824518176,-0.583205602045124,1.66934701039132,"{""81551"": 0.754297333359244, ""81552"": 0.42870239146978184}",True
neso_2026_jul_aug,standard,selected,SHIFT8,MAG_ONLY,B0,0.27793989105840433,0.29142187255471586,4.626276462409395,3.349414456093851,5.6777316075010065,3.14077284943414,5.771999100429226,"{""81551"": 4.349261380521341, ""81552"": 4.892212904416304}",False
neso_2026_jul_aug,standard,selected,SHIFT8,MAG_ONLY,PLAIN,0.27793989105840433,0.28344282889968764,1.941463067753546,1.1549080752813623,2.9208000150711633,1.074724523878067,3.0687346953280388,"{""81551"": 0.92375724262026, ""81552"": 2.904402476966328}",False
neso_2026_jul_aug,standard,selected,SHIFT_POINT,MAG_ONLY,PETSA_XY_OFFLINE,0.2556535604984623,0.25694156736634766,0.5012839615977538,-1.287794594509533,2.086323717788536,-1.571254889972982,2.2533193729304766,"{""81551"": 1.8363362579362552, ""81552"": -0.8212298032920007}",False
neso_2026_jul_aug,standard,selected,SHIFT_POINT,MAG_ONLY,B0,0.2556535604984623,0.25906825314360177,1.3180668042898858,0.03141020960786278,2.625434918016661,-0.16728958802105343,2.7531535427621425,"{""81551"": 2.8959939009568503, ""81552"": -0.2531955394113883}",False
neso_2026_jul_aug,standard,selected,SHIFT_POINT,MAG_ONLY,PLAIN,0.2556535604984623,0.25656615783939124,0.3556966938329631,-0.7466441147735148,1.4756359343584868,-0.885314413965656,1.6169023181902074,"{""81551"": 1.7043604366404619, ""81552"": -0.9806161325729645}",False
