panel,kind,arm,seed,stage,step,condition,nmae,mae,pinball
electricity,shape,B0,81551,fixed1024,768,PAIRED_SHIFT8_D32,0.2114207846374824,13.783960023444152,0.1730139501061309
electricity,shape,B0,81551,fixed1024,768,PULSE8_D32,2.993564815341061,227.36221388525155,2.891265955700684
electricity,shape,B0,81551,fixed1024,768,RAMP8_D32,0.5137246579801916,36.76724838205068,0.3974608280868579
electricity,shape,B0,81551,fixed1024,768,STEP12_D17,0.3049869534938703,19.8735306752847,0.2523173215938363
electricity,shape,B0,81551,fixed1024,768,STEP12_D63,0.2257596413913575,15.364967168408434,0.1831782863092198
electricity,shape,B0,81551,fixed1024,768,STEP6_D17,0.2393722619533945,15.512925326592558,0.196686729901585
electricity,shape,B0,81551,fixed1024,768,STEP6_D63,0.2022326850142712,13.700167134195562,0.1644750137918139
electricity,shape,B0,81551,fixed1024,768,STEP8_D31,0.2099953720287695,13.688779888348945,0.1722665866673837
electricity,shape,B0,81551,fixed1024,768,STEP8_D33,0.2148553999982557,13.995491208493348,0.1750510940219295
electricity,shape,B0,81551,selected,768,PAIRED_SHIFT8_D32,0.2114207846374824,13.783960023444152,0.1730139501061309
electricity,shape,B0,81551,selected,768,PULSE8_D32,2.993564815341061,227.36221388525155,2.891265955700684
electricity,shape,B0,81551,selected,768,RAMP8_D32,0.5137246579801916,36.76724838205068,0.3974608280868579
electricity,shape,B0,81551,selected,768,STEP12_D17,0.3049869534938703,19.8735306752847,0.2523173215938363
electricity,shape,B0,81551,selected,768,STEP12_D63,0.2257596413913575,15.364967168408434,0.1831782863092198
electricity,shape,B0,81551,selected,768,STEP6_D17,0.2393722619533945,15.512925326592558,0.196686729901585
electricity,shape,B0,81551,selected,768,STEP6_D63,0.2022326850142712,13.700167134195562,0.1644750137918139
electricity,shape,B0,81551,selected,768,STEP8_D31,0.2099953720287695,13.688779888348945,0.1722665866673837
electricity,shape,B0,81551,selected,768,STEP8_D33,0.2148553999982557,13.995491208493348,0.1750510940219295
electricity,shape,B0,81552,fixed1024,512,PAIRED_SHIFT8_D32,0.2143870549534957,13.806072913704034,0.17636629834536
electricity,shape,B0,81552,fixed1024,512,PULSE8_D32,2.9513351355726445,223.56778593568012,2.8377340143590426
electricity,shape,B0,81552,fixed1024,512,RAMP8_D32,0.4598948315492489,33.43505424337167,0.3585019199293509
electricity,shape,B0,81552,fixed1024,512,STEP12_D17,0.341316569364508,23.03958914577913,0.2794348659323595
electricity,shape,B0,81552,fixed1024,512,STEP12_D63,0.2120799809034642,14.313653775212272,0.1741910707320354
electricity,shape,B0,81552,fixed1024,512,STEP6_D17,0.2459610399515569,16.070248990015344,0.2021856278611353
electricity,shape,B0,81552,fixed1024,512,STEP6_D63,0.1907568513860215,12.777834841871591,0.1561971140547493
electricity,shape,B0,81552,fixed1024,512,STEP8_D31,0.2153050211619759,13.840237011104962,0.178001569663412
electricity,shape,B0,81552,fixed1024,512,STEP8_D33,0.2190630728566661,14.10002509186054,0.1796453688049214
electricity,shape,B0,81552,selected,512,PAIRED_SHIFT8_D32,0.2143870549534957,13.806072913704034,0.17636629834536
electricity,shape,B0,81552,selected,512,PULSE8_D32,2.9513351355726445,223.56778593568012,2.8377340143590426
electricity,shape,B0,81552,selected,512,RAMP8_D32,0.4598948315492489,33.43505424337167,0.3585019199293509
electricity,shape,B0,81552,selected,512,STEP12_D17,0.341316569364508,23.03958914577913,0.2794348659323595
electricity,shape,B0,81552,selected,512,STEP12_D63,0.2120799809034642,14.313653775212272,0.1741910707320354
electricity,shape,B0,81552,selected,512,STEP6_D17,0.2459610399515569,16.070248990015344,0.2021856278611353
electricity,shape,B0,81552,selected,512,STEP6_D63,0.1907568513860215,12.777834841871591,0.1561971140547493
electricity,shape,B0,81552,selected,512,STEP8_D31,0.2153050211619759,13.840237011104962,0.178001569663412
electricity,shape,B0,81552,selected,512,STEP8_D33,0.2190630728566661,14.10002509186054,0.1796453688049214
electricity,shape,C3,81551,fixed1024,1024,PAIRED_SHIFT8_D32,0.2054921451960412,13.39729896251414,0.1691515535918283
electricity,shape,C3,81551,fixed1024,1024,PULSE8_D32,2.9864796282574626,226.48744640991208,2.884320678580109
electricity,shape,C3,81551,fixed1024,1024,RAMP8_D32,0.5391172877823662,39.06582774891709,0.4187813835520987
electricity,shape,C3,81551,fixed1024,1024,STEP12_D17,0.2994322499119348,19.724470857428468,0.245424276136405
electricity,shape,C3,81551,fixed1024,1024,STEP12_D63,0.2185042155282388,14.816822806554171,0.1775916484387497
electricity,shape,C3,81551,fixed1024,1024,STEP6_D17,0.2388730382192448,15.569201813179376,0.1954491532588574
electricity,shape,C3,81551,fixed1024,1024,STEP6_D63,0.1967115587370205,13.165184152198988,0.1603060757314189
electricity,shape,C3,81551,fixed1024,1024,STEP8_D31,0.2080386591122182,13.5235973491896,0.1711821532923012
electricity,shape,C3,81551,fixed1024,1024,STEP8_D33,0.2090409703457131,13.602872780682974,0.1713797565663159
electricity,shape,C3,81551,selected,768,PAIRED_SHIFT8_D32,0.2047833183822829,13.391985777561054,0.1684548768383346
electricity,shape,C3,81551,selected,768,PULSE8_D32,2.998005954676624,227.37603820032385,2.896418360365072
electricity,shape,C3,81551,selected,768,RAMP8_D32,0.5301479703551113,38.36182504271318,0.4117767163803862
electricity,shape,C3,81551,selected,768,STEP12_D17,0.2969892494415744,19.58376185603496,0.2439933189701285
electricity,shape,C3,81551,selected,768,STEP12_D63,0.2214372881221064,15.040737799325536,0.1796469422061173
electricity,shape,C3,81551,selected,768,STEP6_D17,0.2390200029959951,15.581409455911489,0.1955912649317344
electricity,shape,C3,81551,selected,768,STEP6_D63,0.1971669655927223,13.230394666425006,0.1606477007817783
electricity,shape,C3,81551,selected,768,STEP8_D31,0.2078958164453094,13.55654183761228,0.1708263896680519
electricity,shape,C3,81551,selected,768,STEP8_D33,0.2072638111511831,13.529395959915094,0.1698064755847067
electricity,shape,C3,81552,fixed1024,1024,PAIRED_SHIFT8_D32,0.2059484875841876,13.259556825058754,0.1695048440980484
electricity,shape,C3,81552,fixed1024,1024,PULSE8_D32,2.979466104922773,225.92800219499625,2.873101420317185
electricity,shape,C3,81552,fixed1024,1024,RAMP8_D32,0.4363061336969255,31.584334418600736,0.3418616483443678
electricity,shape,C3,81552,fixed1024,1024,STEP12_D17,0.3010858627054494,20.02149112555604,0.2488623936092476
electricity,shape,C3,81552,fixed1024,1024,STEP12_D63,0.2112057543172824,14.38433555739571,0.172807835315526
electricity,shape,C3,81552,fixed1024,1024,STEP6_D17,0.2341843314157159,15.327043872775976,0.1932119691492244
electricity,shape,C3,81552,fixed1024,1024,STEP6_D63,0.1919691918074674,12.943326454895148,0.1569258565289487
electricity,shape,C3,81552,fixed1024,1024,STEP8_D31,0.2079394575900191,13.375324261162229,0.1716829050133045
electricity,shape,C3,81552,fixed1024,1024,STEP8_D33,0.2106401869306605,13.546245710938468,0.1727691012845247
electricity,shape,C3,81552,selected,768,PAIRED_SHIFT8_D32,0.2049563213411614,13.207620875162494,0.1686081019043513
electricity,shape,C3,81552,selected,768,PULSE8_D32,2.990601584052126,226.7228257433744,2.882819510401034
electricity,shape,C3,81552,selected,768,RAMP8_D32,0.4308754729868113,31.04056717492541,0.3375834420333802
electricity,shape,C3,81552,selected,768,STEP12_D17,0.3033284513344172,20.229791282387545,0.251194403757026
electricity,shape,C3,81552,selected,768,STEP12_D63,0.2172209187176435,14.818850706280177,0.1768300106180079
electricity,shape,C3,81552,selected,768,STEP6_D17,0.2346741849754628,15.334660678150804,0.1936074419943179
electricity,shape,C3,81552,selected,768,STEP6_D63,0.1943692008981296,13.189843375151169,0.1585864338278302
electricity,shape,C3,81552,selected,768,STEP8_D31,0.2067941801108488,13.297746395106454,0.1705857709794938
electricity,shape,C3,81552,selected,768,STEP8_D33,0.208018594293347,13.394328023991424,0.1706936646777181
electricity,shape,MAG_ONLY,81551,fixed1024,1024,PAIRED_SHIFT8_D32,0.2055848188661604,13.385123727282105,0.1691750105650321
electricity,shape,MAG_ONLY,81551,fixed1024,1024,PULSE8_D32,2.985563775685048,226.5025353035744,2.88343145362442
electricity,shape,MAG_ONLY,81551,fixed1024,1024,RAMP8_D32,0.5378923284382193,38.88023540750631,0.4175589392090604
electricity,shape,MAG_ONLY,81551,fixed1024,1024,STEP12_D17,0.3009043020720645,19.76001880590731,0.2465101570509788
electricity,shape,MAG_ONLY,81551,fixed1024,1024,STEP12_D63,0.2172542527328877,14.708851911013664,0.1766868660852875
electricity,shape,MAG_ONLY,81551,fixed1024,1024,STEP6_D17,0.2389582317281187,15.535682008726312,0.1955394827900343
electricity,shape,MAG_ONLY,81551,fixed1024,1024,STEP6_D63,0.1964444605388333,13.15079447716813,0.1600889012601875
electricity,shape,MAG_ONLY,81551,fixed1024,1024,STEP8_D31,0.2080355471891074,13.514627782541462,0.1711428424112821
electricity,shape,MAG_ONLY,81551,fixed1024,1024,STEP8_D33,0.2093428024939328,13.603669814968846,0.1715236905309793
electricity,shape,MAG_ONLY,81551,selected,768,PAIRED_SHIFT8_D32,0.204623093178736,13.369926046186931,0.1682833458911296
electricity,shape,MAG_ONLY,81551,selected,768,PULSE8_D32,2.998370158958871,227.47182003916527,2.8964778467322656
electricity,shape,MAG_ONLY,81551,selected,768,RAMP8_D32,0.5288581419875704,38.195375971405646,0.4103965290362461
electricity,shape,MAG_ONLY,81551,selected,768,STEP12_D17,0.2973773903823255,19.56294565080989,0.2441917977275848
electricity,shape,MAG_ONLY,81551,selected,768,STEP12_D63,0.2205994905354624,14.968713034264375,0.1790312891226902
electricity,shape,MAG_ONLY,81551,selected,768,STEP6_D17,0.2392709270115153,15.572933350019284,0.1957512997629155
electricity,shape,MAG_ONLY,81551,selected,768,STEP6_D63,0.1969135890900064,13.216966657407486,0.1604261957888623
electricity,shape,MAG_ONLY,81551,selected,768,STEP8_D31,0.2078585136730087,13.54690703209798,0.1707474994950454
electricity,shape,MAG_ONLY,81551,selected,768,STEP8_D33,0.2072626731555361,13.516883632040509,0.169750354226473
electricity,shape,MAG_ONLY,81552,fixed1024,1024,PAIRED_SHIFT8_D32,0.2058889032308448,13.262719339121585,0.1694596546638783
electricity,shape,MAG_ONLY,81552,fixed1024,1024,PULSE8_D32,2.980330714815212,225.98549909162105,2.873598334162415
electricity,shape,MAG_ONLY,81552,fixed1024,1024,RAMP8_D32,0.4266079724157542,30.76964582815304,0.3346593933855778
electricity,shape,MAG_ONLY,81552,fixed1024,1024,STEP12_D17,0.2905752954697104,19.31616708653137,0.240968052846147
electricity,shape,MAG_ONLY,81552,fixed1024,1024,STEP12_D63,0.2125816609541409,14.49262039887085,0.1737216135200053
electricity,shape,MAG_ONLY,81552,fixed1024,1024,STEP6_D17,0.2318954641173776,15.181489102271623,0.1913582250588571
electricity,shape,MAG_ONLY,81552,fixed1024,1024,STEP6_D63,0.1927469258128197,13.020641375195126,0.1574550978557279
electricity,shape,MAG_ONLY,81552,fixed1024,1024,STEP8_D31,0.2079082718994579,13.376848693690976,0.1716899450703929
electricity,shape,MAG_ONLY,81552,fixed1024,1024,STEP8_D33,0.2096943627871464,13.495057836198727,0.1719888927377637
electricity,shape,MAG_ONLY,81552,selected,768,PAIRED_SHIFT8_D32,0.2047028162695488,13.196565845051492,0.1683761673465109
electricity,shape,MAG_ONLY,81552,selected,768,PULSE8_D32,2.992174020015917,226.82484868579195,2.884247202530381
electricity,shape,MAG_ONLY,81552,selected,768,RAMP8_D32,0.424319231284178,30.535245524208225,0.3329593993573269
electricity,shape,MAG_ONLY,81552,selected,768,STEP12_D17,0.2934732611741167,19.576966303934675,0.2433904865857917
electricity,shape,MAG_ONLY,81552,selected,768,STEP12_D63,0.2192241159603945,14.970084429039996,0.1782161142618731
electricity,shape,MAG_ONLY,81552,selected,768,STEP6_D17,0.2330460949401347,15.249430705562808,0.192139934497124
electricity,shape,MAG_ONLY,81552,selected,768,STEP6_D63,0.1951812946245741,13.24784526459803,0.1591208529560877
electricity,shape,MAG_ONLY,81552,selected,768,STEP8_D31,0.2067761628209813,13.299600480801454,0.1705691948871179
electricity,shape,MAG_ONLY,81552,selected,768,STEP8_D33,0.2072883957627972,13.355785315570934,0.1700461246961148
electricity,shape,PETSA_XY_OFFLINE,81551,fixed1024,1024,PAIRED_SHIFT8_D32,0.2067351288542407,13.346873080107882,0.1704002019318244
electricity,shape,PETSA_XY_OFFLINE,81551,fixed1024,1024,PULSE8_D32,2.9870722812470065,226.74734687475743,2.8829532567825504
electricity,shape,PETSA_XY_OFFLINE,81551,fixed1024,1024,RAMP8_D32,0.5288525176474826,38.11503388296125,0.409182396003631
electricity,shape,PETSA_XY_OFFLINE,81551,fixed1024,1024,STEP12_D17,0.2999911617079172,19.49397674415401,0.2479391892201641
electricity,shape,PETSA_XY_OFFLINE,81551,fixed1024,1024,STEP12_D63,0.2223298290851147,14.999670448381393,0.1813433378220024
electricity,shape,PETSA_XY_OFFLINE,81551,fixed1024,1024,STEP6_D17,0.238143035203419,15.323879412309068,0.195519479564612
electricity,shape,PETSA_XY_OFFLINE,81551,fixed1024,1024,STEP6_D63,0.1991274754499105,13.38651161733519,0.16226052294617
electricity,shape,PETSA_XY_OFFLINE,81551,fixed1024,1024,STEP8_D31,0.2084047492549676,13.485776008755805,0.1718867187892492
electricity,shape,PETSA_XY_OFFLINE,81551,fixed1024,1024,STEP8_D33,0.2092953059163808,13.503771245510736,0.1716944708259455
electricity,shape,PETSA_XY_OFFLINE,81551,selected,768,PAIRED_SHIFT8_D32,0.2053246668157728,13.302623035473276,0.168955999525329
electricity,shape,PETSA_XY_OFFLINE,81551,selected,768,PULSE8_D32,2.9993628006286754,227.741289749563,2.896152200434252
electricity,shape,PETSA_XY_OFFLINE,81551,selected,768,RAMP8_D32,0.5176674548941246,37.14880155815006,0.4004018340563362
electricity,shape,PETSA_XY_OFFLINE,81551,selected,768,STEP12_D17,0.2976134437030177,19.302716650314878,0.2463454281052224
electricity,shape,PETSA_XY_OFFLINE,81551,selected,768,STEP12_D63,0.2276420758934249,15.458474554858238,0.1848098629334048
electricity,shape,PETSA_XY_OFFLINE,81551,selected,768,STEP6_D17,0.2367734488983536,15.252728680112371,0.1944643993170591
electricity,shape,PETSA_XY_OFFLINE,81551,selected,768,STEP6_D63,0.201411379272444,13.61175148126866,0.1638794006719374
electricity,shape,PETSA_XY_OFFLINE,81551,selected,768,STEP8_D31,0.2073187091238649,13.45320110803496,0.1706053613929755
electricity,shape,PETSA_XY_OFFLINE,81551,selected,768,STEP8_D33,0.207606486341345,13.43946011728196,0.1701081685484217
electricity,shape,PETSA_XY_OFFLINE,81552,fixed1024,1024,PAIRED_SHIFT8_D32,0.206665277817549,13.327655112513176,0.1699532168296502
electricity,shape,PETSA_XY_OFFLINE,81552,fixed1024,1024,PULSE8_D32,2.9961735407472774,227.08239848300536,2.8840447263068723
electricity,shape,PETSA_XY_OFFLINE,81552,fixed1024,1024,RAMP8_D32,0.4186713359362435,30.111237076125757,0.3270258898127387
electricity,shape,PETSA_XY_OFFLINE,81552,fixed1024,1024,STEP12_D17,0.2881398839755764,19.09408712642779,0.2397430090233227
electricity,shape,PETSA_XY_OFFLINE,81552,fixed1024,1024,STEP12_D63,0.2238525470863183,15.252171775005664,0.1823152672646367
electricity,shape,PETSA_XY_OFFLINE,81552,fixed1024,1024,STEP6_D17,0.2334947951754536,15.284628048923896,0.1927182512267375
electricity,shape,PETSA_XY_OFFLINE,81552,fixed1024,1024,STEP6_D63,0.1960053678602236,13.204788322872943,0.1596377362652103
electricity,shape,PETSA_XY_OFFLINE,81552,fixed1024,1024,STEP8_D31,0.2083161541263281,13.419862244350902,0.171499072094343
electricity,shape,PETSA_XY_OFFLINE,81552,fixed1024,1024,STEP8_D33,0.2102493162710846,13.538179278953493,0.1721433321875059
electricity,shape,PETSA_XY_OFFLINE,81552,selected,768,PAIRED_SHIFT8_D32,0.2058321444743835,13.301340408897024,0.1691149882563785
electricity,shape,PETSA_XY_OFFLINE,81552,selected,768,PULSE8_D32,3.00994217251227,228.1063669791872,2.897212237746261
electricity,shape,PETSA_XY_OFFLINE,81552,selected,768,RAMP8_D32,0.4181398584372219,30.01056583902041,0.3268919598925242
electricity,shape,PETSA_XY_OFFLINE,81552,selected,768,STEP12_D17,0.2894560951880518,19.16573438157181,0.2405407492812852
electricity,shape,PETSA_XY_OFFLINE,81552,selected,768,STEP12_D63,0.2421141408765087,16.638937853753045,0.1947681161709755
electricity,shape,PETSA_XY_OFFLINE,81552,selected,768,STEP6_D17,0.2342473176284587,15.318141484932625,0.1932470475997362
electricity,shape,PETSA_XY_OFFLINE,81552,selected,768,STEP6_D63,0.202542534066896,13.734245344908492,0.1641550037550014
electricity,shape,PETSA_XY_OFFLINE,81552,selected,768,STEP8_D31,0.2081220989028353,13.42527841577984,0.1709717311649751
electricity,shape,PETSA_XY_OFFLINE,81552,selected,768,STEP8_D33,0.2076423375854683,13.396724546105908,0.1701192685204755
electricity,shape,PLAIN,81551,fixed1024,1024,PAIRED_SHIFT8_D32,0.2088059125347873,13.624492612900491,0.172245201166142
electricity,shape,PLAIN,81551,fixed1024,1024,PULSE8_D32,2.965597166711496,224.7705938845029,2.865672846553756
electricity,shape,PLAIN,81551,fixed1024,1024,RAMP8_D32,0.5501787954038578,40.12333257008529,0.4294931860946955
electricity,shape,PLAIN,81551,fixed1024,1024,STEP12_D17,0.3150218131645115,20.889104160836958,0.2562783856860399
electricity,shape,PLAIN,81551,fixed1024,1024,STEP12_D63,0.219655108978422,14.921916140311746,0.1784039707071364
electricity,shape,PLAIN,81551,fixed1024,1024,STEP6_D17,0.2444945140709552,15.988532587216596,0.1991844331057564
electricity,shape,PLAIN,81551,fixed1024,1024,STEP6_D63,0.196048081082121,13.129203267582644,0.1598992578130282
electricity,shape,PLAIN,81551,fixed1024,1024,STEP8_D31,0.2094782535306883,13.641326546731085,0.1730746825352092
electricity,shape,PLAIN,81551,fixed1024,1024,STEP8_D33,0.2122032041990768,13.813947242925297,0.174472637611584
electricity,shape,PLAIN,81551,selected,512,PAIRED_SHIFT8_D32,0.2050580198354147,13.429455710805604,0.1688989063318867
electricity,shape,PLAIN,81551,selected,512,PULSE8_D32,2.988170780966064,226.39645462145563,2.884917842456568
electricity,shape,PLAIN,81551,selected,512,RAMP8_D32,0.5417752375211132,39.546307764454816,0.4202993893946363
electricity,shape,PLAIN,81551,selected,512,STEP12_D17,0.307403281977952,20.40298266048272,0.2514278560146887
electricity,shape,PLAIN,81551,selected,512,STEP12_D63,0.2240169335711794,15.244009353972244,0.181530445290922
electricity,shape,PLAIN,81551,selected,512,STEP6_D17,0.2424337233792605,15.829599962711155,0.1980313337405512
electricity,shape,PLAIN,81551,selected,512,STEP6_D63,0.1967281127899064,13.192751526551914,0.1602465161832884
electricity,shape,PLAIN,81551,selected,512,STEP8_D31,0.2067769163174251,13.508204035695377,0.1703331324990943
electricity,shape,PLAIN,81551,selected,512,STEP8_D33,0.207345269450618,13.556888738817774,0.1701830596807072
electricity,shape,PLAIN,81552,fixed1024,1024,PAIRED_SHIFT8_D32,0.2101600645460429,13.523435527442944,0.1728226147030927
electricity,shape,PLAIN,81552,fixed1024,1024,PULSE8_D32,2.9610386759809084,224.5384540480154,2.8574467732403
electricity,shape,PLAIN,81552,fixed1024,1024,RAMP8_D32,0.4443455181722987,32.17388202533489,0.347134917422677
electricity,shape,PLAIN,81552,fixed1024,1024,STEP12_D17,0.3085662856970167,20.5290509597948,0.2550143042219458
electricity,shape,PLAIN,81552,fixed1024,1024,STEP12_D63,0.2087033755745371,14.156927107377358,0.1714749557810254
electricity,shape,PLAIN,81552,fixed1024,1024,STEP6_D17,0.2350108337583387,15.33074615829172,0.1937132511692827
electricity,shape,PLAIN,81552,fixed1024,1024,STEP6_D63,0.1911179285676325,12.875231045803435,0.1564838439326215
electricity,shape,PLAIN,81552,fixed1024,1024,STEP8_D31,0.2099957599106122,13.470534433388842,0.1734368674302627
electricity,shape,PLAIN,81552,fixed1024,1024,STEP8_D33,0.2150456582704509,13.833939388939251,0.1763717414649759
electricity,shape,PLAIN,81552,selected,1024,PAIRED_SHIFT8_D32,0.2101600645460429,13.523435527442944,0.1728226147030927
electricity,shape,PLAIN,81552,selected,1024,PULSE8_D32,2.9610386759809084,224.5384540480154,2.8574467732403
electricity,shape,PLAIN,81552,selected,1024,RAMP8_D32,0.4443455181722987,32.17388202533489,0.347134917422677
electricity,shape,PLAIN,81552,selected,1024,STEP12_D17,0.3085662856970167,20.5290509597948,0.2550143042219458
electricity,shape,PLAIN,81552,selected,1024,STEP12_D63,0.2087033755745371,14.156927107377358,0.1714749557810254
electricity,shape,PLAIN,81552,selected,1024,STEP6_D17,0.2350108337583387,15.33074615829172,0.1937132511692827
electricity,shape,PLAIN,81552,selected,1024,STEP6_D63,0.1911179285676325,12.875231045803435,0.1564838439326215
electricity,shape,PLAIN,81552,selected,1024,STEP8_D31,0.2099957599106122,13.470534433388842,0.1734368674302627
electricity,shape,PLAIN,81552,selected,1024,STEP8_D33,0.2150456582704509,13.833939388939251,0.1763717414649759
electricity,shape,TOKEN_GATE,81551,fixed1024,1024,PAIRED_SHIFT8_D32,0.2081837639962471,13.59761320569062,0.1717296747238447
electricity,shape,TOKEN_GATE,81551,fixed1024,1024,PULSE8_D32,2.9685983339053,224.98990599796525,2.868392506572899
electricity,shape,TOKEN_GATE,81551,fixed1024,1024,RAMP8_D32,0.5469847712453241,39.87725222784251,0.426480422366061
electricity,shape,TOKEN_GATE,81551,fixed1024,1024,STEP12_D17,0.3120563183089282,20.69639069310448,0.254094678363889
electricity,shape,TOKEN_GATE,81551,fixed1024,1024,STEP12_D63,0.2198181398086571,14.921354583759134,0.1785094974947965
electricity,shape,TOKEN_GATE,81551,fixed1024,1024,STEP6_D17,0.2442855352476287,15.994983524045994,0.1989783679479313
electricity,shape,TOKEN_GATE,81551,fixed1024,1024,STEP6_D63,0.1959248845898597,13.118334715972262,0.1597429642429986
electricity,shape,TOKEN_GATE,81551,fixed1024,1024,STEP8_D31,0.209419839245222,13.64808705171004,0.1729280927676385
electricity,shape,TOKEN_GATE,81551,fixed1024,1024,STEP8_D33,0.2114129060786755,13.77244330703522,0.1738103749646555
electricity,shape,TOKEN_GATE,81551,selected,768,PAIRED_SHIFT8_D32,0.2047849997261071,13.41281971916965,0.1686512663278764
electricity,shape,TOKEN_GATE,81551,selected,768,PULSE8_D32,2.988442495466016,226.51179024440356,2.8884592215504115
electricity,shape,TOKEN_GATE,81551,selected,768,RAMP8_D32,0.5387974726540711,39.21034541891835,0.4198550025691922
electricity,shape,TOKEN_GATE,81551,selected,768,STEP12_D17,0.3090302618153198,20.46779564900086,0.2526292409712115
electricity,shape,TOKEN_GATE,81551,selected,768,STEP12_D63,0.2283461166527626,15.603928762582289,0.1844986398028332
electricity,shape,TOKEN_GATE,81551,selected,768,STEP6_D17,0.242790227357119,15.89159052164008,0.1981754989645349
electricity,shape,TOKEN_GATE,81551,selected,768,STEP6_D63,0.1985176884424458,13.360700611154911,0.1615167217786567
electricity,shape,TOKEN_GATE,81551,selected,768,STEP8_D31,0.2055466994156923,13.432290936461555,0.1694312173227747
electricity,shape,TOKEN_GATE,81551,selected,768,STEP8_D33,0.2073007676175281,13.554883404682991,0.1701455109759914
electricity,shape,TOKEN_GATE,81552,fixed1024,1024,PAIRED_SHIFT8_D32,0.2100609284299573,13.528653094260063,0.1726600392448691
electricity,shape,TOKEN_GATE,81552,fixed1024,1024,PULSE8_D32,2.9620250057336133,224.63198092927632,2.858453569669452
electricity,shape,TOKEN_GATE,81552,fixed1024,1024,RAMP8_D32,0.4429921776706211,32.062354336120244,0.3460667211466971
electricity,shape,TOKEN_GATE,81552,fixed1024,1024,STEP12_D17,0.3065881814136656,20.36630978981968,0.2534559137877992
electricity,shape,TOKEN_GATE,81552,fixed1024,1024,STEP12_D63,0.2092683307138352,14.16771501571395,0.1720277948882078
electricity,shape,TOKEN_GATE,81552,fixed1024,1024,STEP6_D17,0.2342188898324045,15.287090647950974,0.1932341806879293
electricity,shape,TOKEN_GATE,81552,fixed1024,1024,STEP6_D63,0.1914166785060252,12.899274416488328,0.1567735056045379
electricity,shape,TOKEN_GATE,81552,fixed1024,1024,STEP8_D31,0.2096425543628492,13.448396450829184,0.1731547273043218
electricity,shape,TOKEN_GATE,81552,fixed1024,1024,STEP8_D33,0.2148212051210207,13.829902726776885,0.1760951461281275
electricity,shape,TOKEN_GATE,81552,selected,1024,PAIRED_SHIFT8_D32,0.2100609284299573,13.528653094260063,0.1726600392448691
electricity,shape,TOKEN_GATE,81552,selected,1024,PULSE8_D32,2.9620250057336133,224.63198092927632,2.858453569669452
electricity,shape,TOKEN_GATE,81552,selected,1024,RAMP8_D32,0.4429921776706211,32.062354336120244,0.3460667211466971
electricity,shape,TOKEN_GATE,81552,selected,1024,STEP12_D17,0.3065881814136656,20.36630978981968,0.2534559137877992
electricity,shape,TOKEN_GATE,81552,selected,1024,STEP12_D63,0.2092683307138352,14.16771501571395,0.1720277948882078
electricity,shape,TOKEN_GATE,81552,selected,1024,STEP6_D17,0.2342188898324045,15.287090647950974,0.1932341806879293
electricity,shape,TOKEN_GATE,81552,selected,1024,STEP6_D63,0.1914166785060252,12.899274416488328,0.1567735056045379
electricity,shape,TOKEN_GATE,81552,selected,1024,STEP8_D31,0.2096425543628492,13.448396450829184,0.1731547273043218
electricity,shape,TOKEN_GATE,81552,selected,1024,STEP8_D33,0.2148212051210207,13.829902726776885,0.1760951461281275
electricity,shape,TOKEN_GATE_ENTROPY,81551,fixed1024,1024,PAIRED_SHIFT8_D32,0.2090063302423437,13.679744095349465,0.1723037938257463
electricity,shape,TOKEN_GATE_ENTROPY,81551,fixed1024,1024,PULSE8_D32,2.964228517058204,224.61139185023785,2.8634772909034543
electricity,shape,TOKEN_GATE_ENTROPY,81551,fixed1024,1024,RAMP8_D32,0.5309702931706418,38.549558768856,0.412112530648792
electricity,shape,TOKEN_GATE_ENTROPY,81551,fixed1024,1024,STEP12_D17,0.2899297827490494,19.15382706527321,0.239612301732519
electricity,shape,TOKEN_GATE_ENTROPY,81551,fixed1024,1024,STEP12_D63,0.2208939380960774,14.98716552593676,0.1793871678973551
electricity,shape,TOKEN_GATE_ENTROPY,81551,fixed1024,1024,STEP6_D17,0.2415027375170378,15.939687830036906,0.1973043508581864
electricity,shape,TOKEN_GATE_ENTROPY,81551,fixed1024,1024,STEP6_D63,0.1969795820602252,13.206684873822413,0.1604266182026011
electricity,shape,TOKEN_GATE_ENTROPY,81551,fixed1024,1024,STEP8_D31,0.2102749153979706,13.72672912771962,0.1735137075190655
electricity,shape,TOKEN_GATE_ENTROPY,81551,fixed1024,1024,STEP8_D33,0.2124570712445096,13.85882130588708,0.1745067688333983
electricity,shape,TOKEN_GATE_ENTROPY,81551,selected,768,PAIRED_SHIFT8_D32,0.2043292854620075,13.386262916400206,0.1683389694210585
electricity,shape,TOKEN_GATE_ENTROPY,81551,selected,768,PULSE8_D32,2.9894681948953,226.57782304404827,2.888979935269894
electricity,shape,TOKEN_GATE_ENTROPY,81551,selected,768,RAMP8_D32,0.5241343960412809,37.9836041053,0.4069314217422734
electricity,shape,TOKEN_GATE_ENTROPY,81551,selected,768,STEP12_D17,0.2905234154100723,19.179967980336432,0.2398762884805951
electricity,shape,TOKEN_GATE_ENTROPY,81551,selected,768,STEP12_D63,0.2252598412244742,15.308619758999724,0.1823364490002055
electricity,shape,TOKEN_GATE_ENTROPY,81551,selected,768,STEP6_D17,0.2389516628094342,15.69611759046531,0.1955847596235385
electricity,shape,TOKEN_GATE_ENTROPY,81551,selected,768,STEP6_D63,0.1972246136076277,13.236127830694974,0.1605326307724081
electricity,shape,TOKEN_GATE_ENTROPY,81551,selected,768,STEP8_D31,0.2067126970388395,13.508845094445554,0.1701994397567398
electricity,shape,TOKEN_GATE_ENTROPY,81551,selected,768,STEP8_D33,0.2068678067527278,13.519227138135427,0.1697638524186824
electricity,shape,TOKEN_GATE_ENTROPY,81552,fixed1024,1024,PAIRED_SHIFT8_D32,0.2088863235707823,13.431130557996104,0.171996143774828
electricity,shape,TOKEN_GATE_ENTROPY,81552,fixed1024,1024,PULSE8_D32,2.9678110702109315,224.93067307712045,2.8576299950551816
electricity,shape,TOKEN_GATE_ENTROPY,81552,fixed1024,1024,RAMP8_D32,0.4462691358283215,32.29848035044483,0.3483311290301516
electricity,shape,TOKEN_GATE_ENTROPY,81552,fixed1024,1024,STEP12_D17,0.3056484889096667,20.32329567995475,0.253519823428928
electricity,shape,TOKEN_GATE_ENTROPY,81552,fixed1024,1024,STEP12_D63,0.2095971068263118,14.084799917877168,0.1725581914055807
electricity,shape,TOKEN_GATE_ENTROPY,81552,fixed1024,1024,STEP6_D17,0.2381226016042223,15.545202084092452,0.1964408036993433
electricity,shape,TOKEN_GATE_ENTROPY,81552,fixed1024,1024,STEP6_D63,0.1905619538935402,12.756133387405356,0.1560343565145054
electricity,shape,TOKEN_GATE_ENTROPY,81552,fixed1024,1024,STEP8_D31,0.2101818760838456,13.483680642399516,0.1735802121023322
electricity,shape,TOKEN_GATE_ENTROPY,81552,fixed1024,1024,STEP8_D33,0.2135611578142645,13.725664436747966,0.1752455638736419
electricity,shape,TOKEN_GATE_ENTROPY,81552,selected,768,PAIRED_SHIFT8_D32,0.2075091209948553,13.36141495911833,0.1709151522868816
electricity,shape,TOKEN_GATE_ENTROPY,81552,selected,768,PULSE8_D32,2.9781332346955605,225.6500013230252,2.867016468763946
electricity,shape,TOKEN_GATE_ENTROPY,81552,selected,768,RAMP8_D32,0.4501246997830024,32.70628572678376,0.3500437790485303
electricity,shape,TOKEN_GATE_ENTROPY,81552,selected,768,STEP12_D17,0.3091940302630028,20.66406413043052,0.2573748372971702
electricity,shape,TOKEN_GATE_ENTROPY,81552,selected,768,STEP12_D63,0.2157276125708243,14.602987932493576,0.176793235830815
electricity,shape,TOKEN_GATE_ENTROPY,81552,selected,768,STEP6_D17,0.2378547249055942,15.530726075321926,0.1966056955581606
electricity,shape,TOKEN_GATE_ENTROPY,81552,selected,768,STEP6_D63,0.1920839741056319,12.903831135297551,0.1571210768623581
electricity,shape,TOKEN_GATE_ENTROPY,81552,selected,768,STEP8_D31,0.2073438762257093,13.300075833662955,0.1714354199017232
electricity,shape,TOKEN_GATE_ENTROPY,81552,selected,768,STEP8_D33,0.210274138597986,13.529100608848552,0.1727622056037903
electricity,standard,B0,81551,fixed1024,768,BURST16,0.176287207077633,11.748829555377595,0.146820076040525
electricity,standard,B0,81551,fixed1024,768,BURST4,0.169609032760875,11.150075103789275,0.1409554857818449
electricity,standard,B0,81551,fixed1024,768,BURST8,0.1787276220968876,12.14446366537959,0.1488988292297619
electricity,standard,B0,81551,fixed1024,768,FAULT,0.1721411039374286,11.37719752730421,0.1432228396304898
electricity,standard,B0,81551,fixed1024,768,POINT16,0.170275292812831,11.1478824227961,0.1413208643354188
electricity,standard,B0,81551,fixed1024,768,POINT4,0.168178908770806,10.984949877056351,0.1401406742661317
electricity,standard,B0,81551,fixed1024,768,POINT8,0.1697685601055389,11.08698453942634,0.1412011081292564
electricity,standard,B0,81551,fixed1024,768,REFERENCE,0.1672163268582406,10.90114830060338,0.1394779046758212
electricity,standard,B0,81551,fixed1024,768,SHIFT4,0.1924753307602616,12.821277775869278,0.1575967573734549
electricity,standard,B0,81551,fixed1024,768,SHIFT8,0.2083321769911373,13.724869179384555,0.170169919157235
electricity,standard,B0,81551,fixed1024,768,SHIFT_POINT,0.1984636882479122,13.176331009572024,0.1620514973300652
electricity,standard,B0,81551,selected,768,BURST16,0.176287207077633,11.748829555377595,0.146820076040525
electricity,standard,B0,81551,selected,768,BURST4,0.169609032760875,11.150075103789275,0.1409554857818449
electricity,standard,B0,81551,selected,768,BURST8,0.1787276220968876,12.14446366537959,0.1488988292297619
electricity,standard,B0,81551,selected,768,FAULT,0.1721411039374286,11.37719752730421,0.1432228396304898
electricity,standard,B0,81551,selected,768,POINT16,0.170275292812831,11.1478824227961,0.1413208643354188
electricity,standard,B0,81551,selected,768,POINT4,0.168178908770806,10.984949877056351,0.1401406742661317
electricity,standard,B0,81551,selected,768,POINT8,0.1697685601055389,11.08698453942634,0.1412011081292564
electricity,standard,B0,81551,selected,768,REFERENCE,0.1672163268582406,10.90114830060338,0.1394779046758212
electricity,standard,B0,81551,selected,768,SHIFT4,0.1924753307602616,12.821277775869278,0.1575967573734549
electricity,standard,B0,81551,selected,768,SHIFT8,0.2083321769911373,13.724869179384555,0.170169919157235
electricity,standard,B0,81551,selected,768,SHIFT_POINT,0.1984636882479122,13.176331009572024,0.1620514973300652
electricity,standard,B0,81552,fixed1024,512,BURST16,0.175634516185082,11.716866296086664,0.1460417375473637
electricity,standard,B0,81552,fixed1024,512,BURST4,0.1683163159748235,11.00128790167946,0.1397494789499871
electricity,standard,B0,81552,fixed1024,512,BURST8,0.1777195586493293,12.091164176112216,0.1480568624240526
electricity,standard,B0,81552,fixed1024,512,FAULT,0.1707791992510393,11.260587579246325,0.141989195173247
electricity,standard,B0,81552,fixed1024,512,POINT16,0.1687676952105559,11.00057449509768,0.1402005066235882
electricity,standard,B0,81552,fixed1024,512,POINT4,0.166434772362149,10.832962427048187,0.1384626364214468
electricity,standard,B0,81552,fixed1024,512,POINT8,0.167802337124296,10.920670179453737,0.1394239490730437
electricity,standard,B0,81552,fixed1024,512,REFERENCE,0.1658318078573181,10.775621320761276,0.1380443918461826
electricity,standard,B0,81552,fixed1024,512,SHIFT4,0.1901396359819989,12.415619614177716,0.1561164935739516
electricity,standard,B0,81552,fixed1024,512,SHIFT8,0.211732375942667,13.693095322690509,0.1745076336205441
electricity,standard,B0,81552,fixed1024,512,SHIFT_POINT,0.1939792235709032,12.605012140851924,0.1594053334368728
electricity,standard,B0,81552,selected,512,BURST16,0.175634516185082,11.716866296086664,0.1460417375473637
electricity,standard,B0,81552,selected,512,BURST4,0.1683163159748235,11.00128790167946,0.1397494789499871
electricity,standard,B0,81552,selected,512,BURST8,0.1777195586493293,12.091164176112216,0.1480568624240526
electricity,standard,B0,81552,selected,512,FAULT,0.1707791992510393,11.260587579246325,0.141989195173247
electricity,standard,B0,81552,selected,512,POINT16,0.1687676952105559,11.00057449509768,0.1402005066235882
electricity,standard,B0,81552,selected,512,POINT4,0.166434772362149,10.832962427048187,0.1384626364214468
electricity,standard,B0,81552,selected,512,POINT8,0.167802337124296,10.920670179453737,0.1394239490730437
electricity,standard,B0,81552,selected,512,REFERENCE,0.1658318078573181,10.775621320761276,0.1380443918461826
electricity,standard,B0,81552,selected,512,SHIFT4,0.1901396359819989,12.415619614177716,0.1561164935739516
electricity,standard,B0,81552,selected,512,SHIFT8,0.211732375942667,13.693095322690509,0.1745076336205441
electricity,standard,B0,81552,selected,512,SHIFT_POINT,0.1939792235709032,12.605012140851924,0.1594053334368728
electricity,standard,C3,81551,fixed1024,1024,BURST16,0.1785458266978296,11.94812760394052,0.1485989957685858
electricity,standard,C3,81551,fixed1024,1024,BURST4,0.170426460744969,11.174146161465616,0.1416613649487934
electricity,standard,C3,81551,fixed1024,1024,BURST8,0.1800525729324436,12.228747359455156,0.1498243550142128
electricity,standard,C3,81551,fixed1024,1024,FAULT,0.1732889532095745,11.449025389484936,0.1441407724907373
electricity,standard,C3,81551,fixed1024,1024,POINT16,0.1715347998006867,11.219532754232205,0.1423381456042756
electricity,standard,C3,81551,fixed1024,1024,POINT4,0.1687131255451733,11.009031451110786,0.140659761884543
electricity,standard,C3,81551,fixed1024,1024,POINT8,0.1704609335363447,11.114567006705329,0.1417620117240132
electricity,standard,C3,81551,fixed1024,1024,REFERENCE,0.1678363362319431,10.93281264831603,0.140030039874447
electricity,standard,C3,81551,fixed1024,1024,SHIFT4,0.1898378664107882,12.527415170156669,0.1554595261037749
electricity,standard,C3,81551,fixed1024,1024,SHIFT8,0.202189945047129,13.26460944351817,0.1663373004570757
electricity,standard,C3,81551,fixed1024,1024,SHIFT_POINT,0.1952888759178196,12.81584192412841,0.1596887328198358
electricity,standard,C3,81551,selected,768,BURST16,0.1777854069805268,11.891835562997583,0.1479792176955062
electricity,standard,C3,81551,selected,768,BURST4,0.1700741009567305,11.156109856354306,0.1412759522535502
electricity,standard,C3,81551,selected,768,BURST8,0.1796061344569981,12.193158506015608,0.1494119233300473
electricity,standard,C3,81551,selected,768,FAULT,0.1728421641129205,11.417387383409732,0.1437079978209977
electricity,standard,C3,81551,selected,768,POINT16,0.1710456026679813,11.18628117161279,0.1418520200742961
electricity,standard,C3,81551,selected,768,POINT4,0.1683875277410313,10.984823139820946,0.1403069604841957
electricity,standard,C3,81551,selected,768,POINT8,0.1701542118742548,11.09211606365716,0.1414219130883909
electricity,standard,C3,81551,selected,768,REFERENCE,0.1675442325905699,10.910588315367932,0.1397278744593975
electricity,standard,C3,81551,selected,768,SHIFT4,0.1895036992698969,12.523301405395411,0.1552738826621132
electricity,standard,C3,81551,selected,768,SHIFT8,0.2012248141698813,13.244901565411174,0.1654408039638422
electricity,standard,C3,81551,selected,768,SHIFT_POINT,0.1946615139123658,12.805725963097943,0.1592512166974317
electricity,standard,C3,81552,fixed1024,1024,BURST16,0.1761312818624646,11.74858129741915,0.146398752216284
electricity,standard,C3,81552,fixed1024,1024,BURST4,0.1689893629810317,11.073190476105085,0.1404304034361667
electricity,standard,C3,81552,fixed1024,1024,BURST8,0.1783359406537292,12.16188948850322,0.1486092608697079
electricity,standard,C3,81552,fixed1024,1024,FAULT,0.1712763965000955,11.317583545126276,0.1424780052214757
electricity,standard,C3,81552,fixed1024,1024,POINT16,0.1689676546988872,11.053117143394047,0.1404041288373426
electricity,standard,C3,81552,fixed1024,1024,POINT4,0.166988748125348,10.893121517103282,0.1391048159530648
electricity,standard,C3,81552,fixed1024,1024,POINT8,0.1682453906791124,10.975601348232884,0.1399206700162881
electricity,standard,C3,81552,fixed1024,1024,REFERENCE,0.1662922428131386,10.831284595900796,0.1387167862282877
electricity,standard,C3,81552,fixed1024,1024,SHIFT4,0.1883524317300905,12.387662311693164,0.1546308165739717
electricity,standard,C3,81552,fixed1024,1024,SHIFT8,0.2030023691321395,13.103811615350788,0.1672267348669331
electricity,standard,C3,81552,fixed1024,1024,SHIFT_POINT,0.1919087913772474,12.582587475857665,0.1575429334317686
electricity,standard,C3,81552,selected,768,BURST16,0.1759714924658874,11.748293803633716,0.1461801452122931
electricity,standard,C3,81552,selected,768,BURST4,0.1689159143878844,11.07846547315421,0.1402177744852405
electricity,standard,C3,81552,selected,768,BURST8,0.1780590715635162,12.139635007617471,0.1482447381438547
electricity,standard,C3,81552,selected,768,FAULT,0.1711469339711502,11.314824916989892,0.1422368487377378
electricity,standard,C3,81552,selected,768,POINT16,0.1688744680577383,11.052035736131074,0.1401833788542645
electricity,standard,C3,81552,selected,768,POINT4,0.1668756511403832,10.891607251869573,0.1388765971988637
electricity,standard,C3,81552,selected,768,POINT8,0.1681850062114913,10.978912229533307,0.1397184585319106
electricity,standard,C3,81552,selected,768,REFERENCE,0.1661617099968632,10.82763075720868,0.1384357851198058
electricity,standard,C3,81552,selected,768,SHIFT4,0.1887560138122401,12.443998660029894,0.1548062854522133
electricity,standard,C3,81552,selected,768,SHIFT8,0.2021936208966793,13.059756855757096,0.1664520839870473
electricity,standard,C3,81552,selected,768,SHIFT_POINT,0.1922021980869313,12.658851333958616,0.1576583106977823
electricity,standard,MAG_ONLY,81551,fixed1024,1024,BURST16,0.1783606448741592,11.928684399958,0.148464720557569
electricity,standard,MAG_ONLY,81551,fixed1024,1024,BURST4,0.1703456678885997,11.170260518796567,0.1415732465503429
electricity,standard,MAG_ONLY,81551,fixed1024,1024,BURST8,0.1799200049030781,12.216666631742555,0.1497183727194576
electricity,standard,MAG_ONLY,81551,fixed1024,1024,FAULT,0.1731595139332375,11.43772652659148,0.1440304780858536
electricity,standard,MAG_ONLY,81551,fixed1024,1024,POINT16,0.1713789440742204,11.206462005487992,0.14220249097054
electricity,standard,MAG_ONLY,81551,fixed1024,1024,POINT4,0.1686083377350416,10.99942356756219,0.1405710337834047
electricity,standard,MAG_ONLY,81551,fixed1024,1024,POINT8,0.1703434841243257,11.104862036001578,0.1416530039338076
electricity,standard,MAG_ONLY,81551,fixed1024,1024,REFERENCE,0.1677517785212978,10.923696583806304,0.1399451506628838
electricity,standard,MAG_ONLY,81551,fixed1024,1024,SHIFT4,0.189853054205338,12.54012765973154,0.1554558731283377
electricity,standard,MAG_ONLY,81551,fixed1024,1024,SHIFT8,0.2023153300577091,13.25741232664888,0.1663798945439739
electricity,standard,MAG_ONLY,81551,fixed1024,1024,SHIFT_POINT,0.1955778344272524,12.847364256389293,0.1599019594453994
electricity,standard,MAG_ONLY,81551,selected,768,BURST16,0.17765027456903,11.87992848488284,0.1478746015037886
electricity,standard,MAG_ONLY,81551,selected,768,BURST4,0.170058952231576,11.154980165476443,0.1412379443895975
electricity,standard,MAG_ONLY,81551,selected,768,BURST8,0.1795667860733784,12.187705173753784,0.1493764996947622
electricity,standard,MAG_ONLY,81551,selected,768,FAULT,0.1727926681055347,11.412154551654265,0.143654300076949
electricity,standard,MAG_ONLY,81551,selected,768,POINT16,0.1709991345245697,11.181413919992336,0.1417973488555609
electricity,standard,MAG_ONLY,81551,selected,768,POINT4,0.1683616808336488,10.980852925873478,0.140267218150016
electricity,standard,MAG_ONLY,81551,selected,768,POINT8,0.1701191804010053,11.088046639946697,0.1413721878679691
electricity,standard,MAG_ONLY,81551,selected,768,REFERENCE,0.1675246167036819,10.905884707943189,0.139686709457596
electricity,standard,MAG_ONLY,81551,selected,768,SHIFT4,0.1895151416176668,12.52990563408892,0.1552708620397022
electricity,standard,MAG_ONLY,81551,selected,768,SHIFT8,0.2010786027996061,13.228403467783092,0.1652868858090145
electricity,standard,MAG_ONLY,81551,selected,768,SHIFT_POINT,0.1948228950883304,12.821578958851704,0.1593771091637973
electricity,standard,MAG_ONLY,81552,fixed1024,1024,BURST16,0.1762683588783122,11.760584350919087,0.1465179281003317
electricity,standard,MAG_ONLY,81552,fixed1024,1024,BURST4,0.1690970070268186,11.082457007520134,0.1404961477805655
electricity,standard,MAG_ONLY,81552,fixed1024,1024,BURST8,0.1783193116956249,12.161486005676124,0.14856176944991
electricity,standard,MAG_ONLY,81552,fixed1024,1024,FAULT,0.1713316589600761,11.322185225165107,0.1425032940406092
electricity,standard,MAG_ONLY,81552,fixed1024,1024,POINT16,0.1690215438038991,11.05669642927387,0.140413476384035
electricity,standard,MAG_ONLY,81552,fixed1024,1024,POINT4,0.1670049106099241,10.893481608603906,0.1390946769170846
electricity,standard,MAG_ONLY,81552,fixed1024,1024,POINT8,0.1682788217458777,10.978405948997532,0.1399357656117284
electricity,standard,MAG_ONLY,81552,fixed1024,1024,REFERENCE,0.1663231749468005,10.832522073047585,0.1387169823852763
electricity,standard,MAG_ONLY,81552,fixed1024,1024,SHIFT4,0.1884212911628282,12.40488721184767,0.1545910167360741
electricity,standard,MAG_ONLY,81552,fixed1024,1024,SHIFT8,0.2028300367670499,13.096710687277822,0.1670738063005738
electricity,standard,MAG_ONLY,81552,fixed1024,1024,SHIFT_POINT,0.1919675296574786,12.599118015060892,0.1575311170002663
electricity,standard,MAG_ONLY,81552,selected,768,BURST16,0.1760549751389847,11.757282738217327,0.1462989283520164
electricity,standard,MAG_ONLY,81552,selected,768,BURST4,0.1690587540393005,11.087891677641892,0.1403199078916438
electricity,standard,MAG_ONLY,81552,selected,768,BURST8,0.1781697616113433,12.150794851124374,0.1483332137238426
electricity,standard,MAG_ONLY,81552,selected,768,FAULT,0.1712431818110388,11.321626302444807,0.1423154627178552
electricity,standard,MAG_ONLY,81552,selected,768,POINT16,0.1689444584113993,11.055190583669171,0.1402269491550107
electricity,standard,MAG_ONLY,81552,selected,768,POINT4,0.1669542799996041,10.89476408786868,0.1389270965085081
electricity,standard,MAG_ONLY,81552,selected,768,POINT8,0.168276861665601,10.9838338761474,0.1397866806761097
electricity,standard,MAG_ONLY,81552,selected,768,REFERENCE,0.1662546400244993,10.832169518223964,0.1384989046761379
electricity,standard,MAG_ONLY,81552,selected,768,SHIFT4,0.1888051048091325,12.44166928256698,0.1547925386497534
electricity,standard,MAG_ONLY,81552,selected,768,SHIFT8,0.201769555471884,13.034696440498646,0.1661210125569566
electricity,standard,MAG_ONLY,81552,selected,768,SHIFT_POINT,0.1922169662631711,12.650880182632124,0.1576496320374436
electricity,standard,PETSA_XY_OFFLINE,81551,fixed1024,1024,BURST16,0.1766813359055958,11.764176422004285,0.1471715813418713
electricity,standard,PETSA_XY_OFFLINE,81551,fixed1024,1024,BURST4,0.1699759110166063,11.159359006043816,0.141227706988762
electricity,standard,PETSA_XY_OFFLINE,81551,fixed1024,1024,BURST8,0.179108685232045,12.161251161818656,0.1490907440184578
electricity,standard,PETSA_XY_OFFLINE,81551,fixed1024,1024,FAULT,0.1724618006130234,11.386001893950676,0.1434638197549891
electricity,standard,PETSA_XY_OFFLINE,81551,fixed1024,1024,POINT16,0.1705553243651927,11.155069943479248,0.1415941050105281
electricity,standard,PETSA_XY_OFFLINE,81551,fixed1024,1024,POINT4,0.1683582204458173,10.984092342428994,0.1402760307778179
electricity,standard,PETSA_XY_OFFLINE,81551,fixed1024,1024,POINT8,0.1700913267128835,11.09206248792907,0.1414227503924977
electricity,standard,PETSA_XY_OFFLINE,81551,fixed1024,1024,REFERENCE,0.1675151358228627,10.909998027000256,0.1396735230715735
electricity,standard,PETSA_XY_OFFLINE,81551,fixed1024,1024,SHIFT4,0.1903712007954357,12.578915225895198,0.1562643685938098
electricity,standard,PETSA_XY_OFFLINE,81551,fixed1024,1024,SHIFT8,0.2031966174418319,13.274869725250372,0.1672380992693399
electricity,standard,PETSA_XY_OFFLINE,81551,fixed1024,1024,SHIFT_POINT,0.1960687915888684,12.906494608622978,0.1606201361631308
electricity,standard,PETSA_XY_OFFLINE,81551,selected,768,BURST16,0.1762819586565627,11.742117892977546,0.1468389179651111
electricity,standard,PETSA_XY_OFFLINE,81551,selected,768,BURST4,0.1695447379238221,11.129158555687354,0.1408681026595392
electricity,standard,PETSA_XY_OFFLINE,81551,selected,768,BURST8,0.1786852658060765,12.131447538564316,0.148798681847908
electricity,standard,PETSA_XY_OFFLINE,81551,selected,768,FAULT,0.1720607864784467,11.358665904280002,0.1431366496254439
electricity,standard,PETSA_XY_OFFLINE,81551,selected,768,POINT16,0.1701334959842957,11.126185066955712,0.1412191298408237
electricity,standard,PETSA_XY_OFFLINE,81551,selected,768,POINT4,0.1680199092811852,10.958771555368005,0.1399909762427978
electricity,standard,PETSA_XY_OFFLINE,81551,selected,768,POINT8,0.1696993512187382,11.06431481612708,0.1411040891964839
electricity,standard,PETSA_XY_OFFLINE,81551,selected,768,REFERENCE,0.1671516298408816,10.883736688972933,0.1393855052588592
electricity,standard,PETSA_XY_OFFLINE,81551,selected,768,SHIFT4,0.1900881631354125,12.608507635982402,0.1559596429951291
electricity,standard,PETSA_XY_OFFLINE,81551,selected,768,SHIFT8,0.2019110242884776,13.223598953720282,0.165879358428177
electricity,standard,PETSA_XY_OFFLINE,81551,selected,768,SHIFT_POINT,0.195666589268463,12.925494483314203,0.1601856338150154
electricity,standard,PETSA_XY_OFFLINE,81552,fixed1024,1024,BURST16,0.1765675935289095,11.795231175774916,0.1468261463446602
electricity,standard,PETSA_XY_OFFLINE,81552,fixed1024,1024,BURST4,0.1691669926212403,11.060559744168586,0.1403245153792182
electricity,standard,PETSA_XY_OFFLINE,81552,fixed1024,1024,BURST8,0.1785945216755691,12.146158993785775,0.1485763904626281
electricity,standard,PETSA_XY_OFFLINE,81552,fixed1024,1024,FAULT,0.1716780740373745,11.31793182420184,0.1426287861758589
electricity,standard,PETSA_XY_OFFLINE,81552,fixed1024,1024,POINT16,0.1695873498848004,11.046542300202873,0.140821384174076
electricity,standard,PETSA_XY_OFFLINE,81552,fixed1024,1024,POINT4,0.1673427092873848,10.88261660736316,0.139090056412688
electricity,standard,PETSA_XY_OFFLINE,81552,fixed1024,1024,POINT8,0.1688092772263426,10.97648212391573,0.1401342242818827
electricity,standard,PETSA_XY_OFFLINE,81552,fixed1024,1024,REFERENCE,0.1667600208638071,10.828125731104592,0.1386817552093419
electricity,standard,PETSA_XY_OFFLINE,81552,fixed1024,1024,SHIFT4,0.1902132396983009,12.48318033286536,0.155829392492343
electricity,standard,PETSA_XY_OFFLINE,81552,fixed1024,1024,SHIFT8,0.2034682562846133,13.190385386413896,0.167439194348098
electricity,standard,PETSA_XY_OFFLINE,81552,fixed1024,1024,SHIFT_POINT,0.1942395940762748,12.704367820750724,0.1592755060259988
electricity,standard,PETSA_XY_OFFLINE,81552,selected,768,BURST16,0.1761343942564396,11.763586091552495,0.1464843926550527
electricity,standard,PETSA_XY_OFFLINE,81552,selected,768,BURST4,0.1689473607786041,11.036455684519524,0.1401355206175735
electricity,standard,PETSA_XY_OFFLINE,81552,selected,768,BURST8,0.1783540498177011,12.128018195144875,0.148427577226125
electricity,standard,PETSA_XY_OFFLINE,81552,selected,768,FAULT,0.171375082892299,11.29258607408507,0.1423920468527523
electricity,standard,PETSA_XY_OFFLINE,81552,selected,768,POINT16,0.1692656723618586,11.01992457088113,0.1405631736594442
electricity,standard,PETSA_XY_OFFLINE,81552,selected,768,POINT4,0.1670554286563835,10.857625317560633,0.1388625385985686
electricity,standard,PETSA_XY_OFFLINE,81552,selected,768,POINT8,0.168493591482807,10.94990658485176,0.1398790783597495
electricity,standard,PETSA_XY_OFFLINE,81552,selected,768,REFERENCE,0.1664713612488864,10.802352474642248,0.1384487830169604
electricity,standard,PETSA_XY_OFFLINE,81552,selected,768,SHIFT4,0.190482827920932,12.530053624991782,0.1559616389976093
electricity,standard,PETSA_XY_OFFLINE,81552,selected,768,SHIFT8,0.2024817904107091,13.148995242862297,0.1665505480460985
electricity,standard,PETSA_XY_OFFLINE,81552,selected,768,SHIFT_POINT,0.194459936396235,12.742845384809964,0.1594344999674112
electricity,standard,PLAIN,81551,fixed1024,1024,BURST16,0.1781688981389119,11.892843479774456,0.1483190597484221
electricity,standard,PLAIN,81551,fixed1024,1024,BURST4,0.1701632129907732,11.152384141962102,0.1414739874033255
electricity,standard,PLAIN,81551,fixed1024,1024,BURST8,0.1795688547777268,12.187663044252986,0.149492044298919
electricity,standard,PLAIN,81551,fixed1024,1024,FAULT,0.1729817471988873,11.418523078948056,0.1439500970303295
electricity,standard,PLAIN,81551,fixed1024,1024,POINT16,0.1712741915137655,11.192846643549274,0.1422460183971099
electricity,standard,PLAIN,81551,fixed1024,1024,POINT4,0.1684671975463868,10.989846664655488,0.1404961942539744
electricity,standard,PLAIN,81551,fixed1024,1024,POINT8,0.1702481282257593,11.095554499494028,0.1416732780802258
electricity,standard,PLAIN,81551,fixed1024,1024,REFERENCE,0.167577517574037,10.91102473293722,0.1398661764432316
electricity,standard,PLAIN,81551,fixed1024,1024,SHIFT4,0.1903419336249638,12.514378758281584,0.1559685863614076
electricity,standard,PLAIN,81551,fixed1024,1024,SHIFT8,0.2059710171827932,13.558835306133172,0.1698602729046582
electricity,standard,PLAIN,81551,fixed1024,1024,SHIFT_POINT,0.1959109152139145,12.828631923999575,0.1602576544360249
electricity,standard,PLAIN,81551,selected,512,BURST16,0.1775759610397823,11.866963312484586,0.1478131888385445
electricity,standard,PLAIN,81551,selected,512,BURST4,0.1698462518105908,11.135385780464276,0.141060604881416
electricity,standard,PLAIN,81551,selected,512,BURST8,0.179249234077356,12.159314690328756,0.1491169610311314
electricity,standard,PLAIN,81551,selected,512,FAULT,0.1725517992898465,11.390754306366338,0.1434715147481457
electricity,standard,PLAIN,81551,selected,512,POINT16,0.1706895472212371,11.152300270878186,0.141625001778334
electricity,standard,PLAIN,81551,selected,512,POINT4,0.168090977057594,10.963179940830742,0.1400222508690347
electricity,standard,PLAIN,81551,selected,512,POINT8,0.1698588245325187,11.06738184321148,0.1411910810904134
electricity,standard,PLAIN,81551,selected,512,REFERENCE,0.1672360917549172,10.886262221698416,0.1394414769125782
electricity,standard,PLAIN,81551,selected,512,SHIFT4,0.1892788615879906,12.46607693043924,0.1551768147431644
electricity,standard,PLAIN,81551,selected,512,SHIFT8,0.2016593313396533,13.295056910871224,0.1660588297696244
electricity,standard,PLAIN,81551,selected,512,SHIFT_POINT,0.1946874702696325,12.78438842485545,0.1593308920550636
electricity,standard,PLAIN,81552,fixed1024,1024,BURST16,0.176190671863466,11.757388020345388,0.1464013422719108
electricity,standard,PLAIN,81552,fixed1024,1024,BURST4,0.168665680959641,11.052302254734968,0.1402296083297551
electricity,standard,PLAIN,81552,fixed1024,1024,BURST8,0.1780027290733955,12.148431695171894,0.1484274520526521
electricity,standard,PLAIN,81552,fixed1024,1024,FAULT,0.1710933026205127,11.307125154036234,0.1423769918570104
electricity,standard,PLAIN,81552,fixed1024,1024,POINT16,0.168978733893317,11.047385553902132,0.1404687899441641
electricity,standard,PLAIN,81552,fixed1024,1024,POINT4,0.1667355096238534,10.876613025473487,0.1389575937429025
electricity,standard,PLAIN,81552,fixed1024,1024,POINT8,0.1679864903094032,10.960630374589527,0.1397771648006775
electricity,standard,PLAIN,81552,fixed1024,1024,REFERENCE,0.1659924363419048,10.811656995298108,0.1384971474297474
electricity,standard,PLAIN,81552,fixed1024,1024,SHIFT4,0.1889073036005311,12.406712028523168,0.1549829771774518
electricity,standard,PLAIN,81552,fixed1024,1024,SHIFT8,0.2071487809801221,13.381815998308548,0.1704312347660338
electricity,standard,PLAIN,81552,fixed1024,1024,SHIFT_POINT,0.1924038526141119,12.620530022530485,0.1578591991733035
electricity,standard,PLAIN,81552,selected,1024,BURST16,0.176190671863466,11.757388020345388,0.1464013422719108
electricity,standard,PLAIN,81552,selected,1024,BURST4,0.168665680959641,11.052302254734968,0.1402296083297551
electricity,standard,PLAIN,81552,selected,1024,BURST8,0.1780027290733955,12.148431695171894,0.1484274520526521
electricity,standard,PLAIN,81552,selected,1024,FAULT,0.1710933026205127,11.307125154036234,0.1423769918570104
electricity,standard,PLAIN,81552,selected,1024,POINT16,0.168978733893317,11.047385553902132,0.1404687899441641
electricity,standard,PLAIN,81552,selected,1024,POINT4,0.1667355096238534,10.876613025473487,0.1389575937429025
electricity,standard,PLAIN,81552,selected,1024,POINT8,0.1679864903094032,10.960630374589527,0.1397771648006775
electricity,standard,PLAIN,81552,selected,1024,REFERENCE,0.1659924363419048,10.811656995298108,0.1384971474297474
electricity,standard,PLAIN,81552,selected,1024,SHIFT4,0.1889073036005311,12.406712028523168,0.1549829771774518
electricity,standard,PLAIN,81552,selected,1024,SHIFT8,0.2071487809801221,13.381815998308548,0.1704312347660338
electricity,standard,PLAIN,81552,selected,1024,SHIFT_POINT,0.1924038526141119,12.620530022530485,0.1578591991733035
electricity,standard,TOKEN_GATE,81551,fixed1024,1024,BURST16,0.1781573107446296,11.893540397613831,0.1482912003607264
electricity,standard,TOKEN_GATE,81551,fixed1024,1024,BURST4,0.17016577931868,11.152651618147502,0.1414295178680689
electricity,standard,TOKEN_GATE,81551,fixed1024,1024,BURST8,0.1796031178479261,12.193007832611327,0.1494761241312194
electricity,standard,TOKEN_GATE,81551,fixed1024,1024,FAULT,0.1729977937694749,11.4208196396418,0.1439239281456222
electricity,standard,TOKEN_GATE,81551,fixed1024,1024,POINT16,0.1712963290069089,11.19521115298994,0.1422383488778877
electricity,standard,TOKEN_GATE,81551,fixed1024,1024,POINT4,0.1684869796589516,10.992633503090474,0.1404683991994938
electricity,standard,TOKEN_GATE,81551,fixed1024,1024,POINT8,0.1702772460397531,11.097873333397729,0.1416399784363369
electricity,standard,TOKEN_GATE,81551,fixed1024,1024,REFERENCE,0.1676111469491552,10.914070173545042,0.1398441224082159
electricity,standard,TOKEN_GATE,81551,fixed1024,1024,SHIFT4,0.1903529193506774,12.523817017137375,0.1559373007150343
electricity,standard,TOKEN_GATE,81551,fixed1024,1024,SHIFT8,0.2052661097550201,13.523536527756194,0.1693105595623588
electricity,standard,TOKEN_GATE,81551,fixed1024,1024,SHIFT_POINT,0.1959670251470974,12.842689277419128,0.1602617490061638
electricity,standard,TOKEN_GATE,81551,selected,768,BURST16,0.1773865826165991,11.832328670723657,0.147688902846489
electricity,standard,TOKEN_GATE,81551,selected,768,BURST4,0.1696365646135582,11.127257960368295,0.1409250579938441
electricity,standard,TOKEN_GATE,81551,selected,768,BURST8,0.1790156215682813,12.152207568797166,0.1489871028141571
electricity,standard,TOKEN_GATE,81551,selected,768,FAULT,0.1723812795272749,11.381463932113547,0.1433808828920775
electricity,standard,TOKEN_GATE,81551,selected,768,POINT16,0.170524775462546,11.149079186943707,0.1415396339220474
electricity,standard,TOKEN_GATE,81551,selected,768,POINT4,0.1679706658751051,10.961445071814524,0.1399970793886274
electricity,standard,TOKEN_GATE,81551,selected,768,POINT8,0.1697534670275599,11.066465134033932,0.1411475203873003
electricity,standard,TOKEN_GATE,81551,selected,768,REFERENCE,0.1671015288811964,10.885070791700857,0.1393984295444885
electricity,standard,TOKEN_GATE,81551,selected,768,SHIFT4,0.1893759893098428,12.497938598747773,0.1551792276678317
electricity,standard,TOKEN_GATE,81551,selected,768,SHIFT8,0.2015647720422486,13.292680684862312,0.1659643611935379
electricity,standard,TOKEN_GATE,81551,selected,768,SHIFT_POINT,0.1948763445871136,12.8272062320331,0.1594075304974659
electricity,standard,TOKEN_GATE,81552,fixed1024,1024,BURST16,0.1762866481069684,11.764040864552952,0.1464592092893593
electricity,standard,TOKEN_GATE,81552,fixed1024,1024,BURST4,0.1686123141681613,11.050923154129125,0.1402081637551084
electricity,standard,TOKEN_GATE,81552,fixed1024,1024,BURST8,0.1779925417980283,12.15227661885001,0.1484450627744068
electricity,standard,TOKEN_GATE,81552,fixed1024,1024,FAULT,0.1710868007134529,11.308073051926234,0.1423893203165619
electricity,standard,TOKEN_GATE,81552,fixed1024,1024,POINT16,0.16901677444902,11.048693122225814,0.1405409364286084
electricity,standard,TOKEN_GATE,81552,fixed1024,1024,POINT4,0.1666899401915062,10.874248440573863,0.1389418323302709
electricity,standard,TOKEN_GATE,81552,fixed1024,1024,POINT8,0.1679225855670329,10.958256111225635,0.139740717321618
electricity,standard,TOKEN_GATE,81552,fixed1024,1024,REFERENCE,0.1659202937491374,10.808117126231082,0.1384766789488254
electricity,standard,TOKEN_GATE,81552,fixed1024,1024,SHIFT4,0.1889186958610952,12.421090177036213,0.1549629561242135
electricity,standard,TOKEN_GATE,81552,fixed1024,1024,SHIFT8,0.2069770020944694,13.376429640896175,0.1701746173643663
electricity,standard,TOKEN_GATE,81552,fixed1024,1024,SHIFT_POINT,0.192681190665689,12.657983879821218,0.157980315099331
electricity,standard,TOKEN_GATE,81552,selected,1024,BURST16,0.1762866481069684,11.764040864552952,0.1464592092893593
electricity,standard,TOKEN_GATE,81552,selected,1024,BURST4,0.1686123141681613,11.050923154129125,0.1402081637551084
electricity,standard,TOKEN_GATE,81552,selected,1024,BURST8,0.1779925417980283,12.15227661885001,0.1484450627744068
electricity,standard,TOKEN_GATE,81552,selected,1024,FAULT,0.1710868007134529,11.308073051926234,0.1423893203165619
electricity,standard,TOKEN_GATE,81552,selected,1024,POINT16,0.16901677444902,11.048693122225814,0.1405409364286084
electricity,standard,TOKEN_GATE,81552,selected,1024,POINT4,0.1666899401915062,10.874248440573863,0.1389418323302709
electricity,standard,TOKEN_GATE,81552,selected,1024,POINT8,0.1679225855670329,10.958256111225635,0.139740717321618
electricity,standard,TOKEN_GATE,81552,selected,1024,REFERENCE,0.1659202937491374,10.808117126231082,0.1384766789488254
electricity,standard,TOKEN_GATE,81552,selected,1024,SHIFT4,0.1889186958610952,12.421090177036213,0.1549629561242135
electricity,standard,TOKEN_GATE,81552,selected,1024,SHIFT8,0.2069770020944694,13.376429640896175,0.1701746173643663
electricity,standard,TOKEN_GATE,81552,selected,1024,SHIFT_POINT,0.192681190665689,12.657983879821218,0.157980315099331
electricity,standard,TOKEN_GATE_ENTROPY,81551,fixed1024,1024,BURST16,0.1784300617001433,11.929503916071551,0.1484738184946347
electricity,standard,TOKEN_GATE_ENTROPY,81551,fixed1024,1024,BURST4,0.170385425049359,11.16255612778332,0.1415342711371292
electricity,standard,TOKEN_GATE_ENTROPY,81551,fixed1024,1024,BURST8,0.1800927135926651,12.234591034721234,0.1497957582287713
electricity,standard,TOKEN_GATE_ENTROPY,81551,fixed1024,1024,FAULT,0.1733074350616621,11.443420069933683,0.1441066910440018
electricity,standard,TOKEN_GATE_ENTROPY,81551,fixed1024,1024,POINT16,0.1716118314323469,11.213760993647156,0.1424440832164518
electricity,standard,TOKEN_GATE_ENTROPY,81551,fixed1024,1024,POINT4,0.1687547502196644,11.007397175737424,0.1406144111018269
electricity,standard,TOKEN_GATE_ENTROPY,81551,fixed1024,1024,POINT8,0.1705698283757942,11.112711171641422,0.1417778040851969
electricity,standard,TOKEN_GATE_ENTROPY,81551,fixed1024,1024,REFERENCE,0.1679100249726851,10.92975541506894,0.1399933199589527
electricity,standard,TOKEN_GATE_ENTROPY,81551,fixed1024,1024,SHIFT4,0.1920785571802357,12.675204480098085,0.1571357238657883
electricity,standard,TOKEN_GATE_ENTROPY,81551,fixed1024,1024,SHIFT8,0.2057046799826116,13.592798339304656,0.1697168251246787
electricity,standard,TOKEN_GATE_ENTROPY,81551,fixed1024,1024,SHIFT_POINT,0.1981710455150234,13.029590768471364,0.1618020590403555
electricity,standard,TOKEN_GATE_ENTROPY,81551,selected,768,BURST16,0.1775916602259785,11.867229324529037,0.1478356408830388
electricity,standard,TOKEN_GATE_ENTROPY,81551,selected,768,BURST4,0.1699865242746349,11.14547672844492,0.1411451464376671
electricity,standard,TOKEN_GATE_ENTROPY,81551,selected,768,BURST8,0.1795660743566415,12.196343250947391,0.149356317497954
electricity,standard,TOKEN_GATE_ENTROPY,81551,selected,768,FAULT,0.1727740793213,11.40869531581969,0.1436347172141701
electricity,standard,TOKEN_GATE_ENTROPY,81551,selected,768,POINT16,0.1710100790909684,11.176130219144396,0.1418782906753152
electricity,standard,TOKEN_GATE_ENTROPY,81551,selected,768,POINT4,0.1683202176922679,10.979781682362956,0.1402026144740419
electricity,standard,TOKEN_GATE_ENTROPY,81551,selected,768,POINT8,0.170169920287309,11.08721068948944,0.1413902933170036
electricity,standard,TOKEN_GATE_ENTROPY,81551,selected,768,REFERENCE,0.1674864754717895,10.904196167757618,0.1396184330923019
electricity,standard,TOKEN_GATE_ENTROPY,81551,selected,768,SHIFT4,0.1895756069118253,12.50491127257538,0.1552866467455874
electricity,standard,TOKEN_GATE_ENTROPY,81551,selected,768,SHIFT8,0.2007958277397886,13.24561600544469,0.1654521742329082
electricity,standard,TOKEN_GATE_ENTROPY,81551,selected,768,SHIFT_POINT,0.1951416778291462,12.83138484870472,0.1595350659050365
electricity,standard,TOKEN_GATE_ENTROPY,81552,fixed1024,1024,BURST16,0.175408121112613,11.699982173719036,0.1458619238139216
electricity,standard,TOKEN_GATE_ENTROPY,81552,fixed1024,1024,BURST4,0.1682714767246344,10.999699990468798,0.139716425941039
electricity,standard,TOKEN_GATE_ENTROPY,81552,fixed1024,1024,BURST8,0.1776571405194894,12.08681661889932,0.1480055147695201
electricity,standard,TOKEN_GATE_ENTROPY,81552,fixed1024,1024,FAULT,0.1706960247129999,11.25605642492701,0.141923197534466
electricity,standard,TOKEN_GATE_ENTROPY,81552,fixed1024,1024,POINT16,0.1686616480683331,10.997875031993315,0.1401104072100822
electricity,standard,TOKEN_GATE_ENTROPY,81552,fixed1024,1024,POINT4,0.1664074388817953,10.832293622974248,0.1384447847565201
electricity,standard,TOKEN_GATE_ENTROPY,81552,fixed1024,1024,POINT8,0.167770322971134,10.91967111150734,0.1394001287157133
electricity,standard,TOKEN_GATE_ENTROPY,81552,fixed1024,1024,REFERENCE,0.1658016535474473,10.774934059474615,0.1380255777891385
electricity,standard,TOKEN_GATE_ENTROPY,81552,fixed1024,1024,SHIFT4,0.1891529362729961,12.377155020915673,0.1552539149239038
electricity,standard,TOKEN_GATE_ENTROPY,81552,fixed1024,1024,SHIFT8,0.2057443404509503,13.283118851344344,0.1696309027760088
electricity,standard,TOKEN_GATE_ENTROPY,81552,fixed1024,1024,SHIFT_POINT,0.1934063199353773,12.591682472237538,0.158807982611227
electricity,standard,TOKEN_GATE_ENTROPY,81552,selected,768,BURST16,0.1754457602806288,11.703069017916278,0.1458827541162393
electricity,standard,TOKEN_GATE_ENTROPY,81552,selected,768,BURST4,0.1682659951924494,10.999992653611116,0.1397196370327962
electricity,standard,TOKEN_GATE_ENTROPY,81552,selected,768,BURST8,0.1775680327151726,12.0744252889599,0.1479073568288809
electricity,standard,TOKEN_GATE_ENTROPY,81552,selected,768,FAULT,0.1706769053318141,11.25436481891605,0.1419087441530452
electricity,standard,TOKEN_GATE_ENTROPY,81552,selected,768,POINT16,0.1686496841310313,10.997797002135483,0.1401084289236887
electricity,standard,TOKEN_GATE_ENTROPY,81552,selected,768,POINT4,0.1663788141371874,10.831626309940477,0.1384352505225199
electricity,standard,TOKEN_GATE_ENTROPY,81552,selected,768,POINT8,0.1677531455344151,10.919278640933044,0.1393990374941463
electricity,standard,TOKEN_GATE_ENTROPY,81552,selected,768,REFERENCE,0.1657707440943342,10.774194223311495,0.138015438355306
electricity,standard,TOKEN_GATE_ENTROPY,81552,selected,768,SHIFT4,0.1890753676932982,12.396702239345297,0.1551902019248888
electricity,standard,TOKEN_GATE_ENTROPY,81552,selected,768,SHIFT8,0.2042709603609126,13.208444394115444,0.1685916166952963
electricity,standard,TOKEN_GATE_ENTROPY,81552,selected,768,SHIFT_POINT,0.1931402609746742,12.59911639863108,0.1586700906077083
electricity_transfer,shape,B0,81551,fixed1024,768,PAIRED_SHIFT8_D32,0.3891380736575109,3319.0720163918218,0.3142409175150664
electricity_transfer,shape,B0,81551,fixed1024,768,PULSE8_D32,7.026497943596206,86673.35693900788,6.8465126202181406
electricity_transfer,shape,B0,81551,fixed1024,768,RAMP8_D32,0.952560982785446,8456.199308331012,0.7478025815089682
electricity_transfer,shape,B0,81551,fixed1024,768,STEP12_D17,0.5822282099360754,6055.058099575776,0.4761971392272924
electricity_transfer,shape,B0,81551,fixed1024,768,STEP12_D63,0.4113380322504023,3255.523872393137,0.3269298045680955
electricity_transfer,shape,B0,81551,fixed1024,768,STEP6_D17,0.4118051159163364,3516.1621645338246,0.3304430505701592
electricity_transfer,shape,B0,81551,fixed1024,768,STEP6_D63,0.360955539342189,2680.5233021128024,0.2858249503575408
electricity_transfer,shape,B0,81551,fixed1024,768,STEP8_D31,0.3807328921724644,3114.8408660588566,0.3125208391273028
electricity_transfer,shape,B0,81551,fixed1024,768,STEP8_D33,0.3988651771175441,3494.7248008875285,0.3205480593885834
electricity_transfer,shape,B0,81551,selected,768,PAIRED_SHIFT8_D32,0.3891380736575109,3319.0720163918218,0.3142409175150664
electricity_transfer,shape,B0,81551,selected,768,PULSE8_D32,7.026497943596206,86673.35693900788,6.8465126202181406
electricity_transfer,shape,B0,81551,selected,768,RAMP8_D32,0.952560982785446,8456.199308331012,0.7478025815089682
electricity_transfer,shape,B0,81551,selected,768,STEP12_D17,0.5822282099360754,6055.058099575776,0.4761971392272924
electricity_transfer,shape,B0,81551,selected,768,STEP12_D63,0.4113380322504023,3255.523872393137,0.3269298045680955
electricity_transfer,shape,B0,81551,selected,768,STEP6_D17,0.4118051159163364,3516.1621645338246,0.3304430505701592
electricity_transfer,shape,B0,81551,selected,768,STEP6_D63,0.360955539342189,2680.5233021128024,0.2858249503575408
electricity_transfer,shape,B0,81551,selected,768,STEP8_D31,0.3807328921724644,3114.8408660588566,0.3125208391273028
electricity_transfer,shape,B0,81551,selected,768,STEP8_D33,0.3988651771175441,3494.7248008875285,0.3205480593885834
electricity_transfer,shape,B0,81552,fixed1024,512,PAIRED_SHIFT8_D32,0.4169135753781621,3976.2905505587023,0.3333972462649531
electricity_transfer,shape,B0,81552,fixed1024,512,PULSE8_D32,6.886718787792802,84762.30339244392,6.68500118429108
electricity_transfer,shape,B0,81552,fixed1024,512,RAMP8_D32,0.8839357963111114,8568.322836015144,0.6848963767618916
electricity_transfer,shape,B0,81552,fixed1024,512,STEP12_D17,0.7216019544636572,8291.459089161961,0.5785591592004508
electricity_transfer,shape,B0,81552,fixed1024,512,STEP12_D63,0.3714624323176014,2696.5763030540274,0.2987440599539488
electricity_transfer,shape,B0,81552,fixed1024,512,STEP6_D17,0.4514313088635943,4419.220444972124,0.3584075778452655
electricity_transfer,shape,B0,81552,fixed1024,512,STEP6_D63,0.3236020559900276,2119.1768356438924,0.2577542122885057
electricity_transfer,shape,B0,81552,fixed1024,512,STEP8_D31,0.4196664424254276,4057.746270184413,0.3372764515218452
electricity_transfer,shape,B0,81552,fixed1024,512,STEP8_D33,0.4442196073566347,4558.9025620582215,0.3550462661804107
electricity_transfer,shape,B0,81552,selected,512,PAIRED_SHIFT8_D32,0.4169135753781621,3976.2905505587023,0.3333972462649531
electricity_transfer,shape,B0,81552,selected,512,PULSE8_D32,6.886718787792802,84762.30339244392,6.68500118429108
electricity_transfer,shape,B0,81552,selected,512,RAMP8_D32,0.8839357963111114,8568.322836015144,0.6848963767618916
electricity_transfer,shape,B0,81552,selected,512,STEP12_D17,0.7216019544636572,8291.459089161961,0.5785591592004508
electricity_transfer,shape,B0,81552,selected,512,STEP12_D63,0.3714624323176014,2696.5763030540274,0.2987440599539488
electricity_transfer,shape,B0,81552,selected,512,STEP6_D17,0.4514313088635943,4419.220444972124,0.3584075778452655
electricity_transfer,shape,B0,81552,selected,512,STEP6_D63,0.3236020559900276,2119.1768356438924,0.2577542122885057
electricity_transfer,shape,B0,81552,selected,512,STEP8_D31,0.4196664424254276,4057.746270184413,0.3372764515218452
electricity_transfer,shape,B0,81552,selected,512,STEP8_D33,0.4442196073566347,4558.9025620582215,0.3550462661804107
electricity_transfer,shape,C3,81551,fixed1024,1024,PAIRED_SHIFT8_D32,0.361715817814536,2821.5390446980305,0.2931577400813311
electricity_transfer,shape,C3,81551,fixed1024,1024,PULSE8_D32,7.035548092758298,87001.17586579995,6.85699769312277
electricity_transfer,shape,C3,81551,fixed1024,1024,RAMP8_D32,0.9913142496559668,8817.033678687167,0.780627243350725
electricity_transfer,shape,C3,81551,fixed1024,1024,STEP12_D17,0.5529296416488292,5497.4846270725975,0.4427458212362922
electricity_transfer,shape,C3,81551,fixed1024,1024,STEP12_D63,0.4005973254350798,3163.0976503463075,0.3174469412926356
electricity_transfer,shape,C3,81551,fixed1024,1024,STEP6_D17,0.3991139722990121,3293.465469156207,0.3181063491794009
electricity_transfer,shape,C3,81551,fixed1024,1024,STEP6_D63,0.3467775822039515,2533.67888890818,0.274124661574481
electricity_transfer,shape,C3,81551,fixed1024,1024,STEP8_D31,0.3658910135036887,2844.5954456247205,0.3024097695722303
electricity_transfer,shape,C3,81551,fixed1024,1024,STEP8_D33,0.3767583846578012,3124.502129818259,0.3037426755065448
electricity_transfer,shape,C3,81551,selected,768,PAIRED_SHIFT8_D32,0.3627202455636387,2812.462340596813,0.2942741549602736
electricity_transfer,shape,C3,81551,selected,768,PULSE8_D32,7.059991738053184,87243.42502076653,6.884229698950083
electricity_transfer,shape,C3,81551,selected,768,RAMP8_D32,0.969641551666526,8566.829885431329,0.7643195825493189
electricity_transfer,shape,C3,81551,selected,768,STEP12_D17,0.5466698307211066,5403.959397066116,0.4384136086090646
electricity_transfer,shape,C3,81551,selected,768,STEP12_D63,0.4135866845782603,3345.8457685484896,0.327158441472834
electricity_transfer,shape,C3,81551,selected,768,STEP6_D17,0.4007410873369391,3307.8018420835883,0.3193670133524324
electricity_transfer,shape,C3,81551,selected,768,STEP6_D63,0.352046948454327,2602.9764636006566,0.2782579496478057
electricity_transfer,shape,C3,81551,selected,768,STEP8_D31,0.3668678431773039,2812.8049894073,0.3030444572223041
electricity_transfer,shape,C3,81551,selected,768,STEP8_D33,0.3739908195765827,3034.3010735177686,0.3018310098431654
electricity_transfer,shape,C3,81552,fixed1024,1024,PAIRED_SHIFT8_D32,0.3704855369856941,3029.376865485705,0.2968968707992102
electricity_transfer,shape,C3,81552,fixed1024,1024,PULSE8_D32,6.973685149933863,86083.35563029442,6.782336595485138
electricity_transfer,shape,C3,81552,fixed1024,1024,RAMP8_D32,0.8239866062898826,7661.521294030195,0.6400804234438631
electricity_transfer,shape,C3,81552,fixed1024,1024,STEP12_D17,0.5843693613914519,5963.221868079965,0.4741458392279229
electricity_transfer,shape,C3,81552,fixed1024,1024,STEP12_D63,0.3780765957650029,2856.0878638675235,0.3003305652894691
electricity_transfer,shape,C3,81552,fixed1024,1024,STEP6_D17,0.4046061241404408,3418.4088608716447,0.3238221058706111
electricity_transfer,shape,C3,81552,fixed1024,1024,STEP6_D63,0.3310324996149321,2241.523917107616,0.26202753689432
electricity_transfer,shape,C3,81552,fixed1024,1024,STEP8_D31,0.3736064816797578,3061.583479182929,0.3017651329473846
electricity_transfer,shape,C3,81552,fixed1024,1024,STEP8_D33,0.3943329448303027,3537.5080722463927,0.316260635075047
electricity_transfer,shape,C3,81552,selected,768,PAIRED_SHIFT8_D32,0.3685946676180216,2990.1691270620886,0.2950466724216146
electricity_transfer,shape,C3,81552,selected,768,PULSE8_D32,6.990757770873129,86244.38649326266,6.796912436931269
electricity_transfer,shape,C3,81552,selected,768,RAMP8_D32,0.8171383019307668,7679.735172997914,0.6332306740672817
electricity_transfer,shape,C3,81552,selected,768,STEP12_D17,0.5964889819700575,6204.672871344737,0.4847498447657412
electricity_transfer,shape,C3,81552,selected,768,STEP12_D63,0.3909753700784095,3019.867542388136,0.3096305642222072
electricity_transfer,shape,C3,81552,selected,768,STEP6_D17,0.4080503570275455,3517.4702314229144,0.3268228092003623
electricity_transfer,shape,C3,81552,selected,768,STEP6_D63,0.3376336348955966,2323.178610093432,0.2667760744223704
electricity_transfer,shape,C3,81552,selected,768,STEP8_D31,0.3702389834358611,2993.013261831361,0.2985287857970815
electricity_transfer,shape,C3,81552,selected,768,STEP8_D33,0.3876976065917132,3415.878390487613,0.3103052855838004
electricity_transfer,shape,MAG_ONLY,81551,fixed1024,1024,PAIRED_SHIFT8_D32,0.3619101962032958,2831.445098173251,0.293561031535228
electricity_transfer,shape,MAG_ONLY,81551,fixed1024,1024,PULSE8_D32,7.030768400702081,86933.9157657485,6.852776171217579
electricity_transfer,shape,MAG_ONLY,81551,fixed1024,1024,RAMP8_D32,0.9905155908223962,8831.50554739071,0.7792681780614152
electricity_transfer,shape,MAG_ONLY,81551,fixed1024,1024,STEP12_D17,0.5584083911244307,5582.527421053686,0.4471308796637471
electricity_transfer,shape,MAG_ONLY,81551,fixed1024,1024,STEP12_D63,0.3965757991527585,3100.320715796201,0.3146620950207137
electricity_transfer,shape,MAG_ONLY,81551,fixed1024,1024,STEP6_D17,0.3999099787715264,3312.243598422545,0.3189076256964957
electricity_transfer,shape,MAG_ONLY,81551,fixed1024,1024,STEP6_D63,0.3444481123698272,2498.045769463089,0.2725158177998776
electricity_transfer,shape,MAG_ONLY,81551,fixed1024,1024,STEP8_D31,0.3663026971904998,2861.600210067388,0.302883546717279
electricity_transfer,shape,MAG_ONLY,81551,fixed1024,1024,STEP8_D33,0.3778102226021695,3153.6187433821624,0.3045585535367395
electricity_transfer,shape,MAG_ONLY,81551,selected,768,PAIRED_SHIFT8_D32,0.3621022632131718,2803.043057196106,0.293774427801533
electricity_transfer,shape,MAG_ONLY,81551,selected,768,PULSE8_D32,7.059179835050502,87231.28207138105,6.8830970538718
electricity_transfer,shape,MAG_ONLY,81551,selected,768,RAMP8_D32,0.9679669185209177,8551.341235755941,0.7621607175771582
electricity_transfer,shape,MAG_ONLY,81551,selected,768,STEP12_D17,0.5479324782277772,5418.479278623937,0.4390445661497312
electricity_transfer,shape,MAG_ONLY,81551,selected,768,STEP12_D63,0.4109538360080619,3309.671734505452,0.3253048697775634
electricity_transfer,shape,MAG_ONLY,81551,selected,768,STEP6_D17,0.401220618698056,3308.423441948399,0.3197515967807571
electricity_transfer,shape,MAG_ONLY,81551,selected,768,STEP6_D63,0.3502664942749957,2577.3719834210747,0.2769936501588079
electricity_transfer,shape,MAG_ONLY,81551,selected,768,STEP8_D31,0.3668200887895789,2814.475632624244,0.3028701110707031
electricity_transfer,shape,MAG_ONLY,81551,selected,768,STEP8_D33,0.3739661151638649,3038.7451466151506,0.3016226566148471
electricity_transfer,shape,MAG_ONLY,81552,fixed1024,1024,PAIRED_SHIFT8_D32,0.3695891211493219,3006.916192923717,0.296374741173171
electricity_transfer,shape,MAG_ONLY,81552,fixed1024,1024,PULSE8_D32,6.976121121535962,86116.7852456349,6.784792184613581
electricity_transfer,shape,MAG_ONLY,81552,fixed1024,1024,RAMP8_D32,0.8071151584043037,7530.848192710375,0.626953318283831
electricity_transfer,shape,MAG_ONLY,81552,fixed1024,1024,STEP12_D17,0.551599865513562,5459.379952513624,0.4495299110755215
electricity_transfer,shape,MAG_ONLY,81552,fixed1024,1024,STEP12_D63,0.3821962399782443,2910.150068734345,0.3031046982300573
electricity_transfer,shape,MAG_ONLY,81552,fixed1024,1024,STEP6_D17,0.3946474099663655,3219.546869850087,0.3162478359187792
electricity_transfer,shape,MAG_ONLY,81552,fixed1024,1024,STEP6_D63,0.3335714975258345,2277.901453813116,0.2637388032242316
electricity_transfer,shape,MAG_ONLY,81552,fixed1024,1024,STEP8_D31,0.3731574061512502,3059.346298005628,0.3015378573633988
electricity_transfer,shape,MAG_ONLY,81552,fixed1024,1024,STEP8_D33,0.389812013151554,3447.6898619955946,0.3127589973296288
electricity_transfer,shape,MAG_ONLY,81552,selected,768,PAIRED_SHIFT8_D32,0.3663794011386528,2940.967104623818,0.2933690143124326
electricity_transfer,shape,MAG_ONLY,81552,selected,768,PULSE8_D32,6.996502980004075,86325.04289853471,6.802929241207661
electricity_transfer,shape,MAG_ONLY,81552,selected,768,RAMP8_D32,0.8077544832106008,7651.168488657545,0.6264672274503066
electricity_transfer,shape,MAG_ONLY,81552,selected,768,STEP12_D17,0.5648136600404102,5701.507457194608,0.459475538470002
electricity_transfer,shape,MAG_ONLY,81552,selected,768,STEP12_D63,0.3974548866941067,3120.112707330531,0.3141708272931944
electricity_transfer,shape,MAG_ONLY,81552,selected,768,STEP6_D17,0.3990079421566375,3318.131706856534,0.3196241243595153
electricity_transfer,shape,MAG_ONLY,81552,selected,768,STEP6_D63,0.3409834181872406,2378.551345430666,0.2691003536121414
electricity_transfer,shape,MAG_ONLY,81552,selected,768,STEP8_D31,0.3689409773094826,2968.0418669154446,0.2975224961158145
electricity_transfer,shape,MAG_ONLY,81552,selected,768,STEP8_D33,0.3830002760364964,3316.8109657132163,0.306569965550879
electricity_transfer,shape,PETSA_XY_OFFLINE,81551,fixed1024,1024,PAIRED_SHIFT8_D32,0.3675510671622365,2903.1284202487136,0.2970373684399391
electricity_transfer,shape,PETSA_XY_OFFLINE,81551,fixed1024,1024,PULSE8_D32,7.016619790673128,86710.85428787678,6.830162018129021
electricity_transfer,shape,PETSA_XY_OFFLINE,81551,fixed1024,1024,RAMP8_D32,0.982786700589481,8765.385726245187,0.770695925335038
electricity_transfer,shape,PETSA_XY_OFFLINE,81551,fixed1024,1024,STEP12_D17,0.5635196159516183,5608.386998826805,0.45847521866601
electricity_transfer,shape,PETSA_XY_OFFLINE,81551,fixed1024,1024,STEP12_D63,0.4050476710639993,3183.071380210574,0.3225017205492468
electricity_transfer,shape,PETSA_XY_OFFLINE,81551,fixed1024,1024,STEP6_D17,0.403289606255367,3277.332463337708,0.3234023999875018
electricity_transfer,shape,PETSA_XY_OFFLINE,81551,fixed1024,1024,STEP6_D63,0.3501956504309337,2455.8933045494973,0.2778596114281579
electricity_transfer,shape,PETSA_XY_OFFLINE,81551,fixed1024,1024,STEP8_D31,0.3660429124662392,2791.3975724594443,0.3031939729715424
electricity_transfer,shape,PETSA_XY_OFFLINE,81551,fixed1024,1024,STEP8_D33,0.3789356527132644,3124.735780474113,0.3035977982682543
electricity_transfer,shape,PETSA_XY_OFFLINE,81551,selected,768,PAIRED_SHIFT8_D32,0.3670210206693645,2901.7271469214543,0.2974007217067125
electricity_transfer,shape,PETSA_XY_OFFLINE,81551,selected,768,PULSE8_D32,7.041608745871391,86936.61964190277,6.859268321235493
electricity_transfer,shape,PETSA_XY_OFFLINE,81551,selected,768,RAMP8_D32,0.955970514989899,8435.813287456518,0.7509650372138793
electricity_transfer,shape,PETSA_XY_OFFLINE,81551,selected,768,STEP12_D17,0.5612309918545959,5644.42287073429,0.4581372039410681
electricity_transfer,shape,PETSA_XY_OFFLINE,81551,selected,768,STEP12_D63,0.420250497721397,3358.984867689395,0.3337953972014084
electricity_transfer,shape,PETSA_XY_OFFLINE,81551,selected,768,STEP6_D17,0.4021502586846046,3297.7961214603647,0.3228176475880845
electricity_transfer,shape,PETSA_XY_OFFLINE,81551,selected,768,STEP6_D63,0.3602532204558347,2618.4141879080285,0.28528496464482
electricity_transfer,shape,PETSA_XY_OFFLINE,81551,selected,768,STEP8_D31,0.3648818169248858,2771.925433658573,0.301931667033482
electricity_transfer,shape,PETSA_XY_OFFLINE,81551,selected,768,STEP8_D33,0.375974748751454,3075.413176789141,0.3023726014155117
electricity_transfer,shape,PETSA_XY_OFFLINE,81552,fixed1024,1024,PAIRED_SHIFT8_D32,0.3780633298548453,3163.6466391395297,0.3004720215006649
electricity_transfer,shape,PETSA_XY_OFFLINE,81552,fixed1024,1024,PULSE8_D32,6.992503746608462,86111.37772737963,6.789688276225558
electricity_transfer,shape,PETSA_XY_OFFLINE,81552,fixed1024,1024,RAMP8_D32,0.8023968140553456,7804.122842231858,0.6163667353137852
electricity_transfer,shape,PETSA_XY_OFFLINE,81552,fixed1024,1024,STEP12_D17,0.5791035694856339,6118.567535532582,0.4677039039177965
electricity_transfer,shape,PETSA_XY_OFFLINE,81552,fixed1024,1024,STEP12_D63,0.4032003757994836,3124.9544251198668,0.3199264726252401
electricity_transfer,shape,PETSA_XY_OFFLINE,81552,fixed1024,1024,STEP6_D17,0.4026152504288776,3409.057344214265,0.3218579118425235
electricity_transfer,shape,PETSA_XY_OFFLINE,81552,fixed1024,1024,STEP6_D63,0.338764835010832,2319.8511678899167,0.2677591627943286
electricity_transfer,shape,PETSA_XY_OFFLINE,81552,fixed1024,1024,STEP8_D31,0.3764346315588051,3109.4101437333534,0.3007669867177524
electricity_transfer,shape,PETSA_XY_OFFLINE,81552,fixed1024,1024,STEP8_D33,0.4010344420421756,3664.528457661234,0.318288302362388
electricity_transfer,shape,PETSA_XY_OFFLINE,81552,selected,768,PAIRED_SHIFT8_D32,0.3707203150751635,3009.419776944357,0.2947369816969409
electricity_transfer,shape,PETSA_XY_OFFLINE,81552,selected,768,PULSE8_D32,7.021443767135497,86468.71909379985,6.818740425730401
electricity_transfer,shape,PETSA_XY_OFFLINE,81552,selected,768,RAMP8_D32,0.7984590004367177,7745.673913853329,0.613149831346617
electricity_transfer,shape,PETSA_XY_OFFLINE,81552,selected,768,STEP12_D17,0.5778061961142413,6075.86093663548,0.4662144623325629
electricity_transfer,shape,PETSA_XY_OFFLINE,81552,selected,768,STEP12_D63,0.4460388078657692,3764.461717821952,0.350384911089424
electricity_transfer,shape,PETSA_XY_OFFLINE,81552,selected,768,STEP6_D17,0.4044190728949958,3448.356536545178,0.3229700760958496
electricity_transfer,shape,PETSA_XY_OFFLINE,81552,selected,768,STEP6_D63,0.357483127521805,2626.122741157901,0.2810673012503856
electricity_transfer,shape,PETSA_XY_OFFLINE,81552,selected,768,STEP8_D31,0.3699912714765153,2968.645384615599,0.2955105969672758
electricity_transfer,shape,PETSA_XY_OFFLINE,81552,selected,768,STEP8_D33,0.3893124688658577,3434.664542873748,0.3090864137080486
electricity_transfer,shape,PLAIN,81551,fixed1024,1024,PAIRED_SHIFT8_D32,0.3751016908387005,3058.7983399875397,0.305259267674988
electricity_transfer,shape,PLAIN,81551,fixed1024,1024,PULSE8_D32,6.978324878503411,86285.90816287583,6.799079303053607
electricity_transfer,shape,PLAIN,81551,fixed1024,1024,RAMP8_D32,1.0386882550213248,9537.373129418853,0.8229339020565383
electricity_transfer,shape,PLAIN,81551,fixed1024,1024,STEP12_D17,0.6051423290330401,6210.031378367746,0.4809151287401984
electricity_transfer,shape,PLAIN,81551,fixed1024,1024,STEP12_D63,0.4013051412297124,3212.1927170284066,0.3178995116422772
electricity_transfer,shape,PLAIN,81551,fixed1024,1024,STEP6_D17,0.4233506441398729,3692.741961781621,0.3360757601102525
electricity_transfer,shape,PLAIN,81551,fixed1024,1024,STEP6_D63,0.3425108901191669,2460.51441339135,0.271076876955404
electricity_transfer,shape,PLAIN,81551,fixed1024,1024,STEP8_D31,0.3760032678888001,3046.90931367908,0.3126081305210108
electricity_transfer,shape,PLAIN,81551,fixed1024,1024,STEP8_D33,0.3918770765017014,3400.5676439698955,0.3175163042593455
electricity_transfer,shape,PLAIN,81551,selected,512,PAIRED_SHIFT8_D32,0.3659118933308459,2888.162519512845,0.2969624437674247
electricity_transfer,shape,PLAIN,81551,selected,512,PULSE8_D32,7.0293865673894285,86858.56705197389,6.84731529778351
electricity_transfer,shape,PLAIN,81551,selected,512,RAMP8_D32,1.0098777490974422,9187.895790561452,0.7945786318954773
electricity_transfer,shape,PLAIN,81551,selected,512,STEP12_D17,0.5802088850584409,5881.115860948187,0.4625738017799241
electricity_transfer,shape,PLAIN,81551,selected,512,STEP12_D63,0.4212495053284527,3518.167161019798,0.333286083506108
electricity_transfer,shape,PLAIN,81551,selected,512,STEP6_D17,0.4154392279523058,3571.982969877946,0.3302757992256358
electricity_transfer,shape,PLAIN,81551,selected,512,STEP6_D63,0.3511973760302135,2614.6855692178983,0.2773025333386546
electricity_transfer,shape,PLAIN,81551,selected,512,STEP8_D31,0.3663854075761973,2843.333869197485,0.3030205312488833
electricity_transfer,shape,PLAIN,81551,selected,512,STEP8_D33,0.3792910972444843,3161.903271206664,0.3061763970447353
electricity_transfer,shape,PLAIN,81552,fixed1024,1024,PAIRED_SHIFT8_D32,0.3898410658006173,3389.40354501321,0.3123322425059531
electricity_transfer,shape,PLAIN,81552,fixed1024,1024,PULSE8_D32,6.931444756590374,85542.18349816222,6.744685785056711
electricity_transfer,shape,PLAIN,81552,fixed1024,1024,RAMP8_D32,0.8352613781203919,7703.452275993646,0.6482185324766415
electricity_transfer,shape,PLAIN,81552,fixed1024,1024,STEP12_D17,0.6139749888940228,6471.782635417738,0.5000933053204709
electricity_transfer,shape,PLAIN,81552,fixed1024,1024,STEP12_D63,0.3662862827307958,2685.412141741475,0.292752511543116
electricity_transfer,shape,PLAIN,81552,fixed1024,1024,STEP6_D17,0.4143245464368419,3661.5110645552463,0.331451824307303
electricity_transfer,shape,PLAIN,81552,fixed1024,1024,STEP6_D63,0.3252060736275301,2159.90760154527,0.2586518688365874
electricity_transfer,shape,PLAIN,81552,fixed1024,1024,STEP8_D31,0.3900204916630097,3411.428275101949,0.3147232666809057
electricity_transfer,shape,PLAIN,81552,fixed1024,1024,STEP8_D33,0.4129331400446954,3873.496041293732,0.3314311963386296
electricity_transfer,shape,PLAIN,81552,selected,1024,PAIRED_SHIFT8_D32,0.3898410658006173,3389.40354501321,0.3123322425059531
electricity_transfer,shape,PLAIN,81552,selected,1024,PULSE8_D32,6.931444756590374,85542.18349816222,6.744685785056711
electricity_transfer,shape,PLAIN,81552,selected,1024,RAMP8_D32,0.8352613781203919,7703.452275993646,0.6482185324766415
electricity_transfer,shape,PLAIN,81552,selected,1024,STEP12_D17,0.6139749888940228,6471.782635417738,0.5000933053204709
electricity_transfer,shape,PLAIN,81552,selected,1024,STEP12_D63,0.3662862827307958,2685.412141741475,0.292752511543116
electricity_transfer,shape,PLAIN,81552,selected,1024,STEP6_D17,0.4143245464368419,3661.5110645552463,0.331451824307303
electricity_transfer,shape,PLAIN,81552,selected,1024,STEP6_D63,0.3252060736275301,2159.90760154527,0.2586518688365874
electricity_transfer,shape,PLAIN,81552,selected,1024,STEP8_D31,0.3900204916630097,3411.428275101949,0.3147232666809057
electricity_transfer,shape,PLAIN,81552,selected,1024,STEP8_D33,0.4129331400446954,3873.496041293732,0.3314311963386296
electricity_transfer,shape,TOKEN_GATE,81551,fixed1024,1024,PAIRED_SHIFT8_D32,0.3728266523223727,3008.950405945457,0.302914757318647
electricity_transfer,shape,TOKEN_GATE,81551,fixed1024,1024,PULSE8_D32,6.9891673592745205,86428.15066647515,6.8095455367793845
electricity_transfer,shape,TOKEN_GATE,81551,fixed1024,1024,RAMP8_D32,1.0258021224537108,9390.156662381118,0.8115579500078168
electricity_transfer,shape,TOKEN_GATE,81551,fixed1024,1024,STEP12_D17,0.596864735163456,6091.523339910997,0.4743879552181523
electricity_transfer,shape,TOKEN_GATE,81551,fixed1024,1024,STEP12_D63,0.4030840819313501,3245.818254254605,0.3194641345876038
electricity_transfer,shape,TOKEN_GATE,81551,fixed1024,1024,STEP6_D17,0.4213277996462886,3651.679277533271,0.3343429893996223
electricity_transfer,shape,TOKEN_GATE,81551,fixed1024,1024,STEP6_D63,0.3420730669902844,2457.9400201377543,0.2707109839523037
electricity_transfer,shape,TOKEN_GATE,81551,fixed1024,1024,STEP8_D31,0.3750323782587821,3011.239916952079,0.3113079503698863
electricity_transfer,shape,TOKEN_GATE,81551,fixed1024,1024,STEP8_D33,0.3889947214385888,3339.0545496024743,0.3146865449544017
electricity_transfer,shape,TOKEN_GATE,81551,selected,768,PAIRED_SHIFT8_D32,0.3656030119333842,2879.19472929244,0.297131271587896
electricity_transfer,shape,TOKEN_GATE,81551,selected,768,PULSE8_D32,7.031248810773547,86901.7524873071,6.854566460426932
electricity_transfer,shape,TOKEN_GATE,81551,selected,768,RAMP8_D32,1.0066286095634218,9151.276140678188,0.7964754940669881
electricity_transfer,shape,TOKEN_GATE,81551,selected,768,STEP12_D17,0.5844234607278385,5904.382498188434,0.4672766902097061
electricity_transfer,shape,TOKEN_GATE,81551,selected,768,STEP12_D63,0.4304407592960368,3660.033472620155,0.3396370343652227
electricity_transfer,shape,TOKEN_GATE,81551,selected,768,STEP6_D17,0.4166518491699262,3568.270665688284,0.3312408263401004
electricity_transfer,shape,TOKEN_GATE,81551,selected,768,STEP6_D63,0.3553698160430721,2678.9531340007097,0.2803537009711939
electricity_transfer,shape,TOKEN_GATE,81551,selected,768,STEP8_D31,0.3646072947315221,2800.8696492353342,0.3022538757283796
electricity_transfer,shape,TOKEN_GATE,81551,selected,768,STEP8_D33,0.3785709129950994,3137.870718546006,0.3061435239666935
electricity_transfer,shape,TOKEN_GATE,81552,fixed1024,1024,PAIRED_SHIFT8_D32,0.3868276001498572,3322.8592494063546,0.3091488900165601
electricity_transfer,shape,TOKEN_GATE,81552,fixed1024,1024,PULSE8_D32,6.941645616586981,85702.676454615,6.755018391792178
electricity_transfer,shape,TOKEN_GATE,81552,fixed1024,1024,RAMP8_D32,0.8242708334385815,7570.341682741746,0.6395331857585124
electricity_transfer,shape,TOKEN_GATE,81552,fixed1024,1024,STEP12_D17,0.6042530270912883,6319.190527516962,0.4917244170313977
electricity_transfer,shape,TOKEN_GATE,81552,fixed1024,1024,STEP12_D63,0.3682362166068913,2723.29711865925,0.2941896742649304
electricity_transfer,shape,TOKEN_GATE,81552,fixed1024,1024,STEP6_D17,0.4093754614255576,3566.89203526666,0.3277948633330151
electricity_transfer,shape,TOKEN_GATE,81552,fixed1024,1024,STEP6_D63,0.3258420284122518,2174.202957476656,0.2592649498839878
electricity_transfer,shape,TOKEN_GATE,81552,fixed1024,1024,STEP8_D31,0.3875171116480388,3360.3375126242718,0.3120648295629139
electricity_transfer,shape,TOKEN_GATE,81552,fixed1024,1024,STEP8_D33,0.4087461351593779,3783.0583019847086,0.3272834601871619
electricity_transfer,shape,TOKEN_GATE,81552,selected,1024,PAIRED_SHIFT8_D32,0.3868276001498572,3322.8592494063546,0.3091488900165601
electricity_transfer,shape,TOKEN_GATE,81552,selected,1024,PULSE8_D32,6.941645616586981,85702.676454615,6.755018391792178
electricity_transfer,shape,TOKEN_GATE,81552,selected,1024,RAMP8_D32,0.8242708334385815,7570.341682741746,0.6395331857585124
electricity_transfer,shape,TOKEN_GATE,81552,selected,1024,STEP12_D17,0.6042530270912883,6319.190527516962,0.4917244170313977
electricity_transfer,shape,TOKEN_GATE,81552,selected,1024,STEP12_D63,0.3682362166068913,2723.29711865925,0.2941896742649304
electricity_transfer,shape,TOKEN_GATE,81552,selected,1024,STEP6_D17,0.4093754614255576,3566.89203526666,0.3277948633330151
electricity_transfer,shape,TOKEN_GATE,81552,selected,1024,STEP6_D63,0.3258420284122518,2174.202957476656,0.2592649498839878
electricity_transfer,shape,TOKEN_GATE,81552,selected,1024,STEP8_D31,0.3875171116480388,3360.3375126242718,0.3120648295629139
electricity_transfer,shape,TOKEN_GATE,81552,selected,1024,STEP8_D33,0.4087461351593779,3783.0583019847086,0.3272834601871619
electricity_transfer,shape,TOKEN_GATE_ENTROPY,81551,fixed1024,1024,PAIRED_SHIFT8_D32,0.3701596397352006,2961.665222322709,0.2995402106059091
electricity_transfer,shape,TOKEN_GATE_ENTROPY,81551,fixed1024,1024,PULSE8_D32,6.994692310694697,86540.71445120542,6.814055102192855
electricity_transfer,shape,TOKEN_GATE_ENTROPY,81551,fixed1024,1024,RAMP8_D32,0.9580859891457076,8347.18307119057,0.7524821060740751
electricity_transfer,shape,TOKEN_GATE_ENTROPY,81551,fixed1024,1024,STEP12_D17,0.5287743969722978,5131.01506265571,0.4278176638914139
electricity_transfer,shape,TOKEN_GATE_ENTROPY,81551,fixed1024,1024,STEP12_D63,0.4053467370552489,3317.139363051044,0.3216936732365115
electricity_transfer,shape,TOKEN_GATE_ENTROPY,81551,fixed1024,1024,STEP6_D17,0.405760250769116,3347.401669026746,0.3230986295274072
electricity_transfer,shape,TOKEN_GATE_ENTROPY,81551,fixed1024,1024,STEP6_D63,0.3413106683751087,2493.2500064167884,0.2700001353449026
electricity_transfer,shape,TOKEN_GATE_ENTROPY,81551,fixed1024,1024,STEP8_D31,0.3728442019335297,2960.3036975148866,0.3080261710239905
electricity_transfer,shape,TOKEN_GATE_ENTROPY,81551,fixed1024,1024,STEP8_D33,0.3867991557860948,3299.640669634754,0.3118353211139902
electricity_transfer,shape,TOKEN_GATE_ENTROPY,81551,selected,768,PAIRED_SHIFT8_D32,0.3620115175761443,2808.081980316266,0.2932753208178673
electricity_transfer,shape,TOKEN_GATE_ENTROPY,81551,selected,768,PULSE8_D32,7.046317916359183,87108.81615767794,6.86969690270289
electricity_transfer,shape,TOKEN_GATE_ENTROPY,81551,selected,768,RAMP8_D32,0.9512072797425476,8347.389211825344,0.7488960338560701
electricity_transfer,shape,TOKEN_GATE_ENTROPY,81551,selected,768,STEP12_D17,0.5312005839181192,5176.41928610133,0.429016073132769
electricity_transfer,shape,TOKEN_GATE_ENTROPY,81551,selected,768,STEP12_D63,0.4259532371977266,3621.79537107366,0.3368190249862028
electricity_transfer,shape,TOKEN_GATE_ENTROPY,81551,selected,768,STEP6_D17,0.4021346310749182,3310.7589529950146,0.3204365808747898
electricity_transfer,shape,TOKEN_GATE_ENTROPY,81551,selected,768,STEP6_D63,0.3495322768943948,2611.692387393952,0.2760185132696851
electricity_transfer,shape,TOKEN_GATE_ENTROPY,81551,selected,768,STEP8_D31,0.3646977506530405,2782.4674809216467,0.3009598785900572
electricity_transfer,shape,TOKEN_GATE_ENTROPY,81551,selected,768,STEP8_D33,0.3742864766302846,3052.3527805697177,0.3016490906405022
electricity_transfer,shape,TOKEN_GATE_ENTROPY,81552,fixed1024,1024,PAIRED_SHIFT8_D32,0.3926437273614379,3477.138917794804,0.3134934488499276
electricity_transfer,shape,TOKEN_GATE_ENTROPY,81552,fixed1024,1024,PULSE8_D32,6.934032042706717,85379.80218814441,6.739126128342363
electricity_transfer,shape,TOKEN_GATE_ENTROPY,81552,fixed1024,1024,RAMP8_D32,0.8577291764553852,8282.292536380794,0.6654078706089007
electricity_transfer,shape,TOKEN_GATE_ENTROPY,81552,fixed1024,1024,STEP12_D17,0.6246715367178592,6800.470650120838,0.5041217638946596
electricity_transfer,shape,TOKEN_GATE_ENTROPY,81552,fixed1024,1024,STEP12_D63,0.3681548735138581,2653.554254307686,0.2955727467216558
electricity_transfer,shape,TOKEN_GATE_ENTROPY,81552,fixed1024,1024,STEP6_D17,0.4231913608449461,3841.86946813023,0.3367535420023727
electricity_transfer,shape,TOKEN_GATE_ENTROPY,81552,fixed1024,1024,STEP6_D63,0.3224381993754259,2072.894077258456,0.2571083198371737
electricity_transfer,shape,TOKEN_GATE_ENTROPY,81552,fixed1024,1024,STEP8_D31,0.3931709951824806,3482.66735978636,0.3155703809410155
electricity_transfer,shape,TOKEN_GATE_ENTROPY,81552,fixed1024,1024,STEP8_D33,0.4188427210648198,4047.3832240785705,0.3343270621885744
electricity_transfer,shape,TOKEN_GATE_ENTROPY,81552,selected,768,PAIRED_SHIFT8_D32,0.3871915787396156,3361.0651874785312,0.3092032375235753
electricity_transfer,shape,TOKEN_GATE_ENTROPY,81552,selected,768,PULSE8_D32,6.959479808664942,85722.85658720453,6.762953938499765
electricity_transfer,shape,TOKEN_GATE_ENTROPY,81552,selected,768,RAMP8_D32,0.8515185698805863,7939.2113619186275,0.6559816569968038
electricity_transfer,shape,TOKEN_GATE_ENTROPY,81552,selected,768,STEP12_D17,0.6265410205888859,6799.375538886558,0.5091493501760538
electricity_transfer,shape,TOKEN_GATE_ENTROPY,81552,selected,768,STEP12_D63,0.3822998824066967,2846.292346626003,0.3066242383714438
electricity_transfer,shape,TOKEN_GATE_ENTROPY,81552,selected,768,STEP6_D17,0.4218176285942007,3846.9516261298577,0.3368490906018241
electricity_transfer,shape,TOKEN_GATE_ENTROPY,81552,selected,768,STEP6_D63,0.3286747330130911,2185.768794723018,0.2614777269460808
electricity_transfer,shape,TOKEN_GATE_ENTROPY,81552,selected,768,STEP8_D31,0.3862043866046359,3371.40161036014,0.3095419067102383
electricity_transfer,shape,TOKEN_GATE_ENTROPY,81552,selected,768,STEP8_D33,0.4079879749135138,3843.539954889164,0.3253303015678458
electricity_transfer,standard,B0,81551,fixed1024,768,BURST16,0.2882351228699941,2413.112996142954,0.2332985956325966
electricity_transfer,standard,B0,81551,fixed1024,768,BURST4,0.2536435190736931,1737.7542664660286,0.2032235130319847
electricity_transfer,standard,B0,81551,fixed1024,768,BURST8,0.2661035084090802,2142.4974877012573,0.214682395322894
electricity_transfer,standard,B0,81551,fixed1024,768,FAULT,0.2580655322916659,1796.1010903268957,0.2072150365032805
electricity_transfer,standard,B0,81551,fixed1024,768,POINT16,0.2493060607142475,1529.6344176042912,0.1993417256080271
electricity_transfer,standard,B0,81551,fixed1024,768,POINT4,0.2444843806904366,1458.5691657083953,0.1956386649470907
electricity_transfer,standard,B0,81551,fixed1024,768,POINT8,0.2466206019925441,1495.0382083384466,0.1971053244770898
electricity_transfer,standard,B0,81551,fixed1024,768,REFERENCE,0.2424920301752771,1422.1583068575128,0.1943905792932208
electricity_transfer,standard,B0,81551,fixed1024,768,SHIFT4,0.3315112958589357,2271.650230278699,0.2648534322391362
electricity_transfer,standard,B0,81551,fixed1024,768,SHIFT8,0.384324615926422,3167.9048238732044,0.3080021530038641
electricity_transfer,standard,B0,81551,fixed1024,768,SHIFT_POINT,0.3491444549705539,2527.897013712363,0.2786087401740577
electricity_transfer,standard,B0,81551,selected,768,BURST16,0.2882351228699941,2413.112996142954,0.2332985956325966
electricity_transfer,standard,B0,81551,selected,768,BURST4,0.2536435190736931,1737.7542664660286,0.2032235130319847
electricity_transfer,standard,B0,81551,selected,768,BURST8,0.2661035084090802,2142.4974877012573,0.214682395322894
electricity_transfer,standard,B0,81551,selected,768,FAULT,0.2580655322916659,1796.1010903268957,0.2072150365032805
electricity_transfer,standard,B0,81551,selected,768,POINT16,0.2493060607142475,1529.6344176042912,0.1993417256080271
electricity_transfer,standard,B0,81551,selected,768,POINT4,0.2444843806904366,1458.5691657083953,0.1956386649470907
electricity_transfer,standard,B0,81551,selected,768,POINT8,0.2466206019925441,1495.0382083384466,0.1971053244770898
electricity_transfer,standard,B0,81551,selected,768,REFERENCE,0.2424920301752771,1422.1583068575128,0.1943905792932208
electricity_transfer,standard,B0,81551,selected,768,SHIFT4,0.3315112958589357,2271.650230278699,0.2648534322391362
electricity_transfer,standard,B0,81551,selected,768,SHIFT8,0.384324615926422,3167.9048238732044,0.3080021530038641
electricity_transfer,standard,B0,81551,selected,768,SHIFT_POINT,0.3491444549705539,2527.897013712363,0.2786087401740577
electricity_transfer,standard,B0,81552,fixed1024,512,BURST16,0.28012688113424,2226.202559308338,0.2270792289575935
electricity_transfer,standard,B0,81552,fixed1024,512,BURST4,0.2478356354815973,1691.4982046421646,0.198319474617075
electricity_transfer,standard,B0,81552,fixed1024,512,BURST8,0.2613455485046665,2114.692811322675,0.2105992108550902
electricity_transfer,standard,B0,81552,fixed1024,512,FAULT,0.2523547087307067,1727.0288907488891,0.2026171152661164
electricity_transfer,standard,B0,81552,fixed1024,512,POINT16,0.2449191853356053,1488.5408632333128,0.1960986549349638
electricity_transfer,standard,B0,81552,fixed1024,512,POINT4,0.238745222801268,1399.8597746519372,0.1908894393846177
electricity_transfer,standard,B0,81552,fixed1024,512,POINT8,0.2411557791268626,1441.3791313349066,0.1927166828473585
electricity_transfer,standard,B0,81552,fixed1024,512,REFERENCE,0.2372200444536495,1372.7274807363283,0.1898601483193145
electricity_transfer,standard,B0,81552,fixed1024,512,SHIFT4,0.3213868037812113,2123.8465866275037,0.2573308337961295
electricity_transfer,standard,B0,81552,fixed1024,512,SHIFT8,0.4151991933463959,3899.56423917008,0.333035499850988
electricity_transfer,standard,B0,81552,fixed1024,512,SHIFT_POINT,0.3364809506941514,2249.798457692619,0.2691120407647603
electricity_transfer,standard,B0,81552,selected,512,BURST16,0.28012688113424,2226.202559308338,0.2270792289575935
electricity_transfer,standard,B0,81552,selected,512,BURST4,0.2478356354815973,1691.4982046421646,0.198319474617075
electricity_transfer,standard,B0,81552,selected,512,BURST8,0.2613455485046665,2114.692811322675,0.2105992108550902
electricity_transfer,standard,B0,81552,selected,512,FAULT,0.2523547087307067,1727.0288907488891,0.2026171152661164
electricity_transfer,standard,B0,81552,selected,512,POINT16,0.2449191853356053,1488.5408632333128,0.1960986549349638
electricity_transfer,standard,B0,81552,selected,512,POINT4,0.238745222801268,1399.8597746519372,0.1908894393846177
electricity_transfer,standard,B0,81552,selected,512,POINT8,0.2411557791268626,1441.3791313349066,0.1927166828473585
electricity_transfer,standard,B0,81552,selected,512,REFERENCE,0.2372200444536495,1372.7274807363283,0.1898601483193145
electricity_transfer,standard,B0,81552,selected,512,SHIFT4,0.3213868037812113,2123.8465866275037,0.2573308337961295
electricity_transfer,standard,B0,81552,selected,512,SHIFT8,0.4151991933463959,3899.56423917008,0.333035499850988
electricity_transfer,standard,B0,81552,selected,512,SHIFT_POINT,0.3364809506941514,2249.798457692619,0.2691120407647603
electricity_transfer,standard,C3,81551,fixed1024,1024,BURST16,0.2915701404356027,2510.2664731123223,0.2358342886010468
electricity_transfer,standard,C3,81551,fixed1024,1024,BURST4,0.2532273377931389,1741.2210059799545,0.2029727398743019
electricity_transfer,standard,C3,81551,fixed1024,1024,BURST8,0.2671665109022366,2163.0254917368584,0.2155534842327104
electricity_transfer,standard,C3,81551,fixed1024,1024,FAULT,0.2585535497099341,1813.094801734779,0.2076976349033809
electricity_transfer,standard,C3,81551,fixed1024,1024,POINT16,0.2495047750413435,1523.7702190481505,0.1996868870523903
electricity_transfer,standard,C3,81551,fixed1024,1024,POINT4,0.2437151659554896,1450.6825305628736,0.1952204734394449
electricity_transfer,standard,C3,81551,fixed1024,1024,POINT8,0.2461373681317935,1489.6030899685138,0.1969179362203908
electricity_transfer,standard,C3,81551,fixed1024,1024,REFERENCE,0.2419340382410044,1417.0263444855518,0.1941285479867797
electricity_transfer,standard,C3,81551,fixed1024,1024,SHIFT4,0.317885939368119,2061.8663346240783,0.254404176289383
electricity_transfer,standard,C3,81551,fixed1024,1024,SHIFT8,0.360663576342549,2794.003800928808,0.2903893800207668
electricity_transfer,standard,C3,81551,fixed1024,1024,SHIFT_POINT,0.3343680757312073,2250.1158999527424,0.267055413718745
electricity_transfer,standard,C3,81551,selected,768,BURST16,0.2900267649792482,2451.525819254573,0.2350821315078302
electricity_transfer,standard,C3,81551,selected,768,BURST4,0.2532438590270134,1740.1694586361846,0.2030502136792192
electricity_transfer,standard,C3,81551,selected,768,BURST8,0.2668069481144237,2155.868769726454,0.2154232335833909
electricity_transfer,standard,C3,81551,selected,768,FAULT,0.2582100309458722,1801.5395336895283,0.20756272260381
electricity_transfer,standard,C3,81551,selected,768,POINT16,0.2493189271671305,1521.3015712892084,0.1995890043137439
electricity_transfer,standard,C3,81551,selected,768,POINT4,0.2437309011377525,1452.5520402921538,0.1952702582147241
electricity_transfer,standard,C3,81551,selected,768,POINT8,0.2461327852496651,1487.819542938596,0.1969614943239517
electricity_transfer,standard,C3,81551,selected,768,REFERENCE,0.241941202006668,1418.4182986165106,0.1942012528094384
electricity_transfer,standard,C3,81551,selected,768,SHIFT4,0.3204009455499169,2105.3406557904027,0.2564649551415466
electricity_transfer,standard,C3,81551,selected,768,SHIFT8,0.3614015941602764,2773.825373086436,0.2906168540798486
electricity_transfer,standard,C3,81551,selected,768,SHIFT_POINT,0.3360144999104432,2293.1317618972785,0.2685380058443508
electricity_transfer,standard,C3,81552,fixed1024,1024,BURST16,0.2809987661099664,2258.394977262084,0.2282235789191992
electricity_transfer,standard,C3,81552,fixed1024,1024,BURST4,0.2492166373678278,1716.4269378516474,0.199974618718638
electricity_transfer,standard,C3,81552,fixed1024,1024,BURST8,0.2623504355642326,2139.501136045932,0.2119043455187357
electricity_transfer,standard,C3,81552,fixed1024,1024,FAULT,0.2531459040830885,1743.1508863522397,0.2037125069741548
electricity_transfer,standard,C3,81552,fixed1024,1024,POINT16,0.2448015347939778,1476.9594501622196,0.1962440348728228
electricity_transfer,standard,C3,81552,fixed1024,1024,POINT4,0.2396756242665875,1412.8905870017625,0.1922389659880391
electricity_transfer,standard,C3,81552,fixed1024,1024,POINT8,0.241832426395939,1454.7322297897915,0.1936894978274943
electricity_transfer,standard,C3,81552,fixed1024,1024,REFERENCE,0.2382763829042861,1392.4105063937895,0.1913886521919987
electricity_transfer,standard,C3,81552,fixed1024,1024,SHIFT4,0.3160353869311966,1989.6129110585848,0.2530210180011143
electricity_transfer,standard,C3,81552,fixed1024,1024,SHIFT8,0.3700370067820493,3010.9481965573164,0.2972658733864486
electricity_transfer,standard,C3,81552,fixed1024,1024,SHIFT_POINT,0.3312050298922717,2132.266945157149,0.2644550271860286
electricity_transfer,standard,C3,81552,selected,768,BURST16,0.2800504169093277,2222.338701125336,0.2272159800600095
electricity_transfer,standard,C3,81552,selected,768,BURST4,0.2493430623085505,1717.403164428673,0.199872603475811
electricity_transfer,standard,C3,81552,selected,768,BURST8,0.2622082720721638,2124.420929318323,0.2115547191589646
electricity_transfer,standard,C3,81552,selected,768,FAULT,0.2530274228709959,1734.3116124664546,0.2034297909914672
electricity_transfer,standard,C3,81552,selected,768,POINT16,0.2447769502763997,1471.9943725756311,0.1961019988606094
electricity_transfer,standard,C3,81552,selected,768,POINT4,0.2398359964525645,1415.398287825621,0.192198740412931
electricity_transfer,standard,C3,81552,selected,768,POINT8,0.2419498392069692,1454.314219525142,0.1936347039804776
electricity_transfer,standard,C3,81552,selected,768,REFERENCE,0.2384292296622151,1396.412643442687,0.1913126023763897
electricity_transfer,standard,C3,81552,selected,768,SHIFT4,0.3188698854221856,2076.176000485431,0.2550273826108784
electricity_transfer,standard,C3,81552,selected,768,SHIFT8,0.3676752283120135,2953.912944068249,0.295042754404396
electricity_transfer,standard,C3,81552,selected,768,SHIFT_POINT,0.3341265415484771,2223.979326263892,0.2664875790092676
electricity_transfer,standard,MAG_ONLY,81551,fixed1024,1024,BURST16,0.2915932374904768,2510.828702337109,0.2359780639613981
electricity_transfer,standard,MAG_ONLY,81551,fixed1024,1024,BURST4,0.2531960629596397,1737.003162399531,0.2029655735767512
electricity_transfer,standard,MAG_ONLY,81551,fixed1024,1024,BURST8,0.2669796609091243,2152.9070406734245,0.2154745432394161
electricity_transfer,standard,MAG_ONLY,81551,fixed1024,1024,FAULT,0.2584761173877589,1810.4849887794503,0.2076640524934124
electricity_transfer,standard,MAG_ONLY,81551,fixed1024,1024,POINT16,0.2494017149350667,1523.599467203574,0.1995970234910671
electricity_transfer,standard,MAG_ONLY,81551,fixed1024,1024,POINT4,0.2436311273602374,1449.7036085111176,0.1951310213032101
electricity_transfer,standard,MAG_ONLY,81551,fixed1024,1024,POINT8,0.2460549006720084,1488.867951551947,0.196838089388632
electricity_transfer,standard,MAG_ONLY,81551,fixed1024,1024,REFERENCE,0.2418580542681091,1415.518652619212,0.1940488645581544
electricity_transfer,standard,MAG_ONLY,81551,fixed1024,1024,SHIFT4,0.3177333915884093,2073.9337615265986,0.2542840020736822
electricity_transfer,standard,MAG_ONLY,81551,fixed1024,1024,SHIFT8,0.3606423513591418,2802.732402748666,0.2905285343017982
electricity_transfer,standard,MAG_ONLY,81551,fixed1024,1024,SHIFT_POINT,0.3345875100986817,2272.763517216338,0.2673057647916527
electricity_transfer,standard,MAG_ONLY,81551,selected,768,BURST16,0.2899339130373352,2456.655015516124,0.2350487876929377
electricity_transfer,standard,MAG_ONLY,81551,selected,768,BURST4,0.2531831315456638,1736.5811796071357,0.2029842781265108
electricity_transfer,standard,MAG_ONLY,81551,selected,768,BURST8,0.2666645637396043,2149.7518180385086,0.2153276837426593
electricity_transfer,standard,MAG_ONLY,81551,selected,768,FAULT,0.2581277463982322,1800.5482675872263,0.2074877302011205
electricity_transfer,standard,MAG_ONLY,81551,selected,768,POINT16,0.2492466799878937,1521.3948420557572,0.1995069421373189
electricity_transfer,standard,MAG_ONLY,81551,selected,768,POINT4,0.2436666424281116,1451.4581861570332,0.1951775840532015
electricity_transfer,standard,MAG_ONLY,81551,selected,768,POINT8,0.2460715476507843,1487.448564148799,0.1968811054540945
electricity_transfer,standard,MAG_ONLY,81551,selected,768,REFERENCE,0.2418598286428344,1416.7001583251986,0.194097426240949
electricity_transfer,standard,MAG_ONLY,81551,selected,768,SHIFT4,0.32045840554791,2114.8291687505784,0.2564433019258423
electricity_transfer,standard,MAG_ONLY,81551,selected,768,SHIFT8,0.3607090706708034,2766.900901355957,0.290032321917324
electricity_transfer,standard,MAG_ONLY,81551,selected,768,SHIFT_POINT,0.3358563595535099,2300.820631217479,0.2684145645823508
electricity_transfer,standard,MAG_ONLY,81552,fixed1024,1024,BURST16,0.2817535305314339,2273.4719842367194,0.2288897538750294
electricity_transfer,standard,MAG_ONLY,81552,fixed1024,1024,BURST4,0.2495082421201955,1713.8100553921831,0.2002345787012863
electricity_transfer,standard,MAG_ONLY,81552,fixed1024,1024,BURST8,0.2624223545349126,2131.194786416003,0.2120465281732595
electricity_transfer,standard,MAG_ONLY,81552,fixed1024,1024,FAULT,0.2535024801179349,1744.5103004252742,0.2040297149863478
electricity_transfer,standard,MAG_ONLY,81552,fixed1024,1024,POINT16,0.245217111138121,1479.152048634758,0.1965776985713303
electricity_transfer,standard,MAG_ONLY,81552,fixed1024,1024,POINT4,0.2399698594780991,1414.1680043330998,0.1924825529637413
electricity_transfer,standard,MAG_ONLY,81552,fixed1024,1024,POINT8,0.2421437829048473,1455.2649235388817,0.1939471776334399
electricity_transfer,standard,MAG_ONLY,81552,fixed1024,1024,REFERENCE,0.2385599958631951,1392.3047347157262,0.1916340009020256
electricity_transfer,standard,MAG_ONLY,81552,fixed1024,1024,SHIFT4,0.3155145238964078,1990.9676652593664,0.2525681598804655
electricity_transfer,standard,MAG_ONLY,81552,fixed1024,1024,SHIFT8,0.3690127420809882,2987.513473563949,0.2966801039730261
electricity_transfer,standard,MAG_ONLY,81552,fixed1024,1024,SHIFT_POINT,0.3305077151604416,2123.960339707989,0.2637415193751593
electricity_transfer,standard,MAG_ONLY,81552,selected,768,BURST16,0.2806710298765393,2231.0610219987284,0.2278562299433352
electricity_transfer,standard,MAG_ONLY,81552,selected,768,BURST4,0.2496181856273826,1715.8591160701908,0.2001328303186239
electricity_transfer,standard,MAG_ONLY,81552,selected,768,BURST8,0.2623571639017116,2122.545541983709,0.2117803089130001
electricity_transfer,standard,MAG_ONLY,81552,selected,768,FAULT,0.253326539975278,1735.2405198769338,0.2037250447486515
electricity_transfer,standard,MAG_ONLY,81552,selected,768,POINT16,0.2450125501575768,1472.2215423428715,0.1963059272489882
electricity_transfer,standard,MAG_ONLY,81552,selected,768,POINT4,0.2401031510252196,1415.6644006666902,0.1924264824724896
electricity_transfer,standard,MAG_ONLY,81552,selected,768,POINT8,0.2421971592632382,1454.091496199413,0.1938484895954719
electricity_transfer,standard,MAG_ONLY,81552,selected,768,REFERENCE,0.2386863046316393,1396.2448849674547,0.1915371149735568
electricity_transfer,standard,MAG_ONLY,81552,selected,768,SHIFT4,0.317738179646866,2044.0100961180976,0.2542020643453564
electricity_transfer,standard,MAG_ONLY,81552,selected,768,SHIFT8,0.3653702045829993,2909.650423201285,0.293322040101426
electricity_transfer,standard,MAG_ONLY,81552,selected,768,SHIFT_POINT,0.3327340592313929,2183.079113150333,0.2653519875322836
electricity_transfer,standard,PETSA_XY_OFFLINE,81551,fixed1024,1024,BURST16,0.2872793300843355,2396.49859781616,0.2324057108766128
electricity_transfer,standard,PETSA_XY_OFFLINE,81551,fixed1024,1024,BURST4,0.2532802509487274,1738.053163231287,0.2027933158710045
electricity_transfer,standard,PETSA_XY_OFFLINE,81551,fixed1024,1024,BURST8,0.266060345466986,2140.099679486724,0.2144827119560358
electricity_transfer,standard,PETSA_XY_OFFLINE,81551,fixed1024,1024,FAULT,0.2574400201442443,1784.5590922462031,0.206624217564649
electricity_transfer,standard,PETSA_XY_OFFLINE,81551,fixed1024,1024,POINT16,0.2484662310167392,1506.1349700658443,0.1986746379448269
electricity_transfer,standard,PETSA_XY_OFFLINE,81551,fixed1024,1024,POINT4,0.2436497525474848,1446.7989986815717,0.1948965294617546
electricity_transfer,standard,PETSA_XY_OFFLINE,81551,fixed1024,1024,POINT8,0.2459042108011929,1479.7691441956322,0.1964923992776592
electricity_transfer,standard,PETSA_XY_OFFLINE,81551,fixed1024,1024,REFERENCE,0.2419121644264052,1420.288771158185,0.1937952885521485
electricity_transfer,standard,PETSA_XY_OFFLINE,81551,fixed1024,1024,SHIFT4,0.3212097325890599,2081.918263531889,0.2572336635379414
electricity_transfer,standard,PETSA_XY_OFFLINE,81551,fixed1024,1024,SHIFT8,0.3648552679940951,2845.15688059018,0.2934751964948455
electricity_transfer,standard,PETSA_XY_OFFLINE,81551,fixed1024,1024,SHIFT_POINT,0.3399409396722855,2323.389983005873,0.2718261284360558
electricity_transfer,standard,PETSA_XY_OFFLINE,81551,selected,768,BURST16,0.2875500182862921,2405.1456377251693,0.2327421481073202
electricity_transfer,standard,PETSA_XY_OFFLINE,81551,selected,768,BURST4,0.2530567611240032,1731.8281789532998,0.2026952301740988
electricity_transfer,standard,PETSA_XY_OFFLINE,81551,selected,768,BURST8,0.2659031246073974,2142.0213221626364,0.214466460212063
electricity_transfer,standard,PETSA_XY_OFFLINE,81551,selected,768,FAULT,0.2573079908408573,1783.874688440519,0.2065892990257777
electricity_transfer,standard,PETSA_XY_OFFLINE,81551,selected,768,POINT16,0.2483072615086387,1506.9916899629227,0.1985673596497777
electricity_transfer,standard,PETSA_XY_OFFLINE,81551,selected,768,POINT4,0.2434155261740767,1442.138675271904,0.1947593670222994
electricity_transfer,standard,PETSA_XY_OFFLINE,81551,selected,768,POINT8,0.245615253344736,1475.122626567184,0.196305228989107
electricity_transfer,standard,PETSA_XY_OFFLINE,81551,selected,768,REFERENCE,0.2416168446533891,1411.8625091107515,0.1936424895625751
electricity_transfer,standard,PETSA_XY_OFFLINE,81551,selected,768,SHIFT4,0.3232662809156528,2111.5517138599644,0.2586178674607783
electricity_transfer,standard,PETSA_XY_OFFLINE,81551,selected,768,SHIFT8,0.3636008632621818,2806.289876485841,0.2924650918942084
electricity_transfer,standard,PETSA_XY_OFFLINE,81551,selected,768,SHIFT_POINT,0.3411355452607171,2358.092824643418,0.2725683589375142
electricity_transfer,standard,PETSA_XY_OFFLINE,81552,fixed1024,1024,BURST16,0.2811952955818531,2247.25084967678,0.2280500868106829
electricity_transfer,standard,PETSA_XY_OFFLINE,81552,fixed1024,1024,BURST4,0.2485763419821347,1705.662657680415,0.1989488444917228
electricity_transfer,standard,PETSA_XY_OFFLINE,81552,fixed1024,1024,BURST8,0.2622997279066382,2138.1253269566832,0.2114569768636799
electricity_transfer,standard,PETSA_XY_OFFLINE,81552,fixed1024,1024,FAULT,0.2530593138460046,1742.5502791679578,0.2032803172251871
electricity_transfer,standard,PETSA_XY_OFFLINE,81552,fixed1024,1024,POINT16,0.2452033235717927,1491.9136188691218,0.1965095396470388
electricity_transfer,standard,PETSA_XY_OFFLINE,81552,fixed1024,1024,POINT4,0.2393591355704093,1414.924438849204,0.1914600580022818
electricity_transfer,standard,PETSA_XY_OFFLINE,81552,fixed1024,1024,POINT8,0.2417220584631997,1457.4247829755427,0.1932563975357163
electricity_transfer,standard,PETSA_XY_OFFLINE,81552,fixed1024,1024,REFERENCE,0.2378311422752428,1391.9710781061262,0.1903357353160301
electricity_transfer,standard,PETSA_XY_OFFLINE,81552,fixed1024,1024,SHIFT4,0.3176378606006104,2018.2226355646235,0.2531250282817222
electricity_transfer,standard,PETSA_XY_OFFLINE,81552,fixed1024,1024,SHIFT8,0.3770419001830127,3109.6434174997253,0.3000978424423856
electricity_transfer,standard,PETSA_XY_OFFLINE,81552,fixed1024,1024,SHIFT_POINT,0.3326531518661892,2147.799412758164,0.2647756620738322
electricity_transfer,standard,PETSA_XY_OFFLINE,81552,selected,768,BURST16,0.2810997788773669,2244.2082089616065,0.2279977531210223
electricity_transfer,standard,PETSA_XY_OFFLINE,81552,selected,768,BURST4,0.2483514792992891,1701.8964651502588,0.1987495770200268
electricity_transfer,standard,PETSA_XY_OFFLINE,81552,selected,768,BURST8,0.2621356561403458,2133.695999393188,0.2113133891675755
electricity_transfer,standard,PETSA_XY_OFFLINE,81552,selected,768,FAULT,0.2528770620672477,1738.499341129523,0.2031035737102645
electricity_transfer,standard,PETSA_XY_OFFLINE,81552,selected,768,POINT16,0.2451019621718518,1492.705399248238,0.1963392910643758
electricity_transfer,standard,PETSA_XY_OFFLINE,81552,selected,768,POINT4,0.2390917962716985,1408.464034232276,0.1912065154382863
electricity_transfer,standard,PETSA_XY_OFFLINE,81552,selected,768,POINT8,0.2414816996429341,1450.02593979157,0.1930149164503003
electricity_transfer,standard,PETSA_XY_OFFLINE,81552,selected,768,REFERENCE,0.2375533544127058,1383.4644437354325,0.1901116169755273
electricity_transfer,standard,PETSA_XY_OFFLINE,81552,selected,768,SHIFT4,0.3177961535497919,2011.3584972220283,0.2531053673038924
electricity_transfer,standard,PETSA_XY_OFFLINE,81552,selected,768,SHIFT8,0.3695813068804487,2959.9556354423403,0.2942776414859934
electricity_transfer,standard,PETSA_XY_OFFLINE,81552,selected,768,SHIFT_POINT,0.3327031896150241,2144.1177854250013,0.2646881352237274
electricity_transfer,standard,PLAIN,81551,fixed1024,1024,BURST16,0.289753546446045,2453.608686453197,0.2343274137908641
electricity_transfer,standard,PLAIN,81551,fixed1024,1024,BURST4,0.25287137047172,1735.7689152821113,0.2027394562680418
electricity_transfer,standard,PLAIN,81551,fixed1024,1024,BURST8,0.2665720367322347,2151.501070290469,0.215023946626307
electricity_transfer,standard,PLAIN,81551,fixed1024,1024,FAULT,0.2579788972550624,1801.4714134955573,0.2072342716315403
electricity_transfer,standard,PLAIN,81551,fixed1024,1024,POINT16,0.2490559383973087,1525.049292529453,0.1992891712638951
electricity_transfer,standard,PLAIN,81551,fixed1024,1024,POINT4,0.2436620116684905,1453.0190564616496,0.1952184643534198
electricity_transfer,standard,PLAIN,81551,fixed1024,1024,POINT8,0.2459584798145752,1489.8814599564648,0.1968071774867139
electricity_transfer,standard,PLAIN,81551,fixed1024,1024,REFERENCE,0.2418181667237152,1418.7866944494308,0.1941222635449735
electricity_transfer,standard,PLAIN,81551,fixed1024,1024,SHIFT4,0.3207182579876507,2114.6921600057644,0.2579197662665913
electricity_transfer,standard,PLAIN,81551,fixed1024,1024,SHIFT8,0.3748285300701823,3060.3411509703906,0.3040466096800081
electricity_transfer,standard,PLAIN,81551,fixed1024,1024,SHIFT_POINT,0.3386978484057568,2322.683694339222,0.2714559888799471
electricity_transfer,standard,PLAIN,81551,selected,512,BURST16,0.2887374647749418,2444.7622485995817,0.2335993517744439
electricity_transfer,standard,PLAIN,81551,selected,512,BURST4,0.2526863283395181,1743.1151180629531,0.2023854861717034
electricity_transfer,standard,PLAIN,81551,selected,512,BURST8,0.2665484044990426,2160.0893441498047,0.2148979905872237
electricity_transfer,standard,PLAIN,81551,selected,512,FAULT,0.2576069182566289,1803.6350269902732,0.2068289969859826
electricity_transfer,standard,PLAIN,81551,selected,512,POINT16,0.248661642535912,1525.6597061824868,0.1989082402430868
electricity_transfer,standard,PLAIN,81551,selected,512,POINT4,0.2433671316528397,1456.7440721880555,0.1947905077365491
electricity_transfer,standard,PLAIN,81551,selected,512,POINT8,0.245640537737519,1491.4396727587591,0.1963924054028886
electricity_transfer,standard,PLAIN,81551,selected,512,REFERENCE,0.2416112286038159,1424.5914869227272,0.1937297941039105
electricity_transfer,standard,PLAIN,81551,selected,512,SHIFT4,0.3197396425441905,2100.020405459328,0.2562083977103379
electricity_transfer,standard,PLAIN,81551,selected,512,SHIFT8,0.3648465851973455,2844.5110240444574,0.2939434573058035
electricity_transfer,standard,PLAIN,81551,selected,512,SHIFT_POINT,0.3357093807816125,2294.4476576171446,0.2685285669517295
electricity_transfer,standard,PLAIN,81552,fixed1024,1024,BURST16,0.2812631075269793,2240.3594066225637,0.2283131789954564
electricity_transfer,standard,PLAIN,81552,fixed1024,1024,BURST4,0.2492193806131369,1706.9069698897074,0.1998955782964624
electricity_transfer,standard,PLAIN,81552,fixed1024,1024,BURST8,0.2621017483423883,2126.9737545103417,0.211576661594637
electricity_transfer,standard,PLAIN,81552,fixed1024,1024,FAULT,0.2532481199455417,1735.425346063336,0.2036803208680005
electricity_transfer,standard,PLAIN,81552,fixed1024,1024,POINT16,0.2451390352373326,1481.1811558429763,0.1963785091934258
electricity_transfer,standard,PLAIN,81552,fixed1024,1024,POINT4,0.2397705079368262,1407.3111367522652,0.1922028958160895
electricity_transfer,standard,PLAIN,81552,fixed1024,1024,POINT8,0.241994940016587,1449.819652762162,0.1937151013119322
electricity_transfer,standard,PLAIN,81552,fixed1024,1024,REFERENCE,0.238248960361335,1384.2166783661232,0.1912701558858424
electricity_transfer,standard,PLAIN,81552,fixed1024,1024,SHIFT4,0.3181506244631231,2036.798109779852,0.2551153058772414
electricity_transfer,standard,PLAIN,81552,fixed1024,1024,SHIFT8,0.3898628858890928,3365.8758727833942,0.3132437278356258
electricity_transfer,standard,PLAIN,81552,fixed1024,1024,SHIFT_POINT,0.3337344386146224,2178.230238819806,0.266722925570072
electricity_transfer,standard,PLAIN,81552,selected,1024,BURST16,0.2812631075269793,2240.3594066225637,0.2283131789954564
electricity_transfer,standard,PLAIN,81552,selected,1024,BURST4,0.2492193806131369,1706.9069698897074,0.1998955782964624
electricity_transfer,standard,PLAIN,81552,selected,1024,BURST8,0.2621017483423883,2126.9737545103417,0.211576661594637
electricity_transfer,standard,PLAIN,81552,selected,1024,FAULT,0.2532481199455417,1735.425346063336,0.2036803208680005
electricity_transfer,standard,PLAIN,81552,selected,1024,POINT16,0.2451390352373326,1481.1811558429763,0.1963785091934258
electricity_transfer,standard,PLAIN,81552,selected,1024,POINT4,0.2397705079368262,1407.3111367522652,0.1922028958160895
electricity_transfer,standard,PLAIN,81552,selected,1024,POINT8,0.241994940016587,1449.819652762162,0.1937151013119322
electricity_transfer,standard,PLAIN,81552,selected,1024,REFERENCE,0.238248960361335,1384.2166783661232,0.1912701558858424
electricity_transfer,standard,PLAIN,81552,selected,1024,SHIFT4,0.3181506244631231,2036.798109779852,0.2551153058772414
electricity_transfer,standard,PLAIN,81552,selected,1024,SHIFT8,0.3898628858890928,3365.8758727833942,0.3132437278356258
electricity_transfer,standard,PLAIN,81552,selected,1024,SHIFT_POINT,0.3337344386146224,2178.230238819806,0.266722925570072
electricity_transfer,standard,TOKEN_GATE,81551,fixed1024,1024,BURST16,0.2899116705303198,2456.1876277880074,0.2344959825049485
electricity_transfer,standard,TOKEN_GATE,81551,fixed1024,1024,BURST4,0.2528842268102633,1736.7215276179631,0.2027142278265525
electricity_transfer,standard,TOKEN_GATE,81551,fixed1024,1024,BURST8,0.2666682134867734,2155.353283167715,0.2150894766841455
electricity_transfer,standard,TOKEN_GATE,81551,fixed1024,1024,FAULT,0.2580521798450279,1803.2975826797365,0.2072771842103923
electricity_transfer,standard,TOKEN_GATE,81551,fixed1024,1024,POINT16,0.2491221092449319,1526.5467313615372,0.1993203407630716
electricity_transfer,standard,TOKEN_GATE,81551,fixed1024,1024,POINT4,0.2437125304741283,1454.2403942596577,0.195223042796123
electricity_transfer,standard,TOKEN_GATE,81551,fixed1024,1024,POINT8,0.2460143285237506,1490.735931883537,0.1968200346875131
electricity_transfer,standard,TOKEN_GATE,81551,fixed1024,1024,REFERENCE,0.2418789901402386,1419.9884345836472,0.1941277147409129
electricity_transfer,standard,TOKEN_GATE,81551,fixed1024,1024,SHIFT4,0.3199850516329247,2104.4090557991008,0.2571869266872925
electricity_transfer,standard,TOKEN_GATE,81551,fixed1024,1024,SHIFT8,0.3728537195970545,3021.132927621868,0.3020427308460549
electricity_transfer,standard,TOKEN_GATE,81551,fixed1024,1024,SHIFT_POINT,0.337894926790374,2304.7622783474,0.2706535038083642
electricity_transfer,standard,TOKEN_GATE,81551,selected,768,BURST16,0.2890230984248897,2408.10630330864,0.2342194370513212
electricity_transfer,standard,TOKEN_GATE,81551,selected,768,BURST4,0.2529741887929248,1738.1622314449633,0.2028595402243782
electricity_transfer,standard,TOKEN_GATE,81551,selected,768,BURST8,0.2663855239509102,2147.646338384162,0.2150481882048137
electricity_transfer,standard,TOKEN_GATE,81551,selected,768,FAULT,0.2578038123089883,1793.8315054636453,0.2072243510350735
electricity_transfer,standard,TOKEN_GATE,81551,selected,768,POINT16,0.2489083707754444,1523.8452083453303,0.1992317790636047
electricity_transfer,standard,TOKEN_GATE,81551,selected,768,POINT4,0.2436244224586716,1455.3873870619718,0.1951978833578056
electricity_transfer,standard,TOKEN_GATE,81551,selected,768,POINT8,0.2459072694510892,1489.8415642368054,0.1967892783085176
electricity_transfer,standard,TOKEN_GATE,81551,selected,768,REFERENCE,0.2418531201871267,1422.3274258097808,0.194158791220099
electricity_transfer,standard,TOKEN_GATE,81551,selected,768,SHIFT4,0.3203639350762609,2105.9432687441777,0.257065980552435
electricity_transfer,standard,TOKEN_GATE,81551,selected,768,SHIFT8,0.3643177336804265,2834.9994969828576,0.2941797034761153
electricity_transfer,standard,TOKEN_GATE,81551,selected,768,SHIFT_POINT,0.3376231499889934,2313.02565628971,0.2702194213307081
electricity_transfer,standard,TOKEN_GATE,81552,fixed1024,1024,BURST16,0.2817650875756353,2245.797399067771,0.2287597407263691
electricity_transfer,standard,TOKEN_GATE,81552,fixed1024,1024,BURST4,0.2491895172083075,1708.776385920035,0.1999035828814989
electricity_transfer,standard,TOKEN_GATE,81552,fixed1024,1024,BURST8,0.2620941200890629,2129.2370567347534,0.2116402047922327
electricity_transfer,standard,TOKEN_GATE,81552,fixed1024,1024,FAULT,0.2533642343904682,1738.8679802308252,0.2038101103266022
electricity_transfer,standard,TOKEN_GATE,81552,fixed1024,1024,POINT16,0.2454000757488375,1491.140173603024,0.1966139048570436
electricity_transfer,standard,TOKEN_GATE,81552,fixed1024,1024,POINT4,0.2397176916020583,1407.364439912577,0.19218385381139
electricity_transfer,standard,TOKEN_GATE,81552,fixed1024,1024,POINT8,0.2420189141189073,1450.892426146791,0.1937593748910788
electricity_transfer,standard,TOKEN_GATE,81552,fixed1024,1024,REFERENCE,0.238168510307805,1383.5633492944762,0.1912283738887068
electricity_transfer,standard,TOKEN_GATE,81552,fixed1024,1024,SHIFT4,0.3180936874301211,2036.603782205893,0.2548618348376293
electricity_transfer,standard,TOKEN_GATE,81552,fixed1024,1024,SHIFT8,0.3864830201101565,3285.215009542256,0.3097282716877323
electricity_transfer,standard,TOKEN_GATE,81552,fixed1024,1024,SHIFT_POINT,0.334622619870328,2191.122737789843,0.2672292607058862
electricity_transfer,standard,TOKEN_GATE,81552,selected,1024,BURST16,0.2817650875756353,2245.797399067771,0.2287597407263691
electricity_transfer,standard,TOKEN_GATE,81552,selected,1024,BURST4,0.2491895172083075,1708.776385920035,0.1999035828814989
electricity_transfer,standard,TOKEN_GATE,81552,selected,1024,BURST8,0.2620941200890629,2129.2370567347534,0.2116402047922327
electricity_transfer,standard,TOKEN_GATE,81552,selected,1024,FAULT,0.2533642343904682,1738.8679802308252,0.2038101103266022
electricity_transfer,standard,TOKEN_GATE,81552,selected,1024,POINT16,0.2454000757488375,1491.140173603024,0.1966139048570436
electricity_transfer,standard,TOKEN_GATE,81552,selected,1024,POINT4,0.2397176916020583,1407.364439912577,0.19218385381139
electricity_transfer,standard,TOKEN_GATE,81552,selected,1024,POINT8,0.2420189141189073,1450.892426146791,0.1937593748910788
electricity_transfer,standard,TOKEN_GATE,81552,selected,1024,REFERENCE,0.238168510307805,1383.5633492944762,0.1912283738887068
electricity_transfer,standard,TOKEN_GATE,81552,selected,1024,SHIFT4,0.3180936874301211,2036.603782205893,0.2548618348376293
electricity_transfer,standard,TOKEN_GATE,81552,selected,1024,SHIFT8,0.3864830201101565,3285.215009542256,0.3097282716877323
electricity_transfer,standard,TOKEN_GATE,81552,selected,1024,SHIFT_POINT,0.334622619870328,2191.122737789843,0.2672292607058862
electricity_transfer,standard,TOKEN_GATE_ENTROPY,81551,fixed1024,1024,BURST16,0.2909691093311972,2493.485812139013,0.2354406582230878
electricity_transfer,standard,TOKEN_GATE_ENTROPY,81551,fixed1024,1024,BURST4,0.2530268510639962,1739.9602295262157,0.2028180735722031
electricity_transfer,standard,TOKEN_GATE_ENTROPY,81551,fixed1024,1024,BURST8,0.2670375544631919,2163.752222769821,0.2154363745330822
electricity_transfer,standard,TOKEN_GATE_ENTROPY,81551,fixed1024,1024,FAULT,0.2583745583041519,1811.4822731638512,0.207556514350278
electricity_transfer,standard,TOKEN_GATE_ENTROPY,81551,fixed1024,1024,POINT16,0.2493394955845891,1526.4919162857695,0.199511105235833
electricity_transfer,standard,TOKEN_GATE_ENTROPY,81551,fixed1024,1024,POINT4,0.2437810006209802,1454.473142521616,0.1952621816844383
electricity_transfer,standard,TOKEN_GATE_ENTROPY,81551,fixed1024,1024,POINT8,0.2460933387609571,1490.7303157406714,0.1968706928530238
electricity_transfer,standard,TOKEN_GATE_ENTROPY,81551,fixed1024,1024,REFERENCE,0.241934969250789,1420.5161348300462,0.1941473433876152
electricity_transfer,standard,TOKEN_GATE_ENTROPY,81551,fixed1024,1024,SHIFT4,0.319363898893916,2103.9092027565057,0.2566756636732291
electricity_transfer,standard,TOKEN_GATE_ENTROPY,81551,fixed1024,1024,SHIFT8,0.3701251337261577,2964.167113056837,0.2990243048152969
electricity_transfer,standard,TOKEN_GATE_ENTROPY,81551,fixed1024,1024,SHIFT_POINT,0.3399027714424558,2334.397216964644,0.2721809415840289
electricity_transfer,standard,TOKEN_GATE_ENTROPY,81551,selected,768,BURST16,0.2900690607398451,2447.2403124570264,0.2352671454024812
electricity_transfer,standard,TOKEN_GATE_ENTROPY,81551,selected,768,BURST4,0.2532095421755453,1740.5866548233316,0.2030275077506003
electricity_transfer,standard,TOKEN_GATE_ENTROPY,81551,selected,768,BURST8,0.2668496140480619,2158.878756742153,0.2154853122514727
electricity_transfer,standard,TOKEN_GATE_ENTROPY,81551,selected,768,FAULT,0.2582238082437476,1803.1303129221776,0.2075988091615503
electricity_transfer,standard,TOKEN_GATE_ENTROPY,81551,selected,768,POINT16,0.2492937993054904,1524.9391777670826,0.1995587203501444
electricity_transfer,standard,TOKEN_GATE_ENTROPY,81551,selected,768,POINT4,0.2437850020090394,1456.5544707591034,0.1953003895841234
electricity_transfer,standard,TOKEN_GATE_ENTROPY,81551,selected,768,POINT8,0.2461358311845036,1490.5825049843695,0.1969537796304798
electricity_transfer,standard,TOKEN_GATE_ENTROPY,81551,selected,768,REFERENCE,0.2419785849730557,1422.6771334606456,0.1942266475583033
electricity_transfer,standard,TOKEN_GATE_ENTROPY,81551,selected,768,SHIFT4,0.3180781497783302,2086.1017813539224,0.2551122929990034
electricity_transfer,standard,TOKEN_GATE_ENTROPY,81551,selected,768,SHIFT8,0.3611529204029843,2771.321995295002,0.2907823333958949
electricity_transfer,standard,TOKEN_GATE_ENTROPY,81551,selected,768,SHIFT_POINT,0.3351133125174289,2276.5098152454343,0.2681465918817904
electricity_transfer,standard,TOKEN_GATE_ENTROPY,81552,fixed1024,1024,BURST16,0.2797849325931358,2223.6480556040187,0.2267960276327608
electricity_transfer,standard,TOKEN_GATE_ENTROPY,81552,fixed1024,1024,BURST4,0.247715377355681,1692.4719716117106,0.1982041862825729
electricity_transfer,standard,TOKEN_GATE_ENTROPY,81552,fixed1024,1024,BURST8,0.2612862088021136,2117.9616067628376,0.2105105013464098
electricity_transfer,standard,TOKEN_GATE_ENTROPY,81552,fixed1024,1024,FAULT,0.2521983464732682,1725.4691808137068,0.2024756719558058
electricity_transfer,standard,TOKEN_GATE_ENTROPY,81552,fixed1024,1024,POINT16,0.2446027516774172,1478.3791221114516,0.1958332781890029
electricity_transfer,standard,TOKEN_GATE_ENTROPY,81552,fixed1024,1024,POINT4,0.238742504898514,1399.8405637142569,0.1908836386224511
electricity_transfer,standard,TOKEN_GATE_ENTROPY,81552,fixed1024,1024,POINT8,0.2410583035127473,1440.5137650779652,0.1926263996616373
electricity_transfer,standard,TOKEN_GATE_ENTROPY,81552,fixed1024,1024,REFERENCE,0.2372211620515114,1372.7542535306711,0.1898574758426764
electricity_transfer,standard,TOKEN_GATE_ENTROPY,81552,fixed1024,1024,SHIFT4,0.3190202495911857,2047.272727439357,0.2551848676374776
electricity_transfer,standard,TOKEN_GATE_ENTROPY,81552,fixed1024,1024,SHIFT8,0.392109522411528,3453.23161046445,0.3139143782692261
electricity_transfer,standard,TOKEN_GATE_ENTROPY,81552,fixed1024,1024,SHIFT_POINT,0.3346511204062333,2200.604039494923,0.2672470368202355
electricity_transfer,standard,TOKEN_GATE_ENTROPY,81552,selected,768,BURST16,0.2795443049570644,2213.522312589353,0.226535313074227
electricity_transfer,standard,TOKEN_GATE_ENTROPY,81552,selected,768,BURST4,0.2477276339045116,1692.7432272522128,0.1982122118470592
electricity_transfer,standard,TOKEN_GATE_ENTROPY,81552,selected,768,BURST8,0.2611762107210062,2111.370283008757,0.2103897043352706
electricity_transfer,standard,TOKEN_GATE_ENTROPY,81552,selected,768,FAULT,0.2521637639953367,1723.0684609664993,0.2024334340979658
electricity_transfer,standard,TOKEN_GATE_ENTROPY,81552,selected,768,POINT16,0.2446758050840713,1480.304234047042,0.1958974052146343
electricity_transfer,standard,TOKEN_GATE_ENTROPY,81552,selected,768,POINT4,0.2387663995591371,1399.874073047511,0.1909071854207134
electricity_transfer,standard,TOKEN_GATE_ENTROPY,81552,selected,768,POINT8,0.2410922297462291,1440.596635854119,0.1926587846958906
electricity_transfer,standard,TOKEN_GATE_ENTROPY,81552,selected,768,REFERENCE,0.2372478964246263,1372.8267021918728,0.1898828294044825
electricity_transfer,standard,TOKEN_GATE_ENTROPY,81552,selected,768,SHIFT4,0.317580336967471,2020.4006834281893,0.2540108596528375
electricity_transfer,standard,TOKEN_GATE_ENTROPY,81552,selected,768,SHIFT8,0.3856894131959597,3279.745195442977,0.3086946164306471
electricity_transfer,standard,TOKEN_GATE_ENTROPY,81552,selected,768,SHIFT_POINT,0.333568781052675,2183.0622526090074,0.2664131631064583
ettm1,shape,B0,81551,fixed1024,768,PAIRED_SHIFT8_D32,0.5321689177080868,2.465794036997986,0.4279050493769051
ettm1,shape,B0,81551,fixed1024,768,PULSE8_D32,6.572331163861875,29.95305968599496,6.277322554855254
ettm1,shape,B0,81551,fixed1024,768,RAMP8_D32,0.9893353330054808,4.652528019905036,0.7751435693868653
ettm1,shape,B0,81551,fixed1024,768,STEP12_D17,0.7638054275610129,3.6293547995385,0.6085615038049381
ettm1,shape,B0,81551,fixed1024,768,STEP12_D63,0.7292794219781763,3.4147987558356245,0.5700462401575337
ettm1,shape,B0,81551,fixed1024,768,STEP6_D17,0.6197384702648081,2.985854361174383,0.4982981183197154
ettm1,shape,B0,81551,fixed1024,768,STEP6_D63,0.5819535743338907,2.681899822972884,0.4566563063197204
ettm1,shape,B0,81551,fixed1024,768,STEP8_D31,0.5341098169992387,2.469871218099585,0.4284571670072022
ettm1,shape,B0,81551,fixed1024,768,STEP8_D33,0.5421562932719504,2.505417799810884,0.4336734325518254
ettm1,shape,B0,81551,selected,768,PAIRED_SHIFT8_D32,0.5321689177080868,2.465794036997986,0.4279050493769051
ettm1,shape,B0,81551,selected,768,PULSE8_D32,6.572331163861875,29.95305968599496,6.277322554855254
ettm1,shape,B0,81551,selected,768,RAMP8_D32,0.9893353330054808,4.652528019905036,0.7751435693868653
ettm1,shape,B0,81551,selected,768,STEP12_D17,0.7638054275610129,3.6293547995385,0.6085615038049381
ettm1,shape,B0,81551,selected,768,STEP12_D63,0.7292794219781763,3.4147987558356245,0.5700462401575337
ettm1,shape,B0,81551,selected,768,STEP6_D17,0.6197384702648081,2.985854361174383,0.4982981183197154
ettm1,shape,B0,81551,selected,768,STEP6_D63,0.5819535743338907,2.681899822972884,0.4566563063197204
ettm1,shape,B0,81551,selected,768,STEP8_D31,0.5341098169992387,2.469871218099585,0.4284571670072022
ettm1,shape,B0,81551,selected,768,STEP8_D33,0.5421562932719504,2.505417799810884,0.4336734325518254
ettm1,shape,B0,81552,fixed1024,1024,PAIRED_SHIFT8_D32,0.5459552259605742,2.526050830209652,0.4408513657553041
ettm1,shape,B0,81552,fixed1024,1024,PULSE8_D32,6.467736412184301,29.455512637980064,6.200013801768165
ettm1,shape,B0,81552,fixed1024,1024,RAMP8_D32,1.0020228647536351,4.704730152380623,0.7903610105636082
ettm1,shape,B0,81552,fixed1024,1024,STEP12_D17,0.8415371166060617,3.980601362976503,0.6723334269750494
ettm1,shape,B0,81552,fixed1024,1024,STEP12_D63,0.694654461330971,3.2880385633000797,0.5426506315673153
ettm1,shape,B0,81552,fixed1024,1024,STEP6_D17,0.6272455627657982,3.0170169618164486,0.5551542750730751
ettm1,shape,B0,81552,fixed1024,1024,STEP6_D63,0.5714217824916471,2.6537955152591883,0.451354960174211
ettm1,shape,B0,81552,fixed1024,1024,STEP8_D31,0.5380446180972785,2.4805688141030457,0.432763854808723
ettm1,shape,B0,81552,fixed1024,1024,STEP8_D33,0.5501442339268098,2.533662740836433,0.4408203325689958
ettm1,shape,B0,81552,selected,1024,PAIRED_SHIFT8_D32,0.5459552259605742,2.526050830209652,0.4408513657553041
ettm1,shape,B0,81552,selected,1024,PULSE8_D32,6.467736412184301,29.455512637980064,6.200013801768165
ettm1,shape,B0,81552,selected,1024,RAMP8_D32,1.0020228647536351,4.704730152380623,0.7903610105636082
ettm1,shape,B0,81552,selected,1024,STEP12_D17,0.8415371166060617,3.980601362976503,0.6723334269750494
ettm1,shape,B0,81552,selected,1024,STEP12_D63,0.694654461330971,3.2880385633000797,0.5426506315673153
ettm1,shape,B0,81552,selected,1024,STEP6_D17,0.6272455627657982,3.0170169618164486,0.5551542750730751
ettm1,shape,B0,81552,selected,1024,STEP6_D63,0.5714217824916471,2.6537955152591883,0.451354960174211
ettm1,shape,B0,81552,selected,1024,STEP8_D31,0.5380446180972785,2.4805688141030457,0.432763854808723
ettm1,shape,B0,81552,selected,1024,STEP8_D33,0.5501442339268098,2.533662740836433,0.4408203325689958
ettm1,shape,C3,81551,fixed1024,1024,PAIRED_SHIFT8_D32,0.5336454163956313,2.466041943153318,0.4302419796149543
ettm1,shape,C3,81551,fixed1024,1024,PULSE8_D32,6.488482367112884,29.579490055932183,6.204967319478157
ettm1,shape,C3,81551,fixed1024,1024,RAMP8_D32,0.997227286730055,4.672676551638633,0.7843665875525431
ettm1,shape,C3,81551,fixed1024,1024,STEP12_D17,0.7815433345916584,3.693776770004201,0.622473214906211
ettm1,shape,C3,81551,fixed1024,1024,STEP12_D63,0.6450330892287712,3.0245809810032465,0.5065926491880137
ettm1,shape,C3,81551,fixed1024,1024,STEP6_D17,0.6205598832950874,2.989969949773961,0.5000245326128387
ettm1,shape,C3,81551,fixed1024,1024,STEP6_D63,0.5506227955487902,2.54562432413728,0.4338856030187158
ettm1,shape,C3,81551,fixed1024,1024,STEP8_D31,0.5292186017257052,2.439513098357619,0.4257943763616963
ettm1,shape,C3,81551,fixed1024,1024,STEP8_D33,0.5434466247152411,2.5015877076841853,0.4362702430870601
ettm1,shape,C3,81551,selected,0,PAIRED_SHIFT8_D32,0.5321689177080868,2.465794036997986,0.4279050493769051
ettm1,shape,C3,81551,selected,0,PULSE8_D32,6.572331163861875,29.95305968599496,6.277322554855254
ettm1,shape,C3,81551,selected,0,RAMP8_D32,0.9893353330054808,4.652528019905036,0.7751435693868653
ettm1,shape,C3,81551,selected,0,STEP12_D17,0.7638054275610129,3.6293547995385,0.6085615038049381
ettm1,shape,C3,81551,selected,0,STEP12_D63,0.7292794219781763,3.4147987558356245,0.5700462401575337
ettm1,shape,C3,81551,selected,0,STEP6_D17,0.6197384702648081,2.985854361174383,0.4982981183197154
ettm1,shape,C3,81551,selected,0,STEP6_D63,0.5819535743338907,2.681899822972884,0.4566563063197204
ettm1,shape,C3,81551,selected,0,STEP8_D31,0.5341098169992387,2.469871218099585,0.4284571670072022
ettm1,shape,C3,81551,selected,0,STEP8_D33,0.5421562932719504,2.505417799810884,0.4336734325518254
ettm1,shape,C3,81552,fixed1024,1024,PAIRED_SHIFT8_D32,0.5527612954339932,2.556910707274073,0.4467906490041214
ettm1,shape,C3,81552,fixed1024,1024,PULSE8_D32,6.425086954972568,29.25726102406861,6.15744695887323
ettm1,shape,C3,81552,fixed1024,1024,RAMP8_D32,1.0108770143056052,4.7415265449436665,0.7989185354853562
ettm1,shape,C3,81552,fixed1024,1024,STEP12_D17,0.867295594099176,4.1010538193911295,0.6940118895886158
ettm1,shape,C3,81552,fixed1024,1024,STEP12_D63,0.6625754309211696,3.13261470824187,0.5166302634791714
ettm1,shape,C3,81552,fixed1024,1024,STEP6_D17,0.6341777593653729,3.051369395573352,0.5187985812615475
ettm1,shape,C3,81552,fixed1024,1024,STEP6_D63,0.556250706692629,2.5804858531439483,0.439599571645967
ettm1,shape,C3,81552,fixed1024,1024,STEP8_D31,0.5407800661969017,2.4916270662948814,0.4358405774949198
ettm1,shape,C3,81552,fixed1024,1024,STEP8_D33,0.5569112328750504,2.5636102304177184,0.4466338688098281
ettm1,shape,C3,81552,selected,1024,PAIRED_SHIFT8_D32,0.5527612954339932,2.556910707274073,0.4467906490041214
ettm1,shape,C3,81552,selected,1024,PULSE8_D32,6.425086954972568,29.25726102406861,6.15744695887323
ettm1,shape,C3,81552,selected,1024,RAMP8_D32,1.0108770143056052,4.7415265449436665,0.7989185354853562
ettm1,shape,C3,81552,selected,1024,STEP12_D17,0.867295594099176,4.1010538193911295,0.6940118895886158
ettm1,shape,C3,81552,selected,1024,STEP12_D63,0.6625754309211696,3.13261470824187,0.5166302634791714
ettm1,shape,C3,81552,selected,1024,STEP6_D17,0.6341777593653729,3.051369395573352,0.5187985812615475
ettm1,shape,C3,81552,selected,1024,STEP6_D63,0.556250706692629,2.5804858531439483,0.439599571645967
ettm1,shape,C3,81552,selected,1024,STEP8_D31,0.5407800661969017,2.4916270662948814,0.4358405774949198
ettm1,shape,C3,81552,selected,1024,STEP8_D33,0.5569112328750504,2.5636102304177184,0.4466338688098281
ettm1,shape,MAG_ONLY,81551,fixed1024,1024,PAIRED_SHIFT8_D32,0.5346842248226275,2.471123562607953,0.431026181192567
ettm1,shape,MAG_ONLY,81551,fixed1024,1024,PULSE8_D32,6.485285029694536,29.56665134050036,6.202120182446146
ettm1,shape,MAG_ONLY,81551,fixed1024,1024,RAMP8_D32,0.9961852921708628,4.668428903685822,0.7837684965125412
ettm1,shape,MAG_ONLY,81551,fixed1024,1024,STEP12_D17,0.7849061225530181,3.708075982019716,0.624991062600047
ettm1,shape,MAG_ONLY,81551,fixed1024,1024,STEP12_D63,0.6447090156230564,3.023037204587779,0.5062767239283636
ettm1,shape,MAG_ONLY,81551,fixed1024,1024,STEP6_D17,0.621131581468615,2.993129426117499,0.5006487858551066
ettm1,shape,MAG_ONLY,81551,fixed1024,1024,STEP6_D63,0.5504731296361165,2.5450669725902357,0.4337653504942922
ettm1,shape,MAG_ONLY,81551,fixed1024,1024,STEP8_D31,0.5302614339838454,2.444953604016751,0.4265486679524108
ettm1,shape,MAG_ONLY,81551,fixed1024,1024,STEP8_D33,0.5439485053347765,2.503928663085804,0.4366498268528933
ettm1,shape,MAG_ONLY,81551,selected,0,PAIRED_SHIFT8_D32,0.5321689177080868,2.465794036997986,0.4279050493769051
ettm1,shape,MAG_ONLY,81551,selected,0,PULSE8_D32,6.572331163861875,29.95305968599496,6.277322554855254
ettm1,shape,MAG_ONLY,81551,selected,0,RAMP8_D32,0.9893353330054808,4.652528019905036,0.7751435693868653
ettm1,shape,MAG_ONLY,81551,selected,0,STEP12_D17,0.7638054275610129,3.6293547995385,0.6085615038049381
ettm1,shape,MAG_ONLY,81551,selected,0,STEP12_D63,0.7292794219781763,3.4147987558356245,0.5700462401575337
ettm1,shape,MAG_ONLY,81551,selected,0,STEP6_D17,0.6197384702648081,2.985854361174383,0.4982981183197154
ettm1,shape,MAG_ONLY,81551,selected,0,STEP6_D63,0.5819535743338907,2.681899822972884,0.4566563063197204
ettm1,shape,MAG_ONLY,81551,selected,0,STEP8_D31,0.5341098169992387,2.469871218099585,0.4284571670072022
ettm1,shape,MAG_ONLY,81551,selected,0,STEP8_D33,0.5421562932719504,2.505417799810884,0.4336734325518254
ettm1,shape,MAG_ONLY,81552,fixed1024,1024,PAIRED_SHIFT8_D32,0.5537087245960989,2.5617441346360685,0.4474845834381264
ettm1,shape,MAG_ONLY,81552,fixed1024,1024,PULSE8_D32,6.420788582215083,29.23824541895283,6.153482460511372
ettm1,shape,MAG_ONLY,81552,fixed1024,1024,RAMP8_D32,1.0119006510379347,4.746795569217808,0.8004401115849924
ettm1,shape,MAG_ONLY,81552,fixed1024,1024,STEP12_D17,0.8703005154601082,4.114975825518775,0.6964980008552242
ettm1,shape,MAG_ONLY,81552,fixed1024,1024,STEP12_D63,0.6590947592627527,3.1156705634763813,0.5140452690528879
ettm1,shape,MAG_ONLY,81552,fixed1024,1024,STEP6_D17,0.6353309756228653,3.057398742777943,0.5164545943470468
ettm1,shape,MAG_ONLY,81552,fixed1024,1024,STEP6_D63,0.5542140780734389,2.570869497302003,0.4380815258023459
ettm1,shape,MAG_ONLY,81552,fixed1024,1024,STEP8_D31,0.5414198918061192,2.49484746513648,0.4363357041641109
ettm1,shape,MAG_ONLY,81552,fixed1024,1024,STEP8_D33,0.5581587706277147,2.569879412019429,0.4476041178547447
ettm1,shape,MAG_ONLY,81552,selected,0,PAIRED_SHIFT8_D32,0.5459552259605742,2.526050830209652,0.4408513657553041
ettm1,shape,MAG_ONLY,81552,selected,0,PULSE8_D32,6.467736412184301,29.455512637980064,6.200013801768165
ettm1,shape,MAG_ONLY,81552,selected,0,RAMP8_D32,1.0020228647536351,4.704730152380623,0.7903610105636082
ettm1,shape,MAG_ONLY,81552,selected,0,STEP12_D17,0.8415371166060617,3.980601362976503,0.6723334269750494
ettm1,shape,MAG_ONLY,81552,selected,0,STEP12_D63,0.694654461330971,3.2880385633000797,0.5426506315673153
ettm1,shape,MAG_ONLY,81552,selected,0,STEP6_D17,0.6272455627657982,3.0170169618164486,0.5551542750730751
ettm1,shape,MAG_ONLY,81552,selected,0,STEP6_D63,0.5714217824916471,2.6537955152591883,0.451354960174211
ettm1,shape,MAG_ONLY,81552,selected,0,STEP8_D31,0.5380446180972785,2.4805688141030457,0.432763854808723
ettm1,shape,MAG_ONLY,81552,selected,0,STEP8_D33,0.5501442339268098,2.533662740836433,0.4408203325689958
ettm1,shape,PETSA_XY_OFFLINE,81551,fixed1024,1024,PAIRED_SHIFT8_D32,0.5343485850538863,2.47004412495668,0.4315838657794587
ettm1,shape,PETSA_XY_OFFLINE,81551,fixed1024,1024,PULSE8_D32,6.471693955157655,29.48079257155132,6.1819458242911205
ettm1,shape,PETSA_XY_OFFLINE,81551,fixed1024,1024,RAMP8_D32,1.004947850403869,4.7073713657971625,0.790269687628515
ettm1,shape,PETSA_XY_OFFLINE,81551,fixed1024,1024,STEP12_D17,0.8209425871029291,3.877893891591533,0.6517986127548815
ettm1,shape,PETSA_XY_OFFLINE,81551,fixed1024,1024,STEP12_D63,0.5884848917550533,2.733021172794223,0.4650528782653816
ettm1,shape,PETSA_XY_OFFLINE,81551,fixed1024,1024,STEP6_D17,0.6229372530424542,2.9958860476463527,0.5039576343599961
ettm1,shape,PETSA_XY_OFFLINE,81551,fixed1024,1024,STEP6_D63,0.5252890797804205,2.4191176095873685,0.4139039289732703
ettm1,shape,PETSA_XY_OFFLINE,81551,fixed1024,1024,STEP8_D31,0.5319351847148222,2.452673995369614,0.42895186277029
ettm1,shape,PETSA_XY_OFFLINE,81551,fixed1024,1024,STEP8_D33,0.5532898388459527,2.553112482534741,0.4441474328318079
ettm1,shape,PETSA_XY_OFFLINE,81551,selected,0,PAIRED_SHIFT8_D32,0.5321689177080868,2.465794036997986,0.4279050493769051
ettm1,shape,PETSA_XY_OFFLINE,81551,selected,0,PULSE8_D32,6.572331163861875,29.95305968599496,6.277322554855254
ettm1,shape,PETSA_XY_OFFLINE,81551,selected,0,RAMP8_D32,0.9893353330054808,4.652528019905036,0.7751435693868653
ettm1,shape,PETSA_XY_OFFLINE,81551,selected,0,STEP12_D17,0.7638054275610129,3.6293547995385,0.6085615038049381
ettm1,shape,PETSA_XY_OFFLINE,81551,selected,0,STEP12_D63,0.7292794219781763,3.4147987558356245,0.5700462401575337
ettm1,shape,PETSA_XY_OFFLINE,81551,selected,0,STEP6_D17,0.6197384702648081,2.985854361174383,0.4982981183197154
ettm1,shape,PETSA_XY_OFFLINE,81551,selected,0,STEP6_D63,0.5819535743338907,2.681899822972884,0.4566563063197204
ettm1,shape,PETSA_XY_OFFLINE,81551,selected,0,STEP8_D31,0.5341098169992387,2.469871218099585,0.4284571670072022
ettm1,shape,PETSA_XY_OFFLINE,81551,selected,0,STEP8_D33,0.5421562932719504,2.505417799810884,0.4336734325518254
ettm1,shape,PETSA_XY_OFFLINE,81552,fixed1024,1024,PAIRED_SHIFT8_D32,0.548247234816214,2.5383539583006294,0.4426842602599286
ettm1,shape,PETSA_XY_OFFLINE,81552,fixed1024,1024,PULSE8_D32,6.426404991701321,29.259769390696874,6.16303114239415
ettm1,shape,PETSA_XY_OFFLINE,81552,fixed1024,1024,RAMP8_D32,1.015113399057719,4.763130674991505,0.8052000680031539
ettm1,shape,PETSA_XY_OFFLINE,81552,fixed1024,1024,STEP12_D17,0.8784021230051772,4.154170718596783,0.7035210777219604
ettm1,shape,PETSA_XY_OFFLINE,81552,fixed1024,1024,STEP12_D63,0.6252495115300138,2.938500570372729,0.4890808735391874
ettm1,shape,PETSA_XY_OFFLINE,81552,fixed1024,1024,STEP6_D17,0.6342354474135555,3.0530173301191184,0.5329458974341088
ettm1,shape,PETSA_XY_OFFLINE,81552,fixed1024,1024,STEP6_D63,0.5415905608746192,2.502541441266286,0.4287317297030254
ettm1,shape,PETSA_XY_OFFLINE,81552,fixed1024,1024,STEP8_D31,0.5386976092039895,2.4841296063422247,0.4340211399291964
ettm1,shape,PETSA_XY_OFFLINE,81552,fixed1024,1024,STEP8_D33,0.553608786951669,2.550133554874149,0.444045481530564
ettm1,shape,PETSA_XY_OFFLINE,81552,selected,0,PAIRED_SHIFT8_D32,0.5459552259605742,2.526050830209652,0.4408513657553041
ettm1,shape,PETSA_XY_OFFLINE,81552,selected,0,PULSE8_D32,6.467736412184301,29.455512637980064,6.200013801768165
ettm1,shape,PETSA_XY_OFFLINE,81552,selected,0,RAMP8_D32,1.0020228647536351,4.704730152380623,0.7903610105636082
ettm1,shape,PETSA_XY_OFFLINE,81552,selected,0,STEP12_D17,0.8415371166060617,3.980601362976503,0.6723334269750494
ettm1,shape,PETSA_XY_OFFLINE,81552,selected,0,STEP12_D63,0.694654461330971,3.2880385633000797,0.5426506315673153
ettm1,shape,PETSA_XY_OFFLINE,81552,selected,0,STEP6_D17,0.6272455627657982,3.0170169618164486,0.5551542750730751
ettm1,shape,PETSA_XY_OFFLINE,81552,selected,0,STEP6_D63,0.5714217824916471,2.6537955152591883,0.451354960174211
ettm1,shape,PETSA_XY_OFFLINE,81552,selected,0,STEP8_D31,0.5380446180972785,2.4805688141030457,0.432763854808723
ettm1,shape,PETSA_XY_OFFLINE,81552,selected,0,STEP8_D33,0.5501442339268098,2.533662740836433,0.4408203325689958
ettm1,shape,PLAIN,81551,fixed1024,1024,PAIRED_SHIFT8_D32,0.5282011425420086,2.4396213778487605,0.427388753607796
ettm1,shape,PLAIN,81551,fixed1024,1024,PULSE8_D32,6.524572023310792,29.743715477255137,6.242291956313485
ettm1,shape,PLAIN,81551,fixed1024,1024,RAMP8_D32,1.0332616651554416,4.846309340961953,0.8095095760576078
ettm1,shape,PLAIN,81551,fixed1024,1024,STEP12_D17,0.7626400002317223,3.605741527194621,0.6115989272094136
ettm1,shape,PLAIN,81551,fixed1024,1024,STEP12_D63,0.6259432374076399,2.944920157181651,0.4914759757571793
ettm1,shape,PLAIN,81551,fixed1024,1024,STEP6_D17,0.6277595875179777,3.0193375183378928,0.50422926360004
ettm1,shape,PLAIN,81551,fixed1024,1024,STEP6_D63,0.5434825292441645,2.5188190742519727,0.4293388846174672
ettm1,shape,PLAIN,81551,fixed1024,1024,STEP8_D31,0.5224954641809101,2.407777843959648,0.4214228301272846
ettm1,shape,PLAIN,81551,fixed1024,1024,STEP8_D33,0.529330183800501,2.43217545937225,0.4271240267646662
ettm1,shape,PLAIN,81551,selected,0,PAIRED_SHIFT8_D32,0.5321689177080868,2.465794036997986,0.4279050493769051
ettm1,shape,PLAIN,81551,selected,0,PULSE8_D32,6.572331163861875,29.95305968599496,6.277322554855254
ettm1,shape,PLAIN,81551,selected,0,RAMP8_D32,0.9893353330054808,4.652528019905036,0.7751435693868653
ettm1,shape,PLAIN,81551,selected,0,STEP12_D17,0.7638054275610129,3.6293547995385,0.6085615038049381
ettm1,shape,PLAIN,81551,selected,0,STEP12_D63,0.7292794219781763,3.4147987558356245,0.5700462401575337
ettm1,shape,PLAIN,81551,selected,0,STEP6_D17,0.6197384702648081,2.985854361174383,0.4982981183197154
ettm1,shape,PLAIN,81551,selected,0,STEP6_D63,0.5819535743338907,2.681899822972884,0.4566563063197204
ettm1,shape,PLAIN,81551,selected,0,STEP8_D31,0.5341098169992387,2.469871218099585,0.4284571670072022
ettm1,shape,PLAIN,81551,selected,0,STEP8_D33,0.5421562932719504,2.505417799810884,0.4336734325518254
ettm1,shape,PLAIN,81552,fixed1024,1024,PAIRED_SHIFT8_D32,0.5359450971559677,2.4729131664080257,0.4351298609093152
ettm1,shape,PLAIN,81552,fixed1024,1024,PULSE8_D32,6.46978860054593,29.47308042064651,6.199960004967958
ettm1,shape,PLAIN,81552,fixed1024,1024,RAMP8_D32,1.047463263387593,4.940942600048019,0.8208550165825177
ettm1,shape,PLAIN,81552,fixed1024,1024,STEP12_D17,0.8346577281135416,3.948798824505765,0.6683324914985667
ettm1,shape,PLAIN,81552,fixed1024,1024,STEP12_D63,0.6560441226074397,3.1121952270215045,0.5125890302600002
ettm1,shape,PLAIN,81552,fixed1024,1024,STEP6_D17,0.634598336642497,3.048160321075607,0.5382367563070745
ettm1,shape,PLAIN,81552,fixed1024,1024,STEP6_D63,0.554387957570584,2.574391863448046,0.4386653263724795
ettm1,shape,PLAIN,81552,fixed1024,1024,STEP8_D31,0.5263556147765941,2.419933156517178,0.4260873013229753
ettm1,shape,PLAIN,81552,fixed1024,1024,STEP8_D33,0.535263272127164,2.457233142794629,0.4313404283097004
ettm1,shape,PLAIN,81552,selected,1024,PAIRED_SHIFT8_D32,0.5359450971559677,2.4729131664080257,0.4351298609093152
ettm1,shape,PLAIN,81552,selected,1024,PULSE8_D32,6.46978860054593,29.47308042064651,6.199960004967958
ettm1,shape,PLAIN,81552,selected,1024,RAMP8_D32,1.047463263387593,4.940942600048019,0.8208550165825177
ettm1,shape,PLAIN,81552,selected,1024,STEP12_D17,0.8346577281135416,3.948798824505765,0.6683324914985667
ettm1,shape,PLAIN,81552,selected,1024,STEP12_D63,0.6560441226074397,3.1121952270215045,0.5125890302600002
ettm1,shape,PLAIN,81552,selected,1024,STEP6_D17,0.634598336642497,3.048160321075607,0.5382367563070745
ettm1,shape,PLAIN,81552,selected,1024,STEP6_D63,0.554387957570584,2.574391863448046,0.4386653263724795
ettm1,shape,PLAIN,81552,selected,1024,STEP8_D31,0.5263556147765941,2.419933156517178,0.4260873013229753
ettm1,shape,PLAIN,81552,selected,1024,STEP8_D33,0.535263272127164,2.457233142794629,0.4313404283097004
ettm1,shape,TOKEN_GATE,81551,fixed1024,1024,PAIRED_SHIFT8_D32,0.528617822806013,2.4426320774042414,0.4275063659761483
ettm1,shape,TOKEN_GATE,81551,fixed1024,1024,PULSE8_D32,6.528455203848559,29.75651385501897,6.2457175757227565
ettm1,shape,TOKEN_GATE,81551,fixed1024,1024,RAMP8_D32,1.0287106241404638,4.830279467949028,0.8057433295874601
ettm1,shape,TOKEN_GATE,81551,fixed1024,1024,STEP12_D17,0.7515502855145207,3.558286953688169,0.603000693096432
ettm1,shape,TOKEN_GATE,81551,fixed1024,1024,STEP12_D63,0.6219647275461451,2.922984513090213,0.4885913798010455
ettm1,shape,TOKEN_GATE,81551,fixed1024,1024,STEP6_D17,0.6276855891060832,3.020235938816858,0.5039599191122978
ettm1,shape,TOKEN_GATE,81551,fixed1024,1024,STEP6_D63,0.5419597013758983,2.509709186061256,0.4280644616139165
ettm1,shape,TOKEN_GATE,81551,fixed1024,1024,STEP8_D31,0.5235350219464189,2.413362405856081,0.4222105032738178
ettm1,shape,TOKEN_GATE,81551,fixed1024,1024,STEP8_D33,0.5297184765210383,2.434525316727336,0.4272694336901748
ettm1,shape,TOKEN_GATE,81551,selected,0,PAIRED_SHIFT8_D32,0.5321689177080868,2.465794036997986,0.4279050493769051
ettm1,shape,TOKEN_GATE,81551,selected,0,PULSE8_D32,6.572331163861875,29.95305968599496,6.277322554855254
ettm1,shape,TOKEN_GATE,81551,selected,0,RAMP8_D32,0.9893353330054808,4.652528019905036,0.7751435693868653
ettm1,shape,TOKEN_GATE,81551,selected,0,STEP12_D17,0.7638054275610129,3.6293547995385,0.6085615038049381
ettm1,shape,TOKEN_GATE,81551,selected,0,STEP12_D63,0.7292794219781763,3.4147987558356245,0.5700462401575337
ettm1,shape,TOKEN_GATE,81551,selected,0,STEP6_D17,0.6197384702648081,2.985854361174383,0.4982981183197154
ettm1,shape,TOKEN_GATE,81551,selected,0,STEP6_D63,0.5819535743338907,2.681899822972884,0.4566563063197204
ettm1,shape,TOKEN_GATE,81551,selected,0,STEP8_D31,0.5341098169992387,2.469871218099585,0.4284571670072022
ettm1,shape,TOKEN_GATE,81551,selected,0,STEP8_D33,0.5421562932719504,2.505417799810884,0.4336734325518254
ettm1,shape,TOKEN_GATE,81552,fixed1024,1024,PAIRED_SHIFT8_D32,0.5383122229086098,2.48421015255996,0.436647512863487
ettm1,shape,TOKEN_GATE,81552,fixed1024,1024,PULSE8_D32,6.460352262836478,29.4303169479208,6.191613722699144
ettm1,shape,TOKEN_GATE,81552,fixed1024,1024,RAMP8_D32,1.034731307637426,4.885610459139883,0.8126151008785433
ettm1,shape,TOKEN_GATE,81552,fixed1024,1024,STEP12_D17,0.8405286812741931,3.977529696312384,0.6739533008666116
ettm1,shape,TOKEN_GATE,81552,fixed1024,1024,STEP12_D63,0.6560067945859124,3.111506511875426,0.5120344494797487
ettm1,shape,TOKEN_GATE,81552,fixed1024,1024,STEP6_D17,0.6323121944342548,3.040002255435878,0.5311638569823924
ettm1,shape,TOKEN_GATE,81552,fixed1024,1024,STEP6_D63,0.553377614167957,2.5678294222875078,0.4377304594012787
ettm1,shape,TOKEN_GATE,81552,fixed1024,1024,STEP8_D31,0.528547435989382,2.430337298263193,0.4273566135073074
ettm1,shape,TOKEN_GATE,81552,fixed1024,1024,STEP8_D33,0.5402749275892309,2.4814590162192247,0.4348616236944131
ettm1,shape,TOKEN_GATE,81552,selected,1024,PAIRED_SHIFT8_D32,0.5383122229086098,2.48421015255996,0.436647512863487
ettm1,shape,TOKEN_GATE,81552,selected,1024,PULSE8_D32,6.460352262836478,29.4303169479208,6.191613722699144
ettm1,shape,TOKEN_GATE,81552,selected,1024,RAMP8_D32,1.034731307637426,4.885610459139883,0.8126151008785433
ettm1,shape,TOKEN_GATE,81552,selected,1024,STEP12_D17,0.8405286812741931,3.977529696312384,0.6739533008666116
ettm1,shape,TOKEN_GATE,81552,selected,1024,STEP12_D63,0.6560067945859124,3.111506511875426,0.5120344494797487
ettm1,shape,TOKEN_GATE,81552,selected,1024,STEP6_D17,0.6323121944342548,3.040002255435878,0.5311638569823924
ettm1,shape,TOKEN_GATE,81552,selected,1024,STEP6_D63,0.553377614167957,2.5678294222875078,0.4377304594012787
ettm1,shape,TOKEN_GATE,81552,selected,1024,STEP8_D31,0.528547435989382,2.430337298263193,0.4273566135073074
ettm1,shape,TOKEN_GATE,81552,selected,1024,STEP8_D33,0.5402749275892309,2.4814590162192247,0.4348616236944131
ettm1,shape,TOKEN_GATE_ENTROPY,81551,fixed1024,1024,PAIRED_SHIFT8_D32,0.5342876431490913,2.469451339773141,0.430425125017263
ettm1,shape,TOKEN_GATE_ENTROPY,81551,fixed1024,1024,PULSE8_D32,6.479976968722098,29.521066366739436,6.200274948180518
ettm1,shape,TOKEN_GATE_ENTROPY,81551,fixed1024,1024,RAMP8_D32,0.9880862749437608,4.638408428322394,0.7749825718488669
ettm1,shape,TOKEN_GATE_ENTROPY,81551,fixed1024,1024,STEP12_D17,0.7580700008948806,3.5872033670250665,0.6054532344867172
ettm1,shape,TOKEN_GATE_ENTROPY,81551,fixed1024,1024,STEP12_D63,0.6222564382447295,2.915519253776098,0.4887798348138431
ettm1,shape,TOKEN_GATE_ENTROPY,81551,fixed1024,1024,STEP6_D17,0.6163559070339676,2.9649616823544465,0.4964518145725151
ettm1,shape,TOKEN_GATE_ENTROPY,81551,fixed1024,1024,STEP6_D63,0.5405495344943878,2.496768495469154,0.426100328191542
ettm1,shape,TOKEN_GATE_ENTROPY,81551,fixed1024,1024,STEP8_D31,0.5297210158746385,2.4419386848218387,0.4258469827775752
ettm1,shape,TOKEN_GATE_ENTROPY,81551,fixed1024,1024,STEP8_D33,0.5467372256163334,2.5190939048710934,0.4382895936312458
ettm1,shape,TOKEN_GATE_ENTROPY,81551,selected,0,PAIRED_SHIFT8_D32,0.5321689177080868,2.465794036997986,0.4279050493769051
ettm1,shape,TOKEN_GATE_ENTROPY,81551,selected,0,PULSE8_D32,6.572331163861875,29.95305968599496,6.277322554855254
ettm1,shape,TOKEN_GATE_ENTROPY,81551,selected,0,RAMP8_D32,0.9893353330054808,4.652528019905036,0.7751435693868653
ettm1,shape,TOKEN_GATE_ENTROPY,81551,selected,0,STEP12_D17,0.7638054275610129,3.6293547995385,0.6085615038049381
ettm1,shape,TOKEN_GATE_ENTROPY,81551,selected,0,STEP12_D63,0.7292794219781763,3.4147987558356245,0.5700462401575337
ettm1,shape,TOKEN_GATE_ENTROPY,81551,selected,0,STEP6_D17,0.6197384702648081,2.985854361174383,0.4982981183197154
ettm1,shape,TOKEN_GATE_ENTROPY,81551,selected,0,STEP6_D63,0.5819535743338907,2.681899822972884,0.4566563063197204
ettm1,shape,TOKEN_GATE_ENTROPY,81551,selected,0,STEP8_D31,0.5341098169992387,2.469871218099585,0.4284571670072022
ettm1,shape,TOKEN_GATE_ENTROPY,81551,selected,0,STEP8_D33,0.5421562932719504,2.505417799810884,0.4336734325518254
ettm1,shape,TOKEN_GATE_ENTROPY,81552,fixed1024,1024,PAIRED_SHIFT8_D32,0.5492952730792174,2.5381984353128058,0.4439384434394688
ettm1,shape,TOKEN_GATE_ENTROPY,81552,fixed1024,1024,PULSE8_D32,6.423997985592321,29.25268756989317,6.1589973800579765
ettm1,shape,TOKEN_GATE_ENTROPY,81552,fixed1024,1024,RAMP8_D32,1.017741002204566,4.785872771022673,0.8024500165373148
ettm1,shape,TOKEN_GATE_ENTROPY,81552,fixed1024,1024,STEP12_D17,0.868960790914823,4.107655178834396,0.6947415124951405
ettm1,shape,TOKEN_GATE_ENTROPY,81552,fixed1024,1024,STEP12_D63,0.6536634280882807,3.0929967599641017,0.5095251615739745
ettm1,shape,TOKEN_GATE_ENTROPY,81552,fixed1024,1024,STEP6_D17,0.6291232474463964,3.021090419411964,0.5313669204569439
ettm1,shape,TOKEN_GATE_ENTROPY,81552,fixed1024,1024,STEP6_D63,0.5509452082442627,2.552113727959749,0.4355637114552149
ettm1,shape,TOKEN_GATE_ENTROPY,81552,fixed1024,1024,STEP8_D31,0.5377533388927053,2.4745619185136056,0.4334668142990267
ettm1,shape,TOKEN_GATE_ENTROPY,81552,fixed1024,1024,STEP8_D33,0.5557081086088225,2.556610606256813,0.4457861974479337
ettm1,shape,TOKEN_GATE_ENTROPY,81552,selected,768,PAIRED_SHIFT8_D32,0.547581379968743,2.529666024103514,0.4420513250440052
ettm1,shape,TOKEN_GATE_ENTROPY,81552,selected,768,PULSE8_D32,6.431741408039441,29.29180346582507,6.167334927350984
ettm1,shape,TOKEN_GATE_ENTROPY,81552,selected,768,RAMP8_D32,1.011185385909287,4.759047056283709,0.7965065628901263
ettm1,shape,TOKEN_GATE_ENTROPY,81552,selected,768,STEP12_D17,0.8725849749397597,4.122460746630961,0.6971005178308756
ettm1,shape,TOKEN_GATE_ENTROPY,81552,selected,768,STEP12_D63,0.6609945599418725,3.1275642652899744,0.5156438987975399
ettm1,shape,TOKEN_GATE_ENTROPY,81552,selected,768,STEP6_D17,0.6277030147805671,3.013170112595932,0.5271523995289666
ettm1,shape,TOKEN_GATE_ENTROPY,81552,selected,768,STEP6_D63,0.556029272240065,2.575687349241862,0.4394154973247333
ettm1,shape,TOKEN_GATE_ENTROPY,81552,selected,768,STEP8_D31,0.5370123196194422,2.47033387841924,0.432395961510445
ettm1,shape,TOKEN_GATE_ENTROPY,81552,selected,768,STEP8_D33,0.5540562789172903,2.548148078649986,0.4439994803118602
ettm1,standard,B0,81551,fixed1024,768,BURST16,0.4610350944545126,2.0713632995736475,0.375011796827212
ettm1,standard,B0,81551,fixed1024,768,BURST4,0.4159144730679214,1.879750594068952,0.3345125100109988
ettm1,standard,B0,81551,fixed1024,768,BURST8,0.4179032113755649,1.870017490637082,0.3364395561340206
ettm1,standard,B0,81551,fixed1024,768,FAULT,0.4189935698542592,1.887314021876276,0.3375942111749844
ettm1,standard,B0,81551,fixed1024,768,POINT16,0.4088139481757736,1.8462545976974525,0.3279180319042359
ettm1,standard,B0,81551,fixed1024,768,POINT4,0.4048116512534186,1.8264236674066008,0.3258518649559534
ettm1,standard,B0,81551,fixed1024,768,POINT8,0.405483040798364,1.8300744818739216,0.3258315072174859
ettm1,standard,B0,81551,fixed1024,768,REFERENCE,0.4045515146391231,1.821995278451567,0.3258515209059033
ettm1,standard,B0,81551,fixed1024,768,SHIFT4,0.5459466813770019,2.542138972479682,0.4373719123795997
ettm1,standard,B0,81551,fixed1024,768,SHIFT8,0.5388866589281354,2.4781563243294484,0.4349827141716674
ettm1,standard,B0,81551,fixed1024,768,SHIFT_POINT,0.582183295868751,2.720418012550975,0.468073911157271
ettm1,standard,B0,81551,selected,768,BURST16,0.4610350944545126,2.0713632995736475,0.375011796827212
ettm1,standard,B0,81551,selected,768,BURST4,0.4159144730679214,1.879750594068952,0.3345125100109988
ettm1,standard,B0,81551,selected,768,BURST8,0.4179032113755649,1.870017490637082,0.3364395561340206
ettm1,standard,B0,81551,selected,768,FAULT,0.4189935698542592,1.887314021876276,0.3375942111749844
ettm1,standard,B0,81551,selected,768,POINT16,0.4088139481757736,1.8462545976974525,0.3279180319042359
ettm1,standard,B0,81551,selected,768,POINT4,0.4048116512534186,1.8264236674066008,0.3258518649559534
ettm1,standard,B0,81551,selected,768,POINT8,0.405483040798364,1.8300744818739216,0.3258315072174859
ettm1,standard,B0,81551,selected,768,REFERENCE,0.4045515146391231,1.821995278451567,0.3258515209059033
ettm1,standard,B0,81551,selected,768,SHIFT4,0.5459466813770019,2.542138972479682,0.4373719123795997
ettm1,standard,B0,81551,selected,768,SHIFT8,0.5388866589281354,2.4781563243294484,0.4349827141716674
ettm1,standard,B0,81551,selected,768,SHIFT_POINT,0.582183295868751,2.720418012550975,0.468073911157271
ettm1,standard,B0,81552,fixed1024,1024,BURST16,0.4732624475470844,2.132505740787451,0.3852930575885783
ettm1,standard,B0,81552,fixed1024,1024,BURST4,0.4226344057144852,1.904519480304458,0.3402088377068001
ettm1,standard,B0,81552,fixed1024,1024,BURST8,0.4264877816744344,1.9051576138314203,0.3433597180326747
ettm1,standard,B0,81552,fixed1024,1024,FAULT,0.4274018437956737,1.924585269949162,0.344656372644624
ettm1,standard,B0,81552,fixed1024,1024,POINT16,0.4171160957391974,1.88278138716656,0.3349806297506169
ettm1,standard,B0,81552,fixed1024,1024,POINT4,0.4104273337613183,1.850940025687969,0.3307596413111059
ettm1,standard,B0,81552,fixed1024,1024,POINT8,0.4144829983375225,1.871607371917115,0.3333363514779682
ettm1,standard,B0,81552,fixed1024,1024,REFERENCE,0.4101211519772421,1.8451784091994767,0.3307594906840549
ettm1,standard,B0,81552,fixed1024,1024,SHIFT4,0.5568625036863599,2.59973486012106,0.4476170242070155
ettm1,standard,B0,81552,fixed1024,1024,SHIFT8,0.5518498844387241,2.538430872949749,0.4456507139199613
ettm1,standard,B0,81552,fixed1024,1024,SHIFT_POINT,0.5974310433023925,2.8098890896427746,0.4807197042542226
ettm1,standard,B0,81552,selected,1024,BURST16,0.4732624475470844,2.132505740787451,0.3852930575885783
ettm1,standard,B0,81552,selected,1024,BURST4,0.4226344057144852,1.904519480304458,0.3402088377068001
ettm1,standard,B0,81552,selected,1024,BURST8,0.4264877816744344,1.9051576138314203,0.3433597180326747
ettm1,standard,B0,81552,selected,1024,FAULT,0.4274018437956737,1.924585269949162,0.344656372644624
ettm1,standard,B0,81552,selected,1024,POINT16,0.4171160957391974,1.88278138716656,0.3349806297506169
ettm1,standard,B0,81552,selected,1024,POINT4,0.4104273337613183,1.850940025687969,0.3307596413111059
ettm1,standard,B0,81552,selected,1024,POINT8,0.4144829983375225,1.871607371917115,0.3333363514779682
ettm1,standard,B0,81552,selected,1024,REFERENCE,0.4101211519772421,1.8451784091994767,0.3307594906840549
ettm1,standard,B0,81552,selected,1024,SHIFT4,0.5568625036863599,2.59973486012106,0.4476170242070155
ettm1,standard,B0,81552,selected,1024,SHIFT8,0.5518498844387241,2.538430872949749,0.4456507139199613
ettm1,standard,B0,81552,selected,1024,SHIFT_POINT,0.5974310433023925,2.8098890896427746,0.4807197042542226
ettm1,standard,C3,81551,fixed1024,1024,BURST16,0.4623236183009058,2.0744045980019905,0.3758208507881954
ettm1,standard,C3,81551,fixed1024,1024,BURST4,0.416879174744572,1.8822290162840147,0.3351590511715283
ettm1,standard,C3,81551,fixed1024,1024,BURST8,0.4203172871037266,1.8799027769035348,0.3380008225264911
ettm1,standard,C3,81551,fixed1024,1024,FAULT,0.4205396117770719,1.893010698367332,0.3385561478390934
ettm1,standard,C3,81551,fixed1024,1024,POINT16,0.410811161707403,1.8560277329224133,0.3292139351389323
ettm1,standard,C3,81551,fixed1024,1024,POINT4,0.4059248270262254,1.8300637688942345,0.3264019861596867
ettm1,standard,C3,81551,fixed1024,1024,POINT8,0.4069816017795986,1.835436297197802,0.3267402412497265
ettm1,standard,C3,81551,fixed1024,1024,REFERENCE,0.4051053776375453,1.822753499402168,0.3259995905538703
ettm1,standard,C3,81551,fixed1024,1024,SHIFT4,0.5430501516570168,2.530383805897788,0.4361285539865958
ettm1,standard,C3,81551,fixed1024,1024,SHIFT8,0.541825595677021,2.4883589334870204,0.4386525845767005
ettm1,standard,C3,81551,fixed1024,1024,SHIFT_POINT,0.5821651596759514,2.721383294813481,0.4681680470842662
ettm1,standard,C3,81551,selected,0,BURST16,0.4610350944545126,2.0713632995736475,0.375011796827212
ettm1,standard,C3,81551,selected,0,BURST4,0.4159144730679214,1.879750594068952,0.3345125100109988
ettm1,standard,C3,81551,selected,0,BURST8,0.4179032113755649,1.870017490637082,0.3364395561340206
ettm1,standard,C3,81551,selected,0,FAULT,0.4189935698542592,1.887314021876276,0.3375942111749844
ettm1,standard,C3,81551,selected,0,POINT16,0.4088139481757736,1.8462545976974525,0.3279180319042359
ettm1,standard,C3,81551,selected,0,POINT4,0.4048116512534186,1.8264236674066008,0.3258518649559534
ettm1,standard,C3,81551,selected,0,POINT8,0.405483040798364,1.8300744818739216,0.3258315072174859
ettm1,standard,C3,81551,selected,0,REFERENCE,0.4045515146391231,1.821995278451567,0.3258515209059033
ettm1,standard,C3,81551,selected,0,SHIFT4,0.5459466813770019,2.542138972479682,0.4373719123795997
ettm1,standard,C3,81551,selected,0,SHIFT8,0.5388866589281354,2.4781563243294484,0.4349827141716674
ettm1,standard,C3,81551,selected,0,SHIFT_POINT,0.582183295868751,2.720418012550975,0.468073911157271
ettm1,standard,C3,81552,fixed1024,1024,BURST16,0.4724335337683205,2.127290578720846,0.3842249526994545
ettm1,standard,C3,81552,fixed1024,1024,BURST4,0.4224909013603021,1.9027555383166543,0.3399256385322364
ettm1,standard,C3,81552,fixed1024,1024,BURST8,0.4272653396067157,1.9079274288948227,0.3436413600100997
ettm1,standard,C3,81552,fixed1024,1024,FAULT,0.4274354295728716,1.9236245036545068,0.3443987028356883
ettm1,standard,C3,81552,fixed1024,1024,POINT16,0.4177313052143174,1.885558362005867,0.3350831901344725
ettm1,standard,C3,81552,fixed1024,1024,POINT4,0.410331598974562,1.849136564788012,0.3304629960563225
ettm1,standard,C3,81552,fixed1024,1024,POINT8,0.4143598985130122,1.8690785492008395,0.3330540795815442
ettm1,standard,C3,81552,fixed1024,1024,REFERENCE,0.4098996464787992,1.842705685987852,0.3303037327034706
ettm1,standard,C3,81552,fixed1024,1024,SHIFT4,0.5534885693262586,2.5834812701302057,0.4462488040328165
ettm1,standard,C3,81552,fixed1024,1024,SHIFT8,0.5563107567134941,2.5554829198742937,0.4494925731730475
ettm1,standard,C3,81552,fixed1024,1024,SHIFT_POINT,0.5948157609292063,2.796424154577948,0.4798801982403242
ettm1,standard,C3,81552,selected,1024,BURST16,0.4724335337683205,2.127290578720846,0.3842249526994545
ettm1,standard,C3,81552,selected,1024,BURST4,0.4224909013603021,1.9027555383166543,0.3399256385322364
ettm1,standard,C3,81552,selected,1024,BURST8,0.4272653396067157,1.9079274288948227,0.3436413600100997
ettm1,standard,C3,81552,selected,1024,FAULT,0.4274354295728716,1.9236245036545068,0.3443987028356883
ettm1,standard,C3,81552,selected,1024,POINT16,0.4177313052143174,1.885558362005867,0.3350831901344725
ettm1,standard,C3,81552,selected,1024,POINT4,0.410331598974562,1.849136564788012,0.3304629960563225
ettm1,standard,C3,81552,selected,1024,POINT8,0.4143598985130122,1.8690785492008395,0.3330540795815442
ettm1,standard,C3,81552,selected,1024,REFERENCE,0.4098996464787992,1.842705685987852,0.3303037327034706
ettm1,standard,C3,81552,selected,1024,SHIFT4,0.5534885693262586,2.5834812701302057,0.4462488040328165
ettm1,standard,C3,81552,selected,1024,SHIFT8,0.5563107567134941,2.5554829198742937,0.4494925731730475
ettm1,standard,C3,81552,selected,1024,SHIFT_POINT,0.5948157609292063,2.796424154577948,0.4798801982403242
ettm1,standard,MAG_ONLY,81551,fixed1024,1024,BURST16,0.4625457443071712,2.0750861455771314,0.376068009030894
ettm1,standard,MAG_ONLY,81551,fixed1024,1024,BURST4,0.4167436110911773,1.8814744548558624,0.3351272182974816
ettm1,standard,MAG_ONLY,81551,fixed1024,1024,BURST8,0.4200830687057383,1.878586482053521,0.33789798626634
ettm1,standard,MAG_ONLY,81551,fixed1024,1024,FAULT,0.4203878103451422,1.8921317300154896,0.3385310208033422
ettm1,standard,MAG_ONLY,81551,fixed1024,1024,POINT16,0.4105929289397459,1.8548674885370569,0.3291678856589322
ettm1,standard,MAG_ONLY,81551,fixed1024,1024,POINT4,0.4056774553456007,1.8288765988940483,0.3262992504146432
ettm1,standard,MAG_ONLY,81551,fixed1024,1024,POINT8,0.4066840536814196,1.8338992101753175,0.3266257751517624
ettm1,standard,MAG_ONLY,81551,fixed1024,1024,REFERENCE,0.4048968645366898,1.8218058014043803,0.3259270544521435
ettm1,standard,MAG_ONLY,81551,fixed1024,1024,SHIFT4,0.5434056261460379,2.5322723961723232,0.43659156996514
ettm1,standard,MAG_ONLY,81551,fixed1024,1024,SHIFT8,0.5423303153603583,2.490214033168632,0.4390548290793904
ettm1,standard,MAG_ONLY,81551,fixed1024,1024,SHIFT_POINT,0.5825074144990449,2.7232955602946647,0.4685733974839039
ettm1,standard,MAG_ONLY,81551,selected,0,BURST16,0.4610350944545126,2.0713632995736475,0.375011796827212
ettm1,standard,MAG_ONLY,81551,selected,0,BURST4,0.4159144730679214,1.879750594068952,0.3345125100109988
ettm1,standard,MAG_ONLY,81551,selected,0,BURST8,0.4179032113755649,1.870017490637082,0.3364395561340206
ettm1,standard,MAG_ONLY,81551,selected,0,FAULT,0.4189935698542592,1.887314021876276,0.3375942111749844
ettm1,standard,MAG_ONLY,81551,selected,0,POINT16,0.4088139481757736,1.8462545976974525,0.3279180319042359
ettm1,standard,MAG_ONLY,81551,selected,0,POINT4,0.4048116512534186,1.8264236674066008,0.3258518649559534
ettm1,standard,MAG_ONLY,81551,selected,0,POINT8,0.405483040798364,1.8300744818739216,0.3258315072174859
ettm1,standard,MAG_ONLY,81551,selected,0,REFERENCE,0.4045515146391231,1.821995278451567,0.3258515209059033
ettm1,standard,MAG_ONLY,81551,selected,0,SHIFT4,0.5459466813770019,2.542138972479682,0.4373719123795997
ettm1,standard,MAG_ONLY,81551,selected,0,SHIFT8,0.5388866589281354,2.4781563243294484,0.4349827141716674
ettm1,standard,MAG_ONLY,81551,selected,0,SHIFT_POINT,0.582183295868751,2.720418012550975,0.468073911157271
ettm1,standard,MAG_ONLY,81552,fixed1024,1024,BURST16,0.4727316879614125,2.1283508656975414,0.3845000395518709
ettm1,standard,MAG_ONLY,81552,fixed1024,1024,BURST4,0.4224295359537595,1.9022606663935449,0.3399043876657863
ettm1,standard,MAG_ONLY,81552,fixed1024,1024,BURST8,0.4272773764294866,1.907678681282789,0.3436913521922698
ettm1,standard,MAG_ONLY,81552,fixed1024,1024,FAULT,0.4274357919802435,1.923376026362374,0.3444121699547149
ettm1,standard,MAG_ONLY,81552,fixed1024,1024,POINT16,0.4176815474820394,1.8852094466087124,0.3350338358394885
ettm1,standard,MAG_ONLY,81552,fixed1024,1024,POINT4,0.4102484017951407,1.848588355127092,0.330393615345288
ettm1,standard,MAG_ONLY,81552,fixed1024,1024,POINT8,0.4142462022596225,1.8681681430645651,0.3329497891335862
ettm1,standard,MAG_ONLY,81552,fixed1024,1024,REFERENCE,0.4098259201621996,1.8422343299185824,0.3302263743907365
ettm1,standard,MAG_ONLY,81552,fixed1024,1024,SHIFT4,0.553358090024031,2.583350232321165,0.4460869164793197
ettm1,standard,MAG_ONLY,81552,fixed1024,1024,SHIFT8,0.5571557132595925,2.5598109021872504,0.4501277207500543
ettm1,standard,MAG_ONLY,81552,fixed1024,1024,SHIFT_POINT,0.5947047377931485,2.796321552353115,0.4796954850531358
ettm1,standard,MAG_ONLY,81552,selected,0,BURST16,0.4732624475470844,2.132505740787451,0.3852930575885783
ettm1,standard,MAG_ONLY,81552,selected,0,BURST4,0.4226344057144852,1.904519480304458,0.3402088377068001
ettm1,standard,MAG_ONLY,81552,selected,0,BURST8,0.4264877816744344,1.9051576138314203,0.3433597180326747
ettm1,standard,MAG_ONLY,81552,selected,0,FAULT,0.4274018437956737,1.924585269949162,0.344656372644624
ettm1,standard,MAG_ONLY,81552,selected,0,POINT16,0.4171160957391974,1.88278138716656,0.3349806297506169
ettm1,standard,MAG_ONLY,81552,selected,0,POINT4,0.4104273337613183,1.850940025687969,0.3307596413111059
ettm1,standard,MAG_ONLY,81552,selected,0,POINT8,0.4144829983375225,1.871607371917115,0.3333363514779682
ettm1,standard,MAG_ONLY,81552,selected,0,REFERENCE,0.4101211519772421,1.8451784091994767,0.3307594906840549
ettm1,standard,MAG_ONLY,81552,selected,0,SHIFT4,0.5568625036863599,2.59973486012106,0.4476170242070155
ettm1,standard,MAG_ONLY,81552,selected,0,SHIFT8,0.5518498844387241,2.538430872949749,0.4456507139199613
ettm1,standard,MAG_ONLY,81552,selected,0,SHIFT_POINT,0.5974310433023925,2.8098890896427746,0.4807197042542226
ettm1,standard,PETSA_XY_OFFLINE,81551,fixed1024,1024,BURST16,0.4600404776890723,2.0684773926927704,0.3734885949798249
ettm1,standard,PETSA_XY_OFFLINE,81551,fixed1024,1024,BURST4,0.4163533076973653,1.884090671678024,0.3347618184489305
ettm1,standard,PETSA_XY_OFFLINE,81551,fixed1024,1024,BURST8,0.4186967341312863,1.8770287159104695,0.3368710421970791
ettm1,standard,PETSA_XY_OFFLINE,81551,fixed1024,1024,FAULT,0.4197142585992591,1.892924970047676,0.3379166485532919
ettm1,standard,PETSA_XY_OFFLINE,81551,fixed1024,1024,POINT16,0.4100714684866174,1.8529887072369144,0.3288212555105748
ettm1,standard,PETSA_XY_OFFLINE,81551,fixed1024,1024,POINT4,0.4062171377126813,1.8358631337572184,0.3268077662375637
ettm1,standard,PETSA_XY_OFFLINE,81551,fixed1024,1024,POINT8,0.4069064258785319,1.83910119901066,0.3267494139457785
ettm1,standard,PETSA_XY_OFFLINE,81551,fixed1024,1024,REFERENCE,0.4058731973520288,1.831849538863452,0.3267235532206194
ettm1,standard,PETSA_XY_OFFLINE,81551,fixed1024,1024,SHIFT4,0.5434775410479367,2.530960785292369,0.4369935970752616
ettm1,standard,PETSA_XY_OFFLINE,81551,fixed1024,1024,SHIFT8,0.5416204948001251,2.486554046914561,0.439352410393842
ettm1,standard,PETSA_XY_OFFLINE,81551,fixed1024,1024,SHIFT_POINT,0.5843785277447349,2.734407580150715,0.4707879144697665
ettm1,standard,PETSA_XY_OFFLINE,81551,selected,0,BURST16,0.4610350944545126,2.0713632995736475,0.375011796827212
ettm1,standard,PETSA_XY_OFFLINE,81551,selected,0,BURST4,0.4159144730679214,1.879750594068952,0.3345125100109988
ettm1,standard,PETSA_XY_OFFLINE,81551,selected,0,BURST8,0.4179032113755649,1.870017490637082,0.3364395561340206
ettm1,standard,PETSA_XY_OFFLINE,81551,selected,0,FAULT,0.4189935698542592,1.887314021876276,0.3375942111749844
ettm1,standard,PETSA_XY_OFFLINE,81551,selected,0,POINT16,0.4088139481757736,1.8462545976974525,0.3279180319042359
ettm1,standard,PETSA_XY_OFFLINE,81551,selected,0,POINT4,0.4048116512534186,1.8264236674066008,0.3258518649559534
ettm1,standard,PETSA_XY_OFFLINE,81551,selected,0,POINT8,0.405483040798364,1.8300744818739216,0.3258315072174859
ettm1,standard,PETSA_XY_OFFLINE,81551,selected,0,REFERENCE,0.4045515146391231,1.821995278451567,0.3258515209059033
ettm1,standard,PETSA_XY_OFFLINE,81551,selected,0,SHIFT4,0.5459466813770019,2.542138972479682,0.4373719123795997
ettm1,standard,PETSA_XY_OFFLINE,81551,selected,0,SHIFT8,0.5388866589281354,2.4781563243294484,0.4349827141716674
ettm1,standard,PETSA_XY_OFFLINE,81551,selected,0,SHIFT_POINT,0.582183295868751,2.720418012550975,0.468073911157271
ettm1,standard,PETSA_XY_OFFLINE,81552,fixed1024,1024,BURST16,0.4702144552361439,2.1185215577957326,0.3823849948259609
ettm1,standard,PETSA_XY_OFFLINE,81552,fixed1024,1024,BURST4,0.4217469564312368,1.9008768481562035,0.3394244691963108
ettm1,standard,PETSA_XY_OFFLINE,81552,fixed1024,1024,BURST8,0.4257508518860622,1.9026163716474849,0.3426879739347931
ettm1,standard,PETSA_XY_OFFLINE,81552,fixed1024,1024,FAULT,0.4263109625747704,1.9203218128973107,0.3436269576406967
ettm1,standard,PETSA_XY_OFFLINE,81552,fixed1024,1024,POINT16,0.4165770922506626,1.8816486942218056,0.3344965693088217
ettm1,standard,PETSA_XY_OFFLINE,81552,fixed1024,1024,POINT4,0.4097145176311561,1.8488305450813272,0.3301098774901351
ettm1,standard,PETSA_XY_OFFLINE,81552,fixed1024,1024,POINT8,0.4138619020133611,1.8694368604813116,0.3326578610881582
ettm1,standard,PETSA_XY_OFFLINE,81552,fixed1024,1024,REFERENCE,0.4099534484021926,1.845439600239068,0.3304542837170015
ettm1,standard,PETSA_XY_OFFLINE,81552,fixed1024,1024,SHIFT4,0.5551556420716829,2.5958813654431623,0.446731447271421
ettm1,standard,PETSA_XY_OFFLINE,81552,fixed1024,1024,SHIFT8,0.5527295163808951,2.541761796466956,0.446741813500156
ettm1,standard,PETSA_XY_OFFLINE,81552,fixed1024,1024,SHIFT_POINT,0.5961105189650922,2.80875943715883,0.4797417713691133
ettm1,standard,PETSA_XY_OFFLINE,81552,selected,0,BURST16,0.4732624475470844,2.132505740787451,0.3852930575885783
ettm1,standard,PETSA_XY_OFFLINE,81552,selected,0,BURST4,0.4226344057144852,1.904519480304458,0.3402088377068001
ettm1,standard,PETSA_XY_OFFLINE,81552,selected,0,BURST8,0.4264877816744344,1.9051576138314203,0.3433597180326747
ettm1,standard,PETSA_XY_OFFLINE,81552,selected,0,FAULT,0.4274018437956737,1.924585269949162,0.344656372644624
ettm1,standard,PETSA_XY_OFFLINE,81552,selected,0,POINT16,0.4171160957391974,1.88278138716656,0.3349806297506169
ettm1,standard,PETSA_XY_OFFLINE,81552,selected,0,POINT4,0.4104273337613183,1.850940025687969,0.3307596413111059
ettm1,standard,PETSA_XY_OFFLINE,81552,selected,0,POINT8,0.4144829983375225,1.871607371917115,0.3333363514779682
ettm1,standard,PETSA_XY_OFFLINE,81552,selected,0,REFERENCE,0.4101211519772421,1.8451784091994767,0.3307594906840549
ettm1,standard,PETSA_XY_OFFLINE,81552,selected,0,SHIFT4,0.5568625036863599,2.59973486012106,0.4476170242070155
ettm1,standard,PETSA_XY_OFFLINE,81552,selected,0,SHIFT8,0.5518498844387241,2.538430872949749,0.4456507139199613
ettm1,standard,PETSA_XY_OFFLINE,81552,selected,0,SHIFT_POINT,0.5974310433023925,2.8098890896427746,0.4807197042542226
ettm1,standard,PLAIN,81551,fixed1024,1024,BURST16,0.4651804302293023,2.0877302804902342,0.3784864708088819
ettm1,standard,PLAIN,81551,fixed1024,1024,BURST4,0.4192224998668503,1.892997598761866,0.3369599908485033
ettm1,standard,PLAIN,81551,fixed1024,1024,BURST8,0.4241159522805038,1.8986159357293173,0.3409561437856574
ettm1,standard,PLAIN,81551,fixed1024,1024,FAULT,0.4230710630501869,1.9051392329386303,0.3405540836106193
ettm1,standard,PLAIN,81551,fixed1024,1024,POINT16,0.413003911701457,1.866293957562501,0.3308466411392644
ettm1,standard,PLAIN,81551,fixed1024,1024,POINT4,0.4081023241293726,1.84113950183173,0.3280665427795509
ettm1,standard,PLAIN,81551,fixed1024,1024,POINT8,0.4088012600936355,1.8440581232561328,0.3280087123018581
ettm1,standard,PLAIN,81551,fixed1024,1024,REFERENCE,0.4069988869236268,1.832191496050655,0.3273855663807475
ettm1,standard,PLAIN,81551,fixed1024,1024,SHIFT4,0.5471920578477484,2.5498169166877256,0.4400633505768322
ettm1,standard,PLAIN,81551,fixed1024,1024,SHIFT8,0.5412221244018538,2.4904291275387145,0.4389206312712945
ettm1,standard,PLAIN,81551,fixed1024,1024,SHIFT_POINT,0.5856590102078439,2.736119514322458,0.4713954434404326
ettm1,standard,PLAIN,81551,selected,0,BURST16,0.4610350944545126,2.0713632995736475,0.375011796827212
ettm1,standard,PLAIN,81551,selected,0,BURST4,0.4159144730679214,1.879750594068952,0.3345125100109988
ettm1,standard,PLAIN,81551,selected,0,BURST8,0.4179032113755649,1.870017490637082,0.3364395561340206
ettm1,standard,PLAIN,81551,selected,0,FAULT,0.4189935698542592,1.887314021876276,0.3375942111749844
ettm1,standard,PLAIN,81551,selected,0,POINT16,0.4088139481757736,1.8462545976974525,0.3279180319042359
ettm1,standard,PLAIN,81551,selected,0,POINT4,0.4048116512534186,1.8264236674066008,0.3258518649559534
ettm1,standard,PLAIN,81551,selected,0,POINT8,0.405483040798364,1.8300744818739216,0.3258315072174859
ettm1,standard,PLAIN,81551,selected,0,REFERENCE,0.4045515146391231,1.821995278451567,0.3258515209059033
ettm1,standard,PLAIN,81551,selected,0,SHIFT4,0.5459466813770019,2.542138972479682,0.4373719123795997
ettm1,standard,PLAIN,81551,selected,0,SHIFT8,0.5388866589281354,2.4781563243294484,0.4349827141716674
ettm1,standard,PLAIN,81551,selected,0,SHIFT_POINT,0.582183295868751,2.720418012550975,0.468073911157271
ettm1,standard,PLAIN,81552,fixed1024,1024,BURST16,0.4744492021569577,2.1349198310706754,0.3860687462568933
ettm1,standard,PLAIN,81552,fixed1024,1024,BURST4,0.4235419422277138,1.9073689935813436,0.3407448857481788
ettm1,standard,PLAIN,81552,fixed1024,1024,BURST8,0.4283263791535308,1.9119064975121771,0.3446118669349453
ettm1,standard,PLAIN,81552,fixed1024,1024,FAULT,0.4283100693739973,1.9268951680337136,0.3451740480716828
ettm1,standard,PLAIN,81552,fixed1024,1024,POINT16,0.4181429862239184,1.886860674097168,0.3353587890492623
ettm1,standard,PLAIN,81552,fixed1024,1024,POINT4,0.4107875849024695,1.850697403810166,0.3309401157249607
ettm1,standard,PLAIN,81552,fixed1024,1024,POINT8,0.4146123215793934,1.8696176081307527,0.3333198847158559
ettm1,standard,PLAIN,81552,fixed1024,1024,REFERENCE,0.4106401871986437,1.8458921290395125,0.3310170737312927
ettm1,standard,PLAIN,81552,fixed1024,1024,SHIFT4,0.550473234220879,2.5661289751980663,0.4443372296624502
ettm1,standard,PLAIN,81552,fixed1024,1024,SHIFT8,0.5415905065958705,2.4825083588241004,0.4395067383865346
ettm1,standard,PLAIN,81552,fixed1024,1024,SHIFT_POINT,0.5906249111953044,2.774320754222872,0.476751423223876
ettm1,standard,PLAIN,81552,selected,1024,BURST16,0.4744492021569577,2.1349198310706754,0.3860687462568933
ettm1,standard,PLAIN,81552,selected,1024,BURST4,0.4235419422277138,1.9073689935813436,0.3407448857481788
ettm1,standard,PLAIN,81552,selected,1024,BURST8,0.4283263791535308,1.9119064975121771,0.3446118669349453
ettm1,standard,PLAIN,81552,selected,1024,FAULT,0.4283100693739973,1.9268951680337136,0.3451740480716828
ettm1,standard,PLAIN,81552,selected,1024,POINT16,0.4181429862239184,1.886860674097168,0.3353587890492623
ettm1,standard,PLAIN,81552,selected,1024,POINT4,0.4107875849024695,1.850697403810166,0.3309401157249607
ettm1,standard,PLAIN,81552,selected,1024,POINT8,0.4146123215793934,1.8696176081307527,0.3333198847158559
ettm1,standard,PLAIN,81552,selected,1024,REFERENCE,0.4106401871986437,1.8458921290395125,0.3310170737312927
ettm1,standard,PLAIN,81552,selected,1024,SHIFT4,0.550473234220879,2.5661289751980663,0.4443372296624502
ettm1,standard,PLAIN,81552,selected,1024,SHIFT8,0.5415905065958705,2.4825083588241004,0.4395067383865346
ettm1,standard,PLAIN,81552,selected,1024,SHIFT_POINT,0.5906249111953044,2.774320754222872,0.476751423223876
ettm1,standard,TOKEN_GATE,81551,fixed1024,1024,BURST16,0.4658064149516818,2.090270869953713,0.3788385672089268
ettm1,standard,TOKEN_GATE,81551,fixed1024,1024,BURST4,0.4191092576322965,1.892737087637016,0.3368177421753415
ettm1,standard,TOKEN_GATE,81551,fixed1024,1024,BURST8,0.4238003520749511,1.8974577830490489,0.3406149530016563
ettm1,standard,TOKEN_GATE,81551,fixed1024,1024,FAULT,0.4230650753124116,1.9052156700292104,0.3404822987059239
ettm1,standard,TOKEN_GATE,81551,fixed1024,1024,POINT16,0.4129381929926535,1.8660824743810416,0.3307392449289255
ettm1,standard,TOKEN_GATE,81551,fixed1024,1024,POINT4,0.4079584792560613,1.840548987711749,0.3279054526988202
ettm1,standard,TOKEN_GATE,81551,fixed1024,1024,POINT8,0.4087777549668254,1.8441968174426933,0.327977832221873
ettm1,standard,TOKEN_GATE,81551,fixed1024,1024,REFERENCE,0.4068531313310349,1.8315807472362169,0.3272330498958685
ettm1,standard,TOKEN_GATE,81551,fixed1024,1024,SHIFT4,0.5469224602617192,2.5486024503595237,0.4399655305896196
ettm1,standard,TOKEN_GATE,81551,fixed1024,1024,SHIFT8,0.5411557495932507,2.491003648828915,0.4388074106590225
ettm1,standard,TOKEN_GATE,81551,fixed1024,1024,SHIFT_POINT,0.5857828453913999,2.7369408897414544,0.4715244874132213
ettm1,standard,TOKEN_GATE,81551,selected,0,BURST16,0.4610350944545126,2.0713632995736475,0.375011796827212
ettm1,standard,TOKEN_GATE,81551,selected,0,BURST4,0.4159144730679214,1.879750594068952,0.3345125100109988
ettm1,standard,TOKEN_GATE,81551,selected,0,BURST8,0.4179032113755649,1.870017490637082,0.3364395561340206
ettm1,standard,TOKEN_GATE,81551,selected,0,FAULT,0.4189935698542592,1.887314021876276,0.3375942111749844
ettm1,standard,TOKEN_GATE,81551,selected,0,POINT16,0.4088139481757736,1.8462545976974525,0.3279180319042359
ettm1,standard,TOKEN_GATE,81551,selected,0,POINT4,0.4048116512534186,1.8264236674066008,0.3258518649559534
ettm1,standard,TOKEN_GATE,81551,selected,0,POINT8,0.405483040798364,1.8300744818739216,0.3258315072174859
ettm1,standard,TOKEN_GATE,81551,selected,0,REFERENCE,0.4045515146391231,1.821995278451567,0.3258515209059033
ettm1,standard,TOKEN_GATE,81551,selected,0,SHIFT4,0.5459466813770019,2.542138972479682,0.4373719123795997
ettm1,standard,TOKEN_GATE,81551,selected,0,SHIFT8,0.5388866589281354,2.4781563243294484,0.4349827141716674
ettm1,standard,TOKEN_GATE,81551,selected,0,SHIFT_POINT,0.582183295868751,2.720418012550975,0.468073911157271
ettm1,standard,TOKEN_GATE,81552,fixed1024,1024,BURST16,0.4749739833801866,2.1376906500637745,0.3864848343559383
ettm1,standard,TOKEN_GATE,81552,fixed1024,1024,BURST4,0.4232533285418922,1.9057226066537964,0.3404938167182205
ettm1,standard,TOKEN_GATE,81552,fixed1024,1024,BURST8,0.4282212798042421,1.9113159816030527,0.3444819043290078
ettm1,standard,TOKEN_GATE,81552,fixed1024,1024,FAULT,0.4281824923659081,1.926100529318165,0.3450506319700829
ettm1,standard,TOKEN_GATE,81552,fixed1024,1024,POINT16,0.4179102270501285,1.8854439671929055,0.3351516654210367
ettm1,standard,TOKEN_GATE,81552,fixed1024,1024,POINT4,0.4106123633246176,1.8497407667228811,0.3307700297218507
ettm1,standard,TOKEN_GATE,81552,fixed1024,1024,POINT8,0.4141237720943817,1.8666892036725784,0.3329215412744434
ettm1,standard,TOKEN_GATE,81552,fixed1024,1024,REFERENCE,0.4104118845818481,1.8446759287980043,0.3308056855639636
ettm1,standard,TOKEN_GATE,81552,fixed1024,1024,SHIFT4,0.5496903467188459,2.562338424844884,0.4438699183519857
ettm1,standard,TOKEN_GATE,81552,fixed1024,1024,SHIFT8,0.5424925039522529,2.485086132015321,0.4398151818376289
ettm1,standard,TOKEN_GATE,81552,fixed1024,1024,SHIFT_POINT,0.5899282556917383,2.7701029680209506,0.4764256078467165
ettm1,standard,TOKEN_GATE,81552,selected,1024,BURST16,0.4749739833801866,2.1376906500637745,0.3864848343559383
ettm1,standard,TOKEN_GATE,81552,selected,1024,BURST4,0.4232533285418922,1.9057226066537964,0.3404938167182205
ettm1,standard,TOKEN_GATE,81552,selected,1024,BURST8,0.4282212798042421,1.9113159816030527,0.3444819043290078
ettm1,standard,TOKEN_GATE,81552,selected,1024,FAULT,0.4281824923659081,1.926100529318165,0.3450506319700829
ettm1,standard,TOKEN_GATE,81552,selected,1024,POINT16,0.4179102270501285,1.8854439671929055,0.3351516654210367
ettm1,standard,TOKEN_GATE,81552,selected,1024,POINT4,0.4106123633246176,1.8497407667228811,0.3307700297218507
ettm1,standard,TOKEN_GATE,81552,selected,1024,POINT8,0.4141237720943817,1.8666892036725784,0.3329215412744434
ettm1,standard,TOKEN_GATE,81552,selected,1024,REFERENCE,0.4104118845818481,1.8446759287980043,0.3308056855639636
ettm1,standard,TOKEN_GATE,81552,selected,1024,SHIFT4,0.5496903467188459,2.562338424844884,0.4438699183519857
ettm1,standard,TOKEN_GATE,81552,selected,1024,SHIFT8,0.5424925039522529,2.485086132015321,0.4398151818376289
ettm1,standard,TOKEN_GATE,81552,selected,1024,SHIFT_POINT,0.5899282556917383,2.7701029680209506,0.4764256078467165
ettm1,standard,TOKEN_GATE_ENTROPY,81551,fixed1024,1024,BURST16,0.463201061305707,2.079443019052718,0.3762631973824237
ettm1,standard,TOKEN_GATE_ENTROPY,81551,fixed1024,1024,BURST4,0.4173396570147523,1.885191090809485,0.3354173046298835
ettm1,standard,TOKEN_GATE_ENTROPY,81551,fixed1024,1024,BURST8,0.4209045292137901,1.884191333609209,0.3383020146914479
ettm1,standard,TOKEN_GATE_ENTROPY,81551,fixed1024,1024,FAULT,0.421097445452763,1.8965202520955489,0.338879999695342
ettm1,standard,TOKEN_GATE_ENTROPY,81551,fixed1024,1024,POINT16,0.4113229980944362,1.8587661382318288,0.329570742552424
ettm1,standard,TOKEN_GATE_ENTROPY,81551,fixed1024,1024,POINT4,0.4064100983290389,1.8332318837405523,0.3267099948619554
ettm1,standard,TOKEN_GATE_ENTROPY,81551,fixed1024,1024,POINT8,0.407406328758854,1.8382980471294983,0.3270167440539176
ettm1,standard,TOKEN_GATE_ENTROPY,81551,fixed1024,1024,REFERENCE,0.4055153483714039,1.8255062734195773,0.3262789037826283
ettm1,standard,TOKEN_GATE_ENTROPY,81551,fixed1024,1024,SHIFT4,0.5430713880075363,2.5282751521654263,0.4368595517076041
ettm1,standard,TOKEN_GATE_ENTROPY,81551,fixed1024,1024,SHIFT8,0.5411803048728095,2.4834016558445606,0.4380104438324736
ettm1,standard,TOKEN_GATE_ENTROPY,81551,fixed1024,1024,SHIFT_POINT,0.5828267070250243,2.721996803176674,0.4692692658778354
ettm1,standard,TOKEN_GATE_ENTROPY,81551,selected,0,BURST16,0.4610350944545126,2.0713632995736475,0.375011796827212
ettm1,standard,TOKEN_GATE_ENTROPY,81551,selected,0,BURST4,0.4159144730679214,1.879750594068952,0.3345125100109988
ettm1,standard,TOKEN_GATE_ENTROPY,81551,selected,0,BURST8,0.4179032113755649,1.870017490637082,0.3364395561340206
ettm1,standard,TOKEN_GATE_ENTROPY,81551,selected,0,FAULT,0.4189935698542592,1.887314021876276,0.3375942111749844
ettm1,standard,TOKEN_GATE_ENTROPY,81551,selected,0,POINT16,0.4088139481757736,1.8462545976974525,0.3279180319042359
ettm1,standard,TOKEN_GATE_ENTROPY,81551,selected,0,POINT4,0.4048116512534186,1.8264236674066008,0.3258518649559534
ettm1,standard,TOKEN_GATE_ENTROPY,81551,selected,0,POINT8,0.405483040798364,1.8300744818739216,0.3258315072174859
ettm1,standard,TOKEN_GATE_ENTROPY,81551,selected,0,REFERENCE,0.4045515146391231,1.821995278451567,0.3258515209059033
ettm1,standard,TOKEN_GATE_ENTROPY,81551,selected,0,SHIFT4,0.5459466813770019,2.542138972479682,0.4373719123795997
ettm1,standard,TOKEN_GATE_ENTROPY,81551,selected,0,SHIFT8,0.5388866589281354,2.4781563243294484,0.4349827141716674
ettm1,standard,TOKEN_GATE_ENTROPY,81551,selected,0,SHIFT_POINT,0.582183295868751,2.720418012550975,0.468073911157271
ettm1,standard,TOKEN_GATE_ENTROPY,81552,fixed1024,1024,BURST16,0.4736492094116017,2.1331960522877296,0.3852827200337533
ettm1,standard,TOKEN_GATE_ENTROPY,81552,fixed1024,1024,BURST4,0.4222372292175587,1.9012834719652572,0.3397172456890119
ettm1,standard,TOKEN_GATE_ENTROPY,81552,fixed1024,1024,BURST8,0.426964900943611,1.905797026816586,0.3434348754851011
ettm1,standard,TOKEN_GATE_ENTROPY,81552,fixed1024,1024,FAULT,0.4274568962819345,1.923556339603404,0.3444571875108206
ettm1,standard,TOKEN_GATE_ENTROPY,81552,fixed1024,1024,POINT16,0.4174298076611679,1.883605082508616,0.3349169293789304
ettm1,standard,TOKEN_GATE_ENTROPY,81552,fixed1024,1024,POINT4,0.410078645323832,1.848037243989872,0.3302605284838331
ettm1,standard,TOKEN_GATE_ENTROPY,81552,fixed1024,1024,POINT8,0.4143815851338359,1.869419160052363,0.3331308259942936
ettm1,standard,TOKEN_GATE_ENTROPY,81552,fixed1024,1024,REFERENCE,0.4096310469296494,1.8417231610839764,0.3301296821742389
ettm1,standard,TOKEN_GATE_ENTROPY,81552,fixed1024,1024,SHIFT4,0.551245495458932,2.57165846111997,0.4451038893224753
ettm1,standard,TOKEN_GATE_ENTROPY,81552,fixed1024,1024,SHIFT8,0.5525835334395368,2.5336355876862537,0.4465520850863774
ettm1,standard,TOKEN_GATE_ENTROPY,81552,fixed1024,1024,SHIFT_POINT,0.5926729389608782,2.782839271123347,0.4788600637023393
ettm1,standard,TOKEN_GATE_ENTROPY,81552,selected,768,BURST16,0.4732766070534709,2.131558087929079,0.3850589015361796
ettm1,standard,TOKEN_GATE_ENTROPY,81552,selected,768,BURST4,0.4223979261445795,1.902065065866367,0.3399553673524254
ettm1,standard,TOKEN_GATE_ENTROPY,81552,selected,768,BURST8,0.4268927534294036,1.9055290127102185,0.3434828374470445
ettm1,standard,TOKEN_GATE_ENTROPY,81552,selected,768,FAULT,0.4273921902188242,1.9233249821703933,0.3445078786160013
ettm1,standard,TOKEN_GATE_ENTROPY,81552,selected,768,POINT16,0.4172411248577921,1.8825372689182416,0.3348936704016979
ettm1,standard,TOKEN_GATE_ENTROPY,81552,selected,768,POINT4,0.4101708044935553,1.848650742851483,0.3304431273300769
ettm1,standard,TOKEN_GATE_ENTROPY,81552,selected,768,POINT8,0.4143739253341441,1.8696097147469717,0.3332133676285832
ettm1,standard,TOKEN_GATE_ENTROPY,81552,selected,768,REFERENCE,0.4096958431750462,1.8420924058222925,0.3302950925334707
ettm1,standard,TOKEN_GATE_ENTROPY,81552,selected,768,SHIFT4,0.5500775673607068,2.565421872510722,0.4437445881805313
ettm1,standard,TOKEN_GATE_ENTROPY,81552,selected,768,SHIFT8,0.5513878798367428,2.5283286920264154,0.4452499747048441
ettm1,standard,TOKEN_GATE_ENTROPY,81552,selected,768,SHIFT_POINT,0.5904842465312057,2.772002808758496,0.4766380804294012
neso_2026_jul_aug,shape,B0,81551,fixed1024,768,PAIRED_SHIFT8_D32,0.2869759436965171,1894.4094615332028,0.2306333679936723
neso_2026_jul_aug,shape,B0,81551,fixed1024,768,PULSE8_D32,4.3522500337492565,28730.4348116788,4.24002044462042
neso_2026_jul_aug,shape,B0,81551,fixed1024,768,RAMP8_D32,0.9006248239324546,5945.279474552777,0.7017486054673986
neso_2026_jul_aug,shape,B0,81551,fixed1024,768,STEP12_D17,0.4103856827142682,2709.072092237214,0.3382722111607018
neso_2026_jul_aug,shape,B0,81551,fixed1024,768,STEP12_D63,0.2984877410533477,1970.402095449219,0.2377192177404319
neso_2026_jul_aug,shape,B0,81551,fixed1024,768,STEP6_D17,0.3070387127959771,2026.8494811285948,0.2491939433803724
neso_2026_jul_aug,shape,B0,81551,fixed1024,768,STEP6_D63,0.2800822761257024,1848.9024099573865,0.2260639920064223
neso_2026_jul_aug,shape,B0,81551,fixed1024,768,STEP8_D31,0.2786753363688179,1839.614802247425,0.2233388192562509
neso_2026_jul_aug,shape,B0,81551,fixed1024,768,STEP8_D33,0.2949872190324586,1947.2941584170803,0.2376328684144146
neso_2026_jul_aug,shape,B0,81551,selected,768,PAIRED_SHIFT8_D32,0.2869759436965171,1894.4094615332028,0.2306333679936723
neso_2026_jul_aug,shape,B0,81551,selected,768,PULSE8_D32,4.3522500337492565,28730.4348116788,4.24002044462042
neso_2026_jul_aug,shape,B0,81551,selected,768,RAMP8_D32,0.9006248239324546,5945.279474552777,0.7017486054673986
neso_2026_jul_aug,shape,B0,81551,selected,768,STEP12_D17,0.4103856827142682,2709.072092237214,0.3382722111607018
neso_2026_jul_aug,shape,B0,81551,selected,768,STEP12_D63,0.2984877410533477,1970.402095449219,0.2377192177404319
neso_2026_jul_aug,shape,B0,81551,selected,768,STEP6_D17,0.3070387127959771,2026.8494811285948,0.2491939433803724
neso_2026_jul_aug,shape,B0,81551,selected,768,STEP6_D63,0.2800822761257024,1848.9024099573865,0.2260639920064223
neso_2026_jul_aug,shape,B0,81551,selected,768,STEP8_D31,0.2786753363688179,1839.614802247425,0.2233388192562509
neso_2026_jul_aug,shape,B0,81551,selected,768,STEP8_D33,0.2949872190324586,1947.2941584170803,0.2376328684144146
neso_2026_jul_aug,shape,B0,81552,fixed1024,512,PAIRED_SHIFT8_D32,0.2971404782922558,1961.5084324860168,0.2400825418469332
neso_2026_jul_aug,shape,B0,81552,fixed1024,512,PULSE8_D32,4.293776918676255,28344.437222428754,4.168670263318561
neso_2026_jul_aug,shape,B0,81552,fixed1024,512,RAMP8_D32,0.6977648676245951,4606.14346320046,0.54813502166497
neso_2026_jul_aug,shape,B0,81552,fixed1024,512,STEP12_D17,0.4897549178690764,3233.0108868803245,0.4032916563097207
neso_2026_jul_aug,shape,B0,81552,fixed1024,512,STEP12_D63,0.2932212748135516,1935.636660601252,0.2335519516070094
neso_2026_jul_aug,shape,B0,81552,fixed1024,512,STEP6_D17,0.321960929592782,2125.3552594276007,0.2602981012745053
neso_2026_jul_aug,shape,B0,81552,fixed1024,512,STEP6_D63,0.2744529572641051,1811.741682211248,0.2181947522238427
neso_2026_jul_aug,shape,B0,81552,fixed1024,512,STEP8_D31,0.2881654365898211,1902.261640926624,0.2328239717744628
neso_2026_jul_aug,shape,B0,81552,fixed1024,512,STEP8_D33,0.3049223705659422,2012.8789068261715,0.2471314823492883
neso_2026_jul_aug,shape,B0,81552,selected,512,PAIRED_SHIFT8_D32,0.2971404782922558,1961.5084324860168,0.2400825418469332
neso_2026_jul_aug,shape,B0,81552,selected,512,PULSE8_D32,4.293776918676255,28344.437222428754,4.168670263318561
neso_2026_jul_aug,shape,B0,81552,selected,512,RAMP8_D32,0.6977648676245951,4606.14346320046,0.54813502166497
neso_2026_jul_aug,shape,B0,81552,selected,512,STEP12_D17,0.4897549178690764,3233.0108868803245,0.4032916563097207
neso_2026_jul_aug,shape,B0,81552,selected,512,STEP12_D63,0.2932212748135516,1935.636660601252,0.2335519516070094
neso_2026_jul_aug,shape,B0,81552,selected,512,STEP6_D17,0.321960929592782,2125.3552594276007,0.2602981012745053
neso_2026_jul_aug,shape,B0,81552,selected,512,STEP6_D63,0.2744529572641051,1811.741682211248,0.2181947522238427
neso_2026_jul_aug,shape,B0,81552,selected,512,STEP8_D31,0.2881654365898211,1902.261640926624,0.2328239717744628
neso_2026_jul_aug,shape,B0,81552,selected,512,STEP8_D33,0.3049223705659422,2012.8789068261715,0.2471314823492883
neso_2026_jul_aug,shape,C3,81551,fixed1024,1024,PAIRED_SHIFT8_D32,0.2736072651117704,1806.15902885609,0.2221189043289848
neso_2026_jul_aug,shape,C3,81551,fixed1024,1024,PULSE8_D32,4.331532921167281,28593.67528547807,4.218556601697283
neso_2026_jul_aug,shape,C3,81551,fixed1024,1024,RAMP8_D32,0.9088987355439656,5999.897907857109,0.7142434343035241
neso_2026_jul_aug,shape,C3,81551,fixed1024,1024,STEP12_D17,0.4138476621205365,2731.925598556905,0.3380651208574646
neso_2026_jul_aug,shape,C3,81551,fixed1024,1024,STEP12_D63,0.2945591251426279,1944.468189435592,0.2348801557477313
neso_2026_jul_aug,shape,C3,81551,fixed1024,1024,STEP6_D17,0.3021898447716815,1994.840730344016,0.2443503535401327
neso_2026_jul_aug,shape,C3,81551,fixed1024,1024,STEP6_D63,0.2719259040998568,1795.0598887393464,0.2183825875363856
neso_2026_jul_aug,shape,C3,81551,fixed1024,1024,STEP8_D31,0.2665148621899848,1759.3400689566315,0.2159066310511947
neso_2026_jul_aug,shape,C3,81551,fixed1024,1024,STEP8_D33,0.2825326089004483,1865.0777504148168,0.2294690574992618
neso_2026_jul_aug,shape,C3,81551,selected,768,PAIRED_SHIFT8_D32,0.273191996064794,1803.417720293634,0.2214618530330862
neso_2026_jul_aug,shape,C3,81551,selected,768,PULSE8_D32,4.349227969196184,28710.48530786688,4.237421749208834
neso_2026_jul_aug,shape,C3,81551,selected,768,RAMP8_D32,0.8977272449484898,5926.1517352306,0.7050252341610992
neso_2026_jul_aug,shape,C3,81551,selected,768,STEP12_D17,0.4048191768559644,2672.3260109113085,0.3307791072289042
neso_2026_jul_aug,shape,C3,81551,selected,768,STEP12_D63,0.2998739613589367,1979.5529281944696,0.2395206504422004
neso_2026_jul_aug,shape,C3,81551,selected,768,STEP6_D17,0.3039527731934934,2006.4783200292964,0.2456007765162074
neso_2026_jul_aug,shape,C3,81551,selected,768,STEP6_D63,0.2750322957175612,1815.5660593821024,0.2216113071231892
neso_2026_jul_aug,shape,C3,81551,selected,768,STEP8_D31,0.2674498942660623,1765.5124804450013,0.216206784460704
neso_2026_jul_aug,shape,C3,81551,selected,768,STEP8_D33,0.2821155882119413,1862.3248787706405,0.2286293330318105
neso_2026_jul_aug,shape,C3,81552,fixed1024,1024,PAIRED_SHIFT8_D32,0.2839548587849867,1874.466424612482,0.2286507955900696
neso_2026_jul_aug,shape,C3,81552,fixed1024,1024,PULSE8_D32,4.329329635272851,28579.13077142889,4.2133089155270245
neso_2026_jul_aug,shape,C3,81552,fixed1024,1024,RAMP8_D32,0.641584681169866,4235.282145001996,0.5070766498006887
neso_2026_jul_aug,shape,C3,81552,fixed1024,1024,STEP12_D17,0.4288411798989268,2830.902054824217,0.3543152675184728
neso_2026_jul_aug,shape,C3,81552,fixed1024,1024,STEP12_D63,0.289160531484298,1908.830544086027,0.2302462908929881
neso_2026_jul_aug,shape,C3,81552,fixed1024,1024,STEP6_D17,0.3038506680626566,2005.804295149591,0.2442182703814773
neso_2026_jul_aug,shape,C3,81552,fixed1024,1024,STEP6_D63,0.2723316254926825,1797.7381705333364,0.2172772560454083
neso_2026_jul_aug,shape,C3,81552,fixed1024,1024,STEP8_D31,0.2768274664457023,1827.416489660866,0.2224001653640384
neso_2026_jul_aug,shape,C3,81552,fixed1024,1024,STEP8_D33,0.2905127341698647,1917.7568168894256,0.2350102635591447
neso_2026_jul_aug,shape,C3,81552,selected,768,PAIRED_SHIFT8_D32,0.283794297370381,1873.4065132517308,0.2278425395706715
neso_2026_jul_aug,shape,C3,81552,selected,768,PULSE8_D32,4.3449247039574095,28682.078235556863,4.2273532015466575
neso_2026_jul_aug,shape,C3,81552,selected,768,RAMP8_D32,0.6450712674550746,4258.298088297007,0.5085376208570794
neso_2026_jul_aug,shape,C3,81552,selected,768,STEP12_D17,0.4276021752339546,2822.723034206763,0.3535634383136758
neso_2026_jul_aug,shape,C3,81552,selected,768,STEP12_D63,0.2951062303634307,1948.079785910867,0.2349483765348248
neso_2026_jul_aug,shape,C3,81552,selected,768,STEP6_D17,0.3044289691939766,2009.6218246633075,0.2445055602482175
neso_2026_jul_aug,shape,C3,81552,selected,768,STEP6_D63,0.2759636143206719,1821.713957183949,0.2201551847027705
neso_2026_jul_aug,shape,C3,81552,selected,768,STEP8_D31,0.2768357806428037,1827.471374030096,0.221668101754943
neso_2026_jul_aug,shape,C3,81552,selected,768,STEP8_D33,0.2891776507753826,1908.943553373801,0.2328463192637566
neso_2026_jul_aug,shape,MAG_ONLY,81551,fixed1024,1024,PAIRED_SHIFT8_D32,0.2746960081993743,1813.3461302547933,0.2232219117152093
neso_2026_jul_aug,shape,MAG_ONLY,81551,fixed1024,1024,PULSE8_D32,4.326616216550837,28561.218726140803,4.213492519775687
neso_2026_jul_aug,shape,MAG_ONLY,81551,fixed1024,1024,RAMP8_D32,0.9082949195502188,5995.911947511983,0.7138994124067579
neso_2026_jul_aug,shape,MAG_ONLY,81551,fixed1024,1024,STEP12_D17,0.4202489855843707,2774.1825472753885,0.3432844303751616
neso_2026_jul_aug,shape,MAG_ONLY,81551,fixed1024,1024,STEP12_D63,0.2932769089609886,1936.0039173612845,0.2340636523308206
neso_2026_jul_aug,shape,MAG_ONLY,81551,fixed1024,1024,STEP6_D17,0.3043115627279841,2008.846791337668,0.2461861574800189
neso_2026_jul_aug,shape,MAG_ONLY,81551,fixed1024,1024,STEP6_D63,0.2710012100688936,1788.9557216139915,0.2177896314280503
neso_2026_jul_aug,shape,MAG_ONLY,81551,fixed1024,1024,STEP8_D31,0.2670856258101088,1763.1078412246975,0.2164515071117434
neso_2026_jul_aug,shape,MAG_ONLY,81551,fixed1024,1024,STEP8_D33,0.2832372249402207,1869.7291204052729,0.2302689354230064
neso_2026_jul_aug,shape,MAG_ONLY,81551,selected,768,PAIRED_SHIFT8_D32,0.2731490344793928,1803.1341187038347,0.2213819300181036
neso_2026_jul_aug,shape,MAG_ONLY,81551,selected,768,PULSE8_D32,4.347914347827118,28701.81372125799,4.235491056497978
neso_2026_jul_aug,shape,MAG_ONLY,81551,selected,768,RAMP8_D32,0.8987808759364266,5933.107051717417,0.7054985308610751
neso_2026_jul_aug,shape,MAG_ONLY,81551,selected,768,STEP12_D17,0.4067554339956512,2685.10779254128,0.3320254301371572
neso_2026_jul_aug,shape,MAG_ONLY,81551,selected,768,STEP12_D63,0.2988715895722467,1972.935988209118,0.2387298928461555
neso_2026_jul_aug,shape,MAG_ONLY,81551,selected,768,STEP6_D17,0.3053851755620731,2015.934013648792,0.2467041887601404
neso_2026_jul_aug,shape,MAG_ONLY,81551,selected,768,STEP6_D63,0.2742115584517994,1810.1481402991835,0.2209221548434347
neso_2026_jul_aug,shape,MAG_ONLY,81551,selected,768,STEP8_D31,0.2673731960191053,1765.0061735997424,0.2160112636243177
neso_2026_jul_aug,shape,MAG_ONLY,81551,selected,768,STEP8_D33,0.2820393553057487,1861.821643771528,0.2285468379252948
neso_2026_jul_aug,shape,MAG_ONLY,81552,fixed1024,1024,PAIRED_SHIFT8_D32,0.2838721155145458,1873.920212855557,0.228765822494675
neso_2026_jul_aug,shape,MAG_ONLY,81552,fixed1024,1024,PULSE8_D32,4.329952150772547,28583.240172507547,4.214219683887277
neso_2026_jul_aug,shape,MAG_ONLY,81552,fixed1024,1024,RAMP8_D32,0.627549709739978,4142.633324593394,0.496986201981298
neso_2026_jul_aug,shape,MAG_ONLY,81552,fixed1024,1024,STEP12_D17,0.4098684056079712,2705.657399591618,0.3391739552806574
neso_2026_jul_aug,shape,MAG_ONLY,81552,fixed1024,1024,STEP12_D63,0.2913941278796029,1923.575146333896,0.232011991672966
neso_2026_jul_aug,shape,MAG_ONLY,81552,fixed1024,1024,STEP6_D17,0.2992164896423465,1975.2127712302463,0.2398953139121929
neso_2026_jul_aug,shape,MAG_ONLY,81552,fixed1024,1024,STEP6_D63,0.2740293370329525,1808.9452451174095,0.2187378762186789
neso_2026_jul_aug,shape,MAG_ONLY,81552,fixed1024,1024,STEP8_D31,0.2771717539611699,1829.6892290354224,0.2227798293448328
neso_2026_jul_aug,shape,MAG_ONLY,81552,fixed1024,1024,STEP8_D33,0.2893937666392573,1910.37019538441,0.2341352659894683
neso_2026_jul_aug,shape,MAG_ONLY,81552,selected,768,PAIRED_SHIFT8_D32,0.2827526471219022,1866.5302850184207,0.2270005810173609
neso_2026_jul_aug,shape,MAG_ONLY,81552,selected,768,PULSE8_D32,4.348247434327286,28704.012519558997,4.230971847989493
neso_2026_jul_aug,shape,MAG_ONLY,81552,selected,768,RAMP8_D32,0.6317727270763108,4170.510657777209,0.4994314769910039
neso_2026_jul_aug,shape,MAG_ONLY,81552,selected,768,STEP12_D17,0.4082089797576522,2694.7030596874984,0.3374179988787539
neso_2026_jul_aug,shape,MAG_ONLY,81552,selected,768,STEP12_D63,0.2977738149805609,1965.6892672947004,0.2372077088562938
neso_2026_jul_aug,shape,MAG_ONLY,81552,selected,768,STEP6_D17,0.2996326432612823,1977.959919102672,0.2399564024713667
neso_2026_jul_aug,shape,MAG_ONLY,81552,selected,768,STEP6_D63,0.2774309567873556,1831.400300284313,0.2214383746241605
neso_2026_jul_aug,shape,MAG_ONLY,81552,selected,768,STEP8_D31,0.2764990528786475,1825.248538714488,0.2213510884447369
neso_2026_jul_aug,shape,MAG_ONLY,81552,selected,768,STEP8_D33,0.2875982917506526,1898.5177572563025,0.2314778091755041
neso_2026_jul_aug,shape,PETSA_XY_OFFLINE,81551,fixed1024,1024,PAIRED_SHIFT8_D32,0.2750780409843961,1815.8680368412447,0.2224038555498313
neso_2026_jul_aug,shape,PETSA_XY_OFFLINE,81551,fixed1024,1024,PULSE8_D32,4.340553009935622,28653.21944547458,4.223967186889597
neso_2026_jul_aug,shape,PETSA_XY_OFFLINE,81551,fixed1024,1024,RAMP8_D32,0.9163152984171552,6048.856739381622,0.7141457068641555
neso_2026_jul_aug,shape,PETSA_XY_OFFLINE,81551,fixed1024,1024,STEP12_D17,0.4048542265768151,2672.557384042967,0.3337703975791726
neso_2026_jul_aug,shape,PETSA_XY_OFFLINE,81551,fixed1024,1024,STEP12_D63,0.2985547871632832,1970.8446858049988,0.2369311606852638
neso_2026_jul_aug,shape,PETSA_XY_OFFLINE,81551,fixed1024,1024,STEP6_D17,0.3053674637495677,2015.8170929593464,0.2481448804576985
neso_2026_jul_aug,shape,PETSA_XY_OFFLINE,81551,fixed1024,1024,STEP6_D63,0.2761336372813291,1822.836326889222,0.2218904598310015
neso_2026_jul_aug,shape,PETSA_XY_OFFLINE,81551,fixed1024,1024,STEP8_D31,0.2685161075378859,1772.5508561504266,0.2161624587363413
neso_2026_jul_aug,shape,PETSA_XY_OFFLINE,81551,fixed1024,1024,STEP8_D33,0.2831329659183068,1869.040877080694,0.2288780854404537
neso_2026_jul_aug,shape,PETSA_XY_OFFLINE,81551,selected,768,PAIRED_SHIFT8_D32,0.2758282083458158,1820.8201040037443,0.2223284881202887
neso_2026_jul_aug,shape,PETSA_XY_OFFLINE,81551,selected,768,PULSE8_D32,4.358827435829806,28773.85410520285,4.244651863927308
neso_2026_jul_aug,shape,PETSA_XY_OFFLINE,81551,selected,768,RAMP8_D32,0.902091000324922,5954.9581200670655,0.7029514916282732
neso_2026_jul_aug,shape,PETSA_XY_OFFLINE,81551,selected,768,STEP12_D17,0.4016122166274415,2651.155958392554,0.3315456241110773
neso_2026_jul_aug,shape,PETSA_XY_OFFLINE,81551,selected,768,STEP12_D63,0.305811042547827,2018.7452822059224,0.2430575713405149
neso_2026_jul_aug,shape,PETSA_XY_OFFLINE,81551,selected,768,STEP6_D17,0.3044294574123027,2009.6250475307163,0.2472500740756756
neso_2026_jul_aug,shape,PETSA_XY_OFFLINE,81551,selected,768,STEP6_D63,0.2794700763104982,1844.861105632944,0.2252961324174552
neso_2026_jul_aug,shape,PETSA_XY_OFFLINE,81551,selected,768,STEP8_D31,0.2704170359573385,1785.099422894811,0.2171923351849689
neso_2026_jul_aug,shape,PETSA_XY_OFFLINE,81551,selected,768,STEP8_D33,0.2832707282371715,1869.950285154898,0.2285127986323583
neso_2026_jul_aug,shape,PETSA_XY_OFFLINE,81552,fixed1024,1024,PAIRED_SHIFT8_D32,0.2859183142311863,1887.42774996494,0.2267414839412879
neso_2026_jul_aug,shape,PETSA_XY_OFFLINE,81552,fixed1024,1024,PULSE8_D32,4.375902554471607,28886.57179817449,4.252319135762906
neso_2026_jul_aug,shape,PETSA_XY_OFFLINE,81552,fixed1024,1024,RAMP8_D32,0.6132299903823134,4048.104802487207,0.4781603395323674
neso_2026_jul_aug,shape,PETSA_XY_OFFLINE,81552,fixed1024,1024,STEP12_D17,0.3824459569229742,2524.63405116,0.3136764040299479
neso_2026_jul_aug,shape,PETSA_XY_OFFLINE,81552,fixed1024,1024,STEP12_D63,0.3063061614207244,2022.0137020787472,0.2424624247501468
neso_2026_jul_aug,shape,PETSA_XY_OFFLINE,81552,fixed1024,1024,STEP6_D17,0.2946633070070749,1945.1559234218848,0.2340036306783395
neso_2026_jul_aug,shape,PETSA_XY_OFFLINE,81552,fixed1024,1024,STEP6_D63,0.2790036247622116,1841.7819268870223,0.2215194704312312
neso_2026_jul_aug,shape,PETSA_XY_OFFLINE,81552,fixed1024,1024,STEP8_D31,0.2774519327179238,1831.538768341325,0.2196184543810194
neso_2026_jul_aug,shape,PETSA_XY_OFFLINE,81552,fixed1024,1024,STEP8_D33,0.289494451246341,1911.0348429845997,0.230746156493788
neso_2026_jul_aug,shape,PETSA_XY_OFFLINE,81552,selected,768,PAIRED_SHIFT8_D32,0.2847694726361826,1879.8439213020072,0.2256779522324084
neso_2026_jul_aug,shape,PETSA_XY_OFFLINE,81552,selected,768,PULSE8_D32,4.390146745093023,28980.60173370676,4.266143486674314
neso_2026_jul_aug,shape,PETSA_XY_OFFLINE,81552,selected,768,RAMP8_D32,0.6186807694353945,4084.086938403811,0.483223636136238
neso_2026_jul_aug,shape,PETSA_XY_OFFLINE,81552,selected,768,STEP12_D17,0.387496127555696,2557.9716574616023,0.3178787128707404
neso_2026_jul_aug,shape,PETSA_XY_OFFLINE,81552,selected,768,STEP12_D63,0.3299020711754239,2177.7769835475865,0.2624214688241329
neso_2026_jul_aug,shape,PETSA_XY_OFFLINE,81552,selected,768,STEP6_D17,0.2962958373875615,1955.9327187141928,0.2359369682192138
neso_2026_jul_aug,shape,PETSA_XY_OFFLINE,81552,selected,768,STEP6_D63,0.2868783978312572,1893.7655336565256,0.228440732764464
neso_2026_jul_aug,shape,PETSA_XY_OFFLINE,81552,selected,768,STEP8_D31,0.2772998733885954,1830.5349816528533,0.2192924323213386
neso_2026_jul_aug,shape,PETSA_XY_OFFLINE,81552,selected,768,STEP8_D33,0.2870706103189243,1895.034382712552,0.228453883250219
neso_2026_jul_aug,shape,PLAIN,81551,fixed1024,1024,PAIRED_SHIFT8_D32,0.2801838050553816,1849.5726311700987,0.230234933099822
neso_2026_jul_aug,shape,PLAIN,81551,fixed1024,1024,PULSE8_D32,4.30044313475317,28388.442802290483,4.189632914265043
neso_2026_jul_aug,shape,PLAIN,81551,fixed1024,1024,RAMP8_D32,0.934925536860545,6171.708192832474,0.7404729992071962
neso_2026_jul_aug,shape,PLAIN,81551,fixed1024,1024,STEP12_D17,0.4423529563704652,2920.0971171701863,0.3607437093660057
neso_2026_jul_aug,shape,PLAIN,81551,fixed1024,1024,STEP12_D63,0.2951468259665525,1948.347768981712,0.236977438009725
neso_2026_jul_aug,shape,PLAIN,81551,fixed1024,1024,STEP6_D17,0.3159872193168209,2085.921106440873,0.2565033182528908
neso_2026_jul_aug,shape,PLAIN,81551,fixed1024,1024,STEP6_D63,0.2719814267418021,1795.426409420055,0.2193897224554146
neso_2026_jul_aug,shape,PLAIN,81551,fixed1024,1024,STEP8_D31,0.2716539431306873,1793.2645973761537,0.2230405666773148
neso_2026_jul_aug,shape,PLAIN,81551,fixed1024,1024,STEP8_D33,0.2893136864858116,1909.841563616832,0.2378244148918429
neso_2026_jul_aug,shape,PLAIN,81551,selected,512,PAIRED_SHIFT8_D32,0.275471121420211,1818.4628720987207,0.2232839125267917
neso_2026_jul_aug,shape,PLAIN,81551,selected,512,PULSE8_D32,4.341480330946014,28659.34095403498,4.227006824633388
neso_2026_jul_aug,shape,PLAIN,81551,selected,512,RAMP8_D32,0.9112728956906212,6015.570411228247,0.714676903912338
neso_2026_jul_aug,shape,PLAIN,81551,selected,512,STEP12_D17,0.4171151057061827,2753.494918841884,0.3392632095004232
neso_2026_jul_aug,shape,PLAIN,81551,selected,512,STEP12_D63,0.3043367106452171,2009.0127998599528,0.2438807492423394
neso_2026_jul_aug,shape,PLAIN,81551,selected,512,STEP6_D17,0.310401721109017,2049.0496512382365,0.2508561736616464
neso_2026_jul_aug,shape,PLAIN,81551,selected,512,STEP6_D63,0.2764040722424374,1824.6215446411131,0.2223486559859719
neso_2026_jul_aug,shape,PLAIN,81551,selected,512,STEP8_D31,0.2692743534206622,1777.556251919833,0.2178053560147656
neso_2026_jul_aug,shape,PLAIN,81551,selected,512,STEP8_D33,0.2843213442006415,1876.8856986115047,0.2303796110214304
neso_2026_jul_aug,shape,PLAIN,81552,fixed1024,1024,PAIRED_SHIFT8_D32,0.290976469647442,1920.81806608354,0.23529311604575
neso_2026_jul_aug,shape,PLAIN,81552,fixed1024,1024,PULSE8_D32,4.3071962380169015,28433.02194907449,4.193399641030496
neso_2026_jul_aug,shape,PLAIN,81552,fixed1024,1024,RAMP8_D32,0.6547933674412808,4322.476423117008,0.5163265057395631
neso_2026_jul_aug,shape,PLAIN,81552,fixed1024,1024,STEP12_D17,0.4372009405898183,2886.0872022096924,0.36340823224078
neso_2026_jul_aug,shape,PLAIN,81552,fixed1024,1024,STEP12_D63,0.2849368510162867,1880.9488333822355,0.2276185699231363
neso_2026_jul_aug,shape,PLAIN,81552,fixed1024,1024,STEP6_D17,0.3077024063580844,2031.230710256791,0.2481430450767312
neso_2026_jul_aug,shape,PLAIN,81552,fixed1024,1024,STEP6_D63,0.2718889459094635,1794.8159172598546,0.2175680782684171
neso_2026_jul_aug,shape,PLAIN,81552,fixed1024,1024,STEP8_D31,0.2834109549391966,1870.8759613201344,0.2287997431366193
neso_2026_jul_aug,shape,PLAIN,81552,fixed1024,1024,STEP8_D33,0.2984095952781188,1969.886233059969,0.2422950789384803
neso_2026_jul_aug,shape,PLAIN,81552,selected,1024,PAIRED_SHIFT8_D32,0.290976469647442,1920.81806608354,0.23529311604575
neso_2026_jul_aug,shape,PLAIN,81552,selected,1024,PULSE8_D32,4.3071962380169015,28433.02194907449,4.193399641030496
neso_2026_jul_aug,shape,PLAIN,81552,selected,1024,RAMP8_D32,0.6547933674412808,4322.476423117008,0.5163265057395631
neso_2026_jul_aug,shape,PLAIN,81552,selected,1024,STEP12_D17,0.4372009405898183,2886.0872022096924,0.36340823224078
neso_2026_jul_aug,shape,PLAIN,81552,selected,1024,STEP12_D63,0.2849368510162867,1880.9488333822355,0.2276185699231363
neso_2026_jul_aug,shape,PLAIN,81552,selected,1024,STEP6_D17,0.3077024063580844,2031.230710256791,0.2481430450767312
neso_2026_jul_aug,shape,PLAIN,81552,selected,1024,STEP6_D63,0.2718889459094635,1794.8159172598546,0.2175680782684171
neso_2026_jul_aug,shape,PLAIN,81552,selected,1024,STEP8_D31,0.2834109549391966,1870.8759613201344,0.2287997431366193
neso_2026_jul_aug,shape,PLAIN,81552,selected,1024,STEP8_D33,0.2984095952781188,1969.886233059969,0.2422950789384803
neso_2026_jul_aug,shape,TOKEN_GATE,81551,fixed1024,1024,PAIRED_SHIFT8_D32,0.2785914204001183,1839.0608491772452,0.2287384894075027
neso_2026_jul_aug,shape,TOKEN_GATE,81551,fixed1024,1024,PULSE8_D32,4.306358160447879,28427.48956173984,4.195435825975978
neso_2026_jul_aug,shape,TOKEN_GATE,81551,fixed1024,1024,RAMP8_D32,0.9278833835934202,6125.220945131613,0.734056158435149
neso_2026_jul_aug,shape,TOKEN_GATE,81551,fixed1024,1024,STEP12_D17,0.4376127306792317,2888.8055451882083,0.3569704407407659
neso_2026_jul_aug,shape,TOKEN_GATE,81551,fixed1024,1024,STEP12_D63,0.2959046869658206,1953.3506240261013,0.237411802453667
neso_2026_jul_aug,shape,TOKEN_GATE,81551,fixed1024,1024,STEP6_D17,0.3146567089193049,2077.138030573064,0.2552431848459041
neso_2026_jul_aug,shape,TOKEN_GATE,81551,fixed1024,1024,STEP6_D63,0.2716878175795758,1793.4882122048118,0.2190400603821251
neso_2026_jul_aug,shape,TOKEN_GATE,81551,fixed1024,1024,STEP8_D31,0.270530511971849,1785.8485101973097,0.2219476310074962
neso_2026_jul_aug,shape,TOKEN_GATE,81551,fixed1024,1024,STEP8_D33,0.2876401882530268,1898.7943279314625,0.2362443038064912
neso_2026_jul_aug,shape,TOKEN_GATE,81551,selected,768,PAIRED_SHIFT8_D32,0.2763918585885376,1824.5409188534263,0.2256198136492815
neso_2026_jul_aug,shape,TOKEN_GATE,81551,selected,768,PULSE8_D32,4.333488183605812,28606.582526467064,4.223741948679475
neso_2026_jul_aug,shape,TOKEN_GATE,81551,selected,768,RAMP8_D32,0.9152463533234896,6041.800330146705,0.7231399983685386
neso_2026_jul_aug,shape,TOKEN_GATE,81551,selected,768,STEP12_D17,0.4279053326197142,2824.724261949128,0.3502577651492928
neso_2026_jul_aug,shape,TOKEN_GATE,81551,selected,768,STEP12_D63,0.3074345823046254,2029.4627278455705,0.2473698862826708
neso_2026_jul_aug,shape,TOKEN_GATE,81551,selected,768,STEP6_D17,0.3126060189827278,2063.600845649192,0.2533866792419306
neso_2026_jul_aug,shape,TOKEN_GATE,81551,selected,768,STEP6_D63,0.2773063849828886,1830.57796653054,0.2240275983937475
neso_2026_jul_aug,shape,TOKEN_GATE,81551,selected,768,STEP8_D31,0.2690722106206006,1776.2218500599251,0.2190735492232081
neso_2026_jul_aug,shape,TOKEN_GATE,81551,selected,768,STEP8_D33,0.2853592464059035,1883.737184950284,0.2328004677561177
neso_2026_jul_aug,shape,TOKEN_GATE,81552,fixed1024,1024,PAIRED_SHIFT8_D32,0.2907979627699235,1919.6396916408464,0.2345829740255409
neso_2026_jul_aug,shape,TOKEN_GATE,81552,fixed1024,1024,PULSE8_D32,4.312970234974574,28471.137737898396,4.199109832921904
neso_2026_jul_aug,shape,TOKEN_GATE,81552,fixed1024,1024,RAMP8_D32,0.6512274533250412,4298.936814347699,0.5132784284209757
neso_2026_jul_aug,shape,TOKEN_GATE,81552,fixed1024,1024,STEP12_D17,0.435699044370252,2876.1727600026616,0.3614454763073123
neso_2026_jul_aug,shape,TOKEN_GATE,81552,fixed1024,1024,STEP12_D63,0.2856877477505432,1885.905715341353,0.2281714981897937
neso_2026_jul_aug,shape,TOKEN_GATE,81552,fixed1024,1024,STEP6_D17,0.3066496359580365,2024.281074754305,0.2470188309796311
neso_2026_jul_aug,shape,TOKEN_GATE,81552,fixed1024,1024,STEP6_D63,0.2726663098892732,1799.9475170010653,0.2183722071258945
neso_2026_jul_aug,shape,TOKEN_GATE,81552,fixed1024,1024,STEP8_D31,0.2835015689976449,1871.474130377308,0.228424566653099
neso_2026_jul_aug,shape,TOKEN_GATE,81552,fixed1024,1024,STEP8_D33,0.2979990608112638,1967.1761788014908,0.2414127363637815
neso_2026_jul_aug,shape,TOKEN_GATE,81552,selected,1024,PAIRED_SHIFT8_D32,0.2907979627699235,1919.6396916408464,0.2345829740255409
neso_2026_jul_aug,shape,TOKEN_GATE,81552,selected,1024,PULSE8_D32,4.312970234974574,28471.137737898396,4.199109832921904
neso_2026_jul_aug,shape,TOKEN_GATE,81552,selected,1024,RAMP8_D32,0.6512274533250412,4298.936814347699,0.5132784284209757
neso_2026_jul_aug,shape,TOKEN_GATE,81552,selected,1024,STEP12_D17,0.435699044370252,2876.1727600026616,0.3614454763073123
neso_2026_jul_aug,shape,TOKEN_GATE,81552,selected,1024,STEP12_D63,0.2856877477505432,1885.905715341353,0.2281714981897937
neso_2026_jul_aug,shape,TOKEN_GATE,81552,selected,1024,STEP6_D17,0.3066496359580365,2024.281074754305,0.2470188309796311
neso_2026_jul_aug,shape,TOKEN_GATE,81552,selected,1024,STEP6_D63,0.2726663098892732,1799.9475170010653,0.2183722071258945
neso_2026_jul_aug,shape,TOKEN_GATE,81552,selected,1024,STEP8_D31,0.2835015689976449,1871.474130377308,0.228424566653099
neso_2026_jul_aug,shape,TOKEN_GATE,81552,selected,1024,STEP8_D33,0.2979990608112638,1967.1761788014908,0.2414127363637815
neso_2026_jul_aug,shape,TOKEN_GATE_ENTROPY,81551,fixed1024,1024,PAIRED_SHIFT8_D32,0.2783790895945756,1837.6591934084247,0.2282404760513669
neso_2026_jul_aug,shape,TOKEN_GATE_ENTROPY,81551,fixed1024,1024,PULSE8_D32,4.311177922714083,28459.306177173963,4.199780390973
neso_2026_jul_aug,shape,TOKEN_GATE_ENTROPY,81551,fixed1024,1024,RAMP8_D32,0.8899129502987637,5874.567363631479,0.696821542470627
neso_2026_jul_aug,shape,TOKEN_GATE_ENTROPY,81551,fixed1024,1024,STEP12_D17,0.3896304363661322,2572.060834248489,0.3195571147306301
neso_2026_jul_aug,shape,TOKEN_GATE_ENTROPY,81551,fixed1024,1024,STEP12_D63,0.2984009484304095,1969.8291527698864,0.2399458496139605
neso_2026_jul_aug,shape,TOKEN_GATE_ENTROPY,81551,fixed1024,1024,STEP6_D17,0.3048787151700159,2012.590725196644,0.2470952505216537
neso_2026_jul_aug,shape,TOKEN_GATE_ENTROPY,81551,fixed1024,1024,STEP6_D63,0.2713324714109055,1791.1424715292085,0.2182669408894519
neso_2026_jul_aug,shape,TOKEN_GATE_ENTROPY,81551,fixed1024,1024,STEP8_D31,0.2705006807859383,1785.651586092418,0.2215118152224418
neso_2026_jul_aug,shape,TOKEN_GATE_ENTROPY,81551,fixed1024,1024,STEP8_D33,0.2868182620747309,1893.3685605002656,0.2352923757525299
neso_2026_jul_aug,shape,TOKEN_GATE_ENTROPY,81551,selected,768,PAIRED_SHIFT8_D32,0.274744552946159,1813.6665878737567,0.2237347264276531
neso_2026_jul_aug,shape,TOKEN_GATE_ENTROPY,81551,selected,768,PULSE8_D32,4.343815281486034,28674.75462369052,4.233884517510697
neso_2026_jul_aug,shape,TOKEN_GATE_ENTROPY,81551,selected,768,RAMP8_D32,0.8850155296141223,5842.23810298828,0.6939326869986754
neso_2026_jul_aug,shape,TOKEN_GATE_ENTROPY,81551,selected,768,STEP12_D17,0.3906394601730111,2578.721686102626,0.3202245179904264
neso_2026_jul_aug,shape,TOKEN_GATE_ENTROPY,81551,selected,768,STEP12_D63,0.3075711237636946,2030.3640766785784,0.2478333761443059
neso_2026_jul_aug,shape,TOKEN_GATE_ENTROPY,81551,selected,768,STEP6_D17,0.3036940260139086,2004.7702566326343,0.2456880620147552
neso_2026_jul_aug,shape,TOKEN_GATE_ENTROPY,81551,selected,768,STEP6_D63,0.2759677386054012,1821.741182755238,0.2227294466631456
neso_2026_jul_aug,shape,TOKEN_GATE_ENTROPY,81551,selected,768,STEP8_D31,0.2687340390260161,1773.9894836108397,0.2182680803611051
neso_2026_jul_aug,shape,TOKEN_GATE_ENTROPY,81551,selected,768,STEP8_D33,0.2831114082902113,1868.898569073597,0.2305905550975616
neso_2026_jul_aug,shape,TOKEN_GATE_ENTROPY,81552,fixed1024,1024,PAIRED_SHIFT8_D32,0.28898266753336,1907.6564137837352,0.2329632775687619
neso_2026_jul_aug,shape,TOKEN_GATE_ENTROPY,81552,fixed1024,1024,PULSE8_D32,4.321443654844494,28527.07318170721,4.202253599181325
neso_2026_jul_aug,shape,TOKEN_GATE_ENTROPY,81552,fixed1024,1024,RAMP8_D32,0.666349833888022,4398.763930343571,0.5244316208226028
neso_2026_jul_aug,shape,TOKEN_GATE_ENTROPY,81552,fixed1024,1024,STEP12_D17,0.4241658709261166,2800.03901648171,0.3507165638267839
neso_2026_jul_aug,shape,TOKEN_GATE_ENTROPY,81552,fixed1024,1024,STEP12_D63,0.288492966922285,1904.42376139138,0.2308079153660719
neso_2026_jul_aug,shape,TOKEN_GATE_ENTROPY,81552,fixed1024,1024,STEP6_D17,0.3082163934311321,2034.6236844613368,0.2473790936712984
neso_2026_jul_aug,shape,TOKEN_GATE_ENTROPY,81552,fixed1024,1024,STEP6_D63,0.274023896497057,1808.9093305994763,0.2189723829074739
neso_2026_jul_aug,shape,TOKEN_GATE_ENTROPY,81552,fixed1024,1024,STEP8_D31,0.282608207214867,1865.5767962939449,0.2272741674522186
neso_2026_jul_aug,shape,TOKEN_GATE_ENTROPY,81552,fixed1024,1024,STEP8_D33,0.2966194208415837,1958.068784716796,0.2396321695067783
neso_2026_jul_aug,shape,TOKEN_GATE_ENTROPY,81552,selected,768,PAIRED_SHIFT8_D32,0.2910405546046063,1921.2411090314272,0.233596272039004
neso_2026_jul_aug,shape,TOKEN_GATE_ENTROPY,81552,selected,768,PULSE8_D32,4.341717623212205,28660.90738747337,4.221154093663047
neso_2026_jul_aug,shape,TOKEN_GATE_ENTROPY,81552,selected,768,RAMP8_D32,0.67573385878013,4460.71053574152,0.5280304519425554
neso_2026_jul_aug,shape,TOKEN_GATE_ENTROPY,81552,selected,768,STEP12_D17,0.4296042811969324,2835.9395025643626,0.3554566579041536
neso_2026_jul_aug,shape,TOKEN_GATE_ENTROPY,81552,selected,768,STEP12_D63,0.2982456962247328,1968.8042890005777,0.238556642530293
neso_2026_jul_aug,shape,TOKEN_GATE_ENTROPY,81552,selected,768,STEP6_D17,0.3087646298262808,2038.24274813876,0.2478589830716119
neso_2026_jul_aug,shape,TOKEN_GATE_ENTROPY,81552,selected,768,STEP6_D63,0.2778765290342319,1834.341648849654,0.2218212107671071
neso_2026_jul_aug,shape,TOKEN_GATE_ENTROPY,81552,selected,768,STEP8_D31,0.2836489142844484,1872.4467983362924,0.2272319227857481
neso_2026_jul_aug,shape,TOKEN_GATE_ENTROPY,81552,selected,768,STEP8_D33,0.2956056801938695,1951.3767956607328,0.2378708503300696
neso_2026_jul_aug,standard,B0,81551,fixed1024,768,BURST16,0.2129966157822714,1406.050970736417,0.1715745822077671
neso_2026_jul_aug,standard,B0,81551,fixed1024,768,BURST4,0.2061503924664405,1360.857112121582,0.1648870429133061
neso_2026_jul_aug,standard,B0,81551,fixed1024,768,BURST8,0.2444862816528881,1613.923171442205,0.2010011150097995
neso_2026_jul_aug,standard,B0,81551,fixed1024,768,FAULT,0.2102607391718415,1387.9906745679452,0.1695178230617564
neso_2026_jul_aug,standard,B0,81551,fixed1024,768,POINT16,0.1998319334229088,1319.1471749045631,0.1595133652556842
neso_2026_jul_aug,standard,B0,81551,fixed1024,768,POINT4,0.1986968704308507,1311.654302701083,0.16011304075179
neso_2026_jul_aug,standard,B0,81551,fixed1024,768,POINT8,0.1994023412756894,1316.31131550182,0.1600177922321914
neso_2026_jul_aug,standard,B0,81551,fixed1024,768,REFERENCE,0.1963039823934383,1295.8581712202592,0.158036438219882
neso_2026_jul_aug,standard,B0,81551,fixed1024,768,SHIFT4,0.2632561907904611,1737.8286563560905,0.2150284242895469
neso_2026_jul_aug,standard,B0,81551,fixed1024,768,SHIFT8,0.2854755627325036,1884.50502195712,0.2283493098436505
neso_2026_jul_aug,standard,B0,81551,fixed1024,768,SHIFT_POINT,0.2585199768518281,1706.563567088956,0.2098925634855216
neso_2026_jul_aug,standard,B0,81551,selected,768,BURST16,0.2129966157822714,1406.050970736417,0.1715745822077671
neso_2026_jul_aug,standard,B0,81551,selected,768,BURST4,0.2061503924664405,1360.857112121582,0.1648870429133061
neso_2026_jul_aug,standard,B0,81551,selected,768,BURST8,0.2444862816528881,1613.923171442205,0.2010011150097995
neso_2026_jul_aug,standard,B0,81551,selected,768,FAULT,0.2102607391718415,1387.9906745679452,0.1695178230617564
neso_2026_jul_aug,standard,B0,81551,selected,768,POINT16,0.1998319334229088,1319.1471749045631,0.1595133652556842
neso_2026_jul_aug,standard,B0,81551,selected,768,POINT4,0.1986968704308507,1311.654302701083,0.16011304075179
neso_2026_jul_aug,standard,B0,81551,selected,768,POINT8,0.1994023412756894,1316.31131550182,0.1600177922321914
neso_2026_jul_aug,standard,B0,81551,selected,768,REFERENCE,0.1963039823934383,1295.8581712202592,0.158036438219882
neso_2026_jul_aug,standard,B0,81551,selected,768,SHIFT4,0.2632561907904611,1737.8286563560905,0.2150284242895469
neso_2026_jul_aug,standard,B0,81551,selected,768,SHIFT8,0.2854755627325036,1884.50502195712,0.2283493098436505
neso_2026_jul_aug,standard,B0,81551,selected,768,SHIFT_POINT,0.2585199768518281,1706.563567088956,0.2098925634855216
neso_2026_jul_aug,standard,B0,81552,fixed1024,512,BURST16,0.2016328055450119,1331.035241699219,0.1623215784187191
neso_2026_jul_aug,standard,B0,81552,fixed1024,512,BURST4,0.1963450991901451,1296.1295948375357,0.1556643153875839
neso_2026_jul_aug,standard,B0,81552,fixed1024,512,BURST8,0.2347535905023977,1549.674921347878,0.1911872247218382
neso_2026_jul_aug,standard,B0,81552,fixed1024,512,FAULT,0.1996170161152377,1317.7284449028243,0.1600196539238167
neso_2026_jul_aug,standard,B0,81552,fixed1024,512,POINT16,0.1881119425213722,1241.7801964499731,0.1500320780534926
neso_2026_jul_aug,standard,B0,81552,fixed1024,512,POINT4,0.1892109106563017,1249.0347962812943,0.1512204191194527
neso_2026_jul_aug,standard,B0,81552,fixed1024,512,POINT8,0.1876477482761973,1238.7159188010476,0.1496923078418134
neso_2026_jul_aug,standard,B0,81552,fixed1024,512,REFERENCE,0.185934323750754,1227.4051183527167,0.1485166815919334
neso_2026_jul_aug,standard,B0,81552,fixed1024,512,SHIFT4,0.2695308331115451,1779.2493469815342,0.2174724050764828
neso_2026_jul_aug,standard,B0,81552,fixed1024,512,SHIFT8,0.2973681823769279,1963.0115716233124,0.2397307310479129
neso_2026_jul_aug,standard,B0,81552,fixed1024,512,SHIFT_POINT,0.2596165294353754,1713.8022211816406,0.2080119242696197
neso_2026_jul_aug,standard,B0,81552,selected,512,BURST16,0.2016328055450119,1331.035241699219,0.1623215784187191
neso_2026_jul_aug,standard,B0,81552,selected,512,BURST4,0.1963450991901451,1296.1295948375357,0.1556643153875839
neso_2026_jul_aug,standard,B0,81552,selected,512,BURST8,0.2347535905023977,1549.674921347878,0.1911872247218382
neso_2026_jul_aug,standard,B0,81552,selected,512,FAULT,0.1996170161152377,1317.7284449028243,0.1600196539238167
neso_2026_jul_aug,standard,B0,81552,selected,512,POINT16,0.1881119425213722,1241.7801964499731,0.1500320780534926
neso_2026_jul_aug,standard,B0,81552,selected,512,POINT4,0.1892109106563017,1249.0347962812943,0.1512204191194527
neso_2026_jul_aug,standard,B0,81552,selected,512,POINT8,0.1876477482761973,1238.7159188010476,0.1496923078418134
neso_2026_jul_aug,standard,B0,81552,selected,512,REFERENCE,0.185934323750754,1227.4051183527167,0.1485166815919334
neso_2026_jul_aug,standard,B0,81552,selected,512,SHIFT4,0.2695308331115451,1779.2493469815342,0.2174724050764828
neso_2026_jul_aug,standard,B0,81552,selected,512,SHIFT8,0.2973681823769279,1963.0115716233124,0.2397307310479129
neso_2026_jul_aug,standard,B0,81552,selected,512,SHIFT_POINT,0.2596165294353754,1713.8022211816406,0.2080119242696197
neso_2026_jul_aug,standard,C3,81551,fixed1024,1024,BURST16,0.2147766497949178,1417.8014792702415,0.1721561733470642
neso_2026_jul_aug,standard,C3,81551,fixed1024,1024,BURST4,0.2093569254519481,1382.024344288219,0.1673042128766153
neso_2026_jul_aug,standard,C3,81551,fixed1024,1024,BURST8,0.2472287054349783,1632.0266873446378,0.2030420924504564
neso_2026_jul_aug,standard,C3,81551,fixed1024,1024,FAULT,0.2124236594997749,1402.268724083178,0.1708958287011191
neso_2026_jul_aug,standard,C3,81551,fixed1024,1024,POINT16,0.2018590545495529,1332.5287754405629,0.1606656441709084
neso_2026_jul_aug,standard,C3,81551,fixed1024,1024,POINT4,0.200333134113175,1322.4557425759056,0.1611715598383693
neso_2026_jul_aug,standard,C3,81551,fixed1024,1024,POINT8,0.2009874876540772,1326.775315579501,0.161035289523301
neso_2026_jul_aug,standard,C3,81551,fixed1024,1024,REFERENCE,0.1982820170687921,1308.9157381924715,0.1595617273355586
neso_2026_jul_aug,standard,C3,81551,fixed1024,1024,SHIFT4,0.2582602135667123,1704.8487960919745,0.2113681160728993
neso_2026_jul_aug,standard,C3,81551,fixed1024,1024,SHIFT8,0.2739184461326454,1808.2132228857415,0.2217920042140847
neso_2026_jul_aug,standard,C3,81551,fixed1024,1024,SHIFT_POINT,0.2512410147939543,1658.51307750799,0.2046983769552103
neso_2026_jul_aug,standard,C3,81551,selected,768,BURST16,0.2142797058575335,1414.5210116299716,0.1724686434309891
neso_2026_jul_aug,standard,C3,81551,selected,768,BURST4,0.2089376946773161,1379.256883239746,0.1672707170336333
neso_2026_jul_aug,standard,C3,81551,selected,768,BURST8,0.2467624576425443,1628.9488536487927,0.2031224759967761
neso_2026_jul_aug,standard,C3,81551,selected,768,FAULT,0.2118944768351867,1398.7754394762444,0.170893336895981
neso_2026_jul_aug,standard,C3,81551,selected,768,POINT16,0.201022518743256,1327.0065657182174,0.1604197514127449
neso_2026_jul_aug,standard,C3,81551,selected,768,POINT4,0.1998464005241351,1319.242676336115,0.1611170818227698
neso_2026_jul_aug,standard,C3,81551,selected,768,POINT8,0.2005180835663352,1323.6766462846235,0.1609613516789731
neso_2026_jul_aug,standard,C3,81551,selected,768,REFERENCE,0.1977978233851727,1305.7194385875357,0.1594806461017381
neso_2026_jul_aug,standard,C3,81551,selected,768,SHIFT4,0.2588580493245475,1708.795279206543,0.2122548348817702
neso_2026_jul_aug,standard,C3,81551,selected,768,SHIFT8,0.2731150514431363,1802.9097870592148,0.2207245776480743
neso_2026_jul_aug,standard,C3,81551,selected,768,SHIFT_POINT,0.2511162299166597,1657.689337200151,0.2049830001037254
neso_2026_jul_aug,standard,C3,81552,fixed1024,1024,BURST16,0.2041067039992465,1347.366145879572,0.1632845652726866
neso_2026_jul_aug,standard,C3,81552,fixed1024,1024,BURST4,0.1963161578430923,1295.938544810902,0.1559425158533672
neso_2026_jul_aug,standard,C3,81552,fixed1024,1024,BURST8,0.2358429409545945,1556.8660321322354,0.192436178885251
neso_2026_jul_aug,standard,C3,81552,fixed1024,1024,FAULT,0.2001340509069283,1321.1415379610928,0.1604418724622854
neso_2026_jul_aug,standard,C3,81552,fixed1024,1024,POINT16,0.189025202026315,1247.8088810313832,0.1507398752904059
neso_2026_jul_aug,standard,C3,81552,fixed1024,1024,POINT4,0.1885191394775452,1244.4682188554243,0.1508346284333028
neso_2026_jul_aug,standard,C3,81552,fixed1024,1024,POINT8,0.1869941611407762,1234.4014050570402,0.1494134710386987
neso_2026_jul_aug,standard,C3,81552,fixed1024,1024,REFERENCE,0.1852211230997681,1222.6970789129084,0.1482991133351752
neso_2026_jul_aug,standard,C3,81552,fixed1024,1024,SHIFT4,0.2697805029453757,1780.897488248624,0.2177410291413031
neso_2026_jul_aug,standard,C3,81552,fixed1024,1024,SHIFT8,0.2840094283682797,1874.826653883167,0.2279801517719112
neso_2026_jul_aug,standard,C3,81552,fixed1024,1024,SHIFT_POINT,0.2587400758249786,1708.016502731712,0.2074803921120115
neso_2026_jul_aug,standard,C3,81552,selected,768,BURST16,0.2024239770266599,1336.2579886696556,0.1620021007548148
neso_2026_jul_aug,standard,C3,81552,selected,768,BURST4,0.1958437363174512,1292.819956554066,0.1553107828526115
neso_2026_jul_aug,standard,C3,81552,selected,768,BURST8,0.2343534631913007,1547.0335676713423,0.1907910427575784
neso_2026_jul_aug,standard,C3,81552,selected,768,FAULT,0.1994003763004609,1316.2983441439542,0.1596866981501436
neso_2026_jul_aug,standard,C3,81552,selected,768,POINT16,0.1882793419362328,1242.8852473865857,0.1501179148196876
neso_2026_jul_aug,standard,C3,81552,selected,768,POINT4,0.1885537740834322,1244.6968516956676,0.1507101949026252
neso_2026_jul_aug,standard,C3,81552,selected,768,POINT8,0.1869479652476884,1234.096452886408,0.1491881528135443
neso_2026_jul_aug,standard,C3,81552,selected,768,REFERENCE,0.1852137421392391,1222.648355102539,0.1480850751834173
neso_2026_jul_aug,standard,C3,81552,selected,768,SHIFT4,0.2713238335085383,1791.0854502898617,0.2187194024376864
neso_2026_jul_aug,standard,C3,81552,selected,768,SHIFT8,0.2836118192761354,1872.201923682972,0.226818069957451
neso_2026_jul_aug,standard,C3,81552,selected,768,SHIFT_POINT,0.2608245348311195,1721.7766068454814,0.2087507337457343
neso_2026_jul_aug,standard,MAG_ONLY,81551,fixed1024,1024,BURST16,0.2151603392508393,1420.334322010387,0.1725533779786763
neso_2026_jul_aug,standard,MAG_ONLY,81551,fixed1024,1024,BURST4,0.2097571558344119,1384.6663783680308,0.1677519191124541
neso_2026_jul_aug,standard,MAG_ONLY,81551,fixed1024,1024,BURST8,0.2476790519737493,1634.9995523626153,0.2036332256139704
neso_2026_jul_aug,standard,MAG_ONLY,81551,fixed1024,1024,FAULT,0.2127359451789967,1404.330210275361,0.1712723662229017
neso_2026_jul_aug,standard,MAG_ONLY,81551,fixed1024,1024,POINT16,0.2020711626669136,1333.9289611816407,0.1609040250010142
neso_2026_jul_aug,standard,MAG_ONLY,81551,fixed1024,1024,POINT4,0.2005296073443841,1323.7527180064808,0.1614319091438301
neso_2026_jul_aug,standard,MAG_ONLY,81551,fixed1024,1024,POINT8,0.2012183540036819,1328.2993297230114,0.1613597404874652
neso_2026_jul_aug,standard,MAG_ONLY,81551,fixed1024,1024,REFERENCE,0.1984160629676471,1309.8006131258878,0.1597812611624617
neso_2026_jul_aug,standard,MAG_ONLY,81551,fixed1024,1024,SHIFT4,0.2579200197674066,1702.6030804969373,0.2110753348459005
neso_2026_jul_aug,standard,MAG_ONLY,81551,fixed1024,1024,SHIFT8,0.2749228978865197,1814.843893323419,0.2228454985540256
neso_2026_jul_aug,standard,MAG_ONLY,81551,fixed1024,1024,SHIFT_POINT,0.2504485638306156,1653.281884316628,0.2040673809875441
neso_2026_jul_aug,standard,MAG_ONLY,81551,selected,768,BURST16,0.2140789842158141,1413.1959912386808,0.1723317624459163
neso_2026_jul_aug,standard,MAG_ONLY,81551,selected,768,BURST4,0.2089366603703358,1379.2500554865055,0.1673210018146497
neso_2026_jul_aug,standard,MAG_ONLY,81551,selected,768,BURST8,0.2467376676234913,1628.785207713734,0.2032309226016271
neso_2026_jul_aug,standard,MAG_ONLY,81551,selected,768,FAULT,0.2118058688888889,1398.1905133334074,0.1708853243902174
neso_2026_jul_aug,standard,MAG_ONLY,81551,selected,768,POINT16,0.2008632312866066,1325.9550641146573,0.1603375567205126
neso_2026_jul_aug,standard,MAG_ONLY,81551,selected,768,POINT4,0.1997435041371489,1318.5634281505238,0.1610860264150938
neso_2026_jul_aug,standard,MAG_ONLY,81551,selected,768,POINT8,0.200475165699937,1323.3933332963422,0.1610046763435046
neso_2026_jul_aug,standard,MAG_ONLY,81551,selected,768,REFERENCE,0.1976793832267027,1304.937581565163,0.1594258617770425
neso_2026_jul_aug,standard,MAG_ONLY,81551,selected,768,SHIFT4,0.2584318111646351,1705.981560423695,0.2117468163119081
neso_2026_jul_aug,standard,MAG_ONLY,81551,selected,768,SHIFT8,0.2730594843317528,1802.5429728231527,0.2206558454629772
neso_2026_jul_aug,standard,MAG_ONLY,81551,selected,768,SHIFT_POINT,0.2510332540894441,1657.1415902701085,0.2047716982290576
neso_2026_jul_aug,standard,MAG_ONLY,81552,fixed1024,1024,BURST16,0.2047801349679195,1351.8116543856534,0.1638342424395528
neso_2026_jul_aug,standard,MAG_ONLY,81552,fixed1024,1024,BURST4,0.1965124897583094,1297.2345873746006,0.155968026824701
neso_2026_jul_aug,standard,MAG_ONLY,81552,fixed1024,1024,BURST8,0.2357843712020987,1556.479396611994,0.1923158607442996
neso_2026_jul_aug,standard,MAG_ONLY,81552,fixed1024,1024,FAULT,0.2003986994135364,1322.8885576883952,0.160587169058244
neso_2026_jul_aug,standard,MAG_ONLY,81552,fixed1024,1024,POINT16,0.189175870300156,1248.8034849687056,0.1508604734674698
neso_2026_jul_aug,standard,MAG_ONLY,81552,fixed1024,1024,POINT4,0.1888921456756205,1246.930538385565,0.1510194440839755
neso_2026_jul_aug,standard,MAG_ONLY,81552,fixed1024,1024,POINT8,0.1872471845771142,1236.071684403853,0.1495249667894652
neso_2026_jul_aug,standard,MAG_ONLY,81552,fixed1024,1024,REFERENCE,0.1855536875608009,1224.89243108576,0.148456903947154
neso_2026_jul_aug,standard,MAG_ONLY,81552,fixed1024,1024,SHIFT4,0.2681075503593019,1769.853854531694,0.2162219872186354
neso_2026_jul_aug,standard,MAG_ONLY,81552,fixed1024,1024,SHIFT8,0.2842234554301758,1876.239507120472,0.2283701132532122
neso_2026_jul_aug,standard,MAG_ONLY,81552,fixed1024,1024,SHIFT_POINT,0.2581516248936336,1704.1319715141158,0.2066519063938984
neso_2026_jul_aug,standard,MAG_ONLY,81552,selected,768,BURST16,0.2028050664364369,1338.7736677689986,0.1623414371981947
neso_2026_jul_aug,standard,MAG_ONLY,81552,selected,768,BURST4,0.1960379182333046,1294.1018063631925,0.1554138753397314
neso_2026_jul_aug,standard,MAG_ONLY,81552,selected,768,BURST8,0.2348166092395517,1550.090925875577,0.1912179998258294
neso_2026_jul_aug,standard,MAG_ONLY,81552,selected,768,FAULT,0.1997153322390368,1318.3774574742174,0.1599324568191795
neso_2026_jul_aug,standard,MAG_ONLY,81552,selected,768,POINT16,0.1884934295911986,1244.2985006159,0.1502812945553824
neso_2026_jul_aug,standard,MAG_ONLY,81552,selected,768,POINT4,0.1889101772389694,1247.0495698408647,0.1509679864733855
neso_2026_jul_aug,standard,MAG_ONLY,81552,selected,768,POINT8,0.1872287926947594,1235.950274380771,0.1493721475225539
neso_2026_jul_aug,standard,MAG_ONLY,81552,selected,768,REFERENCE,0.1854858120924448,1224.4443659002131,0.1482815872971292
neso_2026_jul_aug,standard,MAG_ONLY,81552,selected,768,SHIFT4,0.2694709020370543,1778.8537249893468,0.2171882168608012
neso_2026_jul_aug,standard,MAG_ONLY,81552,selected,768,SHIFT8,0.2828202977850557,1866.9768662011716,0.2262444042288517
neso_2026_jul_aug,standard,MAG_ONLY,81552,selected,768,SHIFT_POINT,0.2602738669074804,1718.1414919600054,0.2080991976683525
neso_2026_jul_aug,standard,PETSA_XY_OFFLINE,81551,fixed1024,1024,BURST16,0.2111940271068963,1394.151572487571,0.1698911859883257
neso_2026_jul_aug,standard,PETSA_XY_OFFLINE,81551,fixed1024,1024,BURST4,0.2035249866891092,1343.5260652021927,0.1626928993610746
neso_2026_jul_aug,standard,PETSA_XY_OFFLINE,81551,fixed1024,1024,BURST8,0.2409495061594307,1590.5759149724786,0.1978291876076915
neso_2026_jul_aug,standard,PETSA_XY_OFFLINE,81551,fixed1024,1024,FAULT,0.2075907987680959,1370.365641969623,0.1672392587234212
neso_2026_jul_aug,standard,PETSA_XY_OFFLINE,81551,fixed1024,1024,POINT16,0.1977773124563844,1305.5840401389382,0.1577877846984899
neso_2026_jul_aug,standard,PETSA_XY_OFFLINE,81551,fixed1024,1024,POINT4,0.1956431309856226,1291.4957039572976,0.1575513728086323
neso_2026_jul_aug,standard,PETSA_XY_OFFLINE,81551,fixed1024,1024,POINT8,0.1964558292111323,1296.8605550592597,0.1576831218763132
neso_2026_jul_aug,standard,PETSA_XY_OFFLINE,81551,fixed1024,1024,REFERENCE,0.1935113257248794,1277.4230538108131,0.1556615059724287
neso_2026_jul_aug,standard,PETSA_XY_OFFLINE,81551,fixed1024,1024,SHIFT4,0.2602284922712248,1717.8419611382608,0.212967740697495
neso_2026_jul_aug,standard,PETSA_XY_OFFLINE,81551,fixed1024,1024,SHIFT8,0.2752173928433062,1816.7879379193664,0.2221524114160084
neso_2026_jul_aug,standard,PETSA_XY_OFFLINE,81551,fixed1024,1024,SHIFT_POINT,0.2564392364045015,1692.8280102348294,0.2086532450465438
neso_2026_jul_aug,standard,PETSA_XY_OFFLINE,81551,selected,768,BURST16,0.2115811966556157,1396.7073883056642,0.1703970966965935
neso_2026_jul_aug,standard,PETSA_XY_OFFLINE,81551,selected,768,BURST4,0.2048254948587135,1352.1110878684303,0.1638554809856468
neso_2026_jul_aug,standard,PETSA_XY_OFFLINE,81551,selected,768,BURST8,0.2425241187702277,1600.970378667658,0.1993319025133864
neso_2026_jul_aug,standard,PETSA_XY_OFFLINE,81551,selected,768,FAULT,0.2086387237523355,1377.2832915103795,0.1682021418944504
neso_2026_jul_aug,standard,PETSA_XY_OFFLINE,81551,selected,768,POINT16,0.1985368053264815,1310.5976676247335,0.1584118550784916
neso_2026_jul_aug,standard,PETSA_XY_OFFLINE,81551,selected,768,POINT4,0.1967390707766308,1298.730312832919,0.1585688255786084
neso_2026_jul_aug,standard,PETSA_XY_OFFLINE,81551,selected,768,POINT8,0.1976256561263436,1304.582913762873,0.1586476905139759
neso_2026_jul_aug,standard,PETSA_XY_OFFLINE,81551,selected,768,REFERENCE,0.1945667034763835,1284.3899011785334,0.1566292979768526
neso_2026_jul_aug,standard,PETSA_XY_OFFLINE,81551,selected,768,SHIFT4,0.2601382851260211,1717.2464782306326,0.212756403663309
neso_2026_jul_aug,standard,PETSA_XY_OFFLINE,81551,selected,768,SHIFT8,0.2751348189341156,1816.2428441640104,0.2210395257100112
neso_2026_jul_aug,standard,PETSA_XY_OFFLINE,81551,selected,768,SHIFT_POINT,0.2557293040213563,1688.1415455564463,0.2080389952998397
neso_2026_jul_aug,standard,PETSA_XY_OFFLINE,81552,fixed1024,1024,BURST16,0.2015578378840617,1330.540358942205,0.1617757794894124
neso_2026_jul_aug,standard,PETSA_XY_OFFLINE,81552,fixed1024,1024,BURST4,0.1949765679951742,1287.0955329201438,0.1543583224736059
neso_2026_jul_aug,standard,PETSA_XY_OFFLINE,81552,fixed1024,1024,BURST8,0.2336789056242219,1542.5806221701882,0.190272203099752
neso_2026_jul_aug,standard,PETSA_XY_OFFLINE,81552,fixed1024,1024,FAULT,0.1985700380497099,1310.8170462406042,0.1590353428842017
neso_2026_jul_aug,standard,PETSA_XY_OFFLINE,81552,fixed1024,1024,POINT16,0.1864399100278571,1230.7426365245472,0.1488153405124507
neso_2026_jul_aug,standard,PETSA_XY_OFFLINE,81552,fixed1024,1024,POINT4,0.1886151102461929,1245.1017490733757,0.1504824931594133
neso_2026_jul_aug,standard,PETSA_XY_OFFLINE,81552,fixed1024,1024,POINT8,0.1861518965207516,1228.8413778131658,0.1485079185705756
neso_2026_jul_aug,standard,PETSA_XY_OFFLINE,81552,fixed1024,1024,REFERENCE,0.1847980277267586,1219.9041065562856,0.1474402125711655
neso_2026_jul_aug,standard,PETSA_XY_OFFLINE,81552,fixed1024,1024,SHIFT4,0.2647765791533785,1747.86517043743,0.2120749561732289
neso_2026_jul_aug,standard,PETSA_XY_OFFLINE,81552,fixed1024,1024,SHIFT8,0.2855804913844401,1885.197685699084,0.2256443931049779
neso_2026_jul_aug,standard,PETSA_XY_OFFLINE,81552,fixed1024,1024,SHIFT_POINT,0.2581094806770239,1703.8537656071474,0.2052248445735076
neso_2026_jul_aug,standard,PETSA_XY_OFFLINE,81552,selected,768,BURST16,0.2017816770989625,1332.0179849798028,0.1620556189839504
neso_2026_jul_aug,standard,PETSA_XY_OFFLINE,81552,selected,768,BURST4,0.1959966263098353,1293.8292266845704,0.1552326914990793
neso_2026_jul_aug,standard,PETSA_XY_OFFLINE,81552,selected,768,BURST8,0.2350307757793107,1551.5046998457476,0.191403018449928
neso_2026_jul_aug,standard,PETSA_XY_OFFLINE,81552,selected,768,FAULT,0.1994208137869603,1316.433257779208,0.1597505870221413
neso_2026_jul_aug,standard,PETSA_XY_OFFLINE,81552,selected,768,POINT16,0.1874272561174335,1237.2603876287287,0.1495231552615733
neso_2026_jul_aug,standard,PETSA_XY_OFFLINE,81552,selected,768,POINT4,0.1892326349063357,1249.178204206987,0.1510597834321241
neso_2026_jul_aug,standard,PETSA_XY_OFFLINE,81552,selected,768,POINT8,0.1870559125098842,1234.8090433294124,0.1492292545061924
neso_2026_jul_aug,standard,PETSA_XY_OFFLINE,81552,selected,768,REFERENCE,0.1856397749516374,1225.4607183283026,0.1482119581497294
neso_2026_jul_aug,standard,PETSA_XY_OFFLINE,81552,selected,768,SHIFT4,0.2645482480152005,1746.357891942392,0.2118894080740906
neso_2026_jul_aug,standard,PETSA_XY_OFFLINE,81552,selected,768,SHIFT8,0.2840379753781843,1875.0151007786287,0.2243422694550138
neso_2026_jul_aug,standard,PETSA_XY_OFFLINE,81552,selected,768,SHIFT_POINT,0.2581538307113389,1704.1465327413662,0.205387125146305
neso_2026_jul_aug,standard,PLAIN,81551,fixed1024,1024,BURST16,0.2123256083881146,1401.621460931951,0.1703220625161454
neso_2026_jul_aug,standard,PLAIN,81551,fixed1024,1024,BURST4,0.2072577163795746,1368.1668708107688,0.165726147645176
neso_2026_jul_aug,standard,PLAIN,81551,fixed1024,1024,BURST8,0.244358874831871,1613.0821229414507,0.2006283104827782
neso_2026_jul_aug,standard,PLAIN,81551,fixed1024,1024,FAULT,0.2103286594585557,1388.439035612164,0.1693430632822728
neso_2026_jul_aug,standard,PLAIN,81551,fixed1024,1024,POINT16,0.2001113721487958,1320.9918290571734,0.1594492877891579
neso_2026_jul_aug,standard,PLAIN,81551,fixed1024,1024,POINT4,0.1986284444079979,1311.202603149414,0.1600660822351896
neso_2026_jul_aug,standard,PLAIN,81551,fixed1024,1024,POINT8,0.1992899405949806,1315.5693267822269,0.1598664890251898
neso_2026_jul_aug,standard,PLAIN,81551,fixed1024,1024,REFERENCE,0.1964198734845885,1296.6232011274858,0.1582795947366729
neso_2026_jul_aug,standard,PLAIN,81551,fixed1024,1024,SHIFT4,0.2646747506567637,1747.192971698553,0.2179978479750821
neso_2026_jul_aug,standard,PLAIN,81551,fixed1024,1024,SHIFT8,0.2825379153196209,1865.112779590287,0.2318609279136414
neso_2026_jul_aug,standard,PLAIN,81551,fixed1024,1024,SHIFT_POINT,0.2588674390114838,1708.8572631886989,0.2113217510310343
neso_2026_jul_aug,standard,PLAIN,81551,selected,512,BURST16,0.2120201033653917,1399.60473577326,0.1705471361050476
neso_2026_jul_aug,standard,PLAIN,81551,selected,512,BURST4,0.2072687066661136,1368.2394208041103,0.1657211065496635
neso_2026_jul_aug,standard,PLAIN,81551,selected,512,BURST8,0.2442268624964078,1612.2106721357866,0.2005486080956504
neso_2026_jul_aug,standard,PLAIN,81551,selected,512,FAULT,0.2100890065183506,1386.857018696178,0.1692611639509317
neso_2026_jul_aug,standard,PLAIN,81551,selected,512,POINT16,0.1994752442732228,1316.7925688310104,0.1591190329999671
neso_2026_jul_aug,standard,PLAIN,81551,selected,512,POINT4,0.1983987702400274,1309.686458934437,0.1598987233115343
neso_2026_jul_aug,standard,PLAIN,81551,selected,512,POINT8,0.1991443520689399,1314.608255698464,0.1597323766437273
neso_2026_jul_aug,standard,PLAIN,81551,selected,512,REFERENCE,0.1964632691566411,1296.9096682461825,0.1582273337026997
neso_2026_jul_aug,standard,PLAIN,81551,selected,512,SHIFT4,0.262125486629468,1730.3645580306732,0.2146784645102314
neso_2026_jul_aug,standard,PLAIN,81551,selected,512,SHIFT8,0.2756054092608531,1819.3493441583803,0.2226630996725784
neso_2026_jul_aug,standard,PLAIN,81551,selected,512,SHIFT_POINT,0.255385951202477,1685.874976378729,0.2079413800415545
neso_2026_jul_aug,standard,PLAIN,81552,fixed1024,1024,BURST16,0.2021298836958149,1334.316595320268,0.1617489619359831
neso_2026_jul_aug,standard,PLAIN,81552,fixed1024,1024,BURST4,0.1959310664484761,1293.3964474764737,0.1556952406117693
neso_2026_jul_aug,standard,PLAIN,81552,fixed1024,1024,BURST8,0.2349101001384353,1550.7080857710405,0.1917099758143996
neso_2026_jul_aug,standard,PLAIN,81552,fixed1024,1024,FAULT,0.1996155670852213,1317.718879445394,0.160060259288862
neso_2026_jul_aug,standard,PLAIN,81552,fixed1024,1024,POINT16,0.1887096734024926,1245.7259872436523,0.1505300600840283
neso_2026_jul_aug,standard,PLAIN,81552,fixed1024,1024,POINT4,0.1889328539062556,1247.199264942516,0.1511911510204074
neso_2026_jul_aug,standard,PLAIN,81552,fixed1024,1024,POINT8,0.1870798249198532,1234.9668959184123,0.1494861662665846
neso_2026_jul_aug,standard,PLAIN,81552,fixed1024,1024,REFERENCE,0.1855529687299527,1224.887685879794,0.1485393402791091
neso_2026_jul_aug,standard,PLAIN,81552,fixed1024,1024,SHIFT4,0.2669577915263423,1762.263970921298,0.2166187601116013
neso_2026_jul_aug,standard,PLAIN,81552,fixed1024,1024,SHIFT8,0.2912802485385222,1922.8233965585043,0.234905038811712
neso_2026_jul_aug,standard,PLAIN,81552,fixed1024,1024,SHIFT_POINT,0.2577463644763055,1701.4567327499112,0.2071486434192487
neso_2026_jul_aug,standard,PLAIN,81552,selected,1024,BURST16,0.2021298836958149,1334.316595320268,0.1617489619359831
neso_2026_jul_aug,standard,PLAIN,81552,selected,1024,BURST4,0.1959310664484761,1293.3964474764737,0.1556952406117693
neso_2026_jul_aug,standard,PLAIN,81552,selected,1024,BURST8,0.2349101001384353,1550.7080857710405,0.1917099758143996
neso_2026_jul_aug,standard,PLAIN,81552,selected,1024,FAULT,0.1996155670852213,1317.718879445394,0.160060259288862
neso_2026_jul_aug,standard,PLAIN,81552,selected,1024,POINT16,0.1887096734024926,1245.7259872436523,0.1505300600840283
neso_2026_jul_aug,standard,PLAIN,81552,selected,1024,POINT4,0.1889328539062556,1247.199264942516,0.1511911510204074
neso_2026_jul_aug,standard,PLAIN,81552,selected,1024,POINT8,0.1870798249198532,1234.9668959184123,0.1494861662665846
neso_2026_jul_aug,standard,PLAIN,81552,selected,1024,REFERENCE,0.1855529687299527,1224.887685879794,0.1485393402791091
neso_2026_jul_aug,standard,PLAIN,81552,selected,1024,SHIFT4,0.2669577915263423,1762.263970921298,0.2166187601116013
neso_2026_jul_aug,standard,PLAIN,81552,selected,1024,SHIFT8,0.2912802485385222,1922.8233965585043,0.234905038811712
neso_2026_jul_aug,standard,PLAIN,81552,selected,1024,SHIFT_POINT,0.2577463644763055,1701.4567327499112,0.2071486434192487
neso_2026_jul_aug,standard,TOKEN_GATE,81551,fixed1024,1024,BURST16,0.21224826888796,1401.1109209927645,0.1702941595302833
neso_2026_jul_aug,standard,TOKEN_GATE,81551,fixed1024,1024,BURST4,0.2072659000149381,1368.2208933049983,0.1656947846577858
neso_2026_jul_aug,standard,TOKEN_GATE,81551,fixed1024,1024,BURST8,0.2443856133935717,1613.2586317582563,0.2006102727942187
neso_2026_jul_aug,standard,TOKEN_GATE,81551,fixed1024,1024,FAULT,0.2103019315997465,1388.2625974481757,0.1693029348612493
neso_2026_jul_aug,standard,TOKEN_GATE,81551,fixed1024,1024,POINT16,0.2000134767298844,1320.3455936778676,0.1593712084759116
neso_2026_jul_aug,standard,TOKEN_GATE,81551,fixed1024,1024,POINT4,0.1985751371369628,1310.8507067593662,0.159989826435953
neso_2026_jul_aug,standard,TOKEN_GATE,81551,fixed1024,1024,POINT8,0.1993231934351621,1315.7888381958007,0.1598573572733433
neso_2026_jul_aug,standard,TOKEN_GATE,81551,fixed1024,1024,REFERENCE,0.1963700363669516,1296.2942122025922,0.1582198874339861
neso_2026_jul_aug,standard,TOKEN_GATE,81551,fixed1024,1024,SHIFT4,0.2641324787966542,1743.6132816057795,0.2173852172455668
neso_2026_jul_aug,standard,TOKEN_GATE,81551,fixed1024,1024,SHIFT8,0.2809071082282018,1854.3473602170625,0.2303566856880795
neso_2026_jul_aug,standard,TOKEN_GATE,81551,fixed1024,1024,SHIFT_POINT,0.2587822078755464,1708.2946283271929,0.2111419595059298
neso_2026_jul_aug,standard,TOKEN_GATE,81551,selected,768,BURST16,0.21302483552469,1406.2372572465376,0.1716386113483101
neso_2026_jul_aug,standard,TOKEN_GATE,81551,selected,768,BURST4,0.2079907767290279,1373.0060097434305,0.166600283060897
neso_2026_jul_aug,standard,TOKEN_GATE,81551,selected,768,BURST8,0.2454107466019077,1620.0258263327858,0.2020059503912948
neso_2026_jul_aug,standard,TOKEN_GATE,81551,selected,768,FAULT,0.2109769906127014,1392.7188531355423,0.1702550008084285
neso_2026_jul_aug,standard,TOKEN_GATE,81551,selected,768,POINT16,0.2005198330478093,1323.6881951071998,0.1601160789468543
neso_2026_jul_aug,standard,TOKEN_GATE,81551,selected,768,POINT4,0.199054131947078,1314.0126871282405,0.1606521537748398
neso_2026_jul_aug,standard,TOKEN_GATE,81551,selected,768,POINT8,0.1998616198256958,1319.3431432550603,0.160516927328375
neso_2026_jul_aug,standard,TOKEN_GATE,81551,selected,768,REFERENCE,0.1969863473696321,1300.3626556396484,0.1589151751654168
neso_2026_jul_aug,standard,TOKEN_GATE,81551,selected,768,SHIFT4,0.2623679099943067,1731.9648633041104,0.2158370769975679
neso_2026_jul_aug,standard,TOKEN_GATE,81551,selected,768,SHIFT8,0.2769453712229911,1828.1948124804685,0.2253336427105677
neso_2026_jul_aug,standard,TOKEN_GATE,81551,selected,768,SHIFT_POINT,0.2555977281022515,1687.2729756587355,0.2085705759352606
neso_2026_jul_aug,standard,TOKEN_GATE,81552,fixed1024,1024,BURST16,0.2020246601023631,1333.6219845858486,0.1615862375006965
neso_2026_jul_aug,standard,TOKEN_GATE,81552,fixed1024,1024,BURST4,0.1954967058689093,1290.5291103016243,0.1552944227376921
neso_2026_jul_aug,standard,TOKEN_GATE,81552,fixed1024,1024,BURST8,0.2344068339021841,1547.385882845792,0.1912047209477552
neso_2026_jul_aug,standard,TOKEN_GATE,81552,fixed1024,1024,FAULT,0.1992797113309566,1315.50180051399,0.1597405462528706
neso_2026_jul_aug,standard,TOKEN_GATE,81552,fixed1024,1024,POINT16,0.1884479145995367,1243.9980432683772,0.1503001012849867
neso_2026_jul_aug,standard,TOKEN_GATE,81552,fixed1024,1024,POINT4,0.1886256320150579,1245.1712062488905,0.1509203680235939
neso_2026_jul_aug,standard,TOKEN_GATE,81552,fixed1024,1024,POINT8,0.1866765214976889,1232.3045758334074,0.1491374270224991
neso_2026_jul_aug,standard,TOKEN_GATE,81552,fixed1024,1024,REFERENCE,0.1851145373462345,1221.9934761740944,0.1481943130125967
neso_2026_jul_aug,standard,TOKEN_GATE,81552,fixed1024,1024,SHIFT4,0.2677882832068868,1767.7462816581588,0.2170408665431045
neso_2026_jul_aug,standard,TOKEN_GATE,81552,fixed1024,1024,SHIFT8,0.2910451995481348,1921.2717716188736,0.2340965479329905
neso_2026_jul_aug,standard,TOKEN_GATE,81552,fixed1024,1024,SHIFT_POINT,0.2587476345245712,1708.066399847967,0.2077520019340001
neso_2026_jul_aug,standard,TOKEN_GATE,81552,selected,1024,BURST16,0.2020246601023631,1333.6219845858486,0.1615862375006965
neso_2026_jul_aug,standard,TOKEN_GATE,81552,selected,1024,BURST4,0.1954967058689093,1290.5291103016243,0.1552944227376921
neso_2026_jul_aug,standard,TOKEN_GATE,81552,selected,1024,BURST8,0.2344068339021841,1547.385882845792,0.1912047209477552
neso_2026_jul_aug,standard,TOKEN_GATE,81552,selected,1024,FAULT,0.1992797113309566,1315.50180051399,0.1597405462528706
neso_2026_jul_aug,standard,TOKEN_GATE,81552,selected,1024,POINT16,0.1884479145995367,1243.9980432683772,0.1503001012849867
neso_2026_jul_aug,standard,TOKEN_GATE,81552,selected,1024,POINT4,0.1886256320150579,1245.1712062488905,0.1509203680235939
neso_2026_jul_aug,standard,TOKEN_GATE,81552,selected,1024,POINT8,0.1866765214976889,1232.3045758334074,0.1491374270224991
neso_2026_jul_aug,standard,TOKEN_GATE,81552,selected,1024,REFERENCE,0.1851145373462345,1221.9934761740944,0.1481943130125967
neso_2026_jul_aug,standard,TOKEN_GATE,81552,selected,1024,SHIFT4,0.2677882832068868,1767.7462816581588,0.2170408665431045
neso_2026_jul_aug,standard,TOKEN_GATE,81552,selected,1024,SHIFT8,0.2910451995481348,1921.2717716188736,0.2340965479329905
neso_2026_jul_aug,standard,TOKEN_GATE,81552,selected,1024,SHIFT_POINT,0.2587476345245712,1708.066399847967,0.2077520019340001
neso_2026_jul_aug,standard,TOKEN_GATE_ENTROPY,81551,fixed1024,1024,BURST16,0.2125740786547107,1403.2616835160688,0.1704386817971033
neso_2026_jul_aug,standard,TOKEN_GATE_ENTROPY,81551,fixed1024,1024,BURST4,0.2073540732928571,1368.802950078791,0.1657467356926869
neso_2026_jul_aug,standard,TOKEN_GATE_ENTROPY,81551,fixed1024,1024,BURST8,0.2445505978074366,1614.3477405894887,0.2007546231614876
neso_2026_jul_aug,standard,TOKEN_GATE_ENTROPY,81551,fixed1024,1024,FAULT,0.2104226589444135,1389.0595528342508,0.1693476740732943
neso_2026_jul_aug,standard,TOKEN_GATE_ENTROPY,81551,fixed1024,1024,POINT16,0.2003038008637801,1322.2621054909446,0.159498783375753
neso_2026_jul_aug,standard,TOKEN_GATE_ENTROPY,81551,fixed1024,1024,POINT4,0.1985339393961368,1310.57874880704,0.1599082439832025
neso_2026_jul_aug,standard,TOKEN_GATE_ENTROPY,81551,fixed1024,1024,POINT8,0.1992194636515599,1315.1040885231712,0.1597389764295321
neso_2026_jul_aug,standard,TOKEN_GATE_ENTROPY,81551,fixed1024,1024,REFERENCE,0.1962997503524681,1295.8302343195137,0.1581365891634371
neso_2026_jul_aug,standard,TOKEN_GATE_ENTROPY,81551,fixed1024,1024,SHIFT4,0.2656406567277392,1753.5691911692118,0.2187510709392187
neso_2026_jul_aug,standard,TOKEN_GATE_ENTROPY,81551,fixed1024,1024,SHIFT8,0.2804609360755608,1851.4020515039056,0.2295691792042993
neso_2026_jul_aug,standard,TOKEN_GATE_ENTROPY,81551,fixed1024,1024,SHIFT_POINT,0.2599206112124234,1715.8095510926405,0.2122562633540013
neso_2026_jul_aug,standard,TOKEN_GATE_ENTROPY,81551,selected,768,BURST16,0.2135183504741822,1409.4950891668143,0.1719583136216383
neso_2026_jul_aug,standard,TOKEN_GATE_ENTROPY,81551,selected,768,BURST4,0.2080710831715678,1373.5361353093926,0.1666230759260019
neso_2026_jul_aug,standard,TOKEN_GATE_ENTROPY,81551,selected,768,BURST8,0.2454238043256494,1620.1120240644975,0.2020394852582706
neso_2026_jul_aug,standard,TOKEN_GATE_ENTROPY,81551,selected,768,FAULT,0.211063879519126,1393.2924314094314,0.1702828622499962
neso_2026_jul_aug,standard,TOKEN_GATE_ENTROPY,81551,selected,768,POINT16,0.2005805836055045,1324.0892267400568,0.160100625581182
neso_2026_jul_aug,standard,TOKEN_GATE_ENTROPY,81551,selected,768,POINT4,0.1989845227994225,1313.5531774347478,0.1605509346789784
neso_2026_jul_aug,standard,TOKEN_GATE_ENTROPY,81551,selected,768,POINT8,0.1998049327384298,1318.9689357410778,0.1604247384339061
neso_2026_jul_aug,standard,TOKEN_GATE_ENTROPY,81551,selected,768,REFERENCE,0.1969764541995158,1300.297348022461,0.1588975138833551
neso_2026_jul_aug,standard,TOKEN_GATE_ENTROPY,81551,selected,768,SHIFT4,0.2620313077113547,1729.7428563254618,0.215472043208608
neso_2026_jul_aug,standard,TOKEN_GATE_ENTROPY,81551,selected,768,SHIFT8,0.2750483041773812,1815.6717357581672,0.2233161113707744
neso_2026_jul_aug,standard,TOKEN_GATE_ENTROPY,81551,selected,768,SHIFT_POINT,0.254855109632699,1682.3707408689188,0.2080712799886046
neso_2026_jul_aug,standard,TOKEN_GATE_ENTROPY,81552,fixed1024,1024,BURST16,0.2014005837176283,1329.502279663086,0.1620984782716303
neso_2026_jul_aug,standard,TOKEN_GATE_ENTROPY,81552,fixed1024,1024,BURST4,0.1962688687420986,1295.626376065341,0.1555973017546219
neso_2026_jul_aug,standard,TOKEN_GATE_ENTROPY,81552,fixed1024,1024,BURST8,0.2348697438213939,1550.4416822953658,0.1911601221310761
neso_2026_jul_aug,standard,TOKEN_GATE_ENTROPY,81552,fixed1024,1024,FAULT,0.199565704726832,1317.3897238991478,0.1599522033762851
neso_2026_jul_aug,standard,TOKEN_GATE_ENTROPY,81552,fixed1024,1024,POINT16,0.1880398207858858,1241.30410045277,0.1499767478019466
neso_2026_jul_aug,standard,TOKEN_GATE_ENTROPY,81552,fixed1024,1024,POINT4,0.1891914230444173,1248.9061530373313,0.1512059375324325
neso_2026_jul_aug,standard,TOKEN_GATE_ENTROPY,81552,fixed1024,1024,POINT8,0.1876237882495684,1238.5577518809926,0.1496746327660034
neso_2026_jul_aug,standard,TOKEN_GATE_ENTROPY,81552,fixed1024,1024,REFERENCE,0.1859155113876558,1227.2809326171875,0.1484991690053487
neso_2026_jul_aug,standard,TOKEN_GATE_ENTROPY,81552,fixed1024,1024,SHIFT4,0.2690465460734508,1776.0524311172762,0.2175027045895
neso_2026_jul_aug,standard,TOKEN_GATE_ENTROPY,81552,fixed1024,1024,SHIFT8,0.2896046263434826,1911.762139996892,0.2327703727546423
neso_2026_jul_aug,standard,TOKEN_GATE_ENTROPY,81552,fixed1024,1024,SHIFT_POINT,0.2608510993977624,1721.9519670716445,0.2088387559189985
neso_2026_jul_aug,standard,TOKEN_GATE_ENTROPY,81552,selected,768,BURST16,0.2015383318643247,1330.4115941827947,0.1622110065114732
neso_2026_jul_aug,standard,TOKEN_GATE_ENTROPY,81552,selected,768,BURST4,0.19631661679961,1295.9415745128283,0.1556326813009022
neso_2026_jul_aug,standard,TOKEN_GATE_ENTROPY,81552,selected,768,BURST8,0.2342103278478405,1546.088690740412,0.1905490962666448
neso_2026_jul_aug,standard,TOKEN_GATE_ENTROPY,81552,selected,768,FAULT,0.199496665928419,1316.9339792424985,0.159881515143684
neso_2026_jul_aug,standard,TOKEN_GATE_ENTROPY,81552,selected,768,POINT16,0.1880517797751631,1241.3830451271751,0.1499864674241171
neso_2026_jul_aug,standard,TOKEN_GATE_ENTROPY,81552,selected,768,POINT4,0.1892151646984382,1249.0628784179687,0.1512214450065448
neso_2026_jul_aug,standard,TOKEN_GATE_ENTROPY,81552,selected,768,POINT8,0.1876477745851374,1238.7160924738105,0.1496883943524222
neso_2026_jul_aug,standard,TOKEN_GATE_ENTROPY,81552,selected,768,REFERENCE,0.1859540245238909,1227.5351687344637,0.1485262352861311
neso_2026_jul_aug,standard,TOKEN_GATE_ENTROPY,81552,selected,768,SHIFT4,0.2688906624523381,1775.0233991958896,0.2168960569125689
neso_2026_jul_aug,standard,TOKEN_GATE_ENTROPY,81552,selected,768,SHIFT8,0.2905570402379925,1918.0492937903937,0.2323888274936917
neso_2026_jul_aug,standard,TOKEN_GATE_ENTROPY,81552,selected,768,SHIFT_POINT,0.2607187329539515,1721.078178696511,0.2085694342515832
