building,days,episode,fit,history_std,lr,method,prediction_path,prediction_sha256,primary,raw_MAE,raw_RMSE,role,scaled_2pinball,seed,step,train_seconds,affine
Rat_education_Irma,3,Rat_education_Irma_H3,STD_Rat_education_Irma_H3_lr3e-05_seed61680,4.77629925241406,3e-05,STD,.cache/building_peft_topic_decision_20260916/fits/STD_Rat_education_Irma_H3_lr3e-05_seed61680/prediction0.npz,86dd3cb55851bea7018a044130acb3f6de18c14432c34c5505ed085895aca6d7,0.8024196410123411,2.8686000696818037,3.8325963314896034,DISCOVERY,0.4238808065115504,61680,0,0.0,
Rat_education_Irma,3,Rat_education_Irma_H3,STD_Rat_education_Irma_H3_lr3e-05_seed61680,4.77629925241406,3e-05,STD,.cache/building_peft_topic_decision_20260916/fits/STD_Rat_education_Irma_H3_lr3e-05_seed61680/prediction2.npz,fe8fb5fd38cfaff1465815cc114a44bbea2260a9fbd273eeb65ff1273809a49a,0.8026808882796306,2.86994379679362,3.8338441266170533,DISCOVERY,0.42404103908466256,61680,2,0.20732785400468856,
Rat_education_Irma,3,Rat_education_Irma_H3,STD_Rat_education_Irma_H3_lr3e-05_seed61680,4.77629925241406,3e-05,STD,.cache/building_peft_topic_decision_20260916/fits/STD_Rat_education_Irma_H3_lr3e-05_seed61680/prediction8.npz,9504a9f4c1f6c4871fbb37fa8b55f4f1d8c8d750bd67b6f4f7588cf0704ff87f,0.8030272660401994,2.871436138153076,3.8354985304559106,DISCOVERY,0.4242142371971166,61680,8,0.8179705470101908,
Rat_education_Irma,3,Rat_education_Irma_H3,STD_Rat_education_Irma_H3_lr3e-05_seed61680,4.77629925241406,3e-05,STD,.cache/building_peft_topic_decision_20260916/fits/STD_Rat_education_Irma_H3_lr3e-05_seed61680/prediction32.npz,602cdfbed0c25b9ddd92f7d52e9a2938dc90dba1f2ddd0e13eca06c5ee3997ca,0.8052253751662081,2.8811865043640137,3.845997357431191,DISCOVERY,0.42531556440450835,61680,32,3.304246021027211,
Rat_education_Irma,3,Rat_education_Irma_H3,STD_Rat_education_Irma_H3_lr3e-05_seed61680,4.77629925241406,3e-05,STD,.cache/building_peft_topic_decision_20260916/fits/STD_Rat_education_Irma_H3_lr3e-05_seed61680/prediction120.npz,1c22490a91e91ecc2b28082a5c2519dab5254029d54187699cec9b9dae431047,0.8187055473615696,2.9463761838277183,3.910382693810309,DISCOVERY,0.4308356827248695,61680,120,12.517036395118339,
Rat_education_Irma,3,Rat_education_Irma_H3,REFERENCE_Rat_education_Irma_H3,4.77629925241406,0.0,F0,.cache/building_peft_topic_decision_20260916/Rat_education_Irma_H3_F0.npz,1ce56f552ab3b8b177f606445c166dae9f8b35f08a2cc29f6c899ad9b8c68e2b,0.8024196410123411,2.8686000696818037,3.8325963314896034,DISCOVERY,0.4238808065115504,0,0,0.0,
Rat_education_Irma,3,Rat_education_Irma_H3,REFERENCE_Rat_education_Irma_H3,4.77629925241406,0.0,AFFINE,.cache/building_peft_topic_decision_20260916/Rat_education_Irma_H3_AFFINE.npz,ded812d3803e6d6be2e02a45334ffea635a25b733497f4ea47bcd7ec955ec376,0.9081410098040349,3.3148723841700503,4.337553226213561,DISCOVERY,0.5311252650639164,0,0,0.0,"{'a': 0.40150086539711877, 'b': 23.881193827863655, 'fallback': False, 'reason': None}"
Rat_education_Irma,3,Rat_education_Irma_H3,REFERENCE_Rat_education_Irma_H3,4.77629925241406,0.0,SEASONAL24,.cache/building_peft_topic_decision_20260916/Rat_education_Irma_H3_SEASONAL24.npz,6b572accdd5186fe6177a12fc185cc343358c1ad077f7abcc883066995197c48,0.8669945532660899,3.4025000000000003,4.141025436611887,DISCOVERY,0.7123716124529451,0,0,0.0,
Rat_education_Irma,3,Rat_education_Irma_H3,STD_Rat_education_Irma_H3_lr0.0001_seed61680,4.77629925241406,0.0001,STD,.cache/building_peft_topic_decision_20260916/fits/STD_Rat_education_Irma_H3_lr0.0001_seed61680/prediction0.npz,86dd3cb55851bea7018a044130acb3f6de18c14432c34c5505ed085895aca6d7,0.8024196410123411,2.8686000696818037,3.8325963314896034,DISCOVERY,0.4238808065115504,61680,0,0.0,
Rat_education_Irma,3,Rat_education_Irma_H3,STD_Rat_education_Irma_H3_lr0.0001_seed61680,4.77629925241406,0.0001,STD,.cache/building_peft_topic_decision_20260916/fits/STD_Rat_education_Irma_H3_lr0.0001_seed61680/prediction2.npz,1c02a6c605c940648e77f9b4df2c7a162ad37bfd42db5721956df794a600ae00,0.803264792498292,2.872936585744222,3.836633027900127,DISCOVERY,0.4243983415900001,61680,2,0.20169098299811594,
Rat_education_Irma,3,Rat_education_Irma_H3,STD_Rat_education_Irma_H3_lr0.0001_seed61680,4.77629925241406,0.0001,STD,.cache/building_peft_topic_decision_20260916/fits/STD_Rat_education_Irma_H3_lr0.0001_seed61680/prediction8.npz,647600eefd90358bf2235509884f819e7f8cc8c352f0a93312b4ac7bbadd3de1,0.8045401386262166,2.878373006184896,3.842724462657503,DISCOVERY,0.4250154601215561,61680,8,0.8129693970258813,
Rat_education_Irma,3,Rat_education_Irma_H3,STD_Rat_education_Irma_H3_lr0.0001_seed61680,4.77629925241406,0.0001,STD,.cache/building_peft_topic_decision_20260916/fits/STD_Rat_education_Irma_H3_lr0.0001_seed61680/prediction32.npz,60e84c1a47f27396d39dba34b1c974215a74bcda784bca9d5a3cf34b58242fd6,0.8164477233404372,2.9322112592061362,3.899598650626092,DISCOVERY,0.4304581773000194,61680,32,3.30021590605611,
Rat_education_Irma,3,Rat_education_Irma_H3,STD_Rat_education_Irma_H3_lr0.0001_seed61680,4.77629925241406,0.0001,STD,.cache/building_peft_topic_decision_20260916/fits/STD_Rat_education_Irma_H3_lr0.0001_seed61680/prediction120.npz,7cd2acb131ddeeaabf6338c43bda601c56c9ff8939311be2003305392a0e3a44,0.8314401911151313,3.0993550618489585,3.971207163250205,DISCOVERY,0.4783485492416633,61680,120,12.445219485089183,
Rat_education_Irma,14,Rat_education_Irma_H14,STD_Rat_education_Irma_H14_lr3e-05_seed61680,18.57298627832232,3e-05,STD,.cache/building_peft_topic_decision_20260916/fits/STD_Rat_education_Irma_H14_lr3e-05_seed61680/prediction0.npz,4d6bb7fb36c47930af2cc1ee25f53fade2442d70dee4996e6be508449301a7b6,0.2063532635009193,2.8686000696818037,3.8325963314896034,DISCOVERY,0.10900678807999775,61680,0,0.0,
Rat_education_Irma,14,Rat_education_Irma_H14,STD_Rat_education_Irma_H14_lr3e-05_seed61680,18.57298627832232,3e-05,STD,.cache/building_peft_topic_decision_20260916/fits/STD_Rat_education_Irma_H14_lr3e-05_seed61680/prediction13.npz,3dc10cd63fc6e3e167a49c342b05dcbefa4f02af191b55801d2dde25fa6ad6ae,0.20636832448801332,2.8685644658406577,3.832876058996239,DISCOVERY,0.10901733888812572,61680,13,1.358303690009052,
Rat_education_Irma,14,Rat_education_Irma_H14,STD_Rat_education_Irma_H14_lr3e-05_seed61680,18.57298627832232,3e-05,STD,.cache/building_peft_topic_decision_20260916/fits/STD_Rat_education_Irma_H14_lr3e-05_seed61680/prediction52.npz,97101dbc3f58c1766d398ecf162c332f89eb1183f1b77867289706f1b7b7276d,0.2065385037663149,2.870776036580404,3.8360367963969892,DISCOVERY,0.10910621114951237,61680,52,5.406770910019986,
Rat_education_Irma,14,Rat_education_Irma_H14,STD_Rat_education_Irma_H14_lr3e-05_seed61680,18.57298627832232,3e-05,STD,.cache/building_peft_topic_decision_20260916/fits/STD_Rat_education_Irma_H14_lr3e-05_seed61680/prediction120.npz,e959b0fc9253ecf24cb75dda21c138130177e4cbe44323905079ac9e7ecb1827,0.20705745636259754,2.8752104632059736,3.845675295846846,DISCOVERY,0.1093575595150745,61680,120,12.455271775019355,
Rat_education_Irma,14,Rat_education_Irma_H14,STD_Rat_education_Irma_H14_lr3e-05_seed61680,18.57298627832232,3e-05,STD,.cache/building_peft_topic_decision_20260916/fits/STD_Rat_education_Irma_H14_lr3e-05_seed61680/prediction208.npz,9621f1d9ab4e0f7f88cc17b0aa9ae6d20c7639d3f8c139fabf7eac23dfc728ff,0.20785294766325607,2.8798767916361494,3.860449944858502,DISCOVERY,0.10979306535789576,61680,208,21.605304469994735,
Rat_education_Irma,14,Rat_education_Irma_H14,REFERENCE_Rat_education_Irma_H14,18.57298627832232,0.0,F0,.cache/building_peft_topic_decision_20260916/Rat_education_Irma_H14_F0.npz,1ce56f552ab3b8b177f606445c166dae9f8b35f08a2cc29f6c899ad9b8c68e2b,0.2063532635009193,2.8686000696818037,3.8325963314896034,DISCOVERY,0.10900678807999775,0,0,0.0,
Rat_education_Irma,14,Rat_education_Irma_H14,REFERENCE_Rat_education_Irma_H14,18.57298627832232,0.0,AFFINE,.cache/building_peft_topic_decision_20260916/Rat_education_Irma_H14_AFFINE.npz,c806bcc45dfde30e5fa4e68b87e7de2f219a08486ec1cda21cd73b147646f1a7,0.154397703486426,2.459385820095866,2.8676264282578683,DISCOVERY,0.09065391362589585,0,0,0.0,"{'a': 0.7197897009086396, 'b': 15.208868733328892, 'fallback': False, 'reason': None}"
Rat_education_Irma,14,Rat_education_Irma_H14,REFERENCE_Rat_education_Irma_H14,18.57298627832232,0.0,SEASONAL24,.cache/building_peft_topic_decision_20260916/Rat_education_Irma_H14_SEASONAL24.npz,6b572accdd5186fe6177a12fc185cc343358c1ad077f7abcc883066995197c48,0.22295959166486512,3.4025000000000003,4.141025436611887,DISCOVERY,0.18319617260317844,0,0,0.0,
Rat_education_Irma,14,Rat_education_Irma_H14,STD_Rat_education_Irma_H14_lr0.0001_seed61680,18.57298627832232,0.0001,STD,.cache/building_peft_topic_decision_20260916/fits/STD_Rat_education_Irma_H14_lr0.0001_seed61680/prediction0.npz,4d6bb7fb36c47930af2cc1ee25f53fade2442d70dee4996e6be508449301a7b6,0.2063532635009193,2.8686000696818037,3.8325963314896034,DISCOVERY,0.10900678807999775,61680,0,0.0,
Rat_education_Irma,14,Rat_education_Irma_H14,STD_Rat_education_Irma_H14_lr0.0001_seed61680,18.57298627832232,0.0001,STD,.cache/building_peft_topic_decision_20260916/fits/STD_Rat_education_Irma_H14_lr0.0001_seed61680/prediction13.npz,281c9cf4d17c08d2b35996f2e38f5d72fa97d6b4396fdb7fb53b50f8de9d1a62,0.2063926220141337,2.867926616668701,3.83332733661547,DISCOVERY,0.10903076541889486,61680,13,1.3243754919676576,
Rat_education_Irma,14,Rat_education_Irma_H14,STD_Rat_education_Irma_H14_lr0.0001_seed61680,18.57298627832232,0.0001,STD,.cache/building_peft_topic_decision_20260916/fits/STD_Rat_education_Irma_H14_lr0.0001_seed61680/prediction52.npz,29cbead451d088cac6b87c8c29c1288ad88f722b281ad94340745862ad36a7fa,0.2074368639297539,2.8803458404541016,3.8527220273855334,DISCOVERY,0.10958580639775778,61680,52,5.381406254018657,
Rat_education_Irma,14,Rat_education_Irma_H14,STD_Rat_education_Irma_H14_lr0.0001_seed61680,18.57298627832232,0.0001,STD,.cache/building_peft_topic_decision_20260916/fits/STD_Rat_education_Irma_H14_lr0.0001_seed61680/prediction120.npz,e8dbda5fcee471f6b93839a5d338afd1344274db9a1d5711cdd8212ce79cc33f,0.2081254786651203,2.8668395868937178,3.8655116594165437,DISCOVERY,0.11021971540651455,61680,120,12.528863659070339,
Rat_education_Irma,14,Rat_education_Irma_H14,STD_Rat_education_Irma_H14_lr0.0001_seed61680,18.57298627832232,0.0001,STD,.cache/building_peft_topic_decision_20260916/fits/STD_Rat_education_Irma_H14_lr0.0001_seed61680/prediction208.npz,9c4481a836fb805d52916d278a9ae80abdc62df8cac284db25c1f8116af4f5e3,0.19758182699292204,2.682297795613607,3.6696845615853952,DISCOVERY,0.10456507778589925,61680,208,21.726622160174884,
Rat_public_Chrissy,3,Rat_public_Chrissy_H3,STD_Rat_public_Chrissy_H3_lr3e-05_seed61680,3.4340901016701486,3e-05,STD,.cache/building_peft_topic_decision_20260916/fits/STD_Rat_public_Chrissy_H3_lr3e-05_seed61680/prediction0.npz,83d8eb4c7cc6b2ee5befbc6416a248c17be287a168039288226aafb5bf6233b1,2.0846520157876363,6.961251958211263,7.158882852843044,DISCOVERY,1.340979672584703,61680,0,0.0,
Rat_public_Chrissy,3,Rat_public_Chrissy_H3,STD_Rat_public_Chrissy_H3_lr3e-05_seed61680,3.4340901016701486,3e-05,STD,.cache/building_peft_topic_decision_20260916/fits/STD_Rat_public_Chrissy_H3_lr3e-05_seed61680/prediction2.npz,ba3e0c06787a371e2413b2c3dd01d67f1cc684d9022448361fabe2656ec39580,2.0854064222818476,6.963883304595947,7.1614735527174505,DISCOVERY,1.3415381635086612,61680,2,0.215802510996582,
Rat_public_Chrissy,3,Rat_public_Chrissy_H3,STD_Rat_public_Chrissy_H3_lr3e-05_seed61680,3.4340901016701486,3e-05,STD,.cache/building_peft_topic_decision_20260916/fits/STD_Rat_public_Chrissy_H3_lr3e-05_seed61680/prediction8.npz,fc2f0784d021cd3d4dbf2195ff61ef96b5a510e2ac09f506569d90eef3207f7a,2.0879482717226283,6.972708288828532,7.170202492721971,DISCOVERY,1.343382518541986,61680,8,0.8359209180052858,
Rat_public_Chrissy,3,Rat_public_Chrissy_H3,STD_Rat_public_Chrissy_H3_lr3e-05_seed61680,3.4340901016701486,3e-05,STD,.cache/building_peft_topic_decision_20260916/fits/STD_Rat_public_Chrissy_H3_lr3e-05_seed61680/prediction32.npz,926465ef40452744df295b67cac7a5dce71630f8cfb69963e38acc75d8fc2a81,2.103256135193251,7.026084327697753,7.222771075144155,DISCOVERY,1.354429920003776,61680,32,3.337823996989755,
Rat_public_Chrissy,3,Rat_public_Chrissy_H3,STD_Rat_public_Chrissy_H3_lr3e-05_seed61680,3.4340901016701486,3e-05,STD,.cache/building_peft_topic_decision_20260916/fits/STD_Rat_public_Chrissy_H3_lr3e-05_seed61680/prediction120.npz,7b1dade484b2e3eccfb51084cb6bb90fb65a15b1a24ea19c82509b561ce9f4be,2.2787440165782127,7.641560935974121,7.825412271571317,DISCOVERY,1.4972742949618425,61680,120,12.542994059127523,
Rat_public_Chrissy,3,Rat_public_Chrissy_H3,REFERENCE_Rat_public_Chrissy_H3,3.4340901016701486,0.0,F0,.cache/building_peft_topic_decision_20260916/Rat_public_Chrissy_H3_F0.npz,5b681976f15d699f4e91cbd24a187ece51f0f4538bd49d961a042b56dd734da4,2.0846520157876363,6.961251958211263,7.158882852843044,DISCOVERY,1.340979672584703,0,0,0.0,
Rat_public_Chrissy,3,Rat_public_Chrissy_H3,REFERENCE_Rat_public_Chrissy_H3,3.4340901016701486,0.0,AFFINE,.cache/building_peft_topic_decision_20260916/Rat_public_Chrissy_H3_AFFINE.npz,87e5c7ee4ee7b449c375ef4874a7f7d7d5b0ea43671902d2947e19be63853bd8,1.9877598016174935,6.555941246020827,6.826146259232453,DISCOVERY,1.6565379335901715,0,0,0.0,"{'a': 0.23263671983457535, 'b': 31.260666970282674, 'fallback': False, 'reason': None}"
Rat_public_Chrissy,3,Rat_public_Chrissy_H3,REFERENCE_Rat_public_Chrissy_H3,3.4340901016701486,0.0,SEASONAL24,.cache/building_peft_topic_decision_20260916/Rat_public_Chrissy_H3_SEASONAL24.npz,8a2b2aab6b5aedeec971532f6eae01bf3def046b4b6470010751e164d3f53703,1.987671863008317,6.254166666666666,6.825844270125125,DISCOVERY,1.8212005164410194,0,0,0.0,
Rat_public_Chrissy,3,Rat_public_Chrissy_H3,STD_Rat_public_Chrissy_H3_lr0.0001_seed61680,3.4340901016701486,0.0001,STD,.cache/building_peft_topic_decision_20260916/fits/STD_Rat_public_Chrissy_H3_lr0.0001_seed61680/prediction0.npz,83d8eb4c7cc6b2ee5befbc6416a248c17be287a168039288226aafb5bf6233b1,2.0846520157876363,6.961251958211263,7.158882852843044,DISCOVERY,1.340979672584703,61680,0,0.0,
Rat_public_Chrissy,3,Rat_public_Chrissy_H3,STD_Rat_public_Chrissy_H3_lr0.0001_seed61680,3.4340901016701486,0.0001,STD,.cache/building_peft_topic_decision_20260916/fits/STD_Rat_public_Chrissy_H3_lr0.0001_seed61680/prediction2.npz,9f1850b036a68f0ebb52f78dde2b15d8212871fb90a18057000dde1329bf0da0,2.0872547416300558,6.970335706075033,7.167820847895857,DISCOVERY,1.3429026383132374,61680,2,0.20641405702917837,
Rat_public_Chrissy,3,Rat_public_Chrissy_H3,STD_Rat_public_Chrissy_H3_lr0.0001_seed61680,3.4340901016701486,0.0001,STD,.cache/building_peft_topic_decision_20260916/fits/STD_Rat_public_Chrissy_H3_lr0.0001_seed61680/prediction8.npz,f988fa6f9e027508c779228da4a0f873caaabcf053505d9a07ecb1344b44fde1,2.0978851002363688,7.0073368390401205,7.204326457163001,DISCOVERY,1.3505770314762562,61680,8,0.8193945370148867,
Rat_public_Chrissy,3,Rat_public_Chrissy_H3,STD_Rat_public_Chrissy_H3_lr0.0001_seed61680,3.4340901016701486,0.0001,STD,.cache/building_peft_topic_decision_20260916/fits/STD_Rat_public_Chrissy_H3_lr0.0001_seed61680/prediction32.npz,459578015c13298b8d19342a013242d60f7ce66264d6471a93cbfffec0869d82,2.211441571385112,7.404134019215902,7.594289610715491,DISCOVERY,1.4383660645288106,61680,32,3.2915158609685022,
Rat_public_Chrissy,3,Rat_public_Chrissy_H3,STD_Rat_public_Chrissy_H3_lr0.0001_seed61680,3.4340901016701486,0.0001,STD,.cache/building_peft_topic_decision_20260916/fits/STD_Rat_public_Chrissy_H3_lr0.0001_seed61680/prediction120.npz,5e7d782baa3a37fa0e4ccd34e224a5bc56e0c8e078079c3f40b108a2e7b545b1,2.604046265765617,8.768734359741211,8.942529505556818,DISCOVERY,2.044865146250081,61680,120,12.499970509845298,
Rat_public_Chrissy,14,Rat_public_Chrissy_H14,STD_Rat_public_Chrissy_H14_lr3e-05_seed61680,5.196224046781694,3e-05,STD,.cache/building_peft_topic_decision_20260916/fits/STD_Rat_public_Chrissy_H14_lr3e-05_seed61680/prediction0.npz,e39922ad4b88d7df51e3b5450113d57ed9257f3f34d101d3893cf336f5e1adcd,1.37770865697697,6.961251958211263,7.158882852843044,DISCOVERY,0.8862291115057215,61680,0,0.0,
Rat_public_Chrissy,14,Rat_public_Chrissy_H14,STD_Rat_public_Chrissy_H14_lr3e-05_seed61680,5.196224046781694,3e-05,STD,.cache/building_peft_topic_decision_20260916/fits/STD_Rat_public_Chrissy_H14_lr3e-05_seed61680/prediction13.npz,15d4a5f1ebc9567c32aa9af68064717daaac5d30f5454cba36d1640e406781b6,1.3780081699678435,6.962758604685465,7.160439189448544,DISCOVERY,0.8866457537875613,61680,13,1.3473398899368476,
Rat_public_Chrissy,14,Rat_public_Chrissy_H14,STD_Rat_public_Chrissy_H14_lr3e-05_seed61680,5.196224046781694,3e-05,STD,.cache/building_peft_topic_decision_20260916/fits/STD_Rat_public_Chrissy_H14_lr3e-05_seed61680/prediction52.npz,4fceaefdf511ff97eca8317cfc9f94ad14972982e7a1d4b4f0a5944af8eab545,1.3777790326028285,6.961796983083089,7.159248540362437,DISCOVERY,0.8876819106548547,61680,52,5.423788167972816,
Rat_public_Chrissy,14,Rat_public_Chrissy_H14,STD_Rat_public_Chrissy_H14_lr3e-05_seed61680,5.196224046781694,3e-05,STD,.cache/building_peft_topic_decision_20260916/fits/STD_Rat_public_Chrissy_H14_lr3e-05_seed61680/prediction120.npz,554219f66f024abafd300ca8c02756d58f9d9ed11456bf7a46c22d78d479f9b4,1.3776791023946022,6.962309741973876,7.1587292806114515,DISCOVERY,0.8918499524309885,61680,120,12.531257976865163,
Rat_public_Chrissy,14,Rat_public_Chrissy_H14,STD_Rat_public_Chrissy_H14_lr3e-05_seed61680,5.196224046781694,3e-05,STD,.cache/building_peft_topic_decision_20260916/fits/STD_Rat_public_Chrissy_H14_lr3e-05_seed61680/prediction208.npz,3dc89407091658cfd22e8b2675d27230559f77c90ee1c638799da60e47281129,1.3758676928952636,6.954595470428466,7.149316791012419,DISCOVERY,0.9010566105128883,61680,208,21.683786033769138,
Rat_public_Chrissy,14,Rat_public_Chrissy_H14,REFERENCE_Rat_public_Chrissy_H14,5.196224046781694,0.0,F0,.cache/building_peft_topic_decision_20260916/Rat_public_Chrissy_H14_F0.npz,5b681976f15d699f4e91cbd24a187ece51f0f4538bd49d961a042b56dd734da4,1.37770865697697,6.961251958211263,7.158882852843044,DISCOVERY,0.8862291115057215,0,0,0.0,
Rat_public_Chrissy,14,Rat_public_Chrissy_H14,REFERENCE_Rat_public_Chrissy_H14,5.196224046781694,0.0,AFFINE,.cache/building_peft_topic_decision_20260916/Rat_public_Chrissy_H14_AFFINE.npz,889c45d9b175b35c71c06916b3c4e5580d504dbaacb788f4fd147fe49256ef0e,1.0334591720232942,5.075682769999243,5.37008540103454,DISCOVERY,0.6682461627091695,0,0,0.0,"{'a': 0.6575815817134528, 'b': 15.654070442645526, 'fallback': False, 'reason': None}"
Rat_public_Chrissy,14,Rat_public_Chrissy_H14,REFERENCE_Rat_public_Chrissy_H14,5.196224046781694,0.0,SEASONAL24,.cache/building_peft_topic_decision_20260916/Rat_public_Chrissy_H14_SEASONAL24.npz,8a2b2aab6b5aedeec971532f6eae01bf3def046b4b6470010751e164d3f53703,1.3136162353031609,6.254166666666666,6.825844270125125,DISCOVERY,1.203598345714176,0,0,0.0,
Rat_public_Chrissy,14,Rat_public_Chrissy_H14,STD_Rat_public_Chrissy_H14_lr0.0001_seed61680,5.196224046781694,0.0001,STD,.cache/building_peft_topic_decision_20260916/fits/STD_Rat_public_Chrissy_H14_lr0.0001_seed61680/prediction0.npz,e39922ad4b88d7df51e3b5450113d57ed9257f3f34d101d3893cf336f5e1adcd,1.37770865697697,6.961251958211263,7.158882852843044,DISCOVERY,0.8862291115057215,61680,0,0.0,
Rat_public_Chrissy,14,Rat_public_Chrissy_H14,STD_Rat_public_Chrissy_H14_lr0.0001_seed61680,5.196224046781694,0.0001,STD,.cache/building_peft_topic_decision_20260916/fits/STD_Rat_public_Chrissy_H14_lr0.0001_seed61680/prediction13.npz,9cce537fdfb78e72da358204c5df04cd0dbeb08f6bb8cf17013f3bff90a2cd65,1.3786506780827679,6.965958182017008,7.163777805565567,DISCOVERY,0.8875955624649062,61680,13,1.358877693011891,
Rat_public_Chrissy,14,Rat_public_Chrissy_H14,STD_Rat_public_Chrissy_H14_lr0.0001_seed61680,5.196224046781694,0.0001,STD,.cache/building_peft_topic_decision_20260916/fits/STD_Rat_public_Chrissy_H14_lr0.0001_seed61680/prediction52.npz,befdd6dcc2d3a2a7ecb4569a35063c6715e9d7aecf38313f959f8ab889881fc2,1.3780022334000295,6.9639103253682455,7.160408341712114,DISCOVERY,0.893850711280943,61680,52,5.440745519881602,
Rat_public_Chrissy,14,Rat_public_Chrissy_H14,STD_Rat_public_Chrissy_H14_lr0.0001_seed61680,5.196224046781694,0.0001,STD,.cache/building_peft_topic_decision_20260916/fits/STD_Rat_public_Chrissy_H14_lr0.0001_seed61680/prediction120.npz,8bd8573e0bb4894eb63639e8f28ffa4f87a2d31cad3243ecb32f2b48f5e7010d,1.3741664779602383,6.949065589904785,7.140476897058297,DISCOVERY,0.9265612119133932,61680,120,12.549922352831345,
Rat_public_Chrissy,14,Rat_public_Chrissy_H14,STD_Rat_public_Chrissy_H14_lr0.0001_seed61680,5.196224046781694,0.0001,STD,.cache/building_peft_topic_decision_20260916/fits/STD_Rat_public_Chrissy_H14_lr0.0001_seed61680/prediction208.npz,5332acaa05e4cc2cea2e4c33e4fdbf064464c0338a81805711d0654ff9714ada,1.3619826931081644,6.878672663370768,7.0771672212291366,DISCOVERY,0.9637035836193993,61680,208,21.73168815174722,
Panther_education_Neal,3,Panther_education_Neal_H3,STD_Panther_education_Neal_H3_lr3e-05_seed61680,97.62911623803248,3e-05,STD,.cache/building_peft_topic_decision_20260916/fits/STD_Panther_education_Neal_H3_lr3e-05_seed61680/prediction0.npz,a63c523485410e0b3858603138c5d1378c527a592f1a66feb12f4a1c214d99d4,0.6208022537928127,44.70124154917399,60.60837539637106,DISCOVERY,0.3526491668316677,61680,0,0.0,
Panther_education_Neal,3,Panther_education_Neal_H3,STD_Panther_education_Neal_H3_lr3e-05_seed61680,97.62911623803248,3e-05,STD,.cache/building_peft_topic_decision_20260916/fits/STD_Panther_education_Neal_H3_lr3e-05_seed61680/prediction2.npz,6ebdeeeee0cc08f5ec54f72ea77abc1280e7e90f0f67abcce1bf67ce76624fe9,0.6207535150021121,44.7004010442098,60.603617071308435,DISCOVERY,0.35266992611835485,61680,2,0.2083462150185369,
Panther_education_Neal,3,Panther_education_Neal_H3,STD_Panther_education_Neal_H3_lr3e-05_seed61680,97.62911623803248,3e-05,STD,.cache/building_peft_topic_decision_20260916/fits/STD_Panther_education_Neal_H3_lr3e-05_seed61680/prediction8.npz,0732e86908ad9d3ca23d898db4af8495e7c8e9bf1e7681d42457654580d34cba,0.6208460000174473,44.71390348307292,60.61264630162088,DISCOVERY,0.35276801926512563,61680,8,0.8319542280223686,
Panther_education_Neal,3,Panther_education_Neal_H3,STD_Panther_education_Neal_H3_lr3e-05_seed61680,97.62911623803248,3e-05,STD,.cache/building_peft_topic_decision_20260916/fits/STD_Panther_education_Neal_H3_lr3e-05_seed61680/prediction32.npz,87306c8f4405d8eca2c951736ef6f7c8fc2a6adebccefaac22f4451549c36d93,0.6213473031065644,44.786282913208005,60.66158807917877,DISCOVERY,0.3533973544866054,61680,32,3.3181734430545475,
Panther_education_Neal,3,Panther_education_Neal_H3,STD_Panther_education_Neal_H3_lr3e-05_seed61680,97.62911623803248,3e-05,STD,.cache/building_peft_topic_decision_20260916/fits/STD_Panther_education_Neal_H3_lr3e-05_seed61680/prediction120.npz,3ffc2e71db33b1a361e0b4468a25154b2e7fa2a5ab158b38789d01854702bb2e,0.6317986117537064,45.971483009847,61.68194010593016,DISCOVERY,0.35762073768298547,61680,120,12.523609805939486,
Panther_education_Neal,3,Panther_education_Neal_H3,REFERENCE_Panther_education_Neal_H3,97.62911623803248,0.0,F0,.cache/building_peft_topic_decision_20260916/Panther_education_Neal_H3_F0.npz,765713a7a302c7172bb2139174e3d43c58573a3e9fafcd703816f27a1a040df3,0.6208022537928127,44.70124154917399,60.60837539637106,DISCOVERY,0.3526491668316677,0,0,0.0,
Panther_education_Neal,3,Panther_education_Neal_H3,REFERENCE_Panther_education_Neal_H3,97.62911623803248,0.0,AFFINE,.cache/building_peft_topic_decision_20260916/Panther_education_Neal_H3_AFFINE.npz,fdb24f05e3f6c44135affeefa09f50830b4730f18a7f7b638cfdc13059e14038,0.8496199127667514,76.892515198716,82.94764122165219,DISCOVERY,0.7369007834591346,0,0,0.0,"{'a': 0.09268966451699939, 'b': 201.3094806599945, 'fallback': False, 'reason': None}"
Panther_education_Neal,3,Panther_education_Neal_H3,REFERENCE_Panther_education_Neal_H3,97.62911623803248,0.0,SEASONAL24,.cache/building_peft_topic_decision_20260916/Panther_education_Neal_H3_SEASONAL24.npz,b4c67c51c3bf61b5e0668ea232504bff4e83f595a74a0de398947c01caf9c9ac,0.7656946522156077,60.4741625,74.75409220399742,DISCOVERY,0.6194275317678399,0,0,0.0,
Panther_education_Neal,3,Panther_education_Neal_H3,STD_Panther_education_Neal_H3_lr0.0001_seed61680,97.62911623803248,0.0001,STD,.cache/building_peft_topic_decision_20260916/fits/STD_Panther_education_Neal_H3_lr0.0001_seed61680/prediction0.npz,a63c523485410e0b3858603138c5d1378c527a592f1a66feb12f4a1c214d99d4,0.6208022537928127,44.70124154917399,60.60837539637106,DISCOVERY,0.3526491668316677,61680,0,0.0,
Panther_education_Neal,3,Panther_education_Neal_H3,STD_Panther_education_Neal_H3_lr0.0001_seed61680,97.62911623803248,0.0001,STD,.cache/building_peft_topic_decision_20260916/fits/STD_Panther_education_Neal_H3_lr0.0001_seed61680/prediction2.npz,82fd5fffb8c56622a4394b4dc76d6b37aee90a4739eb14f4378b7c09d0d264a0,0.6206474578096489,44.69885068766276,60.59326280133757,DISCOVERY,0.35272114864665116,61680,2,0.2078968670393806,
Panther_education_Neal,3,Panther_education_Neal_H3,STD_Panther_education_Neal_H3_lr0.0001_seed61680,97.62911623803248,0.0001,STD,.cache/building_peft_topic_decision_20260916/fits/STD_Panther_education_Neal_H3_lr0.0001_seed61680/prediction8.npz,d34af05e3e9fd9211b7bfab4e2cc80d8315b16ba4766e337d4cafc1c6f99d39c,0.6210386957300321,44.75322697194417,60.63145901374339,DISCOVERY,0.35314630734917535,61680,8,0.8494737930595875,
Panther_education_Neal,3,Panther_education_Neal_H3,STD_Panther_education_Neal_H3_lr0.0001_seed61680,97.62911623803248,0.0001,STD,.cache/building_peft_topic_decision_20260916/fits/STD_Panther_education_Neal_H3_lr0.0001_seed61680/prediction32.npz,747ff8cbde830ebe8dcd7a7973565bb19fb1fa02084791fa30dada1da48b0400,0.6260515280255327,45.31228520253499,61.12085740060258,DISCOVERY,0.3568812489074546,61680,32,3.327807246998418,
Panther_education_Neal,3,Panther_education_Neal_H3,STD_Panther_education_Neal_H3_lr0.0001_seed61680,97.62911623803248,0.0001,STD,.cache/building_peft_topic_decision_20260916/fits/STD_Panther_education_Neal_H3_lr0.0001_seed61680/prediction120.npz,ccd34765aec0ef08670aa4d536d8f2e2d51bebc7170e23655960513461d8f485,0.762025304989265,56.799317602030435,74.3958570771191,DISCOVERY,0.37840734796530767,61680,120,12.507707352080615,
Panther_education_Neal,14,Panther_education_Neal_H14,STD_Panther_education_Neal_H14_lr3e-05_seed61680,98.54736968525586,3e-05,STD,.cache/building_peft_topic_decision_20260916/fits/STD_Panther_education_Neal_H14_lr3e-05_seed61680/prediction0.npz,a8742db3174cddfa078bd6dfb6c88853f452c9c4228b1acc9d9ba14a64592493,0.6150176873309179,44.70124154917399,60.60837539637106,DISCOVERY,0.34936322105617046,61680,0,0.0,
Panther_education_Neal,14,Panther_education_Neal_H14,STD_Panther_education_Neal_H14_lr3e-05_seed61680,98.54736968525586,3e-05,STD,.cache/building_peft_topic_decision_20260916/fits/STD_Panther_education_Neal_H14_lr3e-05_seed61680/prediction13.npz,50e8301b7d00ff6ce0e1101c925c83589388f445f39961d25e01ed2fdc55b977,0.6178131049165295,44.8563281077067,60.883856446604995,DISCOVERY,0.34935787253857953,61680,13,1.3388180610490963,
Panther_education_Neal,14,Panther_education_Neal_H14,STD_Panther_education_Neal_H14_lr3e-05_seed61680,98.54736968525586,3e-05,STD,.cache/building_peft_topic_decision_20260916/fits/STD_Panther_education_Neal_H14_lr3e-05_seed61680/prediction52.npz,a701e888c2531d0c45123b18bfd4cfbe69724314441c7721fbe7c5095c077041,0.6332090769459486,46.156975525410964,62.40108899385202,DISCOVERY,0.34975411433595605,61680,52,5.358079199009808,
Panther_education_Neal,14,Panther_education_Neal_H14,STD_Panther_education_Neal_H14_lr3e-05_seed61680,98.54736968525586,3e-05,STD,.cache/building_peft_topic_decision_20260916/fits/STD_Panther_education_Neal_H14_lr3e-05_seed61680/prediction120.npz,68a271a84be2d354414a649075d12b23ec550ee39c2736061162205040394243,0.6822209135118386,51.08653035939534,67.23107657086412,DISCOVERY,0.35811449376736,61680,120,12.642472962033935,
Panther_education_Neal,14,Panther_education_Neal_H14,STD_Panther_education_Neal_H14_lr3e-05_seed61680,98.54736968525586,3e-05,STD,.cache/building_peft_topic_decision_20260916/fits/STD_Panther_education_Neal_H14_lr3e-05_seed61680/prediction208.npz,39ca7565a824dbca8e45f92ab815bacd22852b12a58ac55f639ae261616cd2bf,0.7511221422124276,57.73474247436523,74.02111142738943,DISCOVERY,0.3812363861505097,61680,208,21.98706132202642,
Panther_education_Neal,14,Panther_education_Neal_H14,REFERENCE_Panther_education_Neal_H14,98.54736968525586,0.0,F0,.cache/building_peft_topic_decision_20260916/Panther_education_Neal_H14_F0.npz,765713a7a302c7172bb2139174e3d43c58573a3e9fafcd703816f27a1a040df3,0.6150176873309179,44.70124154917399,60.60837539637106,DISCOVERY,0.34936322105617046,0,0,0.0,
Panther_education_Neal,14,Panther_education_Neal_H14,REFERENCE_Panther_education_Neal_H14,98.54736968525586,0.0,AFFINE,.cache/building_peft_topic_decision_20260916/Panther_education_Neal_H14_AFFINE.npz,5f434e0198fd0dc575699370ef330d1857587b26323e843e11d4231156b6a016,0.729256261035354,57.820716398148626,71.86628635153848,DISCOVERY,0.41942625350004187,0,0,0.0,"{'a': 0.5835433266092364, 'b': 79.33432640892423, 'fallback': False, 'reason': None}"
Panther_education_Neal,14,Panther_education_Neal_H14,REFERENCE_Panther_education_Neal_H14,98.54736968525586,0.0,SEASONAL24,.cache/building_peft_topic_decision_20260916/Panther_education_Neal_H14_SEASONAL24.npz,b4c67c51c3bf61b5e0668ea232504bff4e83f595a74a0de398947c01caf9c9ac,0.758559994475243,60.4741625,74.75409220399742,DISCOVERY,0.6136557748131133,0,0,0.0,
Panther_education_Neal,14,Panther_education_Neal_H14,STD_Panther_education_Neal_H14_lr0.0001_seed61680,98.54736968525586,0.0001,STD,.cache/building_peft_topic_decision_20260916/fits/STD_Panther_education_Neal_H14_lr0.0001_seed61680/prediction0.npz,a8742db3174cddfa078bd6dfb6c88853f452c9c4228b1acc9d9ba14a64592493,0.6150176873309179,44.70124154917399,60.60837539637106,DISCOVERY,0.34936322105617046,61680,0,0.0,
Panther_education_Neal,14,Panther_education_Neal_H14,STD_Panther_education_Neal_H14_lr0.0001_seed61680,98.54736968525586,0.0001,STD,.cache/building_peft_topic_decision_20260916/fits/STD_Panther_education_Neal_H14_lr0.0001_seed61680/prediction13.npz,ff27532cecebf8c0d4fb7d6870c3181b62f116bfa27c9ada63fbee1b7ed9e87e,0.6269896520092211,45.64543797353108,61.788181025382634,DISCOVERY,0.3496036985809287,61680,13,1.3331675689842086,
Panther_education_Neal,14,Panther_education_Neal_H14,STD_Panther_education_Neal_H14_lr0.0001_seed61680,98.54736968525586,0.0001,STD,.cache/building_peft_topic_decision_20260916/fits/STD_Panther_education_Neal_H14_lr0.0001_seed61680/prediction52.npz,cfb504f73d9d06265bd41273d70bb5c4a4974132c8c8b2cb95f5e8deca73b6ee,0.7156976905651694,54.72081819356282,70.5301248950096,DISCOVERY,0.3676480915868736,61680,52,5.437530377152143,
Panther_education_Neal,14,Panther_education_Neal_H14,STD_Panther_education_Neal_H14_lr0.0001_seed61680,98.54736968525586,0.0001,STD,.cache/building_peft_topic_decision_20260916/fits/STD_Panther_education_Neal_H14_lr0.0001_seed61680/prediction120.npz,a0526ee2ce47428c888c6f95065a58a75a10e0f148ae506c2053b8a8a792a937,0.8289551130937352,62.75468984425862,81.6913459825314,DISCOVERY,0.4345201839463701,61680,120,12.577493049087934,
Panther_education_Neal,14,Panther_education_Neal_H14,STD_Panther_education_Neal_H14_lr0.0001_seed61680,98.54736968525586,0.0001,STD,.cache/building_peft_topic_decision_20260916/fits/STD_Panther_education_Neal_H14_lr0.0001_seed61680/prediction208.npz,437cf6b23e20cee6300c06a0a24d5616f499a1d6e06e424bee920afd856889bc,0.9197787710938404,65.48131878814696,90.64177858363502,DISCOVERY,0.5140251761207943,61680,208,21.79191491511301,
Rat_lodging_Jeannette,3,Rat_lodging_Jeannette_H3,STD_Rat_lodging_Jeannette_H3_lr3e-05_seed61680,1.367050984806978,3e-05,STD,.cache/building_peft_topic_decision_20260916/fits/STD_Rat_lodging_Jeannette_H3_lr3e-05_seed61680/prediction0.npz,ab6f40d2152fa575b509a90827feb06462fd2e770d243b880fbd6445cadc9614,1.8279029410493945,2.120924271345139,2.4988365156931462,DISCOVERY,1.2102859066843175,61680,0,0.0,
Rat_lodging_Jeannette,3,Rat_lodging_Jeannette_H3,STD_Rat_lodging_Jeannette_H3_lr3e-05_seed61680,1.367050984806978,3e-05,STD,.cache/building_peft_topic_decision_20260916/fits/STD_Rat_lodging_Jeannette_H3_lr3e-05_seed61680/prediction2.npz,37162b038c4abdc795c835d5b5effd7b5d252ec599e0b002d07dd051c5745e19,1.828330989960268,2.121596581935883,2.4994216803783016,DISCOVERY,1.2106459460753178,61680,2,0.20959769299952313,
Rat_lodging_Jeannette,3,Rat_lodging_Jeannette_H3,STD_Rat_lodging_Jeannette_H3_lr3e-05_seed61680,1.367050984806978,3e-05,STD,.cache/building_peft_topic_decision_20260916/fits/STD_Rat_lodging_Jeannette_H3_lr3e-05_seed61680/prediction8.npz,79670404774daf8d96b72901940467e2e821eaf5a8038ef06a208d9ba6cd4685,1.8303135977568856,2.124621199766795,2.5021320063191537,DISCOVERY,1.2122033825137726,61680,8,0.8316084289981518,
Rat_lodging_Jeannette,3,Rat_lodging_Jeannette_H3,STD_Rat_lodging_Jeannette_H3_lr3e-05_seed61680,1.367050984806978,3e-05,STD,.cache/building_peft_topic_decision_20260916/fits/STD_Rat_lodging_Jeannette_H3_lr3e-05_seed61680/prediction32.npz,057c94d9381b2dd15d281bccc716db5f1ac97396dd3ab20ab6046449ac40a6ba,1.8414094256089635,2.141403950452805,2.5173005687115855,DISCOVERY,1.2207167198643214,61680,32,3.3243157820252236,
Rat_lodging_Jeannette,3,Rat_lodging_Jeannette_H3,STD_Rat_lodging_Jeannette_H3_lr3e-05_seed61680,1.367050984806978,3e-05,STD,.cache/building_peft_topic_decision_20260916/fits/STD_Rat_lodging_Jeannette_H3_lr3e-05_seed61680/prediction120.npz,0c3f998b60751928f8957231d8fe0fea171f30ad515b0b96f11b3c901060690c,1.944181008917078,2.2914252104361856,2.6577945628831157,DISCOVERY,1.3013998941426637,61680,120,12.610045419249218,
Rat_lodging_Jeannette,3,Rat_lodging_Jeannette_H3,REFERENCE_Rat_lodging_Jeannette_H3,1.367050984806978,0.0,F0,.cache/building_peft_topic_decision_20260916/Rat_lodging_Jeannette_H3_F0.npz,ab1c266db3630365bff22b93cf2758dd23059fec81dc086f058e71bfa2a7c38c,1.8279029410493945,2.120924271345139,2.4988365156931462,DISCOVERY,1.2102859066843175,0,0,0.0,
Rat_lodging_Jeannette,3,Rat_lodging_Jeannette_H3,REFERENCE_Rat_lodging_Jeannette_H3,1.367050984806978,0.0,AFFINE,.cache/building_peft_topic_decision_20260916/Rat_lodging_Jeannette_H3_AFFINE.npz,08d0c52ee09dac15870cd8d92ba7f94193b0b7feaf292be8d531032bc6ad2652,2.0195337665015742,2.401528562104748,2.7608056243469226,DISCOVERY,1.4415858690097552,0,0,0.0,"{'a': 0.7547774555853821, 'b': 0.2995290788506684, 'fallback': False, 'reason': None}"
Rat_lodging_Jeannette,3,Rat_lodging_Jeannette_H3,REFERENCE_Rat_lodging_Jeannette_H3,1.367050984806978,0.0,SEASONAL24,.cache/building_peft_topic_decision_20260916/Rat_lodging_Jeannette_H3_SEASONAL24.npz,a6f9d9a2b8b482b3ba6a263e70125e1e2b5d6254e1fbac203db33439a211fb00,1.9744582259164558,2.3266666666666667,2.6991850621993296,DISCOVERY,1.7019604188319153,0,0,0.0,
Rat_lodging_Jeannette,3,Rat_lodging_Jeannette_H3,STD_Rat_lodging_Jeannette_H3_lr0.0001_seed61680,1.367050984806978,0.0001,STD,.cache/building_peft_topic_decision_20260916/fits/STD_Rat_lodging_Jeannette_H3_lr0.0001_seed61680/prediction0.npz,ab6f40d2152fa575b509a90827feb06462fd2e770d243b880fbd6445cadc9614,1.8279029410493945,2.120924271345139,2.4988365156931462,DISCOVERY,1.2102859066843175,61680,0,0.0,
Rat_lodging_Jeannette,3,Rat_lodging_Jeannette_H3,STD_Rat_lodging_Jeannette_H3_lr0.0001_seed61680,1.367050984806978,0.0001,STD,.cache/building_peft_topic_decision_20260916/fits/STD_Rat_lodging_Jeannette_H3_lr0.0001_seed61680/prediction2.npz,4846e302a1547bfe0d1dbdf43d7f7885987674259ce8b5469c6c0109b4c8367b,1.8293774855431315,2.1232328784465793,2.500852293195451,DISCOVERY,1.2115203038896998,61680,2,0.21727739297784865,
Rat_lodging_Jeannette,3,Rat_lodging_Jeannette_H3,STD_Rat_lodging_Jeannette_H3_lr0.0001_seed61680,1.367050984806978,0.0001,STD,.cache/building_peft_topic_decision_20260916/fits/STD_Rat_lodging_Jeannette_H3_lr0.0001_seed61680/prediction8.npz,ceb556611d98c0ba62d347af961cca8707f927ea3ee3df01dfd4b799bf285d37,1.8373056692022476,2.1352506649494174,2.5116905244743766,DISCOVERY,1.2176223458195865,61680,8,0.851086918002693,
Rat_lodging_Jeannette,3,Rat_lodging_Jeannette_H3,STD_Rat_lodging_Jeannette_H3_lr0.0001_seed61680,1.367050984806978,0.0001,STD,.cache/building_peft_topic_decision_20260916/fits/STD_Rat_lodging_Jeannette_H3_lr0.0001_seed61680/prediction32.npz,52f612c5f25b70b46fd4b3a33359d4832c5079320e9566a7a3574fd273e5c8f4,1.9089500897669356,2.2413177313407266,2.6096321001632585,DISCOVERY,1.273246405235735,61680,32,3.357125039998209,
Rat_lodging_Jeannette,3,Rat_lodging_Jeannette_H3,STD_Rat_lodging_Jeannette_H3_lr0.0001_seed61680,1.367050984806978,0.0001,STD,.cache/building_peft_topic_decision_20260916/fits/STD_Rat_lodging_Jeannette_H3_lr0.0001_seed61680/prediction120.npz,d58da77b040857a1c671e7b886e8f9ae8097162aa62931174045c6c997403934,2.36418824883048,2.76993398586909,3.2319658738327925,DISCOVERY,1.6432371226706208,61680,120,12.495253229019,
Rat_lodging_Jeannette,14,Rat_lodging_Jeannette_H14,STD_Rat_lodging_Jeannette_H14_lr3e-05_seed61680,2.147012479012177,3e-05,STD,.cache/building_peft_topic_decision_20260916/fits/STD_Rat_lodging_Jeannette_H14_lr3e-05_seed61680/prediction0.npz,aecebe81b565c64013bd4ae648c0b9df50d03e2069ce87ed5b295a2130627581,1.1638667870448711,2.120924271345139,2.4988365156931462,DISCOVERY,0.7706161733126184,61680,0,0.0,
Rat_lodging_Jeannette,14,Rat_lodging_Jeannette_H14,STD_Rat_lodging_Jeannette_H14_lr3e-05_seed61680,2.147012479012177,3e-05,STD,.cache/building_peft_topic_decision_20260916/fits/STD_Rat_lodging_Jeannette_H14_lr3e-05_seed61680/prediction13.npz,7707b4a0e67f026a91e39113ac561e576e229960ae517e4d60044e1db4a3e636,1.1649617076467615,2.123082416454951,2.501187323888933,DISCOVERY,0.7714629358692192,61680,13,1.343843797018053,
Rat_lodging_Jeannette,14,Rat_lodging_Jeannette_H14,STD_Rat_lodging_Jeannette_H14_lr3e-05_seed61680,2.147012479012177,3e-05,STD,.cache/building_peft_topic_decision_20260916/fits/STD_Rat_lodging_Jeannette_H14_lr3e-05_seed61680/prediction52.npz,125c9a76d24afe33c39b6303bda0983082d187ef4c64e18ad66fead3f2944f70,1.1672353630148653,2.1278601757685345,2.5060688903372244,DISCOVERY,0.7737279691103508,61680,52,5.45134186805808,
Rat_lodging_Jeannette,14,Rat_lodging_Jeannette_H14,STD_Rat_lodging_Jeannette_H14_lr3e-05_seed61680,2.147012479012177,3e-05,STD,.cache/building_peft_topic_decision_20260916/fits/STD_Rat_lodging_Jeannette_H14_lr3e-05_seed61680/prediction120.npz,486be7627e1f1b148b505f2d72f3ac5a51c83c1a6e0fdfad52b89fe8ed325d14,1.1741828358962367,2.141756939093272,2.520985201311128,DISCOVERY,0.7806046006029781,61680,120,12.629616024030838,
Rat_lodging_Jeannette,14,Rat_lodging_Jeannette_H14,STD_Rat_lodging_Jeannette_H14_lr3e-05_seed61680,2.147012479012177,3e-05,STD,.cache/building_peft_topic_decision_20260916/fits/STD_Rat_lodging_Jeannette_H14_lr3e-05_seed61680/prediction208.npz,ac9c82d0e8b84a6ca89303f51b5158b6d0f54b61498cd7ba138d174f170d924f,1.1898247552458692,2.1726773651440943,2.5545685973504906,DISCOVERY,0.7967028244325517,61680,208,21.883840509981383,
Rat_lodging_Jeannette,14,Rat_lodging_Jeannette_H14,REFERENCE_Rat_lodging_Jeannette_H14,2.147012479012177,0.0,F0,.cache/building_peft_topic_decision_20260916/Rat_lodging_Jeannette_H14_F0.npz,ab1c266db3630365bff22b93cf2758dd23059fec81dc086f058e71bfa2a7c38c,1.1638667870448711,2.120924271345139,2.4988365156931462,DISCOVERY,0.7706161733126184,0,0,0.0,
Rat_lodging_Jeannette,14,Rat_lodging_Jeannette_H14,REFERENCE_Rat_lodging_Jeannette_H14,2.147012479012177,0.0,AFFINE,.cache/building_peft_topic_decision_20260916/Rat_lodging_Jeannette_H14_AFFINE.npz,e0aedb24b6195d7308e2504b6971af90ce6c0907b6f8a81c63d74a027bf1b679,0.9593911433154398,1.7320405186835952,2.0598247569520094,DISCOVERY,0.6353574529733476,0,0,0.0,"{'a': 0.7209419351753943, 'b': 1.2407515405212615, 'fallback': False, 'reason': None}"
Rat_lodging_Jeannette,14,Rat_lodging_Jeannette_H14,REFERENCE_Rat_lodging_Jeannette_H14,2.147012479012177,0.0,SEASONAL24,.cache/building_peft_topic_decision_20260916/Rat_lodging_Jeannette_H14_SEASONAL24.npz,a6f9d9a2b8b482b3ba6a263e70125e1e2b5d6254e1fbac203db33439a211fb00,1.2571818229213099,2.3266666666666667,2.6991850621993296,DISCOVERY,1.0836763593182033,0,0,0.0,
Rat_lodging_Jeannette,14,Rat_lodging_Jeannette_H14,STD_Rat_lodging_Jeannette_H14_lr0.0001_seed61680,2.147012479012177,0.0001,STD,.cache/building_peft_topic_decision_20260916/fits/STD_Rat_lodging_Jeannette_H14_lr0.0001_seed61680/prediction0.npz,aecebe81b565c64013bd4ae648c0b9df50d03e2069ce87ed5b295a2130627581,1.1638667870448711,2.120924271345139,2.4988365156931462,DISCOVERY,0.7706161733126184,61680,0,0.0,
Rat_lodging_Jeannette,14,Rat_lodging_Jeannette_H14,STD_Rat_lodging_Jeannette_H14_lr0.0001_seed61680,2.147012479012177,0.0001,STD,.cache/building_peft_topic_decision_20260916/fits/STD_Rat_lodging_Jeannette_H14_lr0.0001_seed61680/prediction13.npz,d950bc7d793d60e202a0e34f834ff1dd90b7612e140911f080f4f7502ac61cc9,1.167599975422427,2.128266639709473,2.506851717726262,DISCOVERY,0.7734710106291285,61680,13,1.4473415709508117,
Rat_lodging_Jeannette,14,Rat_lodging_Jeannette_H14,STD_Rat_lodging_Jeannette_H14_lr0.0001_seed61680,2.147012479012177,0.0001,STD,.cache/building_peft_topic_decision_20260916/fits/STD_Rat_lodging_Jeannette_H14_lr0.0001_seed61680/prediction52.npz,0caa43fbe48265fc9e5a69f5a2c72dad6d0f408c9900051ba8415cd51c0c18ac,1.1799598090678536,2.1536296379566195,2.5333884348015077,DISCOVERY,0.7857604816513054,61680,52,5.639571253967006,
Rat_lodging_Jeannette,14,Rat_lodging_Jeannette_H14,STD_Rat_lodging_Jeannette_H14_lr0.0001_seed61680,2.147012479012177,0.0001,STD,.cache/building_peft_topic_decision_20260916/fits/STD_Rat_lodging_Jeannette_H14_lr0.0001_seed61680/prediction120.npz,9edcd289d656337d6999c0ce87d98c4e6df691cfcc10f70d62f4c95ddb45de7e,1.2188817923177768,2.226511873006821,2.616954418546996,DISCOVERY,0.8297137547924139,61680,120,12.890331482776674,
Rat_lodging_Jeannette,14,Rat_lodging_Jeannette_H14,STD_Rat_lodging_Jeannette_H14_lr0.0001_seed61680,2.147012479012177,0.0001,STD,.cache/building_peft_topic_decision_20260916/fits/STD_Rat_lodging_Jeannette_H14_lr0.0001_seed61680/prediction208.npz,ab69147bae8da073a7fe206ebcee2fe33751ddba1119a385522936665686c859,1.2013898617315215,2.170275090535482,2.579399025296291,DISCOVERY,0.8604933491168892,61680,208,22.073395250801696,
Rat_education_Irma,3,Rat_education_Irma_H3,SIMPLE_Rat_education_Irma_H3_lr3e-05_seed61680,4.77629925241406,3e-05,SIMPLE,.cache/building_peft_topic_decision_20260916/fits/SIMPLE_Rat_education_Irma_H3_lr3e-05_seed61680/prediction0.npz,86dd3cb55851bea7018a044130acb3f6de18c14432c34c5505ed085895aca6d7,0.8024196410123411,2.8686000696818037,3.8325963314896034,DISCOVERY,0.4238808065115504,61680,0,0.0,
Rat_education_Irma,3,Rat_education_Irma_H3,SIMPLE_Rat_education_Irma_H3_lr3e-05_seed61680,4.77629925241406,3e-05,SIMPLE,.cache/building_peft_topic_decision_20260916/fits/SIMPLE_Rat_education_Irma_H3_lr3e-05_seed61680/prediction2.npz,5e2b1b6fc7625e3e7ab3863fe2d6573c72f86260c8d1abfe99373d9b609af38c,0.8026808790749405,2.869943478902181,3.833844082652699,DISCOVERY,0.4240408980493,61680,2,0.20298119701328687,
Rat_education_Irma,3,Rat_education_Irma_H3,SIMPLE_Rat_education_Irma_H3_lr3e-05_seed61680,4.77629925241406,3e-05,SIMPLE,.cache/building_peft_topic_decision_20260916/fits/SIMPLE_Rat_education_Irma_H3_lr3e-05_seed61680/prediction8.npz,1c23a439e824e244b5bde091e62df8e6482b2b706d3d4c03ea8c2374f2ce350d,0.8030242167051779,2.8713930638631187,3.835483965919327,DISCOVERY,0.4242106415877062,61680,8,0.8273623420391232,
Rat_education_Irma,3,Rat_education_Irma_H3,SIMPLE_Rat_education_Irma_H3_lr3e-05_seed61680,4.77629925241406,3e-05,SIMPLE,.cache/building_peft_topic_decision_20260916/fits/SIMPLE_Rat_education_Irma_H3_lr3e-05_seed61680/prediction32.npz,55fbb08c099375addb262ef32979b4325e3e5e1210f77b8d2f068930abe54e3b,0.8050897345087632,2.879816074371338,3.8453494970604396,DISCOVERY,0.42519928875068924,61680,32,3.3488182001165114,
Rat_education_Irma,3,Rat_education_Irma_H3,SIMPLE_Rat_education_Irma_H3_lr3e-05_seed61680,4.77629925241406,3e-05,SIMPLE,.cache/building_peft_topic_decision_20260916/fits/SIMPLE_Rat_education_Irma_H3_lr3e-05_seed61680/prediction120.npz,2dc8b337d806aa72c990fc8a2cbb29799b3ef7caddcd68b01afa59ea789d6cff,0.8183987980940042,2.936839122772217,3.9089175675129577,DISCOVERY,0.43195548250634236,61680,120,12.714272961107781,
Rat_education_Irma,3,Rat_education_Irma_H3,CANDIDATE_Rat_education_Irma_H3_lr3e-05_seed61680,4.77629925241406,3e-05,CANDIDATE,.cache/building_peft_topic_decision_20260916/fits/CANDIDATE_Rat_education_Irma_H3_lr3e-05_seed61680/prediction0.npz,86dd3cb55851bea7018a044130acb3f6de18c14432c34c5505ed085895aca6d7,0.8024196410123411,2.8686000696818037,3.8325963314896034,DISCOVERY,0.4238808065115504,61680,0,0.0,
Rat_education_Irma,3,Rat_education_Irma_H3,CANDIDATE_Rat_education_Irma_H3_lr3e-05_seed61680,4.77629925241406,3e-05,CANDIDATE,.cache/building_peft_topic_decision_20260916/fits/CANDIDATE_Rat_education_Irma_H3_lr3e-05_seed61680/prediction2.npz,b26bee936500cfb8cb4bd9d510adc634e6144565fe4a7da8e4e406545abd807b,0.802680803838919,2.869943161010742,3.833843723302946,DISCOVERY,0.42404077577639476,61680,2,0.21036268401076086,
Rat_education_Irma,3,Rat_education_Irma_H3,CANDIDATE_Rat_education_Irma_H3_lr3e-05_seed61680,4.77629925241406,3e-05,CANDIDATE,.cache/building_peft_topic_decision_20260916/fits/CANDIDATE_Rat_education_Irma_H3_lr3e-05_seed61680/prediction8.npz,1ab4757ffc76e31d20ac5ba3d60114735410571e528554ab0ba3e11047d690b0,0.8030266295820782,2.871403872172038,3.8354954905414624,DISCOVERY,0.4242128182070565,61680,8,0.8342630880069919,
Rat_education_Irma,3,Rat_education_Irma_H3,CANDIDATE_Rat_education_Irma_H3_lr3e-05_seed61680,4.77629925241406,3e-05,CANDIDATE,.cache/building_peft_topic_decision_20260916/fits/CANDIDATE_Rat_education_Irma_H3_lr3e-05_seed61680/prediction32.npz,c8b2082b1a9feeb214fa1e222fc966bc9cac0b6274b2f847d8311569fc638f4c,0.8052153128248021,2.8807211112976074,3.8459492966774556,DISCOVERY,0.4253543388605559,61680,32,3.3505919929302763,
Rat_education_Irma,3,Rat_education_Irma_H3,CANDIDATE_Rat_education_Irma_H3_lr3e-05_seed61680,4.77629925241406,3e-05,CANDIDATE,.cache/building_peft_topic_decision_20260916/fits/CANDIDATE_Rat_education_Irma_H3_lr3e-05_seed61680/prediction120.npz,4aa2e97552d3b46af9bcee7eaa1d27348897ad3d86cd2b5f70090459edba2595,0.8178464392997569,2.934673487345378,3.90627933661693,DISCOVERY,0.43150845170286384,61680,120,12.57940302696079,
Rat_education_Irma,3,Rat_education_Irma_H3,SIMPLE_Rat_education_Irma_H3_lr0.0001_seed61680,4.77629925241406,0.0001,SIMPLE,.cache/building_peft_topic_decision_20260916/fits/SIMPLE_Rat_education_Irma_H3_lr0.0001_seed61680/prediction0.npz,86dd3cb55851bea7018a044130acb3f6de18c14432c34c5505ed085895aca6d7,0.8024196410123411,2.8686000696818037,3.8325963314896034,DISCOVERY,0.4238808065115504,61680,0,0.0,
Rat_education_Irma,3,Rat_education_Irma_H3,SIMPLE_Rat_education_Irma_H3_lr0.0001_seed61680,4.77629925241406,0.0001,SIMPLE,.cache/building_peft_topic_decision_20260916/fits/SIMPLE_Rat_education_Irma_H3_lr0.0001_seed61680/prediction2.npz,724cbbc5f3022106fee0502f81d8da7ca2a396848e766ed3697a4e65e7ac9503,0.8032636196344032,2.8729283205668135,3.8366274259512116,DISCOVERY,0.42439683877105583,61680,2,0.21004056799574755,
Rat_education_Irma,3,Rat_education_Irma_H3,SIMPLE_Rat_education_Irma_H3_lr0.0001_seed61680,4.77629925241406,0.0001,SIMPLE,.cache/building_peft_topic_decision_20260916/fits/SIMPLE_Rat_education_Irma_H3_lr0.0001_seed61680/prediction8.npz,781b0ff65770790b0e22d80a016425ff3274061d78d79547dfe722f067abbf88,0.8044959598588477,2.8778607241312666,3.842513451643946,DISCOVERY,0.4249702873348184,61680,8,0.827039488038281,
Rat_education_Irma,3,Rat_education_Irma_H3,SIMPLE_Rat_education_Irma_H3_lr0.0001_seed61680,4.77629925241406,0.0001,SIMPLE,.cache/building_peft_topic_decision_20260916/fits/SIMPLE_Rat_education_Irma_H3_lr0.0001_seed61680/prediction32.npz,e10ed40f884be8bc37602193b628568fd25420d29773c40ca2eadd4bcbc2ca1b,0.8162391691093559,2.9312486839294434,3.89860253320809,DISCOVERY,0.4311579007346429,61680,32,3.360551062040031,
Rat_education_Irma,3,Rat_education_Irma_H3,SIMPLE_Rat_education_Irma_H3_lr0.0001_seed61680,4.77629925241406,0.0001,SIMPLE,.cache/building_peft_topic_decision_20260916/fits/SIMPLE_Rat_education_Irma_H3_lr0.0001_seed61680/prediction120.npz,cff96865690ea8bbe60cddbe3d25b6303e930e7d57e63511422d068c42cf9833,0.8282953133247914,2.9849457931518555,3.9561862858112713,DISCOVERY,0.43715385669574813,61680,120,12.668790361116407,
Rat_education_Irma,3,Rat_education_Irma_H3,CANDIDATE_Rat_education_Irma_H3_lr0.0001_seed61680,4.77629925241406,0.0001,CANDIDATE,.cache/building_peft_topic_decision_20260916/fits/CANDIDATE_Rat_education_Irma_H3_lr0.0001_seed61680/prediction0.npz,86dd3cb55851bea7018a044130acb3f6de18c14432c34c5505ed085895aca6d7,0.8024196410123411,2.8686000696818037,3.8325963314896034,DISCOVERY,0.4238808065115504,61680,0,0.0,
Rat_education_Irma,3,Rat_education_Irma_H3,CANDIDATE_Rat_education_Irma_H3_lr0.0001_seed61680,4.77629925241406,0.0001,CANDIDATE,.cache/building_peft_topic_decision_20260916/fits/CANDIDATE_Rat_education_Irma_H3_lr0.0001_seed61680/prediction2.npz,1a1e1c627afb426a4069c661467103740506db37a8228a9946c0f543923dff2c,0.8032635127382903,2.8729254595438642,3.836626915383388,DISCOVERY,0.4243959475067982,61680,2,0.21143002598546445,
Rat_education_Irma,3,Rat_education_Irma_H3,CANDIDATE_Rat_education_Irma_H3_lr0.0001_seed61680,4.77629925241406,0.0001,CANDIDATE,.cache/building_peft_topic_decision_20260916/fits/CANDIDATE_Rat_education_Irma_H3_lr0.0001_seed61680/prediction8.npz,837b657f4de7fa2f362e9cd5c92b36180fdd58ba47d66c19204c9982f665e1fe,0.8045282986014971,2.8780215771993003,3.8426679111562865,DISCOVERY,0.4250018826947474,61680,8,0.843237293040147,
Rat_education_Irma,3,Rat_education_Irma_H3,CANDIDATE_Rat_education_Irma_H3_lr0.0001_seed61680,4.77629925241406,0.0001,CANDIDATE,.cache/building_peft_topic_decision_20260916/fits/CANDIDATE_Rat_education_Irma_H3_lr0.0001_seed61680/prediction32.npz,82c085d319885907fcc4409fb4447806fe0be3af65ef50fe4881fe392fb56522,0.8181541510167192,2.9432357343037925,3.907749059860616,DISCOVERY,0.43278181262524884,61680,32,3.401443225942785,
Rat_education_Irma,3,Rat_education_Irma_H3,CANDIDATE_Rat_education_Irma_H3_lr0.0001_seed61680,4.77629925241406,0.0001,CANDIDATE,.cache/building_peft_topic_decision_20260916/fits/CANDIDATE_Rat_education_Irma_H3_lr0.0001_seed61680/prediction120.npz,c609224844df5c9f1a4d0b829501b66ca605d8cd6d912bfdff66c1fdc9b78e7a,0.8209961162285695,2.9498181533813477,3.9213231361773633,DISCOVERY,0.432294100123915,61680,120,12.716375596966827,
Rat_education_Irma,14,Rat_education_Irma_H14,SIMPLE_Rat_education_Irma_H14_lr3e-05_seed61680,18.57298627832232,3e-05,SIMPLE,.cache/building_peft_topic_decision_20260916/fits/SIMPLE_Rat_education_Irma_H14_lr3e-05_seed61680/prediction0.npz,4d6bb7fb36c47930af2cc1ee25f53fade2442d70dee4996e6be508449301a7b6,0.2063532635009193,2.8686000696818037,3.8325963314896034,DISCOVERY,0.10900678807999775,61680,0,0.0,
Rat_education_Irma,14,Rat_education_Irma_H14,SIMPLE_Rat_education_Irma_H14_lr3e-05_seed61680,18.57298627832232,3e-05,SIMPLE,.cache/building_peft_topic_decision_20260916/fits/SIMPLE_Rat_education_Irma_H14_lr3e-05_seed61680/prediction13.npz,ba08e0547f069eca272d88ae2bc145972fd35f540f529ae1004a3555d97a654c,0.2063680676072081,2.8685600153605146,3.832871287952569,DISCOVERY,0.10901723407017776,61680,13,1.3693095209891908,
Rat_education_Irma,14,Rat_education_Irma_H14,SIMPLE_Rat_education_Irma_H14_lr3e-05_seed61680,18.57298627832232,3e-05,SIMPLE,.cache/building_peft_topic_decision_20260916/fits/SIMPLE_Rat_education_Irma_H14_lr3e-05_seed61680/prediction52.npz,791c09e310a86936742c1db55125163a447c3ad76ec6eeb040236b3d17407bed,0.2065330748869168,2.8706795565287275,3.8359359658944214,DISCOVERY,0.10910340857244664,61680,52,5.4369418291025795,
Rat_education_Irma,14,Rat_education_Irma_H14,SIMPLE_Rat_education_Irma_H14_lr3e-05_seed61680,18.57298627832232,3e-05,SIMPLE,.cache/building_peft_topic_decision_20260916/fits/SIMPLE_Rat_education_Irma_H14_lr3e-05_seed61680/prediction120.npz,9fe57a6f6ec9f3facb063550fc4e6ef224a5106db7667d0437b6c003a801981a,0.2069713525016739,2.873646755218506,3.844076090019401,DISCOVERY,0.10930821047045676,61680,120,12.620663271052763,
Rat_education_Irma,14,Rat_education_Irma_H14,SIMPLE_Rat_education_Irma_H14_lr3e-05_seed61680,18.57298627832232,3e-05,SIMPLE,.cache/building_peft_topic_decision_20260916/fits/SIMPLE_Rat_education_Irma_H14_lr3e-05_seed61680/prediction208.npz,f1a238b9e94821fede1b85394dc36af31576be1a769160b3d42785cd9678851d,0.20715356676409527,2.8690244547526045,3.8474603530150677,DISCOVERY,0.10937673751965245,61680,208,21.943746222095797,
Rat_education_Irma,14,Rat_education_Irma_H14,CANDIDATE_Rat_education_Irma_H14_lr3e-05_seed61680,18.57298627832232,3e-05,CANDIDATE,.cache/building_peft_topic_decision_20260916/fits/CANDIDATE_Rat_education_Irma_H14_lr3e-05_seed61680/prediction0.npz,4d6bb7fb36c47930af2cc1ee25f53fade2442d70dee4996e6be508449301a7b6,0.2063532635009193,2.8686000696818037,3.8325963314896034,DISCOVERY,0.10900678807999775,61680,0,0.0,
Rat_education_Irma,14,Rat_education_Irma_H14,CANDIDATE_Rat_education_Irma_H14_lr3e-05_seed61680,18.57298627832232,3e-05,CANDIDATE,.cache/building_peft_topic_decision_20260916/fits/CANDIDATE_Rat_education_Irma_H14_lr3e-05_seed61680/prediction13.npz,f16caff3916375edd6579d25036c5f54afb59b472e62b683ea9ade3879661e49,0.2063680587667215,2.8685600153605146,3.8328711237583324,DISCOVERY,0.10901723265608704,61680,13,1.351442810962908,
Rat_education_Irma,14,Rat_education_Irma_H14,CANDIDATE_Rat_education_Irma_H14_lr3e-05_seed61680,18.57298627832232,3e-05,CANDIDATE,.cache/building_peft_topic_decision_20260916/fits/CANDIDATE_Rat_education_Irma_H14_lr3e-05_seed61680/prediction52.npz,17e97496fb4a42b921ce59dd7bce22e10b5d0f19f491bb35bd6945a9286a3936,0.20653305237712086,2.8706789207458496,3.83593554782029,DISCOVERY,0.10910338834320621,61680,52,5.472571657970548,
Rat_education_Irma,14,Rat_education_Irma_H14,CANDIDATE_Rat_education_Irma_H14_lr3e-05_seed61680,18.57298627832232,3e-05,CANDIDATE,.cache/building_peft_topic_decision_20260916/fits/CANDIDATE_Rat_education_Irma_H14_lr3e-05_seed61680/prediction120.npz,b74d306df34c6827467e099193624ed9aba4230d3e33eb0e4dc87a912b43ac31,0.20697054218146527,2.873628158569336,3.844061039953285,DISCOVERY,0.10930778052574378,61680,120,12.611292199086165,
Rat_education_Irma,14,Rat_education_Irma_H14,CANDIDATE_Rat_education_Irma_H14_lr3e-05_seed61680,18.57298627832232,3e-05,CANDIDATE,.cache/building_peft_topic_decision_20260916/fits/CANDIDATE_Rat_education_Irma_H14_lr3e-05_seed61680/prediction208.npz,3b2a532198f7c6431c772edbeb68ab5ee16e942587fa9a1501027ed70bb4350a,0.2071465316176549,2.86891414642334,3.847329689336765,DISCOVERY,0.10937334424795056,61680,208,21.906731429044157,
Rat_education_Irma,14,Rat_education_Irma_H14,SIMPLE_Rat_education_Irma_H14_lr0.0001_seed61680,18.57298627832232,0.0001,SIMPLE,.cache/building_peft_topic_decision_20260916/fits/SIMPLE_Rat_education_Irma_H14_lr0.0001_seed61680/prediction0.npz,4d6bb7fb36c47930af2cc1ee25f53fade2442d70dee4996e6be508449301a7b6,0.2063532635009193,2.8686000696818037,3.8325963314896034,DISCOVERY,0.10900678807999775,61680,0,0.0,
Rat_education_Irma,14,Rat_education_Irma_H14,SIMPLE_Rat_education_Irma_H14_lr0.0001_seed61680,18.57298627832232,0.0001,SIMPLE,.cache/building_peft_topic_decision_20260916/fits/SIMPLE_Rat_education_Irma_H14_lr0.0001_seed61680/prediction13.npz,96a25e1728de036d46553d0bf019712ed2adc04f200e0725d7bdbf32b0bd2627,0.20638962684042236,2.8678735287984214,3.833271707295228,DISCOVERY,0.10902936657751328,61680,13,1.3609661640657578,
Rat_education_Irma,14,Rat_education_Irma_H14,SIMPLE_Rat_education_Irma_H14_lr0.0001_seed61680,18.57298627832232,0.0001,SIMPLE,.cache/building_peft_topic_decision_20260916/fits/SIMPLE_Rat_education_Irma_H14_lr0.0001_seed61680/prediction52.npz,34677542e9fde39125141ffde342639a8391791958f2c9ae7f4b04c0cca68dd9,0.2072708889849894,2.877553323109945,3.849639377013877,DISCOVERY,0.10949361141434907,61680,52,5.472036232094979,
Rat_education_Irma,14,Rat_education_Irma_H14,SIMPLE_Rat_education_Irma_H14_lr0.0001_seed61680,18.57298627832232,0.0001,SIMPLE,.cache/building_peft_topic_decision_20260916/fits/SIMPLE_Rat_education_Irma_H14_lr0.0001_seed61680/prediction120.npz,239d1d048ae25878362b87830fd1621e044d5e47283d4474c214a78a84c97bfe,0.20664993968530943,2.8444245847066245,3.8381064941913867,DISCOVERY,0.10917985461129309,61680,120,12.700003609061241,
Rat_education_Irma,14,Rat_education_Irma_H14,SIMPLE_Rat_education_Irma_H14_lr0.0001_seed61680,18.57298627832232,0.0001,SIMPLE,.cache/building_peft_topic_decision_20260916/fits/SIMPLE_Rat_education_Irma_H14_lr0.0001_seed61680/prediction208.npz,5e5739a085a1a58962b7ad5a24b48881c4ac5a7f13492ef79632962246f2dfd9,0.19365340820488755,2.586244672139486,3.5967220933397273,DISCOVERY,0.10168697561710566,61680,208,22.063656340062153,
Rat_education_Irma,14,Rat_education_Irma_H14,CANDIDATE_Rat_education_Irma_H14_lr0.0001_seed61680,18.57298627832232,0.0001,CANDIDATE,.cache/building_peft_topic_decision_20260916/fits/CANDIDATE_Rat_education_Irma_H14_lr0.0001_seed61680/prediction0.npz,4d6bb7fb36c47930af2cc1ee25f53fade2442d70dee4996e6be508449301a7b6,0.2063532635009193,2.8686000696818037,3.8325963314896034,DISCOVERY,0.10900678807999775,61680,0,0.0,
Rat_education_Irma,14,Rat_education_Irma_H14,CANDIDATE_Rat_education_Irma_H14_lr0.0001_seed61680,18.57298627832232,0.0001,CANDIDATE,.cache/building_peft_topic_decision_20260916/fits/CANDIDATE_Rat_education_Irma_H14_lr0.0001_seed61680/prediction13.npz,b59ba2073bb48c80dd20ef5e52dc4d0e48a93268420f7d86d9ef4feac4854a88,0.20638962684042236,2.8678735287984214,3.833271707295228,DISCOVERY,0.10902937373762116,61680,13,1.4014997609774582,
Rat_education_Irma,14,Rat_education_Irma_H14,CANDIDATE_Rat_education_Irma_H14_lr0.0001_seed61680,18.57298627832232,0.0001,CANDIDATE,.cache/building_peft_topic_decision_20260916/fits/CANDIDATE_Rat_education_Irma_H14_lr0.0001_seed61680/prediction52.npz,0e84a65380cc72f2bf8ca5fe12183b0e5f407c3f3093a811972b674c349872a2,0.2072695671501366,2.8775286865234375,3.8496148265932937,DISCOVERY,0.1094929363714416,61680,52,5.471305337006925,
Rat_education_Irma,14,Rat_education_Irma_H14,CANDIDATE_Rat_education_Irma_H14_lr0.0001_seed61680,18.57298627832232,0.0001,CANDIDATE,.cache/building_peft_topic_decision_20260916/fits/CANDIDATE_Rat_education_Irma_H14_lr0.0001_seed61680/prediction120.npz,c87d602a3a10f19c8250cd054d5c5baf1d2b63c369ebdde49761fe81ab1d73cb,0.20663381288761679,2.844268341064453,3.837806971399128,DISCOVERY,0.10916803549417696,61680,120,12.731972372916061,
Rat_education_Irma,14,Rat_education_Irma_H14,CANDIDATE_Rat_education_Irma_H14_lr0.0001_seed61680,18.57298627832232,0.0001,CANDIDATE,.cache/building_peft_topic_decision_20260916/fits/CANDIDATE_Rat_education_Irma_H14_lr0.0001_seed61680/prediction208.npz,1be607b9e3aca7671ab1ab78a9d5e23bc3f02bf66c5fb2c0b33709d1f837f369,0.19378366329487845,2.5881259536743166,3.5991413193388095,DISCOVERY,0.10174800545060873,61680,208,22.0750529190409,
Rat_public_Chrissy,3,Rat_public_Chrissy_H3,SIMPLE_Rat_public_Chrissy_H3_lr3e-05_seed61680,3.4340901016701486,3e-05,SIMPLE,.cache/building_peft_topic_decision_20260916/fits/SIMPLE_Rat_public_Chrissy_H3_lr3e-05_seed61680/prediction0.npz,83d8eb4c7cc6b2ee5befbc6416a248c17be287a168039288226aafb5bf6233b1,2.0846520157876363,6.961251958211263,7.158882852843044,DISCOVERY,1.340979672584703,61680,0,0.0,
Rat_public_Chrissy,3,Rat_public_Chrissy_H3,SIMPLE_Rat_public_Chrissy_H3_lr3e-05_seed61680,3.4340901016701486,3e-05,SIMPLE,.cache/building_peft_topic_decision_20260916/fits/SIMPLE_Rat_public_Chrissy_H3_lr3e-05_seed61680/prediction2.npz,5e045a36a739640110efb6ed93bd07770750333df62b961fb8efd68b2cac2608,2.085406072111022,6.963882033030192,7.1614723501992845,DISCOVERY,1.3415386949668482,61680,2,0.20970886599388905,
Rat_public_Chrissy,3,Rat_public_Chrissy_H3,SIMPLE_Rat_public_Chrissy_H3_lr3e-05_seed61680,3.4340901016701486,3e-05,SIMPLE,.cache/building_peft_topic_decision_20260916/fits/SIMPLE_Rat_public_Chrissy_H3_lr3e-05_seed61680/prediction8.npz,0291c62bbce97f1e2247887188c17ab4589addb3ee95817b12fcc4a4c31a9d6b,2.08794634655981,6.972702089945475,7.170195881539392,DISCOVERY,1.343391827226204,61680,8,0.831069868960185,
Rat_public_Chrissy,3,Rat_public_Chrissy_H3,SIMPLE_Rat_public_Chrissy_H3_lr3e-05_seed61680,3.4340901016701486,3e-05,SIMPLE,.cache/building_peft_topic_decision_20260916/fits/SIMPLE_Rat_public_Chrissy_H3_lr3e-05_seed61680/prediction32.npz,2f6dc05dc89f435b8efbf0f430476eff3901c54337f8eadd271a05f78f97e0e5,2.1032378849380384,7.026041412353515,7.222708402123377,DISCOVERY,1.3546681672233667,61680,32,3.339018136030063,
Rat_public_Chrissy,3,Rat_public_Chrissy_H3,SIMPLE_Rat_public_Chrissy_H3_lr3e-05_seed61680,3.4340901016701486,3e-05,SIMPLE,.cache/building_peft_topic_decision_20260916/fits/SIMPLE_Rat_public_Chrissy_H3_lr3e-05_seed61680/prediction120.npz,a5c1d240d1de7256a937407d907ae8d5e58bef039bd8eba1ab45d89c011cfc4d,2.2474293071454503,7.533351961771647,7.7178747378715915,DISCOVERY,1.4674730027723886,61680,120,12.688097904145252,
Rat_public_Chrissy,3,Rat_public_Chrissy_H3,CANDIDATE_Rat_public_Chrissy_H3_lr3e-05_seed61680,3.4340901016701486,3e-05,CANDIDATE,.cache/building_peft_topic_decision_20260916/fits/CANDIDATE_Rat_public_Chrissy_H3_lr3e-05_seed61680/prediction0.npz,83d8eb4c7cc6b2ee5befbc6416a248c17be287a168039288226aafb5bf6233b1,2.0846520157876363,6.961251958211263,7.158882852843044,DISCOVERY,1.340979672584703,61680,0,0.0,
Rat_public_Chrissy,3,Rat_public_Chrissy_H3,CANDIDATE_Rat_public_Chrissy_H3_lr3e-05_seed61680,3.4340901016701486,3e-05,CANDIDATE,.cache/building_peft_topic_decision_20260916/fits/CANDIDATE_Rat_public_Chrissy_H3_lr3e-05_seed61680/prediction2.npz,11331d52bf00dad27158fb33e78fd8b1cc728287b9239af7aab5110992caab16,2.085406072111022,6.963882033030192,7.1614723501992845,DISCOVERY,1.3415387245229147,61680,2,0.21000870800344273,
Rat_public_Chrissy,3,Rat_public_Chrissy_H3,CANDIDATE_Rat_public_Chrissy_H3_lr3e-05_seed61680,3.4340901016701486,3e-05,CANDIDATE,.cache/building_peft_topic_decision_20260916/fits/CANDIDATE_Rat_public_Chrissy_H3_lr3e-05_seed61680/prediction8.npz,7b00f59b7e20e95b66f8407d19cb7e48d26caafa8a0a8341d464edd8ba2b1bf1,2.087945850081748,6.972700182596842,7.170194176588995,DISCOVERY,1.3433930156181093,61680,8,0.8476348200056236,
Rat_public_Chrissy,3,Rat_public_Chrissy_H3,CANDIDATE_Rat_public_Chrissy_H3_lr3e-05_seed61680,3.4340901016701486,3e-05,CANDIDATE,.cache/building_peft_topic_decision_20260916/fits/CANDIDATE_Rat_public_Chrissy_H3_lr3e-05_seed61680/prediction32.npz,d8f257cd1e5e633c513febcec9191a6e7fa4bf0482810512fff6549e533d3b9a,2.1032322713622436,7.026019795735677,7.222689124598304,DISCOVERY,1.3547202924431454,61680,32,3.3639249480329454,
Rat_public_Chrissy,3,Rat_public_Chrissy_H3,CANDIDATE_Rat_public_Chrissy_H3_lr3e-05_seed61680,3.4340901016701486,3e-05,CANDIDATE,.cache/building_peft_topic_decision_20260916/fits/CANDIDATE_Rat_public_Chrissy_H3_lr3e-05_seed61680/prediction120.npz,02e27db4de3df8f21a807903cafecf105a23577ea97e1b6a6aebfb52a07bea95,2.2570044782948133,7.566788260142008,7.750756738337416,DISCOVERY,1.4788942147273625,61680,120,12.640337709221058,
Rat_public_Chrissy,3,Rat_public_Chrissy_H3,SIMPLE_Rat_public_Chrissy_H3_lr0.0001_seed61680,3.4340901016701486,0.0001,SIMPLE,.cache/building_peft_topic_decision_20260916/fits/SIMPLE_Rat_public_Chrissy_H3_lr0.0001_seed61680/prediction0.npz,83d8eb4c7cc6b2ee5befbc6416a248c17be287a168039288226aafb5bf6233b1,2.0846520157876363,6.961251958211263,7.158882852843044,DISCOVERY,1.340979672584703,61680,0,0.0,
Rat_public_Chrissy,3,Rat_public_Chrissy_H3,SIMPLE_Rat_public_Chrissy_H3_lr0.0001_seed61680,3.4340901016701486,0.0001,SIMPLE,.cache/building_peft_topic_decision_20260916/fits/SIMPLE_Rat_public_Chrissy_H3_lr0.0001_seed61680/prediction2.npz,de786e46e0bdae47e83a64dfe68099d67860e7a04ac800555f1f250a5536d94e,2.087251111845844,6.97032299041748,7.167808382889825,DISCOVERY,1.3429087531570174,61680,2,0.21106016999692656,
Rat_public_Chrissy,3,Rat_public_Chrissy_H3,SIMPLE_Rat_public_Chrissy_H3_lr0.0001_seed61680,3.4340901016701486,0.0001,SIMPLE,.cache/building_peft_topic_decision_20260916/fits/SIMPLE_Rat_public_Chrissy_H3_lr0.0001_seed61680/prediction8.npz,f7133c3b5a2d05404c7871eea17b0f0014b5eeb2862790909561524eda01438f,2.0978407157792267,7.0071866353352865,7.2041740369380625,DISCOVERY,1.3507033673723643,61680,8,0.8430839419888798,
Rat_public_Chrissy,3,Rat_public_Chrissy_H3,SIMPLE_Rat_public_Chrissy_H3_lr0.0001_seed61680,3.4340901016701486,0.0001,SIMPLE,.cache/building_peft_topic_decision_20260916/fits/SIMPLE_Rat_public_Chrissy_H3_lr0.0001_seed61680/prediction32.npz,fe5f7d37501e6d1dd0efce4625f58ef2a1c503d5c2e26e8cbcfe52266b0c125e,2.2030615105751616,7.375553830464681,7.5655117268366485,DISCOVERY,1.4324048360127726,61680,32,3.374887190962909,
Rat_public_Chrissy,3,Rat_public_Chrissy_H3,SIMPLE_Rat_public_Chrissy_H3_lr0.0001_seed61680,3.4340901016701486,0.0001,SIMPLE,.cache/building_peft_topic_decision_20260916/fits/SIMPLE_Rat_public_Chrissy_H3_lr0.0001_seed61680/prediction120.npz,e1e3128d9ff56b2c8317ae0e61a01bfb1a2b57d24c7c98d967b74b624e6654e9,2.3332131220547874,7.834398810068766,8.01246408753525,DISCOVERY,1.5100008321420717,61680,120,12.700808602909092,
Rat_public_Chrissy,3,Rat_public_Chrissy_H3,CANDIDATE_Rat_public_Chrissy_H3_lr0.0001_seed61680,3.4340901016701486,0.0001,CANDIDATE,.cache/building_peft_topic_decision_20260916/fits/CANDIDATE_Rat_public_Chrissy_H3_lr0.0001_seed61680/prediction0.npz,83d8eb4c7cc6b2ee5befbc6416a248c17be287a168039288226aafb5bf6233b1,2.0846520157876363,6.961251958211263,7.158882852843044,DISCOVERY,1.340979672584703,61680,0,0.0,
Rat_public_Chrissy,3,Rat_public_Chrissy_H3,CANDIDATE_Rat_public_Chrissy_H3_lr0.0001_seed61680,3.4340901016701486,0.0001,CANDIDATE,.cache/building_peft_topic_decision_20260916/fits/CANDIDATE_Rat_public_Chrissy_H3_lr0.0001_seed61680/prediction2.npz,7fbfdc4be0015b4a22455887600c0a4dcab8238e825d3576e2ba66d53a46f62f,2.087251008167322,6.970322672526041,7.16780802684844,DISCOVERY,1.342909183317903,61680,2,0.2048717009893153,
Rat_public_Chrissy,3,Rat_public_Chrissy_H3,CANDIDATE_Rat_public_Chrissy_H3_lr0.0001_seed61680,3.4340901016701486,0.0001,CANDIDATE,.cache/building_peft_topic_decision_20260916/fits/CANDIDATE_Rat_public_Chrissy_H3_lr0.0001_seed61680/prediction8.npz,23a3c09d683bcd7e4c4a4f09f97c9610657686aa15c95780efa763fb131338d8,2.097836772088225,7.00717233022054,7.204160493947828,DISCOVERY,1.3507207956215643,61680,8,0.8221962039824575,
Rat_public_Chrissy,3,Rat_public_Chrissy_H3,CANDIDATE_Rat_public_Chrissy_H3_lr0.0001_seed61680,3.4340901016701486,0.0001,CANDIDATE,.cache/building_peft_topic_decision_20260916/fits/CANDIDATE_Rat_public_Chrissy_H3_lr0.0001_seed61680/prediction32.npz,1ad0a38bbb9637618298c9ccefb5a4ffe4fe17bb38d47740593a3158015f7c60,2.206391161843727,7.387102031707763,7.576946049300041,DISCOVERY,1.4362179457115567,61680,32,3.354744979995303,
Rat_public_Chrissy,3,Rat_public_Chrissy_H3,CANDIDATE_Rat_public_Chrissy_H3_lr0.0001_seed61680,3.4340901016701486,0.0001,CANDIDATE,.cache/building_peft_topic_decision_20260916/fits/CANDIDATE_Rat_public_Chrissy_H3_lr0.0001_seed61680/prediction120.npz,bded422a70b4cacb578c3f141b16b42f159c33a74c38ea8e46ec3906eb8a5f77,2.3668698344720034,7.954502805074056,8.12804427050197,DISCOVERY,1.5562529494343726,61680,120,12.696299417089904,
Rat_public_Chrissy,14,Rat_public_Chrissy_H14,SIMPLE_Rat_public_Chrissy_H14_lr3e-05_seed61680,5.196224046781694,3e-05,SIMPLE,.cache/building_peft_topic_decision_20260916/fits/SIMPLE_Rat_public_Chrissy_H14_lr3e-05_seed61680/prediction0.npz,e39922ad4b88d7df51e3b5450113d57ed9257f3f34d101d3893cf336f5e1adcd,1.37770865697697,6.961251958211263,7.158882852843044,DISCOVERY,0.8862291115057215,61680,0,0.0,
Rat_public_Chrissy,14,Rat_public_Chrissy_H14,SIMPLE_Rat_public_Chrissy_H14_lr3e-05_seed61680,5.196224046781694,3e-05,SIMPLE,.cache/building_peft_topic_decision_20260916/fits/SIMPLE_Rat_public_Chrissy_H14_lr3e-05_seed61680/prediction13.npz,cdf76e6707c2d8fdb904ea84ac05b1c0ec75a76795c2c21edcadf7979aa87aec,1.3780098989046399,6.962769412994384,7.160448173391501,DISCOVERY,0.8866423447647522,61680,13,1.35364748199936,
Rat_public_Chrissy,14,Rat_public_Chrissy_H14,SIMPLE_Rat_public_Chrissy_H14_lr3e-05_seed61680,5.196224046781694,3e-05,SIMPLE,.cache/building_peft_topic_decision_20260916/fits/SIMPLE_Rat_public_Chrissy_H14_lr3e-05_seed61680/prediction52.npz,cb4b4bedab6d841652a3581062caed5e318a235d32b0d1608d28f3eceaccb219,1.3779138811352616,6.962505880991618,7.159949243549339,DISCOVERY,0.8874533864083148,61680,52,5.464657823060406,
Rat_public_Chrissy,14,Rat_public_Chrissy_H14,SIMPLE_Rat_public_Chrissy_H14_lr3e-05_seed61680,5.196224046781694,3e-05,SIMPLE,.cache/building_peft_topic_decision_20260916/fits/SIMPLE_Rat_public_Chrissy_H14_lr3e-05_seed61680/prediction120.npz,3a9bd0f9da263459364651ef1bb4aebef357e4dd1e156ad7cfe0730960b9d4fd,1.3783754177483065,6.965894921620687,7.162347491196513,DISCOVERY,0.8903487072542013,61680,120,12.783740601036698,
Rat_public_Chrissy,14,Rat_public_Chrissy_H14,SIMPLE_Rat_public_Chrissy_H14_lr3e-05_seed61680,5.196224046781694,3e-05,SIMPLE,.cache/building_peft_topic_decision_20260916/fits/SIMPLE_Rat_public_Chrissy_H14_lr3e-05_seed61680/prediction208.npz,88b748dd02d676b94be729fcfca1df558c790b4681be1626f14661b72e1dffb5,1.3773208604492768,6.961371326446533,7.1568677752005865,DISCOVERY,0.8941528796929041,61680,208,22.100796606217045,
Rat_public_Chrissy,14,Rat_public_Chrissy_H14,CANDIDATE_Rat_public_Chrissy_H14_lr3e-05_seed61680,5.196224046781694,3e-05,CANDIDATE,.cache/building_peft_topic_decision_20260916/fits/CANDIDATE_Rat_public_Chrissy_H14_lr3e-05_seed61680/prediction0.npz,e39922ad4b88d7df51e3b5450113d57ed9257f3f34d101d3893cf336f5e1adcd,1.37770865697697,6.961251958211263,7.158882852843044,DISCOVERY,0.8862291115057215,61680,0,0.0,
Rat_public_Chrissy,14,Rat_public_Chrissy_H14,CANDIDATE_Rat_public_Chrissy_H14_lr3e-05_seed61680,5.196224046781694,3e-05,CANDIDATE,.cache/building_peft_topic_decision_20260916/fits/CANDIDATE_Rat_public_Chrissy_H14_lr3e-05_seed61680/prediction13.npz,c044c543a1cf0ba5db974229b277da8835e82aa7983a239d185eb02adf6d84f6,1.3780084670582995,6.962761783599853,7.160440733197116,DISCOVERY,0.8866364838540082,61680,13,1.3586250180087518,
Rat_public_Chrissy,14,Rat_public_Chrissy_H14,CANDIDATE_Rat_public_Chrissy_H14_lr3e-05_seed61680,5.196224046781694,3e-05,CANDIDATE,.cache/building_peft_topic_decision_20260916/fits/CANDIDATE_Rat_public_Chrissy_H14_lr3e-05_seed61680/prediction52.npz,1f542162d4133d15e91f7e46a7ebc041bf4db63af52971350a0e4855c33c2a73,1.3778934714044173,6.962400976816813,7.159843190015137,DISCOVERY,0.887403099742275,61680,52,5.482315187051427,
Rat_public_Chrissy,14,Rat_public_Chrissy_H14,CANDIDATE_Rat_public_Chrissy_H14_lr3e-05_seed61680,5.196224046781694,3e-05,CANDIDATE,.cache/building_peft_topic_decision_20260916/fits/CANDIDATE_Rat_public_Chrissy_H14_lr3e-05_seed61680/prediction120.npz,c355efdb47ff01001f6f804c5e9bb41cfa05e26cf61304e887f72470c444ec88,1.3781159348900247,6.964582188924154,7.160999160128582,DISCOVERY,0.8901113154319933,61680,120,12.644652793969726,
Rat_public_Chrissy,14,Rat_public_Chrissy_H14,CANDIDATE_Rat_public_Chrissy_H14_lr3e-05_seed61680,5.196224046781694,3e-05,CANDIDATE,.cache/building_peft_topic_decision_20260916/fits/CANDIDATE_Rat_public_Chrissy_H14_lr3e-05_seed61680/prediction208.npz,23d4939aea8bc08466658f153983d3b872ff71b8d13ac07e9ed84f3a0eb222ac,1.376033361810214,6.95474599202474,7.150177643812089,DISCOVERY,0.8928895854996941,61680,208,21.88548643977265,
Rat_public_Chrissy,14,Rat_public_Chrissy_H14,SIMPLE_Rat_public_Chrissy_H14_lr0.0001_seed61680,5.196224046781694,0.0001,SIMPLE,.cache/building_peft_topic_decision_20260916/fits/SIMPLE_Rat_public_Chrissy_H14_lr0.0001_seed61680/prediction0.npz,e39922ad4b88d7df51e3b5450113d57ed9257f3f34d101d3893cf336f5e1adcd,1.37770865697697,6.961251958211263,7.158882852843044,DISCOVERY,0.8862291115057215,61680,0,0.0,
Rat_public_Chrissy,14,Rat_public_Chrissy_H14,SIMPLE_Rat_public_Chrissy_H14_lr0.0001_seed61680,5.196224046781694,0.0001,SIMPLE,.cache/building_peft_topic_decision_20260916/fits/SIMPLE_Rat_public_Chrissy_H14_lr0.0001_seed61680/prediction13.npz,2400f9e63750ffe65df4452cdf8282194a5bd32218135b3c129ca7dfb2ea0ab8,1.3786657269012788,6.96605609258016,7.163856002598188,DISCOVERY,0.8875262666865923,61680,13,1.3542013719852548,
Rat_public_Chrissy,14,Rat_public_Chrissy_H14,SIMPLE_Rat_public_Chrissy_H14_lr0.0001_seed61680,5.196224046781694,0.0001,SIMPLE,.cache/building_peft_topic_decision_20260916/fits/SIMPLE_Rat_public_Chrissy_H14_lr0.0001_seed61680/prediction52.npz,44fa8878582f10453004e28b5b096873376d6bba4c3b298e38d8628de694675e,1.378910439000946,6.9686723391215,7.1651275814950175,DISCOVERY,0.8915182035989638,61680,52,5.479910292866407,
Rat_public_Chrissy,14,Rat_public_Chrissy_H14,SIMPLE_Rat_public_Chrissy_H14_lr0.0001_seed61680,5.196224046781694,0.0001,SIMPLE,.cache/building_peft_topic_decision_20260916/fits/SIMPLE_Rat_public_Chrissy_H14_lr0.0001_seed61680/prediction120.npz,6af5d58c465d90fe85dd5de830a7932fcc3ad8541c0cd031333cedfb5e0796cc,1.377833931478231,6.964514478047689,7.159533807218946,DISCOVERY,0.8998965920902481,61680,120,12.642517602827866,
Rat_public_Chrissy,14,Rat_public_Chrissy_H14,SIMPLE_Rat_public_Chrissy_H14_lr0.0001_seed61680,5.196224046781694,0.0001,SIMPLE,.cache/building_peft_topic_decision_20260916/fits/SIMPLE_Rat_public_Chrissy_H14_lr0.0001_seed61680/prediction208.npz,4080b5fbc9285ea857f9f38521ceb1d43860ba414668a36d9cdf48f6636dd0be,1.3827335030386692,6.989777628580729,7.184993078780221,DISCOVERY,0.907797081012282,61680,208,21.964778343652142,
Rat_public_Chrissy,14,Rat_public_Chrissy_H14,CANDIDATE_Rat_public_Chrissy_H14_lr0.0001_seed61680,5.196224046781694,0.0001,CANDIDATE,.cache/building_peft_topic_decision_20260916/fits/CANDIDATE_Rat_public_Chrissy_H14_lr0.0001_seed61680/prediction0.npz,e39922ad4b88d7df51e3b5450113d57ed9257f3f34d101d3893cf336f5e1adcd,1.37770865697697,6.961251958211263,7.158882852843044,DISCOVERY,0.8862291115057215,61680,0,0.0,
Rat_public_Chrissy,14,Rat_public_Chrissy_H14,CANDIDATE_Rat_public_Chrissy_H14_lr0.0001_seed61680,5.196224046781694,0.0001,CANDIDATE,.cache/building_peft_topic_decision_20260916/fits/CANDIDATE_Rat_public_Chrissy_H14_lr0.0001_seed61680/prediction13.npz,24e6ae4009060efb359ba3530324799efa6ae80f37a2f6ac5df840ea33683b52,1.3786420990481176,6.965931479136149,7.163733226979419,DISCOVERY,0.8874610918174471,61680,13,1.3394864329893608,
Rat_public_Chrissy,14,Rat_public_Chrissy_H14,CANDIDATE_Rat_public_Chrissy_H14_lr0.0001_seed61680,5.196224046781694,0.0001,CANDIDATE,.cache/building_peft_topic_decision_20260916/fits/CANDIDATE_Rat_public_Chrissy_H14_lr0.0001_seed61680/prediction52.npz,4f5dc3526ee655cce819b389752f27f0dcf4c1457f318f97f0bb48c0b067591a,1.3783177971044942,6.96560484568278,7.162048081421545,DISCOVERY,0.8909113520054864,61680,52,5.446575990994461,
Rat_public_Chrissy,14,Rat_public_Chrissy_H14,CANDIDATE_Rat_public_Chrissy_H14_lr0.0001_seed61680,5.196224046781694,0.0001,CANDIDATE,.cache/building_peft_topic_decision_20260916/fits/CANDIDATE_Rat_public_Chrissy_H14_lr0.0001_seed61680/prediction120.npz,7fc86a03f377656e3a5becf49b09d9aa3ef58bd23e0cc9879463a93d7fc31bdc,1.3763396463491995,6.957263374328613,7.151769166898723,DISCOVERY,0.8983267667358487,61680,120,12.575092416867847,
Rat_public_Chrissy,14,Rat_public_Chrissy_H14,CANDIDATE_Rat_public_Chrissy_H14_lr0.0001_seed61680,5.196224046781694,0.0001,CANDIDATE,.cache/building_peft_topic_decision_20260916/fits/CANDIDATE_Rat_public_Chrissy_H14_lr0.0001_seed61680/prediction208.npz,437e5fd6b77d9536dc0f8195c2ad66ca3067e9e671bb81742255a9a9f788477c,1.381622742002889,6.98362086613973,7.179221315575872,DISCOVERY,0.9052846519440321,61680,208,21.905201896006474,
Panther_education_Neal,3,Panther_education_Neal_H3,SIMPLE_Panther_education_Neal_H3_lr3e-05_seed61680,97.62911623803248,3e-05,SIMPLE,.cache/building_peft_topic_decision_20260916/fits/SIMPLE_Panther_education_Neal_H3_lr3e-05_seed61680/prediction0.npz,a63c523485410e0b3858603138c5d1378c527a592f1a66feb12f4a1c214d99d4,0.6208022537928127,44.70124154917399,60.60837539637106,DISCOVERY,0.3526491668316677,61680,0,0.0,
Panther_education_Neal,3,Panther_education_Neal_H3,SIMPLE_Panther_education_Neal_H3_lr3e-05_seed61680,97.62911623803248,3e-05,SIMPLE,.cache/building_peft_topic_decision_20260916/fits/SIMPLE_Panther_education_Neal_H3_lr3e-05_seed61680/prediction2.npz,ab548ae9ece02e66af7e56c2b8333d16e60954b63827b74937d92b7e9b136758,0.6207535418736108,44.700405176798505,60.603619694749106,DISCOVERY,0.35266991729583913,61680,2,0.21018314096727408,
Panther_education_Neal,3,Panther_education_Neal_H3,SIMPLE_Panther_education_Neal_H3_lr3e-05_seed61680,97.62911623803248,3e-05,SIMPLE,.cache/building_peft_topic_decision_20260916/fits/SIMPLE_Panther_education_Neal_H3_lr3e-05_seed61680/prediction8.npz,99bda52872c5c254d406c3d5caff6873fcf1364ef79895457ac2c7fe3452ae17,0.6208478190024154,44.714026507059735,60.61282388751576,DISCOVERY,0.3527686761192594,61680,8,0.8524126689590048,
Panther_education_Neal,3,Panther_education_Neal_H3,SIMPLE_Panther_education_Neal_H3_lr3e-05_seed61680,97.62911623803248,3e-05,SIMPLE,.cache/building_peft_topic_decision_20260916/fits/SIMPLE_Panther_education_Neal_H3_lr3e-05_seed61680/prediction32.npz,9028c8d70101ec9b10f35a6fae8d2363149ce2b53937ceee0cda606710f58f02,0.6214334290966905,44.79145818583171,60.66999648347992,DISCOVERY,0.3534277277354519,61680,32,3.372821389872115,
Panther_education_Neal,3,Panther_education_Neal_H3,SIMPLE_Panther_education_Neal_H3_lr3e-05_seed61680,97.62911623803248,3e-05,SIMPLE,.cache/building_peft_topic_decision_20260916/fits/SIMPLE_Panther_education_Neal_H3_lr3e-05_seed61680/prediction120.npz,dcfc2a8833a94d92bba6c2fe9ea61c0f0beeec03299ec25236a94d638c268f74,0.6345627496402737,46.17269525705973,61.951800444955786,DISCOVERY,0.3579312125877365,61680,120,12.662818584911292,
Panther_education_Neal,3,Panther_education_Neal_H3,CANDIDATE_Panther_education_Neal_H3_lr3e-05_seed61680,97.62911623803248,3e-05,CANDIDATE,.cache/building_peft_topic_decision_20260916/fits/CANDIDATE_Panther_education_Neal_H3_lr3e-05_seed61680/prediction0.npz,a63c523485410e0b3858603138c5d1378c527a592f1a66feb12f4a1c214d99d4,0.6208022537928127,44.70124154917399,60.60837539637106,DISCOVERY,0.3526491668316677,61680,0,0.0,
Panther_education_Neal,3,Panther_education_Neal_H3,CANDIDATE_Panther_education_Neal_H3_lr3e-05_seed61680,97.62911623803248,3e-05,CANDIDATE,.cache/building_peft_topic_decision_20260916/fits/CANDIDATE_Panther_education_Neal_H3_lr3e-05_seed61680/prediction2.npz,d5e97c564bb4597548e7173f80a86be358a417f1cd4c1fa3518a1323d1ad1087,0.6207535726076299,44.700408037821454,60.60362269528423,DISCOVERY,0.3526698976196131,61680,2,0.21478434302844107,
Panther_education_Neal,3,Panther_education_Neal_H3,CANDIDATE_Panther_education_Neal_H3_lr3e-05_seed61680,97.62911623803248,3e-05,CANDIDATE,.cache/building_peft_topic_decision_20260916/fits/CANDIDATE_Panther_education_Neal_H3_lr3e-05_seed61680/prediction8.npz,482e24e3b66fe98fa97c493048991004e82d904a0d19871b76eb67a6d3772dd1,0.6208481657023092,44.71405289204915,60.612857735519995,DISCOVERY,0.3527688706673621,61680,8,0.8295041470846627,
Panther_education_Neal,3,Panther_education_Neal_H3,CANDIDATE_Panther_education_Neal_H3_lr3e-05_seed61680,97.62911623803248,3e-05,CANDIDATE,.cache/building_peft_topic_decision_20260916/fits/CANDIDATE_Panther_education_Neal_H3_lr3e-05_seed61680/prediction32.npz,0d24e3b4041f580d2c4cdfff30e4983f0e78a55a64201c70bc2ad12cc6b94370,0.6214452851142529,44.792204912821454,60.67115397599663,DISCOVERY,0.35343493801635634,61680,32,3.3322047431429382,
Panther_education_Neal,3,Panther_education_Neal_H3,CANDIDATE_Panther_education_Neal_H3_lr3e-05_seed61680,97.62911623803248,3e-05,CANDIDATE,.cache/building_peft_topic_decision_20260916/fits/CANDIDATE_Panther_education_Neal_H3_lr3e-05_seed61680/prediction120.npz,1b928da79148de616052c5e3cb8bac81be2b116887b3076789c4160437c1e81f,0.6348338206311076,46.18211120147705,61.97826486622867,DISCOVERY,0.35794835753622756,61680,120,12.629277644009562,
Panther_education_Neal,3,Panther_education_Neal_H3,SIMPLE_Panther_education_Neal_H3_lr0.0001_seed61680,97.62911623803248,0.0001,SIMPLE,.cache/building_peft_topic_decision_20260916/fits/SIMPLE_Panther_education_Neal_H3_lr0.0001_seed61680/prediction0.npz,a63c523485410e0b3858603138c5d1378c527a592f1a66feb12f4a1c214d99d4,0.6208022537928127,44.70124154917399,60.60837539637106,DISCOVERY,0.3526491668316677,61680,0,0.0,
Panther_education_Neal,3,Panther_education_Neal_H3,SIMPLE_Panther_education_Neal_H3_lr0.0001_seed61680,97.62911623803248,0.0001,SIMPLE,.cache/building_peft_topic_decision_20260916/fits/SIMPLE_Panther_education_Neal_H3_lr0.0001_seed61680/prediction2.npz,9782afa1c3155ba32e471bdf561130f8531314d9e527faad63473fc7bce73b5e,0.6206470516022222,44.69882430267334,60.5932231436655,DISCOVERY,0.3527209831275714,61680,2,0.2087108269915916,
Panther_education_Neal,3,Panther_education_Neal_H3,SIMPLE_Panther_education_Neal_H3_lr0.0001_seed61680,97.62911623803248,0.0001,SIMPLE,.cache/building_peft_topic_decision_20260916/fits/SIMPLE_Panther_education_Neal_H3_lr0.0001_seed61680/prediction8.npz,df46798b154849fb1490e93cbaab121df629d75121822ed46478b69ce0b021be,0.6210593319254032,44.754543360392255,60.63347370725998,DISCOVERY,0.3531541678262375,61680,8,0.8322164209967013,
Panther_education_Neal,3,Panther_education_Neal_H3,SIMPLE_Panther_education_Neal_H3_lr0.0001_seed61680,97.62911623803248,0.0001,SIMPLE,.cache/building_peft_topic_decision_20260916/fits/SIMPLE_Panther_education_Neal_H3_lr0.0001_seed61680/prediction32.npz,6e4b20faa78f9550d96d5e6a3d9a0c5684c9bbb1ce9e02d5bad5704e5f001fcf,0.627290661626744,45.41146987457275,61.24183291898969,DISCOVERY,0.35727507046124446,61680,32,3.436937918071635,
Panther_education_Neal,3,Panther_education_Neal_H3,SIMPLE_Panther_education_Neal_H3_lr0.0001_seed61680,97.62911623803248,0.0001,SIMPLE,.cache/building_peft_topic_decision_20260916/fits/SIMPLE_Panther_education_Neal_H3_lr0.0001_seed61680/prediction120.npz,ea4aaf35010a8dbd96f1324b2501e65e56b18daf5e8a69a19eb344ba4a971e4d,0.7261945478372684,53.26036448872884,70.89773192223012,DISCOVERY,0.3523096897174951,61680,120,12.747701097192476,
Panther_education_Neal,3,Panther_education_Neal_H3,CANDIDATE_Panther_education_Neal_H3_lr0.0001_seed61680,97.62911623803248,0.0001,CANDIDATE,.cache/building_peft_topic_decision_20260916/fits/CANDIDATE_Panther_education_Neal_H3_lr0.0001_seed61680/prediction0.npz,a63c523485410e0b3858603138c5d1378c527a592f1a66feb12f4a1c214d99d4,0.6208022537928127,44.70124154917399,60.60837539637106,DISCOVERY,0.3526491668316677,61680,0,0.0,
Panther_education_Neal,3,Panther_education_Neal_H3,CANDIDATE_Panther_education_Neal_H3_lr0.0001_seed61680,97.62911623803248,0.0001,CANDIDATE,.cache/building_peft_topic_decision_20260916/fits/CANDIDATE_Panther_education_Neal_H3_lr0.0001_seed61680/prediction2.npz,e246decbb377ca096fe986eedf32d1ea0575de1f3440026bedda13d4d7e7dedf,0.6206470173313168,44.698825256347654,60.59321979782728,DISCOVERY,0.35272096995736946,61680,2,0.2097016540064942,
Panther_education_Neal,3,Panther_education_Neal_H3,CANDIDATE_Panther_education_Neal_H3_lr0.0001_seed61680,97.62911623803248,0.0001,CANDIDATE,.cache/building_peft_topic_decision_20260916/fits/CANDIDATE_Panther_education_Neal_H3_lr0.0001_seed61680/prediction8.npz,a3c43178af66fc583482858f02775dde6fc147c82cc3151ef47b67ebf045a5ac,0.6210623966538077,44.75477955373128,60.633772913985624,DISCOVERY,0.3531565074737037,61680,8,0.8375164219760336,
Panther_education_Neal,3,Panther_education_Neal_H3,CANDIDATE_Panther_education_Neal_H3_lr0.0001_seed61680,97.62911623803248,0.0001,CANDIDATE,.cache/building_peft_topic_decision_20260916/fits/CANDIDATE_Panther_education_Neal_H3_lr0.0001_seed61680/prediction32.npz,964233b310d3703a90124fb937c5f9b241d8db819db3ba834703e0296f13403d,0.6273791723513397,45.41392526804606,61.25047414280956,DISCOVERY,0.3573894689382977,61680,32,3.3451615629601292,
Panther_education_Neal,3,Panther_education_Neal_H3,CANDIDATE_Panther_education_Neal_H3_lr0.0001_seed61680,97.62911623803248,0.0001,CANDIDATE,.cache/building_peft_topic_decision_20260916/fits/CANDIDATE_Panther_education_Neal_H3_lr0.0001_seed61680/prediction120.npz,98e505e91279e399cc51ae171f4930b37c876e86bacf93a4c94271b26a473afc,0.72103139068585,53.03622273203532,70.39365745253906,DISCOVERY,0.3519496025042924,61680,120,12.709314367733896,
Panther_education_Neal,14,Panther_education_Neal_H14,SIMPLE_Panther_education_Neal_H14_lr3e-05_seed61680,98.54736968525586,3e-05,SIMPLE,.cache/building_peft_topic_decision_20260916/fits/SIMPLE_Panther_education_Neal_H14_lr3e-05_seed61680/prediction0.npz,a8742db3174cddfa078bd6dfb6c88853f452c9c4228b1acc9d9ba14a64592493,0.6150176873309179,44.70124154917399,60.60837539637106,DISCOVERY,0.34936322105617046,61680,0,0.0,
Panther_education_Neal,14,Panther_education_Neal_H14,SIMPLE_Panther_education_Neal_H14_lr3e-05_seed61680,98.54736968525586,3e-05,SIMPLE,.cache/building_peft_topic_decision_20260916/fits/SIMPLE_Panther_education_Neal_H14_lr3e-05_seed61680/prediction13.npz,bb14a00884df9ab50ffeee40132234ff00f03059b4fdfec617b0f60448d1396e,0.617811912576078,44.85617297668457,60.88373894458974,DISCOVERY,0.3493593456876396,61680,13,1.3582028499513399,
Panther_education_Neal,14,Panther_education_Neal_H14,SIMPLE_Panther_education_Neal_H14_lr3e-05_seed61680,98.54736968525586,3e-05,SIMPLE,.cache/building_peft_topic_decision_20260916/fits/SIMPLE_Panther_education_Neal_H14_lr3e-05_seed61680/prediction52.npz,2fab02c2122e4e2fa1a5c802b6e2c4a228e2e1bf3e098fb858c278ee9652e08d,0.6332248704970845,46.156978704325354,62.402645406774454,DISCOVERY,0.34984999886683094,61680,52,5.432369488873519,
Panther_education_Neal,14,Panther_education_Neal_H14,SIMPLE_Panther_education_Neal_H14_lr3e-05_seed61680,98.54736968525586,3e-05,SIMPLE,.cache/building_peft_topic_decision_20260916/fits/SIMPLE_Panther_education_Neal_H14_lr3e-05_seed61680/prediction120.npz,9a387d8fa70d3f932082bcaff2d3d952f2d08f011f1cb5919cff25a8c236b771,0.6812589144621707,50.910933168538406,67.13627409487964,DISCOVERY,0.3588489730380622,61680,120,12.553199859888991,
Panther_education_Neal,14,Panther_education_Neal_H14,SIMPLE_Panther_education_Neal_H14_lr3e-05_seed61680,98.54736968525586,3e-05,SIMPLE,.cache/building_peft_topic_decision_20260916/fits/SIMPLE_Panther_education_Neal_H14_lr3e-05_seed61680/prediction208.npz,2b4e0380fcb7bc295625a144c3e682f13cc16a41b50e5b762db6501bc19d8d3a,0.7423854972779,56.860584886678055,73.16013804921772,DISCOVERY,0.3782562694862669,61680,208,21.95737608295167,
Panther_education_Neal,14,Panther_education_Neal_H14,CANDIDATE_Panther_education_Neal_H14_lr3e-05_seed61680,98.54736968525586,3e-05,CANDIDATE,.cache/building_peft_topic_decision_20260916/fits/CANDIDATE_Panther_education_Neal_H14_lr3e-05_seed61680/prediction0.npz,a8742db3174cddfa078bd6dfb6c88853f452c9c4228b1acc9d9ba14a64592493,0.6150176873309179,44.70124154917399,60.60837539637106,DISCOVERY,0.34936322105617046,61680,0,0.0,
Panther_education_Neal,14,Panther_education_Neal_H14,CANDIDATE_Panther_education_Neal_H14_lr3e-05_seed61680,98.54736968525586,3e-05,CANDIDATE,.cache/building_peft_topic_decision_20260916/fits/CANDIDATE_Panther_education_Neal_H14_lr3e-05_seed61680/prediction13.npz,60ff9cf23fe3eed3d0e46c8f6d9efd6ad4d0bc9feff8aac4016cd45a705e487c,0.6178121052000396,44.856187281799315,60.883757927174486,DISCOVERY,0.34935941771761336,61680,13,1.382238063029945,
Panther_education_Neal,14,Panther_education_Neal_H14,CANDIDATE_Panther_education_Neal_H14_lr3e-05_seed61680,98.54736968525586,3e-05,CANDIDATE,.cache/building_peft_topic_decision_20260916/fits/CANDIDATE_Panther_education_Neal_H14_lr3e-05_seed61680/prediction52.npz,f38d53071f54cf65909de81f69ac6c6ab087dfdc34fc5fac7340baba7f74c14b,0.6332254759933124,46.156761584472655,62.40270507683506,DISCOVERY,0.34985128715759617,61680,52,5.5245827410544734,
Panther_education_Neal,14,Panther_education_Neal_H14,CANDIDATE_Panther_education_Neal_H14_lr3e-05_seed61680,98.54736968525586,3e-05,CANDIDATE,.cache/building_peft_topic_decision_20260916/fits/CANDIDATE_Panther_education_Neal_H14_lr3e-05_seed61680/prediction120.npz,70c9c9a9a9522c4959a5ed69162e9de5d5ab823b0363e90109287b9616a954f5,0.6810989330654286,50.88535848439534,67.12050834903212,DISCOVERY,0.35879632115795174,61680,120,12.723296940006549,
Panther_education_Neal,14,Panther_education_Neal_H14,CANDIDATE_Panther_education_Neal_H14_lr3e-05_seed61680,98.54736968525586,3e-05,CANDIDATE,.cache/building_peft_topic_decision_20260916/fits/CANDIDATE_Panther_education_Neal_H14_lr3e-05_seed61680/prediction208.npz,b2cb7a84d26ef283e6d61a0fc8769762581924540adf9f1a4607f08c1be8ea63,0.7405782715746467,56.653970710245765,72.98204070973452,DISCOVERY,0.3773509757504027,61680,208,22.00571258502896,
Panther_education_Neal,14,Panther_education_Neal_H14,SIMPLE_Panther_education_Neal_H14_lr0.0001_seed61680,98.54736968525586,0.0001,SIMPLE,.cache/building_peft_topic_decision_20260916/fits/SIMPLE_Panther_education_Neal_H14_lr0.0001_seed61680/prediction0.npz,a8742db3174cddfa078bd6dfb6c88853f452c9c4228b1acc9d9ba14a64592493,0.6150176873309179,44.70124154917399,60.60837539637106,DISCOVERY,0.34936322105617046,61680,0,0.0,
Panther_education_Neal,14,Panther_education_Neal_H14,SIMPLE_Panther_education_Neal_H14_lr0.0001_seed61680,98.54736968525586,0.0001,SIMPLE,.cache/building_peft_topic_decision_20260916/fits/SIMPLE_Panther_education_Neal_H14_lr0.0001_seed61680/prediction13.npz,675ca9e55381e5ee1a4f5f9ad12d8674eb61f6012fa2edd2e3ae0036b40d3e97,0.6269834424797729,45.64444233754475,61.78756909258853,DISCOVERY,0.3496277027248253,61680,13,1.3410981250053737,
Panther_education_Neal,14,Panther_education_Neal_H14,SIMPLE_Panther_education_Neal_H14_lr0.0001_seed61680,98.54736968525586,0.0001,SIMPLE,.cache/building_peft_topic_decision_20260916/fits/SIMPLE_Panther_education_Neal_H14_lr0.0001_seed61680/prediction52.npz,8b991f37b4725f3c55f7391f2cabcc17faf5cc29101198a50e364e0b81d0cab3,0.7130128548653626,54.346493077087395,70.26554139875657,DISCOVERY,0.3682147583641799,61680,52,5.464691461151233,
Panther_education_Neal,14,Panther_education_Neal_H14,SIMPLE_Panther_education_Neal_H14_lr0.0001_seed61680,98.54736968525586,0.0001,SIMPLE,.cache/building_peft_topic_decision_20260916/fits/SIMPLE_Panther_education_Neal_H14_lr0.0001_seed61680/prediction120.npz,cad878099779e55522784ef070d25c211d26f2851dc24de122216526fd8f8f29,0.8084517408177911,60.85673681538899,79.67079257505952,DISCOVERY,0.40518064122117486,61680,120,12.666577966156183,
Panther_education_Neal,14,Panther_education_Neal_H14,SIMPLE_Panther_education_Neal_H14_lr0.0001_seed61680,98.54736968525586,0.0001,SIMPLE,.cache/building_peft_topic_decision_20260916/fits/SIMPLE_Panther_education_Neal_H14_lr0.0001_seed61680/prediction208.npz,efb02fd8f709b28e6097864c3f3eb89a6b0c2fc21505b10be26f37a97cf730ee,0.8724373340038679,62.66885351715087,85.97640448129822,DISCOVERY,0.4297531566248539,61680,208,22.094817911216523,
Panther_education_Neal,14,Panther_education_Neal_H14,CANDIDATE_Panther_education_Neal_H14_lr0.0001_seed61680,98.54736968525586,0.0001,CANDIDATE,.cache/building_peft_topic_decision_20260916/fits/CANDIDATE_Panther_education_Neal_H14_lr0.0001_seed61680/prediction0.npz,a8742db3174cddfa078bd6dfb6c88853f452c9c4228b1acc9d9ba14a64592493,0.6150176873309179,44.70124154917399,60.60837539637106,DISCOVERY,0.34936322105617046,61680,0,0.0,
Panther_education_Neal,14,Panther_education_Neal_H14,CANDIDATE_Panther_education_Neal_H14_lr0.0001_seed61680,98.54736968525586,0.0001,CANDIDATE,.cache/building_peft_topic_decision_20260916/fits/CANDIDATE_Panther_education_Neal_H14_lr0.0001_seed61680/prediction13.npz,92cf6844e7a348d2ebe259f5f9636685611037cd821f5500c4dbe7ffc62c10e9,0.6269847096990478,45.64447349090576,61.787693973714894,DISCOVERY,0.3496284561271375,61680,13,1.3938071499578655,
Panther_education_Neal,14,Panther_education_Neal_H14,CANDIDATE_Panther_education_Neal_H14_lr0.0001_seed61680,98.54736968525586,0.0001,CANDIDATE,.cache/building_peft_topic_decision_20260916/fits/CANDIDATE_Panther_education_Neal_H14_lr0.0001_seed61680/prediction52.npz,36a4e2e167c72ed330de7eae065e50f098656432b5c3f9529d03d0087a717e4c,0.7124442770673136,54.271844219970696,70.2095095522974,DISCOVERY,0.36797891859585496,61680,52,5.4832710250339005,
Panther_education_Neal,14,Panther_education_Neal_H14,CANDIDATE_Panther_education_Neal_H14_lr0.0001_seed61680,98.54736968525586,0.0001,CANDIDATE,.cache/building_peft_topic_decision_20260916/fits/CANDIDATE_Panther_education_Neal_H14_lr0.0001_seed61680/prediction120.npz,8a71df80ff4c1ae88ade78ad213430ecca5eecb94c520528d694e866a1fe1e32,0.8043505805823116,60.289752002970374,79.26663402119524,DISCOVERY,0.4016899728219192,61680,120,12.617265964945545,
Panther_education_Neal,14,Panther_education_Neal_H14,CANDIDATE_Panther_education_Neal_H14_lr0.0001_seed61680,98.54736968525586,0.0001,CANDIDATE,.cache/building_peft_topic_decision_20260916/fits/CANDIDATE_Panther_education_Neal_H14_lr0.0001_seed61680/prediction208.npz,db56b2bc1f5a8651bd1da7f1dabd977882a781a56227853528c47e3de8f2f8aa,0.8638296674884471,61.80628180084228,85.12814158707565,DISCOVERY,0.4234837925803564,61680,208,22.022536759875948,
Rat_lodging_Jeannette,3,Rat_lodging_Jeannette_H3,SIMPLE_Rat_lodging_Jeannette_H3_lr3e-05_seed61680,1.367050984806978,3e-05,SIMPLE,.cache/building_peft_topic_decision_20260916/fits/SIMPLE_Rat_lodging_Jeannette_H3_lr3e-05_seed61680/prediction0.npz,ab6f40d2152fa575b509a90827feb06462fd2e770d243b880fbd6445cadc9614,1.8279029410493945,2.120924271345139,2.4988365156931462,DISCOVERY,1.2102859066843175,61680,0,0.0,
Rat_lodging_Jeannette,3,Rat_lodging_Jeannette_H3,SIMPLE_Rat_lodging_Jeannette_H3_lr3e-05_seed61680,1.367050984806978,3e-05,SIMPLE,.cache/building_peft_topic_decision_20260916/fits/SIMPLE_Rat_lodging_Jeannette_H3_lr3e-05_seed61680/prediction2.npz,ffd6bee675b6e2e3ea5223e4b66992d0c56b19335da42db1fb4c6be6f0770f89,1.8283310952909593,2.1215966812769573,2.4994218243707267,DISCOVERY,1.2106459358913948,61680,2,0.21860107500106096,
Rat_lodging_Jeannette,3,Rat_lodging_Jeannette_H3,SIMPLE_Rat_lodging_Jeannette_H3_lr3e-05_seed61680,1.367050984806978,3e-05,SIMPLE,.cache/building_peft_topic_decision_20260916/fits/SIMPLE_Rat_lodging_Jeannette_H3_lr3e-05_seed61680/prediction8.npz,33159861b4f2eef3acd2dce2ca113f9d30a2fde2cc569ee7ae78edf23888d3c3,1.830318028663282,2.1246270211537683,2.5021380635941064,DISCOVERY,1.2122065111685736,61680,8,0.8646154300076887,
Rat_lodging_Jeannette,3,Rat_lodging_Jeannette_H3,SIMPLE_Rat_lodging_Jeannette_H3_lr3e-05_seed61680,1.367050984806978,3e-05,SIMPLE,.cache/building_peft_topic_decision_20260916/fits/SIMPLE_Rat_lodging_Jeannette_H3_lr3e-05_seed61680/prediction32.npz,5be4c6ce166f1872d6b988bb59218cdbe83a6feff55cc8645b58aafc309bb0fa,1.841624418253369,2.141671466032664,2.5175944746178462,DISCOVERY,1.2208735203467709,61680,32,3.4063709990296047,
Rat_lodging_Jeannette,3,Rat_lodging_Jeannette_H3,SIMPLE_Rat_lodging_Jeannette_H3_lr3e-05_seed61680,1.367050984806978,3e-05,SIMPLE,.cache/building_peft_topic_decision_20260916/fits/SIMPLE_Rat_lodging_Jeannette_H3_lr3e-05_seed61680/prediction120.npz,984aa7380bfda1692a2798b85c179af2fd8fe023c712af400ec343df16239a98,1.9363118826208727,2.275037832260132,2.6470370660303177,DISCOVERY,1.2801696475904236,61680,120,12.8015489410609,
Rat_lodging_Jeannette,3,Rat_lodging_Jeannette_H3,CANDIDATE_Rat_lodging_Jeannette_H3_lr3e-05_seed61680,1.367050984806978,3e-05,CANDIDATE,.cache/building_peft_topic_decision_20260916/fits/CANDIDATE_Rat_lodging_Jeannette_H3_lr3e-05_seed61680/prediction0.npz,ab6f40d2152fa575b509a90827feb06462fd2e770d243b880fbd6445cadc9614,1.8279029410493945,2.120924271345139,2.4988365156931462,DISCOVERY,1.2102859066843175,61680,0,0.0,
Rat_lodging_Jeannette,3,Rat_lodging_Jeannette_H3,CANDIDATE_Rat_lodging_Jeannette_H3_lr3e-05_seed61680,1.367050984806978,3e-05,CANDIDATE,.cache/building_peft_topic_decision_20260916/fits/CANDIDATE_Rat_lodging_Jeannette_H3_lr3e-05_seed61680/prediction2.npz,f493577a89946abf55c928e71d4e9664ba9fbcd5e0f2bf9fd477e40dda573759,1.8283310383099394,2.1215966216723126,2.4994217464747672,DISCOVERY,1.2106459207002898,61680,2,0.2090206729772035,
Rat_lodging_Jeannette,3,Rat_lodging_Jeannette_H3,CANDIDATE_Rat_lodging_Jeannette_H3_lr3e-05_seed61680,1.367050984806978,3e-05,CANDIDATE,.cache/building_peft_topic_decision_20260916/fits/CANDIDATE_Rat_lodging_Jeannette_H3_lr3e-05_seed61680/prediction8.npz,cfbc87c2e8a13eceab1484220d8eeed7a000bf4294394e75953cd76bc4327731,1.8303159121469608,2.124624398549398,2.502135170208385,DISCOVERY,1.2122068239530805,61680,8,0.832807247992605,
Rat_lodging_Jeannette,3,Rat_lodging_Jeannette_H3,CANDIDATE_Rat_lodging_Jeannette_H3_lr3e-05_seed61680,1.367050984806978,3e-05,CANDIDATE,.cache/building_peft_topic_decision_20260916/fits/CANDIDATE_Rat_lodging_Jeannette_H3_lr3e-05_seed61680/prediction32.npz,0d31d452cf456d1af6f722ebe64584c7475e5af4186385478d351065643e3fb1,1.841516661737456,2.1415422232945764,2.517447165966648,DISCOVERY,1.220885553141495,61680,32,3.3369643499609083,
Rat_lodging_Jeannette,3,Rat_lodging_Jeannette_H3,CANDIDATE_Rat_lodging_Jeannette_H3_lr3e-05_seed61680,1.367050984806978,3e-05,CANDIDATE,.cache/building_peft_topic_decision_20260916/fits/CANDIDATE_Rat_lodging_Jeannette_H3_lr3e-05_seed61680/prediction120.npz,6e725224e00854bb30b61b2cfda779250889e576f24d0aa48333211f1e77ca45,1.9429862879047988,2.287186878124873,2.65616131834671,DISCOVERY,1.2931276750775376,61680,120,12.658226988016395,
Rat_lodging_Jeannette,3,Rat_lodging_Jeannette_H3,SIMPLE_Rat_lodging_Jeannette_H3_lr0.0001_seed61680,1.367050984806978,0.0001,SIMPLE,.cache/building_peft_topic_decision_20260916/fits/SIMPLE_Rat_lodging_Jeannette_H3_lr0.0001_seed61680/prediction0.npz,ab6f40d2152fa575b509a90827feb06462fd2e770d243b880fbd6445cadc9614,1.8279029410493945,2.120924271345139,2.4988365156931462,DISCOVERY,1.2102859066843175,61680,0,0.0,
Rat_lodging_Jeannette,3,Rat_lodging_Jeannette_H3,SIMPLE_Rat_lodging_Jeannette_H3_lr0.0001_seed61680,1.367050984806978,0.0001,SIMPLE,.cache/building_peft_topic_decision_20260916/fits/SIMPLE_Rat_lodging_Jeannette_H3_lr0.0001_seed61680/prediction2.npz,fec9415325958429b961e9ec2b1bc894a07adf837a30274e46b6c4f470660389,1.8293781118862047,2.1232336334387463,2.5008531494383663,DISCOVERY,1.2115201108484726,61680,2,0.21416400503949262,
Rat_lodging_Jeannette,3,Rat_lodging_Jeannette_H3,SIMPLE_Rat_lodging_Jeannette_H3_lr0.0001_seed61680,1.367050984806978,0.0001,SIMPLE,.cache/building_peft_topic_decision_20260916/fits/SIMPLE_Rat_lodging_Jeannette_H3_lr0.0001_seed61680/prediction8.npz,2499c1d26304c16f32a18b9fc53329a27daf0e46725c9d60d295a4d5f6cade6f,1.8373648067759605,2.135324366092682,2.51177136855276,DISCOVERY,1.2176620006352339,61680,8,0.8438022980408277,
Rat_lodging_Jeannette,3,Rat_lodging_Jeannette_H3,SIMPLE_Rat_lodging_Jeannette_H3_lr0.0001_seed61680,1.367050984806978,0.0001,SIMPLE,.cache/building_peft_topic_decision_20260916/fits/SIMPLE_Rat_lodging_Jeannette_H3_lr0.0001_seed61680/prediction32.npz,56878c0698efa885c5befe305f1d53a26d45b5a59775921637c08b525678d522,1.907560222004327,2.2372623505194986,2.607732080069633,DISCOVERY,1.2684491821418538,61680,32,3.375547360017663,
Rat_lodging_Jeannette,3,Rat_lodging_Jeannette_H3,SIMPLE_Rat_lodging_Jeannette_H3_lr0.0001_seed61680,1.367050984806978,0.0001,SIMPLE,.cache/building_peft_topic_decision_20260916/fits/SIMPLE_Rat_lodging_Jeannette_H3_lr0.0001_seed61680/prediction120.npz,1b6dbf6c03643a48ea5cf2e6223b9ed75e55ed72672737ab414271c040b79a57,2.0285174536561863,2.3877488744258883,2.773086782718833,DISCOVERY,1.2997384229299773,61680,120,12.756289487995673,
Rat_lodging_Jeannette,3,Rat_lodging_Jeannette_H3,CANDIDATE_Rat_lodging_Jeannette_H3_lr0.0001_seed61680,1.367050984806978,0.0001,CANDIDATE,.cache/building_peft_topic_decision_20260916/fits/CANDIDATE_Rat_lodging_Jeannette_H3_lr0.0001_seed61680/prediction0.npz,ab6f40d2152fa575b509a90827feb06462fd2e770d243b880fbd6445cadc9614,1.8279029410493945,2.120924271345139,2.4988365156931462,DISCOVERY,1.2102859066843175,61680,0,0.0,
Rat_lodging_Jeannette,3,Rat_lodging_Jeannette_H3,CANDIDATE_Rat_lodging_Jeannette_H3_lr0.0001_seed61680,1.367050984806978,0.0001,CANDIDATE,.cache/building_peft_topic_decision_20260916/fits/CANDIDATE_Rat_lodging_Jeannette_H3_lr0.0001_seed61680/prediction2.npz,9fba5741be62ac03e18231f573863f8cae4d3af8b77c2539c387da9c1f4ae731,1.8293777877163835,2.1232331864039105,2.5008527062816928,DISCOVERY,1.2115200454505923,61680,2,0.21410275701782666,
Rat_lodging_Jeannette,3,Rat_lodging_Jeannette_H3,CANDIDATE_Rat_lodging_Jeannette_H3_lr0.0001_seed61680,1.367050984806978,0.0001,CANDIDATE,.cache/building_peft_topic_decision_20260916/fits/CANDIDATE_Rat_lodging_Jeannette_H3_lr0.0001_seed61680/prediction8.npz,b7386880a82f1f578bd8d8962c790d592a564e14ae7b1092b93e9e854198a1dd,1.8373340241431122,2.135287212530772,2.5117292871242096,DISCOVERY,1.217665581393239,61680,8,0.8405413870059419,
Rat_lodging_Jeannette,3,Rat_lodging_Jeannette_H3,CANDIDATE_Rat_lodging_Jeannette_H3_lr0.0001_seed61680,1.367050984806978,0.0001,CANDIDATE,.cache/building_peft_topic_decision_20260916/fits/CANDIDATE_Rat_lodging_Jeannette_H3_lr0.0001_seed61680/prediction32.npz,91e5f335b2f71167bc7c30be9f8557248ddba76725363f551c69a45cae7e90c6,1.911094870679399,2.243647830883662,2.6125641250218368,DISCOVERY,1.2746872183011106,61680,32,3.372559127979912,
Rat_lodging_Jeannette,3,Rat_lodging_Jeannette_H3,CANDIDATE_Rat_lodging_Jeannette_H3_lr0.0001_seed61680,1.367050984806978,0.0001,CANDIDATE,.cache/building_peft_topic_decision_20260916/fits/CANDIDATE_Rat_lodging_Jeannette_H3_lr0.0001_seed61680/prediction120.npz,d584e12f37ee56ab60863d3310b994303e9e53b00869c472c99a5249ab7635c5,2.0579227813053835,2.430936467846235,2.81328536484024,DISCOVERY,1.3394979404349323,61680,120,12.714441991061904,
Rat_lodging_Jeannette,14,Rat_lodging_Jeannette_H14,SIMPLE_Rat_lodging_Jeannette_H14_lr3e-05_seed61680,2.147012479012177,3e-05,SIMPLE,.cache/building_peft_topic_decision_20260916/fits/SIMPLE_Rat_lodging_Jeannette_H14_lr3e-05_seed61680/prediction0.npz,aecebe81b565c64013bd4ae648c0b9df50d03e2069ce87ed5b295a2130627581,1.1638667870448711,2.120924271345139,2.4988365156931462,DISCOVERY,0.7706161733126184,61680,0,0.0,
Rat_lodging_Jeannette,14,Rat_lodging_Jeannette_H14,SIMPLE_Rat_lodging_Jeannette_H14_lr3e-05_seed61680,2.147012479012177,3e-05,SIMPLE,.cache/building_peft_topic_decision_20260916/fits/SIMPLE_Rat_lodging_Jeannette_H14_lr3e-05_seed61680/prediction13.npz,81fad4226d2d757b5ebf984a06ed19c433bbc7bce4150b2193ef0219683cc92d,1.1649611899759273,2.1230822277069095,2.5011862124431916,DISCOVERY,0.7714578285443858,61680,13,1.3547659550386015,
Rat_lodging_Jeannette,14,Rat_lodging_Jeannette_H14,SIMPLE_Rat_lodging_Jeannette_H14_lr3e-05_seed61680,2.147012479012177,3e-05,SIMPLE,.cache/building_peft_topic_decision_20260916/fits/SIMPLE_Rat_lodging_Jeannette_H14_lr3e-05_seed61680/prediction52.npz,0d46fafd41cf999b58d85c0026b78700ff5afc9e7ce38b7762c5ba46bb25ddf6,1.1672455619859605,2.1278502019246424,2.506090787655439,DISCOVERY,0.7734785130124348,61680,52,5.480861952935811,
Rat_lodging_Jeannette,14,Rat_lodging_Jeannette_H14,SIMPLE_Rat_lodging_Jeannette_H14_lr3e-05_seed61680,2.147012479012177,3e-05,SIMPLE,.cache/building_peft_topic_decision_20260916/fits/SIMPLE_Rat_lodging_Jeannette_H14_lr3e-05_seed61680/prediction120.npz,cb8ebb63a1d660ff9e4be133cce694350e3438b1c1c31d9bf9c1334eaea85319,1.1740120091593487,2.1409204077720645,2.52061843417528,DISCOVERY,0.7786275260976385,61680,120,12.71894532587612,
Rat_lodging_Jeannette,14,Rat_lodging_Jeannette_H14,SIMPLE_Rat_lodging_Jeannette_H14_lr3e-05_seed61680,2.147012479012177,3e-05,SIMPLE,.cache/building_peft_topic_decision_20260916/fits/SIMPLE_Rat_lodging_Jeannette_H14_lr3e-05_seed61680/prediction208.npz,35a0771dab89e062a8ea8d7e13ec969cbcfe503564babc797faa69f47a97a245,1.1869820279973475,2.1648631763458255,2.5484652264734864,DISCOVERY,0.7876617098159046,61680,208,22.071483066829387,
Rat_lodging_Jeannette,14,Rat_lodging_Jeannette_H14,CANDIDATE_Rat_lodging_Jeannette_H14_lr3e-05_seed61680,2.147012479012177,3e-05,CANDIDATE,.cache/building_peft_topic_decision_20260916/fits/CANDIDATE_Rat_lodging_Jeannette_H14_lr3e-05_seed61680/prediction0.npz,aecebe81b565c64013bd4ae648c0b9df50d03e2069ce87ed5b295a2130627581,1.1638667870448711,2.120924271345139,2.4988365156931462,DISCOVERY,0.7706161733126184,61680,0,0.0,
Rat_lodging_Jeannette,14,Rat_lodging_Jeannette_H14,CANDIDATE_Rat_lodging_Jeannette_H14_lr3e-05_seed61680,2.147012479012177,3e-05,CANDIDATE,.cache/building_peft_topic_decision_20260916/fits/CANDIDATE_Rat_lodging_Jeannette_H14_lr3e-05_seed61680/prediction13.npz,9822eef8c5560929e8cb9be79fa6a30d75cc8d10b5a7ca8a3be3e3de6084fd8d,1.1649625894475244,2.1230854662259424,2.5011892171261745,DISCOVERY,0.7714584157719384,61680,13,1.3723063189827371,
Rat_lodging_Jeannette,14,Rat_lodging_Jeannette_H14,CANDIDATE_Rat_lodging_Jeannette_H14_lr3e-05_seed61680,2.147012479012177,3e-05,CANDIDATE,.cache/building_peft_topic_decision_20260916/fits/CANDIDATE_Rat_lodging_Jeannette_H14_lr3e-05_seed61680/prediction52.npz,34aee5fdb6d086dfdceb22679fc6331a9160a477b29cba5fd25d8dfdfde93dfa,1.1672365192596665,2.1278052798906963,2.5060713728092416,DISCOVERY,0.7734280106188787,61680,52,5.468356934026815,
Rat_lodging_Jeannette,14,Rat_lodging_Jeannette_H14,CANDIDATE_Rat_lodging_Jeannette_H14_lr3e-05_seed61680,2.147012479012177,3e-05,CANDIDATE,.cache/building_peft_topic_decision_20260916/fits/CANDIDATE_Rat_lodging_Jeannette_H14_lr3e-05_seed61680/prediction120.npz,9ae75fa6f76067ab060213bf2d14ace298dd960fd0c87be39c03376cd28ee514,1.173731659408497,2.1400808167457583,2.5200165197617137,DISCOVERY,0.7780749796242983,61680,120,12.741768007079372,
Rat_lodging_Jeannette,14,Rat_lodging_Jeannette_H14,CANDIDATE_Rat_lodging_Jeannette_H14_lr3e-05_seed61680,2.147012479012177,3e-05,CANDIDATE,.cache/building_peft_topic_decision_20260916/fits/CANDIDATE_Rat_lodging_Jeannette_H14_lr3e-05_seed61680/prediction208.npz,ac3e30d69045da15cdf5de4004a16267bff88b6ae52f81bd72bb78b51c89226a,1.185093749957106,2.1598923575878146,2.5444110699572433,DISCOVERY,0.7852773077470123,61680,208,22.09963218701887,
Rat_lodging_Jeannette,14,Rat_lodging_Jeannette_H14,SIMPLE_Rat_lodging_Jeannette_H14_lr0.0001_seed61680,2.147012479012177,0.0001,SIMPLE,.cache/building_peft_topic_decision_20260916/fits/SIMPLE_Rat_lodging_Jeannette_H14_lr0.0001_seed61680/prediction0.npz,aecebe81b565c64013bd4ae648c0b9df50d03e2069ce87ed5b295a2130627581,1.1638667870448711,2.120924271345139,2.4988365156931462,DISCOVERY,0.7706161733126184,61680,0,0.0,
Rat_lodging_Jeannette,14,Rat_lodging_Jeannette_H14,SIMPLE_Rat_lodging_Jeannette_H14_lr0.0001_seed61680,2.147012479012177,0.0001,SIMPLE,.cache/building_peft_topic_decision_20260916/fits/SIMPLE_Rat_lodging_Jeannette_H14_lr0.0001_seed61680/prediction13.npz,7c45bc953b5ab4371177f8d9e6d6c6eb86a2bd37437cf98d27ca88fae1eadce6,1.1675857158295648,2.128251569668452,2.5068211022024416,DISCOVERY,0.7734083483810046,61680,13,1.3746308440167923,
Rat_lodging_Jeannette,14,Rat_lodging_Jeannette_H14,SIMPLE_Rat_lodging_Jeannette_H14_lr0.0001_seed61680,2.147012479012177,0.0001,SIMPLE,.cache/building_peft_topic_decision_20260916/fits/SIMPLE_Rat_lodging_Jeannette_H14_lr0.0001_seed61680/prediction52.npz,3344cbee765c025a527d8db82b58df68e2a1ab867a2ae0b7bc26262df0acc052,1.1791397612339052,2.1514355313777926,2.5316277818686337,DISCOVERY,0.7823967329793191,61680,52,5.517019619990606,
Rat_lodging_Jeannette,14,Rat_lodging_Jeannette_H14,SIMPLE_Rat_lodging_Jeannette_H14_lr0.0001_seed61680,2.147012479012177,0.0001,SIMPLE,.cache/building_peft_topic_decision_20260916/fits/SIMPLE_Rat_lodging_Jeannette_H14_lr0.0001_seed61680/prediction120.npz,c3986a18235eb6924eea43a954349e2bdd53066c94713685783ef217e4e52e03,1.1992231218142655,2.1826613020896914,2.5747470076551684,DISCOVERY,0.7962042260382955,61680,120,12.78360608505318,
Rat_lodging_Jeannette,14,Rat_lodging_Jeannette_H14,SIMPLE_Rat_lodging_Jeannette_H14_lr0.0001_seed61680,2.147012479012177,0.0001,SIMPLE,.cache/building_peft_topic_decision_20260916/fits/SIMPLE_Rat_lodging_Jeannette_H14_lr0.0001_seed61680/prediction208.npz,325d58a2f82ce707450843056b376013d494a64ddac59097f08ab2eae8dce105,1.1724524078720326,2.1201035920778915,2.517269950749129,DISCOVERY,0.782761798697712,61680,208,22.075115662184544,
Rat_lodging_Jeannette,14,Rat_lodging_Jeannette_H14,CANDIDATE_Rat_lodging_Jeannette_H14_lr0.0001_seed61680,2.147012479012177,0.0001,CANDIDATE,.cache/building_peft_topic_decision_20260916/fits/CANDIDATE_Rat_lodging_Jeannette_H14_lr0.0001_seed61680/prediction0.npz,aecebe81b565c64013bd4ae648c0b9df50d03e2069ce87ed5b295a2130627581,1.1638667870448711,2.120924271345139,2.4988365156931462,DISCOVERY,0.7706161733126184,61680,0,0.0,
Rat_lodging_Jeannette,14,Rat_lodging_Jeannette_H14,CANDIDATE_Rat_lodging_Jeannette_H14_lr0.0001_seed61680,2.147012479012177,0.0001,CANDIDATE,.cache/building_peft_topic_decision_20260916/fits/CANDIDATE_Rat_lodging_Jeannette_H14_lr0.0001_seed61680/prediction13.npz,9468df77870867e2d5ff1e815e6ca8e15b4ad37a2f7631e6dd53057270ced48e,1.1676007052612298,2.1282857231299084,2.5068532846992793,DISCOVERY,0.7734145118103142,61680,13,1.341790403064806,
Rat_lodging_Jeannette,14,Rat_lodging_Jeannette_H14,CANDIDATE_Rat_lodging_Jeannette_H14_lr0.0001_seed61680,2.147012479012177,0.0001,CANDIDATE,.cache/building_peft_topic_decision_20260916/fits/CANDIDATE_Rat_lodging_Jeannette_H14_lr0.0001_seed61680/prediction52.npz,11220eb9d2607a08f5037411524939d705305c39dfa1b032b686d307dc75d191,1.1786859024423446,2.150065657695135,2.5306533413794434,DISCOVERY,0.7815272670462888,61680,52,5.420600832061609,
Rat_lodging_Jeannette,14,Rat_lodging_Jeannette_H14,CANDIDATE_Rat_lodging_Jeannette_H14_lr0.0001_seed61680,2.147012479012177,0.0001,CANDIDATE,.cache/building_peft_topic_decision_20260916/fits/CANDIDATE_Rat_lodging_Jeannette_H14_lr0.0001_seed61680/prediction120.npz,5840fbd4321844c77fc78cec416f551584caabba8697b136d28a146dab67f158,1.1966089739949142,2.1753840319315594,2.5691343996650384,DISCOVERY,0.7926945647299275,61680,120,12.547084084857488,
Rat_lodging_Jeannette,14,Rat_lodging_Jeannette_H14,CANDIDATE_Rat_lodging_Jeannette_H14_lr0.0001_seed61680,2.147012479012177,0.0001,CANDIDATE,.cache/building_peft_topic_decision_20260916/fits/CANDIDATE_Rat_lodging_Jeannette_H14_lr0.0001_seed61680/prediction208.npz,c319bb39a65a57a6595a1c32e6809696d7b54e470a5c257a189373e36aabb1f4,1.1866972228513981,2.1445085748036705,2.547853746271046,DISCOVERY,0.7858287325322442,61680,208,22.00016309658531,
