panel,kind,condition,stratum,contexts,fraction,status,C3_nmae,RECENCY_nmae,gain_pct,ci_low_pct,ci_high_pct,total,gate,weights,weighted_total,weighted_gate,weighted_weights,bootstrap_nonempty,posthoc,gate_low,gate_high,weights_low,weights_high,total_low,total_high
electricity,standard,REFERENCE,ALL,1024,1.0,SCORED,0.16749555483628273,0.1673959045723357,-0.059529690527160284,-0.1728368489372184,0.031673737015288625,-9.965026394703758e-05,4.648863560216543e-05,-0.000146138899549203,-9.965026394703758e-05,4.648863560216543e-05,-0.000146138899549203,2000.0,True,-3.9207785065890896e-05,0.0001579697206610667,-0.0002993182708864336,-2.2680359568756425e-05,-0.00030300699160189655,5.25600058270112e-05
electricity,standard,REFERENCE,EQUAL,408,0.3984375,SCORED,0.06663853311663313,0.06663281711387609,-0.008578359740174513,-0.11951260281692744,0.09662865157279932,-5.7160027570474226e-06,0.0,-5.7160027570474226e-06,-2.2774698485110824e-06,0.0,-2.2774698485110824e-06,2000.0,True,0.0,0.0,-7.903657611195401e-05,6.445764144520055e-05,-7.903657611195401e-05,6.445764144520055e-05
electricity,standard,REFERENCE,DIFFERENT,616,0.6015625,SCORED,0.23429695883241422,0.23413509236949726,-0.06913378993249619,-0.19755139443893788,0.038552942164732644,-0.00016186646291696527,7.727980983228411e-05,-0.00023914627274924938,-9.737279409848692e-05,4.648863560223341e-05,-0.00014386142970072033,2000.0,True,-6.581971548892188e-05,0.00025648536067456447,-0.0004798054143736387,-4.291377659707135e-05,-0.0004857881583601585,8.609990412549229e-05
electricity,standard,POINT4,ALL,1024,1.0,SCORED,0.16834729700375772,0.16825061267348218,-0.057464474416613065,-0.16244168397498482,0.02946103632912753,-9.668433027554268e-05,5.0608991141787296e-05,-0.00014729332141732998,-9.668433027554268e-05,5.0608991141787296e-05,-0.00014729332141732998,2000.0,True,-2.8008471479953888e-05,0.000162470734284735,-0.0002987026092944163,-2.641674436080733e-05,-0.0002864698188708652,4.5611557679541694e-05
electricity,standard,POINT4,EQUAL,10,0.009765625,SCORED,0.19884337588012424,0.1985957118792324,-0.12470762764629217,-0.39380194404389557,0.10765578795249946,-0.0002476640008918507,0.0,-0.0002476640008918507,-2.4185937587094795e-06,0.0,-2.4185937587094795e-06,2000.0,True,0.0,0.0,-0.000747293344351583,0.0002153630427174134,-0.000747293344351583,0.0002153630427174134
electricity,standard,POINT4,DIFFERENT,1014,0.990234375,SCORED,0.16804654671898092,0.16795135134009218,-0.05668032923176192,-0.16219565154498683,0.030134399292787373,-9.519537888874607e-05,5.110809361855151e-05,-0.00014630347250729758,-9.426573651678566e-05,5.060899114180784e-05,-0.0001448747276585935,2000.0,True,-2.8270041803736893e-05,0.00016370446505094345,-0.00029958503175150155,-2.442597010561899e-05,-0.0002870376154468751,4.799161977983715e-05
electricity,standard,POINT8,ALL,1024,1.0,SCORED,0.1697957970510627,0.16965540338937826,-0.08275224889962018,-0.20317967672108805,0.013650754791072448,-0.0001403936616844459,2.6065754666959595e-05,-0.0001664594163514055,-0.0001403936616844459,2.6065754666959595e-05,-0.0001664594163514055,2000.0,True,-8.251555197329244e-05,0.00015463844073972214,-0.00031097094031122335,-5.052566190839644e-05,-0.0003635148444901287,2.2687620626335437e-05
electricity,standard,POINT8,EQUAL,0,0.0,EMPTY_INPUT_STRATUM,,,,,,,,,,,,,,,,,,,
electricity,standard,POINT8,DIFFERENT,1024,1.0,SCORED,0.1697957970510627,0.16965540338937826,-0.08275224889962018,-0.20317967672108805,0.013650754791072448,-0.0001403936616844459,2.6065754666959595e-05,-0.0001664594163514055,-0.0001403936616844459,2.6065754666959595e-05,-0.0001664594163514055,2000.0,True,-8.251555197329244e-05,0.00015463844073972214,-0.00031097094031122335,-5.052566190839644e-05,-0.0003635148444901287,2.2687620626335437e-05
electricity,standard,POINT16,ALL,1024,1.0,SCORED,0.1706838011741724,0.17042453155017787,-0.15213163365404014,-0.3912461530641981,0.006013285983950329,-0.00025926962399452913,-6.273121510277924e-05,-0.0001965384088917499,-0.00025926962399452913,-6.273121510277924e-05,-0.0001965384088917499,2000.0,True,-0.00030859097679160374,0.0001233927369030991,-0.00039679284632568936,-4.776019251485215e-05,-0.0006858286303166629,9.939418854115602e-06
electricity,standard,POINT16,EQUAL,0,0.0,EMPTY_INPUT_STRATUM,,,,,,,,,,,,,,,,,,,
electricity,standard,POINT16,DIFFERENT,1024,1.0,SCORED,0.1706838011741724,0.17042453155017787,-0.15213163365404014,-0.3912461530641981,0.006013285983950329,-0.00025926962399452913,-6.273121510277924e-05,-0.0001965384088917499,-0.00025926962399452913,-6.273121510277924e-05,-0.0001965384088917499,2000.0,True,-0.00030859097679160374,0.0001233927369030991,-0.00039679284632568936,-4.776019251485215e-05,-0.0006858286303166629,9.939418854115602e-06
electricity,standard,BURST4,ALL,1024,1.0,SCORED,0.17006097129678388,0.16985238734679228,-0.12280307227341414,-0.3071752681682216,0.00241123966275041,-0.00020858394999159757,-1.633561743091816e-05,-0.00019224833256067941,-0.00020858394999159757,-1.633561743091816e-05,-0.00019224833256067941,2000.0,True,-0.0001748663258600347,0.00011703626517396591,-0.00037837861549418276,-4.603183810125991e-05,-0.0005403472768628875,3.7363977908738286e-06
electricity,standard,BURST4,EQUAL,11,0.0107421875,SCORED,0.020456981459625958,0.020477006667632674,0.09779362937049063,-0.47636658051775804,0.3530032603194493,2.0025208006715922e-05,0.0,2.0025208006715922e-05,2.151145391346437e-07,0.0,2.151145391346437e-07,2000.0,True,0.0,0.0,-5.6413437013365894e-05,0.00013196963218898162,-5.6413437013365894e-05,0.00013196963218898162
electricity,standard,BURST4,DIFFERENT,1013,0.9892578125,SCORED,0.17168549635918148,0.17147442998003096,-0.1230891271515544,-0.30714360871554713,0.0022127788415853868,-0.00021106637915052628,-1.651300320754112e-05,-0.00019455337594298516,-0.00020879906453074524,-1.6335617430897613e-05,-0.00019246344709984763,2000.0,True,-0.00017685447884258285,0.00011787133423813413,-0.0003817161931360599,-4.624421983551801e-05,-0.0005434099724273341,3.731333983475388e-06
electricity,standard,BURST8,ALL,1024,1.0,SCORED,0.17990124371522076,0.17977171861905386,-0.07204976242196626,-0.13513956410427908,0.003954355984953032,-0.00012952509616689922,5.1051169962526566e-05,-0.0001805762661294258,-0.00012952509616689922,5.1051169962526566e-05,-0.0001805762661294258,2000.0,True,-3.92490871053492e-05,0.00015529608166195682,-0.0002977807756045198,-5.94959495041913e-05,-0.0002617594008189485,6.692438189018098e-06
electricity,standard,BURST8,EQUAL,11,0.0107421875,SCORED,0.0705203066848472,0.07014829664026187,-0.5303194267040956,-0.9263899181186613,-0.035209506240801075,-0.0003720100445853275,0.0,-0.0003720100445853275,-3.996201650818948e-06,0.0,-3.996201650818948e-06,2000.0,True,0.0,0.0,-0.0009306474276458719,-1.2479989629613173e-05,-0.0009306474276458719,-1.2479989629613173e-05
electricity,standard,BURST8,DIFFERENT,1013,0.9892578125,SCORED,0.1810889932782357,0.18096210128614842,-0.07012075522190298,-0.13370222359975426,0.005213791734820129,-0.00012689199208726354,5.160552620103731e-05,-0.00017849751828830085,-0.00012552889451601364,5.1051169962549605e-05,-0.00017658006447856324,2000.0,True,-3.988786756524663e-05,0.0001568622544064728,-0.00029615850967098096,-5.7164749008234826e-05,-0.000260039813189545,9.19562715291208e-06
electricity,standard,BURST16,ALL,1024,1.0,SCORED,0.1785705344742012,0.1783647863295239,-0.11535244647291609,-0.2192066158996192,-0.030834431406509013,-0.0002057481446773035,-6.739638685564209e-05,-0.00013835175782166143,-0.0002057481446773035,-6.739638685564209e-05,-0.00013835175782166143,2000.0,True,-0.000191930235980187,4.277480273586415e-05,-0.0002771718590335075,1.6068964406807173e-05,-0.00038751899475229085,-5.3320227027415386e-05
electricity,standard,BURST16,EQUAL,7,0.0068359375,SCORED,0.07271044192174482,0.07169584110477871,-1.4151459852229653,-3.470367841096045,1.9902696492499787,-0.0010146008169661103,0.0,-0.0010146008169661103,-6.935747772229269e-06,0.0,-6.935747772229269e-06,1997.0,True,0.0,0.0,-0.002203901735303812,0.0003594692600202435,-0.002203901735303812,0.0003594692600202435
electricity,standard,BURST16,DIFFERENT,1017,0.9931640625,SCORED,0.1792991683462437,0.17909898752576114,-0.11177105088535644,-0.21604510751895845,-0.026552573306988854,-0.00020018082048256503,-6.786027545739592e-05,-0.0001323205450251691,-0.0001988123969050475,-6.739638685563638e-05,-0.0001314160100494111,2000.0,True,-0.00019294900121540856,4.306801290109642e-05,-0.00027219441834605703,2.1169989364726467e-05,-0.00038265230678076885,-4.658263589264884e-05
electricity,standard,SHIFT4,ALL,1024,1.0,SCORED,0.1894954045683174,0.1895749440555756,0.04195675101181795,-0.10325899733681476,0.18693738980706193,7.95394872581956e-05,1.4236266532699493e-05,6.53032207254961e-05,7.95394872581956e-05,1.4236266532699493e-05,6.53032207254961e-05,2000.0,True,-0.0002324246817210475,0.00024546124903417375,-0.00011353787417979835,0.00027786111581499514,-0.00019936924243933382,0.00035398050728930377
electricity,standard,SHIFT4,EQUAL,384,0.375,SCORED,0.07710595602838587,0.07723738084838223,0.17015701277385276,-0.05255301981624494,0.38896633855248824,0.00013142481999636746,0.0,0.00013142481999636746,4.92843074986378e-05,0.0,4.92843074986378e-05,2000.0,True,0.0,0.0,-4.2261565576108205e-05,0.000289591778820079,-4.2261565576108205e-05,0.000289591778820079
electricity,standard,SHIFT4,DIFFERENT,640,0.625,SCORED,0.25692907369227647,0.2569774819798916,0.01883756010144788,-0.15423875848809665,0.18649437199676341,4.84082876151537e-05,2.2778026452341393e-05,2.5630261162812307e-05,3.0255179759471063e-05,1.423626653271337e-05,1.601891322675769e-05,2000.0,True,-0.00036893281916515057,0.0003887800913288726,-0.0002605857812015288,0.0003645061857642077,-0.00039981546743794586,0.0004773854192255428
electricity,standard,SHIFT8,ALL,1024,1.0,SCORED,0.20089122722097222,0.20117550025329026,0.14130599002369904,0.04173440823351443,0.24464200546659506,0.0002842730323180387,0.0001312038557356593,0.0001530691765823794,0.0002842730323180387,0.0001312038557356593,0.0001530691765823794,2000.0,True,-3.0962777595974765e-05,0.0003797989944470036,2.3165756107586602e-05,0.0002622681638273296,8.318262466355183e-05,0.000530191833298485
electricity,standard,SHIFT8,EQUAL,456,0.4453125,SCORED,0.11267224244991764,0.11296968810830328,0.2632968749108011,0.16258606800600317,0.3737360858178345,0.00029744565838564496,0.0,0.00029744565838564496,0.00013245626974985752,0.0,0.00013245626974985752,2000.0,True,0.0,0.0,0.0001908779327631425,0.0004126676102012296,0.0001908779327631425,0.0004126676102012296
electricity,standard,SHIFT8,DIFFERENT,568,0.5546875,SCORED,0.27171491922026964,0.27198861704574445,0.10062841175032533,-0.032197106211552806,0.2346670414196374,0.0002736978254748168,0.00023653652865013308,3.716129682468372e-05,0.00015181676256806245,0.0001312038557356207,2.061290683244175e-05,2000.0,True,-5.6587873844199385e-05,0.0006697269512885781,-0.00017144349716863294,0.00021846272618269638,-8.816487069720005e-05,0.000706489299501157
electricity,standard,SHIFT_POINT,ALL,1024,1.0,SCORED,0.19362999136858625,0.19376495726375442,0.06965443962319018,-0.02952540035080664,0.16497146531365883,0.00013496589516817648,6.572940640967029e-05,6.923648875850619e-05,0.00013496589516817648,6.572940640967029e-05,6.923648875850619e-05,2000.0,True,-0.00016510538327104,0.0002939732362939875,-9.68390913403911e-05,0.0002329223631632671,-5.706891983082024e-05,0.00031955992500521584
electricity,standard,SHIFT_POINT,EQUAL,1,0.0009765625,SCORED,0.18459742001372245,0.1932512457261141,4.478018074282586,4.478018074282586,4.478018074282586,0.00865382571239165,0.0,0.00865382571239165,8.45100167225747e-06,0.0,8.45100167225747e-06,1268.0,True,0.0,0.0,0.00865382571239165,0.00865382571239165,0.00865382571239165,0.00865382571239165
electricity,standard,SHIFT_POINT,DIFFERENT,1023,0.9990234375,SCORED,0.19363882086160178,0.1937654594255703,0.06535662462440195,-0.034163700917824724,0.16013445176254554,0.00012663856396852302,6.579365802884818e-05,6.084490593967484e-05,0.0001265148934958975,6.572940640967938e-05,6.078548708621813e-05,2000.0,True,-0.00016542682811888156,0.0002942512149998247,-0.00010468347071112202,0.00022245673757102365,-6.597242078987611e-05,0.0003096174072038736
electricity,standard,FAULT,ALL,6144,1.0,SCORED,0.17289327411919977,0.17271990665140144,-0.10037491981063074,-0.21668677626375643,-0.009660874693829324,-0.00017336746779833545,-3.1228839362934524e-06,-0.000170244583862042,-0.00017336746779833545,-3.1228839362934524e-06,-0.000170244583862042,2000.0,True,-0.00011172829518918368,0.00011673999321016378,-0.0003074377907208544,-4.8611137923695284e-05,-0.0003949801165482783,-1.6059412794179088e-05
electricity,standard,FAULT,EQUAL,39,0.00634765625,SCORED,0.08969633389340155,0.08935144469006705,-0.3859917481254138,-0.7283060050911672,-0.0992453410170602,-0.000344889203334503,0.0,-0.000344889203334503,-2.189238107103779e-06,0.0,-2.189238107103779e-06,2000.0,True,0.0,0.0,-0.0006520253189762134,-8.777398263051048e-05,-0.0006520253189762134,-8.777398263051048e-05
electricity,standard,FAULT,DIFFERENT,6105,0.99365234375,SCORED,0.17342475334422947,0.17325248159267773,-0.09943393016254021,-0.21621619241857015,-0.008202266635489761,-0.00017227175155173913,-3.142833563452019e-06,-0.0001691289179882871,-0.0001711782296913033,-3.122883936340263e-06,-0.00016805534575496303,2000.0,True,-0.00011257382017980586,0.00011737699277950499,-0.00030737492888918835,-4.5831271703367117e-05,-0.00039453177476914125,-1.3112987869764346e-05
electricity,shape,STEP6_D17,ALL,512,1.0,SCORED,0.23605903374839388,0.2366581631597158,0.2531623685921969,0.08254329051179149,0.47256124406846556,0.0005991294113219248,6.157802727251027e-05,0.0005375513840494145,0.0005991294113219248,6.157802727251027e-05,0.0005375513840494145,2000.0,True,-0.00020403419314490474,0.00040450250028262744,0.0002975030406772921,0.0008013818989032102,0.00020703014916477678,0.0010468035616670176
electricity,shape,STEP6_D17,EQUAL,215,0.419921875,SCORED,0.12463954119374554,0.12532091091127281,0.5436999400759923,0.3656845393923677,0.7410143573667368,0.0006813697175272748,0.0,0.0006813697175272748,0.0002861220493522736,0.0,0.0002861220493522736,2000.0,True,0.0,0.0,0.0004511083390997768,0.0008944286767566719,0.0004511083390997768,0.0008944286767566719
electricity,shape,STEP6_D17,DIFFERENT,297,0.580078125,SCORED,0.3167162421633751,0.31725583734629914,0.17008203456161386,-0.03159399148460473,0.43309616356803265,0.0005395951829240686,0.0001061547136818608,0.0004334404692422078,0.00031300736196962573,6.157802727248566e-05,0.0002514293346971401,2000.0,True,-0.00034391080740178855,0.0006862275152698605,8.545265192882873e-05,0.0008223031839952322,-0.00010532648592734006,0.0012881390970455708
electricity,shape,STEP6_D63,ALL,512,1.0,SCORED,0.19604961762979942,0.1957739272873247,-0.1408207652033644,-0.2310583505192071,-0.053084028981260724,-0.00027569034247471036,-7.603588658242066e-06,-0.0002680867538164683,-0.00027569034247471036,-7.603588658242066e-06,-0.0002680867538164683,2000.0,True,-0.000146798268175196,0.00013423456471548897,-0.0004059229391526073,-0.00014623885468935226,-0.0004312401815199679,-0.00010612682697551876
electricity,shape,STEP6_D63,EQUAL,225,0.439453125,SCORED,0.10571571127255248,0.10560001197393547,-0.10956371732757653,-0.19156512521308233,-0.015588591236553912,-0.00011569929861701689,0.0,-0.00011569929861701689,-5.084441833755625e-05,0.0,-5.084441833755625e-05,2000.0,True,0.0,0.0,-0.00020514072646831452,-1.5833368946208487e-05,-0.00020514072646831452,-1.5833368946208487e-05
electricity,shape,STEP6_D63,DIFFERENT,287,0.560546875,SCORED,0.2668688821955854,0.2664677633344069,-0.15053185276865388,-0.26865732898893324,-0.04331440034216484,-0.0004011188611784955,-1.3564590219533601e-05,-0.0003875542709589619,-0.00022484592413716446,-7.603588658215124e-06,-0.00021724233547894934,2000.0,True,-0.00026191438308957664,0.00023832595165879585,-0.0006494216577611997,-0.00015125747534106083,-0.000658815472579799,-0.00012900811812792284
electricity,shape,STEP12_D17,ALL,512,1.0,SCORED,0.29322235051179013,0.29489161207957904,0.5660593585613549,0.2866064049345682,0.8493661866587978,0.0016692615677889044,-0.00025479825990648575,0.0019240598276953902,0.0016692615677889044,-0.00025479825990648575,0.0019240598276953902,2000.0,True,-0.0008353464935057231,0.00023686724843621957,0.0015620286112640637,0.002304216235166513,0.0008887582934664198,0.002343666447671998
electricity,shape,STEP12_D17,EQUAL,215,0.419921875,SCORED,0.18093735753674653,0.18364139924229075,1.4724575812976703,1.2264272063302357,1.739858403900715,0.0027040417055442245,0.0,0.0027040417055442245,0.0011354862630703288,0.0,0.0011354862630703288,2000.0,True,0.0,0.0,0.002152736746792485,0.0032270890537777074,0.002152736746792485,0.0032270890537777074
electricity,shape,STEP12_D17,DIFFERENT,297,0.580078125,SCORED,0.37450609963513815,0.375426277938222,0.2451022629894939,-0.040460518134494694,0.5566672179391469,0.0009201783030838295,-0.0004392481786940905,0.00135942648177792,0.0005337753047185496,-0.00025479825990653296,0.0007885735646250825,2000.0,True,-0.0014116634645347493,0.000404777174567979,0.000897114510592921,0.0018379157275314705,-0.000155915629566615,0.001927419600267552
electricity,shape,STEP12_D63,ALL,512,1.0,SCORED,0.22132219668924547,0.2209144992128207,-0.18454989503970953,-0.26399914795655677,-0.09987978810133304,-0.00040769747642477316,2.1646164624508635e-05,-0.0004293436410492818,-0.00040769747642477316,2.1646164624508635e-05,-0.0004293436410492818,2000.0,True,-0.00013163267865945114,0.00020764471542246378,-0.0005432737629867294,-0.00032138795232741215,-0.0005692515022580232,-0.00022520318138720557
electricity,shape,STEP12_D63,EQUAL,261,0.509765625,SCORED,0.15176349878005668,0.1511133008302537,-0.4302718200387634,-0.5990318102770603,-0.2730629251142248,-0.0006501979498029775,0.0,-0.0006501979498029775,-0.00033144856425503346,0.0,-0.00033144856425503346,2000.0,True,0.0,0.0,-0.0008752890739953765,-0.00043199593566325425,-0.0008752890739953765,-0.00043199593566325425
electricity,shape,STEP12_D63,DIFFERENT,251,0.490234375,SCORED,0.2936521574633421,0.29349662183373704,-0.05299401016383154,-0.17931714575476265,0.07140714700360419,-0.00015553562960507472,4.415472624599848e-05,-0.0001996903558510732,-7.62489121696753e-05,2.164616462450316e-05,-9.789507679417846e-05,2000.0,True,-0.00025871655253787774,0.0004368445350196664,-0.0004343785016672513,4.4399698898784345e-05,-0.0004954069218833998,0.0002234509946714105
electricity,shape,STEP8_D31,ALL,512,1.0,SCORED,0.20771639665978858,0.2079250150166981,0.1003334576615389,-0.0003344824368156638,0.2240862790542117,0.00020861835690952346,9.579352047978107e-05,0.00011282483642974239,0.00020861835690952346,9.579352047978107e-05,0.00011282483642974239,2000.0,True,-6.370992597232137e-05,0.0002882041068790076,-6.7614117986e-06,0.00024231461161946182,-7.179258226713831e-07,0.00044581327274816686
electricity,shape,STEP8_D31,EQUAL,228,0.4453125,SCORED,0.1176755815994815,0.117959619759175,0.24079270539647535,0.10801160908244845,0.36589451309296744,0.00028403815969350876,0.0,0.00028403815969350876,0.00012648574298851562,0.0,0.00012648574298851562,2000.0,True,0.0,0.0,0.00012900460200528235,0.00042646634201384673,0.00012900460200528235,0.00042646634201384673
electricity,shape,STEP8_D31,DIFFERENT,284,0.5546875,SCORED,0.28000268480679585,0.2801507548713292,0.05285370892587071,-0.0750664919563071,0.20130791435001172,0.00014807006453332328,0.00017269817776621732,-2.4628113232894044e-05,8.213261392082775e-05,9.579352047969867e-05,-1.3660906558870915e-05,2000.0,True,-0.00011759798659483345,0.0005212259284444068,-0.00022791585183360162,0.00017860054570446486,-0.00021327332950445144,0.0005461999563330488
electricity,shape,STEP8_D33,ALL,512,1.0,SCORED,0.20688393894823762,0.2073073197312649,0.20422857406874328,0.1019688658913745,0.3190707240187764,0.0004233807830272829,0.0001308547764874296,0.0002925260065398533,0.0004233807830272829,0.0001308547764874296,0.0002925260065398533,2000.0,True,-6.396172027346089e-05,0.0003643630459825297,0.00014524416379279556,0.000427061477515544,0.00021500080971915067,0.0006423157443149687
electricity,shape,STEP8_D33,EQUAL,232,0.453125,SCORED,0.1214769506577439,0.12216784908940419,0.5655321238852928,0.42418467336132,0.7104988016759173,0.0006908984316602862,0.0,0.0006908984316602862,0.0003130633518460672,0.0,0.0003130633518460672,2000.0,True,0.0,0.0,0.0005426324560479131,0.0008214177643352297,0.0005426324560479131,0.0008214177643352297
electricity,shape,STEP8_D33,DIFFERENT,280,0.546875,SCORED,0.2776497292460753,0.27785145254880667,0.07260113304462523,-0.05500384239982559,0.21365914306417874,0.0002017233027313825,0.00023927730557704585,-3.755400284566335e-05,0.0001103174311812248,0.00013085477648744695,-2.0537345306222143e-05,2000.0,True,-0.00012041294354194279,0.000657945684779098,-0.00027595387491195983,0.00016945014927005695,-0.0001492587112318769,0.0005776604860835351
electricity,shape,RAMP8_D32,ALL,512,1.0,SCORED,0.4848126867766815,0.4854955316767902,0.14064905968348418,-0.00027332879139640943,0.28324315624906143,0.0006828449001087256,0.00023618940262651322,0.00044665549748221234,0.0006828449001087256,0.00023618940262651322,0.00044665549748221234,2000.0,True,-0.0003240026729052534,0.000884333045530635,7.91264119873826e-05,0.0008200238132885238,-1.2691947083920381e-06,0.0013747035748334522
electricity,shape,RAMP8_D32,EQUAL,224,0.4375,SCORED,0.3618745982127947,0.3612506683099091,-0.1727138404489681,-0.32097293019515305,-0.0275943305427364,-0.0006239299028856227,0.0,-0.0006239299028856227,-0.0002729693325124599,0.0,-0.0002729693325124599,2000.0,True,0.0,0.0,-0.0011432162832476459,-9.782332916381509e-05,-0.0011432162832476459,-9.782332916381509e-05
electricity,shape,RAMP8_D32,DIFFERENT,288,0.5625,SCORED,0.5804312001041487,0.5821304254065868,0.2918976965086917,0.10806488416525623,0.4978079220674751,0.0016992253024380455,0.00041989227133620854,0.001279333031101837,0.0009558142326214006,0.0002361894026266173,0.0007196248299947833,2000.0,True,-0.0005591565343171248,0.0015599985448968103,0.0007467984992781326,0.0018551718240807724,0.0006514228707664438,0.0028633881986058285
electricity,shape,PULSE8_D32,ALL,512,1.0,SCORED,3.0033453833773067,3.0019335120724597,-0.0470320644734068,-0.06007473863162194,-0.035011380031625405,-0.00141187130484699,-0.0004269255117805848,-0.0009849457930664052,-0.00141187130484699,-0.0004269255117805848,-0.0009849457930664052,2000.0,True,-0.0008006447679931694,-0.00013831522336836834,-0.0012151432287470898,-0.0007644516521101098,-0.0018313942521685166,-0.0010355299697766384
electricity,shape,PULSE8_D32,EQUAL,227,0.443359375,SCORED,2.7229736169590377,2.7215750032259183,-0.051389865480899743,-0.05836850662002624,-0.045394261586076956,-0.001398613733119447,0.0,-0.001398613733119447,-0.0006200885105822548,0.0,-0.0006200885105822548,2000.0,True,0.0,0.0,-0.0015762163668971763,-0.0012200474061303203,-0.0015762163668971763,-0.0012200474061303203
electricity,shape,PULSE8_D32,DIFFERENT,285,0.556640625,SCORED,3.226659035927998,3.225236605083564,-0.044103147105301055,-0.06642773667791813,-0.022502441208608896,-0.0014224308444341638,-0.0007669679369541882,-0.0006554629074799756,-0.0007917827942651107,-0.0004269255117811399,-0.0003648572824839708,2000.0,True,-0.0014406135986822833,-0.00024938222255593834,-0.0010310921612295854,-0.0002598091734183519,-0.0021555567808074216,-0.0007200665513455664
electricity,shape,PAIRED_SHIFT8_D32,ALL,512,1.0,SCORED,0.2049341952827363,0.2051140284180463,0.08767471279120809,-0.011292865016780396,0.19616168169608594,0.00017983313531000356,0.00011431060439219543,6.552253091780813e-05,0.00017983313531000356,0.00011431060439219543,6.552253091780813e-05,2000.0,True,-5.4688152127672224e-05,0.0002998211730335508,-6.2362754575096e-05,0.00019184844558567385,-2.10301456525043e-05,0.00038451014039365196
electricity,shape,PAIRED_SHIFT8_D32,EQUAL,227,0.443359375,SCORED,0.11369822308606743,0.11402693142973086,0.28827255065264623,0.1667033115162278,0.4004425121632735,0.00032870834366342805,0.0,0.00032870834366342805,0.00014573592580390267,0.0,0.00014573592580390267,2000.0,True,0.0,0.0,0.00019411247251353362,0.00045046260389097943,0.00019411247251353362,0.00045046260389097943
electricity,shape,PAIRED_SHIFT8_D32,DIFFERENT,285,0.556640625,SCORED,0.27760284682183745,0.27766410215961673,0.022060949652058515,-0.09990056014603343,0.1562402191779296,6.125533777928682e-05,0.00020535799806595256,-0.00014410266028666574,3.409720950604833e-05,0.00011431060439218063,-8.02133948861323e-05,2000.0,True,-0.00010221357626565564,0.0005359373984553562,-0.0003499713157693905,5.965643744129212e-05,-0.0002764465135533231,0.0004248158157999225
electricity_transfer,standard,REFERENCE,ALL,4096,1.0,SCORED,0.24229306950040388,0.2420479625841344,-0.10126377997676794,-0.1437033416507888,-0.06139025015657164,-0.0002451069162694719,-6.17842840818783e-05,-0.0001833226321875936,-0.0002451069162694719,-6.17842840818783e-05,-0.0001833226321875936,2000.0,True,-9.294724014938458e-05,-3.24085706505613e-05,-0.00029001548130159897,-8.408883263044507e-05,-0.0003473646680352695,-0.00014834748749642735
electricity_transfer,standard,REFERENCE,EQUAL,2672,0.65234375,SCORED,0.21360773296637933,0.21339351636820178,-0.10038571078603287,-0.1526161218451716,-0.05017088911080827,-0.00021421659817755234,0.0,-0.00021421659817755234,-0.00013974285896738766,0.0,-0.00013974285896738766,2000.0,True,0.0,0.0,-0.000330703043280136,-0.0001027600126785468,-0.000330703043280136,-0.0001027600126785468
electricity_transfer,standard,REFERENCE,DIFFERENT,1424,0.34765625,SCORED,0.2961183638957083,0.2958152942477386,-0.10245232544192628,-0.1615368521754157,-0.04842102866909004,-0.00030306964796966707,-0.00017771659241505589,-0.00012535305555461118,-0.00010536405730195457,-6.178428408179677e-05,-4.3579773220157794e-05,2000.0,True,-0.00026526460367349707,-9.440640871826873e-05,-0.0002842178823654007,3.2107844156994946e-05,-0.00047187189031711594,-0.00014575178077824166
electricity_transfer,standard,POINT4,ALL,4096,1.0,SCORED,0.24404620335708918,0.24378106342319458,-0.10876149696432691,-0.15147267163502953,-0.06898038915670204,-0.0002651399338945981,-6.0684904999872e-05,-0.0002044550288947261,-0.0002651399338945981,-6.0684904999872e-05,-0.0002044550288947261,2000.0,True,-9.393105582667546e-05,-2.994602746784515e-05,-0.00031013971877357356,-0.0001033463442448601,-0.0003708463510741375,-0.00016858989759042313
electricity_transfer,standard,POINT4,EQUAL,96,0.0234375,SCORED,0.18652966544090585,0.18639504112542685,-0.07222526665202622,-0.1909813654458764,0.06274581184162836,-0.0001346243154790039,0.0,-0.0001346243154790039,-3.1552573940391536e-06,0.0,-3.1552573940391536e-06,2000.0,True,0.0,0.0,-0.0003646866128316641,0.00011426740049120656,-0.0003646866128316641,0.00011426740049120656
electricity_transfer,standard,POINT4,DIFFERENT,4000,0.9765625,SCORED,0.2454266002670776,0.24515832795834103,-0.10942818503076879,-0.1516983870937566,-0.07026445624603528,-0.0002682723087365779,-6.21413427198958e-05,-0.00020613096601668213,-0.0002619846765005644,-6.068490499989824e-05,-0.00020129977150066614,2000.0,True,-9.636543750910394e-05,-3.073048211165131e-05,-0.00031300392132676825,-0.00010389210448672545,-0.00037454518688808736,-0.00017022354739130652
electricity_transfer,standard,POINT8,ALL,4096,1.0,SCORED,0.2463101879717444,0.2460054355200115,-0.12388037324813084,-0.17180940651659427,-0.07987244666556595,-0.00030475245173289256,-7.155003094899692e-05,-0.00023320242078389564,-0.00030475245173289256,-7.155003094899692e-05,-0.00023320242078389564,2000.0,True,-0.00011137257766675908,-3.6691716713921384e-05,-0.0003400876691567075,-0.00012879161657408937,-0.00042011248852194744,-0.00019629537962380657
electricity_transfer,standard,POINT8,EQUAL,7,0.001708984375,SCORED,0.21896456758697644,0.2168133988793479,-0.9921751694071501,-1.7049033153161524,0.07924627110350183,-0.002151168707628548,0.0,-0.002151168707628548,-3.6763137093261317e-06,0.0,-3.6763137093261317e-06,2000.0,True,0.0,0.0,-0.005725564476696041,0.00011862893349906844,-0.005725564476696041,0.00011862893349906844
electricity_transfer,standard,POINT8,DIFFERENT,4089,0.998291015625,SCORED,0.24635700121280416,0.2460554096595284,-0.12257058428142287,-0.1697337327380316,-0.07965184877951402,-0.0003015915532757485,-7.167251816264653e-05,-0.00022991903511310197,-0.00030107613802356827,-7.155003094898966e-05,-0.0002295261070745786,2000.0,True,-0.00011155847827351157,-3.674600390656399e-05,-0.00033686653799644797,-0.000127124367809707,-0.0004159275075216358,-0.00019441091125799243
electricity_transfer,standard,POINT16,ALL,4096,1.0,SCORED,0.24946512478838076,0.24916344854268377,-0.12107564229884016,-0.17214075329857137,-0.07586397306019568,-0.00030167624569699125,-8.671491213986526e-05,-0.000214961333557126,-0.00030167624569699125,-8.671491213986526e-05,-0.000214961333557126,2000.0,True,-0.00011782694694749754,-5.667780874923715e-05,-0.00033245207848052113,-0.00010954056624218762,-0.0004273316020986198,-0.0001885074118014786
electricity_transfer,standard,POINT16,EQUAL,8,0.001953125,SCORED,0.20588167693829637,0.20475462599994063,-0.5504397924352977,-1.1057668816258592,-0.13936929869267872,-0.0011270509383557448,0.0,-0.0011270509383557448,-2.201271363976064e-06,0.0,-2.201271363976064e-06,2000.0,True,0.0,0.0,-0.0031207360023187136,-0.00024919204447058343,-0.0031207360023187136,-0.00024919204447058343
electricity_transfer,standard,POINT16,DIFFERENT,4088,0.998046875,SCORED,0.24955041529297972,0.24925035426194544,-0.12038539801588755,-0.17087458025677071,-0.07568016955360138,-0.0003000610310342766,-8.688460864116065e-05,-0.00021317642239311596,-0.0002994749743330378,-8.671491213990839e-05,-0.0002127600621931294,2000.0,True,-0.00011800100888588772,-5.6756175930920694e-05,-0.00032920190608302127,-0.00010894783256970896,-0.0004243268461573184,-0.00018795428487903423
electricity_transfer,standard,BURST4,ALL,4096,1.0,SCORED,0.2537295227259793,0.2533346127992871,-0.15588471007912386,-0.18727971304809243,-0.12705586360806265,-0.0003949099266922218,-0.00011001885690439805,-0.00028489106978782375,-0.0003949099266922218,-0.00011001885690439805,-0.00028489106978782375,2000.0,True,-0.0001709123048479394,-5.1830739912443086e-05,-0.0003884313710318846,-0.00018205329918543904,-0.0004764398265725375,-0.00031854567605604106
electricity_transfer,standard,BURST4,EQUAL,121,0.029541015625,SCORED,0.37032735828328606,0.36865997682365603,-0.4522816591038925,-0.6213244494368031,-0.2871324109931836,-0.001667381459630024,0.0,-0.001667381459630024,-4.925614175176585e-05,0.0,-4.925614175176585e-05,2000.0,True,0.0,0.0,-0.00239434661973309,-0.0009520371039269748,-0.00239434661973309,-0.0009520371039269748
electricity_transfer,standard,BURST4,DIFFERENT,3975,0.970458984375,SCORED,0.2501802552788261,0.24982407970571507,-0.14257055345929803,-0.17523013804942478,-0.11228365499191206,-0.0003561755731110172,-0.000113367858586233,-0.00024280771452478422,-0.00034565378494050134,-0.0001100188569043643,-0.00023563492803613703,2000.0,True,-0.00017653973662389992,-5.3464650091903874e-05,-0.00034742213773522395,-0.0001413257095576486,-0.00044104557674311956,-0.00027725593644128277
electricity_transfer,standard,BURST8,ALL,4096,1.0,SCORED,0.2673019113191487,0.2668850997350001,-0.15617641620402356,-0.1991421985572167,-0.11344026397397512,-0.0004168115841486353,-0.0001045840309553403,-0.000312227553193295,-0.0004168115841486353,-0.0001045840309553403,-0.000312227553193295,2000.0,True,-0.00018341092219279417,-2.1695792983398446e-05,-0.00042184305546970265,-0.0002032721821972575,-0.0005266051549942502,-0.00031138598013854554
electricity_transfer,standard,BURST8,EQUAL,83,0.020263671875,SCORED,0.812364455186696,0.8089265164562444,-0.42500012801069964,-0.7157235784464594,-0.20275047469084712,-0.0034379387304516174,0.0,-0.0034379387304516174,-6.966526236022564e-05,0.0,-6.966526236022564e-05,2000.0,True,0.0,0.0,-0.005230197389946387,-0.0015194756895826134,-0.005230197389946387,-0.0015194756895826134
electricity_transfer,standard,BURST8,DIFFERENT,4013,0.979736328125,SCORED,0.2560285021138144,0.2556741758406908,-0.13858508469168918,-0.18585879287452312,-0.093837573985332,-0.0003543262731235952,-0.0001067471195596581,-0.0002475791535639371,-0.00034714632178832705,-0.00010458403095529979,-0.00024256229083302724,2000.0,True,-0.00018741072506460663,-2.2139497687313425e-05,-0.00035618205941255894,-0.0001447574261238885,-0.0004715643350803482,-0.00024347885053911254
electricity_transfer,standard,BURST16,ALL,4096,1.0,SCORED,0.2895854000635927,0.28884849496189274,-0.25511820714079203,-0.31631848307697996,-0.18790523198500111,-0.0007369051016999362,-0.00024410784584275036,-0.0004927972558571858,-0.0007369051016999362,-0.00024410784584275036,-0.0004927972558571858,2000.0,True,-0.00038096120965245493,-0.00010637400587255396,-0.0006426883839117659,-0.0003489173639351335,-0.000911368161953785,-0.0005443544163088553
electricity_transfer,standard,BURST16,EQUAL,71,0.017333984375,SCORED,1.1197318191858954,1.1098469241666504,-0.8906539094719834,-1.5899451132496694,-0.5690508686924315,-0.009884895019244944,0.0,-0.009884895019244944,-0.00017134461581210718,0.0,-0.00017134461581210718,2000.0,True,0.0,0.0,-0.013810848474550086,-0.006411603000075295,-0.013810848474550086,-0.006411603000075295
electricity_transfer,standard,BURST16,DIFFERENT,4025,0.982666015625,SCORED,0.27494182347783286,0.27436628664548596,-0.20976951628557394,-0.27406531184540395,-0.13883387529991575,-0.0005755368323469012,-0.0002484138475954689,-0.0003271229847514323,-0.0005655604858877631,-0.00024410784584271542,-0.0003214526400450476,2000.0,True,-0.00038786703938581066,-0.00010821311613263627,-0.0004680968575741538,-0.00019695580120312198,-0.0007513514943527852,-0.00037888510968637796
electricity_transfer,standard,SHIFT4,ALL,4096,1.0,SCORED,0.3199162718085115,0.3197784537352469,-0.0430979860133851,-0.14184180539518088,0.051584959728861436,-0.00013781807326462836,-0.0008428497862534023,0.000705031712988774,-0.00013781807326462836,-0.0008428497862534023,0.000705031712988774,2000.0,True,-0.0011011112114131347,-0.0005873352960472839,0.0005381908341384204,0.0008644208690310287,-0.0004505995970133528,0.00016581210176462544
electricity_transfer,standard,SHIFT4,EQUAL,1912,0.466796875,SCORED,0.29450631851799103,0.2948125835971737,0.10388466986238631,0.02079634126641139,0.1751316889310464,0.0003062650791826882,0.0,0.0003062650791826882,0.0001429635818841064,0.0,0.0001429635818841064,2000.0,True,0.0,0.0,6.057501536217702e-05,0.0005299527753261257,6.057501536217702e-05,0.0005299527753261257
electricity_transfer,standard,SHIFT4,DIFFERENT,2184,0.533203125,SCORED,0.3421616155317144,0.3416350213652815,-0.15413939833466284,-0.30529250888681025,-0.0032441159713948124,-0.0005265941664329143,-0.0015807292694568764,0.001054135103023962,-0.00028078165514880003,-0.0008428497862533735,0.0005620681311045736,2000.0,True,-0.002073344631063745,-0.0011102551353129534,0.0008613723382480017,0.0012502308815587244,-0.001029583716015671,-1.1724208751501563e-05
electricity_transfer,standard,SHIFT8,ALL,4096,1.0,SCORED,0.35866022418555943,0.3593084020013817,0.1803959529506849,0.1315197996295936,0.22776170902206128,0.0006481778158222706,-5.447526862117913e-05,0.0007026530844434498,0.0006481778158222706,-5.447526862117913e-05,0.0007026530844434498,2000.0,True,-9.770289041919136e-05,-1.083289895519036e-05,0.0005408388779664555,0.0008577484666355036,0.0004792824570494972,0.0008039419953096219
electricity_transfer,standard,SHIFT8,EQUAL,2905,0.709228515625,SCORED,0.3309539898108931,0.3317184802205269,0.23046361756077216,0.16185046441163337,0.3002147630456456,0.0007644904096338334,0.0,0.0007644904096338334,0.0005421983984341519,0.0,0.0005421983984341519,2000.0,True,0.0,0.0,0.0005450387777222287,0.000977137708530426,0.0005450387777222287,0.000977137708530426
electricity_transfer,standard,SHIFT8,DIFFERENT,1191,0.290771484375,SCORED,0.426239242538544,0.42660371919145995,0.08543682028997468,0.026174651820601857,0.14941457244810383,0.000364476652915946,-0.00018734735539199798,0.000551824008307944,0.00010597941738840129,-5.4475268621061913e-05,0.0001604546860094632,2000.0,True,-0.0003450174355129662,-3.694345979642774e-05,0.00033435166799829425,0.0007647022280156143,0.00011407495494912963,0.000632631054511659
electricity_transfer,standard,SHIFT_POINT,ALL,4096,1.0,SCORED,0.3350885026826686,0.3353938634628366,0.09104542850464359,-0.0066405128761060075,0.17856311487152682,0.00030536078016801804,-0.0004907645418659734,0.0007961253220339914,0.00030536078016801804,-0.0004907645418659734,0.0007961253220339914,2000.0,True,-0.0007621255832386299,-0.00023108474224730198,0.0005984058333298646,0.0009636684555054474,-2.1855368599665855e-05,0.000599636869097747
electricity_transfer,standard,SHIFT_POINT,EQUAL,19,0.004638671875,SCORED,0.6684890403354397,0.6687563527722787,0.039971573463337684,-0.7000410036592508,0.6021666782657514,0.00026731243683908446,0.0,0.00026731243683908446,1.239974682603175e-06,0.0,1.239974682603175e-06,2000.0,True,0.0,0.0,-0.0029297444780763153,0.0027746924082847177,-0.0029297444780763153,0.0027746924082847177
electricity_transfer,standard,SHIFT_POINT,DIFFERENT,4077,0.995361328125,SCORED,0.3335347596815887,0.33384029777804897,0.09152223338340093,-0.008123219962599126,0.1797497229286393,0.0003055380964602783,-0.0004930516466723212,0.0007985897431325994,0.00030412080548548697,-0.0004907645418659798,0.0007948853473514668,2000.0,True,-0.0007657521183462787,-0.00023193450571798102,0.0005982557247664076,0.0009668161404986595,-2.7649501049664682e-05,0.0006049871436472812
electricity_transfer,standard,FAULT,ALL,24576,1.0,SCORED,0.2584063917043225,0.258003025830345,-0.15634152842949334,-0.19159134365170138,-0.12301768187827469,-0.00040336587397749035,-0.00011294343029855103,-0.0002904224436789393,-0.00040336587397749035,-0.00011294343029855103,-0.0002904224436789393,2000.0,True,-0.00015856839839939045,-6.564229504456358e-05,-0.00039279061728806215,-0.00019327432436097027,-0.0004941041423685121,-0.00032003155710190955
electricity_transfer,standard,FAULT,EQUAL,386,0.015706380208333332,SCORED,0.551356146543819,0.5481801669055927,-0.5793678483762665,-0.7650424165198944,-0.4219947545207949,-0.003175979638226356,0.0,-0.003175979638226356,-4.98831437319081e-05,0.0,-4.98831437319081e-05,2000.0,True,0.0,0.0,-0.004214353434899359,-0.0022110603744755005,-0.004214353434899359,-0.0022110603744755005
electricity_transfer,standard,FAULT,DIFFERENT,24190,0.9842936197916666,SCORED,0.2537317904075865,0.25337266715093004,-0.14173717342704784,-0.17870376583001557,-0.10766379990046822,-0.0003591232566564351,-0.000114745669409555,-0.0002443775872468801,-0.0003534827302457343,-0.0001129434302985488,-0.00024053929994718545,2000.0,True,-0.00016085963423510022,-6.673401018363855e-05,-0.0003462892060880879,-0.0001473639876612365,-0.000450943943394104,-0.0002734362868164135
electricity_transfer,shape,STEP6_D17,ALL,2048,1.0,SCORED,0.3983451829792126,0.4007366569610138,0.5967694595091277,0.5180056642952346,0.6764165738102464,0.002391473981801173,-4.6868947687794815e-05,0.002438342929488968,0.002391473981801173,-4.6868947687794815e-05,0.002438342929488968,2000.0,True,-0.00014764813783344765,4.957845531878409e-05,0.0021096258325916154,0.0027530355491860703,0.0020360645400179346,0.0027560867747188564
electricity_transfer,shape,STEP6_D17,EQUAL,1393,0.68017578125,SCORED,0.3677536596244521,0.3703082510999818,0.6898554023415326,0.5889291979189474,0.7855518611217462,0.002554591475529666,0.0,0.002554591475529666,0.001737571252642981,0.0,0.001737571252642981,2000.0,True,0.0,0.0,0.002182568403923224,0.002891410080374708,0.002182568403923224,0.002891410080374708
electricity_transfer,shape,STEP6_D17,DIFFERENT,655,0.31982421875,SCORED,0.46340471280086354,0.4654492819448574,0.43926786941226315,0.31880690382178667,0.5665025956351712,0.0020445691439938685,-0.00014654596162522182,0.0021911151056190903,0.0006539027291581952,-4.686894768775405e-05,0.0007007716768459493,2000.0,True,-0.0004721676231019094,0.0001550683694503368,0.001662448078331854,0.002724755323396283,0.0014738730365900122,0.0026934396190776123
electricity_transfer,shape,STEP6_D63,ALL,2048,1.0,SCORED,0.3488012095671705,0.3487129182850121,-0.025319188802241932,-0.08125519049598517,0.024237979258644172,-8.829128215837034e-05,0.00011076777910970503,-0.00019905906126807538,-8.829128215837034e-05,0.00011076777910970503,-0.00019905906126807538,2000.0,True,-2.829838772471088e-05,0.000250216313282739,-0.00035959407062398434,-4.645916657673102e-05,-0.0002787820555412754,8.51296576504803e-05
electricity_transfer,shape,STEP6_D63,EQUAL,1304,0.63671875,SCORED,0.33583465921116334,0.3356179603708423,-0.06456711675431048,-0.12443917627604661,-0.005285694640941406,-0.00021669884032105013,0.0,-0.00021669884032105013,-0.00013797621473566864,0.0,-0.00013797621473566864,2000.0,True,0.0,0.0,-0.0004084118078756985,-1.8172623457004107e-05,-0.0004084118078756985,-1.8172623457004107e-05
electricity_transfer,shape,STEP6_D63,DIFFERENT,744,0.36328125,SCORED,0.37152752900834435,0.37166429613457846,0.03679856463387754,-0.09388273332715635,0.15001794348626277,0.00013676712623411635,0.0003049091553988248,-0.00016814202916470844,4.968493257723758e-05,0.00011076777910972932,-6.108284653249174e-05,2000.0,True,-7.706852887527509e-05,0.0006750254203538278,-0.00044059458623971757,9.55821541004771e-05,-0.0003444071220861794,0.0005690798259993916
electricity_transfer,shape,STEP12_D17,ALL,2048,1.0,SCORED,0.5416414193416109,0.548564587839196,1.262051661930197,1.1640465661471402,1.3591498399226258,0.006923168497585119,0.00013378782724354776,0.0067893806703415716,0.006923168497585119,0.00013378782724354776,0.0067893806703415716,2000.0,True,4.565640938593435e-05,0.00022597255233462588,0.006266615930510361,0.007313458299691358,0.0063750783832376865,0.00747149825146407
electricity_transfer,shape,STEP12_D17,EQUAL,1394,0.6806640625,SCORED,0.5392353518051349,0.547564734243741,1.5211685336364855,1.389751714620706,1.6429346986094295,0.008329382438606037,0.0,0.008329382438606037,0.005669511288777742,0.0,0.005669511288777742,2000.0,True,0.0,0.0,0.007584991763004803,0.00901267647036884,0.007584991763004803,0.00901267647036884
electricity_transfer,shape,STEP12_D17,DIFFERENT,654,0.3193359375,SCORED,0.5467699486166068,0.5506957742490799,0.7128846481210593,0.6003852125106701,0.8388585871510281,0.003925825632473123,0.00041895637644451256,0.0035068692560286108,0.0012536572088073352,0.00013378782724351133,0.0011198693815638238,2000.0,True,0.00014741851003848144,0.0006975697176630477,0.0030107225357308685,0.004032832216608373,0.0033226153234604703,0.00459996216595617
electricity_transfer,shape,STEP12_D63,ALL,2048,1.0,SCORED,0.41685874703094344,0.4154463630641185,-0.3399678255474381,-0.38865654930420435,-0.2911784525181755,-0.0014123839668249705,-5.763658869628596e-05,-0.0013547473781286845,-0.0014123839668249705,-5.763658869628596e-05,-0.0013547473781286845,2000.0,True,-9.180319328236791e-05,-2.858294136764835e-05,-0.0015577722362931207,-0.001153810171297641,-0.0016181410346177815,-0.0012115956223142017
electricity_transfer,shape,STEP12_D63,EQUAL,1610,0.7861328125,SCORED,0.3971527866176547,0.39544380320298406,-0.4321684651089175,-0.49368579554184,-0.3670440229137034,-0.0017089834146706284,0.0,-0.0017089834146706284,-0.0013434879382908749,0.0,-0.0013434879382908749,2000.0,True,0.0,0.0,-0.0019331268545359688,-0.0014712572908898243,-0.0019331268545359688,-0.0014712572908898243
electricity_transfer,shape,STEP12_D63,DIFFERENT,438,0.2138671875,SCORED,0.48929389832180004,0.4889717543344978,-0.06588192149068473,-0.14964754576425432,0.006749133537001783,-0.0003221439873022369,-0.000269497108790151,-5.264687851208594e-05,-6.889602853436512e-05,-5.763658869633112e-05,-1.1259439838034004e-05,2000.0,True,-0.0004345932010769701,-0.00012981498389727302,-0.00037221142753378,0.00024828662222015465,-0.000746685424984958,3.0861123228233e-05
electricity_transfer,shape,STEP8_D31,ALL,2048,1.0,SCORED,0.363569948135557,0.36418291041478823,0.1683116537602225,0.10841571877203193,0.22528945137780393,0.0006129622792312439,-2.0759389848912235e-05,0.0006337216690801561,0.0006129622792312439,-2.0759389848912235e-05,0.0006337216690801561,2000.0,True,-7.85571773554171e-05,3.298067714056495e-05,0.0004411509934608572,0.0008229613524698014,0.0003966317851733209,0.0008189529537363582
electricity_transfer,shape,STEP8_D31,EQUAL,1450,0.7080078125,SCORED,0.33473848936548894,0.3353511579403314,0.1826946352609382,0.1077624935717969,0.2580095688741313,0.0006126685748424343,0.0,0.0006126685748424343,0.00043377413746168445,0.0,0.00043377413746168445,2000.0,True,0.0,0.0,0.0003526342593417178,0.0008681252081469553,0.0003526342593417178,0.0008681252081469553
electricity_transfer,shape,STEP8_D31,DIFFERENT,598,0.2919921875,SCORED,0.43347900368170905,0.43409267812041136,0.14136945164785475,0.04793456601979912,0.2244585379208938,0.0006136744387023052,-7.109570302807344e-05,0.0006847701417303786,0.00017918814176952076,-2.075938984901754e-05,0.0001999475316185383,2000.0,True,-0.0002703770244429617,0.00011155901995744388,0.00042371431306686,0.0009130370986717011,0.00020984991702306527,0.000965181549742161
electricity_transfer,shape,STEP8_D33,ALL,2048,1.0,SCORED,0.37077261643695425,0.3719881450636977,0.3267654205849291,0.26401477126880624,0.3869709817777228,0.0012155286267434562,-2.503469179446216e-05,0.0012405633185379183,0.0012155286267434562,-2.503469179446216e-05,0.0012405633185379183,2000.0,True,-7.257140439180798e-05,2.0790480905254132e-05,0.001036385613029197,0.0014421593657638842,0.0010007359185967679,0.0014216115262970115
electricity_transfer,shape,STEP8_D33,EQUAL,1459,0.71240234375,SCORED,0.3466262251692008,0.34808884536913043,0.42018588627240616,0.33612523450453596,0.5033281753673055,0.001462620199929654,0.0,0.001462620199929654,0.0010419740584459792,0.0,0.0010419740584459792,2000.0,True,0.0,0.0,0.0011914707321113896,0.001729331004260473,0.0011914707321113896,0.001729331004260473
electricity_transfer,shape,STEP8_D33,DIFFERENT,589,0.28759765625,SCORED,0.43058515439901246,0.43118861748198906,0.13995338896017895,0.05691499544334566,0.22031502631814273,0.0006034630829765963,-8.704762104425057e-05,0.0006905107040208469,0.00017355456829746838,-2.503469179446464e-05,0.000198589260091933,2000.0,True,-0.00025733432445312,7.155667037398933e-05,0.0004154616484599159,0.0009457053879867491,0.0002516434441950613,0.0009371770543015175
electricity_transfer,shape,RAMP8_D32,ALL,2048,1.0,SCORED,0.882371702003193,0.8818883463369657,-0.05480916810332026,-0.16378538232854067,0.05368075071505798,-0.0004833556662273697,0.00018463917652133954,-0.0006679948427487092,-0.0004833556662273697,0.00018463917652133954,-0.0006679948427487092,2000.0,True,8.103127623882294e-05,0.0002808788814244761,-0.0016303028017782648,0.0003090920088101702,-0.001439367806750702,0.00047582234030224205
electricity_transfer,shape,RAMP8_D32,EQUAL,1432,0.69921875,SCORED,0.8996413440199995,0.8980195290554733,-0.18059907519294427,-0.30892214788720396,-0.054768547603972796,-0.0016218149645261803,0.0,-0.0016218149645261803,-0.0011340034322272902,0.0,-0.0011340034322272902,2000.0,True,0.0,0.0,-0.00281366898714793,-0.0004884575668353043,-0.00281366898714793,-0.0004884575668353043
electricity_transfer,shape,RAMP8_D32,DIFFERENT,616,0.30078125,SCORED,0.8422253913407473,0.8443885839134215,0.2561844882658981,0.12639575577394452,0.37692566003254824,0.0021631925726742773,0.0006138653141483652,0.0015493272585259121,0.000650647765999685,0.00018463917652118797,0.000466008589478497,2000.0,True,0.0002783231179309967,0.0009158547718467271,0.0005194099880162298,0.002526584806182953,0.0010652718720087773,0.0032298952760039697
electricity_transfer,shape,PULSE8_D32,ALL,2048,1.0,SCORED,7.064277312020452,7.060497097046711,-0.05354035164637505,-0.05629576566434369,-0.05117588643587301,-0.003780214973740925,-0.0003848473906384875,-0.0033953675831024377,-0.003780214973740925,-0.0003848473906384875,-0.0033953675831024377,2000.0,True,-0.0004874124479708142,-0.00029704123239314705,-0.0035822180569523134,-0.0031976617117548956,-0.003977991662835523,-0.0035813454858586004
electricity_transfer,shape,PULSE8_D32,EQUAL,1451,0.70849609375,SCORED,7.9392758917102695,7.934948954593398,-0.054530119117734976,-0.05660111368952225,-0.05241989940717451,-0.0043269371168710435,0.0,-0.0043269371168710435,-0.0030656180452050216,0.0,-0.0030656180452050216,2000.0,True,0.0,0.0,-0.004530589232725912,-0.004116195380262933,-0.004530589232725912,-0.004116195380262933
electricity_transfer,shape,PULSE8_D32,DIFFERENT,597,0.29150390625,SCORED,4.937605722188077,4.935154307599059,-0.04967250132874579,-0.060742474157020054,-0.039749892060849674,-0.002451414589017986,-0.0013202134941829868,-0.0011312010948349993,-0.0007145969285369813,-0.0003848473906383023,-0.000329749537898679,2000.0,True,-0.001626990940628259,-0.0010696221691623433,-0.0014764473527800082,-0.0007907682444773024,-0.0030121160982409466,-0.0019422071111004247
electricity_transfer,shape,PAIRED_SHIFT8_D32,ALL,2048,1.0,SCORED,0.35971102658328086,0.36029494643445464,0.16206717772546675,0.11174521466500442,0.2117090788904477,0.0005839198511737864,-2.5800312626611532e-06,0.0005864998824364476,0.0005839198511737864,-2.5800312626611532e-06,0.0005864998824364476,2000.0,True,-5.5387111772146196e-05,4.533145835793473e-05,0.0004267801764711719,0.0007456442015325587,0.00040844374277527464,0.0007560541128228223
electricity_transfer,shape,PAIRED_SHIFT8_D32,EQUAL,1451,0.70849609375,SCORED,0.33199433946924856,0.3325899417094473,0.179080051891356,0.11575235188856947,0.2456989882536245,0.0005956022401987227,0.0,0.0005956022401987227,0.0004219818606095442,0.0,0.0004219818606095442,2000.0,True,0.0,0.0,0.00038722090985764124,0.0008121829523582882,0.00038722090985764124,0.0008121829523582882
electricity_transfer,shape,PAIRED_SHIFT8_D32,DIFFERENT,597,0.29150390625,SCORED,0.4270760399877381,0.4276315659587187,0.12990761562121644,0.04141437159586425,0.21238067048674367,0.0005555259709806304,-8.850760512629785e-06,0.0005643767314932602,0.0001619379905641779,-2.580031262714835e-06,0.00016451802182689272,2000.0,True,-0.0001896654424075099,0.00015142620377499302,0.0002949255121266786,0.0008045324018347265,0.00018212160671691457,0.000890610303265543
ettm1,standard,REFERENCE,ALL,1024,1.0,SCORED,0.4065125572690387,0.4064687072394428,-0.010788045626863862,-0.124621510359324,0.09949825691157846,-4.3850029595893236e-05,-0.00020545899139751134,0.0001616089618016181,-4.3850029595893236e-05,-0.00020545899139751134,0.0001616089618016181,2000.0,True,-0.00038431667583872927,-2.413616546233583e-05,-0.000207499207639842,0.0005652924159796338,-0.0004925726406804706,0.0003993893729642715
ettm1,standard,REFERENCE,EQUAL,450,0.439453125,SCORED,0.34162994818843995,0.3416629681948404,0.009664496733396977,-0.06713164853865972,0.09076070471443588,3.302000640043046e-05,0.0,3.302000640043046e-05,1.4510745000189166e-05,0.0,1.4510745000189166e-05,2000.0,True,0.0,0.0,-0.0002253435302140047,0.00035452256628145935,-0.0002253435302140047,0.00035452256628145935
ettm1,standard,REFERENCE,DIFFERENT,574,0.560546875,SCORED,0.45737871421375903,0.4572746002186607,-0.0227683748558416,-0.18433842018098667,0.14679259703331557,-0.00010411399509835384,-0.00036653311357323637,0.00026241911847488253,-5.836077459614756e-05,-0.00020545899139749773,0.00014709821680135017,2000.0,True,-0.0006633556868405755,-4.669967862892614e-05,-0.000336654152264456,0.0009674734427316379,-0.0008127048065279862,0.0006819350104471041
ettm1,standard,POINT4,ALL,1024,1.0,SCORED,0.40713239738975554,0.40714971295924646,0.0042528752789872115,-0.09721515164065886,0.10620243972823155,1.7315569490916616e-05,-0.00016809282010840643,0.00018540838959932304,1.7315569490916616e-05,-0.00016809282010840643,0.00018540838959932304,2000.0,True,-0.0003327531992467457,-1.61827822904158e-05,-0.00017512222821524577,0.00059319945924722,-0.0003865557579548026,0.0004437744840370787
ettm1,standard,POINT4,EQUAL,10,0.009765625,SCORED,0.4820100837546231,0.4820793897177511,0.01437646259230263,-0.1110882231559357,0.2549536059143158,6.930596312798576e-05,0.0,6.930596312798576e-05,6.768160461717359e-07,0.0,6.768160461717359e-07,2000.0,True,0.0,0.0,-0.0006442018287953641,0.0008136798363396202,-0.0006442018287953641,0.0008136798363396202
ettm1,standard,POINT4,DIFFERENT,1014,0.990234375,SCORED,0.40639395866820854,0.4064107615119239,0.004134448520221046,-0.0985523027152152,0.10688179666501618,1.6802843715357785e-05,-0.00016975054022783098,0.00018655338394318877,1.6638753444699994e-05,-0.00016809282010841857,0.00018473157355311856,2000.0,True,-0.00033714476800555254,-1.627583617453896e-05,-0.00018018247628852555,0.0006015061226260776,-0.0003908447786844779,0.0004414422010174132
ettm1,standard,POINT8,ALL,1024,1.0,SCORED,0.40895195179058347,0.40909937340840924,0.03603564987096908,-0.09203286715799619,0.18900614600434598,0.00014742161782577146,-6.0048277765012426e-05,0.00020746989559078388,0.00014742161782577146,-6.0048277765012426e-05,0.00020746989559078388,2000.0,True,-0.00035022701292794224,0.00037793666335999274,-9.774663270513615e-05,0.0005045362460866939,-0.00036584183055959755,0.0007928911368100935
ettm1,standard,POINT8,EQUAL,0,0.0,EMPTY_INPUT_STRATUM,,,,,,,,,,,,,,,,,,,
ettm1,standard,POINT8,DIFFERENT,1024,1.0,SCORED,0.40895195179058347,0.40909937340840924,0.03603564987096908,-0.09203286715799619,0.18900614600434598,0.00014742161782577146,-6.0048277765012426e-05,0.00020746989559078388,0.00014742161782577146,-6.0048277765012426e-05,0.00020746989559078388,2000.0,True,-0.00035022701292794224,0.00037793666335999274,-9.774663270513615e-05,0.0005045362460866939,-0.00036584183055959755,0.0007928911368100935
ettm1,standard,POINT16,ALL,1024,1.0,SCORED,0.41266588784513014,0.41265808147007355,-0.0018917295957932012,-0.08003521816595749,0.0742449115893004,-7.806375056595982e-06,-0.00019763880192941174,0.00018983242687281576,-7.806375056595982e-06,-0.00019763880192941174,0.00018983242687281576,2000.0,True,-0.00035319268514279396,-4.083136033857185e-05,-9.016225903873479e-05,0.0004570192242343547,-0.00032499839672459204,0.0003206886585751313
ettm1,standard,POINT16,EQUAL,1,0.0009765625,SCORED,0.5908296737540978,0.5892371038988217,-0.27027657368121627,-0.27027657368121627,-0.27027657368121627,-0.0015925698552761158,0.0,-0.0015925698552761158,-1.5552439992930819e-06,0.0,-1.5552439992930819e-06,1315.0,True,0.0,0.0,-0.0015925698552761158,-0.0015925698552761158,-0.0015925698552761158,-0.0015925698552761158
ettm1,standard,POINT16,DIFFERENT,1023,0.9990234375,SCORED,0.41249172969663656,0.4124854724549918,-0.0015169604901554834,-0.07998161890045319,0.07456767425604222,-6.2572416447692625e-06,-0.00019783199723918954,0.00019157475559442028,-6.2511310572255425e-06,-0.00019763880192938564,0.0001913876708721601,2000.0,True,-0.0003534389168783639,-4.083236853902413e-05,-9.016225903873479e-05,0.0004590327297209088,-0.0003239922579466994,0.0003217127765721734
ettm1,standard,BURST4,ALL,1024,1.0,SCORED,0.41799671216777434,0.4181109892384513,0.02733175487329431,-0.060491681581111845,0.10694821996811127,0.00011427707067696025,-0.00013515968018662505,0.0002494367508635853,0.00011427707067696025,-0.00013515968018662505,0.0002494367508635853,2000.0,True,-0.00029397041439105793,4.2984026836686926e-05,-4.067960221028899e-05,0.0005323638042685859,-0.00024642201049808324,0.0004643123026019213
ettm1,standard,BURST4,EQUAL,33,0.0322265625,SCORED,0.5805973152768497,0.581921667713054,0.22758259567976502,-0.0010714115879828497,0.4247689863445603,0.0013243524362043235,0.0,0.0013243524362043235,4.2679326557365895e-05,0.0,4.2679326557365895e-05,2000.0,True,0.0,0.0,-5.415568457806105e-06,0.0025150120326770243,-5.415568457806105e-06,0.0025150120326770243
ettm1,standard,BURST4,DIFFERENT,991,0.9677734375,SCORED,0.4125821613074318,0.412656143234756,0.017928226330110597,-0.07128020581006256,0.10120716456570943,7.398192732421816e-05,-0.00013966045662072712,0.00021364238394494528,7.159774411943378e-05,-0.00013515968018666072,0.0002067574243060945,2000.0,True,-0.00030823760751500575,4.439275286850003e-05,-7.73408033347453e-05,0.0005087493878117584,-0.00028199598365407226,0.000432682488417925
ettm1,standard,BURST8,ALL,1024,1.0,SCORED,0.42141947779443073,0.4216286338308695,0.04960669642818383,-0.03978756941366013,0.14817878489142428,0.00020915603643878455,-0.00029148615636750974,0.0005006421928062943,0.00020915603643878455,-0.00029148615636750974,0.0005006421928062943,2000.0,True,-0.00046680485603987145,-0.00010359980283360459,0.00013864535763538562,0.0008897460170833667,-0.00016111419434139683,0.0006379363599226542
ettm1,standard,BURST8,EQUAL,21,0.0205078125,SCORED,0.626216255231984,0.6277694448708281,0.24741402301982074,-0.1902158118384556,0.5968869743613245,0.001553189638844099,0.0,0.001553189638844099,3.18525218903575e-05,0.0,3.18525218903575e-05,2000.0,True,0.0,0.0,-0.0008219727305517441,0.004832621946232847,-0.0008219727305517441,0.004832621946232847
ettm1,standard,BURST8,DIFFERENT,1003,0.9794921875,SCORED,0.4171316090744022,0.41731262482604486,0.043376533772032655,-0.04995545532654799,0.14624011084342656,0.0001810157516426436,-0.0002975890569494599,0.0004786048085921035,0.0001773035145484097,-0.0002914861563674886,0.0004687896709158983,2000.0,True,-0.0004758696153303689,-0.00010584085166939361,0.00011907289958735593,0.0008642901151277034,-0.00020485353997208854,0.0006148956309696208
ettm1,standard,BURST16,ALL,1024,1.0,SCORED,0.46442878805378224,0.46447251011828966,0.009413272810543383,-0.039288437877745275,0.06107194862762815,4.372206450742322e-05,-0.00041866571099721805,0.0004623877755046413,4.372206450742322e-05,-0.00041866571099721805,0.0004623877755046413,2000.0,True,-0.0006084282271840172,-0.00022278472730988895,0.00017947123641938874,0.0007324698639105902,-0.0001857509709245614,0.0002658176927672404
ettm1,standard,BURST16,EQUAL,20,0.01953125,SCORED,1.183264507449057,1.1826236055868782,-0.05419322421362782,-0.8831834529786792,0.3374013411629027,-0.0006409018621789109,0.0,-0.0006409018621789109,-1.2517614495681853e-05,0.0,-1.2517614495681853e-05,2000.0,True,0.0,0.0,-0.006925017440862274,0.005603429316316962,-0.006925017440862274,0.005603429316316962
ettm1,standard,BURST16,DIFFERENT,1004,0.98046875,SCORED,0.45010935141244207,0.45016671140377595,0.012741944235505898,-0.038133709253783676,0.06803883841129148,5.735999133388292e-05,-0.0004270056653995491,0.000484365656733432,5.623967900314302e-05,-0.00041866571099721415,0.00047490539000035717,2000.0,True,-0.0006214385406350116,-0.000228594987888039,0.00023577848533864535,0.0007304872304821483,-0.00016922277791275032,0.00029420421948091305
ettm1,standard,SHIFT4,ALL,1024,1.0,SCORED,0.5464459559814894,0.5454926642005874,-0.17475794698340597,-0.3318511983396699,-0.004838618376716327,-0.000953291780901977,0.00011297580933689044,-0.0010662675902388674,-0.000953291780901977,0.00011297580933689044,-0.0010662675902388674,2000.0,True,-0.0002921182390804522,0.0005468558651348943,-0.001749261639607029,-0.0003153851231394722,-0.0017965387532259513,-2.671137395229307e-05
ettm1,standard,SHIFT4,EQUAL,401,0.3916015625,SCORED,0.4771999418600215,0.4764828706203315,-0.1504925536476076,-0.28418171591146957,0.008077629746046807,-0.0007170712396900036,0.0,-0.0007170712396900036,-0.00028080621788641744,0.0,-0.00028080621788641744,2000.0,True,0.0,0.0,-0.0014015827242179022,3.576552715726932e-05,-0.0014015827242179022,3.576552715726932e-05
ettm1,standard,SHIFT4,DIFFERENT,623,0.6083984375,SCORED,0.5910168254240392,0.589911487997831,-0.18737343630308434,-0.3998678702602043,0.024711792139199662,-0.0011053374262082194,0.0001856937861333119,-0.0012910312123415313,-0.0006724855630153522,0.00011297580933696612,-0.0007854613723523184,2000.0,True,-0.0004899273890665273,0.0008640623528920097,-0.002223107751118401,-0.00037635892229180334,-0.002343452898611281,0.0001411772330348568
ettm1,standard,SHIFT8,ALL,1024,1.0,SCORED,0.5473460405955389,0.5474760310858454,0.02374359477412824,-0.07187434857581665,0.12130231965845384,0.00012999049030648635,-2.5077737109135967e-06,0.00013249826401739995,0.00012999049030648635,-2.5077737109135967e-06,0.00013249826401739995,2000.0,True,-0.00023956616938788783,0.0002654810864706103,-0.00027015027366766446,0.0005224399646453047,-0.0003899265806460772,0.0006607290066612672
ettm1,standard,SHIFT8,EQUAL,515,0.5029296875,SCORED,0.47946905661167233,0.4798436540431146,0.07806655944825325,0.006271565516877686,0.1515847906724282,0.00037459743144224733,0.0,0.00037459743144224733,0.00018839616913355212,0.0,0.00018839616913355212,2000.0,True,0.0,0.0,3.2885096405743666e-05,0.0006876889983790963,3.2885096405743666e-05,0.0006876889983790963
ettm1,standard,SHIFT8,DIFFERENT,509,0.4970703125,SCORED,0.6160231461980764,0.6159056463648368,-0.019077570392989074,-0.20363866402620445,0.15073361543260955,-0.00011749983323960933,-5.045108604939674e-06,-0.00011245472463466966,-5.84056788271105e-05,-2.507773710853803e-06,-5.5897905116256694e-05,2000.0,True,-0.0005131693088959277,0.0005209404582267915,-0.0009582376872631887,0.000667749530127447,-0.0012451525214746129,0.0009379772168120553
ettm1,standard,SHIFT_POINT,ALL,1024,1.0,SCORED,0.5851547277910684,0.5846253602021794,-0.09054817408296056,-0.2607865826235789,0.07372954360652097,-0.0005293675888889959,0.00023660942166098264,-0.0007659770105499786,-0.0005293675888889959,0.00023660942166098264,-0.0007659770105499786,2000.0,True,-0.00019096023060790474,0.0007089485001954437,-0.001563759614837526,1.0182739376632887e-05,-0.001504809130130344,0.00044750959932631916
ettm1,standard,SHIFT_POINT,EQUAL,7,0.0068359375,SCORED,0.48413343318812513,0.4843336342627629,0.04133536481365496,-0.705671083856596,0.3853030331616436,0.00020020107463775139,0.0,0.00020020107463775139,1.3685620336565036e-06,0.0,1.3685620336565036e-06,1980.0,True,0.0,0.0,-0.005106560432032614,0.0017189142728423201,-0.005106560432032614,0.0017189142728423201
ettm1,standard,SHIFT_POINT,DIFFERENT,1017,0.9931640625,SCORED,0.5858500562691614,0.5853156670670524,-0.09129931627949173,-0.2613440023943131,0.07333327960681979,-0.0005343892021090202,0.00023823800175104548,-0.0007726272038600657,-0.0005307361509227281,0.00023660942166095044,-0.0007673455725836785,2000.0,True,-0.00019227117499017176,0.0007136422165950923,-0.0015819263177483042,3.436109744715936e-06,-0.0015074486808959314,0.0004506764235959544
ettm1,standard,FAULT,ALL,6144,1.0,SCORED,0.42209920250690924,0.42218655017088996,0.020689352596703348,-0.05051210943871787,0.0931101609153217,8.734766398071914e-05,-0.00021184857455891493,0.00029919623853963406,8.734766398071914e-05,-0.00021184857455891493,0.00029919623853963406,2000.0,True,-0.0003565769036158177,-6.397537469535898e-05,4.97384121013661e-05,0.000565474822731722,-0.0002132296374366613,0.0003959631406401139
ettm1,standard,FAULT,EQUAL,85,0.013834635416666666,SCORED,0.7221938049916372,0.7229303116427301,0.10187795963615409,-0.16427543072202122,0.2906772708181168,0.0007365066510929275,0.0,0.0007365066510929275,1.0189300999820773e-05,0.0,1.0189300999820773e-05,2000.0,True,0.0,0.0,-0.0009636982821804002,0.002338786571158985,-0.0009636982821804002,0.002338786571158985
ettm1,standard,FAULT,DIFFERENT,6059,0.9861653645833334,SCORED,0.4178892600723158,0.417967500868182,0.01871934916081175,-0.055485773923577564,0.09277103241601051,7.824079586621346e-05,-0.00021482053838761672,0.0002930613342538302,7.715836298069456e-05,-0.000211848574559012,0.0002890069375397066,2000.0,True,-0.0003621473212975741,-6.494431898554584e-05,3.834371312044713e-05,0.00056359515809984,-0.00022698447439336162,0.000400512282610975
ettm1,shape,STEP6_D17,ALL,512,1.0,SCORED,0.6258253422074772,0.6254881980785977,-0.05390095767037195,-0.16237203522960042,0.05085026183845486,-0.0003371441288795296,7.812179738697633e-05,-0.00041526592626650594,-0.0003371441288795296,7.812179738697633e-05,-0.00041526592626650594,2000.0,True,-0.00027928525992551025,0.0005003271581286375,-0.0009449715039382703,0.00010117100262575713,-0.0010205640771148716,0.00031216505589678713
ettm1,shape,STEP6_D17,EQUAL,247,0.482421875,SCORED,0.44989634094974346,0.4493465025675481,-0.12236400618534926,-0.24646282505704054,0.023573869311743663,-0.0005498383821953556,0.0,-0.0005498383821953556,-0.0002652540632856501,0.0,-0.0002652540632856501,2000.0,True,0.0,0.0,-0.0011795463042537937,9.719219024074303e-05,-0.0011795463042537937,9.719219024074303e-05
ettm1,shape,STEP6_D17,DIFFERENT,265,0.517578125,SCORED,0.7898044490401572,0.7896655520077647,-0.017589349318769543,-0.17941181616483892,0.11616511902658412,-0.0001388970323925598,0.00015093720853609494,-0.00028983424092865473,-7.189006559380536e-05,7.812179738684601e-05,-0.00015001186298065137,2000.0,True,-0.0005811230711525311,0.000914107558939725,-0.001342523768130839,0.0006186020797210793,-0.0014127472368967524,0.0009369426553219164
ettm1,shape,STEP6_D63,ALL,512,1.0,SCORED,0.5608780466426756,0.5604132145460806,-0.08294452816774989,-0.17696020105904153,0.021698502076223865,-0.00046483209659498037,0.00015139263268770797,-0.0006162247292826883,-0.00046483209659498037,0.00015139263268770797,-0.0006162247292826883,2000.0,True,-0.00011683635285066606,0.00046877636003193017,-0.0010651681121650713,-0.00016632821953828676,-0.0010033197258810717,0.00011419983211048351
ettm1,shape,STEP6_D63,EQUAL,281,0.548828125,SCORED,0.5025563382985488,0.5018853908879322,-0.13368538371472116,-0.23090114134245276,-0.029964398957453287,-0.0006709474106166846,0.0,-0.0006709474106166846,-0.0003682348093423601,0.0,-0.0003682348093423601,2000.0,True,0.0,0.0,-0.0011539354154081305,-0.00014560176358299797,-0.0011539354154081305,-0.00014560176358299797
ettm1,shape,STEP6_D63,DIFFERENT,231,0.451171875,SCORED,0.6318235013816343,0.6316093983033951,-0.03389801969608808,-0.1916434165719355,0.11894132971432503,-0.00021410307823921393,0.00033555423348979874,-0.0005496573117290127,-9.659728725245785e-05,0.0001513926326877803,-0.00024798991994023814,2000.0,True,-0.00028357359287739525,0.0009689091694230571,-0.001345816213433601,0.00015057158737117506,-0.0012638483640391468,0.0007298375937877716
ettm1,shape,STEP12_D17,ALL,512,1.0,SCORED,0.8290791738799436,0.8288556094166983,-0.026972666976643467,-0.12738579694709762,0.07824457038293318,-0.00022356446324522938,0.00010345528701044548,-0.00032701975025567487,-0.00022356446324522938,0.00010345528701044548,-0.00032701975025567487,2000.0,True,-0.0006737626224253667,0.0008908024049623336,-0.0009663300350776366,0.00023574391084143622,-0.0010718285468734351,0.0006275349633956759
ettm1,shape,STEP12_D17,EQUAL,247,0.482421875,SCORED,0.7080281474958031,0.7073750703178203,-0.0923240308270179,-0.17163214706604424,-0.006945566525062383,-0.0006530771779827971,0.0,-0.0006530771779827971,-0.0003150587167221697,0.0,-0.0003150587167221697,2000.0,True,0.0,0.0,-0.0012960169400074828,-4.503349774611939e-05,-0.0012960169400074828,-4.503349774611939e-05
ettm1,shape,STEP12_D17,DIFFERENT,265,0.517578125,SCORED,0.9419078663964825,0.9420846401994264,0.018764110505664622,-0.13875530180273432,0.20584706909415815,0.000176773802943897,0.0001998834224500312,-2.3109619506134216e-05,9.149425347682169e-05,0.00010345528701027006,-1.1961033533448373e-05,2000.0,True,-0.001305340196578461,0.001707485860852154,-0.001048886053666817,0.0010900421412106205,-0.0013554774964144034,0.0019590676718667563
ettm1,shape,STEP12_D63,ALL,512,1.0,SCORED,0.6780103778200056,0.6766188906180105,-0.20565302288917398,-0.29084152554667175,-0.11017011121950696,-0.0013914872019951119,0.0001463392916815076,-0.0015378264936766195,-0.0013914872019951119,0.0001463392916815076,-0.0015378264936766195,2000.0,True,-0.0003702748577461043,0.000670160404292591,-0.0020427924461887863,-0.001031603480475169,-0.002008144563908865,-0.0007194311410067711
ettm1,shape,STEP12_D63,EQUAL,303,0.591796875,SCORED,0.6143837298058648,0.6133471100523498,-0.16901029393070477,-0.294354516947114,-0.05525470909630186,-0.001036619753514989,0.0,-0.001036619753514989,-0.0006134683306934408,0.0,-0.0006134683306934408,2000.0,True,0.0,0.0,-0.001776547697786593,-0.00033668679103144905,-0.001776547697786593,-0.00033668679103144905
ettm1,shape,STEP12_D63,DIFFERENT,209,0.408203125,SCORED,0.7702537957543822,0.7683478356486094,-0.24805953987803164,-0.4122848108848365,-0.05022959743502432,-0.0019059601057728193,0.00035849625521966466,-0.002264456360992484,-0.0007780188713017954,0.00014633929168146468,-0.00092435816298326,2000.0,True,-0.0009674208490930882,0.0015699042468173303,-0.0035706235503154505,-0.0011240403863396504,-0.003375583816396105,-0.00037582507653454843
ettm1,shape,STEP8_D31,ALL,512,1.0,SCORED,0.5370950641689595,0.5371693692279298,0.013832705888860986,-0.11797125239268957,0.1642387592859057,7.430505897032536e-05,0.00019865122590434492,-0.00012434616693401956,7.430505897032536e-05,0.00019865122590434492,-0.00012434616693401956,2000.0,True,-0.00011277975032051301,0.000606546825349749,-0.0007189725494341354,0.0004996472595387861,-0.0006579353302907903,0.0008493365321590947
ettm1,shape,STEP8_D31,EQUAL,262,0.51171875,SCORED,0.4467037741601625,0.44643219284973396,-0.060833720053854456,-0.2202181468625969,0.09926867157592971,-0.00027158131042853695,0.0,-0.00027158131042853695,-0.0001389732486958529,0.0,-0.0001389732486958529,2000.0,True,0.0,0.0,-0.0010227666811350844,0.0004172573797229248,-0.0010227666811350844,0.0004172573797229248
ettm1,shape,STEP8_D31,DIFFERENT,250,0.48828125,SCORED,0.6318251360981785,0.6322619300722788,0.06908433883571208,-0.12337792445281659,0.2952300899543191,0.0004367939741003468,0.0004068377106522525,2.9956263448094322e-05,0.00021327830766618497,0.00019865122590442016,1.4627081761764806e-05,2000.0,True,-0.00023952746380483114,0.0011646825221928233,-0.0009395140003130312,0.001129526874127713,-0.0007839747027357097,0.001816280198800193
ettm1,shape,STEP8_D33,ALL,512,1.0,SCORED,0.550752334650427,0.5515891670989476,0.1517129955473706,0.03562895557867429,0.27522164512813113,0.0008368324485206191,0.00032339397522918034,0.0005134384732914388,0.0008368324485206191,0.00032339397522918034,0.0005134384732914388,2000.0,True,3.234474179281827e-05,0.0006564568900432679,-0.0001248320205490802,0.0011322781631299009,0.00020165411711321746,0.001464684630194396
ettm1,shape,STEP8_D33,EQUAL,265,0.517578125,SCORED,0.4713557186949837,0.47199011786891304,0.13440941873819057,-0.0424230953548721,0.2833365427797138,0.0006343991739293231,0.0,0.0006343991739293231,0.00032835113494388793,0.0,0.00032835113494388793,2000.0,True,0.0,0.0,-0.000203698237671375,0.0013284564037485817,-0.000203698237671375,0.0013284564037485817
ettm1,shape,STEP8_D33,DIFFERENT,247,0.482421875,SCORED,0.6359349388131493,0.6369889567587014,0.1654687941397559,0.007155519555943347,0.3426281546087418,0.0010540179455520438,0.0006703551227425497,0.00038366282280949404,0.0005084813135768649,0.000323393975229316,0.00018508733834754888,2000.0,True,7.355696939686795e-05,0.0012745219764435235,-0.0005359109852575789,0.0013217266691483668,4.439148905226176e-05,0.0021060410383206244
ettm1,shape,RAMP8_D32,ALL,512,1.0,SCORED,0.9941819258499759,0.9925124608123634,-0.1682059524215962,-0.27168913666665906,-0.06424095478831106,-0.0016694650376124498,3.8836922023166576e-05,-0.0017083019596356164,-0.0016694650376124498,3.8836922023166576e-05,-0.0017083019596356164,2000.0,True,-0.0005637247849446109,0.0007170756902390614,-0.0025216727159755982,-0.0009267671580243027,-0.002673840011767453,-0.0006315183776036496
ettm1,shape,RAMP8_D32,EQUAL,260,0.5078125,SCORED,0.8653662331038282,0.8638412704976148,-0.17653273330353603,-0.2954190899822384,-0.058286004784594565,-0.0015249626062133759,0.0,-0.0015249626062133759,-0.0007743950734677299,0.0,-0.0007743950734677299,2000.0,True,0.0,0.0,-0.0025664180808695064,-0.0004956965883531517,-0.0025664180808695064,-0.0004956965883531517
ettm1,shape,RAMP8_D32,DIFFERENT,252,0.4921875,SCORED,1.12708700566743,1.1252684508196449,-0.1616107557677049,-0.35432519766522563,0.016516599350484534,-0.0018185548477851476,7.890676220623227e-05,-0.00189746160999138,-0.0008950699641442524,3.883692202337995e-05,-0.0009339068861676323,2000.0,True,-0.0012282308388930103,0.0013095085388149103,-0.00346444922425137,-0.0005793666878546548,-0.004107401490996443,0.0001801829799450114
ettm1,shape,PULSE8_D32,ALL,512,1.0,SCORED,6.4858134891352845,6.485708208700982,-0.0016232681291805662,-0.01720855920784692,0.01766657326633225,-0.00010528043430291234,0.0008778023626891951,-0.0009830827969921074,-0.00010528043430291234,0.0008778023626891951,-0.0009830827969921074,2000.0,True,0.000384033624944391,0.001448694499247205,-0.0018310860780013094,-6.014106775106321e-05,-0.0011591142281496714,0.0010790831240440992
ettm1,shape,PULSE8_D32,EQUAL,262,0.51171875,SCORED,6.663977049678372,6.6628515700406865,-0.016891861177659173,-0.028895602186025382,-0.0039040163916020977,-0.0011254796376851672,0.0,-0.0011254796376851672,-0.0005759290333467067,0.0,-0.0005759290333467067,2000.0,True,0.0,0.0,-0.0019300153029181643,-0.00026010263389264493,-0.0019300153029181643,-0.00026010263389264493
ettm1,shape,PULSE8_D32,DIFFERENT,250,0.48828125,SCORED,6.299098077686129,6.30006196601697,0.015299664289647463,-0.012884104301947863,0.04673683660450371,0.00096388833084049,0.0017977392387873437,-0.0008338509079468537,0.000470648599043208,0.0008778023626891326,-0.00040715376364592465,2000.0,True,0.0008632961769258985,0.002760845704695136,-0.0023365835400863235,0.0005217736432098662,-0.0008842233822969892,0.0028134443343544417
ettm1,shape,PAIRED_SHIFT8_D32,ALL,512,1.0,SCORED,0.5420057433604855,0.5421335559836584,0.02357585538881324,-0.10602711728781966,0.1643108059450451,0.0001278126231729626,6.809623899534101e-05,5.9716384177621595e-05,0.0001278126231729626,6.809623899534101e-05,5.9716384177621595e-05,2000.0,True,-0.0003055036170428099,0.00048073103833456217,-0.000554097231061601,0.0006799385452810711,-0.0005859165215312017,0.0008757479563947428
ettm1,shape,PAIRED_SHIFT8_D32,EQUAL,262,0.51171875,SCORED,0.4545083731874786,0.454697620663507,0.041620511616535794,-0.12131553044953558,0.1974378076894076,0.00018924747602838687,0.0,0.00018924747602838687,9.68414818739011e-05,0.0,9.68414818739011e-05,2000.0,True,0.0,0.0,-0.0005857188256509465,0.0008814802945996553,-0.0005857188256509465,0.0008814802945996553
ettm1,shape,PAIRED_SHIFT8_D32,DIFFERENT,250,0.48828125,SCORED,0.6337029873017966,0.6337664161991773,0.010008245271353466,-0.18497043062324692,0.23975250410040636,6.342889738064628e-05,0.00013946109746254542,-7.603220008189915e-05,3.097114129914369e-05,6.809623899538351e-05,-3.712509769623982e-05,2000.0,True,-0.0006297806074262128,0.0009605541045859625,-0.0010738560561944625,0.0009783962196750799,-0.0011950262534723617,0.0014594706693111224
neso_2025,standard,REFERENCE,ALL,256,1.0,SCORED,0.22619188135111612,0.2258138260313665,-0.16741903115229384,-0.2566929563660514,-0.07458684826258055,-0.0003780553197496317,0.0,-0.0003780553197496317,-0.0003780553197496317,0.0,-0.0003780553197496317,2000.0,True,0.0,0.0,-0.0005808163558974927,-0.00016865197997985732,-0.0005808163558974927,-0.00016865197997985732
neso_2025,standard,REFERENCE,EQUAL,256,1.0,SCORED,0.22619188135111612,0.2258138260313665,-0.16741903115229384,-0.2566929563660514,-0.07458684826258055,-0.0003780553197496317,0.0,-0.0003780553197496317,-0.0003780553197496317,0.0,-0.0003780553197496317,2000.0,True,0.0,0.0,-0.0005808163558974927,-0.00016865197997985732,-0.0005808163558974927,-0.00016865197997985732
neso_2025,standard,REFERENCE,DIFFERENT,0,0.0,EMPTY_INPUT_STRATUM,,,,,,,,,,,,,,,,,,,
neso_2025,standard,POINT4,ALL,256,1.0,SCORED,0.22931800236873082,0.22893756692929687,-0.16617431753847,-0.24269604528333155,-0.0841861322939802,-0.000380435439433946,-3.362044748919657e-06,-0.0003770733946850263,-0.000380435439433946,-3.362044748919657e-06,-0.0003770733946850263,2000.0,True,-7.420492604486365e-06,2.912666990689032e-07,-0.0005502105912626537,-0.00018866193468327667,-0.0005537854289482342,-0.00019348134844586685
neso_2025,standard,POINT4,EQUAL,4,0.015625,SCORED,0.1688780404032375,0.16939658775585145,0.3061144025883866,-0.12182328203254045,0.6957177967813879,0.0005185473526139461,0.0,0.0005185473526139461,8.102302384592908e-06,0.0,8.102302384592908e-06,1976.0,True,0.0,0.0,-0.00023483642890020917,0.0010609161336147255,-0.00023483642890020917,0.0010609161336147255
neso_2025,standard,POINT4,DIFFERENT,252,0.984375,SCORED,0.23027736684437358,0.22988266183681186,-0.1716984675607769,-0.2485227334415263,-0.08980003035773232,-0.0003947050075617242,-3.415410538595842e-06,-0.0003912895970231284,-0.0003885377418185723,-3.362044748930282e-06,-0.000385175697069642,2000.0,True,-7.532445371176421e-06,2.9873920761417345e-07,-0.0005662603418138967,-0.00020234348659675284,-0.0005689867242704121,-0.0002065281311147694
neso_2025,standard,POINT8,ALL,256,1.0,SCORED,0.22652411792451752,0.22612002595791394,-0.17870684601759557,-0.2729713797701383,-0.07786549085992912,-0.0004040919666035703,-3.904374692192958e-06,-0.0004001875919113773,-0.0004040919666035703,-3.904374692192958e-06,-0.0004001875919113773,2000.0,True,-7.446575198079633e-06,-3.522792976558286e-07,-0.0006218960148094202,-0.0001682979343127035,-0.0006268677909642792,-0.00017107554348146168
neso_2025,standard,POINT8,EQUAL,1,0.00390625,SCORED,0.30213020196842194,0.2961546054797659,-2.0177287059155002,-2.0177287059155002,-2.0177287059155002,-0.005975596488656032,0.0,-0.005975596488656032,-2.3342173783812625e-05,0.0,-2.3342173783812625e-05,1252.0,True,0.0,0.0,-0.005975596488656032,-0.005975596488656032,-0.005975596488656032,-0.005975596488656032
neso_2025,standard,POINT8,DIFFERENT,255,0.99609375,SCORED,0.2262276234772865,0.2258453805480243,-0.1692498329320058,-0.26382794844584,-0.06841537914769384,-0.0003822429292621998,-3.919685965511621e-06,-0.0003783232432966882,-0.00038074979281976936,-3.904374692208841e-06,-0.0003768454181275605,2000.0,True,-7.4757778327331355e-06,-3.5365003423285074e-07,-0.0006004168260378845,-0.00015230634237363986,-0.0006052333841994571,-0.00015558359460735098
neso_2025,standard,POINT16,ALL,256,1.0,SCORED,0.22903048089628544,0.2286754287169804,-0.1552646829163562,-0.26228778331044367,-0.04678636840029505,-0.00035505217930503763,-4.438366121711779e-06,-0.00035061381318332585,-0.00035505217930503763,-4.438366121711779e-06,-0.00035061381318332585,2000.0,True,-8.394191648829208e-06,-8.564394208356036e-07,-0.0005985848331867768,-0.00010268572336272429,-0.0006062413433170474,-0.00010768368546457686
neso_2025,standard,POINT16,EQUAL,2,0.0078125,SCORED,0.32094073660934197,0.3217790818417108,0.2605344099966045,-0.05518690042343177,0.5420874874549564,0.000838345232368809,0.0,0.000838345232368809,6.54957212788132e-06,0.0,6.54957212788132e-06,1748.0,True,0.0,0.0,-0.00016742110082396122,0.0018441115655616347,-0.00016742110082396122,0.0018441115655616347
neso_2025,standard,POINT16,DIFFERENT,254,0.9921875,SCORED,0.22830677809539526,0.227942329086077,-0.159886498826034,-0.26651873566601036,-0.04950480101118428,-0.0003644490093182573,-4.4733138864910815e-06,-0.0003599756954317662,-0.0003616017514329584,-4.43836612175287e-06,-0.00035716338531120554,2000.0,True,-8.445778940983917e-06,-8.596815282219816e-07,-0.0006066774540622033,-0.00010989306307653691,-0.0006114749447129406,-0.00011505324509601682
neso_2025,standard,BURST4,ALL,256,1.0,SCORED,0.23066885347561752,0.2301648060261866,-0.2189941451663957,-0.3222029143145533,-0.11273040392381814,-0.0005040474494309166,-0.00010934112023036624,-0.0003947063292005504,-0.0005040474494309166,-0.00010934112023036624,-0.0003947063292005504,2000.0,True,-0.0002210536931979451,-1.7917347621292108e-05,-0.0006091830843940063,-0.00017653288859585152,-0.0007538507935477342,-0.00025777964815059095
neso_2025,standard,BURST4,EQUAL,8,0.03125,SCORED,0.3535328730976028,0.35437353983476605,0.23722615902848077,-0.40571555587189667,0.8291598170819191,0.0008406667371632648,0.0,0.0008406667371632648,2.6270835536352025e-05,0.0,2.6270835536352025e-05,2000.0,True,0.0,0.0,-0.0015339287026978677,0.002751408292129263,-0.0015339287026978677,0.002751408292129263
neso_2025,standard,BURST4,DIFFERENT,248,0.96875,SCORED,0.22670549800394058,0.22615807267752275,-0.24205429412125223,-0.3483567499668738,-0.13704108063391957,-0.0005474253264178275,-0.00011286825314102411,-0.0004345570732768034,-0.0005303182849672704,-0.00010934112023036711,-0.00042097716473690327,2000.0,True,-0.00022581055696106606,-1.8474541909907515e-05,-0.0006523996112757075,-0.00021577354505645003,-0.0008028447104729372,-0.00030269680253710603
neso_2025,standard,BURST8,ALL,256,1.0,SCORED,0.25311525636772036,0.25222033200745103,-0.3548184847536051,-0.4606646864844649,-0.24967551088538714,-0.0008949243602693335,-0.00018322073464094313,-0.0007117036256283904,-0.0008949243602693335,-0.00018322073464094313,-0.0007117036256283904,2000.0,True,-0.0003434941550737758,-3.479700936572656e-05,-0.0010053251333308837,-0.0004406080575861776,-0.0012281597041702203,-0.0005751553322366099
neso_2025,standard,BURST8,EQUAL,7,0.02734375,SCORED,1.043755073974747,1.037247564172264,-0.6273825099484265,-1.3102440220419964,0.18705375789764833,-0.006507509802482936,0.0,-0.006507509802482936,-0.00017793972116164278,0.0,-0.00017793972116164278,1998.0,True,0.0,0.0,-0.015922486878294208,0.0007221159396539242,-0.015922486878294208,0.0007221159396539242
neso_2025,standard,BURST8,DIFFERENT,249,0.97265625,SCORED,0.2308884341859967,0.23015129335221537,-0.32028533189827346,-0.44470447721696615,-0.20571186174368986,-0.000737140833781319,-0.00018837151834569243,-0.0005487693154356266,-0.0007169846391076111,-0.0001832207346409274,-0.0005337639044666837,2000.0,True,-0.0003533681278198128,-3.5923601706022486e-05,-0.0007638797353459254,-0.00033640078453607255,-0.0010302788165494543,-0.000458015717469518
neso_2025,standard,BURST16,ALL,256,1.0,SCORED,0.24723892873247308,0.24622930761022666,-0.4100328803444464,-0.5909324717622277,-0.23748834940405597,-0.0010096211222464235,-0.000353850470223821,-0.0006557706520226025,-0.0010096211222464235,-0.000353850470223821,-0.0006557706520226025,2000.0,True,-0.0007488543060765216,3.9342982893413367e-07,-0.0009970222654754547,-0.0003070328870160658,-0.0014671164619057923,-0.000575343412753717
neso_2025,standard,BURST16,EQUAL,6,0.0234375,SCORED,0.41745078415012354,0.41529134961782677,-0.5199806194576384,-1.6978546998842603,0.40236462960087094,-0.002159434532296778,0.0,-0.002159434532296778,-5.061174685070573e-05,0.0,-5.061174685070573e-05,1998.0,True,0.0,0.0,-0.006232292098721189,0.0013132556659268824,-0.006232292098721189,0.0013132556659268824
neso_2025,standard,BURST16,DIFFERENT,250,0.9765625,SCORED,0.24315384420244943,0.2421718186020443,-0.40550779445518437,-0.5962242529409023,-0.23034394445023926,-0.0009820256004051398,-0.00036234288150914506,-0.0006196827188959947,-0.0009590093753956443,-0.0003538504702237745,-0.0006051589051718698,2000.0,True,-0.0007743100537127671,4.0672025526894705e-07,-0.0009354138057235999,-0.000299387525486098,-0.0014544099900973197,-0.000559107123789863
neso_2025,standard,SHIFT4,ALL,256,1.0,SCORED,0.29564458517374015,0.2954806259993929,-0.05548897623750548,-0.3152775559058879,0.18042906095873212,-0.00016395917434725016,-0.0006169416142307593,0.00045298243988350917,-0.00016395917434725016,-0.0006169416142307593,0.00045298243988350917,2000.0,True,-0.0012046407434496663,-0.00014351620568733858,-2.5656634632729292e-05,0.0008928717734137469,-0.0009548006370876314,0.0005219302448506877
neso_2025,standard,SHIFT4,EQUAL,178,0.6953125,SCORED,0.30032406635193154,0.3005159800914397,0.06386140911700533,-0.09730151076317417,0.2231732180586772,0.00019191373950816493,0.0,0.00019191373950816493,0.00013344002200177093,0.0,0.00013344002200177093,2000.0,True,0.0,0.0,-0.0002996835941930287,0.0006508978175343307,-0.0002996835941930287,0.0006508978175343307
neso_2025,standard,SHIFT4,DIFFERENT,78,0.3046875,SCORED,0.2849657691517135,0.2839896897380554,-0.3437024120694021,-1.069833357492821,0.3328847984397999,-0.0009760794136581263,-0.0020248340159368383,0.001048754602278712,-0.00029739919634896037,-0.0006169416142307554,0.00031954241788179506,2000.0,True,-0.003773402318865733,-0.0004955665530279877,0.0001840130026735984,0.0019261151835939742,-0.0030276033960542153,0.0009343806601966922
neso_2025,standard,SHIFT8,ALL,256,1.0,SCORED,0.3107266424424097,0.31038966780012095,-0.10856503203764412,-0.2813818540850599,0.06854269655909906,-0.0003369746422887676,0.0,-0.0003369746422887676,-0.0003369746422887676,0.0,-0.0003369746422887676,2000.0,True,0.0,0.0,-0.0008803232941709648,0.00021202553158191032,-0.0008803232941709648,0.00021202553158191032
neso_2025,standard,SHIFT8,EQUAL,256,1.0,SCORED,0.3107266424424097,0.31038966780012095,-0.10856503203764412,-0.2813818540850599,0.06854269655909906,-0.0003369746422887676,0.0,-0.0003369746422887676,-0.0003369746422887676,0.0,-0.0003369746422887676,2000.0,True,0.0,0.0,-0.0008803232941709648,0.00021202553158191032,-0.0008803232941709648,0.00021202553158191032
neso_2025,standard,SHIFT8,DIFFERENT,0,0.0,EMPTY_INPUT_STRATUM,,,,,,,,,,,,,,,,,,,
neso_2025,standard,SHIFT_POINT,ALL,256,1.0,SCORED,0.3274549816466466,0.3271272432481046,-0.1001868249455029,-0.31627788148843705,0.13343112057872641,-0.00032773839854199904,-0.00031357801571682553,-1.4160382825173512e-05,-0.00032773839854199904,-0.00031357801571682553,-1.4160382825173512e-05,2000.0,True,-0.0007560509875198039,7.955301579495614e-05,-0.0006311489389975444,0.000613261379679103,-0.0010542561893116115,0.00042359727868618427
neso_2025,standard,SHIFT_POINT,EQUAL,0,0.0,EMPTY_INPUT_STRATUM,,,,,,,,,,,,,,,,,,,
neso_2025,standard,SHIFT_POINT,DIFFERENT,256,1.0,SCORED,0.3274549816466466,0.3271272432481046,-0.1001868249455029,-0.31627788148843705,0.13343112057872641,-0.00032773839854199904,-0.00031357801571682553,-1.4160382825173512e-05,-0.00032773839854199904,-0.00031357801571682553,-1.4160382825173512e-05,2000.0,True,-0.0007560509875198039,7.955301579495614e-05,-0.0006311489389975444,0.000613261379679103,-0.0010542561893116115,0.00042359727868618427
neso_2025,standard,FAULT,ALL,1536,1.0,SCORED,0.23598260662755743,0.2353912445413426,-0.2512251835734558,-0.34728438289230834,-0.16538733099335234,-0.000591362086214825,-0.0001096861851096892,-0.0004816759011051358,-0.000591362086214825,-0.0001096861851096892,-0.0004816759011051358,2000.0,True,-0.00020879233225281588,-2.3361810187219043e-05,-0.0006814307375307058,-0.0002864128161852389,-0.0008095621463391607,-0.0003827024420281135
neso_2025,standard,FAULT,EQUAL,28,0.018229166666666668,SCORED,0.5092420372966017,0.5073131602063404,-0.38021428213623754,-0.6575261515825737,-0.0019459642300275672,-0.0019288770902612384,0.0,-0.0019288770902612384,-3.516182195788716e-05,0.0,-3.516182195788716e-05,2000.0,True,0.0,0.0,-0.004132923582496598,-5.551434910227372e-06,-0.004132923582496598,-5.551434910227372e-06
neso_2025,standard,FAULT,DIFFERENT,1508,0.9817708333333334,SCORED,0.23090882409524094,0.2303422965051225,-0.24595030904619453,-0.34487433493781583,-0.15341676748377442,-0.0005665275901184375,-0.000111722798626257,-0.00045480479149218045,-0.0005562002642569034,-0.00010968618510963253,-0.0004465140791472709,2000.0,True,-0.00021216314851073037,-2.3684401266368707e-05,-0.0006592946067307083,-0.000249066936928757,-0.0007934704785616343,-0.0003472997860178622
neso_2025,shape,STEP6_D17,ALL,128,1.0,SCORED,0.34635667235373746,0.34823501834619125,0.5393903236309394,0.3390689343651157,0.7570636763355515,0.0018783459924537893,0.0,0.0018783459924537893,0.0018783459924537893,0.0,0.0018783459924537893,2000.0,True,0.0,0.0,0.0011911132255763388,0.0025875661413479224,0.0011911132255763388,0.0025875661413479224
neso_2025,shape,STEP6_D17,EQUAL,128,1.0,SCORED,0.34635667235373746,0.34823501834619125,0.5393903236309394,0.3390689343651157,0.7570636763355515,0.0018783459924537893,0.0,0.0018783459924537893,0.0018783459924537893,0.0,0.0018783459924537893,2000.0,True,0.0,0.0,0.0011911132255763388,0.0025875661413479224,0.0011911132255763388,0.0025875661413479224
neso_2025,shape,STEP6_D17,DIFFERENT,0,0.0,EMPTY_INPUT_STRATUM,,,,,,,,,,,,,,,,,,,
neso_2025,shape,STEP6_D63,ALL,128,1.0,SCORED,0.31163954696964535,0.31103096889578313,-0.19566478412833543,-0.317930189136047,-0.08237645549798238,-0.0006085780738622204,0.0,-0.0006085780738622204,-0.0006085780738622204,0.0,-0.0006085780738622204,2000.0,True,0.0,0.0,-0.0010162254050104236,-0.00024214843196119367,-0.0010162254050104236,-0.00024214843196119367
neso_2025,shape,STEP6_D63,EQUAL,128,1.0,SCORED,0.31163954696964535,0.31103096889578313,-0.19566478412833543,-0.317930189136047,-0.08237645549798238,-0.0006085780738622204,0.0,-0.0006085780738622204,-0.0006085780738622204,0.0,-0.0006085780738622204,2000.0,True,0.0,0.0,-0.0010162254050104236,-0.00024214843196119367,-0.0010162254050104236,-0.00024214843196119367
neso_2025,shape,STEP6_D63,DIFFERENT,0,0.0,EMPTY_INPUT_STRATUM,,,,,,,,,,,,,,,,,,,
neso_2025,shape,STEP12_D17,ALL,128,1.0,SCORED,0.4655089741485186,0.4727996728284453,1.5420270145940052,1.241787401958517,1.8463908320168445,0.00729069867992671,0.0,0.00729069867992671,0.00729069867992671,0.0,0.00729069867992671,2000.0,True,0.0,0.0,0.005897666878153405,0.008653174332420637,0.005897666878153405,0.008653174332420637
neso_2025,shape,STEP12_D17,EQUAL,128,1.0,SCORED,0.4655089741485186,0.4727996728284453,1.5420270145940052,1.241787401958517,1.8463908320168445,0.00729069867992671,0.0,0.00729069867992671,0.00729069867992671,0.0,0.00729069867992671,2000.0,True,0.0,0.0,0.005897666878153405,0.008653174332420637,0.005897666878153405,0.008653174332420637
neso_2025,shape,STEP12_D17,DIFFERENT,0,0.0,EMPTY_INPUT_STRATUM,,,,,,,,,,,,,,,,,,,
neso_2025,shape,STEP12_D63,ALL,128,1.0,SCORED,0.3563998984220012,0.35433570777819295,-0.5825522515784387,-0.7175781903055767,-0.45031920324052516,-0.0020641906438082502,0.0,-0.0020641906438082502,-0.0020641906438082502,0.0,-0.0020641906438082502,2000.0,True,0.0,0.0,-0.0026560634110293913,-0.0015205716983199852,-0.0026560634110293913,-0.0015205716983199852
neso_2025,shape,STEP12_D63,EQUAL,128,1.0,SCORED,0.3563998984220012,0.35433570777819295,-0.5825522515784387,-0.7175781903055767,-0.45031920324052516,-0.0020641906438082502,0.0,-0.0020641906438082502,-0.0020641906438082502,0.0,-0.0020641906438082502,2000.0,True,0.0,0.0,-0.0026560634110293913,-0.0015205716983199852,-0.0026560634110293913,-0.0015205716983199852
neso_2025,shape,STEP12_D63,DIFFERENT,0,0.0,EMPTY_INPUT_STRATUM,,,,,,,,,,,,,,,,,,,
neso_2025,shape,STEP8_D31,ALL,128,1.0,SCORED,0.3138059791290284,0.31384809721377516,0.01341989488566897,-0.11854554139927864,0.14354876499928002,4.2118084746745055e-05,0.0,4.2118084746745055e-05,4.2118084746745055e-05,0.0,4.2118084746745055e-05,2000.0,True,0.0,0.0,-0.00037314331013506703,0.0004375269584559096,-0.00037314331013506703,0.0004375269584559096
neso_2025,shape,STEP8_D31,EQUAL,128,1.0,SCORED,0.3138059791290284,0.31384809721377516,0.01341989488566897,-0.11854554139927864,0.14354876499928002,4.2118084746745055e-05,0.0,4.2118084746745055e-05,4.2118084746745055e-05,0.0,4.2118084746745055e-05,2000.0,True,0.0,0.0,-0.00037314331013506703,0.0004375269584559096,-0.00037314331013506703,0.0004375269584559096
neso_2025,shape,STEP8_D31,DIFFERENT,0,0.0,EMPTY_INPUT_STRATUM,,,,,,,,,,,,,,,,,,,
neso_2025,shape,STEP8_D33,ALL,128,1.0,SCORED,0.3240389428615258,0.3249829569434537,0.2904811042420796,0.14715809309319372,0.44935547889466465,0.0009440140819279019,0.0,0.0009440140819279019,0.0009440140819279019,0.0,0.0009440140819279019,2000.0,True,0.0,0.0,0.00048726701779519684,0.0014280984127332834,0.00048726701779519684,0.0014280984127332834
neso_2025,shape,STEP8_D33,EQUAL,128,1.0,SCORED,0.3240389428615258,0.3249829569434537,0.2904811042420796,0.14715809309319372,0.44935547889466465,0.0009440140819279019,0.0,0.0009440140819279019,0.0009440140819279019,0.0,0.0009440140819279019,2000.0,True,0.0,0.0,0.00048726701779519684,0.0014280984127332834,0.00048726701779519684,0.0014280984127332834
neso_2025,shape,STEP8_D33,DIFFERENT,0,0.0,EMPTY_INPUT_STRATUM,,,,,,,,,,,,,,,,,,,
neso_2025,shape,RAMP8_D32,ALL,128,1.0,SCORED,0.8898537320343795,0.8929766674360476,0.34972194857396666,0.2238971661157818,0.4798028707969407,0.003122935401668192,0.0,0.003122935401668192,0.003122935401668192,0.0,0.003122935401668192,2000.0,True,0.0,0.0,0.0020740406200447205,0.004171553823663308,0.0020740406200447205,0.004171553823663308
neso_2025,shape,RAMP8_D32,EQUAL,128,1.0,SCORED,0.8898537320343795,0.8929766674360476,0.34972194857396666,0.2238971661157818,0.4798028707969407,0.003122935401668192,0.0,0.003122935401668192,0.003122935401668192,0.0,0.003122935401668192,2000.0,True,0.0,0.0,0.0020740406200447205,0.004171553823663308,0.0020740406200447205,0.004171553823663308
neso_2025,shape,RAMP8_D32,DIFFERENT,0,0.0,EMPTY_INPUT_STRATUM,,,,,,,,,,,,,,,,,,,
neso_2025,shape,PULSE8_D32,ALL,128,1.0,SCORED,6.208670091320351,6.203762474018924,-0.07910711156302597,-0.08769749621467371,-0.07069205358800068,-0.004907617301427081,0.0,-0.004907617301427081,-0.004907617301427081,0.0,-0.004907617301427081,2000.0,True,0.0,0.0,-0.005714508742650337,-0.004204970009001197,-0.005714508742650337,-0.004204970009001197
neso_2025,shape,PULSE8_D32,EQUAL,128,1.0,SCORED,6.208670091320351,6.203762474018924,-0.07910711156302597,-0.08769749621467371,-0.07069205358800068,-0.004907617301427081,0.0,-0.004907617301427081,-0.004907617301427081,0.0,-0.004907617301427081,2000.0,True,0.0,0.0,-0.005714508742650337,-0.004204970009001197,-0.005714508742650337,-0.004204970009001197
neso_2025,shape,PULSE8_D32,DIFFERENT,0,0.0,EMPTY_INPUT_STRATUM,,,,,,,,,,,,,,,,,,,
neso_2025,shape,PAIRED_SHIFT8_D32,ALL,128,1.0,SCORED,0.31435584636375397,0.3145285249809741,0.054900781170985624,-0.07441299147943559,0.1893799702419359,0.00017267861722014555,0.0,0.00017267861722014555,0.00017267861722014555,0.0,0.00017267861722014555,2000.0,True,0.0,0.0,-0.0002465976039001436,0.0005837238355334068,-0.0002465976039001436,0.0005837238355334068
neso_2025,shape,PAIRED_SHIFT8_D32,EQUAL,128,1.0,SCORED,0.31435584636375397,0.3145285249809741,0.054900781170985624,-0.07441299147943559,0.1893799702419359,0.00017267861722014555,0.0,0.00017267861722014555,0.00017267861722014555,0.0,0.00017267861722014555,2000.0,True,0.0,0.0,-0.0002465976039001436,0.0005837238355334068,-0.0002465976039001436,0.0005837238355334068
neso_2025,shape,PAIRED_SHIFT8_D32,DIFFERENT,0,0.0,EMPTY_INPUT_STRATUM,,,,,,,,,,,,,,,,,,,
neso_2026_h1,standard,REFERENCE,ALL,256,1.0,SCORED,0.2580900368102349,0.2580495742127762,-0.015680164395592833,-0.1913962195116503,0.17590497011186726,-4.04625974587125e-05,0.0,-4.04625974587125e-05,-4.04625974587125e-05,0.0,-4.04625974587125e-05,2000.0,True,0.0,0.0,-0.0004935442358035217,0.0004629611344475054,-0.0004935442358035217,0.0004629611344475054
neso_2026_h1,standard,REFERENCE,EQUAL,256,1.0,SCORED,0.2580900368102349,0.2580495742127762,-0.015680164395592833,-0.1913962195116503,0.17590497011186726,-4.04625974587125e-05,0.0,-4.04625974587125e-05,-4.04625974587125e-05,0.0,-4.04625974587125e-05,2000.0,True,0.0,0.0,-0.0004935442358035217,0.0004629611344475054,-0.0004935442358035217,0.0004629611344475054
neso_2026_h1,standard,REFERENCE,DIFFERENT,0,0.0,EMPTY_INPUT_STRATUM,,,,,,,,,,,,,,,,,,,
neso_2026_h1,standard,POINT4,ALL,256,1.0,SCORED,0.2577252568857274,0.257686831428831,-0.014911688223784303,-0.17418499234720497,0.15558330046000793,-3.8425456896418186e-05,-2.5075525184881098e-06,-3.591790437793008e-05,-3.8425456896418186e-05,-2.5075525184881098e-06,-3.591790437793008e-05,2000.0,True,-6.5435411661742e-06,1.4731389812172552e-06,-0.00045950453642722573,0.00041144519817386786,-0.00045922980185700985,0.00040662944668885673
neso_2026_h1,standard,POINT4,EQUAL,6,0.0234375,SCORED,0.2181483302102547,0.2175348506733942,-0.2820143691741439,-0.9339169162389416,0.014930350218322896,-0.0006134795368605006,0.0,-0.0006134795368605006,-1.4378426645167983e-05,0.0,-1.4378426645167983e-05,1995.0,True,0.0,0.0,-0.0019344719597435556,2.0697291185167184e-05,-0.0019344719597435556,2.0697291185167184e-05
neso_2026_h1,standard,POINT4,DIFFERENT,250,0.9765625,SCORED,0.25867510312593883,0.2586504789669614,-0.009520244878635786,-0.17172286192502384,0.16275812969964895,-2.4624158977415433e-05,-2.5677337789908883e-06,-2.2056425198424545e-05,-2.404703025138226e-05,-2.5075525185457893e-06,-2.153947773283647e-05,2000.0,True,-6.722942600048687e-06,1.5140488380929711e-06,-0.00045224575866945613,0.00042911043528820475,-0.0004519221565180254,0.0004241971315092514
neso_2026_h1,standard,POINT8,ALL,256,1.0,SCORED,0.25731376525803035,0.257277952806279,-0.013919751521918045,-0.16499938837294947,0.11890248603117934,-3.581245175132697e-05,-2.314428871025287e-06,-3.349802288030168e-05,-3.581245175132697e-05,-2.314428871025287e-06,-3.349802288030168e-05,2000.0,True,-6.438249315281891e-06,1.6069079171433767e-06,-0.0004330602564229902,0.00031083875584277543,-0.00043344749228827335,0.0003068984869396953
neso_2026_h1,standard,POINT8,EQUAL,0,0.0,EMPTY_INPUT_STRATUM,,,,,,,,,,,,,,,,,,,
neso_2026_h1,standard,POINT8,DIFFERENT,256,1.0,SCORED,0.25731376525803035,0.257277952806279,-0.013919751521918045,-0.16499938837294947,0.11890248603117934,-3.581245175132697e-05,-2.314428871025287e-06,-3.349802288030168e-05,-3.581245175132697e-05,-2.314428871025287e-06,-3.349802288030168e-05,2000.0,True,-6.438249315281891e-06,1.6069079171433767e-06,-0.0004330602564229902,0.00031083875584277543,-0.00043344749228827335,0.0003068984869396953
neso_2026_h1,standard,POINT16,ALL,256,1.0,SCORED,0.2630235072269445,0.262926326071886,-0.03696136347790535,-0.22485299879451248,0.13113335557425382,-9.718115505852332e-05,-5.85378554351923e-06,-9.132736951500409e-05,-9.718115505852332e-05,-5.85378554351923e-06,-9.132736951500409e-05,2000.0,True,-9.486770649955872e-06,-2.321200598527641e-06,-0.0006017176946475827,0.00034338966481820747,-0.0006084558215780119,0.00033773409545853617
neso_2026_h1,standard,POINT16,EQUAL,0,0.0,EMPTY_INPUT_STRATUM,,,,,,,,,,,,,,,,,,,
neso_2026_h1,standard,POINT16,DIFFERENT,256,1.0,SCORED,0.2630235072269445,0.262926326071886,-0.03696136347790535,-0.22485299879451248,0.13113335557425382,-9.718115505852332e-05,-5.85378554351923e-06,-9.132736951500409e-05,-9.718115505852332e-05,-5.85378554351923e-06,-9.132736951500409e-05,2000.0,True,-9.486770649955872e-06,-2.321200598527641e-06,-0.0006017176946475827,0.00034338966481820747,-0.0006084558215780119,0.00033773409545853617
neso_2026_h1,standard,BURST4,ALL,256,1.0,SCORED,0.27308467638541983,0.27281052448330806,-0.10049168837273914,-0.2415219145667874,0.051950239361331856,-0.0002741519021117744,-6.266749941341576e-05,-0.00021148440269835866,-0.0002741519021117744,-6.266749941341576e-05,-0.00021148440269835866,2000.0,True,-0.00017750422929756204,5.277869388026826e-05,-0.0006356320115042085,0.00023578817861414817,-0.0006831752984880091,0.00014333697236272312
neso_2026_h1,standard,BURST4,EQUAL,13,0.05078125,SCORED,0.4593791030200167,0.45704484965613296,-0.5107274189042998,-0.7920359335476723,0.050106993366208934,-0.002334253363883765,0.0,-0.002334253363883765,-0.00011853630363472243,0.0,-0.00011853630363472243,2000.0,True,0.0,0.0,-0.005482354868095371,0.00014179248605743412,-0.005482354868095371,0.00014179248605743412
neso_2026_h1,standard,BURST4,DIFFERENT,243,0.94921875,SCORED,0.2631183078823343,0.26295436716953563,-0.062345689316112285,-0.2130166152373686,0.09271060179095082,-0.0001639407127986825,-6.602008168649087e-05,-9.792063111219163e-05,-0.0001556155984768744,-6.266749941334876e-05,-9.294809906352564e-05,2000.0,True,-0.0001870622211291119,5.481222748102928e-05,-0.0005274517370092158,0.0003297433487443732,-0.0005703012578481381,0.00024098781363683083
neso_2026_h1,standard,BURST8,ALL,256,1.0,SCORED,0.26691205283185265,0.2666445267779746,-0.10033060011045425,-0.23509022665570145,0.058650678046196066,-0.0002675260538780311,-0.00011752841796758284,-0.00014999763591044823,-0.0002675260538780311,-0.00011752841796758284,-0.00014999763591044823,2000.0,True,-0.0002765267557934839,5.23966237930856e-05,-0.000455812364783521,0.00016804920736924605,-0.0006285302907227286,0.00015686491349994357
neso_2026_h1,standard,BURST8,EQUAL,5,0.01953125,SCORED,0.3178338521805741,0.31413985864994654,-1.1759073001760934,-3.2299092008513917,1.866677017582019,-0.0036939935306275484,0.0,-0.0036939935306275484,-7.21483111450693e-05,0.0,-7.21483111450693e-05,1994.0,True,0.0,0.0,-0.013684658218778234,0.0037471551428743277,-0.013684658218778234,0.0037471551428743277
neso_2026_h1,standard,BURST8,DIFFERENT,251,0.98046875,SCORED,0.2658976743587706,0.2656984046291305,-0.07499846674585697,-0.21476516338918505,0.08448263540834246,-0.0001992697296400725,-0.00011986962151278036,-7.940010812729215e-05,-0.00019537774273303984,-0.00011752841796760886,-7.784932476543097e-05,2000.0,True,-0.0002835246749125199,5.344678975358751e-05,-0.00038861615115003687,0.0002647753322776336,-0.0005707621607245015,0.0002204340509218858
neso_2026_h1,standard,BURST16,ALL,256,1.0,SCORED,0.3211077209893562,0.3193992385878097,-0.5349049700620334,-0.76606018877454,-0.2752424704307855,-0.001708482401546474,-0.0004906922130336056,-0.0012177901885128684,-0.001708482401546474,-0.0004906922130336056,-0.0012177901885128684,2000.0,True,-0.0007916280383392996,-0.0001393282003385065,-0.002094738413257629,-0.000509862858625908,-0.0027917916043291844,-0.0007557925929523385
neso_2026_h1,standard,BURST16,EQUAL,8,0.03125,SCORED,1.7180294494704642,1.6952588890811005,-1.3431907383601116,-4.534237003167676,-0.6771118911580777,-0.02277056038936376,0.0,-0.02277056038936376,-0.0007115800121676175,0.0,-0.0007115800121676175,1999.0,True,0.0,0.0,-0.04852627342833231,-0.004372092261493973,-0.04852627342833231,-0.004372092261493973
neso_2026_h1,standard,BURST16,DIFFERENT,248,0.96875,SCORED,0.27604572974803016,0.2750166692170583,-0.37418114832874494,-0.557446893554393,-0.17513086276832346,-0.0010290605309718481,-0.0005065209940993132,-0.000522539536872535,-0.0009969023893789779,-0.0004906922130337096,-0.0005062101763452682,2000.0,True,-0.0008182748817311778,-0.00014312953462385122,-0.0008943792518926283,-0.00020812048047015312,-0.0015775565988767712,-0.00048357386438753345
neso_2026_h1,standard,SHIFT4,ALL,256,1.0,SCORED,0.32600777331430797,0.3262338612498534,0.06930241228768619,-0.05446965906807655,0.20146044932910803,0.00022608793554540485,-0.00044625368630046847,0.0006723416218458733,0.00022608793554540485,-0.00044625368630046847,0.0006723416218458733,2000.0,True,-0.0008664307452185459,-8.206013049305879e-05,0.0002961455723900913,0.0010388104757791468,-0.00017605252667792087,0.0006522135078751666
neso_2026_h1,standard,SHIFT4,EQUAL,169,0.66015625,SCORED,0.33264558853510073,0.33313827626492626,0.1478928615917141,-0.016847934947515904,0.29647923787147334,0.000492687729825525,0.0,0.000492687729825525,0.00032525088414263174,0.0,0.00032525088414263174,2000.0,True,0.0,0.0,-5.540772715459663e-05,0.0010212507430982169,-5.540772715459663e-05,0.0010212507430982169
neso_2026_h1,standard,SHIFT4,DIFFERENT,87,0.33984375,SCORED,0.31311362650610136,0.31282183668034386,-0.09327668069913919,-0.5067479340084335,0.24007262706758464,-0.00029178982575750467,-0.001313114295320883,0.0010213244695633783,-9.916294859727698e-05,-0.0004462536863004563,0.00034709073770317934,2000.0,True,-0.0026556548166793226,-0.0002502416519630839,0.00042877885379181133,0.0016315455089915092,-0.0016009921428528611,0.0007557117302243754
neso_2026_h1,standard,SHIFT8,ALL,256,1.0,SCORED,0.34994451775396723,0.3501588602191183,0.0612129206203571,-0.07843319376609925,0.18933270417456732,0.0002143424651510628,0.0,0.0002143424651510628,0.0002143424651510628,0.0,0.0002143424651510628,2000.0,True,0.0,0.0,-0.00028079458824674803,0.0006571902679502138,-0.00028079458824674803,0.0006571902679502138
neso_2026_h1,standard,SHIFT8,EQUAL,256,1.0,SCORED,0.34994451775396723,0.3501588602191183,0.0612129206203571,-0.07843319376609925,0.18933270417456732,0.0002143424651510628,0.0,0.0002143424651510628,0.0002143424651510628,0.0,0.0002143424651510628,2000.0,True,0.0,0.0,-0.00028079458824674803,0.0006571902679502138,-0.00028079458824674803,0.0006571902679502138
neso_2026_h1,standard,SHIFT8,DIFFERENT,0,0.0,EMPTY_INPUT_STRATUM,,,,,,,,,,,,,,,,,,,
neso_2026_h1,standard,SHIFT_POINT,ALL,256,1.0,SCORED,0.34763037145898573,0.3475397167583498,-0.02608470234177762,-0.30009478521738353,0.21957041577461392,-9.065470063590597e-05,-0.0009751273526918125,0.0008844726520559065,-9.065470063590597e-05,-0.0009751273526918125,0.0008844726520559065,2000.0,True,-0.001821794409900193,-0.00031575162719238496,0.000353915879345066,0.0014184176894689263,-0.0010661017152075862,0.0007458028140947578
neso_2026_h1,standard,SHIFT_POINT,EQUAL,1,0.00390625,SCORED,0.24778513416940706,0.24826642764961368,0.19386168511107416,0.19386168511107416,0.19386168511107416,0.0004812934802066182,0.0,0.0004812934802066182,1.8800526570571024e-06,0.0,1.8800526570571024e-06,1236.0,True,0.0,0.0,0.0004812934802066182,0.0004812934802066182,0.0004812934802066182,0.0004812934802066182
neso_2026_h1,standard,SHIFT_POINT,DIFFERENT,255,0.99609375,SCORED,0.34802192140914096,0.34792902377446255,-0.026700168232762778,-0.302418711619456,0.21966958538617462,-9.289763467840162e-05,-0.0009789513815258721,0.0008860537468474705,-9.253475329293911e-05,-0.0009751273526917867,0.0008825925993988476,2000.0,True,-0.0018290006937296765,-0.0003183182028321753,0.0003534044292275933,0.001421318014933303,-0.0010715110720257923,0.0007459163878965265
neso_2026_h1,standard,FAULT,ALL,1536,1.0,SCORED,0.27319449659622186,0.27279090002601464,-0.14795089211874224,-0.290028462080823,0.006982944472579322,-0.00040359657020722084,-0.00011359398289131906,-0.0002900025873159018,-0.00040359657020722084,-0.00011359398289131906,-0.0002900025873159018,2000.0,True,-0.0001989007884041827,-2.4891633682146933e-05,-0.0006763759042537141,9.008510348377998e-05,-0.0008066446725117401,2.012818313215353e-05
neso_2026_h1,standard,FAULT,EQUAL,32,0.020833333333333332,SCORED,0.7066944742871354,0.6993613298583948,-1.0485487423540274,-2.0213820452712103,-0.531342437946948,-0.007333144428740557,0.0,-0.007333144428740557,-0.00015277384226542826,0.0,-0.00015277384226542826,2000.0,True,0.0,0.0,-0.015043949822227181,-0.0019934237725163727,-0.015043949822227181,-0.0019934237725163727
neso_2026_h1,standard,FAULT,DIFFERENT,1504,0.9791666666666666,SCORED,0.26397109281556425,0.2637149334338364,-0.09713495492742474,-0.24491512007892235,0.049680255030236514,-0.0002561593817278496,-0.00011601087614432348,-0.0001401485055835261,-0.00025082272794185273,-0.00011359398289131674,-0.00013722874505053598,2000.0,True,-0.00020394766732520427,-2.5261167618095203e-05,-0.0005121863781509973,0.00022306598285970762,-0.0006535584607375383,0.00013601583166755743
neso_2026_h1,shape,STEP6_D17,ALL,128,1.0,SCORED,0.39059979536803113,0.3929930431924613,0.6089796921056712,0.3901548665144694,0.8456610331786942,0.002393247824430178,0.0,0.002393247824430178,0.002393247824430178,0.0,0.002393247824430178,2000.0,True,0.0,0.0,0.001561207286797975,0.003249876104202285,0.001561207286797975,0.003249876104202285
neso_2026_h1,shape,STEP6_D17,EQUAL,128,1.0,SCORED,0.39059979536803113,0.3929930431924613,0.6089796921056712,0.3901548665144694,0.8456610331786942,0.002393247824430178,0.0,0.002393247824430178,0.002393247824430178,0.0,0.002393247824430178,2000.0,True,0.0,0.0,0.001561207286797975,0.003249876104202285,0.001561207286797975,0.003249876104202285
neso_2026_h1,shape,STEP6_D17,DIFFERENT,0,0.0,EMPTY_INPUT_STRATUM,,,,,,,,,,,,,,,,,,,
neso_2026_h1,shape,STEP6_D63,ALL,128,1.0,SCORED,0.334352884377583,0.33392220957341423,-0.12897459103391462,-0.24426851853951992,-0.025351260820542586,-0.00043067480416875137,-1.1083976696912856e-05,-0.0004195908274718385,-0.00043067480416875137,-1.1083976696912856e-05,-0.0004195908274718385,2000.0,True,-3.606989026788687e-05,0.0,-0.0007821253992006082,-7.297747455132513e-05,-0.0008025412460932662,-8.372165435342619e-05
neso_2026_h1,shape,STEP6_D63,EQUAL,127,0.9921875,SCORED,0.33441904737373296,0.333987180011941,-0.12930656852652156,-0.2447736571947734,-0.02516988532690179,-0.00043186736179195995,0.0,-0.00043186736179195995,-0.00042849339802796026,0.0,-0.00042849339802796026,2000.0,True,0.0,0.0,-0.0008029077849387375,-8.218229741119862e-05,-0.0008029077849387375,-8.218229741119862e-05
neso_2026_h1,shape,STEP6_D63,DIFFERENT,1,0.0078125,SCORED,0.32595018386652896,0.3256709638805105,-0.08573683778605456,-0.08573683778605456,-0.08573683778605456,-0.0002792199860184863,-0.0014187490172038741,0.0011395290311853878,-2.1814061407694242e-06,-1.1083976696905267e-05,8.902570556135843e-06,1299.0,True,-0.0014187490172038741,-0.0014187490172038741,0.0011395290311853878,0.0011395290311853878,-0.0002792199860184863,-0.0002792199860184863
neso_2026_h1,shape,STEP12_D17,ALL,128,1.0,SCORED,0.5304137349994679,0.539106050322914,1.6123572195562708,1.3057182657327593,1.9137017582967222,0.008692315323446165,0.0,0.008692315323446165,0.008692315323446165,0.0,0.008692315323446165,2000.0,True,0.0,0.0,0.006973243360709256,0.01037442887082465,0.006973243360709256,0.01037442887082465
neso_2026_h1,shape,STEP12_D17,EQUAL,128,1.0,SCORED,0.5304137349994679,0.539106050322914,1.6123572195562708,1.3057182657327593,1.9137017582967222,0.008692315323446165,0.0,0.008692315323446165,0.008692315323446165,0.0,0.008692315323446165,2000.0,True,0.0,0.0,0.006973243360709256,0.01037442887082465,0.006973243360709256,0.01037442887082465
neso_2026_h1,shape,STEP12_D17,DIFFERENT,0,0.0,EMPTY_INPUT_STRATUM,,,,,,,,,,,,,,,,,,,
neso_2026_h1,shape,STEP12_D63,ALL,128,1.0,SCORED,0.38194167736543444,0.3802452062898347,-0.44615186399130646,-0.587326021367014,-0.2852524616451848,-0.0016964710755997259,0.0,-0.0016964710755997259,-0.0016964710755997259,0.0,-0.0016964710755997259,2000.0,True,0.0,0.0,-0.0021799975004605774,-0.001137610052451192,-0.0021799975004605774,-0.001137610052451192
neso_2026_h1,shape,STEP12_D63,EQUAL,128,1.0,SCORED,0.38194167736543444,0.3802452062898347,-0.44615186399130646,-0.587326021367014,-0.2852524616451848,-0.0016964710755997259,0.0,-0.0016964710755997259,-0.0016964710755997259,0.0,-0.0016964710755997259,2000.0,True,0.0,0.0,-0.0021799975004605774,-0.001137610052451192,-0.0021799975004605774,-0.001137610052451192
neso_2026_h1,shape,STEP12_D63,DIFFERENT,0,0.0,EMPTY_INPUT_STRATUM,,,,,,,,,,,,,,,,,,,
neso_2026_h1,shape,STEP8_D31,ALL,128,1.0,SCORED,0.3517647387100488,0.35222050055411014,0.12939673964017517,-0.01403528337218962,0.2698484327046576,0.0004557618440613198,0.0,0.0004557618440613198,0.0004557618440613198,0.0,0.0004557618440613198,2000.0,True,0.0,0.0,-4.8516190046832256e-05,0.000928139255004618,-4.8516190046832256e-05,0.000928139255004618
neso_2026_h1,shape,STEP8_D31,EQUAL,128,1.0,SCORED,0.3517647387100488,0.35222050055411014,0.12939673964017517,-0.01403528337218962,0.2698484327046576,0.0004557618440613198,0.0,0.0004557618440613198,0.0004557618440613198,0.0,0.0004557618440613198,2000.0,True,0.0,0.0,-4.8516190046832256e-05,0.000928139255004618,-4.8516190046832256e-05,0.000928139255004618
neso_2026_h1,shape,STEP8_D31,DIFFERENT,0,0.0,EMPTY_INPUT_STRATUM,,,,,,,,,,,,,,,,,,,
neso_2026_h1,shape,STEP8_D33,ALL,128,1.0,SCORED,0.36114845506014265,0.3623134692255287,0.3215486765856035,0.17444856967257671,0.4641773182144867,0.001165014165386058,0.0,0.001165014165386058,0.001165014165386058,0.0,0.001165014165386058,2000.0,True,0.0,0.0,0.0006487977118367821,0.0016515879522700546,0.0006487977118367821,0.0016515879522700546
neso_2026_h1,shape,STEP8_D33,EQUAL,128,1.0,SCORED,0.36114845506014265,0.3623134692255287,0.3215486765856035,0.17444856967257671,0.4641773182144867,0.001165014165386058,0.0,0.001165014165386058,0.001165014165386058,0.0,0.001165014165386058,2000.0,True,0.0,0.0,0.0006487977118367821,0.0016515879522700546,0.0006487977118367821,0.0016515879522700546
neso_2026_h1,shape,STEP8_D33,DIFFERENT,0,0.0,EMPTY_INPUT_STRATUM,,,,,,,,,,,,,,,,,,,
neso_2026_h1,shape,RAMP8_D32,ALL,128,1.0,SCORED,0.9816301794236971,0.9848919227623152,0.3311777935461113,0.20307688761888903,0.47124242084052415,0.0032617433386180616,0.0,0.0032617433386180616,0.0032617433386180616,0.0,0.0032617433386180616,2000.0,True,0.0,0.0,0.0020388192936276724,0.0045250463381306906,0.0020388192936276724,0.0045250463381306906
neso_2026_h1,shape,RAMP8_D32,EQUAL,128,1.0,SCORED,0.9816301794236971,0.9848919227623152,0.3311777935461113,0.20307688761888903,0.47124242084052415,0.0032617433386180616,0.0,0.0032617433386180616,0.0032617433386180616,0.0,0.0032617433386180616,2000.0,True,0.0,0.0,0.0020388192936276724,0.0045250463381306906,0.0020388192936276724,0.0045250463381306906
neso_2026_h1,shape,RAMP8_D32,DIFFERENT,0,0.0,EMPTY_INPUT_STRATUM,,,,,,,,,,,,,,,,,,,
neso_2026_h1,shape,PULSE8_D32,ALL,128,1.0,SCORED,6.556134519343121,6.551436831629881,-0.07170469370259003,-0.07829126888607874,-0.06438584605816644,-0.004697687713239418,0.0,-0.004697687713239418,-0.004697687713239418,0.0,-0.004697687713239418,2000.0,True,0.0,0.0,-0.005336718175692257,-0.004034714630371173,-0.005336718175692257,-0.004034714630371173
neso_2026_h1,shape,PULSE8_D32,EQUAL,128,1.0,SCORED,6.556134519343121,6.551436831629881,-0.07170469370259003,-0.07829126888607874,-0.06438584605816644,-0.004697687713239418,0.0,-0.004697687713239418,-0.004697687713239418,0.0,-0.004697687713239418,2000.0,True,0.0,0.0,-0.005336718175692257,-0.004034714630371173,-0.005336718175692257,-0.004034714630371173
neso_2026_h1,shape,PULSE8_D32,DIFFERENT,0,0.0,EMPTY_INPUT_STRATUM,,,,,,,,,,,,,,,,,,,
neso_2026_h1,shape,PAIRED_SHIFT8_D32,ALL,128,1.0,SCORED,0.3506153516565069,0.3511449040906754,0.1508073812262145,0.014565296982997078,0.28646920574656426,0.0005295524341684676,0.0,0.0005295524341684676,0.0005295524341684676,0.0,0.0005295524341684676,2000.0,True,0.0,0.0,5.4089242332823476e-05,0.0009803132530884812,5.4089242332823476e-05,0.0009803132530884812
neso_2026_h1,shape,PAIRED_SHIFT8_D32,EQUAL,128,1.0,SCORED,0.3506153516565069,0.3511449040906754,0.1508073812262145,0.014565296982997078,0.28646920574656426,0.0005295524341684676,0.0,0.0005295524341684676,0.0005295524341684676,0.0,0.0005295524341684676,2000.0,True,0.0,0.0,5.4089242332823476e-05,0.0009803132530884812,5.4089242332823476e-05,0.0009803132530884812
neso_2026_h1,shape,PAIRED_SHIFT8_D32,DIFFERENT,0,0.0,EMPTY_INPUT_STRATUM,,,,,,,,,,,,,,,,,,,
