id,step,epoch,origin,origin_ordinal,loss,gradnorm,clip_active,extra_grad,loss_parts,seconds,smoke,contaminated,free_mib
SMOKE_G0,1,0,336,0,1.355778694152832,4.263837814331055,True,{},{},0.38839903799816966,True,False,8142
SMOKE_G0,2,0,336,0,1.1884475946426392,4.501464366912842,True,{},{},0.09536439101793803,True,False,8142
SMOKE_G1,1,0,336,0,1.0754956007003784,3.45238995552063,True,{},{},0.10052600898779929,True,False,8208
SMOKE_G1,2,0,336,0,0.9398999214172363,3.6979424953460693,True,{},{},0.09965600600116886,True,False,8208
SMOKE_G2,1,0,336,0,1.174882411956787,3.428966999053955,True,{},{},0.10637978999875486,True,False,8208
SMOKE_G2,2,0,336,0,1.0402028560638428,3.629653215408325,True,{},{},0.1009356060239952,True,False,8136
SMOKE_G3,1,0,336,0,1.363877296447754,3.8325302600860596,True,{},{},0.10174921600264497,True,False,8208
SMOKE_G3,2,0,336,0,1.212890625,3.9119269847869873,True,{},{},0.10122610299731605,True,False,8136
G0_73100_1e-04,1,0,15720,49,0.2709239721298218,0.08376552909612656,False,{},{},0.10401601900230162,False,False,8204
G0_73100_1e-04,2,0,15721,50,0.2931503653526306,0.08435549587011337,False,{},{},0.09763852899777703,False,False,8204
G0_73100_1e-04,3,0,15723,52,0.3430861234664917,0.0983443334698677,False,{},{},0.1001231360132806,False,False,8136
G0_73100_1e-04,4,0,8022,30,0.28668636083602905,0.21780504286289215,False,{},{},0.09361579499091022,False,False,8136
G0_73100_1e-04,5,0,340,4,1.069164514541626,2.4195799827575684,True,{},{},0.09215806098654866,False,False,8136
G0_73100_1e-04,6,0,350,14,1.4180848598480225,6.134525299072266,True,{},{},0.09765358400181867,False,False,8136
G0_73100_1e-04,7,0,8020,28,0.281116783618927,0.26740115880966187,False,{},{},0.09777103099622764,False,False,8136
G0_73100_1e-04,8,0,341,5,0.9557410478591919,1.1309951543807983,True,{},{},0.09924219598178752,False,False,8136
G0_73100_1e-04,9,0,15717,46,0.18342921137809753,0.06444928050041199,False,{},{},0.09561096999095753,False,False,8136
G0_73100_1e-04,10,0,348,12,1.0634739398956299,1.3563268184661865,True,{},{},0.09219392397790216,False,False,8136
G0_73100_1e-04,11,0,15716,45,0.15277676284313202,0.05669286847114563,False,{},{},0.09570582301239483,False,False,8136
G0_73100_1e-04,12,0,8029,37,0.24584081768989563,1.5728392601013184,True,{},{},0.09862916998099536,False,False,8136
G0_73100_1e-04,13,0,356,20,0.7408015131950378,1.5099025964736938,True,{},{},0.0944676169892773,False,False,8136
G0_73100_1e-04,14,0,8024,32,0.272050678730011,0.1759456843137741,False,{},{},0.09570627100765705,False,False,8136
G0_73100_1e-04,15,0,351,15,0.9249604344367981,3.1963772773742676,True,{},{},0.09556221100501716,False,False,8136
G0_73100_1e-04,16,0,8016,24,0.2906925678253174,0.32992663979530334,False,{},{},0.09651943200151436,False,False,8136
G0_73100_1e-04,17,0,15718,47,0.20698818564414978,0.0808093324303627,False,{},{},0.09891791798872873,False,False,8136
G0_73100_1e-04,18,0,343,7,1.1580228805541992,2.3223459720611572,True,{},{},0.0971873759990558,False,False,8136
G0_73100_1e-04,19,0,15714,43,0.09691266715526581,0.05708703771233559,False,{},{},0.095337564998772,False,False,8136
G0_73100_1e-04,20,0,15726,55,0.41060328483581543,0.12397058308124542,False,{},{},0.10229149099905044,False,False,8136
G0_73100_1e-04,21,0,345,9,0.9967231750488281,0.97706538438797,False,{},{},0.09848796698497608,False,False,8136
G0_73100_1e-04,22,0,336,0,1.076024055480957,5.314116477966309,True,{},{},0.10067577101290226,False,False,8136
G0_73100_1e-04,23,0,355,19,0.702577531337738,1.0305771827697754,True,{},{},0.0960278160055168,False,False,8136
G0_73100_1e-04,24,0,8018,26,0.2683277130126953,0.26863306760787964,False,{},{},0.09471498400671408,False,False,8136
G0_73100_1e-04,25,0,15712,41,0.04416702315211296,0.05586995929479599,False,{},{},0.10034854902187362,False,False,8136
G0_73100_1e-04,26,0,8019,27,0.2620244026184082,0.21427780389785767,False,{},{},0.09883511500083841,False,False,8136
G0_73100_1e-04,27,0,337,1,1.362494945526123,6.690611362457275,True,{},{},0.1005101650080178,False,False,8136
G0_73100_1e-04,28,0,15724,53,0.36099374294281006,0.11008869856595993,False,{},{},0.10055128898238763,False,False,8136
G0_73100_1e-04,29,0,8017,25,0.27664896845817566,0.33680781722068787,False,{},{},0.09541344200260937,False,False,8136
G0_73100_1e-04,30,0,344,8,0.9251072406768799,0.7659331560134888,False,{},{},0.09675613700528629,False,False,8136
G0_73100_1e-04,31,0,8031,39,0.18352366983890533,0.24779677391052246,False,{},{},0.10062944001401775,False,False,8136
G0_73100_1e-04,32,0,15711,40,0.045554324984550476,0.06406957656145096,False,{},{},0.09850434699910693,False,False,8136
G0_73100_1e-04,33,0,8023,31,0.26595091819763184,0.23418717086315155,False,{},{},0.09884833198157139,False,False,8136
G0_73100_1e-04,34,0,349,13,1.287207841873169,7.5959696769714355,True,{},{},0.09934894798789173,False,False,8136
G0_73100_1e-04,35,0,346,10,0.930801510810852,0.9192127585411072,False,{},{},0.09226872900035232,False,False,8136
G0_73100_1e-04,36,0,8030,38,0.1702035665512085,0.3121071457862854,False,{},{},0.10049524198984727,False,False,8136
G0_73100_1e-04,37,0,8025,33,0.2694486677646637,0.19894734025001526,False,{},{},0.09313277702312917,False,False,8136
G0_73100_1e-04,38,0,359,23,0.6444159150123596,1.6434719562530518,True,{},{},0.09320505801588297,False,False,8136
G0_73100_1e-04,39,0,342,6,0.9346677660942078,2.083486318588257,True,{},{},0.09930358498240821,False,False,8136
G0_73100_1e-04,40,0,339,3,0.8531530499458313,2.3655662536621094,True,{},{},0.09388043999206275,False,False,8136
G0_73100_1e-04,41,0,15733,62,0.664763331413269,0.20453156530857086,False,{},{},0.10044096200726926,False,False,8136
G0_73100_1e-04,42,0,15725,54,0.3843875229358673,0.12605135142803192,False,{},{},0.09442765600397252,False,False,8136
G0_73100_1e-04,43,0,15731,60,0.5905886888504028,0.1739928275346756,False,{},{},0.09616033098427579,False,False,8136
G0_73100_1e-04,44,0,15727,56,0.42801231145858765,0.1434250771999359,False,{},{},0.09714735299348831,False,False,8136
G0_73100_1e-04,45,0,15728,57,0.4581681787967682,0.14212653040885925,False,{},{},0.09672974998829886,False,False,8136
G0_73100_1e-04,46,0,15713,42,0.0714770257472992,0.07276154309511185,False,{},{},0.09559431902016513,False,False,8136
G0_73100_1e-04,47,0,353,17,0.6079110503196716,1.4091838598251343,True,{},{},0.09728994901524857,False,False,8136
G0_73100_1e-04,48,0,15722,51,0.30267494916915894,0.11920735239982605,False,{},{},0.09758654198958538,False,False,8136
G0_73100_1e-04,49,0,15730,59,0.526479959487915,0.15816786885261536,False,{},{},0.09444715900463052,False,False,8136
G0_73100_1e-04,50,0,15715,44,0.12588563561439514,0.06963086873292923,False,{},{},0.10034908499801531,False,False,8136
G0_73100_1e-04,51,0,358,22,0.5812042951583862,1.4374704360961914,True,{},{},0.09605634899344295,False,False,8136
G0_73100_1e-04,52,0,354,18,0.6114383339881897,1.3837239742279053,True,{},{},0.09781511701294221,False,False,8136
G0_73100_1e-04,53,0,338,2,1.0945926904678345,5.642919063568115,True,{},{},0.0942721210012678,False,False,8136
G0_73100_1e-04,54,0,8026,34,0.24350672960281372,0.25759804248809814,False,{},{},0.09301344200503081,False,False,8136
G0_73100_1e-04,55,0,8021,29,0.26329776644706726,0.29258817434310913,False,{},{},0.10027650199481286,False,False,8136
G0_73100_1e-04,56,0,357,21,0.5272899866104126,0.5175999999046326,False,{},{},0.0953503499913495,False,False,8136
G0_73100_1e-04,57,0,352,16,0.5608958005905151,0.8080342411994934,False,{},{},0.09825526500935666,False,False,8136
G0_73100_1e-04,58,0,15729,58,0.48761025071144104,0.14962215721607208,False,{},{},0.09826900099869817,False,False,8136
G0_73100_1e-04,59,0,15734,63,0.6826056241989136,0.23714378476142883,False,{},{},0.09635511200758629,False,False,8136
G0_73100_1e-04,60,0,8027,35,0.24153803288936615,0.30512458086013794,False,{},{},0.10130479899817146,False,False,8136
G0_73100_1e-04,61,0,8028,36,0.14353948831558228,0.4292340874671936,False,{},{},0.09522173000732437,False,False,8136
G0_73100_1e-04,62,0,15719,48,0.22572492063045502,0.11772770434617996,False,{},{},0.09501775199896656,False,False,8136
G0_73100_1e-04,63,0,347,11,0.8237055540084839,0.6659287810325623,False,{},{},0.09653003301355056,False,False,8136
G0_73100_1e-04,64,0,15732,61,0.6116142272949219,0.20312923192977905,False,{},{},0.09937236498808488,False,False,8136
G0_73100_1e-04,65,1,354,18,0.521547794342041,1.0594193935394287,True,{},{},0.09487987498869188,False,False,8136
G0_73100_1e-04,66,1,345,9,0.8046446442604065,0.9644255042076111,False,{},{},0.09889241299242713,False,False,8136
G0_73100_1e-04,67,1,15734,63,0.673879861831665,0.24433672428131104,False,{},{},0.09711851997417398,False,False,8136
G0_73100_1e-04,68,1,15721,50,0.2670758366584778,0.14332658052444458,False,{},{},0.09747133101336658,False,False,8136
G0_73100_1e-04,69,1,8026,34,0.2270452380180359,0.2844388782978058,False,{},{},0.09903627901803702,False,False,8136
G0_73100_1e-04,70,1,337,1,0.7966216802597046,3.3131728172302246,True,{},{},0.096862443984719,False,False,8136
G0_73100_1e-04,71,1,341,5,0.7850898504257202,1.4269369840621948,True,{},{},0.09484068799065426,False,False,8136
G0_73100_1e-04,72,1,336,0,0.7220772504806519,0.9233233332633972,False,{},{},0.09365043399157003,False,False,8136
G0_73100_1e-04,73,1,15718,47,0.19696635007858276,0.11937251687049866,False,{},{},0.10020357198663987,False,False,8136
G0_73100_1e-04,74,1,8023,31,0.24996408820152283,0.31300726532936096,False,{},{},0.09714682801859453,False,False,8136
G0_73100_1e-04,75,1,8027,35,0.22543886303901672,0.34838205575942993,False,{},{},0.09793923300458118,False,False,8136
G0_73100_1e-04,76,1,348,12,0.8200792074203491,1.3773757219314575,True,{},{},0.09619381400989369,False,False,8136
G0_73100_1e-04,77,1,15726,55,0.3892092704772949,0.14887501299381256,False,{},{},0.09718021098524332,False,False,8136
G0_73100_1e-04,78,1,8021,29,0.24793052673339844,0.3493812382221222,False,{},{},0.09989126501022838,False,False,8136
G0_73100_1e-04,79,1,15725,54,0.3665555715560913,0.1487634927034378,False,{},{},0.10283819597680122,False,False,8136
G0_73100_1e-04,80,1,15730,59,0.5077850818634033,0.18234987556934357,False,{},{},0.09668285900261253,False,False,8136
G0_73100_1e-04,81,1,340,4,0.7033005952835083,0.7555968165397644,False,{},{},0.09466965601313859,False,False,8136
G0_73100_1e-04,82,1,15714,43,0.10050403326749802,0.12478216737508774,False,{},{},0.09842542101978324,False,False,8136
G0_73100_1e-04,83,1,15729,58,0.47396552562713623,0.1718636155128479,False,{},{},0.09960049300570972,False,False,8136
G0_73100_1e-04,84,1,15723,52,0.31074559688568115,0.1372023969888687,False,{},{},0.1041951049992349,False,False,8136
G0_73100_1e-04,85,1,359,23,0.5260587930679321,2.174704074859619,True,{},{},0.09614324299036525,False,False,8136
G0_73100_1e-04,86,1,15716,45,0.14557361602783203,0.08692829310894012,False,{},{},0.09645012600230984,False,False,8136
G0_73100_1e-04,87,1,357,21,0.4541099965572357,0.9140123724937439,False,{},{},0.10771799201029353,False,False,8136
G0_73100_1e-04,88,1,358,22,0.48315101861953735,0.7813978791236877,False,{},{},0.09808182599954307,False,False,8136
G0_73100_1e-04,89,1,343,7,0.7777566909790039,1.2206811904907227,True,{},{},0.09674946899758652,False,False,8136
G0_73100_1e-04,90,1,8019,27,0.2299932837486267,0.3470451831817627,False,{},{},0.09758691999013536,False,False,8136
G0_73100_1e-04,91,1,8028,36,0.11618611216545105,0.40829551219940186,False,{},{},0.1001456469821278,False,False,8136
G0_73100_1e-04,92,1,15713,42,0.07779394090175629,0.14760181307792664,False,{},{},0.10198141902219504,False,False,8136
G0_73100_1e-04,93,1,15732,61,0.5921977758407593,0.23123790323734283,False,{},{},0.10240395698929206,False,False,8136
G0_73100_1e-04,94,1,8018,26,0.22764772176742554,0.3990575671195984,False,{},{},0.09873105701990426,False,False,8136
G0_73100_1e-04,95,1,8017,25,0.22863541543483734,0.3699982762336731,False,{},{},0.09504177200142294,False,False,8136
G0_73100_1e-04,96,1,15717,46,0.1682782918214798,0.10175687074661255,False,{},{},0.09484833202441223,False,False,8136
G0_73100_1e-04,97,1,15728,57,0.43683987855911255,0.18629343807697296,False,{},{},0.09903056098846719,False,False,8136
G0_73100_1e-04,98,1,339,3,0.6730904579162598,1.4501070976257324,True,{},{},0.09505278200958855,False,False,8136
G0_73100_1e-04,99,1,355,19,0.4773128628730774,1.0644910335540771,True,{},{},0.09338941299938597,False,False,8136
G0_73100_1e-04,100,1,344,8,0.7696475982666016,1.5770388841629028,True,{},{},0.09486842699698173,False,False,8136
G0_73100_1e-04,101,1,347,11,0.7500407695770264,1.4170640707015991,True,{},{},0.09738236700650305,False,False,8136
G0_73100_1e-04,102,1,350,14,0.5352332592010498,1.6177479028701782,True,{},{},0.09652048000134528,False,False,8136
G0_73100_1e-04,103,1,15720,49,0.23515191674232483,0.17663033306598663,False,{},{},0.09674099500989541,False,False,8136
G0_73100_1e-04,104,1,8031,39,0.14707016944885254,0.40438106656074524,False,{},{},0.0953477400180418,False,False,8136
G0_73100_1e-04,105,1,338,2,0.6895816922187805,1.059991717338562,True,{},{},0.09840950500802137,False,False,8136
G0_73100_1e-04,106,1,351,15,0.5227354764938354,2.345191240310669,True,{},{},0.10129009498632513,False,False,8136
G0_73100_1e-04,107,1,8025,33,0.22506183385849,0.32538288831710815,False,{},{},0.09667776402784511,False,False,8136
G0_73100_1e-04,108,1,352,16,0.4877718687057495,1.9605984687805176,True,{},{},0.09726163500454277,False,False,8136
G0_73100_1e-04,109,1,8029,37,0.1544966995716095,2.0035054683685303,True,{},{},0.09616107499459758,False,False,8136
G0_73100_1e-04,110,1,8020,28,0.2082061469554901,0.32165107131004333,False,{},{},0.09805381699698046,False,False,8136
G0_73100_1e-04,111,1,15715,44,0.12241734564304352,0.1454254686832428,False,{},{},0.10495597499539144,False,False,8136
G0_73100_1e-04,112,1,8024,32,0.21995529532432556,0.33486586809158325,False,{},{},0.09561581100570038,False,False,8136
G0_73100_1e-04,113,1,356,20,0.44540318846702576,1.6195887327194214,True,{},{},0.09524354600580409,False,False,8136
G0_73100_1e-04,114,1,15731,60,0.5531458854675293,0.2862444221973419,False,{},{},0.09598624802310951,False,False,8136
G0_73100_1e-04,115,1,15712,41,0.052512653172016144,0.1766938865184784,False,{},{},0.0953074220160488,False,False,8136
G0_73100_1e-04,116,1,15719,48,0.21266791224479675,0.23101584613323212,False,{},{},0.0990382409945596,False,False,8136
G0_73100_1e-04,117,1,342,6,0.6854685544967651,1.2294857501983643,True,{},{},0.09632559097371995,False,False,8136
G0_73100_1e-04,118,1,15733,62,0.6135351657867432,0.34108486771583557,False,{},{},0.09589695499744266,False,False,8136
G0_73100_1e-04,119,1,8022,30,0.21511301398277283,0.27530747652053833,False,{},{},0.09801906600478105,False,False,8136
G0_73100_1e-04,120,1,15724,53,0.326312780380249,0.23597046732902527,False,{},{},0.1009673629887402,False,False,8136
G0_73100_1e-04,121,1,353,17,0.43333572149276733,0.9832042455673218,False,{},{},0.10664369000005536,False,False,8136
G0_73100_1e-04,122,1,8016,24,0.1999737173318863,0.3761694133281708,False,{},{},0.09656838298542425,False,False,8136
G0_73100_1e-04,123,1,8030,38,0.13141867518424988,0.5018743872642517,False,{},{},0.09389983699657023,False,False,8136
G0_73100_1e-04,124,1,15722,51,0.2747342586517334,0.2489035427570343,False,{},{},0.09641540501615964,False,False,8136
G0_73100_1e-04,125,1,15711,40,0.055863454937934875,0.24303093552589417,False,{},{},0.10209524200763553,False,False,8136
G0_73100_1e-04,126,1,15727,56,0.38803374767303467,0.28256821632385254,False,{},{},0.0938832979882136,False,False,8136
G0_73100_1e-04,127,1,346,10,0.6966949701309204,1.599532961845398,True,{},{},0.09834371900069527,False,False,8136
G0_73100_1e-04,128,1,349,13,0.4876828193664551,1.6364692449569702,True,{},{},0.09450644100434147,False,False,8136
G0_73100_1e-04,129,2,353,17,0.4136568605899811,1.1624834537506104,True,{},{},0.1020156120066531,False,False,8136
G0_73100_1e-04,130,2,8027,35,0.18801578879356384,0.441673219203949,False,{},{},0.09366877100546844,False,False,8136
G0_73100_1e-04,131,2,8017,25,0.18687447905540466,0.32999011874198914,False,{},{},0.09555031900526956,False,False,8136
G0_73100_1e-04,132,2,8020,28,0.1956106275320053,0.37547624111175537,False,{},{},0.09929441098938696,False,False,8136
G0_73100_1e-04,133,2,15729,58,0.4397280514240265,0.4053976833820343,False,{},{},0.09535154700279236,False,False,8136
G0_73100_1e-04,134,2,15719,48,0.20196965336799622,0.2686437666416168,False,{},{},0.10208187799435109,False,False,8136
G0_73100_1e-04,135,2,8024,32,0.19562333822250366,0.3940280079841614,False,{},{},0.09637990899500437,False,False,8136
G0_73100_1e-04,136,2,15731,60,0.5247272253036499,0.5037684440612793,False,{},{},0.09534668599371798,False,False,8136
G0_73100_1e-04,137,2,15714,43,0.0967891663312912,0.20629335939884186,False,{},{},0.09628944098949432,False,False,8136
G0_73100_1e-04,138,2,8030,38,0.11536180973052979,0.4903426468372345,False,{},{},0.09937161099514924,False,False,8136
G0_73100_1e-04,139,2,15715,44,0.1218433827161789,0.16836337745189667,False,{},{},0.09590245000435971,False,False,8136
G0_73100_1e-04,140,2,8018,26,0.1756540834903717,0.43978625535964966,False,{},{},0.09571201101061888,False,False,8136
G0_73100_1e-04,141,2,8021,29,0.18889477849006653,0.34601086378097534,False,{},{},0.09538467501988634,False,False,8136
G0_73100_1e-04,142,2,345,9,0.6314805746078491,0.9875825643539429,False,{},{},0.09676252998178825,False,False,8136
G0_73100_1e-04,143,2,15734,63,0.5961970090866089,0.7923668026924133,False,{},{},0.10176251598750241,False,False,8136
G0_73100_1e-04,144,2,8028,36,0.12636077404022217,0.8395237922668457,False,{},{},0.0966912760050036,False,False,8136
G0_73100_1e-04,145,2,347,11,0.6474494934082031,1.4094711542129517,True,{},{},0.09343614499084651,False,False,8136
G0_73100_1e-04,146,2,8025,33,0.17431053519248962,0.37234023213386536,False,{},{},0.09593142199446447,False,False,8136
G0_73100_1e-04,147,2,349,13,0.4184306859970093,1.3418608903884888,True,{},{},0.09835749201010913,False,False,8136
G0_73100_1e-04,148,2,15722,51,0.24625003337860107,0.4754769802093506,False,{},{},0.10086398999555968,False,False,8136
G0_73100_1e-04,149,2,344,8,0.5982391834259033,1.4977678060531616,True,{},{},0.09708538898848929,False,False,8136
G0_73100_1e-04,150,2,15733,62,0.5071249604225159,1.3638441562652588,True,{},{},0.09421009401557967,False,False,8136
G0_73100_1e-04,151,2,15713,42,0.09944680333137512,1.0142632722854614,True,{},{},0.09465681901201606,False,False,8136
G0_73100_1e-04,152,2,15732,61,0.4746885299682617,1.2245382070541382,True,{},{},0.09468404101789929,False,False,8136
G0_73100_1e-04,153,2,348,12,0.5830612182617188,1.381648063659668,True,{},{},0.09917175798909739,False,False,8136
G0_73100_1e-04,154,2,352,16,0.3987910747528076,2.4538049697875977,True,{},{},0.09792322100838646,False,False,8136
G0_73100_1e-04,155,2,15721,50,0.21021565794944763,0.48345932364463806,False,{},{},0.09374926498276182,False,False,8136
G0_73100_1e-04,156,2,15725,54,0.28144484758377075,0.8916528224945068,False,{},{},0.09644312900491059,False,False,8136
G0_73100_1e-04,157,2,15723,52,0.2461083084344864,0.6561200618743896,False,{},{},0.09602502299821936,False,False,8136
G0_73100_1e-04,158,2,337,1,0.6401990652084351,7.364737033843994,True,{},{},0.09813088100054301,False,False,8136
G0_73100_1e-04,159,2,340,4,0.5731123685836792,2.663450002670288,True,{},{},0.09817332902457565,False,False,8136
G0_73100_1e-04,160,2,8022,30,0.17722797393798828,0.499247670173645,False,{},{},0.09786501599592157,False,False,8136
G0_73100_1e-04,161,2,15717,46,0.15222588181495667,1.0220791101455688,True,{},{},0.09805492800660431,False,False,8136
G0_73100_1e-04,162,2,351,15,0.3727303743362427,1.4794151782989502,True,{},{},0.10005226999055594,False,False,8136
G0_73100_1e-04,163,2,8016,24,0.18022246658802032,1.8198004961013794,True,{},{},0.09460805699927732,False,False,8136
G0_73100_1e-04,164,2,358,22,0.4684419631958008,2.610297918319702,True,{},{},0.09884860800229944,False,False,8136
G0_73100_1e-04,165,2,15720,49,0.18305063247680664,1.0455572605133057,True,{},{},0.09745600202586502,False,False,8136
G0_73100_1e-04,166,2,357,21,0.4067056477069855,2.5111443996429443,True,{},{},0.09281806802027859,False,False,8136
G0_73100_1e-04,167,2,15712,41,0.051656536757946014,0.45475688576698303,False,{},{},0.10139558999799192,False,False,8136
G0_73100_1e-04,168,2,15727,56,0.2788041830062866,2.693629026412964,True,{},{},0.09687202799250372,False,False,8136
G0_73100_1e-04,169,2,339,3,0.5964864492416382,2.2928099632263184,True,{},{},0.09486693202052265,False,False,8136
G0_73100_1e-04,170,2,346,10,0.590249240398407,1.5745803117752075,True,{},{},0.09825009299675003,False,False,8136
G0_73100_1e-04,171,2,8023,31,0.1699034571647644,0.4531877636909485,False,{},{},0.09638712200103328,False,False,8136
G0_73100_1e-04,172,2,8031,39,0.09048527479171753,0.7438892126083374,False,{},{},0.09769555999082513,False,False,8136
G0_73100_1e-04,173,2,354,18,0.39333847165107727,2.7485713958740234,True,{},{},0.09807994600851089,False,False,8136
G0_73100_1e-04,174,2,336,0,0.6023948192596436,2.1299307346343994,True,{},{},0.09528849500929937,False,False,8136
G0_73100_1e-04,175,2,15724,53,0.24401766061782837,3.5031490325927734,True,{},{},0.1260240630072076,False,False,8136
G0_73100_1e-04,176,2,341,5,0.5284018516540527,1.1972483396530151,True,{},{},0.11988388097961433,False,False,8135
G0_73100_1e-04,177,2,15728,57,0.2518279552459717,1.738169550895691,True,{},{},0.09341082401806489,False,False,8135
G0_73100_1e-04,178,2,8019,27,0.14632128179073334,0.737033486366272,False,{},{},0.09730393497738987,False,False,8135
G0_73100_1e-04,179,2,350,14,0.3357381224632263,1.4229320287704468,True,{},{},0.09768752098898403,False,False,8135
G0_73100_1e-04,180,2,342,6,0.5379616022109985,1.216768503189087,True,{},{},0.0984930099803023,False,False,8135
G0_73100_1e-04,181,2,8029,37,0.1315728724002838,1.722739338874817,True,{},{},0.0991111479816027,False,False,8134
G0_73100_1e-04,182,2,8026,34,0.15224626660346985,0.6413558125495911,False,{},{},0.09488737699575722,False,False,8134
G0_73100_1e-04,183,2,15730,59,0.31997013092041016,4.278785705566406,True,{},{},0.09895520200370811,False,False,8134
G0_73100_1e-04,184,2,15726,55,0.1922791749238968,3.3306851387023926,True,{},{},0.09358757300651632,False,False,8134
G0_73100_1e-04,185,2,15716,45,0.11866792291402817,0.736487090587616,False,{},{},0.09617130001424812,False,False,8133
G0_73100_1e-04,186,2,359,23,0.42825135588645935,2.44062876701355,True,{},{},0.09758910798700526,False,False,8133
G0_73100_1e-04,187,2,343,7,0.5533115863800049,1.5810354948043823,True,{},{},0.09429453400662169,False,False,8133
G0_73100_1e-04,188,2,15711,40,0.08559873700141907,1.9979625940322876,True,{},{},0.1000508340075612,False,False,8133
G0_73100_1e-04,189,2,338,2,0.5462817549705505,2.416827917098999,True,{},{},0.09416858002077788,False,False,8133
G0_73100_1e-04,190,2,15718,47,0.1389266401529312,1.4525941610336304,True,{},{},0.09763832198223099,False,False,8133
G0_73100_1e-04,191,2,356,20,0.3391672670841217,1.7529376745224,True,{},{},0.09687975500128232,False,False,8133
G0_73100_1e-04,192,2,355,19,0.3153565526008606,1.382179617881775,True,{},{},0.09601829299936071,False,False,8133
G0_73100_1e-04,193,3,15719,48,0.1418112814426422,1.1662777662277222,True,{},{},0.09425473501323722,False,False,8133
G0_73100_1e-04,194,3,348,12,0.5345815420150757,2.213416576385498,True,{},{},0.09945377899566665,False,False,8133
G0_73100_1e-04,195,3,342,6,0.49672776460647583,1.1023234128952026,True,{},{},0.09391645999858156,False,False,8133
G0_73100_1e-04,196,3,8019,27,0.12500886619091034,0.7701489925384521,False,{},{},0.09613428299780935,False,False,8133
G0_73100_1e-04,197,3,350,14,0.2880791425704956,1.3438340425491333,True,{},{},0.09562560199992731,False,False,8133
G0_73100_1e-04,198,3,344,8,0.507859468460083,0.8871506452560425,False,{},{},0.09677429700968787,False,False,8133
G0_73100_1e-04,199,3,346,10,0.5027902722358704,1.0683907270431519,True,{},{},0.0978762180020567,False,False,8133
G0_73100_1e-04,200,3,8017,25,0.15856768190860748,1.0712611675262451,True,{},{},0.09624353901017457,False,False,8133
G0_73100_1e-04,201,3,15722,51,0.10443899780511856,1.2329521179199219,True,{},{},0.0963056409964338,False,False,8133
G0_73100_1e-04,202,3,8028,36,0.07661125063896179,0.793055534362793,False,{},{},0.09694872298859991,False,False,8133
G0_73100_1e-04,203,3,8031,39,0.061514727771282196,1.0442496538162231,True,{},{},0.09414776301127858,False,False,8133
G0_73100_1e-04,204,3,15715,44,0.09573593735694885,1.0936192274093628,True,{},{},0.09704798500752077,False,False,8133
G0_73100_1e-04,205,3,15731,60,0.2075827419757843,4.027877330780029,True,{},{},0.09672680901712738,False,False,8133
G0_73100_1e-04,206,3,357,21,0.3319588601589203,4.119577884674072,True,{},{},0.09780450398102403,False,False,8133
G0_73100_1e-04,207,3,8030,38,0.057771243155002594,0.48581933975219727,False,{},{},0.09969043100136332,False,False,8133
G0_73100_1e-04,208,3,15732,61,0.21638932824134827,4.7201128005981445,True,{},{},0.09597782598575577,False,False,8133
G0_73100_1e-04,209,3,15724,53,0.08320274949073792,1.7227766513824463,True,{},{},0.10402318101841956,False,False,8134
G0_73100_1e-04,210,3,8020,28,0.10716323554515839,0.8291120529174805,False,{},{},0.09981840700493194,False,False,8134
G0_73100_1e-04,211,3,8021,29,0.11720453202724457,0.778555154800415,False,{},{},0.09414814799674787,False,False,8134
G0_73100_1e-04,212,3,358,22,0.3058937191963196,1.2374168634414673,True,{},{},0.10605156098608859,False,False,8134
G0_73100_1e-04,213,3,15712,41,0.058574285358190536,1.0368494987487793,True,{},{},0.10697561400593258,False,False,8134
G0_73100_1e-04,214,3,8022,30,0.1325097680091858,0.8089584112167358,False,{},{},0.09997567400569096,False,False,8134
G0_73100_1e-04,215,3,15728,57,0.08241184800863266,3.224416732788086,True,{},{},0.09991472700494342,False,False,8134
G0_73100_1e-04,216,3,337,1,0.46624574065208435,1.3822848796844482,True,{},{},0.09828679900965653,False,False,8134
G0_73100_1e-04,217,3,15723,52,0.07079219818115234,1.3422991037368774,True,{},{},0.09562833502423018,False,False,8134
G0_73100_1e-04,218,3,8026,34,0.12430526316165924,0.8230686783790588,False,{},{},0.10598939401097596,False,False,8133
G0_73100_1e-04,219,3,338,2,0.45540034770965576,1.0427004098892212,True,{},{},0.09832686401205137,False,False,8133
G0_73100_1e-04,220,3,355,19,0.24480971693992615,1.1215206384658813,True,{},{},0.09521291201235726,False,False,8133
G0_73100_1e-04,221,3,15711,40,0.056886352598667145,1.1773427724838257,True,{},{},0.09487506799632683,False,False,8133
G0_73100_1e-04,222,3,15718,47,0.07456464320421219,0.9406870603561401,False,{},{},0.09725777900894172,False,False,8133
G0_73100_1e-04,223,3,340,4,0.4315107464790344,1.1392016410827637,True,{},{},0.1010761880024802,False,False,8134
G0_73100_1e-04,224,3,8029,37,0.08085855841636658,1.5013511180877686,True,{},{},0.09820729499915615,False,False,8134
G0_73100_1e-04,225,3,351,15,0.24334029853343964,1.2822128534317017,True,{},{},0.09631178798736073,False,False,8134
G0_73100_1e-04,226,3,15725,54,0.15366493165493011,11.761202812194824,True,{},{},0.0964875950012356,False,False,8134
G0_73100_1e-04,227,3,345,9,0.46877580881118774,1.5207674503326416,True,{},{},0.09856104000937194,False,False,8134
G0_73100_1e-04,228,3,8025,33,0.11511820554733276,0.7751803994178772,False,{},{},0.09674536201055162,False,False,8134
G0_73100_1e-04,229,3,8027,35,0.08581298589706421,0.6259416341781616,False,{},{},0.09711387800052762,False,False,8134
G0_73100_1e-04,230,3,353,17,0.21676640212535858,1.089077353477478,True,{},{},0.09711022200644948,False,False,8134
G0_73100_1e-04,231,3,15730,59,0.12558329105377197,7.005566596984863,True,{},{},0.09606881000217982,False,False,8134
G0_73100_1e-04,232,3,15717,46,0.0826365128159523,2.1285412311553955,True,{},{},0.09911675800685771,False,False,8134
G0_73100_1e-04,233,3,8023,31,0.11379586160182953,1.0071672201156616,True,{},{},0.10006209099083208,False,False,8134
G0_73100_1e-04,234,3,349,13,0.239417165517807,1.9731234312057495,True,{},{},0.09708179501467384,False,False,8134
G0_73100_1e-04,235,3,15721,50,0.061092525720596313,2.670921802520752,True,{},{},0.09535020898329094,False,False,8134
G0_73100_1e-04,236,3,15714,43,0.06982257962226868,0.672279417514801,False,{},{},0.09753269801149145,False,False,8134
G0_73100_1e-04,237,3,15727,56,0.1010856106877327,7.0549702644348145,True,{},{},0.10353249701438472,False,False,8133
G0_73100_1e-04,238,3,8016,24,0.13367801904678345,1.5929042100906372,True,{},{},0.09484188098576851,False,False,8133
G0_73100_1e-04,239,3,15726,55,0.08031655848026276,4.650261402130127,True,{},{},0.09359585799393244,False,False,8133
G0_73100_1e-04,240,3,15729,58,0.07715091109275818,1.2272636890411377,True,{},{},0.0971618170151487,False,False,8133
G0_73100_1e-04,241,3,8024,32,0.11750755459070206,2.5343151092529297,True,{},{},0.09609234999516048,False,False,8133
G0_73100_1e-04,242,3,354,18,0.2066217064857483,1.957695722579956,True,{},{},0.10207593202358112,False,False,8133
G0_73100_1e-04,243,3,15713,42,0.05302225798368454,0.4360615313053131,False,{},{},0.09470380001584999,False,False,8133
G0_73100_1e-04,244,3,15733,62,0.2270348072052002,5.267539978027344,True,{},{},0.09438790398417041,False,False,8133
G0_73100_1e-04,245,3,15734,63,0.31280767917633057,5.855931758880615,True,{},{},0.09763611800735816,False,False,8133
G0_73100_1e-04,246,3,359,23,0.2620009183883667,1.666412115097046,True,{},{},0.1011000259895809,False,False,8133
G0_73100_1e-04,247,3,343,7,0.4130447506904602,1.592301607131958,True,{},{},0.0998820020176936,False,False,8133
G0_73100_1e-04,248,3,15716,45,0.05190971866250038,0.7593399882316589,False,{},{},0.09693311699084006,False,False,8133
G0_73100_1e-04,249,3,336,0,0.4382558763027191,2.3395018577575684,True,{},{},0.09377775300526991,False,False,8133
G0_73100_1e-04,250,3,347,11,0.42990630865097046,1.932103157043457,True,{},{},0.09551165698212571,False,False,8133
G0_73100_1e-04,251,3,15720,49,0.05873821675777435,0.9262274503707886,False,{},{},0.10224747299798764,False,False,8133
G0_73100_1e-04,252,3,339,3,0.3922945261001587,1.6962237358093262,True,{},{},0.09601763301179744,False,False,8133
G0_73100_1e-04,253,3,356,20,0.2129088193178177,1.537625789642334,True,{},{},0.09938179099117406,False,False,8133
G0_73100_1e-04,254,3,8018,26,0.09331730753183365,0.7016772627830505,False,{},{},0.09414418498636223,False,False,8133
G0_73100_1e-04,255,3,341,5,0.39956843852996826,1.8799827098846436,True,{},{},0.09148693399038166,False,False,8133
G0_73100_1e-04,256,3,352,16,0.17219969630241394,1.3281992673873901,True,{},{},0.10636371799046174,False,False,8133
G0_73100_1e-04,257,4,15731,60,0.10785984992980957,1.5895103216171265,True,{},{},0.09820209498866461,False,False,8134
G0_73100_1e-04,258,4,15721,50,0.09092280268669128,5.027629375457764,True,{},{},0.09518098802072927,False,False,8134
G0_73100_1e-04,259,4,351,15,0.17600660026073456,1.3800790309906006,True,{},{},0.09683406801195815,False,False,8134
G0_73100_1e-04,260,4,347,11,0.3936818242073059,1.444328784942627,True,{},{},0.10529182499158196,False,False,8135
G0_73100_1e-04,261,4,339,3,0.36308565735816956,0.9997339248657227,False,{},{},0.09846467600436881,False,False,8135
G0_73100_1e-04,262,4,15720,49,0.07801184058189392,4.6786932945251465,True,{},{},0.09691720499540679,False,False,8135
G0_73100_1e-04,263,4,358,22,0.19915905594825745,1.3200668096542358,True,{},{},0.09218816499924287,False,False,8135
G0_73100_1e-04,264,4,337,1,0.35968977212905884,1.9536051750183105,True,{},{},0.09584269498009235,False,False,8135
G0_73100_1e-04,265,4,15711,40,0.05147542431950569,0.909924328327179,False,{},{},0.1011939799936954,False,False,8135
G0_73100_1e-04,266,4,344,8,0.3627343475818634,1.4712417125701904,True,{},{},0.09643933299230412,False,False,8135
G0_73100_1e-04,267,4,15733,62,0.12416012585163116,1.7858089208602905,True,{},{},0.09525775001384318,False,False,8135
G0_73100_1e-04,268,4,336,0,0.303801953792572,2.210383892059326,True,{},{},0.09881357700214721,False,False,8135
G0_73100_1e-04,269,4,342,6,0.3180854320526123,1.555907964706421,True,{},{},0.10014098699321039,False,False,8135
G0_73100_1e-04,270,4,8018,26,0.07142233848571777,0.848868727684021,False,{},{},0.0993290529877413,False,False,8135
G0_73100_1e-04,271,4,15728,57,0.09781506657600403,4.667459964752197,True,{},{},0.09467861498706043,False,False,8135
G0_73100_1e-04,272,4,346,10,0.38439828157424927,2.643587589263916,True,{},{},0.0964788289857097,False,False,8135
G0_73100_1e-04,273,4,8027,35,0.06348539888858795,0.9377774596214294,False,{},{},0.10064586700173095,False,False,8135
G0_73100_1e-04,274,4,15716,45,0.04252900183200836,0.6124058961868286,False,{},{},0.10278052798821591,False,False,8136
G0_73100_1e-04,275,4,8031,39,0.04751553758978844,0.5829878449440002,False,{},{},0.09614752698689699,False,False,8136
G0_73100_1e-04,276,4,15722,51,0.08328463137149811,2.9512813091278076,True,{},{},0.09728359399014153,False,False,8136
G0_73100_1e-04,277,4,15734,63,0.1292945146560669,2.4358887672424316,True,{},{},0.09448908900958486,False,False,8136
G0_73100_1e-04,278,4,338,2,0.24173381924629211,5.18104887008667,True,{},{},0.09782393500790931,False,False,8136
G0_73100_1e-04,279,4,15729,58,0.08326910436153412,4.09520149230957,True,{},{},0.10197435802547261,False,False,8136
G0_73100_1e-04,280,4,15712,41,0.07051483541727066,2.387044906616211,True,{},{},0.09485359897371382,False,False,8136
G0_73100_1e-04,281,4,8030,38,0.04508289694786072,0.6038392782211304,False,{},{},0.09698933098115958,False,False,8136
G0_73100_1e-04,282,4,15719,48,0.07505163550376892,3.821754217147827,True,{},{},0.09849088001647033,False,False,8136
G0_73100_1e-04,283,4,343,7,0.24398376047611237,3.119798183441162,True,{},{},0.10034335500677116,False,False,8136
G0_73100_1e-04,284,4,8017,25,0.1326223909854889,4.219359874725342,True,{},{},0.09968676799326204,False,False,8136
G0_73100_1e-04,285,4,355,19,0.19379788637161255,2.7990684509277344,True,{},{},0.09677941698464565,False,False,8136
G0_73100_1e-04,286,4,8016,24,0.08676460385322571,1.0065425634384155,True,{},{},0.09725100500509143,False,False,8136
G0_73100_1e-04,287,4,15713,42,0.0449584424495697,0.3738298714160919,False,{},{},0.1000044210231863,False,False,8136
G0_73100_1e-04,288,4,15714,43,0.05993304029107094,0.5605881810188293,False,{},{},0.09818025599815883,False,False,8136
G0_73100_1e-04,289,4,356,20,0.1933974027633667,1.901763916015625,True,{},{},0.09748420500545762,False,False,8136
G0_73100_1e-04,290,4,8026,34,0.06929980218410492,0.9392836689949036,False,{},{},0.09660014597466215,False,False,8136
G0_73100_1e-04,291,4,340,4,0.21308448910713196,3.6681296825408936,True,{},{},0.09706479799933732,False,False,8136
G0_73100_1e-04,292,4,15718,47,0.05143486708402634,0.8296777009963989,False,{},{},0.10068865801440552,False,False,8136
G0_73100_1e-04,293,4,15717,46,0.05169523134827614,1.120524525642395,True,{},{},0.09951817098772153,False,False,8136
G0_73100_1e-04,294,4,15726,55,0.09205353260040283,2.5100960731506348,True,{},{},0.09546663798391819,False,False,8136
G0_73100_1e-04,295,4,15725,54,0.10398861020803452,2.907827854156494,True,{},{},0.09771472401916981,False,False,8136
G0_73100_1e-04,296,4,357,21,0.13006117939949036,1.5340183973312378,True,{},{},0.09836853700107895,False,False,8136
G0_73100_1e-04,297,4,15732,61,0.09986814856529236,1.4492095708847046,True,{},{},0.09897726800409146,False,False,8136
G0_73100_1e-04,298,4,8024,32,0.0729559138417244,0.717736542224884,False,{},{},0.0988746199873276,False,False,8136
G0_73100_1e-04,299,4,8025,33,0.07521068304777145,1.9193707704544067,True,{},{},0.09956433600746095,False,False,8136
G0_73100_1e-04,300,4,15724,53,0.07314984500408173,1.4132639169692993,True,{},{},0.10461000900249928,False,False,8136
G0_73100_1e-04,301,4,8029,37,0.053615834563970566,0.9420655369758606,False,{},{},0.09491590500692837,False,False,8136
G0_73100_1e-04,302,4,8023,31,0.059399962425231934,0.8988491892814636,False,{},{},0.10351549900951795,False,False,8136
G0_73100_1e-04,303,4,8020,28,0.09021799266338348,2.190338373184204,True,{},{},0.0948327379883267,False,False,8136
G0_73100_1e-04,304,4,8019,27,0.10443060100078583,1.7080421447753906,True,{},{},0.09484961401904002,False,False,8136
G0_73100_1e-04,305,4,348,12,0.20204457640647888,3.262624740600586,True,{},{},0.09873785599484108,False,False,8136
G0_73100_1e-04,306,4,8021,29,0.0707094818353653,1.1208863258361816,True,{},{},0.09811290199286304,False,False,8136
G0_73100_1e-04,307,4,350,14,0.1877356320619583,2.840280055999756,True,{},{},0.10050716600380838,False,False,8136
G0_73100_1e-04,308,4,345,9,0.21663978695869446,3.4600119590759277,True,{},{},0.099228890001541,False,False,8136
G0_73100_1e-04,309,4,353,17,0.11390512436628342,1.3572906255722046,True,{},{},0.09775553600047715,False,False,8136
G0_73100_1e-04,310,4,352,16,0.13599126040935516,2.1624791622161865,True,{},{},0.09698767302324995,False,False,8136
G0_73100_1e-04,311,4,341,5,0.13962239027023315,2.8299336433410645,True,{},{},0.09726728100213222,False,False,8136
G0_73100_1e-04,312,4,354,18,0.10604369640350342,1.1710033416748047,True,{},{},0.09904752098373137,False,False,8136
G0_73100_1e-04,313,4,8022,30,0.08098922669887543,1.324650526046753,True,{},{},0.09708044398576021,False,False,8136
G0_73100_1e-04,314,4,15727,56,0.04463471472263336,0.8923435807228088,False,{},{},0.09873962399433367,False,False,8136
G0_73100_1e-04,315,4,15723,52,0.07329006493091583,2.5313096046447754,True,{},{},0.09624045502278022,False,False,8136
G0_73100_1e-04,316,4,8028,36,0.033380232751369476,0.4134448766708374,False,{},{},0.10288668601424433,False,False,8136
G0_73100_1e-04,317,4,15730,59,0.07981805503368378,1.7445847988128662,True,{},{},0.09477968999999575,False,False,8136
G0_73100_1e-04,318,4,349,13,0.16752833127975464,1.8054637908935547,True,{},{},0.09450989300967194,False,False,8136
G0_73100_1e-04,319,4,15715,44,0.0445583201944828,0.5934090614318848,False,{},{},0.0957613369973842,False,False,8136
G0_73100_1e-04,320,4,359,23,0.1499038189649582,1.7697933912277222,True,{},{},0.09302518499316648,False,False,8136
G0_73100_1e-04,321,5,356,20,0.12377075850963593,2.2012882232666016,True,{},{},0.10317821201169863,False,False,8136
G0_73100_1e-04,322,5,8027,35,0.04020628333091736,0.8767868876457214,False,{},{},0.09536921200924553,False,False,8136
G0_73100_1e-04,323,5,8024,32,0.0685497522354126,1.1392229795455933,True,{},{},0.09855333701125346,False,False,8136
G0_73100_1e-04,324,5,345,9,0.14447401463985443,2.2484493255615234,True,{},{},0.09679058799520135,False,False,8136
G0_73100_1e-04,325,5,15728,57,0.0841280147433281,4.252168655395508,True,{},{},0.1012249169871211,False,False,8136
G0_73100_1e-04,326,5,15717,46,0.047446634620428085,1.3468250036239624,True,{},{},0.09976060202461667,False,False,8136
G0_73100_1e-04,327,5,15714,43,0.04307301715016365,0.49214038252830505,False,{},{},0.09619235902209766,False,False,8136
G0_73100_1e-04,328,5,15719,48,0.05826059728860855,1.4465893507003784,True,{},{},0.09557413900620304,False,False,8136
G0_73100_1e-04,329,5,15718,47,0.036861952394247055,0.4188983142375946,False,{},{},0.09834573001717217,False,False,8136
G0_73100_1e-04,330,5,8022,30,0.03933577984571457,0.812418520450592,False,{},{},0.09875366999767721,False,False,8136
G0_73100_1e-04,331,5,15716,45,0.035216715186834335,0.40264222025871277,False,{},{},0.09619884102721699,False,False,8136
G0_73100_1e-04,332,5,8019,27,0.05164369195699692,0.6059847474098206,False,{},{},0.11049876897595823,False,False,8136
G0_73100_1e-04,333,5,15724,53,0.0655040591955185,2.109039068222046,True,{},{},0.09678947299835272,False,False,8136
G0_73100_1e-04,334,5,8029,37,0.028069525957107544,0.39341413974761963,False,{},{},0.09976576900226064,False,False,8136
G0_73100_1e-04,335,5,8026,34,0.04120907559990883,0.6289963722229004,False,{},{},0.0998255180020351,False,False,8135
G0_73100_1e-04,336,5,8018,26,0.05424454063177109,0.7424345016479492,False,{},{},0.09925874602049589,False,False,8135
G0_73100_1e-04,337,5,357,21,0.09102283418178558,0.9705167412757874,False,{},{},0.0974181880010292,False,False,8135
G0_73100_1e-04,338,5,8021,29,0.04811272770166397,1.3702105283737183,True,{},{},0.0962405150057748,False,False,8135
G0_73100_1e-04,339,5,15732,61,0.0931723564863205,1.1057124137878418,True,{},{},0.0996635599876754,False,False,8134
G0_73100_1e-04,340,5,8025,33,0.039575234055519104,0.4802609980106354,False,{},{},0.09560919099021703,False,False,8134
G0_73100_1e-04,341,5,355,19,0.09181557595729828,1.4573194980621338,True,{},{},0.09647431600023992,False,False,8134
G0_73100_1e-04,342,5,349,13,0.10932068526744843,1.962217926979065,True,{},{},0.09643181500723585,False,False,8134
G0_73100_1e-04,343,5,340,4,0.10839550197124481,1.8051764965057373,True,{},{},0.09449365199543536,False,False,8134
G0_73100_1e-04,344,5,342,6,0.12131159752607346,2.3480422496795654,True,{},{},0.09920969200902618,False,False,8134
G0_73100_1e-04,345,5,359,23,0.11314879357814789,1.6930859088897705,True,{},{},0.09859587700339034,False,False,8134
G0_73100_1e-04,346,5,15727,56,0.0518936924636364,2.4160327911376953,True,{},{},0.09705985800246708,False,False,8134
G0_73100_1e-04,347,5,15721,50,0.08327615261077881,4.0583577156066895,True,{},{},0.09431338601280004,False,False,8134
G0_73100_1e-04,348,5,352,16,0.07607394456863403,1.2302302122116089,True,{},{},0.09546267602127045,False,False,8134
G0_73100_1e-04,349,5,337,1,0.11855120956897736,2.038100242614746,True,{},{},0.10230740800034255,False,False,8134
G0_73100_1e-04,350,5,341,5,0.09284950792789459,1.3464319705963135,True,{},{},0.10038500500377268,False,False,8134
G0_73100_1e-04,351,5,15712,41,0.03255355358123779,0.4362489581108093,False,{},{},0.09473984100623056,False,False,8134
G0_73100_1e-04,352,5,8016,24,0.0857861340045929,1.2258777618408203,True,{},{},0.09555255499435589,False,False,8134
G0_73100_1e-04,353,5,8028,36,0.03837757557630539,1.4761977195739746,True,{},{},0.0982685130147729,False,False,8134
G0_73100_1e-04,354,5,8030,38,0.027971815317869186,0.39334461092948914,False,{},{},0.09742594399722293,False,False,8134
G0_73100_1e-04,355,5,8020,28,0.05076085031032562,0.7054491639137268,False,{},{},0.09594409901183099,False,False,8134
G0_73100_1e-04,356,5,336,0,0.17110490798950195,3.689103841781616,True,{},{},0.0947870269883424,False,False,8134
G0_73100_1e-04,357,5,15723,52,0.09870781749486923,2.435880661010742,True,{},{},0.09483296400867403,False,False,8134
G0_73100_1e-04,358,5,15725,54,0.09019768238067627,2.4785046577453613,True,{},{},0.10126129002310336,False,False,8134
G0_73100_1e-04,359,5,8017,25,0.04103709012269974,0.3942605257034302,False,{},{},0.10084870798164047,False,False,8134
G0_73100_1e-04,360,5,343,7,0.1490401029586792,5.317975997924805,True,{},{},0.09942605599644594,False,False,8134
G0_73100_1e-04,361,5,351,15,0.09927001595497131,1.6024267673492432,True,{},{},0.09811925000394695,False,False,8134
G0_73100_1e-04,362,5,350,14,0.10285653173923492,1.9997870922088623,True,{},{},0.09417604299960658,False,False,8134
G0_73100_1e-04,363,5,15720,49,0.03838000074028969,0.30354776978492737,False,{},{},0.10319800599245355,False,False,8135
G0_73100_1e-04,364,5,8023,31,0.032088182866573334,0.4107261300086975,False,{},{},0.10212423501070589,False,False,8135
G0_73100_1e-04,365,5,15729,58,0.043479032814502716,1.1090763807296753,True,{},{},0.09596816200064495,False,False,8135
G0_73100_1e-04,366,5,15713,42,0.03538944199681282,0.388741135597229,False,{},{},0.09576939599355683,False,False,8135
G0_73100_1e-04,367,5,344,8,0.11669231951236725,2.435406446456909,True,{},{},0.097486717015272,False,False,8135
G0_73100_1e-04,368,5,15722,51,0.11106252670288086,4.819335460662842,True,{},{},0.10000400998978876,False,False,8135
G0_73100_1e-04,369,5,347,11,0.17104727029800415,6.097301959991455,True,{},{},0.09575805501663126,False,False,8135
G0_73100_1e-04,370,5,338,2,0.1518588811159134,4.517072677612305,True,{},{},0.09705262500210665,False,False,8135
G0_73100_1e-04,371,5,15711,40,0.03457332402467728,0.6023499965667725,False,{},{},0.09496408299310133,False,False,8135
G0_73100_1e-04,372,5,353,17,0.09584520757198334,1.772125482559204,True,{},{},0.10234788298839703,False,False,8135
G0_73100_1e-04,373,5,15715,44,0.030008947476744652,0.2977299094200134,False,{},{},0.10075476099154912,False,False,8135
G0_73100_1e-04,374,5,15734,63,0.09218881279230118,1.6994251012802124,True,{},{},0.09442383999703452,False,False,8135
G0_73100_1e-04,375,5,358,22,0.10640763491392136,1.294026494026184,True,{},{},0.09740252600749955,False,False,8135
G0_73100_1e-04,376,5,354,18,0.09388880431652069,1.448371410369873,True,{},{},0.0957044459937606,False,False,8135
G0_73100_1e-04,377,5,8031,39,0.03465546667575836,0.6503392457962036,False,{},{},0.11238146500545554,False,False,8135
G0_73100_1e-04,378,5,15730,59,0.05257132276892662,1.5433403253555298,True,{},{},0.09649765401263721,False,False,8135
G0_73100_1e-04,379,5,15731,60,0.07571011781692505,1.2196301221847534,True,{},{},0.09371574697433971,False,False,8135
G0_73100_1e-04,380,5,346,10,0.12909933924674988,2.172729730606079,True,{},{},0.09913649701047689,False,False,8135
G0_73100_1e-04,381,5,15726,55,0.03790675476193428,0.6258077025413513,False,{},{},0.09826624402194284,False,False,8135
G0_73100_1e-04,382,5,348,12,0.13632741570472717,3.0808255672454834,True,{},{},0.10269106799387373,False,False,8135
G0_73100_1e-04,383,5,15733,62,0.0864797830581665,1.0669763088226318,True,{},{},0.09914490900700912,False,False,8135
G0_73100_1e-04,384,5,339,3,0.10214993357658386,2.57586669921875,True,{},{},0.09548167901812121,False,False,8135
G0_73100_1e-04,385,6,8017,25,0.04481523483991623,0.9796701073646545,False,{},{},0.09919276600703597,False,False,8135
G0_73100_1e-04,386,6,15717,46,0.0318094938993454,0.28030887246131897,False,{},{},0.10464064800180495,False,False,8135
G0_73100_1e-04,387,6,337,1,0.07794798910617828,1.1361759901046753,True,{},{},0.09572836800361983,False,False,8135
G0_73100_1e-04,388,6,8030,38,0.02699570544064045,0.3824103772640228,False,{},{},0.09627741502481513,False,False,8135
G0_73100_1e-04,389,6,353,17,0.08004406839609146,1.2740527391433716,True,{},{},0.09392592500080355,False,False,8135
G0_73100_1e-04,390,6,15722,51,0.05259179323911667,1.7018386125564575,True,{},{},0.09804596501635388,False,False,8135
G0_73100_1e-04,391,6,344,8,0.09097792208194733,1.4334359169006348,True,{},{},0.09934754500864074,False,False,8135
G0_73100_1e-04,392,6,8021,29,0.0358460396528244,1.062795877456665,True,{},{},0.09454107799683698,False,False,8135
G0_73100_1e-04,393,6,15714,43,0.036352433264255524,0.4529514014720917,False,{},{},0.09632812900235876,False,False,8135
G0_73100_1e-04,394,6,15719,48,0.03418581932783127,0.5245441198348999,False,{},{},0.09540988100343384,False,False,8135
G0_73100_1e-04,395,6,357,21,0.11451689898967743,3.131834030151367,True,{},{},0.10135723400162533,False,False,8135
G0_73100_1e-04,396,6,348,12,0.09708894789218903,1.9819457530975342,True,{},{},0.09784095801296644,False,False,8135
G0_73100_1e-04,397,6,354,18,0.07030057907104492,0.9796814918518066,False,{},{},0.09428012400167063,False,False,8135
G0_73100_1e-04,398,6,8022,30,0.034990355372428894,0.5491729974746704,False,{},{},0.09411904198350385,False,False,8135
G0_73100_1e-04,399,6,355,19,0.06644804775714874,0.6699256896972656,False,{},{},0.09794748897547834,False,False,8135
G0_73100_1e-04,400,6,15718,47,0.036761123687028885,1.2218427658081055,True,{},{},0.10166431200923398,False,False,8136
G0_73100_1e-04,401,6,15729,58,0.06820906698703766,2.075545310974121,True,{},{},0.09879013799945824,False,False,8136
G0_73100_1e-04,402,6,15726,55,0.04160943627357483,1.3029346466064453,True,{},{},0.09473580101621337,False,False,8136
G0_73100_1e-04,403,6,15716,45,0.02845422923564911,0.26463374495506287,False,{},{},0.09459710499504581,False,False,8136
G0_73100_1e-04,404,6,15727,56,0.03589761257171631,1.0644726753234863,True,{},{},0.09862986399093643,False,False,8136
G0_73100_1e-04,405,6,359,23,0.09439482539892197,1.457878828048706,True,{},{},0.10049786700983532,False,False,8136
G0_73100_1e-04,406,6,8031,39,0.022715305909514427,0.3327793478965759,False,{},{},0.09427400599815883,False,False,8136
G0_73100_1e-04,407,6,8026,34,0.04501534253358841,1.7061854600906372,True,{},{},0.09762645000591874,False,False,8136
G0_73100_1e-04,408,6,8028,36,0.02811926230788231,0.49367502331733704,False,{},{},0.09428394498536363,False,False,8136
G0_73100_1e-04,409,6,358,22,0.08859404921531677,1.3940566778182983,True,{},{},0.09939316098461859,False,False,8136
G0_73100_1e-04,410,6,8025,33,0.03210342675447464,0.5324283838272095,False,{},{},0.09595196301233955,False,False,8135
G0_73100_1e-04,411,6,15725,54,0.09322047978639603,4.1923441886901855,True,{},{},0.09209686398389749,False,False,8135
G0_73100_1e-04,412,6,351,15,0.09419866651296616,1.5107131004333496,True,{},{},0.09791983201284893,False,False,8135
G0_73100_1e-04,413,6,340,4,0.08213569968938828,1.553206443786621,True,{},{},0.09556518401950598,False,False,8135
G0_73100_1e-04,414,6,338,2,0.12218484282493591,2.1602632999420166,True,{},{},0.09903391700936481,False,False,8135
G0_73100_1e-04,415,6,15712,41,0.025972725823521614,0.4381661117076874,False,{},{},0.09618613199563697,False,False,8135
G0_73100_1e-04,416,6,350,14,0.07458174973726273,1.0928441286087036,True,{},{},0.09446251401095651,False,False,8135
G0_73100_1e-04,417,6,8029,37,0.01799025945365429,0.2837831974029541,False,{},{},0.0939868740097154,False,False,8135
G0_73100_1e-04,418,6,346,10,0.09261185675859451,1.6999460458755493,True,{},{},0.09824114700313658,False,False,8135
G0_73100_1e-04,419,6,345,9,0.08197475969791412,0.9897870421409607,False,{},{},0.1026895249960944,False,False,8135
G0_73100_1e-04,420,6,339,3,0.0785839855670929,2.1808953285217285,True,{},{},0.09695835900492966,False,False,8135
G0_73100_1e-04,421,6,15715,44,0.030875131487846375,0.7150495648384094,False,{},{},0.09577287698630244,False,False,8135
G0_73100_1e-04,422,6,15730,59,0.052955612540245056,2.83857798576355,True,{},{},0.09475565201137215,False,False,8135
G0_73100_1e-04,423,6,8020,28,0.03799515217542648,0.6540865302085876,False,{},{},0.09995761499158107,False,False,8135
G0_73100_1e-04,424,6,356,20,0.08407241851091385,1.530968189239502,True,{},{},0.09828691999427974,False,False,8135
G0_73100_1e-04,425,6,349,13,0.08135923743247986,1.30166757106781,True,{},{},0.09615394799038768,False,False,8135
G0_73100_1e-04,426,6,15720,49,0.04397512227296829,1.2745435237884521,True,{},{},0.09745387500151992,False,False,8135
G0_73100_1e-04,427,6,15723,52,0.03946791589260101,0.8289356231689453,False,{},{},0.09616308499244042,False,False,8135
G0_73100_1e-04,428,6,15711,40,0.02443981170654297,0.2416585087776184,False,{},{},0.09646295197308064,False,False,8135
G0_73100_1e-04,429,6,8023,31,0.046723373234272,1.5845427513122559,True,{},{},0.09734744200250134,False,False,8135
G0_73100_1e-04,430,6,8016,24,0.06202394887804985,1.1700674295425415,True,{},{},0.09626808200846426,False,False,8135
G0_73100_1e-04,431,6,15713,42,0.029070831835269928,0.467374712228775,False,{},{},0.09727514602127485,False,False,8135
G0_73100_1e-04,432,6,15724,53,0.04599510878324509,1.405834436416626,True,{},{},0.09730891100480221,False,False,8135
G0_73100_1e-04,433,6,15731,60,0.07989107072353363,1.9657801389694214,True,{},{},0.10042945100576617,False,False,8136
G0_73100_1e-04,434,6,347,11,0.08975213021039963,1.6110007762908936,True,{},{},0.09627342599560507,False,False,8136
G0_73100_1e-04,435,6,8027,35,0.04321358725428581,1.1524990797042847,True,{},{},0.0945012379961554,False,False,8136
G0_73100_1e-04,436,6,8018,26,0.053016651421785355,1.7986167669296265,True,{},{},0.09699150899541564,False,False,8136
G0_73100_1e-04,437,6,341,5,0.08455368131399155,1.8774209022521973,True,{},{},0.09501932401326485,False,False,8136
G0_73100_1e-04,438,6,336,0,0.09850956499576569,1.5690491199493408,True,{},{},0.10010646897717379,False,False,8136
G0_73100_1e-04,439,6,15728,57,0.05086198449134827,2.223046064376831,True,{},{},0.09948900502058677,False,False,8136
G0_73100_1e-04,440,6,15733,62,0.08058588951826096,0.9463973045349121,False,{},{},0.09383973499643616,False,False,8136
G0_73100_1e-04,441,6,15734,63,0.08199913799762726,1.035640835762024,True,{},{},0.09699118800926954,False,False,8136
G0_73100_1e-04,442,6,15732,61,0.07387153804302216,0.7871297001838684,False,{},{},0.09665794498869218,False,False,8136
G0_73100_1e-04,443,6,342,6,0.08407460153102875,2.1252682209014893,True,{},{},0.09970765400794335,False,False,8135
G0_73100_1e-04,444,6,15721,50,0.032834865152835846,0.4465610980987549,False,{},{},0.09486145700793713,False,False,8135
G0_73100_1e-04,445,6,343,7,0.08616772294044495,1.7552926540374756,True,{},{},0.09821532398927957,False,False,8135
G0_73100_1e-04,446,6,8024,32,0.04924638569355011,1.3744162321090698,True,{},{},0.0968953080009669,False,False,8135
G0_73100_1e-04,447,6,8019,27,0.03731967508792877,0.4729474186897278,False,{},{},0.09831333500915207,False,False,8135
G0_73100_1e-04,448,6,352,16,0.06988926231861115,1.342347264289856,True,{},{},0.09729493199847639,False,False,8135
G0_73100_1e-04,449,7,15725,54,0.032251037657260895,0.7532857060432434,False,{},{},0.09293342099408619,False,False,8135
G0_73100_1e-04,450,7,15728,57,0.028198394924402237,0.4629113972187042,False,{},{},0.10062521797954105,False,False,8135
G0_73100_1e-04,451,7,8025,33,0.032560475170612335,0.6195950508117676,False,{},{},0.09355819801567122,False,False,8135
G0_73100_1e-04,452,7,15733,62,0.07233314961194992,0.6306804418563843,False,{},{},0.1007593400136102,False,False,8135
G0_73100_1e-04,453,7,340,4,0.09689357876777649,1.8901441097259521,True,{},{},0.09482615100569092,False,False,8135
G0_73100_1e-04,454,7,352,16,0.05515080317854881,0.9441421627998352,False,{},{},0.0967232389957644,False,False,8135
G0_73100_1e-04,455,7,337,1,0.08450184762477875,1.9804250001907349,True,{},{},0.09697532700374722,False,False,8135
G0_73100_1e-04,456,7,341,5,0.07736238092184067,1.3485536575317383,True,{},{},0.09668589400826022,False,False,8135
G0_73100_1e-04,457,7,8023,31,0.02523939497768879,0.4106166660785675,False,{},{},0.09744755999417976,False,False,8135
G0_73100_1e-04,458,7,15729,58,0.025864990428090096,0.3988906741142273,False,{},{},0.0974710560112726,False,False,8135
G0_73100_1e-04,459,7,338,2,0.07141081988811493,0.7779954075813293,False,{},{},0.09857485198881477,False,False,8135
G0_73100_1e-04,460,7,15717,46,0.028782125562429428,0.401682049036026,False,{},{},0.09519159802584909,False,False,8135
G0_73100_1e-04,461,7,15722,51,0.039784252643585205,1.5304030179977417,True,{},{},0.10144038600265048,False,False,8135
G0_73100_1e-04,462,7,8018,26,0.029516901820898056,0.46712759137153625,False,{},{},0.09686521999537945,False,False,8135
G0_73100_1e-04,463,7,15716,45,0.02486409619450569,0.2575095593929291,False,{},{},0.10022317399852909,False,False,8135
G0_73100_1e-04,464,7,351,15,0.08530160784721375,1.9925326108932495,True,{},{},0.0942056700005196,False,False,8135
G0_73100_1e-04,465,7,8026,34,0.028536919504404068,0.7593220472335815,False,{},{},0.09520465100649744,False,False,8135
G0_73100_1e-04,466,7,8020,28,0.030194686725735664,0.7748513221740723,False,{},{},0.10088350099977106,False,False,8136
G0_73100_1e-04,467,7,8029,37,0.018439333885908127,0.35853612422943115,False,{},{},0.10007254302036017,False,False,8136
G0_73100_1e-04,468,7,357,21,0.07276511192321777,1.2414491176605225,True,{},{},0.09720276499865577,False,False,8136
G0_73100_1e-04,469,7,8031,39,0.02166672796010971,0.23425382375717163,False,{},{},0.09809465298894793,False,False,8136
G0_73100_1e-04,470,7,15714,43,0.0392313189804554,0.7324457168579102,False,{},{},0.09553906301152892,False,False,8136
G0_73100_1e-04,471,7,349,13,0.09545161575078964,1.8767421245574951,True,{},{},0.099958452017745,False,False,8136
G0_73100_1e-04,472,7,339,3,0.06334276497364044,1.2907477617263794,True,{},{},0.09709682798711583,False,False,8136
G0_73100_1e-04,473,7,15712,41,0.018714580684900284,0.23935319483280182,False,{},{},0.0944033210107591,False,False,8136
G0_73100_1e-04,474,7,15724,53,0.04999741166830063,1.78822922706604,True,{},{},0.09609178701066412,False,False,8136
G0_73100_1e-04,475,7,358,22,0.07037883251905441,1.0155829191207886,True,{},{},0.09779421100392938,False,False,8136
G0_73100_1e-04,476,7,15732,61,0.06790374219417572,0.9427280426025391,False,{},{},0.09581154701299965,False,False,8136
G0_73100_1e-04,477,7,347,11,0.07234986126422882,1.1571776866912842,True,{},{},0.10190295497886837,False,False,8136
G0_73100_1e-04,478,7,8028,36,0.019740115851163864,0.3267364799976349,False,{},{},0.09565742101403885,False,False,8136
G0_73100_1e-04,479,7,15721,50,0.03455599397420883,0.9699839949607849,False,{},{},0.09603084498667158,False,False,8136
G0_73100_1e-04,480,7,342,6,0.07894444465637207,1.6551663875579834,True,{},{},0.09802525700069964,False,False,8135
G0_73100_1e-04,481,7,15731,60,0.06982754170894623,1.7564640045166016,True,{},{},0.09645554699818604,False,False,8135
G0_73100_1e-04,482,7,15734,63,0.09174785017967224,2.9069793224334717,True,{},{},0.09834649399272166,False,False,8135
G0_73100_1e-04,483,7,8016,24,0.03685013949871063,0.6068477034568787,False,{},{},0.09626070800004527,False,False,8135
G0_73100_1e-04,484,7,8027,35,0.02486662194132805,0.4258984327316284,False,{},{},0.09598234100849368,False,False,8135
G0_73100_1e-04,485,7,355,19,0.06643065810203552,1.1221797466278076,True,{},{},0.09936074298457243,False,False,8135
G0_73100_1e-04,486,7,336,0,0.07691872119903564,1.5602047443389893,True,{},{},0.09525074099656194,False,False,8135
G0_73100_1e-04,487,7,8022,30,0.02465663105249405,0.5068420171737671,False,{},{},0.09429888197337277,False,False,8135
G0_73100_1e-04,488,7,8019,27,0.02924022078514099,0.3056606352329254,False,{},{},0.09587782798917033,False,False,8135
G0_73100_1e-04,489,7,8017,25,0.030318399891257286,0.30088603496551514,False,{},{},0.09442467600456439,False,False,8135
G0_73100_1e-04,490,7,343,7,0.0665535032749176,1.1471095085144043,True,{},{},0.10186067901668139,False,False,8135
G0_73100_1e-04,491,7,354,18,0.06044990196824074,1.0388853549957275,True,{},{},0.09814834801363759,False,False,8135
G0_73100_1e-04,492,7,15727,56,0.018900051712989807,0.3182266652584076,False,{},{},0.09505665200413205,False,False,8135
G0_73100_1e-04,493,7,8024,32,0.03156202286481857,0.8357019424438477,False,{},{},0.09679880802286789,False,False,8135
G0_73100_1e-04,494,7,15715,44,0.024433355778455734,0.4263748228549957,False,{},{},0.10053162698750384,False,False,8135
G0_73100_1e-04,495,7,15711,40,0.022487904876470566,0.3351247310638428,False,{},{},0.09712973100249656,False,False,8135
G0_73100_1e-04,496,7,348,12,0.08502967655658722,1.660749912261963,True,{},{},0.09671067399904132,False,False,8135
G0_73100_1e-04,497,7,356,20,0.06474548578262329,0.9995812177658081,False,{},{},0.09379596498911269,False,False,8135
G0_73100_1e-04,498,7,344,8,0.06385056674480438,1.2287893295288086,True,{},{},0.09722920900094323,False,False,8135
G0_73100_1e-04,499,7,353,17,0.05897776782512665,1.0220000743865967,True,{},{},0.09932762000244111,False,False,8135
G0_73100_1e-04,500,7,8021,29,0.03629689663648605,1.2785780429840088,True,{},{},0.09623665199615061,False,False,8135
G0_73100_1e-04,501,7,15720,49,0.03576767072081566,1.3439645767211914,True,{},{},0.09779560897732154,False,False,8135
G0_73100_1e-04,502,7,346,10,0.0794716328382492,1.3884786367416382,True,{},{},0.0952536910190247,False,False,8135
G0_73100_1e-04,503,7,15730,59,0.0476992093026638,2.1393747329711914,True,{},{},0.09392117499373853,False,False,8135
G0_73100_1e-04,504,7,15726,55,0.020191606134176254,0.31385111808776855,False,{},{},0.10097042901907116,False,False,8136
G0_73100_1e-04,505,7,15718,47,0.03530362993478775,1.1109055280685425,True,{},{},0.09887703802087344,False,False,8136
G0_73100_1e-04,506,7,15719,48,0.042160920798778534,1.522287130355835,True,{},{},0.09567960299318656,False,False,8136
G0_73100_1e-04,507,7,15713,42,0.02469743974506855,0.3824256360530853,False,{},{},0.09800953697413206,False,False,8136
G0_73100_1e-04,508,7,345,9,0.07700586318969727,1.291993498802185,True,{},{},0.09407774399733171,False,False,8136
G0_73100_1e-04,509,7,350,14,0.08777420222759247,1.6528524160385132,True,{},{},0.10251435000100173,False,False,8136
G0_73100_1e-04,510,7,15723,52,0.06483326107263565,3.3612074851989746,True,{},{},0.09306386698153801,False,False,8136
G0_73100_1e-04,511,7,359,23,0.08033991605043411,1.2891409397125244,True,{},{},0.0948699559958186,False,False,8136
G0_73100_1e-04,512,7,8030,38,0.03075440600514412,0.8898976445198059,False,{},{},0.0965121379995253,False,False,8136
G0_73100_3e-05,1,0,15720,49,0.2709239721298218,0.08376552909612656,False,{},{},0.1014026369957719,False,False,8223
G0_73100_3e-05,2,0,15721,50,0.29441794753074646,0.08268288522958755,False,{},{},0.09385658899554983,False,False,8223
G0_73100_3e-05,3,0,15723,52,0.34504055976867676,0.09576818346977234,False,{},{},0.1039862520119641,False,False,8132
G0_73100_3e-05,4,0,8022,30,0.2869681119918823,0.21690276265144348,False,{},{},0.09490529098547995,False,False,8132
G0_73100_3e-05,5,0,340,4,1.0659412145614624,2.3178272247314453,True,{},{},0.09716528400895186,False,False,8132
G0_73100_3e-05,6,0,350,14,1.4116694927215576,4.818249702453613,True,{},{},0.09350943801109679,False,False,8132
G0_73100_3e-05,7,0,8020,28,0.2844387888908386,0.2726156413555145,False,{},{},0.11915630201110616,False,False,8132
G0_73100_3e-05,8,0,341,5,0.9825989007949829,1.3343838453292847,True,{},{},0.09856377399410121,False,False,8132
G0_73100_3e-05,9,0,15717,46,0.18570566177368164,0.0645909532904625,False,{},{},0.09475158900022507,False,False,8132
G0_73100_3e-05,10,0,348,12,1.0707221031188965,1.313635230064392,True,{},{},0.09719215601217002,False,False,8132
G0_73100_3e-05,11,0,15716,45,0.1542980819940567,0.05292897671461105,False,{},{},0.09657821702421643,False,False,8132
G0_73100_3e-05,12,0,8029,37,0.24147692322731018,1.498266339302063,True,{},{},0.10141816100804135,False,False,8132
G0_73100_3e-05,13,0,356,20,0.8036375045776367,1.9023441076278687,True,{},{},0.09893976600142196,False,False,8132
G0_73100_3e-05,14,0,8024,32,0.2751028537750244,0.17702199518680573,False,{},{},0.09750861400971189,False,False,8132
G0_73100_3e-05,15,0,351,15,0.9323263764381409,2.8289592266082764,True,{},{},0.09701787400990725,False,False,8132
G0_73100_3e-05,16,0,8016,24,0.2968066930770874,0.3325583338737488,False,{},{},0.10204799901111983,False,False,8132
G0_73100_3e-05,17,0,15718,47,0.21175682544708252,0.07869330048561096,False,{},{},0.09758252601022832,False,False,8131
G0_73100_3e-05,18,0,343,7,1.184768557548523,1.7145193815231323,True,{},{},0.09778163701412268,False,False,8131
G0_73100_3e-05,19,0,15714,43,0.09687857329845428,0.0514804981648922,False,{},{},0.09558172500692308,False,False,8131
G0_73100_3e-05,20,0,15726,55,0.4170222282409668,0.12868234515190125,False,{},{},0.0944934590079356,False,False,8131
G0_73100_3e-05,21,0,345,9,1.0188727378845215,0.9018361568450928,False,{},{},0.10158096297527663,False,False,8131
G0_73100_3e-05,22,0,336,0,1.268430471420288,5.107723712921143,True,{},{},0.09437579300720245,False,False,8131
G0_73100_3e-05,23,0,355,19,0.7753726243972778,1.375091791152954,True,{},{},0.09605300199473277,False,False,8131
G0_73100_3e-05,24,0,8018,26,0.27831363677978516,0.28676384687423706,False,{},{},0.09855721099302173,False,False,8131
G0_73100_3e-05,25,0,15712,41,0.04331783205270767,0.046146493405103683,False,{},{},0.10197765001794323,False,False,8131
G0_73100_3e-05,26,0,8019,27,0.27190953493118286,0.22327283024787903,False,{},{},0.09790247702039778,False,False,8131
G0_73100_3e-05,27,0,337,1,1.6664363145828247,4.506163120269775,True,{},{},0.09643005498219281,False,False,8131
G0_73100_3e-05,28,0,15724,53,0.3699178695678711,0.1051957830786705,False,{},{},0.095965332002379,False,False,8131
G0_73100_3e-05,29,0,8017,25,0.2938960790634155,0.34426623582839966,False,{},{},0.0953256860084366,False,False,8131
G0_73100_3e-05,30,0,344,8,1.0133578777313232,1.088807463645935,True,{},{},0.09552233500289731,False,False,8131
G0_73100_3e-05,31,0,8031,39,0.19364552199840546,0.2665563225746155,False,{},{},0.10211865999735892,False,False,8131
G0_73100_3e-05,32,0,15711,40,0.04398484528064728,0.04951983690261841,False,{},{},0.09563192402129062,False,False,8131
G0_73100_3e-05,33,0,8023,31,0.274641752243042,0.20591995120048523,False,{},{},0.09881105300155468,False,False,8131
G0_73100_3e-05,34,0,349,13,1.4419482946395874,6.473994255065918,True,{},{},0.09846215698053129,False,False,8131
G0_73100_3e-05,35,0,346,10,1.001723051071167,0.9928409457206726,False,{},{},0.09860628700698726,False,False,8131
G0_73100_3e-05,36,0,8030,38,0.19061650335788727,0.476124107837677,False,{},{},0.09735389502020553,False,False,8131
G0_73100_3e-05,37,0,8025,33,0.27982330322265625,0.1885920912027359,False,{},{},0.09508910999284126,False,False,8131
G0_73100_3e-05,38,0,359,23,0.8708794116973877,2.8976640701293945,True,{},{},0.09287642600247636,False,False,8131
G0_73100_3e-05,39,0,342,6,1.0083892345428467,1.1945518255233765,True,{},{},0.1007152299862355,False,False,8131
G0_73100_3e-05,40,0,339,3,0.947811484336853,1.53264319896698,True,{},{},0.10516507001011632,False,False,8132
G0_73100_3e-05,41,0,15733,62,0.6807044744491577,0.18380580842494965,False,{},{},0.09387976297875866,False,False,8132
G0_73100_3e-05,42,0,15725,54,0.3959992229938507,0.10981404036283493,False,{},{},0.09410433500306681,False,False,8132
G0_73100_3e-05,43,0,15731,60,0.6040562391281128,0.14731299877166748,False,{},{},0.1008949079841841,False,False,8132
G0_73100_3e-05,44,0,15727,56,0.4383810758590698,0.16399194300174713,False,{},{},0.09470303598209284,False,False,8132
G0_73100_3e-05,45,0,15728,57,0.4689332842826843,0.13144825398921967,False,{},{},0.09836874098982662,False,False,8132
G0_73100_3e-05,46,0,15713,42,0.06996122002601624,0.05104765668511391,False,{},{},0.09302087099058554,False,False,8132
G0_73100_3e-05,47,0,353,17,0.7624499797821045,2.475539207458496,True,{},{},0.09596337599214166,False,False,8132
G0_73100_3e-05,48,0,15722,51,0.3166111707687378,0.09833291918039322,False,{},{},0.10112715800642036,False,False,8132
G0_73100_3e-05,49,0,15730,59,0.5424493551254272,0.13338907063007355,False,{},{},0.09620245799305849,False,False,8132
G0_73100_3e-05,50,0,15715,44,0.12799197435379028,0.05001005530357361,False,{},{},0.10123312700306997,False,False,8131
G0_73100_3e-05,51,0,358,22,0.7589759230613708,2.385453701019287,True,{},{},0.0989158280135598,False,False,8131
G0_73100_3e-05,52,0,354,18,0.7383875846862793,1.148009181022644,True,{},{},0.09608009801013395,False,False,8131
G0_73100_3e-05,53,0,338,2,1.3495447635650635,5.994906902313232,True,{},{},0.09417844499694183,False,False,8131
G0_73100_3e-05,54,0,8026,34,0.26229482889175415,0.22713728249073029,False,{},{},0.09910969799966551,False,False,8131
G0_73100_3e-05,55,0,8021,29,0.2801870107650757,0.24255803227424622,False,{},{},0.09438144799787551,False,False,8131
G0_73100_3e-05,56,0,357,21,0.6702840924263,1.0497510433197021,True,{},{},0.09801615102333017,False,False,8131
G0_73100_3e-05,57,0,352,16,0.7134186625480652,1.001121997833252,True,{},{},0.09685646000434645,False,False,8131
G0_73100_3e-05,58,0,15729,58,0.5064065456390381,0.12152928113937378,False,{},{},0.09302004901110195,False,False,8131
G0_73100_3e-05,59,0,15734,63,0.7116849422454834,0.2212449014186859,False,{},{},0.10072602599393576,False,False,8131
G0_73100_3e-05,60,0,8027,35,0.25628262758255005,0.25416281819343567,False,{},{},0.0951161450066138,False,False,8131
G0_73100_3e-05,61,0,8028,36,0.16336658596992493,0.4974000155925751,False,{},{},0.09579102299176157,False,False,8131
G0_73100_3e-05,62,0,15719,48,0.23845571279525757,0.09100595861673355,False,{},{},0.09565521197509952,False,False,8131
G0_73100_3e-05,63,0,347,11,0.9531177878379822,1.0467368364334106,True,{},{},0.09186489600688219,False,False,8131
G0_73100_3e-05,64,0,15732,61,0.6419811248779297,0.187357097864151,False,{},{},0.10070146500947885,False,False,8131
G0_73100_3e-05,65,1,354,18,0.6914083361625671,1.3231884241104126,True,{},{},0.09429886200814508,False,False,8131
G0_73100_3e-05,66,1,345,9,0.9361147880554199,0.8308420181274414,False,{},{},0.09592750101001002,False,False,8131
G0_73100_3e-05,67,1,15734,63,0.70943284034729,0.2333034873008728,False,{},{},0.09833430100115947,False,False,8131
G0_73100_3e-05,68,1,15721,50,0.28862088918685913,0.09708493202924728,False,{},{},0.0965947920049075,False,False,8131
G0_73100_3e-05,69,1,8026,34,0.2581167221069336,0.22935737669467926,False,{},{},0.09504271799232811,False,False,8131
G0_73100_3e-05,70,1,337,1,1.2445096969604492,7.911382675170898,True,{},{},0.09931375301675871,False,False,8131
G0_73100_3e-05,71,1,341,5,0.8912694454193115,2.2663207054138184,True,{},{},0.09608675900381058,False,False,8131
G0_73100_3e-05,72,1,336,0,0.9123021364212036,1.2157230377197266,True,{},{},0.0992294299940113,False,False,8131
G0_73100_3e-05,73,1,15718,47,0.20860488712787628,0.08955146372318268,False,{},{},0.1024448910029605,False,False,8132
G0_73100_3e-05,74,1,8023,31,0.27177727222442627,0.2339644432067871,False,{},{},0.09496976298396476,False,False,8132
G0_73100_3e-05,75,1,8027,35,0.25158020853996277,0.25173649191856384,False,{},{},0.09902082901680842,False,False,8132
G0_73100_3e-05,76,1,348,12,0.9854553937911987,1.8302801847457886,True,{},{},0.09702571498928592,False,False,8132
G0_73100_3e-05,77,1,15726,55,0.4097619652748108,0.13772673904895782,False,{},{},0.09878490297705866,False,False,8132
G0_73100_3e-05,78,1,8021,29,0.27875059843063354,0.25964364409446716,False,{},{},0.09802715698606335,False,False,8132
G0_73100_3e-05,79,1,15725,54,0.39080071449279785,0.12251351773738861,False,{},{},0.09729686001082882,False,False,8132
G0_73100_3e-05,80,1,15730,59,0.5362080335617065,0.1494908630847931,False,{},{},0.09660425901529379,False,False,8132
G0_73100_3e-05,81,1,340,4,0.8612142205238342,1.2707222700119019,True,{},{},0.09594909899169579,False,False,8132
G0_73100_3e-05,82,1,15714,43,0.09689570963382721,0.0652940422296524,False,{},{},0.09786270299809985,False,False,8131
G0_73100_3e-05,83,1,15729,58,0.5017609596252441,0.1308022290468216,False,{},{},0.09662845300044864,False,False,8131
G0_73100_3e-05,84,1,15723,52,0.3364609479904175,0.12295158207416534,False,{},{},0.10015068802749738,False,False,8131
G0_73100_3e-05,85,1,359,23,0.6796756386756897,2.0378575325012207,True,{},{},0.09344912500819191,False,False,8131
G0_73100_3e-05,86,1,15716,45,0.15192635357379913,0.06344106793403625,False,{},{},0.09685586500563659,False,False,8131
G0_73100_3e-05,87,1,357,21,0.6018875241279602,0.9248191714286804,False,{},{},0.10083829401992261,False,False,8130
G0_73100_3e-05,88,1,358,22,0.6468842625617981,1.5564610958099365,True,{},{},0.09621678598341532,False,False,8130
G0_73100_3e-05,89,1,343,7,1.022965669631958,2.1143696308135986,True,{},{},0.09486669400939718,False,False,8130
G0_73100_3e-05,90,1,8019,27,0.2639450132846832,0.25085219740867615,False,{},{},0.0928780140238814,False,False,8130
G0_73100_3e-05,91,1,8028,36,0.15209758281707764,0.43960094451904297,False,{},{},0.0953034850244876,False,False,8130
G0_73100_3e-05,92,1,15713,42,0.0707661360502243,0.0660175085067749,False,{},{},0.09827592800138518,False,False,8130
G0_73100_3e-05,93,1,15732,61,0.6340973377227783,0.1912640929222107,False,{},{},0.10102013201685622,False,False,8130
G0_73100_3e-05,94,1,8018,26,0.2648255228996277,0.2904827296733856,False,{},{},0.10389701800886542,False,False,8130
G0_73100_3e-05,95,1,8017,25,0.27925705909729004,0.37171125411987305,False,{},{},0.10182670698850416,False,False,8130
G0_73100_3e-05,96,1,15717,46,0.18164341151714325,0.07964685559272766,False,{},{},0.11006279100547545,False,False,8127
G0_73100_3e-05,97,1,15728,57,0.4603760540485382,0.14814496040344238,False,{},{},0.11299618100747466,False,False,8127
G0_73100_3e-05,98,1,339,3,0.8198220729827881,0.9068453907966614,False,{},{},0.09943496200139634,False,False,8127
G0_73100_3e-05,99,1,355,19,0.5970863103866577,0.8506826162338257,False,{},{},0.0998723009834066,False,False,8127
G0_73100_3e-05,100,1,344,8,0.8797641396522522,0.8498799800872803,False,{},{},0.09873457899084315,False,False,8127
G0_73100_3e-05,101,1,347,11,0.8896737098693848,0.9135569930076599,False,{},{},0.10961947400937788,False,False,8126
G0_73100_3e-05,102,1,350,14,1.1045156717300415,7.4512128829956055,True,{},{},0.10059799099690281,False,False,8126
G0_73100_3e-05,103,1,15720,49,0.25993281602859497,0.11152196675539017,False,{},{},0.09676829900126904,False,False,8126
G0_73100_3e-05,104,1,8031,39,0.17874079942703247,0.2814779281616211,False,{},{},0.09956556098768488,False,False,8126
G0_73100_3e-05,105,1,338,2,1.076711654663086,6.415830135345459,True,{},{},0.10212597998906858,False,False,8126
G0_73100_3e-05,106,1,351,15,0.6635068655014038,1.5498508214950562,True,{},{},0.1019062059931457,False,False,8126
G0_73100_3e-05,107,1,8025,33,0.2680266797542572,0.21272483468055725,False,{},{},0.10057760000927374,False,False,8126
G0_73100_3e-05,108,1,352,16,0.6075727939605713,0.9028791189193726,False,{},{},0.09765985602280125,False,False,8126
G0_73100_3e-05,109,1,8029,37,0.1870242804288864,0.9205908179283142,False,{},{},0.1006806019868236,False,False,8126
G0_73100_3e-05,110,1,8020,28,0.27008453011512756,0.3062121272087097,False,{},{},0.10701640401384793,False,False,8126
G0_73100_3e-05,111,1,15715,44,0.1265987753868103,0.06670331209897995,False,{},{},0.10230808300548233,False,False,8126
G0_73100_3e-05,112,1,8024,32,0.2645165026187897,0.22098922729492188,False,{},{},0.10229695800808258,False,False,8126
G0_73100_3e-05,113,1,356,20,0.5301685333251953,0.6757532954216003,False,{},{},0.1000133830239065,False,False,8126
G0_73100_3e-05,114,1,15731,60,0.5892724394798279,0.18734845519065857,False,{},{},0.1031543179997243,False,False,8126
G0_73100_3e-05,115,1,15712,41,0.04574132710695267,0.08022330701351166,False,{},{},0.09737361798761413,False,False,8126
G0_73100_3e-05,116,1,15719,48,0.2337476909160614,0.10397730022668839,False,{},{},0.09526701099821366,False,False,8126
G0_73100_3e-05,117,1,342,6,0.8994367718696594,2.367140769958496,True,{},{},0.09674640800221823,False,False,8126
G0_73100_3e-05,118,1,15733,62,0.6628263592720032,0.219522163271904,False,{},{},0.09654157698969357,False,False,8126
G0_73100_3e-05,119,1,8022,30,0.2702140212059021,0.2700542211532593,False,{},{},0.10594768199371174,False,False,8126
G0_73100_3e-05,120,1,15724,53,0.3578456938266754,0.13244250416755676,False,{},{},0.09789089800324291,False,False,8126
G0_73100_3e-05,121,1,353,17,0.562741756439209,1.1152690649032593,True,{},{},0.0950550849956926,False,False,8126
G0_73100_3e-05,122,1,8016,24,0.26846420764923096,0.37191104888916016,False,{},{},0.09915127398562618,False,False,8126
G0_73100_3e-05,123,1,8030,38,0.16437745094299316,0.3563520014286041,False,{},{},0.09579095902154222,False,False,8126
G0_73100_3e-05,124,1,15722,51,0.3072036802768707,0.12128389626741409,False,{},{},0.10303516799467616,False,False,8127
G0_73100_3e-05,125,1,15711,40,0.04703608527779579,0.08678287267684937,False,{},{},0.09807995401206426,False,False,8127
G0_73100_3e-05,126,1,15727,56,0.4261397421360016,0.1431887000799179,False,{},{},0.09645102598005906,False,False,8127
G0_73100_3e-05,127,1,346,10,0.8725454807281494,1.162657380104065,True,{},{},0.09834648598916829,False,False,8127
G0_73100_3e-05,128,1,349,13,1.0723345279693604,8.583160400390625,True,{},{},0.10059372798423283,False,False,8127
G0_73100_3e-05,129,2,353,17,0.5439964532852173,0.7277107834815979,False,{},{},0.09564767900155857,False,False,8127
G0_73100_3e-05,130,2,8027,35,0.24002373218536377,0.27369773387908936,False,{},{},0.09814199901302345,False,False,8127
G0_73100_3e-05,131,2,8017,25,0.2643558979034424,0.3793601095676422,False,{},{},0.09660150000127032,False,False,8127
G0_73100_3e-05,132,2,8020,28,0.26433420181274414,0.32138097286224365,False,{},{},0.09805681998841465,False,False,8127
G0_73100_3e-05,133,2,15729,58,0.4932776093482971,0.15237581729888916,False,{},{},0.09822208000696264,False,False,8128
G0_73100_3e-05,134,2,15719,48,0.23186920583248138,0.10665609687566757,False,{},{},0.09387786200386472,False,False,8128
G0_73100_3e-05,135,2,8024,32,0.2584637403488159,0.23848949372768402,False,{},{},0.09683861999656074,False,False,8128
G0_73100_3e-05,136,2,15731,60,0.5846141576766968,0.19244535267353058,False,{},{},0.09464015101548284,False,False,8128
G0_73100_3e-05,137,2,15714,43,0.09707017242908478,0.08546816557645798,False,{},{},0.10155465602292679,False,False,8127
G0_73100_3e-05,138,2,8030,38,0.15957579016685486,0.33777692914009094,False,{},{},0.09877237700857222,False,False,8127
G0_73100_3e-05,139,2,15715,44,0.12610939145088196,0.07702091336250305,False,{},{},0.09850520599866286,False,False,8127
G0_73100_3e-05,140,2,8018,26,0.25005415081977844,0.2975437641143799,False,{},{},0.0939761679910589,False,False,8127
G0_73100_3e-05,141,2,8021,29,0.2646443545818329,0.30076244473457336,False,{},{},0.09679676801897585,False,False,8127
G0_73100_3e-05,142,2,345,9,0.8329446911811829,0.922156572341919,False,{},{},0.10262722297920845,False,False,8131
G0_73100_3e-05,143,2,15734,63,0.689918577671051,0.24905377626419067,False,{},{},0.09484103199793026,False,False,8131
G0_73100_3e-05,144,2,8028,36,0.1396176517009735,0.5081683993339539,False,{},{},0.09516618101042695,False,False,8131
G0_73100_3e-05,145,2,347,11,0.8326494693756104,0.7696885466575623,False,{},{},0.09313321197987534,False,False,8131
G0_73100_3e-05,146,2,8025,33,0.2561319172382355,0.23687350749969482,False,{},{},0.09779134698328562,False,False,8131
G0_73100_3e-05,147,2,349,13,0.8440526723861694,6.111635208129883,True,{},{},0.09851750999223441,False,False,8132
G0_73100_3e-05,148,2,15722,51,0.3039140999317169,0.1319640576839447,False,{},{},0.09443631800240837,False,False,8132
G0_73100_3e-05,149,2,344,8,0.8175824284553528,0.9452155232429504,False,{},{},0.09590168797876686,False,False,8132
G0_73100_3e-05,150,2,15733,62,0.6545544862747192,0.22918188571929932,False,{},{},0.09289689600700513,False,False,8132
G0_73100_3e-05,151,2,15713,42,0.07150289416313171,0.08907537162303925,False,{},{},0.10628535100840963,False,False,8132
G0_73100_3e-05,152,2,15732,61,0.6202385425567627,0.21123221516609192,False,{},{},0.142447443009587,False,False,8132
G0_73100_3e-05,153,2,348,12,0.8393325805664062,1.218018889427185,True,{},{},0.10466865697526373,False,False,8132
G0_73100_3e-05,154,2,352,16,0.5370798110961914,1.0787192583084106,True,{},{},0.10268101398833096,False,False,8132
G0_73100_3e-05,155,2,15721,50,0.2771105170249939,0.13194458186626434,False,{},{},0.1316028060100507,False,False,8132
G0_73100_3e-05,156,2,15725,54,0.37864160537719727,0.15400896966457367,False,{},{},0.10839377201045863,False,False,8129
G0_73100_3e-05,157,2,15723,52,0.3259980082511902,0.14655348658561707,False,{},{},0.10062921498320065,False,False,8129
G0_73100_3e-05,158,2,337,1,1.0310027599334717,7.001023769378662,True,{},{},0.10048335301689804,False,False,8129
G0_73100_3e-05,159,2,340,4,0.7575266361236572,1.1462438106536865,True,{},{},0.11074512399500236,False,False,8129
G0_73100_3e-05,160,2,8022,30,0.25776779651641846,0.28390923142433167,False,{},{},0.1181952659972012,False,False,8129
G0_73100_3e-05,161,2,15717,46,0.17661985754966736,0.08951438218355179,False,{},{},0.14538814898696728,False,False,8129
G0_73100_3e-05,162,2,351,15,0.5493348836898804,1.4578332901000977,True,{},{},0.11096092997468077,False,False,8129
G0_73100_3e-05,163,2,8016,24,0.25021010637283325,0.3819102346897125,False,{},{},0.1154470180044882,False,False,8129
G0_73100_3e-05,164,2,358,22,0.5286396741867065,0.9281772971153259,False,{},{},0.10597043001325801,False,False,8130
G0_73100_3e-05,165,2,15720,49,0.25075167417526245,0.13104039430618286,False,{},{},0.09808413201244548,False,False,8130
G0_73100_3e-05,166,2,357,21,0.5119414329528809,1.379887342453003,True,{},{},0.11216002798755653,False,False,8130
G0_73100_3e-05,167,2,15712,41,0.047674428671598434,0.10822392255067825,False,{},{},0.10100218499428593,False,False,8130
G0_73100_3e-05,168,2,15727,56,0.4202237129211426,0.1532832533121109,False,{},{},0.10340656898915768,False,False,8129
G0_73100_3e-05,169,2,339,3,0.7290236949920654,0.7668601870536804,False,{},{},0.09991853300016373,False,False,8129
G0_73100_3e-05,170,2,346,10,0.8053407669067383,0.8194693326950073,False,{},{},0.0990615859918762,False,False,8129
G0_73100_3e-05,171,2,8023,31,0.2503288984298706,0.278461754322052,False,{},{},0.10429395700339228,False,False,8129
G0_73100_3e-05,172,2,8031,39,0.1642296314239502,0.3627278506755829,False,{},{},0.09956458199303597,False,False,8129
G0_73100_3e-05,173,2,354,18,0.5153123140335083,1.0813502073287964,True,{},{},0.10636611201334745,False,False,8130
G0_73100_3e-05,174,2,336,0,0.7290279865264893,1.2296632528305054,True,{},{},0.10049769701436162,False,False,8130
G0_73100_3e-05,175,2,15724,53,0.3480522632598877,0.14382971823215485,False,{},{},0.09883105498738587,False,False,8130
G0_73100_3e-05,176,2,341,5,0.7670313119888306,1.4922122955322266,True,{},{},0.10324961799778976,False,False,8130
G0_73100_3e-05,177,2,15728,57,0.4490450620651245,0.16025462746620178,False,{},{},0.10915027599548921,False,False,8129
G0_73100_3e-05,178,2,8019,27,0.24251505732536316,0.3145192563533783,False,{},{},0.09904753000591882,False,False,8129
G0_73100_3e-05,179,2,350,14,0.5829658508300781,2.7042648792266846,True,{},{},0.10077840599115007,False,False,8129
G0_73100_3e-05,180,2,342,6,0.8082056045532227,2.0683345794677734,True,{},{},0.10084076400380582,False,False,8129
G0_73100_3e-05,181,2,8029,37,0.1533178687095642,0.924248218536377,False,{},{},0.09961364898481406,False,False,8129
G0_73100_3e-05,182,2,8026,34,0.23018909990787506,0.2993391454219818,False,{},{},0.10412628899211995,False,False,8130
G0_73100_3e-05,183,2,15730,59,0.5175638198852539,0.1925974041223526,False,{},{},0.10331364700687118,False,False,8130
G0_73100_3e-05,184,2,15726,55,0.3946627974510193,0.14931164681911469,False,{},{},0.10546221901313402,False,False,8130
G0_73100_3e-05,185,2,15716,45,0.14763979613780975,0.0866013839840889,False,{},{},0.09842630798812024,False,False,8130
G0_73100_3e-05,186,2,359,23,0.5243769884109497,1.1623173952102661,True,{},{},0.10085662099299952,False,False,8130
G0_73100_3e-05,187,2,343,7,0.8262168169021606,2.042930841445923,True,{},{},0.10068012899137102,False,False,8130
G0_73100_3e-05,188,2,15711,40,0.04956585168838501,0.12836124002933502,False,{},{},0.10639525600709021,False,False,8130
G0_73100_3e-05,189,2,338,2,0.8343971371650696,4.83941125869751,True,{},{},0.10693310500937514,False,False,8130
G0_73100_3e-05,190,2,15718,47,0.19925019145011902,0.11365481466054916,False,{},{},0.13830782598233782,False,False,8130
G0_73100_3e-05,191,2,356,20,0.46869611740112305,0.97837233543396,False,{},{},0.10599688100046478,False,False,8130
G0_73100_3e-05,192,2,355,19,0.47899359464645386,1.1094822883605957,True,{},{},0.12348768199444748,False,False,8130
G0_73100_3e-05,193,3,15719,48,0.2262423187494278,0.1336153894662857,False,{},{},0.11046543999691494,False,False,8130
G0_73100_3e-05,194,3,348,12,0.773378849029541,1.2583070993423462,True,{},{},0.10414909201790579,False,False,8130
G0_73100_3e-05,195,3,342,6,0.7606369853019714,1.1600236892700195,True,{},{},0.10522363099153154,False,False,8130
G0_73100_3e-05,196,3,8019,27,0.23829762637615204,0.3403521180152893,False,{},{},0.1373230190074537,False,False,8130
G0_73100_3e-05,197,3,350,14,0.5364643335342407,1.383894681930542,True,{},{},0.10442026698729023,False,False,8130
G0_73100_3e-05,198,3,344,8,0.7683993577957153,1.2042287588119507,True,{},{},0.11299404100282118,False,False,8130
G0_73100_3e-05,199,3,346,10,0.7680548429489136,0.9826288819313049,False,{},{},0.10212455500732176,False,False,8130
G0_73100_3e-05,200,3,8017,25,0.2375544309616089,0.40589964389801025,False,{},{},0.10523406698484905,False,False,8130
G0_73100_3e-05,201,3,15722,51,0.2965204119682312,0.1522558629512787,False,{},{},0.10304077199543826,False,False,8130
G0_73100_3e-05,202,3,8028,36,0.1379641592502594,0.7677053809165955,False,{},{},0.09974316999432631,False,False,8130
G0_73100_3e-05,203,3,8031,39,0.1572979986667633,0.42812657356262207,False,{},{},0.1094491739931982,False,False,8132
G0_73100_3e-05,204,3,15715,44,0.1257597804069519,0.12165692448616028,False,{},{},0.10374901001341641,False,False,8132
G0_73100_3e-05,205,3,15731,60,0.5741346478462219,0.22248221933841705,False,{},{},0.0998737379850354,False,False,8132
G0_73100_3e-05,206,3,357,21,0.46411317586898804,0.6774007678031921,False,{},{},0.10409027800778858,False,False,8132
G0_73100_3e-05,207,3,8030,38,0.1446346789598465,0.4371285140514374,False,{},{},0.11058456799946725,False,False,8131
G0_73100_3e-05,208,3,15732,61,0.6095819473266602,0.24993279576301575,False,{},{},0.10410986898932606,False,False,8131
G0_73100_3e-05,209,3,15724,53,0.3437376618385315,0.16150188446044922,False,{},{},0.13939314300660044,False,False,8131
G0_73100_3e-05,210,3,8020,28,0.2399372160434723,0.3680926561355591,False,{},{},0.10254135399009101,False,False,8131
G0_73100_3e-05,211,3,8021,29,0.24333477020263672,0.356085866689682,False,{},{},0.10199883399764076,False,False,8131
G0_73100_3e-05,212,3,358,22,0.4839908480644226,1.0399976968765259,True,{},{},0.09745750200818293,False,False,8131
G0_73100_3e-05,213,3,15712,41,0.049246665090322495,0.13666801154613495,False,{},{},0.10150739701930434,False,False,8131
G0_73100_3e-05,214,3,8022,30,0.24260205030441284,0.3094259798526764,False,{},{},0.09879585201269947,False,False,8131
G0_73100_3e-05,215,3,15728,57,0.44604024291038513,0.1667582094669342,False,{},{},0.12816860698512755,False,False,8131
G0_73100_3e-05,216,3,337,1,0.7820164561271667,3.9108073711395264,True,{},{},0.11347825601114891,False,False,8130
G0_73100_3e-05,217,3,15723,52,0.31836140155792236,0.15918566286563873,False,{},{},0.10120749898487702,False,False,8130
G0_73100_3e-05,218,3,8026,34,0.2217278927564621,0.33926132321357727,False,{},{},0.09821203700266778,False,False,8130
G0_73100_3e-05,219,3,338,2,0.7357443571090698,1.3540637493133545,True,{},{},0.09460628102533519,False,False,8130
G0_73100_3e-05,220,3,355,19,0.45049870014190674,1.0550944805145264,True,{},{},0.10062049599946477,False,False,8130
G0_73100_3e-05,221,3,15711,40,0.049207862466573715,0.14372503757476807,False,{},{},0.09991349099436775,False,False,8129
G0_73100_3e-05,222,3,15718,47,0.1976458579301834,0.1358107179403305,False,{},{},0.09991685600834899,False,False,8129
G0_73100_3e-05,223,3,340,4,0.6931583881378174,1.0830665826797485,True,{},{},0.10040339798433706,False,False,8129
G0_73100_3e-05,224,3,8029,37,0.12547901272773743,0.6555880904197693,False,{},{},0.0965730170137249,False,False,8129
G0_73100_3e-05,225,3,351,15,0.4875471591949463,1.7674351930618286,True,{},{},0.10123076499439776,False,False,8129
G0_73100_3e-05,226,3,15725,54,0.3697066009044647,0.17386507987976074,False,{},{},0.10691553700598888,False,False,8129
G0_73100_3e-05,227,3,345,9,0.735930323600769,0.8065392971038818,False,{},{},0.09653286499087699,False,False,8129
G0_73100_3e-05,228,3,8025,33,0.23750628530979156,0.31190577149391174,False,{},{},0.09999496399541385,False,False,8129
G0_73100_3e-05,229,3,8027,35,0.2215862274169922,0.4414631426334381,False,{},{},0.10012420199927874,False,False,8129
G0_73100_3e-05,230,3,353,17,0.4820074439048767,2.4737584590911865,True,{},{},0.10825713802478276,False,False,8130
G0_73100_3e-05,231,3,15730,59,0.5128001570701599,0.22370658814907074,False,{},{},0.12852334100170992,False,False,8130
G0_73100_3e-05,232,3,15717,46,0.17261387407779694,0.10903936624526978,False,{},{},0.10546011402038857,False,False,8130
G0_73100_3e-05,233,3,8023,31,0.2356378585100174,0.31958556175231934,False,{},{},0.10213605497847311,False,False,8130
G0_73100_3e-05,234,3,349,13,0.5069907903671265,1.0744304656982422,True,{},{},0.10689391300547868,False,False,8130
G0_73100_3e-05,235,3,15721,50,0.2680317759513855,0.1704612523317337,False,{},{},0.09961435399600305,False,False,8130
G0_73100_3e-05,236,3,15714,43,0.09788893163204193,0.13009071350097656,False,{},{},0.10035467098350637,False,False,8130
G0_73100_3e-05,237,3,15727,56,0.41309627890586853,0.18692657351493835,False,{},{},0.09856852699886076,False,False,8130
G0_73100_3e-05,238,3,8016,24,0.2244514375925064,0.41197970509529114,False,{},{},0.10416481600259431,False,False,8130
G0_73100_3e-05,239,3,15726,55,0.3890654444694519,0.19001801311969757,False,{},{},0.10329130399622954,False,False,8130
G0_73100_3e-05,240,3,15729,58,0.4772617816925049,0.1960638165473938,False,{},{},0.10224365099566057,False,False,8130
G0_73100_3e-05,241,3,8024,32,0.2331426441669464,0.3569818437099457,False,{},{},0.10786239398294128,False,False,8130
G0_73100_3e-05,242,3,354,18,0.47305434942245483,2.395359754562378,True,{},{},0.10197537500062026,False,False,8130
G0_73100_3e-05,243,3,15713,42,0.0742635577917099,0.14790531992912292,False,{},{},0.11402397102210671,False,False,8130
G0_73100_3e-05,244,3,15733,62,0.6364977359771729,0.2849355936050415,False,{},{},0.10551341701648198,False,False,8130
G0_73100_3e-05,245,3,15734,63,0.669304609298706,0.32495662569999695,False,{},{},0.09541480199550278,False,False,8130
G0_73100_3e-05,246,3,359,23,0.47084906697273254,1.1476092338562012,True,{},{},0.09476462501334026,False,False,8130
G0_73100_3e-05,247,3,343,7,0.7246615886688232,1.2237615585327148,True,{},{},0.09838441200554371,False,False,8131
G0_73100_3e-05,248,3,15716,45,0.1464311182498932,0.10662560909986496,False,{},{},0.09617568700923584,False,False,8131
G0_73100_3e-05,249,3,336,0,0.6917893290519714,1.1219682693481445,True,{},{},0.09714706399245188,False,False,8131
G0_73100_3e-05,250,3,347,11,0.7322615385055542,1.1151548624038696,True,{},{},0.0960783869959414,False,False,8131
G0_73100_3e-05,251,3,15720,49,0.2420578896999359,0.17127245664596558,False,{},{},0.09558807499706745,False,False,8131
G0_73100_3e-05,252,3,339,3,0.6744656562805176,0.9489416480064392,False,{},{},0.10358135699061677,False,False,8131
G0_73100_3e-05,253,3,356,20,0.42222118377685547,0.6067830324172974,False,{},{},0.09504565599490888,False,False,8131
G0_73100_3e-05,254,3,8018,26,0.21948140859603882,0.41647788882255554,False,{},{},0.09708569300710224,False,False,8131
G0_73100_3e-05,255,3,341,5,0.6873831152915955,1.8292756080627441,True,{},{},0.09486005699727684,False,False,8131
G0_73100_3e-05,256,3,352,16,0.45930761098861694,0.9319084286689758,False,{},{},0.0936901489912998,False,False,8131
G0_73100_3e-05,257,4,15731,60,0.5647996664047241,0.2616565525531769,False,{},{},0.09701105000567622,False,False,8132
G0_73100_3e-05,258,4,15721,50,0.26442012190818787,0.18788553774356842,False,{},{},0.0955191680113785,False,False,8132
G0_73100_3e-05,259,4,351,15,0.45651835203170776,0.9595014452934265,False,{},{},0.09430548999807797,False,False,8132
G0_73100_3e-05,260,4,347,11,0.7124744653701782,0.8120635747909546,False,{},{},0.09265213101753034,False,False,8132
G0_73100_3e-05,261,4,339,3,0.6589374542236328,0.9563376307487488,False,{},{},0.1020557580050081,False,False,8132
G0_73100_3e-05,262,4,15720,49,0.2409508228302002,0.18265241384506226,False,{},{},0.09400615099002607,False,False,8132
G0_73100_3e-05,263,4,358,22,0.44005343317985535,0.9202176332473755,False,{},{},0.09466723198420368,False,False,8132
G0_73100_3e-05,264,4,337,1,0.7024186253547668,1.625609040260315,True,{},{},0.09603194298688322,False,False,8132
G0_73100_3e-05,265,4,15711,40,0.05127386003732681,0.1853831261396408,False,{},{},0.09573306000675075,False,False,8132
G0_73100_3e-05,266,4,344,8,0.691779613494873,0.9198189377784729,False,{},{},0.10272831699694507,False,False,8132
G0_73100_3e-05,267,4,15733,62,0.6295607089996338,0.30144232511520386,False,{},{},0.09788155200658366,False,False,8132
G0_73100_3e-05,268,4,336,0,0.6613637208938599,1.0810320377349854,True,{},{},0.09358757000882179,False,False,8132
G0_73100_3e-05,269,4,342,6,0.674388587474823,1.259865641593933,True,{},{},0.09617405000608414,False,False,8132
G0_73100_3e-05,270,4,8018,26,0.21582438051700592,0.4775141179561615,False,{},{},0.0955362789973151,False,False,8132
G0_73100_3e-05,271,4,15728,57,0.43905842304229736,0.19779568910598755,False,{},{},0.09647882101126015,False,False,8132
G0_73100_3e-05,272,4,346,10,0.674410343170166,1.2135382890701294,True,{},{},0.09761706998688169,False,False,8132
G0_73100_3e-05,273,4,8027,35,0.21046127378940582,0.5350642800331116,False,{},{},0.09570031901239417,False,False,8132
G0_73100_3e-05,274,4,15716,45,0.14518512785434723,0.11925140023231506,False,{},{},0.09291182499146089,False,False,8132
G0_73100_3e-05,275,4,8031,39,0.13839173316955566,0.4835131764411926,False,{},{},0.09839647798798978,False,False,8132
G0_73100_3e-05,276,4,15722,51,0.2884552776813507,0.22996550798416138,False,{},{},0.10001290298532695,False,False,8132
G0_73100_3e-05,277,4,15734,63,0.6617594957351685,0.3752789795398712,False,{},{},0.09580104300403036,False,False,8132
G0_73100_3e-05,278,4,338,2,0.6705360412597656,1.571187138557434,True,{},{},0.093901738000568,False,False,8132
G0_73100_3e-05,279,4,15729,58,0.4694441258907318,0.24857456982135773,False,{},{},0.09396066499175504,False,False,8132
G0_73100_3e-05,280,4,15712,41,0.05221887677907944,0.20110172033309937,False,{},{},0.09814219400868751,False,False,8132
G0_73100_3e-05,281,4,8030,38,0.12772388756275177,0.5649665594100952,False,{},{},0.0982266979990527,False,False,8132
G0_73100_3e-05,282,4,15719,48,0.21962517499923706,0.24680988490581512,False,{},{},0.09466606602654792,False,False,8132
G0_73100_3e-05,283,4,343,7,0.6583124399185181,1.295587420463562,True,{},{},0.0948371670092456,False,False,8132
G0_73100_3e-05,284,4,8017,25,0.20618321001529694,0.38223743438720703,False,{},{},0.09755079098977149,False,False,8132
G0_73100_3e-05,285,4,355,19,0.414278507232666,0.9279482960700989,False,{},{},0.1023338150116615,False,False,8132
G0_73100_3e-05,286,4,8016,24,0.2069179266691208,0.4396127760410309,False,{},{},0.09620635301689617,False,False,8132
G0_73100_3e-05,287,4,15713,42,0.07533909380435944,0.20642341673374176,False,{},{},0.09467257399228401,False,False,8132
G0_73100_3e-05,288,4,15714,43,0.09728212654590607,0.1713925302028656,False,{},{},0.09552791298483498,False,False,8132
G0_73100_3e-05,289,4,356,20,0.4035722613334656,0.8910934329032898,False,{},{},0.09532776899868622,False,False,8132
G0_73100_3e-05,290,4,8026,34,0.20087499916553497,0.4537196457386017,False,{},{},0.09834152300027199,False,False,8132
G0_73100_3e-05,291,4,340,4,0.6280964016914368,1.972030520439148,True,{},{},0.09750496401102282,False,False,8132
G0_73100_3e-05,292,4,15718,47,0.19368034601211548,0.1856660097837448,False,{},{},0.09307001801789738,False,False,8132
G0_73100_3e-05,293,4,15717,46,0.16893984377384186,0.14148882031440735,False,{},{},0.09769245202187449,False,False,8132
G0_73100_3e-05,294,4,15726,55,0.3805261552333832,0.2936261296272278,False,{},{},0.09705617697909474,False,False,8132
G0_73100_3e-05,295,4,15725,54,0.3602559566497803,0.2524241507053375,False,{},{},0.09853848200873472,False,False,8132
G0_73100_3e-05,296,4,357,21,0.40803027153015137,1.5253742933273315,True,{},{},0.09334123000735417,False,False,8132
G0_73100_3e-05,297,4,15732,61,0.5919305086135864,0.3558538556098938,False,{},{},0.09490848102723248,False,False,8132
G0_73100_3e-05,298,4,8024,32,0.2180788516998291,0.43493983149528503,False,{},{},0.09738944098353386,False,False,8132
G0_73100_3e-05,299,4,8025,33,0.2131325900554657,0.3727962076663971,False,{},{},0.09486213402124122,False,False,8132
G0_73100_3e-05,300,4,15724,53,0.330650269985199,0.2543880045413971,False,{},{},0.09821330598788336,False,False,8132
G0_73100_3e-05,301,4,8029,37,0.10162153095006943,0.7152673006057739,False,{},{},0.09385642199777067,False,False,8132
G0_73100_3e-05,302,4,8023,31,0.21556715667247772,0.3254190981388092,False,{},{},0.09765099998912774,False,False,8132
G0_73100_3e-05,303,4,8020,28,0.20995914936065674,0.43582093715667725,False,{},{},0.09525968399248086,False,False,8132
G0_73100_3e-05,304,4,8019,27,0.20063558220863342,0.48384785652160645,False,{},{},0.09725491900462657,False,False,8132
G0_73100_3e-05,305,4,348,12,0.6679971814155579,1.2110490798950195,True,{},{},0.1012437570025213,False,False,8132
G0_73100_3e-05,306,4,8021,29,0.2123497724533081,0.3810262978076935,False,{},{},0.09548894799081609,False,False,8132
G0_73100_3e-05,307,4,350,14,0.4563984274864197,1.4217275381088257,True,{},{},0.09707764399354346,False,False,8132
G0_73100_3e-05,308,4,345,9,0.6513534188270569,1.1875371932983398,True,{},{},0.09508491898304783,False,False,8132
G0_73100_3e-05,309,4,353,17,0.44355279207229614,2.2123513221740723,True,{},{},0.10005803499370813,False,False,8132
G0_73100_3e-05,310,4,352,16,0.4293309152126312,1.0850805044174194,True,{},{},0.09841669700108469,False,False,8132
G0_73100_3e-05,311,4,341,5,0.6068712472915649,2.157819986343384,True,{},{},0.09607697700266726,False,False,8132
G0_73100_3e-05,312,4,354,18,0.4495985805988312,2.408155918121338,True,{},{},0.09536601000581868,False,False,8132
G0_73100_3e-05,313,4,8022,30,0.2127094268798828,0.3390127420425415,False,{},{},0.09575613800552674,False,False,8132
G0_73100_3e-05,314,4,15727,56,0.39579692482948303,0.29740214347839355,False,{},{},0.09814032400026917,False,False,8132
G0_73100_3e-05,315,4,15723,52,0.30505257844924927,0.26599249243736267,False,{},{},0.09443046597880311,False,False,8132
G0_73100_3e-05,316,4,8028,36,0.11412332952022552,1.2397079467773438,True,{},{},0.10035768899251707,False,False,8132
G0_73100_3e-05,317,4,15730,59,0.4970725476741791,0.3475496470928192,False,{},{},0.0945354959985707,False,False,8132
G0_73100_3e-05,318,4,349,13,0.4342365562915802,1.3517630100250244,True,{},{},0.09389331200509332,False,False,8132
G0_73100_3e-05,319,4,15715,44,0.12296506017446518,0.2140844464302063,False,{},{},0.09990309999557212,False,False,8132
G0_73100_3e-05,320,4,359,23,0.41158783435821533,1.360296607017517,True,{},{},0.09635277898632921,False,False,8132
G0_73100_3e-05,321,5,356,20,0.38901233673095703,1.6575130224227905,True,{},{},0.09627064201049507,False,False,8132
G0_73100_3e-05,322,5,8027,35,0.18440371751785278,0.5051873922348022,False,{},{},0.0961522209981922,False,False,8132
G0_73100_3e-05,323,5,8024,32,0.20493941009044647,0.4188160300254822,False,{},{},0.10161347198300064,False,False,8132
G0_73100_3e-05,324,5,345,9,0.624314546585083,0.8780871033668518,False,{},{},0.0973043659760151,False,False,8132
G0_73100_3e-05,325,5,15728,57,0.4266042709350586,0.3107955753803253,False,{},{},0.100010916008614,False,False,8132
G0_73100_3e-05,326,5,15717,46,0.16551335155963898,0.15651114284992218,False,{},{},0.09803173699765466,False,False,8132
G0_73100_3e-05,327,5,15714,43,0.09718428552150726,0.2051810771226883,False,{},{},0.09452129699639045,False,False,8132
G0_73100_3e-05,328,5,15719,48,0.21276405453681946,0.32132863998413086,False,{},{},0.10063948700553738,False,False,8132
G0_73100_3e-05,329,5,15718,47,0.18808883428573608,0.23406150937080383,False,{},{},0.10250075699877925,False,False,8132
G0_73100_3e-05,330,5,8022,30,0.2054150402545929,0.3674239218235016,False,{},{},0.09680177600239404,False,False,8132
G0_73100_3e-05,331,5,15716,45,0.14235350489616394,0.15987636148929596,False,{},{},0.09364889399148524,False,False,8132
G0_73100_3e-05,332,5,8019,27,0.1837763786315918,0.5369959473609924,False,{},{},0.10053921799408272,False,False,8132
G0_73100_3e-05,333,5,15724,53,0.32152503728866577,0.3229612708091736,False,{},{},0.09490346099482849,False,False,8132
G0_73100_3e-05,334,5,8029,37,0.10564571619033813,2.443009376525879,True,{},{},0.10188344301423058,False,False,8132
G0_73100_3e-05,335,5,8026,34,0.18245741724967957,0.563001811504364,False,{},{},0.09591061700484715,False,False,8132
G0_73100_3e-05,336,5,8018,26,0.1899528205394745,0.4640525281429291,False,{},{},0.0976034440100193,False,False,8132
G0_73100_3e-05,337,5,357,21,0.38894525170326233,2.5472400188446045,True,{},{},0.09950928200851195,False,False,8132
G0_73100_3e-05,338,5,8021,29,0.19189156591892242,0.44812318682670593,False,{},{},0.09702188899973407,False,False,8132
G0_73100_3e-05,339,5,15732,61,0.5781550407409668,0.4608824551105499,False,{},{},0.1013400620140601,False,False,8132
G0_73100_3e-05,340,5,8025,33,0.19135725498199463,0.41578760743141174,False,{},{},0.09338268800638616,False,False,8132
G0_73100_3e-05,341,5,355,19,0.3824208080768585,0.9385863542556763,False,{},{},0.09574632300063968,False,False,8132
G0_73100_3e-05,342,5,349,13,0.40768107771873474,1.492917776107788,True,{},{},0.10185086101409979,False,False,8130
G0_73100_3e-05,343,5,340,4,0.5719909071922302,1.189490556716919,True,{},{},0.09820439899340272,False,False,8130
G0_73100_3e-05,344,5,342,6,0.5823334455490112,1.3067114353179932,True,{},{},0.09610632099793293,False,False,8130
G0_73100_3e-05,345,5,359,23,0.38893336057662964,1.3337156772613525,True,{},{},0.09756704300525598,False,False,8130
G0_73100_3e-05,346,5,15727,56,0.3815796375274658,0.46002185344696045,False,{},{},0.09602975900634192,False,False,8130
G0_73100_3e-05,347,5,15721,50,0.25121790170669556,0.37446072697639465,False,{},{},0.09721423601149581,False,False,8130
G0_73100_3e-05,348,5,352,16,0.39149802923202515,1.147074580192566,True,{},{},0.09854323498439044,False,False,8130
G0_73100_3e-05,349,5,337,1,0.6304534673690796,3.119903087615967,True,{},{},0.09472051399643533,False,False,8130
G0_73100_3e-05,350,5,341,5,0.5500267148017883,1.9530987739562988,True,{},{},0.09419542600517161,False,False,8130
G0_73100_3e-05,351,5,15712,41,0.05342859774827957,0.34195181727409363,False,{},{},0.10054342600051314,False,False,8130
G0_73100_3e-05,352,5,8016,24,0.19007563591003418,0.6584542989730835,False,{},{},0.09512364101829007,False,False,8130
G0_73100_3e-05,353,5,8028,36,0.09190770238637924,0.9112848043441772,False,{},{},0.09792348399059847,False,False,8130
G0_73100_3e-05,354,5,8030,38,0.09569695591926575,1.0089614391326904,True,{},{},0.09412409100332297,False,False,8130
G0_73100_3e-05,355,5,8020,28,0.1786150336265564,0.539664626121521,False,{},{},0.09622450897586532,False,False,8130
G0_73100_3e-05,356,5,336,0,0.5853023529052734,2.2497973442077637,True,{},{},0.10235366399865597,False,False,8130
G0_73100_3e-05,357,5,15723,52,0.29324665665626526,0.4172157049179077,False,{},{},0.09757471599732526,False,False,8130
G0_73100_3e-05,358,5,15725,54,0.3404349684715271,0.6134576797485352,False,{},{},0.0925647780240979,False,False,8130
G0_73100_3e-05,359,5,8017,25,0.18214404582977295,0.6186678409576416,False,{},{},0.09514315202250145,False,False,8130
G0_73100_3e-05,360,5,343,7,0.5720767974853516,1.8489378690719604,True,{},{},0.09403872300754301,False,False,8130
G0_73100_3e-05,361,5,351,15,0.3890734016895294,1.9291194677352905,True,{},{},0.09744023199891672,False,False,8130
G0_73100_3e-05,362,5,350,14,0.3811494708061218,1.379373550415039,True,{},{},0.09543284599203616,False,False,8130
G0_73100_3e-05,363,5,15720,49,0.22519631683826447,0.37102368474006653,False,{},{},0.0941387329949066,False,False,8130
G0_73100_3e-05,364,5,8023,31,0.18933799862861633,0.523342490196228,False,{},{},0.09521426502033137,False,False,8130
G0_73100_3e-05,365,5,15729,58,0.4362674951553345,0.6841883659362793,False,{},{},0.09338192499126308,False,False,8130
G0_73100_3e-05,366,5,15713,42,0.07570424675941467,0.4427800476551056,False,{},{},0.10157468999386765,False,False,8131
G0_73100_3e-05,367,5,344,8,0.5703607797622681,1.7282192707061768,True,{},{},0.09809745298116468,False,False,8131
G0_73100_3e-05,368,5,15722,51,0.2663807272911072,0.48755815625190735,False,{},{},0.09330650299671106,False,False,8131
G0_73100_3e-05,369,5,347,11,0.5793333053588867,1.2348347902297974,True,{},{},0.09606514699407853,False,False,8131
G0_73100_3e-05,370,5,338,2,0.5584002733230591,2.0954055786132812,True,{},{},0.09758228497230448,False,False,8131
G0_73100_3e-05,371,5,15711,40,0.05473366752266884,0.4685872495174408,False,{},{},0.09932442600256763,False,False,8131
G0_73100_3e-05,372,5,353,17,0.37173038721084595,2.180210828781128,True,{},{},0.09719953700550832,False,False,8131
G0_73100_3e-05,373,5,15715,44,0.12151053547859192,0.2849080562591553,False,{},{},0.09592764000990428,False,False,8131
G0_73100_3e-05,374,5,15734,63,0.6130176782608032,0.9081107378005981,False,{},{},0.09405677599716,False,False,8131
G0_73100_3e-05,375,5,358,22,0.397444486618042,2.2766225337982178,True,{},{},0.10065256897360086,False,False,8131
G0_73100_3e-05,376,5,354,18,0.3969043493270874,2.676598072052002,True,{},{},0.09699737702612765,False,False,8131
G0_73100_3e-05,377,5,8031,39,0.09962727129459381,2.423062324523926,True,{},{},0.09642640699166805,False,False,8131
G0_73100_3e-05,378,5,15730,59,0.4579792022705078,0.8691844940185547,False,{},{},0.0958624159975443,False,False,8131
G0_73100_3e-05,379,5,15731,60,0.5113407969474792,0.9110702276229858,False,{},{},0.0954821610066574,False,False,8131
G0_73100_3e-05,380,5,346,10,0.5649585127830505,1.2290414571762085,True,{},{},0.1013643839978613,False,False,8131
G0_73100_3e-05,381,5,15726,55,0.33012884855270386,0.8572540283203125,False,{},{},0.09637551501509733,False,False,8131
G0_73100_3e-05,382,5,348,12,0.5521913766860962,1.8139805793762207,True,{},{},0.09316068500629626,False,False,8131
G0_73100_3e-05,383,5,15733,62,0.5492393970489502,1.2527120113372803,True,{},{},0.09890042699407786,False,False,8131
G0_73100_3e-05,384,5,339,3,0.5535697937011719,4.867635726928711,True,{},{},0.09641955400002189,False,False,8131
G0_73100_3e-05,385,6,8017,25,0.16654449701309204,0.6510372161865234,False,{},{},0.09597953999764286,False,False,8132
G0_73100_3e-05,386,6,15717,46,0.15699312090873718,0.3000880181789398,False,{},{},0.0945729160157498,False,False,8132
G0_73100_3e-05,387,6,337,1,0.537042498588562,3.1982927322387695,True,{},{},0.09538490997510962,False,False,8132
G0_73100_3e-05,388,6,8030,38,0.07740446925163269,0.9750725030899048,False,{},{},0.10128341297968291,False,False,8132
G0_73100_3e-05,389,6,353,17,0.3404514193534851,1.833988904953003,True,{},{},0.10085540800355375,False,False,8132
G0_73100_3e-05,390,6,15722,51,0.24383246898651123,0.5996300578117371,False,{},{},0.09380562900332734,False,False,8132
G0_73100_3e-05,391,6,344,8,0.5380343198776245,1.2766119241714478,True,{},{},0.09728391299722716,False,False,8132
G0_73100_3e-05,392,6,8021,29,0.16930441558361053,0.8222019076347351,False,{},{},0.09526571398600936,False,False,8132
G0_73100_3e-05,393,6,15714,43,0.09877143055200577,0.634946882724762,False,{},{},0.09515039299731143,False,False,8132
G0_73100_3e-05,394,6,15719,48,0.19003507494926453,0.3886111378669739,False,{},{},0.10311811699648388,False,False,8132
G0_73100_3e-05,395,6,357,21,0.3598617613315582,1.8052165508270264,True,{},{},0.09343485700082965,False,False,8132
G0_73100_3e-05,396,6,348,12,0.5264415740966797,1.9859174489974976,True,{},{},0.09188354399520904,False,False,8132
G0_73100_3e-05,397,6,354,18,0.3540157079696655,2.4371700286865234,True,{},{},0.09577997599262744,False,False,8132
G0_73100_3e-05,398,6,8022,30,0.17946816980838776,0.6641783714294434,False,{},{},0.09771239399560727,False,False,8132
G0_73100_3e-05,399,6,355,19,0.3470281958580017,1.8325791358947754,True,{},{},0.10224688300513662,False,False,8132
G0_73100_3e-05,400,6,15718,47,0.17010104656219482,0.3242793679237366,False,{},{},0.09473786200396717,False,False,8132
G0_73100_3e-05,401,6,15729,58,0.381535142660141,1.2758620977401733,True,{},{},0.09273321699583903,False,False,8132
G0_73100_3e-05,402,6,15726,55,0.2941548824310303,1.2265108823776245,True,{},{},0.09651877201395109,False,False,8132
G0_73100_3e-05,403,6,15716,45,0.1368144303560257,0.38630053400993347,False,{},{},0.09910426498390734,False,False,8132
G0_73100_3e-05,404,6,15727,56,0.30221909284591675,1.1026129722595215,True,{},{},0.09646890801377594,False,False,8132
G0_73100_3e-05,405,6,359,23,0.38648614287376404,2.5504255294799805,True,{},{},0.09736060199793428,False,False,8132
G0_73100_3e-05,406,6,8031,39,0.07231542468070984,1.009673833847046,True,{},{},0.09491767999134026,False,False,8132
G0_73100_3e-05,407,6,8026,34,0.16028650104999542,0.950763463973999,False,{},{},0.09643941299873404,False,False,8132
G0_73100_3e-05,408,6,8028,36,0.07767970860004425,1.5462141036987305,True,{},{},0.09993241800111718,False,False,8132
G0_73100_3e-05,409,6,358,22,0.36916330456733704,2.123115301132202,True,{},{},0.09641263898811303,False,False,8132
G0_73100_3e-05,410,6,8025,33,0.16799314320087433,0.6914052367210388,False,{},{},0.09630842099431902,False,False,8132
G0_73100_3e-05,411,6,15725,54,0.2718244791030884,1.025038242340088,True,{},{},0.09905974499997683,False,False,8132
G0_73100_3e-05,412,6,351,15,0.3389841616153717,2.099180221557617,True,{},{},0.0972420550242532,False,False,8132
G0_73100_3e-05,413,6,340,4,0.5118447542190552,1.7026547193527222,True,{},{},0.10098152700811625,False,False,8132
G0_73100_3e-05,414,6,338,2,0.5170474052429199,1.7607340812683105,True,{},{},0.09557641399442218,False,False,8132
G0_73100_3e-05,415,6,15712,41,0.07507432997226715,1.532474160194397,True,{},{},0.09625445597339422,False,False,8132
G0_73100_3e-05,416,6,350,14,0.32907500863075256,2.19989275932312,True,{},{},0.0969056899775751,False,False,8132
G0_73100_3e-05,417,6,8029,37,0.07223176956176758,1.3384875059127808,True,{},{},0.0962405219906941,False,False,8132
G0_73100_3e-05,418,6,346,10,0.5306105017662048,1.5420560836791992,True,{},{},0.10033048602053896,False,False,8132
G0_73100_3e-05,419,6,345,9,0.5307896137237549,1.4525662660598755,True,{},{},0.09608459699666128,False,False,8132
G0_73100_3e-05,420,6,339,3,0.48740851879119873,1.6561745405197144,True,{},{},0.09673669398762286,False,False,8132
G0_73100_3e-05,421,6,15715,44,0.11782939732074738,0.6357213854789734,False,{},{},0.09941609800443985,False,False,8132
G0_73100_3e-05,422,6,15730,59,0.3565807640552521,2.373755931854248,True,{},{},0.09608310298062861,False,False,8132
G0_73100_3e-05,423,6,8020,28,0.13711151480674744,0.978644609451294,False,{},{},0.09736543099279515,False,False,8132
G0_73100_3e-05,424,6,356,20,0.3269173502922058,2.2465953826904297,True,{},{},0.0975842360057868,False,False,8132
G0_73100_3e-05,425,6,349,13,0.3216814398765564,2.393521785736084,True,{},{},0.09604245299124159,False,False,8132
G0_73100_3e-05,426,6,15720,49,0.19377009570598602,0.6936114430427551,False,{},{},0.09909896602039225,False,False,8132
G0_73100_3e-05,427,6,15723,52,0.22598260641098022,1.0162206888198853,True,{},{},0.10123644600389525,False,False,8132
G0_73100_3e-05,428,6,15711,40,0.0745583325624466,1.5252751111984253,True,{},{},0.09512705798260868,False,False,8132
G0_73100_3e-05,429,6,8023,31,0.17011898756027222,0.838128924369812,False,{},{},0.09739239097689278,False,False,8132
G0_73100_3e-05,430,6,8016,24,0.1519676148891449,1.2676628828048706,True,{},{},0.09699261697824113,False,False,8132
G0_73100_3e-05,431,6,15713,42,0.08031526952981949,1.121677279472351,True,{},{},0.09611433299141936,False,False,8132
G0_73100_3e-05,432,6,15724,53,0.22812242805957794,1.463724136352539,True,{},{},0.1081643270154018,False,False,8132
G0_73100_3e-05,433,6,15731,60,0.40344464778900146,3.2210211753845215,True,{},{},0.09453656201367266,False,False,8132
G0_73100_3e-05,434,6,347,11,0.5088043212890625,2.217590570449829,True,{},{},0.09477191700716503,False,False,8132
G0_73100_3e-05,435,6,8027,35,0.11303603649139404,0.970504105091095,False,{},{},0.09683160998974927,False,False,8132
G0_73100_3e-05,436,6,8018,26,0.14506135880947113,0.9600527286529541,False,{},{},0.09552248200634494,False,False,8132
G0_73100_3e-05,437,6,341,5,0.46948468685150146,1.612034559249878,True,{},{},0.09782403102144599,False,False,8132
G0_73100_3e-05,438,6,336,0,0.4970632791519165,2.4332845211029053,True,{},{},0.0941459009773098,False,False,8132
G0_73100_3e-05,439,6,15728,57,0.30187252163887024,3.9620156288146973,True,{},{},0.09964907600078732,False,False,8132
G0_73100_3e-05,440,6,15733,62,0.43835586309432983,4.086223602294922,True,{},{},0.09747075400082394,False,False,8132
G0_73100_3e-05,441,6,15734,63,0.4841187298297882,3.687354564666748,True,{},{},0.09957290298189037,False,False,8132
G0_73100_3e-05,442,6,15732,61,0.39176103472709656,2.7810277938842773,True,{},{},0.09389725001528859,False,False,8132
G0_73100_3e-05,443,6,342,6,0.4882511496543884,2.3480448722839355,True,{},{},0.09555891100899316,False,False,8132
G0_73100_3e-05,444,6,15721,50,0.1873459666967392,2.1386749744415283,True,{},{},0.09720360301434994,False,False,8132
G0_73100_3e-05,445,6,343,7,0.5014458894729614,2.354973316192627,True,{},{},0.10033239700715058,False,False,8132
G0_73100_3e-05,446,6,8024,32,0.1799718290567398,2.9725959300994873,True,{},{},0.11000230102217756,False,False,8132
G0_73100_3e-05,447,6,8019,27,0.12472747266292572,2.304222822189331,True,{},{},0.09576562000438571,False,False,8132
G0_73100_3e-05,448,6,352,16,0.3340335190296173,4.713232517242432,True,{},{},0.10028947700629942,False,False,8132
G0_73100_3e-05,449,7,15725,54,0.19870376586914062,3.7030484676361084,True,{},{},0.09337464600685053,False,False,8132
G0_73100_3e-05,450,7,15728,57,0.22018517553806305,2.396181583404541,True,{},{},0.10191761198802851,False,False,8130
G0_73100_3e-05,451,7,8025,33,0.1358395516872406,1.0367721319198608,True,{},{},0.09706003099563532,False,False,8130
G0_73100_3e-05,452,7,15733,62,0.3432408273220062,2.7870349884033203,True,{},{},0.09583374901558273,False,False,8130
G0_73100_3e-05,453,7,340,4,0.4474759101867676,1.4631482362747192,True,{},{},0.10236530899419449,False,False,8130
G0_73100_3e-05,454,7,352,16,0.2954908609390259,3.1484479904174805,True,{},{},0.09595095401164144,False,False,8130
G0_73100_3e-05,455,7,337,1,0.47395777702331543,2.347503185272217,True,{},{},0.10042783699464053,False,False,8130
G0_73100_3e-05,456,7,341,5,0.43949273228645325,1.5134263038635254,True,{},{},0.09998446601093747,False,False,8130
G0_73100_3e-05,457,7,8023,31,0.14214707911014557,1.1285433769226074,True,{},{},0.09835739401751198,False,False,8130
G0_73100_3e-05,458,7,15729,58,0.19069355726242065,2.9790902137756348,True,{},{},0.09694561100332066,False,False,8130
G0_73100_3e-05,459,7,338,2,0.45577773451805115,1.7751957178115845,True,{},{},0.09495913601131178,False,False,8130
G0_73100_3e-05,460,7,15717,46,0.15424560010433197,3.6077659130096436,True,{},{},0.09800266299862415,False,False,8130
G0_73100_3e-05,461,7,15722,51,0.17323973774909973,1.731502652168274,True,{},{},0.09551761101465672,False,False,8130
G0_73100_3e-05,462,7,8018,26,0.11559240520000458,1.0782616138458252,True,{},{},0.09856882598251104,False,False,8130
G0_73100_3e-05,463,7,15716,45,0.1260589063167572,1.788381814956665,True,{},{},0.10000817899708636,False,False,8130
G0_73100_3e-05,464,7,351,15,0.2956913113594055,2.732266664505005,True,{},{},0.09760386601556093,False,False,8130
G0_73100_3e-05,465,7,8026,34,0.10383394360542297,1.26018488407135,True,{},{},0.0956865589832887,False,False,8130
G0_73100_3e-05,466,7,8020,28,0.10245613008737564,0.7808132767677307,False,{},{},0.09469754301244393,False,False,8130
G0_73100_3e-05,467,7,8029,37,0.07888752967119217,1.765765905380249,True,{},{},0.10034036001889035,False,False,8130
G0_73100_3e-05,468,7,357,21,0.3385738134384155,4.144400119781494,True,{},{},0.09649791399715468,False,False,8130
G0_73100_3e-05,469,7,8031,39,0.05091758817434311,0.9610016345977783,False,{},{},0.10066540198749863,False,False,8130
G0_73100_3e-05,470,7,15714,43,0.08608399331569672,0.5838627219200134,False,{},{},0.09489810900413431,False,False,8130
G0_73100_3e-05,471,7,349,13,0.28177934885025024,2.3317348957061768,True,{},{},0.09726139099802822,False,False,8130
G0_73100_3e-05,472,7,339,3,0.43313518166542053,2.262244701385498,True,{},{},0.09801526699448004,False,False,8130
G0_73100_3e-05,473,7,15712,41,0.057870179414749146,0.953248143196106,False,{},{},0.09547690598992631,False,False,8130
G0_73100_3e-05,474,7,15724,53,0.15567068755626678,3.2227730751037598,True,{},{},0.09941499098204076,False,False,8130
G0_73100_3e-05,475,7,358,22,0.34709423780441284,3.034263849258423,True,{},{},0.09829494199948385,False,False,8130
G0_73100_3e-05,476,7,15732,61,0.33075061440467834,6.453341484069824,True,{},{},0.09670828402158804,False,False,8130
G0_73100_3e-05,477,7,347,11,0.46442466974258423,1.9996755123138428,True,{},{},0.09410329299862497,False,False,8130
G0_73100_3e-05,478,7,8028,36,0.055550456047058105,0.90812087059021,False,{},{},0.0932694060029462,False,False,8130
G0_73100_3e-05,479,7,15721,50,0.1507454812526703,2.808743476867676,True,{},{},0.09889664099318907,False,False,8131
G0_73100_3e-05,480,7,342,6,0.43449974060058594,2.084388256072998,True,{},{},0.09842187000322156,False,False,8131
G0_73100_3e-05,481,7,15731,60,0.26283806562423706,6.1496357917785645,True,{},{},0.09604591099196114,False,False,8131
G0_73100_3e-05,482,7,15734,63,0.35085147619247437,5.785888671875,True,{},{},0.09398041799431667,False,False,8131
G0_73100_3e-05,483,7,8016,24,0.11977266520261765,2.9218392372131348,True,{},{},0.0992173939885106,False,False,8131
G0_73100_3e-05,484,7,8027,35,0.08805496990680695,1.9338018894195557,True,{},{},0.0977878529811278,False,False,8131
G0_73100_3e-05,485,7,355,19,0.3158564567565918,5.551620960235596,True,{},{},0.09686509700259194,False,False,8131
G0_73100_3e-05,486,7,336,0,0.4486318826675415,3.4829936027526855,True,{},{},0.09798419399885461,False,False,8131
G0_73100_3e-05,487,7,8022,30,0.13589736819267273,4.210572242736816,True,{},{},0.09436507101054303,False,False,8131
G0_73100_3e-05,488,7,8019,27,0.1041950136423111,1.5858643054962158,True,{},{},0.09964353300165385,False,False,8131
G0_73100_3e-05,489,7,8017,25,0.10318756848573685,1.0368213653564453,True,{},{},0.09684098098659888,False,False,8131
G0_73100_3e-05,490,7,343,7,0.4298391342163086,2.2284443378448486,True,{},{},0.09464968799147755,False,False,8131
G0_73100_3e-05,491,7,354,18,0.2628780007362366,3.236149311065674,True,{},{},0.09568560001207516,False,False,8131
G0_73100_3e-05,492,7,15727,56,0.12511467933654785,7.586839199066162,True,{},{},0.09504122400539927,False,False,8131
G0_73100_3e-05,493,7,8024,32,0.11397082358598709,1.0509369373321533,True,{},{},0.09917334301280789,False,False,8131
G0_73100_3e-05,494,7,15715,44,0.11819683760404587,3.0181946754455566,True,{},{},0.09906395801226608,False,False,8131
G0_73100_3e-05,495,7,15711,40,0.06639201194047928,1.8363829851150513,True,{},{},0.096324141981313,False,False,8131
G0_73100_3e-05,496,7,348,12,0.4603245258331299,3.5057554244995117,True,{},{},0.09456563301500864,False,False,8131
G0_73100_3e-05,497,7,356,20,0.27842432260513306,2.720181465148926,True,{},{},0.10051281898631714,False,False,8131
G0_73100_3e-05,498,7,344,8,0.4291808307170868,3.497954845428467,True,{},{},0.10244616301497445,False,False,8130
G0_73100_3e-05,499,7,353,17,0.24978767335414886,2.8210976123809814,True,{},{},0.09803311602445319,False,False,8130
G0_73100_3e-05,500,7,8021,29,0.10960683226585388,1.4549633264541626,True,{},{},0.09920816399971955,False,False,8130
G0_73100_3e-05,501,7,15720,49,0.14089500904083252,2.3612232208251953,True,{},{},0.0963271489890758,False,False,8130
G0_73100_3e-05,502,7,346,10,0.4262787103652954,3.201334238052368,True,{},{},0.09799377201125026,False,False,8130
G0_73100_3e-05,503,7,15730,59,0.15148687362670898,3.444077491760254,True,{},{},0.1002235809864942,False,False,8130
G0_73100_3e-05,504,7,15726,55,0.09201343357563019,1.739558219909668,True,{},{},0.09710296901175752,False,False,8130
G0_73100_3e-05,505,7,15718,47,0.12494700402021408,1.4495102167129517,True,{},{},0.09577356599038467,False,False,8130
G0_73100_3e-05,506,7,15719,48,0.12788483500480652,1.5839111804962158,True,{},{},0.09546243998920545,False,False,8130
G0_73100_3e-05,507,7,15713,42,0.06763576716184616,0.9651248455047607,False,{},{},0.1033482089987956,False,False,8131
G0_73100_3e-05,508,7,345,9,0.4083026647567749,2.7111318111419678,True,{},{},0.09758419601712376,False,False,8131
G0_73100_3e-05,509,7,350,14,0.25955748558044434,3.5249738693237305,True,{},{},0.09759756299899891,False,False,8131
G0_73100_3e-05,510,7,15723,52,0.11722198128700256,3.051156520843506,True,{},{},0.1008113200077787,False,False,8131
G0_73100_3e-05,511,7,359,23,0.34992772340774536,6.320858478546143,True,{},{},0.09640637200209312,False,False,8131
G0_73100_3e-05,512,7,8030,38,0.05337440222501755,1.293936848640442,True,{},{},0.10589967601117678,False,False,8132
G1_73100_1e-04,1,0,15720,49,0.20742270350456238,0.06982683390378952,False,{},{},0.10278875700896606,False,False,8200
G1_73100_1e-04,2,0,15721,50,0.2221984565258026,0.0694143995642662,False,{},{},0.09350954100955278,False,False,8200
G1_73100_1e-04,3,0,15723,52,0.26068753004074097,0.08076832443475723,False,{},{},0.10469273701892234,False,False,8132
G1_73100_1e-04,4,0,8022,30,0.21440638601779938,0.18280717730522156,False,{},{},0.09421565299271606,False,False,8132
G1_73100_1e-04,5,0,340,4,0.8596444725990295,1.9929287433624268,True,{},{},0.09798488699016161,False,False,8132
G1_73100_1e-04,6,0,350,14,1.0917837619781494,5.188928604125977,True,{},{},0.10064293400500901,False,False,8132
G1_73100_1e-04,7,0,8020,28,0.2102903574705124,0.23854653537273407,False,{},{},0.09691859100712463,False,False,8132
G1_73100_1e-04,8,0,341,5,0.7660158276557922,0.943317711353302,False,{},{},0.10358473300584592,False,False,8132
G1_73100_1e-04,9,0,15717,46,0.1491873562335968,0.05822564661502838,False,{},{},0.0963719779974781,False,False,8132
G1_73100_1e-04,10,0,348,12,0.8468916416168213,0.88425612449646,False,{},{},0.09594233401003294,False,False,8132
G1_73100_1e-04,11,0,15716,45,0.12806320190429688,0.051862169057130814,False,{},{},0.09591622499283403,False,False,8132
G1_73100_1e-04,12,0,8029,37,0.19320076704025269,1.4830965995788574,True,{},{},0.09601318198838271,False,False,8132
G1_73100_1e-04,13,0,356,20,0.5742076635360718,1.1151338815689087,True,{},{},0.10344482300570235,False,False,8132
G1_73100_1e-04,14,0,8024,32,0.19998252391815186,0.13152258098125458,False,{},{},0.09432439701049589,False,False,8132
G1_73100_1e-04,15,0,351,15,0.7059517502784729,2.236877679824829,True,{},{},0.10066838600323536,False,False,8132
G1_73100_1e-04,16,0,8016,24,0.21647128462791443,0.2867073714733124,False,{},{},0.10206976099289022,False,False,8132
G1_73100_1e-04,17,0,15718,47,0.16301891207695007,0.07171148806810379,False,{},{},0.09927314700325951,False,False,8132
G1_73100_1e-04,18,0,343,7,0.9081156849861145,1.7449164390563965,True,{},{},0.09439481201115996,False,False,8132
G1_73100_1e-04,19,0,15714,43,0.08537831902503967,0.05000527575612068,False,{},{},0.10002125200117007,False,False,8132
G1_73100_1e-04,20,0,15726,55,0.31070399284362793,0.11223124712705612,False,{},{},0.09417516400571913,False,False,8132
G1_73100_1e-04,21,0,345,9,0.7940789461135864,0.694523811340332,False,{},{},0.09785974500118755,False,False,8132
G1_73100_1e-04,22,0,336,0,0.8246941566467285,3.836193799972534,True,{},{},0.09962741099298,False,False,8132
G1_73100_1e-04,23,0,355,19,0.5484780669212341,0.8524776101112366,False,{},{},0.09493889001896605,False,False,8132
G1_73100_1e-04,24,0,8018,26,0.19953331351280212,0.22437924146652222,False,{},{},0.09780196700012311,False,False,8132
G1_73100_1e-04,25,0,15712,41,0.04067529737949371,0.048396944999694824,False,{},{},0.09392536399536766,False,False,8132
G1_73100_1e-04,26,0,8019,27,0.19350063800811768,0.16533738374710083,False,{},{},0.09765801398316398,False,False,8132
G1_73100_1e-04,27,0,337,1,1.0669386386871338,5.572559833526611,True,{},{},0.09940972900949419,False,False,8132
G1_73100_1e-04,28,0,15724,53,0.2740391194820404,0.09662675112485886,False,{},{},0.09609219100093469,False,False,8132
G1_73100_1e-04,29,0,8017,25,0.2084730863571167,0.2920899987220764,False,{},{},0.09816362700075842,False,False,8132
G1_73100_1e-04,30,0,344,8,0.746699333190918,0.6038970947265625,False,{},{},0.09578048999537714,False,False,8132
G1_73100_1e-04,31,0,8031,39,0.12837232649326324,0.1683087795972824,False,{},{},0.0999793770024553,False,False,8132
G1_73100_1e-04,32,0,15711,40,0.042240604758262634,0.055889107286930084,False,{},{},0.09452819498255849,False,False,8132
G1_73100_1e-04,33,0,8023,31,0.198118656873703,0.17464704811573029,False,{},{},0.09597734699491411,False,False,8132
G1_73100_1e-04,34,0,349,13,1.0465199947357178,5.905567646026611,True,{},{},0.09456851999857463,False,False,8132
G1_73100_1e-04,35,0,346,10,0.7547894716262817,0.7521889805793762,False,{},{},0.09787334300926886,False,False,8132
G1_73100_1e-04,36,0,8030,38,0.12091543525457382,0.20786595344543457,False,{},{},0.09861222398467362,False,False,8132
G1_73100_1e-04,37,0,8025,33,0.19919031858444214,0.14762237668037415,False,{},{},0.09461632097372785,False,False,8132
G1_73100_1e-04,38,0,359,23,0.5239048004150391,1.2891747951507568,True,{},{},0.09841922798659652,False,False,8132
G1_73100_1e-04,39,0,342,6,0.7437071800231934,1.3634482622146606,True,{},{},0.09469964800518937,False,False,8132
G1_73100_1e-04,40,0,339,3,0.6853948831558228,1.8598382472991943,True,{},{},0.09747343699564226,False,False,8132
G1_73100_1e-04,41,0,15733,62,0.5338222980499268,0.18873633444309235,False,{},{},0.09935408300952986,False,False,8132
G1_73100_1e-04,42,0,15725,54,0.2903605103492737,0.10648762434720993,False,{},{},0.09636469098040834,False,False,8132
G1_73100_1e-04,43,0,15731,60,0.4720424711704254,0.1588650643825531,False,{},{},0.10038496600463986,False,False,8132
G1_73100_1e-04,44,0,15727,56,0.3253936171531677,0.1228223368525505,False,{},{},0.09476538698072545,False,False,8132
G1_73100_1e-04,45,0,15728,57,0.35055989027023315,0.13273616135120392,False,{},{},0.09768684598384425,False,False,8132
G1_73100_1e-04,46,0,15713,42,0.06755639612674713,0.06371729075908661,False,{},{},0.09843352899770252,False,False,8132
G1_73100_1e-04,47,0,353,17,0.48226675391197205,1.210675597190857,True,{},{},0.09809216400026344,False,False,8132
G1_73100_1e-04,48,0,15722,51,0.22778499126434326,0.09509479254484177,False,{},{},0.09714802700909786,False,False,8132
G1_73100_1e-04,49,0,15730,59,0.4113028347492218,0.1472097635269165,False,{},{},0.0931509860092774,False,False,8132
G1_73100_1e-04,50,0,15715,44,0.11012273281812668,0.05892340838909149,False,{},{},0.09934288600925356,False,False,8132
G1_73100_1e-04,51,0,358,22,0.4712338149547577,1.1589441299438477,True,{},{},0.09617347700987011,False,False,8132
G1_73100_1e-04,52,0,354,18,0.4850446283817291,1.0741889476776123,True,{},{},0.09555771099985577,False,False,8132
G1_73100_1e-04,53,0,338,2,0.8738142251968384,4.327351093292236,True,{},{},0.09505513799376786,False,False,8132
G1_73100_1e-04,54,0,8026,34,0.17549912631511688,0.19145089387893677,False,{},{},0.09760562999872491,False,False,8132
G1_73100_1e-04,55,0,8021,29,0.19786511361598969,0.22376210987567902,False,{},{},0.10044514801120386,False,False,8132
G1_73100_1e-04,56,0,357,21,0.42759954929351807,0.40988048911094666,False,{},{},0.09822364800493233,False,False,8132
G1_73100_1e-04,57,0,352,16,0.4541403353214264,0.6082612872123718,False,{},{},0.09713425798690878,False,False,8132
G1_73100_1e-04,58,0,15729,58,0.37710434198379517,0.1433006376028061,False,{},{},0.09439282098901458,False,False,8132
G1_73100_1e-04,59,0,15734,63,0.5496628284454346,0.21446064114570618,False,{},{},0.09774118001223542,False,False,8132
G1_73100_1e-04,60,0,8027,35,0.17672060430049896,0.2322550266981125,False,{},{},0.10017856198828667,False,False,8132
G1_73100_1e-04,61,0,8028,36,0.11082381010055542,0.2931616008281708,False,{},{},0.09715665399562567,False,False,8132
G1_73100_1e-04,62,0,15719,48,0.17326214909553528,0.08129525184631348,False,{},{},0.09740387098281644,False,False,8132
G1_73100_1e-04,63,0,347,11,0.6728320717811584,0.6287878751754761,False,{},{},0.09355678199790418,False,False,8132
G1_73100_1e-04,64,0,15732,61,0.4842275381088257,0.192223459482193,False,{},{},0.0959682920074556,False,False,8132
G1_73100_1e-04,65,1,354,18,0.4209163188934326,1.0021693706512451,True,{},{},0.09650094399694353,False,False,8130
G1_73100_1e-04,66,1,345,9,0.6533416509628296,0.7107430696487427,False,{},{},0.09514076900086366,False,False,8130
G1_73100_1e-04,67,1,15734,63,0.5415892004966736,0.21858452260494232,False,{},{},0.09659606000059284,False,False,8130
G1_73100_1e-04,68,1,15721,50,0.20002922415733337,0.10158725827932358,False,{},{},0.09351009500096552,False,False,8130
G1_73100_1e-04,69,1,8026,34,0.1662784218788147,0.19974032044410706,False,{},{},0.10062113098683767,False,False,8130
G1_73100_1e-04,70,1,337,1,0.6259347200393677,1.6022558212280273,True,{},{},0.09701882099034265,False,False,8130
G1_73100_1e-04,71,1,341,5,0.6350567936897278,0.9774360656738281,False,{},{},0.09511549901799299,False,False,8130
G1_73100_1e-04,72,1,336,0,0.5849933624267578,1.3927912712097168,True,{},{},0.09566292000818066,False,False,8130
G1_73100_1e-04,73,1,15718,47,0.1545654535293579,0.08590937405824661,False,{},{},0.09549599600723013,False,False,8130
G1_73100_1e-04,74,1,8023,31,0.1887691617012024,0.23062290251255035,False,{},{},0.10132884501945227,False,False,8130
G1_73100_1e-04,75,1,8027,35,0.1688433289527893,0.2458091676235199,False,{},{},0.09768871599226259,False,False,8130
G1_73100_1e-04,76,1,348,12,0.6613165140151978,0.979720950126648,False,{},{},0.09449348598718643,False,False,8130
G1_73100_1e-04,77,1,15726,55,0.2899896502494812,0.13929453492164612,False,{},{},0.0949036160018295,False,False,8130
G1_73100_1e-04,78,1,8021,29,0.1905655562877655,0.27396854758262634,False,{},{},0.10218817598070018,False,False,8131
G1_73100_1e-04,79,1,15725,54,0.2730087637901306,0.137416273355484,False,{},{},0.09936041198670864,False,False,8131
G1_73100_1e-04,80,1,15730,59,0.3920101523399353,0.17882299423217773,False,{},{},0.09598972997628152,False,False,8131
G1_73100_1e-04,81,1,340,4,0.5655093193054199,0.6617239713668823,False,{},{},0.09502555799554102,False,False,8131
G1_73100_1e-04,82,1,15714,43,0.08997991681098938,0.11504625529050827,False,{},{},0.09456957300426438,False,False,8131
G1_73100_1e-04,83,1,15729,58,0.36243945360183716,0.18097399175167084,False,{},{},0.10206384700722992,False,False,8131
G1_73100_1e-04,84,1,15723,52,0.23129212856292725,0.1201004907488823,False,{},{},0.09272859100019559,False,False,8131
G1_73100_1e-04,85,1,359,23,0.406599760055542,1.1399718523025513,True,{},{},0.09506213400163688,False,False,8131
G1_73100_1e-04,86,1,15716,45,0.12237747758626938,0.07652021199464798,False,{},{},0.09787532401969656,False,False,8131
G1_73100_1e-04,87,1,357,21,0.3664817810058594,0.8134798407554626,False,{},{},0.09292746899882331,False,False,8131
G1_73100_1e-04,88,1,358,22,0.3825553059577942,0.5890519618988037,False,{},{},0.10171146897482686,False,False,8131
G1_73100_1e-04,89,1,343,7,0.6166059970855713,0.9267043471336365,False,{},{},0.09451569599332288,False,False,8131
G1_73100_1e-04,90,1,8019,27,0.18069365620613098,0.28147754073143005,False,{},{},0.09487517000525258,False,False,8131
G1_73100_1e-04,91,1,8028,36,0.09680767357349396,0.30685940384864807,False,{},{},0.09480803101905622,False,False,8131
G1_73100_1e-04,92,1,15713,42,0.07486498355865479,0.1395145058631897,False,{},{},0.10274188901530579,False,False,8131
G1_73100_1e-04,93,1,15732,61,0.46303290128707886,0.228116974234581,False,{},{},0.10309817499364726,False,False,8130
G1_73100_1e-04,94,1,8018,26,0.18084445595741272,0.326668381690979,False,{},{},0.09924122999655083,False,False,8130
G1_73100_1e-04,95,1,8017,25,0.1802850365638733,0.3353757858276367,False,{},{},0.09621209799661301,False,False,8130
G1_73100_1e-04,96,1,15717,46,0.1359417736530304,0.0835283100605011,False,{},{},0.09281182000995614,False,False,8130
G1_73100_1e-04,97,1,15728,57,0.32773011922836304,0.18075473606586456,False,{},{},0.09992980799870566,False,False,8130
G1_73100_1e-04,98,1,339,3,0.5501582622528076,1.264277696609497,True,{},{},0.09383177600102499,False,False,8130
G1_73100_1e-04,99,1,355,19,0.37861207127571106,0.9391099214553833,False,{},{},0.09544147000997327,False,False,8130
G1_73100_1e-04,100,1,344,8,0.6097053289413452,1.3059037923812866,True,{},{},0.09494695300236344,False,False,8130
G1_73100_1e-04,101,1,347,11,0.5891837477684021,1.0225872993469238,True,{},{},0.09916872801841237,False,False,8130
G1_73100_1e-04,102,1,350,14,0.4346188008785248,1.2356266975402832,True,{},{},0.10029048001160845,False,False,8131
G1_73100_1e-04,103,1,15720,49,0.17653436958789825,0.15330548584461212,False,{},{},0.09155866201035678,False,False,8131
G1_73100_1e-04,104,1,8031,39,0.1141192615032196,0.3533896207809448,False,{},{},0.09662940099951811,False,False,8131
G1_73100_1e-04,105,1,338,2,0.5645855665206909,0.945277214050293,False,{},{},0.09721598899341188,False,False,8131
G1_73100_1e-04,106,1,351,15,0.4168287515640259,2.0923588275909424,True,{},{},0.09949859100743197,False,False,8131
G1_73100_1e-04,107,1,8025,33,0.17429101467132568,0.22166360914707184,False,{},{},0.10100239797611721,False,False,8132
G1_73100_1e-04,108,1,352,16,0.38663989305496216,1.5502960681915283,True,{},{},0.09776424500159919,False,False,8132
G1_73100_1e-04,109,1,8029,37,0.10905679315328598,0.7884708046913147,False,{},{},0.09526406298391521,False,False,8132
G1_73100_1e-04,110,1,8020,28,0.16381116211414337,0.22617605328559875,False,{},{},0.09461535100126639,False,False,8132
G1_73100_1e-04,111,1,15715,44,0.10726035386323929,0.12283436208963394,False,{},{},0.10636661798343994,False,False,8132
G1_73100_1e-04,112,1,8024,32,0.17242294549942017,0.2471446841955185,False,{},{},0.09795078000752255,False,False,8132
G1_73100_1e-04,113,1,356,20,0.35028958320617676,1.342551589012146,True,{},{},0.09897380199981853,False,False,8132
G1_73100_1e-04,114,1,15731,60,0.4338594079017639,0.28449365496635437,False,{},{},0.092574740992859,False,False,8132
G1_73100_1e-04,115,1,15712,41,0.049873389303684235,0.1693112701177597,False,{},{},0.09829409199301153,False,False,8132
G1_73100_1e-04,116,1,15719,48,0.1618703454732895,0.16750554740428925,False,{},{},0.10246049499255605,False,False,8132
G1_73100_1e-04,117,1,342,6,0.5480211973190308,1.181718111038208,True,{},{},0.09487858100328594,False,False,8132
G1_73100_1e-04,118,1,15733,62,0.48214977979660034,0.32734259963035583,False,{},{},0.09681267201085575,False,False,8132
G1_73100_1e-04,119,1,8022,30,0.16814903914928436,0.20306549966335297,False,{},{},0.09673424900393002,False,False,8132
G1_73100_1e-04,120,1,15724,53,0.23868079483509064,0.20744670927524567,False,{},{},0.09706576500320807,False,False,8132
G1_73100_1e-04,121,1,353,17,0.3391025960445404,0.8764410614967346,False,{},{},0.10330317699117586,False,False,8132
G1_73100_1e-04,122,1,8016,24,0.16084542870521545,0.2748589515686035,False,{},{},0.0957632600038778,False,False,8132
G1_73100_1e-04,123,1,8030,38,0.09915793687105179,0.2699500322341919,False,{},{},0.09422169698518701,False,False,8132
G1_73100_1e-04,124,1,15722,51,0.20098170638084412,0.18886016309261322,False,{},{},0.10250244999770075,False,False,8132
G1_73100_1e-04,125,1,15711,40,0.05291767790913582,0.2185087949037552,False,{},{},0.09971049198065884,False,False,8132
G1_73100_1e-04,126,1,15727,56,0.28512102365493774,0.27874964475631714,False,{},{},0.10075864399550483,False,False,8132
G1_73100_1e-04,127,1,346,10,0.533439576625824,0.8135051131248474,False,{},{},0.09751188301015645,False,False,8132
G1_73100_1e-04,128,1,349,13,0.3886561393737793,1.375009536743164,True,{},{},0.09659656998701394,False,False,8132
G1_73100_1e-04,129,2,353,17,0.32529130578041077,0.779799222946167,False,{},{},0.10030902197468095,False,False,8132
G1_73100_1e-04,130,2,8027,35,0.15417006611824036,0.39050763845443726,False,{},{},0.09763050300534815,False,False,8132
G1_73100_1e-04,131,2,8017,25,0.15241210162639618,0.2549680173397064,False,{},{},0.09749548797844909,False,False,8132
G1_73100_1e-04,132,2,8020,28,0.15682512521743774,0.27936267852783203,False,{},{},0.09887915899162181,False,False,8132
G1_73100_1e-04,133,2,15729,58,0.3300643265247345,0.3969235122203827,False,{},{},0.09949327301001176,False,False,8132
G1_73100_1e-04,134,2,15719,48,0.1550418883562088,0.2032782882452011,False,{},{},0.1012711160001345,False,False,8132
G1_73100_1e-04,135,2,8024,32,0.1571098268032074,0.2909601628780365,False,{},{},0.09498863798216917,False,False,8132
G1_73100_1e-04,136,2,15731,60,0.40642982721328735,0.4834764003753662,False,{},{},0.09322565200272948,False,False,8132
G1_73100_1e-04,137,2,15714,43,0.0868983119726181,0.19324404001235962,False,{},{},0.09894947201246396,False,False,8132
G1_73100_1e-04,138,2,8030,38,0.0938824862241745,0.3465893566608429,False,{},{},0.0945034300093539,False,False,8132
G1_73100_1e-04,139,2,15715,44,0.10735035687685013,0.14098897576332092,False,{},{},0.10012011000071652,False,False,8132
G1_73100_1e-04,140,2,8018,26,0.146561861038208,0.34840473532676697,False,{},{},0.09436329902382568,False,False,8132
G1_73100_1e-04,141,2,8021,29,0.150729238986969,0.24410462379455566,False,{},{},0.09327622197452001,False,False,8132
G1_73100_1e-04,142,2,345,9,0.5005189180374146,0.6799167990684509,False,{},{},0.09780513501027599,False,False,8132
G1_73100_1e-04,143,2,15734,63,0.4694632887840271,0.7435897588729858,False,{},{},0.09411345201078802,False,False,8132
G1_73100_1e-04,144,2,8028,36,0.10929699242115021,0.6664319634437561,False,{},{},0.09903603300335817,False,False,8132
G1_73100_1e-04,145,2,347,11,0.5181195139884949,1.1413851976394653,True,{},{},0.09679209100431763,False,False,8132
G1_73100_1e-04,146,2,8025,33,0.1452687680721283,0.26415398716926575,False,{},{},0.09546539900475182,False,False,8132
G1_73100_1e-04,147,2,349,13,0.3414101004600525,0.9442250728607178,False,{},{},0.09313332400051877,False,False,8132
G1_73100_1e-04,148,2,15722,51,0.18079927563667297,0.33645403385162354,False,{},{},0.09671759398770519,False,False,8132
G1_73100_1e-04,149,2,344,8,0.4757164716720581,0.8771122694015503,False,{},{},0.09707565797725692,False,False,8132
G1_73100_1e-04,150,2,15733,62,0.39544031023979187,1.0594327449798584,True,{},{},0.09689763499773107,False,False,8132
G1_73100_1e-04,151,2,15713,42,0.09274959564208984,0.7691993713378906,False,{},{},0.09794910499476828,False,False,8132
G1_73100_1e-04,152,2,15732,61,0.3655504584312439,1.0777254104614258,True,{},{},0.09657869901275262,False,False,8132
G1_73100_1e-04,153,2,348,12,0.48172879219055176,0.9316825866699219,False,{},{},0.1069379250111524,False,False,8132
G1_73100_1e-04,154,2,352,16,0.3324119448661804,1.4432861804962158,True,{},{},0.09557236600085162,False,False,8132
G1_73100_1e-04,155,2,15721,50,0.16010570526123047,0.3417229652404785,False,{},{},0.09596149099525064,False,False,8132
G1_73100_1e-04,156,2,15725,54,0.20581534504890442,0.4278212785720825,False,{},{},0.09448534800321795,False,False,8132
G1_73100_1e-04,157,2,15723,52,0.18151843547821045,0.32857459783554077,False,{},{},0.09450621801079251,False,False,8132
G1_73100_1e-04,158,2,337,1,0.4781021475791931,2.0882246494293213,True,{},{},0.10366249698563479,False,False,8132
G1_73100_1e-04,159,2,340,4,0.4418492615222931,1.2100155353546143,True,{},{},0.09530187098425813,False,False,8132
G1_73100_1e-04,160,2,8022,30,0.1474515050649643,0.3148885667324066,False,{},{},0.09798344201408327,False,False,8132
G1_73100_1e-04,161,2,15717,46,0.1278676688671112,0.8449499011039734,False,{},{},0.09876842598896474,False,False,8132
G1_73100_1e-04,162,2,351,15,0.3171975016593933,1.1038399934768677,True,{},{},0.09659966197796166,False,False,8132
G1_73100_1e-04,163,2,8016,24,0.13668420910835266,0.3298912048339844,False,{},{},0.09803632600232959,False,False,8132
G1_73100_1e-04,164,2,358,22,0.3464183807373047,1.3386642932891846,True,{},{},0.09581180399982259,False,False,8132
G1_73100_1e-04,165,2,15720,49,0.14578697085380554,0.48716405034065247,False,{},{},0.09829556901240721,False,False,8132
G1_73100_1e-04,166,2,357,21,0.3209964632987976,1.4299603700637817,True,{},{},0.09689338100724854,False,False,8132
G1_73100_1e-04,167,2,15712,41,0.05112919956445694,0.5450061559677124,False,{},{},0.10130627098260447,False,False,8132
G1_73100_1e-04,168,2,15727,56,0.22537949681282043,1.6519087553024292,True,{},{},0.0973006610001903,False,False,8132
G1_73100_1e-04,169,2,339,3,0.46509304642677307,1.7225955724716187,True,{},{},0.10687469199183397,False,False,8132
G1_73100_1e-04,170,2,346,10,0.45926278829574585,0.9645324349403381,False,{},{},0.09506144697661512,False,False,8132
G1_73100_1e-04,171,2,8023,31,0.1394764482975006,0.27678313851356506,False,{},{},0.09459918600623496,False,False,8132
G1_73100_1e-04,172,2,8031,39,0.0835612416267395,0.4010297954082489,False,{},{},0.10039434497593902,False,False,8132
G1_73100_1e-04,173,2,354,18,0.32496994733810425,1.6049511432647705,True,{},{},0.09467323499848135,False,False,8132
G1_73100_1e-04,174,2,336,0,0.45961669087409973,1.5134629011154175,True,{},{},0.09777453701826744,False,False,8132
G1_73100_1e-04,175,2,15724,53,0.1690470576286316,0.8273953795433044,False,{},{},0.09816418800619431,False,False,8132
G1_73100_1e-04,176,2,341,5,0.4207664728164673,1.1371592283248901,True,{},{},0.10056890200939961,False,False,8132
G1_73100_1e-04,177,2,15728,57,0.2177504152059555,1.1470065116882324,True,{},{},0.10044098400976509,False,False,8132
G1_73100_1e-04,178,2,8019,27,0.13752226531505585,0.7623158097267151,False,{},{},0.09804973399150185,False,False,8132
G1_73100_1e-04,179,2,350,14,0.2848728895187378,1.0728803873062134,True,{},{},0.0983809549943544,False,False,8132
G1_73100_1e-04,180,2,342,6,0.4263693690299988,0.9611656665802002,False,{},{},0.09663029297371395,False,False,8132
G1_73100_1e-04,181,2,8029,37,0.08284321427345276,1.1503938436508179,True,{},{},0.09917608698015101,False,False,8132
G1_73100_1e-04,182,2,8026,34,0.13042330741882324,0.46189484000205994,False,{},{},0.09564549100468867,False,False,8132
G1_73100_1e-04,183,2,15730,59,0.2514355778694153,2.7457714080810547,True,{},{},0.09881067700916901,False,False,8132
G1_73100_1e-04,184,2,15726,55,0.15545709431171417,1.9465410709381104,True,{},{},0.09989456599578261,False,False,8132
G1_73100_1e-04,185,2,15716,45,0.11153437197208405,1.2656699419021606,True,{},{},0.09959199500735849,False,False,8132
G1_73100_1e-04,186,2,359,23,0.3415996730327606,1.863769769668579,True,{},{},0.10327052901266143,False,False,8132
G1_73100_1e-04,187,2,343,7,0.4442318081855774,1.2084646224975586,True,{},{},0.0973927159793675,False,False,8132
G1_73100_1e-04,188,2,15711,40,0.08666735142469406,2.497519016265869,True,{},{},0.09486786101479083,False,False,8132
G1_73100_1e-04,189,2,338,2,0.41575372219085693,1.2125165462493896,True,{},{},0.09504212700994685,False,False,8132
G1_73100_1e-04,190,2,15718,47,0.12567424774169922,1.4263849258422852,True,{},{},0.09572788700461388,False,False,8132
G1_73100_1e-04,191,2,356,20,0.2652536928653717,0.940426230430603,False,{},{},0.09951878699939698,False,False,8132
G1_73100_1e-04,192,2,355,19,0.26777148246765137,1.1144392490386963,True,{},{},0.09877336700446904,False,False,8132
G1_73100_1e-04,193,3,15719,48,0.1292736530303955,0.6656472086906433,False,{},{},0.09853152901632711,False,False,8132
G1_73100_1e-04,194,3,348,12,0.41933903098106384,1.4450105428695679,True,{},{},0.09530304200598039,False,False,8132
G1_73100_1e-04,195,3,342,6,0.3962757885456085,0.8009909987449646,False,{},{},0.09933717400417663,False,False,8132
G1_73100_1e-04,196,3,8019,27,0.11794114857912064,0.4363689720630646,False,{},{},0.0984779639984481,False,False,8132
G1_73100_1e-04,197,3,350,14,0.24810412526130676,1.1476233005523682,True,{},{},0.09695300998282619,False,False,8132
G1_73100_1e-04,198,3,344,8,0.41326966881752014,0.8629263043403625,False,{},{},0.09811361599713564,False,False,8132
G1_73100_1e-04,199,3,346,10,0.4160926640033722,0.9544543027877808,False,{},{},0.09679501599748619,False,False,8132
G1_73100_1e-04,200,3,8017,25,0.13094079494476318,0.617356538772583,False,{},{},0.0997922710084822,False,False,8132
G1_73100_1e-04,201,3,15722,51,0.11125732958316803,0.8369788527488708,False,{},{},0.09898054899531417,False,False,8132
G1_73100_1e-04,202,3,8028,36,0.09173999726772308,0.7904423475265503,False,{},{},0.09582271301769651,False,False,8132
G1_73100_1e-04,203,3,8031,39,0.06624973565340042,0.5153079628944397,False,{},{},0.09621403302298859,False,False,8132
G1_73100_1e-04,204,3,15715,44,0.09700287133455276,0.8734408020973206,False,{},{},0.10038560599787161,False,False,8132
G1_73100_1e-04,205,3,15731,60,0.2025448977947235,1.6013412475585938,True,{},{},0.09857095300685614,False,False,8132
G1_73100_1e-04,206,3,357,21,0.2587483823299408,2.370455741882324,True,{},{},0.09711746399989352,False,False,8132
G1_73100_1e-04,207,3,8030,38,0.0631459653377533,0.3839673399925232,False,{},{},0.09343309301766567,False,False,8132
G1_73100_1e-04,208,3,15732,61,0.23266981542110443,4.405607223510742,True,{},{},0.09544569198624231,False,False,8132
G1_73100_1e-04,209,3,15724,53,0.07583867013454437,1.1098533868789673,True,{},{},0.09975649599800818,False,False,8132
G1_73100_1e-04,210,3,8020,28,0.12328988313674927,0.9225092530250549,False,{},{},0.09693307100678794,False,False,8132
G1_73100_1e-04,211,3,8021,29,0.12177006155252457,0.5993208885192871,False,{},{},0.09733024798333645,False,False,8132
G1_73100_1e-04,212,3,358,22,0.2584836184978485,1.0106102228164673,True,{},{},0.09733490299549885,False,False,8132
G1_73100_1e-04,213,3,15712,41,0.055093519389629364,1.0187751054763794,True,{},{},0.0965526860090904,False,False,8132
G1_73100_1e-04,214,3,8022,30,0.12751004099845886,0.49887222051620483,False,{},{},0.1043498590006493,False,False,8132
G1_73100_1e-04,215,3,15728,57,0.06176762282848358,1.0823496580123901,True,{},{},0.09559510898543522,False,False,8132
G1_73100_1e-04,216,3,337,1,0.37979304790496826,0.7602278590202332,False,{},{},0.09355593100190163,False,False,8132
G1_73100_1e-04,217,3,15723,52,0.06742073595523834,1.6297904253005981,True,{},{},0.09541275899391621,False,False,8132
G1_73100_1e-04,218,3,8026,34,0.11811256408691406,0.6148861050605774,False,{},{},0.09726112498901784,False,False,8132
G1_73100_1e-04,219,3,338,2,0.39099496603012085,0.9822603464126587,False,{},{},0.09749034600099549,False,False,8132
G1_73100_1e-04,220,3,355,19,0.22031036019325256,0.9829750061035156,False,{},{},0.0981422990153078,False,False,8132
G1_73100_1e-04,221,3,15711,40,0.039015091955661774,0.3630833923816681,False,{},{},0.0950137640174944,False,False,8132
G1_73100_1e-04,222,3,15718,47,0.11506173014640808,1.424028754234314,True,{},{},0.09406878799200058,False,False,8132
G1_73100_1e-04,223,3,340,4,0.36153626441955566,0.7279744148254395,False,{},{},0.10171575599815696,False,False,8132
G1_73100_1e-04,224,3,8029,37,0.06329147517681122,0.7781804203987122,False,{},{},0.09552368798176758,False,False,8132
G1_73100_1e-04,225,3,351,15,0.2245413362979889,0.8505820035934448,False,{},{},0.09891272502136417,False,False,8132
G1_73100_1e-04,226,3,15725,54,0.056367360055446625,1.0537768602371216,True,{},{},0.09504329800256528,False,False,8132
G1_73100_1e-04,227,3,345,9,0.39212119579315186,0.7440746426582336,False,{},{},0.09348103101365268,False,False,8132
G1_73100_1e-04,228,3,8025,33,0.11436500400304794,0.3624502420425415,False,{},{},0.10316456900909543,False,False,8132
G1_73100_1e-04,229,3,8027,35,0.10012008994817734,0.5566624402999878,False,{},{},0.09740015101851895,False,False,8132
G1_73100_1e-04,230,3,353,17,0.2115350365638733,0.9721869826316833,False,{},{},0.09633607199066319,False,False,8132
G1_73100_1e-04,231,3,15730,59,0.09775668382644653,4.171546459197998,True,{},{},0.09763987999758683,False,False,8132
G1_73100_1e-04,232,3,15717,46,0.09140999615192413,1.3683090209960938,True,{},{},0.0991246530029457,False,False,8132
G1_73100_1e-04,233,3,8023,31,0.11941490322351456,0.5608422160148621,False,{},{},0.10307797099812888,False,False,8132
G1_73100_1e-04,234,3,349,13,0.22584989666938782,1.3493437767028809,True,{},{},0.0953855800034944,False,False,8132
G1_73100_1e-04,235,3,15721,50,0.07202701270580292,3.3228368759155273,True,{},{},0.09456258302088827,False,False,8132
G1_73100_1e-04,236,3,15714,43,0.07094763219356537,0.3705759048461914,False,{},{},0.10005710698897019,False,False,8132
G1_73100_1e-04,237,3,15727,56,0.1536126434803009,9.991592407226562,True,{},{},0.1022083520074375,False,False,8132
G1_73100_1e-04,238,3,8016,24,0.11495746672153473,0.4668533205986023,False,{},{},0.09418746799929067,False,False,8132
G1_73100_1e-04,239,3,15726,55,0.06110241264104843,4.174835205078125,True,{},{},0.09415078398888,False,False,8132
G1_73100_1e-04,240,3,15729,58,0.0710623487830162,1.010105013847351,True,{},{},0.09351993398740888,False,False,8132
G1_73100_1e-04,241,3,8024,32,0.10916639864444733,0.38857752084732056,False,{},{},0.09605222300160676,False,False,8132
G1_73100_1e-04,242,3,354,18,0.210819810628891,1.0149458646774292,True,{},{},0.0986533540126402,False,False,8132
G1_73100_1e-04,243,3,15713,42,0.057213932275772095,0.302787184715271,False,{},{},0.09603717000572942,False,False,8132
G1_73100_1e-04,244,3,15733,62,0.24412886798381805,5.126416206359863,True,{},{},0.09707354099373333,False,False,8132
G1_73100_1e-04,245,3,15734,63,0.3321554958820343,4.454215049743652,True,{},{},0.09502315300051123,False,False,8132
G1_73100_1e-04,246,3,359,23,0.23703686892986298,0.9540260434150696,False,{},{},0.09735001300578006,False,False,8132
G1_73100_1e-04,247,3,343,7,0.3691590130329132,0.8363205790519714,False,{},{},0.103294166008709,False,False,8132
G1_73100_1e-04,248,3,15716,45,0.07309876382350922,0.7875314354896545,False,{},{},0.0987475450092461,False,False,8132
G1_73100_1e-04,249,3,336,0,0.40988487005233765,3.2853639125823975,True,{},{},0.09737335599493235,False,False,8132
G1_73100_1e-04,250,3,347,11,0.3723886013031006,1.1631324291229248,True,{},{},0.09502768199308775,False,False,8132
G1_73100_1e-04,251,3,15720,49,0.07115229964256287,1.115036129951477,True,{},{},0.1004895759979263,False,False,8132
G1_73100_1e-04,252,3,339,3,0.398531973361969,3.311997652053833,True,{},{},0.09482228200067766,False,False,8132
G1_73100_1e-04,253,3,356,20,0.21303385496139526,1.7934446334838867,True,{},{},0.09583397000096738,False,False,8132
G1_73100_1e-04,254,3,8018,26,0.10833799839019775,0.6155093908309937,False,{},{},0.09739294199971482,False,False,8132
G1_73100_1e-04,255,3,341,5,0.3392452895641327,0.6900805830955505,False,{},{},0.1006137439981103,False,False,8132
G1_73100_1e-04,256,3,352,16,0.1981383115053177,1.4206379652023315,True,{},{},0.10069512901827693,False,False,8132
G1_73100_1e-04,257,4,15731,60,0.17653344571590424,7.927048206329346,True,{},{},0.09706581098726019,False,False,8132
G1_73100_1e-04,258,4,15721,50,0.055953606963157654,1.4918196201324463,True,{},{},0.09720723700593226,False,False,8132
G1_73100_1e-04,259,4,351,15,0.18778786063194275,1.183098316192627,True,{},{},0.10052533500129357,False,False,8132
G1_73100_1e-04,260,4,347,11,0.3544946312904358,1.2031928300857544,True,{},{},0.10168438701657578,False,False,8132
G1_73100_1e-04,261,4,339,3,0.33678022027015686,1.1646606922149658,True,{},{},0.10029573799693026,False,False,8132
G1_73100_1e-04,262,4,15720,49,0.053666047751903534,0.7921959757804871,False,{},{},0.0979252870019991,False,False,8132
G1_73100_1e-04,263,4,358,22,0.2095673680305481,0.9988532662391663,False,{},{},0.09725817799335346,False,False,8132
G1_73100_1e-04,264,4,337,1,0.3333985209465027,0.723207950592041,False,{},{},0.09805713599780574,False,False,8132
G1_73100_1e-04,265,4,15711,40,0.04438573867082596,0.6512230634689331,False,{},{},0.09863327699713409,False,False,8132
G1_73100_1e-04,266,4,344,8,0.340425580739975,0.7530496716499329,False,{},{},0.09962649398948997,False,False,8132
G1_73100_1e-04,267,4,15733,62,0.12197144329547882,1.6821327209472656,True,{},{},0.09327416098676622,False,False,8132
G1_73100_1e-04,268,4,336,0,0.33151960372924805,0.8971191644668579,False,{},{},0.09710625201114453,False,False,8132
G1_73100_1e-04,269,4,342,6,0.3139828145503998,0.6986894607543945,False,{},{},0.11502097401535138,False,False,8132
G1_73100_1e-04,270,4,8018,26,0.09221743047237396,0.9184361100196838,False,{},{},0.10206839500460774,False,False,8132
G1_73100_1e-04,271,4,15728,57,0.05920810252428055,2.487184762954712,True,{},{},0.09514089699951,False,False,8132
G1_73100_1e-04,272,4,346,10,0.3467015027999878,1.9132155179977417,True,{},{},0.0993584279785864,False,False,8132
G1_73100_1e-04,273,4,8027,35,0.06690507382154465,0.6247888207435608,False,{},{},0.09794406802393496,False,False,8132
G1_73100_1e-04,274,4,15716,45,0.0453844778239727,0.8796477913856506,False,{},{},0.09971307698288001,False,False,8132
G1_73100_1e-04,275,4,8031,39,0.04722437262535095,0.7205895185470581,False,{},{},0.09632577298907563,False,False,8132
G1_73100_1e-04,276,4,15722,51,0.067769356071949,1.694664716720581,True,{},{},0.09956462500849739,False,False,8132
G1_73100_1e-04,277,4,15734,63,0.10462507605552673,1.186370611190796,True,{},{},0.10121795098530129,False,False,8132
G1_73100_1e-04,278,4,338,2,0.3416173458099365,2.6095588207244873,True,{},{},0.0957116009958554,False,False,8132
G1_73100_1e-04,279,4,15729,58,0.16888657212257385,11.601912498474121,True,{},{},0.10329693602398038,False,False,8132
G1_73100_1e-04,280,4,15712,41,0.03949376940727234,0.7576913833618164,False,{},{},0.10326266998890787,False,False,8132
G1_73100_1e-04,281,4,8030,38,0.04709187522530556,0.6240072250366211,False,{},{},0.10449091097689234,False,False,8132
G1_73100_1e-04,282,4,15719,48,0.049350060522556305,1.25850510597229,True,{},{},0.09641546499915421,False,False,8132
G1_73100_1e-04,283,4,343,7,0.3191589117050171,0.9927724003791809,False,{},{},0.096715455991216,False,False,8132
G1_73100_1e-04,284,4,8017,25,0.08477716147899628,1.2396410703659058,True,{},{},0.0955168490181677,False,False,8132
G1_73100_1e-04,285,4,355,19,0.18399783968925476,1.0918506383895874,True,{},{},0.10109731799457222,False,False,8132
G1_73100_1e-04,286,4,8016,24,0.0874231681227684,0.6934938430786133,False,{},{},0.09935943799791858,False,False,8132
G1_73100_1e-04,287,4,15713,42,0.04672883823513985,0.5028156042098999,False,{},{},0.09679754398530349,False,False,8132
G1_73100_1e-04,288,4,15714,43,0.04866873100399971,0.5000770688056946,False,{},{},0.10075697902357206,False,False,8132
G1_73100_1e-04,289,4,356,20,0.18384602665901184,1.123171329498291,True,{},{},0.09618200099794194,False,False,8132
G1_73100_1e-04,290,4,8026,34,0.07936540246009827,0.6991090774536133,False,{},{},0.09869208899908699,False,False,8132
G1_73100_1e-04,291,4,340,4,0.3125974237918854,0.7322701811790466,False,{},{},0.09408317098859698,False,False,8132
G1_73100_1e-04,292,4,15718,47,0.059370528906583786,2.440835952758789,True,{},{},0.09369804299785756,False,False,8132
G1_73100_1e-04,293,4,15717,46,0.062059298157691956,2.93316388130188,True,{},{},0.09991448500659317,False,False,8132
G1_73100_1e-04,294,4,15726,55,0.05527372285723686,1.18974769115448,True,{},{},0.096039905998623,False,False,8132
G1_73100_1e-04,295,4,15725,54,0.07857920974493027,2.294264316558838,True,{},{},0.09778950799955055,False,False,8132
G1_73100_1e-04,296,4,357,21,0.15050140023231506,0.766182005405426,False,{},{},0.09684611097327434,False,False,8132
G1_73100_1e-04,297,4,15732,61,0.08816885948181152,0.5621024370193481,False,{},{},0.09434142001555301,False,False,8132
G1_73100_1e-04,298,4,8024,32,0.09781062602996826,1.4755070209503174,True,{},{},0.097534430999076,False,False,8132
G1_73100_1e-04,299,4,8025,33,0.0831013172864914,0.7944058775901794,False,{},{},0.09558103501331061,False,False,8132
G1_73100_1e-04,300,4,15724,53,0.06014510244131088,1.1442936658859253,True,{},{},0.09501275501679629,False,False,8132
G1_73100_1e-04,301,4,8029,37,0.04684136435389519,0.8630812168121338,False,{},{},0.09539598898845725,False,False,8132
G1_73100_1e-04,302,4,8023,31,0.0760519802570343,0.6720069050788879,False,{},{},0.10158471600152552,False,False,8132
G1_73100_1e-04,303,4,8020,28,0.08358491957187653,0.7618416547775269,False,{},{},0.09374309101258405,False,False,8132
G1_73100_1e-04,304,4,8019,27,0.09722024202346802,0.990719199180603,False,{},{},0.09893756799283437,False,False,8132
G1_73100_1e-04,305,4,348,12,0.29620683193206787,1.9872162342071533,True,{},{},0.0940836509980727,False,False,8132
G1_73100_1e-04,306,4,8021,29,0.0761762261390686,0.8858016133308411,False,{},{},0.09719706900068559,False,False,8132
G1_73100_1e-04,307,4,350,14,0.16776487231254578,1.461102843284607,True,{},{},0.10216176300309598,False,False,8132
G1_73100_1e-04,308,4,345,9,0.32890892028808594,1.047181487083435,True,{},{},0.0966217209934257,False,False,8132
G1_73100_1e-04,309,4,353,17,0.14976006746292114,0.9148144125938416,False,{},{},0.10116499700234272,False,False,8132
G1_73100_1e-04,310,4,352,16,0.14712175726890564,1.248706579208374,True,{},{},0.09496567299356684,False,False,8132
G1_73100_1e-04,311,4,341,5,0.3002822995185852,1.7472457885742188,True,{},{},0.09570841200184077,False,False,8132
G1_73100_1e-04,312,4,354,18,0.13813519477844238,0.9337068200111389,False,{},{},0.10136375698493794,False,False,8132
G1_73100_1e-04,313,4,8022,30,0.07825683057308197,0.7955986857414246,False,{},{},0.09748749999562278,False,False,8132
G1_73100_1e-04,314,4,15727,56,0.03522980213165283,0.9017494320869446,False,{},{},0.09512892900966108,False,False,8132
G1_73100_1e-04,315,4,15723,52,0.05103421211242676,1.4875404834747314,True,{},{},0.09820092900190502,False,False,8132
G1_73100_1e-04,316,4,8028,36,0.03437400609254837,0.36798664927482605,False,{},{},0.09675455701653846,False,False,8132
G1_73100_1e-04,317,4,15730,59,0.12490296363830566,6.485223770141602,True,{},{},0.09447369701229036,False,False,8132
G1_73100_1e-04,318,4,349,13,0.17082025110721588,1.6335002183914185,True,{},{},0.09559196801274084,False,False,8132
G1_73100_1e-04,319,4,15715,44,0.05816628411412239,0.9838787913322449,False,{},{},0.09402898899861611,False,False,8132
G1_73100_1e-04,320,4,359,23,0.17149385809898376,1.628544807434082,True,{},{},0.0983999999880325,False,False,8132
G1_73100_1e-04,321,5,356,20,0.13757534325122833,0.9386811852455139,False,{},{},0.09731237901723944,False,False,8132
G1_73100_1e-04,322,5,8027,35,0.057813480496406555,0.9005260467529297,False,{},{},0.09962807598640211,False,False,8132
G1_73100_1e-04,323,5,8024,32,0.07211394608020782,0.6760410666465759,False,{},{},0.09648301100241952,False,False,8132
G1_73100_1e-04,324,5,345,9,0.28987812995910645,1.4462076425552368,True,{},{},0.09599245598656125,False,False,8132
G1_73100_1e-04,325,5,15728,57,0.10726065188646317,6.599112510681152,True,{},{},0.09984200799954124,False,False,8132
G1_73100_1e-04,326,5,15717,46,0.04533051326870918,1.2237799167633057,True,{},{},0.10094137201667763,False,False,8132
G1_73100_1e-04,327,5,15714,43,0.04072371870279312,0.43889570236206055,False,{},{},0.09505626102327369,False,False,8132
G1_73100_1e-04,328,5,15719,48,0.039361536502838135,0.4929017424583435,False,{},{},0.09603671700460836,False,False,8132
G1_73100_1e-04,329,5,15718,47,0.04139310121536255,0.7314707040786743,False,{},{},0.0926639259851072,False,False,8132
G1_73100_1e-04,330,5,8022,30,0.05755436420440674,0.494807630777359,False,{},{},0.10038469301071018,False,False,8132
G1_73100_1e-04,331,5,15716,45,0.03523422032594681,0.4611653983592987,False,{},{},0.09810758399544284,False,False,8132
G1_73100_1e-04,332,5,8019,27,0.06199103221297264,0.49161630868911743,False,{},{},0.09715904001495801,False,False,8132
G1_73100_1e-04,333,5,15724,53,0.06809893250465393,4.040591239929199,True,{},{},0.09877007198520005,False,False,8132
G1_73100_1e-04,334,5,8029,37,0.038216542452573776,0.6718704104423523,False,{},{},0.094432751997374,False,False,8132
G1_73100_1e-04,335,5,8026,34,0.068208247423172,1.1773567199707031,True,{},{},0.10198714799480513,False,False,8132
G1_73100_1e-04,336,5,8018,26,0.06062851473689079,0.4848231375217438,False,{},{},0.09747857699403539,False,False,8132
G1_73100_1e-04,337,5,357,21,0.11175128072500229,1.0604325532913208,True,{},{},0.09537170999101363,False,False,8132
G1_73100_1e-04,338,5,8021,29,0.05901675671339035,1.186184048652649,True,{},{},0.09693659300683066,False,False,8132
G1_73100_1e-04,339,5,15732,61,0.12676090002059937,3.3578248023986816,True,{},{},0.09878489500260912,False,False,8132
G1_73100_1e-04,340,5,8025,33,0.05186091363430023,0.7880941033363342,False,{},{},0.0993934579892084,False,False,8132
G1_73100_1e-04,341,5,355,19,0.1043715626001358,1.3459868431091309,True,{},{},0.09836145001463592,False,False,8132
G1_73100_1e-04,342,5,349,13,0.12611722946166992,1.3752714395523071,True,{},{},0.09695832800935023,False,False,8132
G1_73100_1e-04,343,5,340,4,0.2288467288017273,3.0785810947418213,True,{},{},0.10175074799917638,False,False,8132
G1_73100_1e-04,344,5,342,6,0.21545766294002533,2.264409303665161,True,{},{},0.10257895701215602,False,False,8132
G1_73100_1e-04,345,5,359,23,0.11934752762317657,1.3267667293548584,True,{},{},0.09689348601386882,False,False,8132
G1_73100_1e-04,346,5,15727,56,0.031215962022542953,0.4483211636543274,False,{},{},0.09933490797993727,False,False,8132
G1_73100_1e-04,347,5,15721,50,0.04816112294793129,1.412887692451477,True,{},{},0.1026258879865054,False,False,8132
G1_73100_1e-04,348,5,352,16,0.09748393297195435,1.4427781105041504,True,{},{},0.09650852900813334,False,False,8132
G1_73100_1e-04,349,5,337,1,0.21309912204742432,3.2111077308654785,True,{},{},0.10437361398362555,False,False,8132
G1_73100_1e-04,350,5,341,5,0.09889601171016693,1.6753095388412476,True,{},{},0.09472866400028579,False,False,8132
G1_73100_1e-04,351,5,15712,41,0.03662409260869026,0.7453582882881165,False,{},{},0.0957476610201411,False,False,8132
G1_73100_1e-04,352,5,8016,24,0.055300235748291016,0.4825376868247986,False,{},{},0.09641531499801204,False,False,8132
G1_73100_1e-04,353,5,8028,36,0.04207521304488182,1.3676377534866333,True,{},{},0.09398166599567048,False,False,8132
G1_73100_1e-04,354,5,8030,38,0.03690795227885246,0.6601994633674622,False,{},{},0.09718799198162742,False,False,8132
G1_73100_1e-04,355,5,8020,28,0.05394767224788666,0.688313901424408,False,{},{},0.09542381498613395,False,False,8132
G1_73100_1e-04,356,5,336,0,0.18603089451789856,3.0881643295288086,True,{},{},0.09901859099045396,False,False,8132
G1_73100_1e-04,357,5,15723,52,0.07600249350070953,3.8498430252075195,True,{},{},0.09877522100578062,False,False,8132
G1_73100_1e-04,358,5,15725,54,0.03954768553376198,0.5922694206237793,False,{},{},0.10084545801510103,False,False,8132
G1_73100_1e-04,359,5,8017,25,0.046040236949920654,0.48139703273773193,False,{},{},0.09672900699661113,False,False,8132
G1_73100_1e-04,360,5,343,7,0.12019554525613785,2.38611102104187,True,{},{},0.09728492598515004,False,False,8132
G1_73100_1e-04,361,5,351,15,0.10932235419750214,1.2726441621780396,True,{},{},0.09545768599491566,False,False,8132
G1_73100_1e-04,362,5,350,14,0.11809007078409195,2.052086353302002,True,{},{},0.09565603401279077,False,False,8132
G1_73100_1e-04,363,5,15720,49,0.04203254356980324,0.6479978561401367,False,{},{},0.10227202097303234,False,False,8132
G1_73100_1e-04,364,5,8023,31,0.043105725198984146,0.4534984827041626,False,{},{},0.09567921899724752,False,False,8132
G1_73100_1e-04,365,5,15729,58,0.05557990446686745,1.659360408782959,True,{},{},0.09806489199399948,False,False,8132
G1_73100_1e-04,366,5,15713,42,0.034797824919223785,0.3277026116847992,False,{},{},0.09760626999195665,False,False,8132
G1_73100_1e-04,367,5,344,8,0.13306403160095215,2.749202251434326,True,{},{},0.09956655200221576,False,False,8132
G1_73100_1e-04,368,5,15722,51,0.04357512295246124,1.7343354225158691,True,{},{},0.09964518301421776,False,False,8132
G1_73100_1e-04,369,5,347,11,0.1849985420703888,4.36751651763916,True,{},{},0.09595020100823604,False,False,8132
G1_73100_1e-04,370,5,338,2,0.2361292839050293,7.713752746582031,True,{},{},0.09616850898601115,False,False,8132
G1_73100_1e-04,371,5,15711,40,0.027586866170167923,0.379362553358078,False,{},{},0.09983852299046703,False,False,8132
G1_73100_1e-04,372,5,353,17,0.10060106217861176,1.7667230367660522,True,{},{},0.0990709520119708,False,False,8132
G1_73100_1e-04,373,5,15715,44,0.034874267876148224,0.8272837996482849,False,{},{},0.09871516999555752,False,False,8132
G1_73100_1e-04,374,5,15734,63,0.16427692770957947,3.8553526401519775,True,{},{},0.09702986298361793,False,False,8132
G1_73100_1e-04,375,5,358,22,0.11153270304203033,1.370714783668518,True,{},{},0.09804774800431915,False,False,8132
G1_73100_1e-04,376,5,354,18,0.08037561178207397,1.0803990364074707,True,{},{},0.10044664199813269,False,False,8132
G1_73100_1e-04,377,5,8031,39,0.03749696537852287,0.638281524181366,False,{},{},0.10235346300760284,False,False,8132
G1_73100_1e-04,378,5,15730,59,0.0535275936126709,0.6641302704811096,False,{},{},0.09773651699651964,False,False,8132
G1_73100_1e-04,379,5,15731,60,0.07911302149295807,0.6621817946434021,False,{},{},0.09657165501266718,False,False,8132
G1_73100_1e-04,380,5,346,10,0.15307295322418213,3.3916311264038086,True,{},{},0.0960851399868261,False,False,8132
G1_73100_1e-04,381,5,15726,55,0.03254125267267227,0.838081955909729,False,{},{},0.09923213298316114,False,False,8132
G1_73100_1e-04,382,5,348,12,0.14206720888614655,2.561891555786133,True,{},{},0.09892738200142048,False,False,8132
G1_73100_1e-04,383,5,15733,62,0.08330640941858292,0.7374444007873535,False,{},{},0.09401344301295467,False,False,8132
G1_73100_1e-04,384,5,339,3,0.108668252825737,1.595205307006836,True,{},{},0.09993770101573318,False,False,8132
G1_73100_1e-04,385,6,8017,25,0.04146645590662956,0.5293853282928467,False,{},{},0.09864801599178463,False,False,8132
G1_73100_1e-04,386,6,15717,46,0.031439922749996185,0.4698694348335266,False,{},{},0.09998529200674966,False,False,8132
G1_73100_1e-04,387,6,337,1,0.10943224281072617,1.8394843339920044,True,{},{},0.0959906600182876,False,False,8132
G1_73100_1e-04,388,6,8030,38,0.030881021171808243,0.5181025862693787,False,{},{},0.09903951201704331,False,False,8132
G1_73100_1e-04,389,6,353,17,0.07459595799446106,1.1204519271850586,True,{},{},0.10128628800157458,False,False,8132
G1_73100_1e-04,390,6,15722,51,0.0603807270526886,1.9764617681503296,True,{},{},0.09851380198961124,False,False,8132
G1_73100_1e-04,391,6,344,8,0.10213238000869751,1.9841605424880981,True,{},{},0.09660301599069498,False,False,8132
G1_73100_1e-04,392,6,8021,29,0.04941660538315773,1.1225885152816772,True,{},{},0.09689340001204982,False,False,8132
G1_73100_1e-04,393,6,15714,43,0.037465400993824005,0.5231223106384277,False,{},{},0.09469153900863603,False,False,8132
G1_73100_1e-04,394,6,15719,48,0.03320997208356857,0.9082415699958801,False,{},{},0.09986789798131213,False,False,8132
G1_73100_1e-04,395,6,357,21,0.06614399701356888,0.9528264403343201,False,{},{},0.10178386699408293,False,False,8132
G1_73100_1e-04,396,6,348,12,0.11174869537353516,3.008653163909912,True,{},{},0.0937267069821246,False,False,8132
G1_73100_1e-04,397,6,354,18,0.062050849199295044,0.7938294410705566,False,{},{},0.09987076898687519,False,False,8132
G1_73100_1e-04,398,6,8022,30,0.03668530285358429,0.7078899145126343,False,{},{},0.09707731800153852,False,False,8132
G1_73100_1e-04,399,6,355,19,0.0689314529299736,0.8401891589164734,False,{},{},0.09575554999173619,False,False,8132
G1_73100_1e-04,400,6,15718,47,0.028285827487707138,0.3996339440345764,False,{},{},0.10196037599234842,False,False,8132
G1_73100_1e-04,401,6,15729,58,0.038903579115867615,1.106519103050232,True,{},{},0.09645226600696333,False,False,8132
G1_73100_1e-04,402,6,15726,55,0.04008287191390991,1.5441869497299194,True,{},{},0.0983812710037455,False,False,8132
G1_73100_1e-04,403,6,15716,45,0.03318282961845398,1.3282601833343506,True,{},{},0.09836891898885369,False,False,8132
G1_73100_1e-04,404,6,15727,56,0.02312341332435608,0.3718443214893341,False,{},{},0.09725928699481301,False,False,8132
G1_73100_1e-04,405,6,359,23,0.08209504932165146,1.035453200340271,True,{},{},0.09855145099572837,False,False,8132
G1_73100_1e-04,406,6,8031,39,0.025930747389793396,0.5121695399284363,False,{},{},0.09531945301569067,False,False,8132
G1_73100_1e-04,407,6,8026,34,0.07564936578273773,1.895420789718628,True,{},{},0.0985256309795659,False,False,8132
G1_73100_1e-04,408,6,8028,36,0.037974074482917786,0.5687224864959717,False,{},{},0.09962527500465512,False,False,8132
G1_73100_1e-04,409,6,358,22,0.07036515325307846,0.6273455023765564,False,{},{},0.10090917101479135,False,False,8132
G1_73100_1e-04,410,6,8025,33,0.053453993052244186,1.4185075759887695,True,{},{},0.09636899598990567,False,False,8132
G1_73100_1e-04,411,6,15725,54,0.03036036342382431,0.4771521985530853,False,{},{},0.0964918179961387,False,False,8132
G1_73100_1e-04,412,6,351,15,0.08604328334331512,1.4374871253967285,True,{},{},0.09583310299785808,False,False,8132
G1_73100_1e-04,413,6,340,4,0.08413219451904297,1.6147245168685913,True,{},{},0.09674674601410516,False,False,8132
G1_73100_1e-04,414,6,338,2,0.09021563082933426,1.3598319292068481,True,{},{},0.09896708399173804,False,False,8132
G1_73100_1e-04,415,6,15712,41,0.022192828357219696,0.3447379171848297,False,{},{},0.09366036299616098,False,False,8132
G1_73100_1e-04,416,6,350,14,0.08197757601737976,1.2962186336517334,True,{},{},0.1010481389821507,False,False,8132
G1_73100_1e-04,417,6,8029,37,0.01960817724466324,0.33651742339134216,False,{},{},0.09667640898260288,False,False,8132
G1_73100_1e-04,418,6,346,10,0.11151190847158432,2.750535488128662,True,{},{},0.09972778800874949,False,False,8132
G1_73100_1e-04,419,6,345,9,0.0845593586564064,1.3413087129592896,True,{},{},0.099125971988542,False,False,8132
G1_73100_1e-04,420,6,339,3,0.08144181966781616,1.9740668535232544,True,{},{},0.09797695200541057,False,False,8132
G1_73100_1e-04,421,6,15715,44,0.025270532816648483,0.2911294996738434,False,{},{},0.1022762339853216,False,False,8132
G1_73100_1e-04,422,6,15730,59,0.06856594979763031,3.9273314476013184,True,{},{},0.09962424100376666,False,False,8132
G1_73100_1e-04,423,6,8020,28,0.04559990018606186,0.7402217984199524,False,{},{},0.1020184259978123,False,False,8132
G1_73100_1e-04,424,6,356,20,0.07054972648620605,1.0010950565338135,True,{},{},0.09774349999497645,False,False,8132
G1_73100_1e-04,425,6,349,13,0.09937451779842377,1.512060523033142,True,{},{},0.09884839499136433,False,False,8132
G1_73100_1e-04,426,6,15720,49,0.031626857817173004,0.6279186010360718,False,{},{},0.09922447998542339,False,False,8132
G1_73100_1e-04,427,6,15723,52,0.04602910578250885,1.261137843132019,True,{},{},0.09593005801434629,False,False,8132
G1_73100_1e-04,428,6,15711,40,0.020633036270737648,0.25266849994659424,False,{},{},0.09943784901406616,False,False,8132
G1_73100_1e-04,429,6,8023,31,0.04584678262472153,0.6261037588119507,False,{},{},0.09617079998133704,False,False,8132
G1_73100_1e-04,430,6,8016,24,0.05063740164041519,1.0028842687606812,True,{},{},0.09589825200964697,False,False,8132
G1_73100_1e-04,431,6,15713,42,0.025673972442746162,0.34310224652290344,False,{},{},0.09482290400774218,False,False,8132
G1_73100_1e-04,432,6,15724,53,0.028980020433664322,0.3564506769180298,False,{},{},0.09964266000315547,False,False,8132
G1_73100_1e-04,433,6,15731,60,0.06396137177944183,0.6086323857307434,False,{},{},0.09709247198770754,False,False,8132
G1_73100_1e-04,434,6,347,11,0.11535516381263733,2.4752376079559326,True,{},{},0.09614485100610182,False,False,8132
G1_73100_1e-04,435,6,8027,35,0.04073679447174072,0.7693426609039307,False,{},{},0.09942468299414031,False,False,8132
G1_73100_1e-04,436,6,8018,26,0.08709979057312012,3.2255451679229736,True,{},{},0.09450928500154987,False,False,8132
G1_73100_1e-04,437,6,341,5,0.09586824476718903,3.07450532913208,True,{},{},0.10690982901724055,False,False,8132
G1_73100_1e-04,438,6,336,0,0.14290045201778412,3.6997692584991455,True,{},{},0.09466910400078632,False,False,8132
G1_73100_1e-04,439,6,15728,57,0.05678188055753708,3.097918748855591,True,{},{},0.09561598399886861,False,False,8132
G1_73100_1e-04,440,6,15733,62,0.0707818865776062,0.6118263006210327,False,{},{},0.09838812900125049,False,False,8132
G1_73100_1e-04,441,6,15734,63,0.0851806104183197,1.9503499269485474,True,{},{},0.09347487997729331,False,False,8132
G1_73100_1e-04,442,6,15732,61,0.06607874482870102,0.3988935351371765,False,{},{},0.1003099069930613,False,False,8132
G1_73100_1e-04,443,6,342,6,0.07602287828922272,1.7257862091064453,True,{},{},0.09742363099940121,False,False,8132
G1_73100_1e-04,444,6,15721,50,0.034887198358774185,1.3539985418319702,True,{},{},0.09998979899683036,False,False,8132
G1_73100_1e-04,445,6,343,7,0.0714595764875412,1.3355371952056885,True,{},{},0.10133090999443084,False,False,8132
G1_73100_1e-04,446,6,8024,32,0.04549812152981758,0.5806915760040283,False,{},{},0.09625960901030339,False,False,8132
G1_73100_1e-04,447,6,8019,27,0.040097229182720184,0.5696530938148499,False,{},{},0.10216005699476227,False,False,8132
G1_73100_1e-04,448,6,352,16,0.08985555171966553,1.591150164604187,True,{},{},0.1010611510137096,False,False,8132
G1_73100_1e-04,449,7,15725,54,0.03759271278977394,1.3587843179702759,True,{},{},0.09536820702487603,False,False,8132
G1_73100_1e-04,450,7,15728,57,0.03902352601289749,1.4910962581634521,True,{},{},0.10147503900225274,False,False,8132
G1_73100_1e-04,451,7,8025,33,0.0365629680454731,0.5169330835342407,False,{},{},0.10259858801146038,False,False,8132
G1_73100_1e-04,452,7,15733,62,0.06619846075773239,0.619655191898346,False,{},{},0.10501349699916318,False,False,8132
G1_73100_1e-04,453,7,340,4,0.10774268209934235,2.403780460357666,True,{},{},0.09938600898021832,False,False,8132
G1_73100_1e-04,454,7,352,16,0.05687585473060608,0.8444807529449463,False,{},{},0.09773248099372722,False,False,8132
G1_73100_1e-04,455,7,337,1,0.08178204298019409,1.8256486654281616,True,{},{},0.10014609800418839,False,False,8132
G1_73100_1e-04,456,7,341,5,0.06683039665222168,1.3742425441741943,True,{},{},0.09800737100886181,False,False,8132
G1_73100_1e-04,457,7,8023,31,0.06374018639326096,2.706291913986206,True,{},{},0.09565417800331488,False,False,8132
G1_73100_1e-04,458,7,15729,58,0.10633432865142822,5.630518913269043,True,{},{},0.09785239401389845,False,False,8132
G1_73100_1e-04,459,7,338,2,0.07127542793750763,0.9211684465408325,False,{},{},0.09453961599501781,False,False,8132
G1_73100_1e-04,460,7,15717,46,0.08878719806671143,5.568817138671875,True,{},{},0.10054809198481962,False,False,8132
G1_73100_1e-04,461,7,15722,51,0.13176003098487854,7.16304349899292,True,{},{},0.10006047401111573,False,False,8132
G1_73100_1e-04,462,7,8018,26,0.036272332072257996,0.4930725693702698,False,{},{},0.1036498150206171,False,False,8132
G1_73100_1e-04,463,7,15716,45,0.02613050676882267,0.7228795886039734,False,{},{},0.09464098099851981,False,False,8132
G1_73100_1e-04,464,7,351,15,0.07692956179380417,1.3149850368499756,True,{},{},0.09453549000318162,False,False,8132
G1_73100_1e-04,465,7,8026,34,0.0329475924372673,0.4418032467365265,False,{},{},0.10183086400502361,False,False,8132
G1_73100_1e-04,466,7,8020,28,0.03145444765686989,0.31696099042892456,False,{},{},0.09737413900438696,False,False,8132
G1_73100_1e-04,467,7,8029,37,0.02211989089846611,0.3907003104686737,False,{},{},0.09970899499603547,False,False,8132
G1_73100_1e-04,468,7,357,21,0.06575209647417068,1.0572561025619507,True,{},{},0.09829370101215318,False,False,8132
G1_73100_1e-04,469,7,8031,39,0.021577727049589157,0.18110224604606628,False,{},{},0.10101575299631804,False,False,8132
G1_73100_1e-04,470,7,15714,43,0.04159645363688469,0.49418437480926514,False,{},{},0.09726917199441232,False,False,8132
G1_73100_1e-04,471,7,349,13,0.08966067433357239,1.5413615703582764,True,{},{},0.09520410301047377,False,False,8132
G1_73100_1e-04,472,7,339,3,0.09716519713401794,1.251592755317688,True,{},{},0.09661430498817936,False,False,8132
G1_73100_1e-04,473,7,15712,41,0.017381958663463593,0.1943744570016861,False,{},{},0.10428286099340767,False,False,8132
G1_73100_1e-04,474,7,15724,53,0.1015307679772377,2.8485701084136963,True,{},{},0.10476535902125761,False,False,8130
G1_73100_1e-04,475,7,358,22,0.07153566926717758,1.2579296827316284,True,{},{},0.09737067102105357,False,False,8130
G1_73100_1e-04,476,7,15732,61,0.10012975335121155,1.8414356708526611,True,{},{},0.09510508700623177,False,False,8130
G1_73100_1e-04,477,7,347,11,0.08357957005500793,1.5309396982192993,True,{},{},0.09746020199963823,False,False,8130
G1_73100_1e-04,478,7,8028,36,0.020405545830726624,0.21543914079666138,False,{},{},0.09257670500664972,False,False,8130
G1_73100_1e-04,479,7,15721,50,0.053628891706466675,1.2564557790756226,True,{},{},0.09984530601650476,False,False,8130
G1_73100_1e-04,480,7,342,6,0.07805247604846954,1.9097076654434204,True,{},{},0.09583035597461276,False,False,8130
G1_73100_1e-04,481,7,15731,60,0.06363050639629364,0.6398962736129761,False,{},{},0.09557894399040379,False,False,8130
G1_73100_1e-04,482,7,15734,63,0.07338953018188477,1.0242109298706055,True,{},{},0.09724533799453638,False,False,8130
G1_73100_1e-04,483,7,8016,24,0.03351768106222153,0.4896819591522217,False,{},{},0.09918355400441214,False,False,8130
G1_73100_1e-04,484,7,8027,35,0.023281138390302658,0.22191457450389862,False,{},{},0.09464770098566078,False,False,8130
G1_73100_1e-04,485,7,355,19,0.06349268555641174,1.5777767896652222,True,{},{},0.09723777300678194,False,False,8130
G1_73100_1e-04,486,7,336,0,0.11633794009685516,3.6339166164398193,True,{},{},0.09210377701674588,False,False,8130
G1_73100_1e-04,487,7,8022,30,0.023558879271149635,0.31973257660865784,False,{},{},0.09447104798164219,False,False,8130
G1_73100_1e-04,488,7,8019,27,0.03967270627617836,0.8137197494506836,False,{},{},0.10106170500512235,False,False,8128
G1_73100_1e-04,489,7,8017,25,0.030706729739904404,0.5057064294815063,False,{},{},0.09380374301690608,False,False,8128
G1_73100_1e-04,490,7,343,7,0.05521329119801521,1.0607775449752808,True,{},{},0.09535652099293657,False,False,8128
G1_73100_1e-04,491,7,354,18,0.05552934110164642,0.9071467518806458,False,{},{},0.09232973502366804,False,False,8128
G1_73100_1e-04,492,7,15727,56,0.058647751808166504,3.27498722076416,True,{},{},0.09443783899769187,False,False,8128
G1_73100_1e-04,493,7,8024,32,0.035215992480516434,0.6008577346801758,False,{},{},0.10220896199462004,False,False,8129
G1_73100_1e-04,494,7,15715,44,0.06314828991889954,3.0901906490325928,True,{},{},0.09538860502652824,False,False,8129
G1_73100_1e-04,495,7,15711,40,0.040500447154045105,1.1298365592956543,True,{},{},0.09434391499962658,False,False,8129
G1_73100_1e-04,496,7,348,12,0.08226663619279861,1.4832504987716675,True,{},{},0.09479695299523883,False,False,8129
G1_73100_1e-04,497,7,356,20,0.05817418545484543,0.8551467061042786,False,{},{},0.09738892799941823,False,False,8129
G1_73100_1e-04,498,7,344,8,0.07171182334423065,1.1682708263397217,True,{},{},0.09845371299888939,False,False,8129
G1_73100_1e-04,499,7,353,17,0.05391073226928711,0.7578569054603577,False,{},{},0.09722183502162807,False,False,8129
G1_73100_1e-04,500,7,8021,29,0.033265791833400726,0.9789342284202576,False,{},{},0.09519525500945747,False,False,8129
G1_73100_1e-04,501,7,15720,49,0.04215749353170395,1.7386579513549805,True,{},{},0.09766180699807592,False,False,8129
G1_73100_1e-04,502,7,346,10,0.07115468382835388,1.3485397100448608,True,{},{},0.10284684700309299,False,False,8129
G1_73100_1e-04,503,7,15730,59,0.03414571285247803,0.8597107529640198,False,{},{},0.09600115599459969,False,False,8129
G1_73100_1e-04,504,7,15726,55,0.024558957666158676,1.0437102317810059,True,{},{},0.0970794609747827,False,False,8129
G1_73100_1e-04,505,7,15718,47,0.04109770059585571,1.1977732181549072,True,{},{},0.09384009899804369,False,False,8129
G1_73100_1e-04,506,7,15719,48,0.04290039837360382,1.2090011835098267,True,{},{},0.0956469009979628,False,False,8129
G1_73100_1e-04,507,7,15713,42,0.02871108427643776,0.40820521116256714,False,{},{},0.100210350996349,False,False,8129
G1_73100_1e-04,508,7,345,9,0.0733880028128624,1.6888000965118408,True,{},{},0.09736723199603148,False,False,8129
G1_73100_1e-04,509,7,350,14,0.09059565514326096,2.4870643615722656,True,{},{},0.0980916449916549,False,False,8129
G1_73100_1e-04,510,7,15723,52,0.07214054465293884,3.2769806385040283,True,{},{},0.09957573399879038,False,False,8129
G1_73100_1e-04,511,7,359,23,0.09029871225357056,1.6218854188919067,True,{},{},0.09887413599062711,False,False,8129
G1_73100_1e-04,512,7,8030,38,0.028374457731842995,0.482211709022522,False,{},{},0.10298490000423044,False,False,8129
G1_73100_3e-05,1,0,15720,49,0.20742270350456238,0.06982683390378952,False,{},{},0.113889341999311,False,False,8222
G1_73100_3e-05,2,0,15721,50,0.22323256731033325,0.06930383294820786,False,{},{},0.10495561599964276,False,False,8222
G1_73100_3e-05,3,0,15723,52,0.26239731907844543,0.07806505262851715,False,{},{},0.10401711001759395,False,False,8222
G1_73100_3e-05,4,0,8022,30,0.2148146629333496,0.18225257098674774,False,{},{},0.10370242601493374,False,False,8222
G1_73100_3e-05,5,0,340,4,0.8567888736724854,1.923877239227295,True,{},{},0.10509070902480744,False,False,8130
G1_73100_3e-05,6,0,350,14,1.0839320421218872,4.0796709060668945,True,{},{},0.10406546798185445,False,False,8130
G1_73100_3e-05,7,0,8020,28,0.2132711559534073,0.2473633587360382,False,{},{},0.09794466098537669,False,False,8130
G1_73100_3e-05,8,0,341,5,0.788493275642395,1.1313371658325195,True,{},{},0.09809090601629578,False,False,8130
G1_73100_3e-05,9,0,15717,46,0.15152008831501007,0.05990169569849968,False,{},{},0.10606225801166147,False,False,8131
G1_73100_3e-05,10,0,348,12,0.852292537689209,0.8489364981651306,False,{},{},0.10956906201317906,False,False,8131
G1_73100_3e-05,11,0,15716,45,0.12982267141342163,0.04814062640070915,False,{},{},0.09900013901642524,False,False,8131
G1_73100_3e-05,12,0,8029,37,0.18654879927635193,1.3648030757904053,True,{},{},0.13567409399547614,False,False,8131
G1_73100_3e-05,13,0,356,20,0.6232234835624695,1.4568455219268799,True,{},{},0.10016919299960136,False,False,8131
G1_73100_3e-05,14,0,8024,32,0.202333003282547,0.13542063534259796,False,{},{},0.10199304000707343,False,False,8131
G1_73100_3e-05,15,0,351,15,0.7189714908599854,2.0872535705566406,True,{},{},0.0992187449883204,False,False,8131
G1_73100_3e-05,16,0,8016,24,0.2212318480014801,0.2870793342590332,False,{},{},0.09879587800242007,False,False,8131
G1_73100_3e-05,17,0,15718,47,0.16742165386676788,0.07028637826442719,False,{},{},0.10039503697771579,False,False,8131
G1_73100_3e-05,18,0,343,7,0.9147278666496277,1.2015527486801147,True,{},{},0.09925318899331614,False,False,8131
G1_73100_3e-05,19,0,15714,43,0.0854378193616867,0.04374595731496811,False,{},{},0.09808606799924746,False,False,8131
G1_73100_3e-05,20,0,15726,55,0.31711843609809875,0.11899801343679428,False,{},{},0.10024226299719885,False,False,8131
G1_73100_3e-05,21,0,345,9,0.8097774982452393,0.6151458621025085,False,{},{},0.0965777889941819,False,False,8131
G1_73100_3e-05,22,0,336,0,0.9989548921585083,4.213841438293457,True,{},{},0.10029851100989617,False,False,8131
G1_73100_3e-05,23,0,355,19,0.5973321795463562,1.1298878192901611,True,{},{},0.10773575899656862,False,False,8130
G1_73100_3e-05,24,0,8018,26,0.20724190771579742,0.2472500056028366,False,{},{},0.09589304297696799,False,False,8130
G1_73100_3e-05,25,0,15712,41,0.03951328992843628,0.03788359835743904,False,{},{},0.09866192698245868,False,False,8130
G1_73100_3e-05,26,0,8019,27,0.2005254477262497,0.18382500112056732,False,{},{},0.09710490200086497,False,False,8130
G1_73100_3e-05,27,0,337,1,1.3351603746414185,3.642753839492798,True,{},{},0.10254154697759077,False,False,8129
G1_73100_3e-05,28,0,15724,53,0.28199779987335205,0.08996399492025375,False,{},{},0.09669207100523636,False,False,8129
G1_73100_3e-05,29,0,8017,25,0.22176304459571838,0.30683445930480957,False,{},{},0.10095710901077837,False,False,8129
G1_73100_3e-05,30,0,344,8,0.8088923692703247,0.7726076245307922,False,{},{},0.09915572201134637,False,False,8129
G1_73100_3e-05,31,0,8031,39,0.13383565843105316,0.1777380257844925,False,{},{},0.0960762619797606,False,False,8129
G1_73100_3e-05,32,0,15711,40,0.04025265574455261,0.04130653291940689,False,{},{},0.10651713798870333,False,False,8129
G1_73100_3e-05,33,0,8023,31,0.20552152395248413,0.16906748712062836,False,{},{},0.10470180498668924,False,False,8129
G1_73100_3e-05,34,0,349,13,1.1513550281524658,5.429417133331299,True,{},{},0.14735183701850474,False,False,8129
G1_73100_3e-05,35,0,346,10,0.8020123839378357,0.6806815266609192,False,{},{},0.10439271098584868,False,False,8129
G1_73100_3e-05,36,0,8030,38,0.1320350468158722,0.32312819361686707,False,{},{},0.10949116299161687,False,False,8129
G1_73100_3e-05,37,0,8025,33,0.20716938376426697,0.14918921887874603,False,{},{},0.10410162698826753,False,False,8129
G1_73100_3e-05,38,0,359,23,0.6736961603164673,2.058723211288452,True,{},{},0.09904761501820758,False,False,8129
G1_73100_3e-05,39,0,342,6,0.7991377115249634,0.9507001638412476,False,{},{},0.09985067101661116,False,False,8129
G1_73100_3e-05,40,0,339,3,0.7466851472854614,1.1591001749038696,True,{},{},0.09926092100795358,False,False,8129
G1_73100_3e-05,41,0,15733,62,0.5501639246940613,0.17212848365306854,False,{},{},0.10041331901447847,False,False,8129
G1_73100_3e-05,42,0,15725,54,0.3005341589450836,0.09733377397060394,False,{},{},0.1061071029980667,False,False,8129
G1_73100_3e-05,43,0,15731,60,0.4862377345561981,0.1419299989938736,False,{},{},0.09820629499154165,False,False,8129
G1_73100_3e-05,44,0,15727,56,0.3357778787612915,0.1422187089920044,False,{},{},0.09594774100696668,False,False,8129
G1_73100_3e-05,45,0,15728,57,0.36176979541778564,0.12396737188100815,False,{},{},0.10559136199299246,False,False,8129
G1_73100_3e-05,46,0,15713,42,0.06543787568807602,0.04076329991221428,False,{},{},0.10483308500261046,False,False,8129
G1_73100_3e-05,47,0,353,17,0.5986163020133972,2.0371789932250977,True,{},{},0.0967492230120115,False,False,8129
G1_73100_3e-05,48,0,15722,51,0.23932629823684692,0.08286841213703156,False,{},{},0.09854607700253837,False,False,8129
G1_73100_3e-05,49,0,15730,59,0.42761391401290894,0.12491746991872787,False,{},{},0.09310898001422174,False,False,8129
G1_73100_3e-05,50,0,15715,44,0.11127017438411713,0.04040898382663727,False,{},{},0.09945580901694484,False,False,8129
G1_73100_3e-05,51,0,358,22,0.5909250378608704,1.5885398387908936,True,{},{},0.0961927390017081,False,False,8129
G1_73100_3e-05,52,0,354,18,0.575697124004364,1.0229928493499756,True,{},{},0.09786683699348941,False,False,8129
G1_73100_3e-05,53,0,338,2,1.0748012065887451,4.790493011474609,True,{},{},0.10157390299718827,False,False,8129
G1_73100_3e-05,54,0,8026,34,0.18859437108039856,0.18473058938980103,False,{},{},0.10160014900611714,False,False,8129
G1_73100_3e-05,55,0,8021,29,0.20926576852798462,0.19927576184272766,False,{},{},0.09849942699656822,False,False,8129
G1_73100_3e-05,56,0,357,21,0.5311351418495178,0.7215143442153931,False,{},{},0.09525520901661366,False,False,8129
G1_73100_3e-05,57,0,352,16,0.5648772120475769,0.8338314294815063,False,{},{},0.09478816599585116,False,False,8129
G1_73100_3e-05,58,0,15729,58,0.396147757768631,0.1123957633972168,False,{},{},0.09820509600103833,False,False,8129
G1_73100_3e-05,59,0,15734,63,0.5792343616485596,0.21381883323192596,False,{},{},0.10120266801095568,False,False,8129
G1_73100_3e-05,60,0,8027,35,0.1849961131811142,0.1931561827659607,False,{},{},0.09937501899548806,False,False,8129
G1_73100_3e-05,61,0,8028,36,0.12013689428567886,0.33611759543418884,False,{},{},0.0971042720193509,False,False,8129
G1_73100_3e-05,62,0,15719,48,0.18413719534873962,0.07639457285404205,False,{},{},0.09502523700939491,False,False,8129
G1_73100_3e-05,63,0,347,11,0.7686981558799744,0.8086833953857422,False,{},{},0.09276005197898485,False,False,8129
G1_73100_3e-05,64,0,15732,61,0.5148972272872925,0.17432360351085663,False,{},{},0.10029415698954836,False,False,8129
G1_73100_3e-05,65,1,354,18,0.5425018072128296,0.9058752059936523,False,{},{},0.09436087700305507,False,False,8129
G1_73100_3e-05,66,1,345,9,0.7551971077919006,0.6700648069381714,False,{},{},0.0961627229989972,False,False,8129
G1_73100_3e-05,67,1,15734,63,0.5769166946411133,0.213288813829422,False,{},{},0.09832184200058691,False,False,8129
G1_73100_3e-05,68,1,15721,50,0.21809153258800507,0.08150314539670944,False,{},{},0.09993986401241273,False,False,8130
G1_73100_3e-05,69,1,8026,34,0.18546414375305176,0.1814393550157547,False,{},{},0.10074477700982243,False,False,8130
G1_73100_3e-05,70,1,337,1,1.019204020500183,6.264921188354492,True,{},{},0.10043658799258992,False,False,8130
G1_73100_3e-05,71,1,341,5,0.7122659087181091,1.5409661531448364,True,{},{},0.10391974801314063,False,False,8130
G1_73100_3e-05,72,1,336,0,0.7168787717819214,1.090067744255066,True,{},{},0.0977648199768737,False,False,8130
G1_73100_3e-05,73,1,15718,47,0.16435296833515167,0.0777486115694046,False,{},{},0.10317873998428695,False,False,8131
G1_73100_3e-05,74,1,8023,31,0.20299309492111206,0.18382877111434937,False,{},{},0.10182975200586952,False,False,8131
G1_73100_3e-05,75,1,8027,35,0.18180084228515625,0.18927571177482605,False,{},{},0.09646579198306426,False,False,8131
G1_73100_3e-05,76,1,348,12,0.7969239950180054,1.3156157732009888,True,{},{},0.09333318402059376,False,False,8131
G1_73100_3e-05,77,1,15726,55,0.31031468510627747,0.12339910119771957,False,{},{},0.10372286097845063,False,False,8131
G1_73100_3e-05,78,1,8021,29,0.20854489505290985,0.21515728533267975,False,{},{},0.10263553299591877,False,False,8131
G1_73100_3e-05,79,1,15725,54,0.2956734895706177,0.10734669119119644,False,{},{},0.09799086800194345,False,False,8131
G1_73100_3e-05,80,1,15730,59,0.42151620984077454,0.13781824707984924,False,{},{},0.09298080499866046,False,False,8131
G1_73100_3e-05,81,1,340,4,0.6915130615234375,0.9402073621749878,False,{},{},0.0964548490010202,False,False,8131
G1_73100_3e-05,82,1,15714,43,0.08575104176998138,0.05562365800142288,False,{},{},0.10241025002324022,False,False,8131
G1_73100_3e-05,83,1,15729,58,0.39156174659729004,0.12580858170986176,False,{},{},0.0968336799996905,False,False,8131
G1_73100_3e-05,84,1,15723,52,0.2548496723175049,0.09977107495069504,False,{},{},0.0967289480031468,False,False,8131
G1_73100_3e-05,85,1,359,23,0.5405395030975342,1.431287169456482,True,{},{},0.10001985300914384,False,False,8131
G1_73100_3e-05,86,1,15716,45,0.1274823248386383,0.05590434372425079,False,{},{},0.09775287500815466,False,False,8131
G1_73100_3e-05,87,1,357,21,0.4823530614376068,0.6280295252799988,False,{},{},0.10007630501058884,False,False,8131
G1_73100_3e-05,88,1,358,22,0.5126006603240967,1.0775697231292725,True,{},{},0.09586452599614859,False,False,8131
G1_73100_3e-05,89,1,343,7,0.8101918697357178,1.6966662406921387,True,{},{},0.09365861900732853,False,False,8131
G1_73100_3e-05,90,1,8019,27,0.19573724269866943,0.20072273910045624,False,{},{},0.09632778400555253,False,False,8131
G1_73100_3e-05,91,1,8028,36,0.11387678980827332,0.30759504437446594,False,{},{},0.10101857699919492,False,False,8130
G1_73100_3e-05,92,1,15713,42,0.066563181579113,0.055663932114839554,False,{},{},0.09600315900752321,False,False,8130
G1_73100_3e-05,93,1,15732,61,0.5069714188575745,0.18278846144676208,False,{},{},0.1001557010167744,False,False,8130
G1_73100_3e-05,94,1,8018,26,0.1979842334985733,0.2399434596300125,False,{},{},0.09886537201236933,False,False,8130
G1_73100_3e-05,95,1,8017,25,0.21123220026493073,0.3167906403541565,False,{},{},0.09778672299580649,False,False,8130
G1_73100_3e-05,96,1,15717,46,0.14752782881259918,0.07540538161993027,False,{},{},0.10255665899603628,False,False,8130
G1_73100_3e-05,97,1,15728,57,0.35320666432380676,0.13758383691310883,False,{},{},0.09662846001447178,False,False,8130
G1_73100_3e-05,98,1,339,3,0.6555603742599487,0.6109488606452942,False,{},{},0.09864412000752054,False,False,8130
G1_73100_3e-05,99,1,355,19,0.4749075174331665,0.6216344237327576,False,{},{},0.09425983400433324,False,False,8130
G1_73100_3e-05,100,1,344,8,0.7124017477035522,0.6430404782295227,False,{},{},0.09539229498477653,False,False,8130
G1_73100_3e-05,101,1,347,11,0.7207649946212769,0.7472867965698242,False,{},{},0.09650192101253197,False,False,8130
G1_73100_3e-05,102,1,350,14,0.9208736419677734,6.220761775970459,True,{},{},0.0953739570104517,False,False,8130
G1_73100_3e-05,103,1,15720,49,0.19760006666183472,0.09075555205345154,False,{},{},0.09157779399538413,False,False,8130
G1_73100_3e-05,104,1,8031,39,0.12555663287639618,0.18337498605251312,False,{},{},0.09402735199546441,False,False,8130
G1_73100_3e-05,105,1,338,2,0.8519687056541443,4.785745143890381,True,{},{},0.09797369298757985,False,False,8130
G1_73100_3e-05,106,1,351,15,0.5273932218551636,0.9960134029388428,False,{},{},0.0969212600030005,False,False,8130
G1_73100_3e-05,107,1,8025,33,0.19847255945205688,0.15782885253429413,False,{},{},0.09479944102349691,False,False,8130
G1_73100_3e-05,108,1,352,16,0.48927223682403564,0.6418119072914124,False,{},{},0.09206444502342492,False,False,8130
G1_73100_3e-05,109,1,8029,37,0.14298513531684875,0.9317362904548645,False,{},{},0.09562742500565946,False,False,8130
G1_73100_3e-05,110,1,8020,28,0.20324695110321045,0.2640588879585266,False,{},{},0.10150510197854601,False,False,8131
G1_73100_3e-05,111,1,15715,44,0.11044237017631531,0.05412791296839714,False,{},{},0.09263820800697431,False,False,8131
G1_73100_3e-05,112,1,8024,32,0.19516538083553314,0.15637381374835968,False,{},{},0.09454245900269598,False,False,8131
G1_73100_3e-05,113,1,356,20,0.42588376998901367,0.5891254544258118,False,{},{},0.09526573200128041,False,False,8131
G1_73100_3e-05,114,1,15731,60,0.47131702303886414,0.17557822167873383,False,{},{},0.09584971098229289,False,False,8131
G1_73100_3e-05,115,1,15712,41,0.04261424019932747,0.07120711356401443,False,{},{},0.09888671498629265,False,False,8131
G1_73100_3e-05,116,1,15719,48,0.17974695563316345,0.08378764986991882,False,{},{},0.0944071160047315,False,False,8131
G1_73100_3e-05,117,1,342,6,0.7120741605758667,1.4362154006958008,True,{},{},0.09521944599691778,False,False,8131
G1_73100_3e-05,118,1,15733,62,0.5321605801582336,0.20642289519309998,False,{},{},0.0952091200160794,False,False,8131
G1_73100_3e-05,119,1,8022,30,0.20250611007213593,0.2089795023202896,False,{},{},0.09842491999734193,False,False,8131
G1_73100_3e-05,120,1,15724,53,0.27104705572128296,0.11369144916534424,False,{},{},0.09950096299871802,False,False,8131
G1_73100_3e-05,121,1,353,17,0.45214322209358215,1.0047824382781982,True,{},{},0.09302198301884346,False,False,8131
G1_73100_3e-05,122,1,8016,24,0.20130473375320435,0.2955944836139679,False,{},{},0.09337960800621659,False,False,8131
G1_73100_3e-05,123,1,8030,38,0.1181238442659378,0.2527388632297516,False,{},{},0.0982843870006036,False,False,8131
G1_73100_3e-05,124,1,15722,51,0.23093166947364807,0.0993402898311615,False,{},{},0.09460438700625673,False,False,8131
G1_73100_3e-05,125,1,15711,40,0.04398968070745468,0.07635697722434998,False,{},{},0.09561333901365288,False,False,8130
G1_73100_3e-05,126,1,15727,56,0.3239560127258301,0.12796324491500854,False,{},{},0.0950207750138361,False,False,8130
G1_73100_3e-05,127,1,346,10,0.7127268314361572,0.9874920845031738,False,{},{},0.09581872599665076,False,False,8130
G1_73100_3e-05,128,1,349,13,0.8753163814544678,6.819976806640625,True,{},{},0.0958572700037621,False,False,8130
G1_73100_3e-05,129,2,353,17,0.4353514015674591,0.5971648097038269,False,{},{},0.0966594619967509,False,False,8130
G1_73100_3e-05,130,2,8027,35,0.17508283257484436,0.1973254680633545,False,{},{},0.09457596801803447,False,False,8130
G1_73100_3e-05,131,2,8017,25,0.20043689012527466,0.30545520782470703,False,{},{},0.09353476000251248,False,False,8130
G1_73100_3e-05,132,2,8020,28,0.1990223228931427,0.26369789242744446,False,{},{},0.09282858899678104,False,False,8130
G1_73100_3e-05,133,2,15729,58,0.38323330879211426,0.1462978571653366,False,{},{},0.09671067999443039,False,False,8130
G1_73100_3e-05,134,2,15719,48,0.17818397283554077,0.08387063443660736,False,{},{},0.09923878699191846,False,False,8130
G1_73100_3e-05,135,2,8024,32,0.19155094027519226,0.16440656781196594,False,{},{},0.09449478102033027,False,False,8130
G1_73100_3e-05,136,2,15731,60,0.4667624533176422,0.1811743825674057,False,{},{},0.09589508399949409,False,False,8130
G1_73100_3e-05,137,2,15714,43,0.08633940666913986,0.07329387217760086,False,{},{},0.09858311398420483,False,False,8130
G1_73100_3e-05,138,2,8030,38,0.11579009890556335,0.2459264099597931,False,{},{},0.09529790500528179,False,False,8130
G1_73100_3e-05,139,2,15715,44,0.11023713648319244,0.06421130150556564,False,{},{},0.09700859599979594,False,False,8130
G1_73100_3e-05,140,2,8018,26,0.18822459876537323,0.22111190855503082,False,{},{},0.09358227698248811,False,False,8130
G1_73100_3e-05,141,2,8021,29,0.1990191787481308,0.22979667782783508,False,{},{},0.09477096699993126,False,False,8130
G1_73100_3e-05,142,2,345,9,0.6791024208068848,0.8642309904098511,False,{},{},0.09560840800986625,False,False,8130
G1_73100_3e-05,143,2,15734,63,0.5574376583099365,0.22643215954303741,False,{},{},0.09587202899274416,False,False,8130
G1_73100_3e-05,144,2,8028,36,0.10887133330106735,0.3265136480331421,False,{},{},0.09842632699292153,False,False,8131
G1_73100_3e-05,145,2,347,11,0.6787928342819214,0.7052959203720093,False,{},{},0.09581594800692983,False,False,8131
G1_73100_3e-05,146,2,8025,33,0.19105246663093567,0.16387274861335754,False,{},{},0.0949731629807502,False,False,8131
G1_73100_3e-05,147,2,349,13,0.7060031294822693,4.676806926727295,True,{},{},0.09663320900290273,False,False,8131
G1_73100_3e-05,148,2,15722,51,0.2280750274658203,0.10839982330799103,False,{},{},0.09907598400604911,False,False,8131
G1_73100_3e-05,149,2,344,8,0.662177562713623,0.6286481618881226,False,{},{},0.09518673701677471,False,False,8131
G1_73100_3e-05,150,2,15733,62,0.5240339040756226,0.21339385211467743,False,{},{},0.09519442199962214,False,False,8131
G1_73100_3e-05,151,2,15713,42,0.0677923709154129,0.07879849523305893,False,{},{},0.09900321598979644,False,False,8131
G1_73100_3e-05,152,2,15732,61,0.4934225380420685,0.1984824687242508,False,{},{},0.09617399401031435,False,False,8131
G1_73100_3e-05,153,2,348,12,0.6870400309562683,0.9448821544647217,False,{},{},0.10766764098661952,False,False,8131
G1_73100_3e-05,154,2,352,16,0.43817925453186035,0.8566593527793884,False,{},{},0.09661956600029953,False,False,8131
G1_73100_3e-05,155,2,15721,50,0.20825354754924774,0.10541262477636337,False,{},{},0.09870709601091221,False,False,8131
G1_73100_3e-05,156,2,15725,54,0.28498002886772156,0.12566770613193512,False,{},{},0.09926093998365104,False,False,8131
G1_73100_3e-05,157,2,15723,52,0.24563553929328918,0.11434432864189148,False,{},{},0.09610156100825407,False,False,8131
G1_73100_3e-05,158,2,337,1,0.8018970489501953,5.054919719696045,True,{},{},0.10763420001603663,False,False,8131
G1_73100_3e-05,159,2,340,4,0.6095554828643799,0.765673041343689,False,{},{},0.10184575797757134,False,False,8131
G1_73100_3e-05,160,2,8022,30,0.1945686638355255,0.2044352889060974,False,{},{},0.09845545500866137,False,False,8131
G1_73100_3e-05,161,2,15717,46,0.14310932159423828,0.07808119058609009,False,{},{},0.09876135201193392,False,False,8131
G1_73100_3e-05,162,2,351,15,0.4421914517879486,0.9920122027397156,False,{},{},0.09877280899672769,False,False,8129
G1_73100_3e-05,163,2,8016,24,0.18976853787899017,0.2869839668273926,False,{},{},0.09796320999157615,False,False,8129
G1_73100_3e-05,164,2,358,22,0.4233226776123047,0.6765466332435608,False,{},{},0.09649584899307229,False,False,8129
G1_73100_3e-05,165,2,15720,49,0.19010679423809052,0.10501429438591003,False,{},{},0.09870393702294677,False,False,8129
G1_73100_3e-05,166,2,357,21,0.42106330394744873,1.226988434791565,True,{},{},0.1009660650161095,False,False,8129
G1_73100_3e-05,167,2,15712,41,0.04490097612142563,0.09951483458280563,False,{},{},0.09970697099925019,False,False,8128
G1_73100_3e-05,168,2,15727,56,0.3179125189781189,0.1416080743074417,False,{},{},0.09708956599934027,False,False,8128
G1_73100_3e-05,169,2,339,3,0.5852948427200317,0.6234516501426697,False,{},{},0.09806122997542843,False,False,8128
G1_73100_3e-05,170,2,346,10,0.6543808579444885,0.7259180545806885,False,{},{},0.09269682900048792,False,False,8128
G1_73100_3e-05,171,2,8023,31,0.1886836141347885,0.2049780637025833,False,{},{},0.09641321501112543,False,False,8128
G1_73100_3e-05,172,2,8031,39,0.11914774030447006,0.2425539493560791,False,{},{},0.10029468999709934,False,False,8129
G1_73100_3e-05,173,2,354,18,0.4127364456653595,0.748221218585968,False,{},{},0.09640579298138618,False,False,8129
G1_73100_3e-05,174,2,336,0,0.5828644037246704,0.8823539614677429,False,{},{},0.09836080798413604,False,False,8129
G1_73100_3e-05,175,2,15724,53,0.262165367603302,0.13310536742210388,False,{},{},0.09120498801348731,False,False,8129
G1_73100_3e-05,176,2,341,5,0.6221047639846802,1.1189182996749878,True,{},{},0.09663413598900661,False,False,8129
G1_73100_3e-05,177,2,15728,57,0.34166812896728516,0.14789122343063354,False,{},{},0.09684235500753857,False,False,8129
G1_73100_3e-05,178,2,8019,27,0.18373507261276245,0.2199689894914627,False,{},{},0.09721577499294654,False,False,8129
G1_73100_3e-05,179,2,350,14,0.48366057872772217,2.166696786880493,True,{},{},0.11074416001792997,False,False,8129
G1_73100_3e-05,180,2,342,6,0.6448655128479004,1.3000015020370483,True,{},{},0.09797610901296139,False,False,8129
G1_73100_3e-05,181,2,8029,37,0.1167808473110199,0.5913494825363159,False,{},{},0.10387363698100671,False,False,8125
G1_73100_3e-05,182,2,8026,34,0.16784659028053284,0.221970334649086,False,{},{},0.10261502000503242,False,False,8125
G1_73100_3e-05,183,2,15730,59,0.4026903808116913,0.1849946230649948,False,{},{},0.10118543199496344,False,False,8125
G1_73100_3e-05,184,2,15726,55,0.2959839403629303,0.1363813877105713,False,{},{},0.09980006498517469,False,False,8125
G1_73100_3e-05,185,2,15716,45,0.12379120290279388,0.07283513247966766,False,{},{},0.10043866900377907,False,False,8125
G1_73100_3e-05,186,2,359,23,0.43006524443626404,1.22426176071167,True,{},{},0.10379973001545295,False,False,8125
G1_73100_3e-05,187,2,343,7,0.6537874937057495,1.266844630241394,True,{},{},0.10260596001171507,False,False,8125
G1_73100_3e-05,188,2,15711,40,0.0471203438937664,0.11606090515851974,False,{},{},0.09779657699982636,False,False,8125
G1_73100_3e-05,189,2,338,2,0.7293381690979004,4.68639612197876,True,{},{},0.09765533500467427,False,False,8125
G1_73100_3e-05,190,2,15718,47,0.15611878037452698,0.08544811606407166,False,{},{},0.11385058000450954,False,False,8125
G1_73100_3e-05,191,2,356,20,0.3802140951156616,1.0425193309783936,True,{},{},0.13986951997503638,False,False,8125
G1_73100_3e-05,192,2,355,19,0.38924235105514526,1.0905327796936035,True,{},{},0.1013989970088005,False,False,8125
G1_73100_3e-05,193,3,15719,48,0.1731630265712738,0.09500303119421005,False,{},{},0.09635446598986164,False,False,8125
G1_73100_3e-05,194,3,348,12,0.6327021718025208,1.06183922290802,True,{},{},0.10846786899492145,False,False,8125
G1_73100_3e-05,195,3,342,6,0.6067255735397339,0.7634865045547485,False,{},{},0.10394025599816814,False,False,8125
G1_73100_3e-05,196,3,8019,27,0.18191874027252197,0.23543453216552734,False,{},{},0.09940127001027577,False,False,8125
G1_73100_3e-05,197,3,350,14,0.434934139251709,0.9717174768447876,False,{},{},0.09911709997686557,False,False,8125
G1_73100_3e-05,198,3,344,8,0.6221209764480591,0.9656820893287659,False,{},{},0.10232771400478669,False,False,8125
G1_73100_3e-05,199,3,346,10,0.618238091468811,0.810763418674469,False,{},{},0.0981428179948125,False,False,8125
G1_73100_3e-05,200,3,8017,25,0.1837405562400818,0.29819419980049133,False,{},{},0.09648765900055878,False,False,8125
G1_73100_3e-05,201,3,15722,51,0.22123350203037262,0.1212417259812355,False,{},{},0.09481123101431876,False,False,8125
G1_73100_3e-05,202,3,8028,36,0.10841461271047592,0.5218884944915771,False,{},{},0.10372775100404397,False,False,8125
G1_73100_3e-05,203,3,8031,39,0.11684957146644592,0.2895338833332062,False,{},{},0.09848156300722621,False,False,8127
G1_73100_3e-05,204,3,15715,44,0.110113725066185,0.1039295569062233,False,{},{},0.09675647798576392,False,False,8127
G1_73100_3e-05,205,3,15731,60,0.45577144622802734,0.21114765107631683,False,{},{},0.09563646800233983,False,False,8127
G1_73100_3e-05,206,3,357,21,0.37740957736968994,0.848896324634552,False,{},{},0.09561264302465133,False,False,8127
G1_73100_3e-05,207,3,8030,38,0.10889565944671631,0.2590031623840332,False,{},{},0.09967957501066849,False,False,8127
G1_73100_3e-05,208,3,15732,61,0.48223572969436646,0.22743768990039825,False,{},{},0.10100600100122392,False,False,8127
G1_73100_3e-05,209,3,15724,53,0.25795719027519226,0.14626392722129822,False,{},{},0.09685008000815287,False,False,8127
G1_73100_3e-05,210,3,8020,28,0.18365290760993958,0.26961272954940796,False,{},{},0.09431466902606189,False,False,8127
G1_73100_3e-05,211,3,8021,29,0.18599733710289001,0.2588609457015991,False,{},{},0.0950293350033462,False,False,8127
G1_73100_3e-05,212,3,358,22,0.3844011127948761,0.8087033629417419,False,{},{},0.09445027098990977,False,False,8127
G1_73100_3e-05,213,3,15712,41,0.04649825394153595,0.12318210303783417,False,{},{},0.1034918499935884,False,False,8128
G1_73100_3e-05,214,3,8022,30,0.18503691256046295,0.21418987214565277,False,{},{},0.09341927600326017,False,False,8128
G1_73100_3e-05,215,3,15728,57,0.3384335935115814,0.15922397375106812,False,{},{},0.09594481400563382,False,False,8128
G1_73100_3e-05,216,3,337,1,0.6502947807312012,3.2175943851470947,True,{},{},0.09985021202010103,False,False,8128
G1_73100_3e-05,217,3,15723,52,0.2383778691291809,0.13289958238601685,False,{},{},0.09736084699397907,False,False,8128
G1_73100_3e-05,218,3,8026,34,0.16342221200466156,0.23341409862041473,False,{},{},0.09837383998092264,False,False,8128
G1_73100_3e-05,219,3,338,2,0.6084014177322388,1.373085856437683,True,{},{},0.09630136500345543,False,False,8128
G1_73100_3e-05,220,3,355,19,0.3568466901779175,0.8890320658683777,False,{},{},0.09340480499668047,False,False,8128
G1_73100_3e-05,221,3,15711,40,0.04674798250198364,0.12680211663246155,False,{},{},0.10356949100969359,False,False,8128
G1_73100_3e-05,222,3,15718,47,0.15451081097126007,0.10013415664434433,False,{},{},0.10263201600173488,False,False,8129
G1_73100_3e-05,223,3,340,4,0.5592666864395142,0.9994834065437317,False,{},{},0.09783567499835044,False,False,8129
G1_73100_3e-05,224,3,8029,37,0.10156285762786865,0.4459213614463806,False,{},{},0.09890360198915005,False,False,8129
G1_73100_3e-05,225,3,351,15,0.38262835144996643,1.4132080078125,True,{},{},0.09739988800720312,False,False,8129
G1_73100_3e-05,226,3,15725,54,0.27639102935791016,0.15220299363136292,False,{},{},0.10475491799297743,False,False,8129
G1_73100_3e-05,227,3,345,9,0.5876544713973999,0.736847460269928,False,{},{},0.10338782300823368,False,False,8132
G1_73100_3e-05,228,3,8025,33,0.18021288514137268,0.191475972533226,False,{},{},0.09436495500267483,False,False,8132
G1_73100_3e-05,229,3,8027,35,0.16986244916915894,0.33674269914627075,False,{},{},0.0986914399836678,False,False,8132
G1_73100_3e-05,230,3,353,17,0.374497652053833,1.8418605327606201,True,{},{},0.09784857701743022,False,False,8132
G1_73100_3e-05,231,3,15730,59,0.3977380096912384,0.21202361583709717,False,{},{},0.09816698200302199,False,False,8132
G1_73100_3e-05,232,3,15717,46,0.1391170620918274,0.08928671479225159,False,{},{},0.0993005859781988,False,False,8132
G1_73100_3e-05,233,3,8023,31,0.17947915196418762,0.2104768455028534,False,{},{},0.09718832801445387,False,False,8132
G1_73100_3e-05,234,3,349,13,0.4047539234161377,0.9241693615913391,False,{},{},0.10352003999287263,False,False,8132
G1_73100_3e-05,235,3,15721,50,0.19944530725479126,0.12291695922613144,False,{},{},0.10504331099218689,False,False,8132
G1_73100_3e-05,236,3,15714,43,0.08710630238056183,0.11192835122346878,False,{},{},0.10246861600899138,False,False,8128
G1_73100_3e-05,237,3,15727,56,0.3104807436466217,0.17455945909023285,False,{},{},0.10640390199841931,False,False,8128
G1_73100_3e-05,238,3,8016,24,0.17613793909549713,0.30725857615470886,False,{},{},0.09414755500620231,False,False,8128
G1_73100_3e-05,239,3,15726,55,0.2902490198612213,0.18135014176368713,False,{},{},0.09970308601623401,False,False,8128
G1_73100_3e-05,240,3,15729,58,0.36674901843070984,0.18587377667427063,False,{},{},0.10018462300649844,False,False,8128
G1_73100_3e-05,241,3,8024,32,0.17830374836921692,0.22075286507606506,False,{},{},0.09848706901539117,False,False,8128
G1_73100_3e-05,242,3,354,18,0.36167848110198975,1.4699969291687012,True,{},{},0.09628309798426926,False,False,8128
G1_73100_3e-05,243,3,15713,42,0.07068979740142822,0.13368624448776245,False,{},{},0.09741442499216646,False,False,8128
G1_73100_3e-05,244,3,15733,62,0.5047006607055664,0.25635117292404175,False,{},{},0.09457465502782725,False,False,8128
G1_73100_3e-05,245,3,15734,63,0.5359533429145813,0.29121461510658264,False,{},{},0.09991106600500643,False,False,8128
G1_73100_3e-05,246,3,359,23,0.37714672088623047,0.9269908666610718,False,{},{},0.09542436900665052,False,False,8129
G1_73100_3e-05,247,3,343,7,0.575823187828064,0.932052493095398,False,{},{},0.09387231699656695,False,False,8129
G1_73100_3e-05,248,3,15716,45,0.12228434532880783,0.08779387176036835,False,{},{},0.09429535601520911,False,False,8129
G1_73100_3e-05,249,3,336,0,0.5441434979438782,0.9555583596229553,False,{},{},0.09940782599733211,False,False,8129
G1_73100_3e-05,250,3,347,11,0.5889214277267456,0.9084910750389099,False,{},{},0.10115537600358948,False,False,8129
G1_73100_3e-05,251,3,15720,49,0.18216784298419952,0.1257251650094986,False,{},{},0.09720569400815293,False,False,8129
G1_73100_3e-05,252,3,339,3,0.5336715579032898,0.7236635088920593,False,{},{},0.09395475799101405,False,False,8129
G1_73100_3e-05,253,3,356,20,0.33312979340553284,0.6476949453353882,False,{},{},0.09340393499587663,False,False,8129
G1_73100_3e-05,254,3,8018,26,0.17521142959594727,0.32444196939468384,False,{},{},0.09766031801700592,False,False,8129
G1_73100_3e-05,255,3,341,5,0.545882523059845,1.3478562831878662,True,{},{},0.09924741298891604,False,False,8129
G1_73100_3e-05,256,3,352,16,0.3612340986728668,0.74602210521698,False,{},{},0.0961168910143897,False,False,8129
G1_73100_3e-05,257,4,15731,60,0.4455660581588745,0.2586348056793213,False,{},{},0.0950006740167737,False,False,8130
G1_73100_3e-05,258,4,15721,50,0.19610732793807983,0.13670475780963898,False,{},{},0.09626724501140416,False,False,8130
G1_73100_3e-05,259,4,351,15,0.35681864619255066,0.7483217716217041,False,{},{},0.09315329400124028,False,False,8130
G1_73100_3e-05,260,4,347,11,0.572330117225647,0.7656134963035583,False,{},{},0.10085563702159561,False,False,8130
G1_73100_3e-05,261,4,339,3,0.5244414806365967,0.8503818511962891,False,{},{},0.09662348902202211,False,False,8130
G1_73100_3e-05,262,4,15720,49,0.18118494749069214,0.13312897086143494,False,{},{},0.09427586800302379,False,False,8130
G1_73100_3e-05,263,4,358,22,0.34946829080581665,1.0420702695846558,True,{},{},0.0966091770096682,False,False,8130
G1_73100_3e-05,264,4,337,1,0.5714266896247864,1.330564260482788,True,{},{},0.09399947701604106,False,False,8130
G1_73100_3e-05,265,4,15711,40,0.04906680807471275,0.16998356580734253,False,{},{},0.09361435900791548,False,False,8130
G1_73100_3e-05,266,4,344,8,0.5522972345352173,0.9518376588821411,False,{},{},0.09799550898605958,False,False,8130
G1_73100_3e-05,267,4,15733,62,0.49732711911201477,0.29463228583335876,False,{},{},0.09615995897911489,False,False,8130
G1_73100_3e-05,268,4,336,0,0.5229458212852478,0.7836565971374512,False,{},{},0.09936722798738629,False,False,8130
G1_73100_3e-05,269,4,342,6,0.5340116620063782,0.9500869512557983,False,{},{},0.09890054698917083,False,False,8129
G1_73100_3e-05,270,4,8018,26,0.17474651336669922,0.3763682544231415,False,{},{},0.09438728398527019,False,False,8129
G1_73100_3e-05,271,4,15728,57,0.33015093207359314,0.2121560126543045,False,{},{},0.09603828602121212,False,False,8129
G1_73100_3e-05,272,4,346,10,0.5349547863006592,0.8983950614929199,False,{},{},0.09610522899311036,False,False,8129
G1_73100_3e-05,273,4,8027,35,0.16847997903823853,0.4558357298374176,False,{},{},0.09717265100334771,False,False,8129
G1_73100_3e-05,274,4,15716,45,0.121491439640522,0.09716203808784485,False,{},{},0.10090923399548046,False,False,8129
G1_73100_3e-05,275,4,8031,39,0.10986867547035217,0.4022579789161682,False,{},{},0.09566672300570644,False,False,8129
G1_73100_3e-05,276,4,15722,51,0.2127373218536377,0.17651338875293732,False,{},{},0.09474347397917882,False,False,8129
G1_73100_3e-05,277,4,15734,63,0.52701336145401,0.34610503911972046,False,{},{},0.09701519599184394,False,False,8129
G1_73100_3e-05,278,4,338,2,0.5547499656677246,1.2858338356018066,True,{},{},0.0952296239847783,False,False,8129
G1_73100_3e-05,279,4,15729,58,0.35768112540245056,0.26174673438072205,False,{},{},0.09958925400860608,False,False,8129
G1_73100_3e-05,280,4,15712,41,0.0503840446472168,0.19199110567569733,False,{},{},0.0954804549983237,False,False,8129
G1_73100_3e-05,281,4,8030,38,0.10125009715557098,0.295818030834198,False,{},{},0.0944581060030032,False,False,8129
G1_73100_3e-05,282,4,15719,48,0.16666725277900696,0.15838831663131714,False,{},{},0.09625650601810776,False,False,8129
G1_73100_3e-05,283,4,343,7,0.5242741703987122,1.0559111833572388,True,{},{},0.09694997000042349,False,False,8129
G1_73100_3e-05,284,4,8017,25,0.165774866938591,0.34512534737586975,False,{},{},0.09382327701314352,False,False,8129
G1_73100_3e-05,285,4,355,19,0.32698071002960205,0.7266599535942078,False,{},{},0.09528157900786027,False,False,8129
G1_73100_3e-05,286,4,8016,24,0.16573239862918854,0.3417263925075531,False,{},{},0.09491995899588801,False,False,8129
G1_73100_3e-05,287,4,15713,42,0.0722629651427269,0.186697855591774,False,{},{},0.09294576401589438,False,False,8129
G1_73100_3e-05,288,4,15714,43,0.08685775101184845,0.1500132530927658,False,{},{},0.1003921710071154,False,False,8129
G1_73100_3e-05,289,4,356,20,0.3136897683143616,0.6946660280227661,False,{},{},0.09281220799311996,False,False,8129
G1_73100_3e-05,290,4,8026,34,0.15392541885375977,0.33090150356292725,False,{},{},0.09254765597870573,False,False,8129
G1_73100_3e-05,291,4,340,4,0.49215391278266907,0.9872105717658997,False,{},{},0.09768397299922071,False,False,8129
G1_73100_3e-05,292,4,15718,47,0.15072256326675415,0.1262553185224533,False,{},{},0.09468078301870264,False,False,8129
G1_73100_3e-05,293,4,15717,46,0.13555240631103516,0.10988280177116394,False,{},{},0.09944781300146133,False,False,8130
G1_73100_3e-05,294,4,15726,55,0.2809068560600281,0.2534240186214447,False,{},{},0.09440500300843269,False,False,8130
G1_73100_3e-05,295,4,15725,54,0.26590898633003235,0.23778916895389557,False,{},{},0.09451125300256535,False,False,8130
G1_73100_3e-05,296,4,357,21,0.3272896409034729,1.150217056274414,True,{},{},0.09950944501906633,False,False,8130
G1_73100_3e-05,297,4,15732,61,0.4619854688644409,0.3206856846809387,False,{},{},0.09483490101411007,False,False,8130
G1_73100_3e-05,298,4,8024,32,0.17108184099197388,0.3235551416873932,False,{},{},0.09749641400412656,False,False,8130
G1_73100_3e-05,299,4,8025,33,0.16823676228523254,0.27022939920425415,False,{},{},0.09588958800304681,False,False,8130
G1_73100_3e-05,300,4,15724,53,0.24355798959732056,0.21393270790576935,False,{},{},0.09665757897892036,False,False,8130
G1_73100_3e-05,301,4,8029,37,0.0886717140674591,0.4988311529159546,False,{},{},0.09549002998392098,False,False,8130
G1_73100_3e-05,302,4,8023,31,0.16816183924674988,0.22823409736156464,False,{},{},0.09403019701130688,False,False,8130
G1_73100_3e-05,303,4,8020,28,0.16793617606163025,0.32925945520401,False,{},{},0.09530702698975801,False,False,8130
G1_73100_3e-05,304,4,8019,27,0.1651865690946579,0.3830905556678772,False,{},{},0.09713780699530616,False,False,8130
G1_73100_3e-05,305,4,348,12,0.5382717251777649,0.8677955269813538,False,{},{},0.10589521197834983,False,False,8130
G1_73100_3e-05,306,4,8021,29,0.16776098310947418,0.2890232801437378,False,{},{},0.09488893201341853,False,False,8130
G1_73100_3e-05,307,4,350,14,0.3635346293449402,1.0885779857635498,True,{},{},0.1089471020095516,False,False,8130
G1_73100_3e-05,308,4,345,9,0.5204101800918579,0.9666396975517273,False,{},{},0.09450299199670553,False,False,8130
G1_73100_3e-05,309,4,353,17,0.34651410579681396,1.632748007774353,True,{},{},0.09945830999640748,False,False,8130
G1_73100_3e-05,310,4,352,16,0.34255003929138184,0.8716980814933777,False,{},{},0.09844201602390967,False,False,8130
G1_73100_3e-05,311,4,341,5,0.4807944595813751,1.3490996360778809,True,{},{},0.09643091302132234,False,False,8130
G1_73100_3e-05,312,4,354,18,0.3487700819969177,1.4982199668884277,True,{},{},0.09997747797751799,False,False,8130
G1_73100_3e-05,313,4,8022,30,0.1679593175649643,0.234334334731102,False,{},{},0.0976867499994114,False,False,8130
G1_73100_3e-05,314,4,15727,56,0.29391804337501526,0.2763654589653015,False,{},{},0.1029519340081606,False,False,8130
G1_73100_3e-05,315,4,15723,52,0.22480525076389313,0.2027316391468048,False,{},{},0.09915583601105027,False,False,8130
G1_73100_3e-05,316,4,8028,36,0.10284945368766785,0.7794789671897888,False,{},{},0.09606032399460673,False,False,8130
G1_73100_3e-05,317,4,15730,59,0.3813135027885437,0.3556349575519562,False,{},{},0.10159588902024552,False,False,8132
G1_73100_3e-05,318,4,349,13,0.3473149538040161,1.0265765190124512,True,{},{},0.0983831709891092,False,False,8132
G1_73100_3e-05,319,4,15715,44,0.10813216865062714,0.16991180181503296,False,{},{},0.10006632099975832,False,False,8132
G1_73100_3e-05,320,4,359,23,0.33297306299209595,1.1372604370117188,True,{},{},0.09837138801231049,False,False,8132
G1_73100_3e-05,321,5,356,20,0.3037184774875641,1.2411695718765259,True,{},{},0.09996670900727622,False,False,8132
G1_73100_3e-05,322,5,8027,35,0.1535196304321289,0.45502305030822754,False,{},{},0.0991889099823311,False,False,8132
G1_73100_3e-05,323,5,8024,32,0.1630043387413025,0.33256295323371887,False,{},{},0.0968862040026579,False,False,8132
G1_73100_3e-05,324,5,345,9,0.5021569132804871,0.744979977607727,False,{},{},0.09868895800900646,False,False,8132
G1_73100_3e-05,325,5,15728,57,0.3188340961933136,0.2945438623428345,False,{},{},0.1002589359995909,False,False,8132
G1_73100_3e-05,326,5,15717,46,0.13277208805084229,0.12515485286712646,False,{},{},0.09668198399594985,False,False,8132
G1_73100_3e-05,327,5,15714,43,0.0864560678601265,0.16745096445083618,False,{},{},0.09866260501439683,False,False,8132
G1_73100_3e-05,328,5,15719,48,0.16227370500564575,0.1868220865726471,False,{},{},0.09819293799228035,False,False,8132
G1_73100_3e-05,329,5,15718,47,0.14697371423244476,0.15094174444675446,False,{},{},0.09774718299740925,False,False,8132
G1_73100_3e-05,330,5,8022,30,0.16395463049411774,0.24549025297164917,False,{},{},0.10159357299562544,False,False,8132
G1_73100_3e-05,331,5,15716,45,0.11923117190599442,0.12243328243494034,False,{},{},0.10104832801152952,False,False,8132
G1_73100_3e-05,332,5,8019,27,0.15680532157421112,0.4047411382198334,False,{},{},0.09623627702239901,False,False,8132
G1_73100_3e-05,333,5,15724,53,0.23635920882225037,0.2616076171398163,False,{},{},0.10567701299441978,False,False,8132
G1_73100_3e-05,334,5,8029,37,0.08217446506023407,1.0313024520874023,True,{},{},0.09847068198723719,False,False,8132
G1_73100_3e-05,335,5,8026,34,0.1454753428697586,0.41077983379364014,False,{},{},0.10467292999965139,False,False,8132
G1_73100_3e-05,336,5,8018,26,0.15726539492607117,0.3659994900226593,False,{},{},0.10129761599819176,False,False,8132
G1_73100_3e-05,337,5,357,21,0.315896213054657,1.771843433380127,True,{},{},0.09496132598724216,False,False,8132
G1_73100_3e-05,338,5,8021,29,0.15650741755962372,0.2953610420227051,False,{},{},0.09645288399769925,False,False,8132
G1_73100_3e-05,339,5,15732,61,0.45013493299484253,0.4154307544231415,False,{},{},0.09835097900941037,False,False,8132
G1_73100_3e-05,340,5,8025,33,0.1562587320804596,0.2745661437511444,False,{},{},0.09844974000588991,False,False,8132
G1_73100_3e-05,341,5,355,19,0.3068838119506836,0.6158236861228943,False,{},{},0.09753243601880968,False,False,8132
G1_73100_3e-05,342,5,349,13,0.3295659124851227,0.9135515689849854,False,{},{},0.09582193498499691,False,False,8132
G1_73100_3e-05,343,5,340,4,0.45562851428985596,0.8612372875213623,False,{},{},0.09651384799508378,False,False,8132
G1_73100_3e-05,344,5,342,6,0.47590821981430054,0.9160140156745911,False,{},{},0.10601042900816537,False,False,8132
G1_73100_3e-05,345,5,359,23,0.312985360622406,0.8006120324134827,False,{},{},0.1007192529796157,False,False,8132
G1_73100_3e-05,346,5,15727,56,0.282797634601593,0.4274180829524994,False,{},{},0.09812178698484786,False,False,8132
G1_73100_3e-05,347,5,15721,50,0.18615838885307312,0.29462578892707825,False,{},{},0.09570970700588077,False,False,8132
G1_73100_3e-05,348,5,352,16,0.31860530376434326,0.6873599886894226,False,{},{},0.09575613201013766,False,False,8132
G1_73100_3e-05,349,5,337,1,0.5116565227508545,2.048666000366211,True,{},{},0.10360679600853473,False,False,8132
G1_73100_3e-05,350,5,341,5,0.4401381015777588,1.055785894393921,True,{},{},0.09598321799421683,False,False,8132
G1_73100_3e-05,351,5,15712,41,0.05188198760151863,0.28408828377723694,False,{},{},0.09988261898979545,False,False,8132
G1_73100_3e-05,352,5,8016,24,0.15673650801181793,0.5204880237579346,False,{},{},0.09739051599171944,False,False,8132
G1_73100_3e-05,353,5,8028,36,0.09204763919115067,0.8739444613456726,False,{},{},0.09781051697791554,False,False,8132
G1_73100_3e-05,354,5,8030,38,0.09044868499040604,0.5455023050308228,False,{},{},0.09801996700116433,False,False,8132
G1_73100_3e-05,355,5,8020,28,0.14937981963157654,0.3878178894519806,False,{},{},0.09719902300275862,False,False,8132
G1_73100_3e-05,356,5,336,0,0.47630688548088074,1.490339994430542,True,{},{},0.09679924600641243,False,False,8132
G1_73100_3e-05,357,5,15723,52,0.21597057580947876,0.3225903809070587,False,{},{},0.09572590599418618,False,False,8132
G1_73100_3e-05,358,5,15725,54,0.24884407222270966,0.44509679079055786,False,{},{},0.09837405401049182,False,False,8132
G1_73100_3e-05,359,5,8017,25,0.15098223090171814,0.3714136481285095,False,{},{},0.09471168700838462,False,False,8132
G1_73100_3e-05,360,5,343,7,0.46039626002311707,1.0500400066375732,True,{},{},0.09776729097939096,False,False,8132
G1_73100_3e-05,361,5,351,15,0.3192145526409149,1.2560272216796875,True,{},{},0.09521610700176097,False,False,8132
G1_73100_3e-05,362,5,350,14,0.3147948384284973,0.994143009185791,False,{},{},0.09515962901059538,False,False,8132
G1_73100_3e-05,363,5,15720,49,0.16954517364501953,0.2664985954761505,False,{},{},0.09944344501127489,False,False,8132
G1_73100_3e-05,364,5,8023,31,0.15122276544570923,0.32222551107406616,False,{},{},0.09546944801695645,False,False,8132
G1_73100_3e-05,365,5,15729,58,0.3261544704437256,0.6147448420524597,False,{},{},0.09314740501577035,False,False,8132
G1_73100_3e-05,366,5,15713,42,0.07436557114124298,0.35292738676071167,False,{},{},0.09280008400673978,False,False,8132
G1_73100_3e-05,367,5,344,8,0.45734402537345886,1.1073524951934814,True,{},{},0.09635080400039442,False,False,8132
G1_73100_3e-05,368,5,15722,51,0.1977693736553192,0.39336463809013367,False,{},{},0.10173987501184456,False,False,8132
G1_73100_3e-05,369,5,347,11,0.4709990322589874,0.999262273311615,False,{},{},0.09522469298099168,False,False,8132
G1_73100_3e-05,370,5,338,2,0.4609679877758026,1.9913514852523804,True,{},{},0.09369448898360133,False,False,8132
G1_73100_3e-05,371,5,15711,40,0.052436526864767075,0.43277600407600403,False,{},{},0.09658043200033717,False,False,8132
G1_73100_3e-05,372,5,353,17,0.3014780282974243,1.3633979558944702,True,{},{},0.09807261801324785,False,False,8132
G1_73100_3e-05,373,5,15715,44,0.10806037485599518,0.2732396721839905,False,{},{},0.09554884600220248,False,False,8132
G1_73100_3e-05,374,5,15734,63,0.4845361113548279,0.884218156337738,False,{},{},0.0958524750021752,False,False,8132
G1_73100_3e-05,375,5,358,22,0.32711344957351685,1.6162588596343994,True,{},{},0.0918771130091045,False,False,8132
G1_73100_3e-05,376,5,354,18,0.31799155473709106,1.6211973428726196,True,{},{},0.09549262799555436,False,False,8132
G1_73100_3e-05,377,5,8031,39,0.08422897756099701,0.7991724014282227,False,{},{},0.10150971298571676,False,False,8132
G1_73100_3e-05,378,5,15730,59,0.3489269018173218,0.8623936176300049,False,{},{},0.09509650600375608,False,False,8132
G1_73100_3e-05,379,5,15731,60,0.3965672552585602,0.8251882195472717,False,{},{},0.09649108501616865,False,False,8132
G1_73100_3e-05,380,5,346,10,0.45190733671188354,0.903766930103302,False,{},{},0.0934865880117286,False,False,8132
G1_73100_3e-05,381,5,15726,55,0.24214419722557068,0.7283173203468323,False,{},{},0.09404944398556836,False,False,8132
G1_73100_3e-05,382,5,348,12,0.4552284777164459,1.1944401264190674,True,{},{},0.10213566999300383,False,False,8132
G1_73100_3e-05,383,5,15733,62,0.4279928505420685,1.065136194229126,True,{},{},0.09460592700634152,False,False,8132
G1_73100_3e-05,384,5,339,3,0.4392678737640381,2.2178118228912354,True,{},{},0.09370169500471093,False,False,8132
G1_73100_3e-05,385,6,8017,25,0.1427755504846573,0.4289509952068329,False,{},{},0.09241038598702289,False,False,8132
G1_73100_3e-05,386,6,15717,46,0.12805937230587006,0.2741509974002838,False,{},{},0.10235998500138521,False,False,8132
G1_73100_3e-05,387,6,337,1,0.42827555537223816,1.7350486516952515,True,{},{},0.09542671599774621,False,False,8132
G1_73100_3e-05,388,6,8030,38,0.07336105406284332,0.5126461386680603,False,{},{},0.09533543599536642,False,False,8132
G1_73100_3e-05,389,6,353,17,0.282958447933197,1.2494663000106812,True,{},{},0.09294783597579226,False,False,8132
G1_73100_3e-05,390,6,15722,51,0.17933577299118042,0.39184093475341797,False,{},{},0.09751194200362079,False,False,8132
G1_73100_3e-05,391,6,344,8,0.4353940486907959,1.046015977859497,True,{},{},0.09811869901022874,False,False,8132
G1_73100_3e-05,392,6,8021,29,0.14758585393428802,0.5058598518371582,False,{},{},0.09782888100016862,False,False,8132
G1_73100_3e-05,393,6,15714,43,0.09446221590042114,0.6389516592025757,False,{},{},0.09488001398858614,False,False,8132
G1_73100_3e-05,394,6,15719,48,0.14729365706443787,0.2761685848236084,False,{},{},0.09478861899697222,False,False,8132
G1_73100_3e-05,395,6,357,21,0.296061635017395,1.1179925203323364,True,{},{},0.09950682299677283,False,False,8132
G1_73100_3e-05,396,6,348,12,0.43160027265548706,1.2054898738861084,True,{},{},0.09914708000724204,False,False,8132
G1_73100_3e-05,397,6,354,18,0.29376572370529175,1.4934262037277222,True,{},{},0.0964557460101787,False,False,8132
G1_73100_3e-05,398,6,8022,30,0.1530252993106842,0.3785938024520874,False,{},{},0.09808471699943766,False,False,8132
G1_73100_3e-05,399,6,355,19,0.292654424905777,1.146554708480835,True,{},{},0.09378082898911089,False,False,8132
G1_73100_3e-05,400,6,15718,47,0.13609912991523743,0.2624470293521881,False,{},{},0.09728131900192238,False,False,8132
G1_73100_3e-05,401,6,15729,58,0.28489789366722107,0.9802085161209106,False,{},{},0.09817756700795144,False,False,8132
G1_73100_3e-05,402,6,15726,55,0.21671666204929352,0.7500096559524536,False,{},{},0.09596678998786956,False,False,8132
G1_73100_3e-05,403,6,15716,45,0.11678525060415268,0.2839515805244446,False,{},{},0.09660118099418469,False,False,8132
G1_73100_3e-05,404,6,15727,56,0.22496095299720764,0.7384784817695618,False,{},{},0.09883178002201021,False,False,8132
G1_73100_3e-05,405,6,359,23,0.31532829999923706,1.5373902320861816,True,{},{},0.09895902301650494,False,False,8132
G1_73100_3e-05,406,6,8031,39,0.07100686430931091,0.5959593057632446,False,{},{},0.09838793400558643,False,False,8132
G1_73100_3e-05,407,6,8026,34,0.13580268621444702,0.5413960814476013,False,{},{},0.09661128901643679,False,False,8132
G1_73100_3e-05,408,6,8028,36,0.0735638216137886,0.8411995768547058,False,{},{},0.09601064800517634,False,False,8132
G1_73100_3e-05,409,6,358,22,0.3001689314842224,1.3234490156173706,True,{},{},0.09978430697810836,False,False,8132
G1_73100_3e-05,410,6,8025,33,0.14476637542247772,0.4004673659801483,False,{},{},0.09899957699235529,False,False,8132
G1_73100_3e-05,411,6,15725,54,0.20361144840717316,0.536837637424469,False,{},{},0.09396569602540694,False,False,8132
G1_73100_3e-05,412,6,351,15,0.28635746240615845,1.7450073957443237,True,{},{},0.09539123199647292,False,False,8132
G1_73100_3e-05,413,6,340,4,0.4145987033843994,1.1476337909698486,True,{},{},0.10145542200189084,False,False,8132
G1_73100_3e-05,414,6,338,2,0.4240211844444275,1.3273793458938599,True,{},{},0.09968718598247506,False,False,8132
G1_73100_3e-05,415,6,15712,41,0.06960951536893845,1.1513564586639404,True,{},{},0.10202010400826111,False,False,8132
G1_73100_3e-05,416,6,350,14,0.2742857038974762,1.227653980255127,True,{},{},0.09814149999874644,False,False,8132
G1_73100_3e-05,417,6,8029,37,0.061935435980558395,1.157923936843872,True,{},{},0.10292368501541205,False,False,8132
G1_73100_3e-05,418,6,346,10,0.4336777329444885,1.1125622987747192,True,{},{},0.09623227000702173,False,False,8132
G1_73100_3e-05,419,6,345,9,0.4346681237220764,1.0786986351013184,True,{},{},0.09761194998282008,False,False,8132
G1_73100_3e-05,420,6,339,3,0.39937952160835266,1.0298532247543335,True,{},{},0.09617371301283129,False,False,8132
G1_73100_3e-05,421,6,15715,44,0.1090020015835762,0.6359493136405945,False,{},{},0.09923891699872911,False,False,8132
G1_73100_3e-05,422,6,15730,59,0.2814488410949707,1.7084124088287354,True,{},{},0.09976387000642717,False,False,8132
G1_73100_3e-05,423,6,8020,28,0.14075739681720734,0.6082502603530884,False,{},{},0.09891091100871563,False,False,8132
G1_73100_3e-05,424,6,356,20,0.2809366285800934,1.8545286655426025,True,{},{},0.10046196597977541,False,False,8132
G1_73100_3e-05,425,6,349,13,0.2603227496147156,1.442392110824585,True,{},{},0.09836214300594293,False,False,8132
G1_73100_3e-05,426,6,15720,49,0.15201257169246674,0.4192061126232147,False,{},{},0.09442186201340519,False,False,8132
G1_73100_3e-05,427,6,15723,52,0.17372336983680725,0.46136799454689026,False,{},{},0.097322145011276,False,False,8132
G1_73100_3e-05,428,6,15711,40,0.06599047780036926,1.1352535486221313,True,{},{},0.0967730269767344,False,False,8132
G1_73100_3e-05,429,6,8023,31,0.14232370257377625,0.4026986062526703,False,{},{},0.0990888119849842,False,False,8132
G1_73100_3e-05,430,6,8016,24,0.13448360562324524,0.7012895941734314,False,{},{},0.09930387401254848,False,False,8132
G1_73100_3e-05,431,6,15713,42,0.0792183130979538,0.9089548587799072,False,{},{},0.09643063301336952,False,False,8132
G1_73100_3e-05,432,6,15724,53,0.17992042005062103,0.5457054972648621,False,{},{},0.09755076700821519,False,False,8132
G1_73100_3e-05,433,6,15731,60,0.32094380259513855,1.8623815774917603,True,{},{},0.10040019298321567,False,False,8132
G1_73100_3e-05,434,6,347,11,0.4207500219345093,1.3202431201934814,True,{},{},0.09511253199889325,False,False,8132
G1_73100_3e-05,435,6,8027,35,0.12226128578186035,0.6245505213737488,False,{},{},0.09577696301857941,False,False,8132
G1_73100_3e-05,436,6,8018,26,0.1356506645679474,0.512749969959259,False,{},{},0.10016750000067987,False,False,8132
G1_73100_3e-05,437,6,341,5,0.38905370235443115,1.1702483892440796,True,{},{},0.09479111499967985,False,False,8132
G1_73100_3e-05,438,6,336,0,0.40978026390075684,1.7133976221084595,True,{},{},0.10018531599780545,False,False,8132
G1_73100_3e-05,439,6,15728,57,0.23923446238040924,1.7909222841262817,True,{},{},0.09476404599263333,False,False,8132
G1_73100_3e-05,440,6,15733,62,0.3567744791507721,2.429091453552246,True,{},{},0.09266096501960419,False,False,8132
G1_73100_3e-05,441,6,15734,63,0.3966268301010132,2.6555135250091553,True,{},{},0.09843674299190752,False,False,8132
G1_73100_3e-05,442,6,15732,61,0.3175979256629944,1.7670700550079346,True,{},{},0.09895601999596693,False,False,8132
G1_73100_3e-05,443,6,342,6,0.41582733392715454,1.6224247217178345,True,{},{},0.09901224300847389,False,False,8132
G1_73100_3e-05,444,6,15721,50,0.15550735592842102,1.01722252368927,True,{},{},0.09918798599392176,False,False,8132
G1_73100_3e-05,445,6,343,7,0.4182601869106293,1.3590912818908691,True,{},{},0.09868348398595117,False,False,8132
G1_73100_3e-05,446,6,8024,32,0.15088412165641785,1.133550763130188,True,{},{},0.09449565198156051,False,False,8132
G1_73100_3e-05,447,6,8019,27,0.12765361368656158,0.940973162651062,False,{},{},0.09434489998966455,False,False,8132
G1_73100_3e-05,448,6,352,16,0.26893147826194763,1.9647364616394043,True,{},{},0.0978927800024394,False,False,8132
G1_73100_3e-05,449,7,15725,54,0.17570924758911133,1.4066526889801025,True,{},{},0.09999114100355655,False,False,8132
G1_73100_3e-05,450,7,15728,57,0.19991520047187805,1.192323088645935,True,{},{},0.09279870800673962,False,False,8132
G1_73100_3e-05,451,7,8025,33,0.134088933467865,0.4520939886569977,False,{},{},0.0960978579823859,False,False,8132
G1_73100_3e-05,452,7,15733,62,0.2943677306175232,2.0585899353027344,True,{},{},0.10101823601871729,False,False,8132
G1_73100_3e-05,453,7,340,4,0.3764437139034271,1.1272574663162231,True,{},{},0.09391697301180102,False,False,8132
G1_73100_3e-05,454,7,352,16,0.25096970796585083,1.2305231094360352,True,{},{},0.0990151239966508,False,False,8132
G1_73100_3e-05,455,7,337,1,0.3913186490535736,1.4374276399612427,True,{},{},0.09336537300259806,False,False,8132
G1_73100_3e-05,456,7,341,5,0.3732023239135742,0.983266294002533,False,{},{},0.09477779798908159,False,False,8132
G1_73100_3e-05,457,7,8023,31,0.13684508204460144,0.4419286847114563,False,{},{},0.10122547601349652,False,False,8132
G1_73100_3e-05,458,7,15729,58,0.19763031601905823,2.0289041996002197,True,{},{},0.09634384399396367,False,False,8132
G1_73100_3e-05,459,7,338,2,0.3846776485443115,1.060575246810913,True,{},{},0.09510781601420604,False,False,8132
G1_73100_3e-05,460,7,15717,46,0.1385839581489563,2.4024674892425537,True,{},{},0.09551820700289682,False,False,8132
G1_73100_3e-05,461,7,15722,51,0.14669421315193176,0.7369749546051025,False,{},{},0.09847045000060461,False,False,8132
G1_73100_3e-05,462,7,8018,26,0.12487063556909561,0.4885288178920746,False,{},{},0.09524590999353677,False,False,8132
G1_73100_3e-05,463,7,15716,45,0.12232934683561325,1.5934549570083618,True,{},{},0.09797822401742451,False,False,8132
G1_73100_3e-05,464,7,351,15,0.2543620765209198,1.4105383157730103,True,{},{},0.09628210199298337,False,False,8132
G1_73100_3e-05,465,7,8026,34,0.12163737416267395,0.77774578332901,False,{},{},0.09692884000833146,False,False,8132
G1_73100_3e-05,466,7,8020,28,0.12204694747924805,0.5938848257064819,False,{},{},0.10061174599104561,False,False,8132
G1_73100_3e-05,467,7,8029,37,0.057891033589839935,0.844728410243988,False,{},{},0.09327852900605649,False,False,8132
G1_73100_3e-05,468,7,357,21,0.27031582593917847,1.6100493669509888,True,{},{},0.09931958199013025,False,False,8132
G1_73100_3e-05,469,7,8031,39,0.06043194234371185,0.6863648891448975,False,{},{},0.09572527598356828,False,False,8132
G1_73100_3e-05,470,7,15714,43,0.07774971425533295,0.4005762040615082,False,{},{},0.09372940901084803,False,False,8132
G1_73100_3e-05,471,7,349,13,0.24502605199813843,1.583893895149231,True,{},{},0.09747290398809128,False,False,8132
G1_73100_3e-05,472,7,339,3,0.36538368463516235,0.8960106372833252,False,{},{},0.0949162710167002,False,False,8132
G1_73100_3e-05,473,7,15712,41,0.05319909751415253,0.756260871887207,False,{},{},0.0972675170050934,False,False,8132
G1_73100_3e-05,474,7,15724,53,0.1496124118566513,2.006011486053467,True,{},{},0.09751335199689493,False,False,8132
G1_73100_3e-05,475,7,358,22,0.2850620150566101,1.628686785697937,True,{},{},0.09510799898998812,False,False,8132
G1_73100_3e-05,476,7,15732,61,0.2874160706996918,3.617309093475342,True,{},{},0.10080961199128069,False,False,8132
G1_73100_3e-05,477,7,347,11,0.3994264602661133,1.1730101108551025,True,{},{},0.09663914001430385,False,False,8132
G1_73100_3e-05,478,7,8028,36,0.05896642059087753,0.7612863183021545,False,{},{},0.09517827501986176,False,False,8132
G1_73100_3e-05,479,7,15721,50,0.1378026306629181,1.1281296014785767,True,{},{},0.0976885829877574,False,False,8132
G1_73100_3e-05,480,7,342,6,0.3809359073638916,0.8064824342727661,False,{},{},0.0988421969814226,False,False,8132
G1_73100_3e-05,481,7,15731,60,0.2413184940814972,3.0370399951934814,True,{},{},0.09941946997423656,False,False,8132
G1_73100_3e-05,482,7,15734,63,0.30990272760391235,4.013341903686523,True,{},{},0.09729751700069755,False,False,8132
G1_73100_3e-05,483,7,8016,24,0.11979353427886963,0.8528866171836853,False,{},{},0.09601978099090047,False,False,8132
G1_73100_3e-05,484,7,8027,35,0.10421466082334518,0.8467570543289185,False,{},{},0.10078491599415429,False,False,8132
G1_73100_3e-05,485,7,355,19,0.2669856548309326,2.7503561973571777,True,{},{},0.09968904301058501,False,False,8132
G1_73100_3e-05,486,7,336,0,0.38575005531311035,1.8066176176071167,True,{},{},0.09839498801738955,False,False,8132
G1_73100_3e-05,487,7,8022,30,0.13511867821216583,0.6084282994270325,False,{},{},0.0976462039980106,False,False,8132
G1_73100_3e-05,488,7,8019,27,0.10657118260860443,0.7835932970046997,False,{},{},0.09621551199234091,False,False,8132
G1_73100_3e-05,489,7,8017,25,0.11164932698011398,0.600890040397644,False,{},{},0.09607069799676538,False,False,8132
G1_73100_3e-05,490,7,343,7,0.39089837670326233,1.1519075632095337,True,{},{},0.10007283600862138,False,False,8132
G1_73100_3e-05,491,7,354,18,0.25302886962890625,2.6716063022613525,True,{},{},0.09805612100171857,False,False,8132
G1_73100_3e-05,492,7,15727,56,0.13697150349617004,5.75710916519165,True,{},{},0.09674014698248357,False,False,8132
G1_73100_3e-05,493,7,8024,32,0.12499189376831055,0.5283798575401306,False,{},{},0.09716751100495458,False,False,8132
G1_73100_3e-05,494,7,15715,44,0.11271566897630692,2.536776304244995,True,{},{},0.09994968899991363,False,False,8132
G1_73100_3e-05,495,7,15711,40,0.06399834156036377,1.7540408372879028,True,{},{},0.10167162399739027,False,False,8132
G1_73100_3e-05,496,7,348,12,0.3976022005081177,2.03415846824646,True,{},{},0.09537819999968633,False,False,8132
G1_73100_3e-05,497,7,356,20,0.24524012207984924,1.850170373916626,True,{},{},0.09448919599526562,False,False,8132
G1_73100_3e-05,498,7,344,8,0.38981932401657104,1.5540028810501099,True,{},{},0.09475175500847399,False,False,8132
G1_73100_3e-05,499,7,353,17,0.23510295152664185,2.00569748878479,True,{},{},0.09746162500232458,False,False,8132
G1_73100_3e-05,500,7,8021,29,0.11120667308568954,0.9919069409370422,False,{},{},0.09962494799401611,False,False,8132
G1_73100_3e-05,501,7,15720,49,0.12779861688613892,0.781011700630188,False,{},{},0.09511915600160137,False,False,8132
G1_73100_3e-05,502,7,346,10,0.38848698139190674,1.3113919496536255,True,{},{},0.0947580840147566,False,False,8132
G1_73100_3e-05,503,7,15730,59,0.16912850737571716,3.203558921813965,True,{},{},0.09771401699981652,False,False,8132
G1_73100_3e-05,504,7,15726,55,0.1061018705368042,1.4466603994369507,True,{},{},0.09939960902556777,False,False,8132
G1_73100_3e-05,505,7,15718,47,0.1171676367521286,1.0183969736099243,True,{},{},0.09666964600910433,False,False,8132
G1_73100_3e-05,506,7,15719,48,0.12621818482875824,0.8578248620033264,False,{},{},0.09818341900245287,False,False,8132
G1_73100_3e-05,507,7,15713,42,0.0645982176065445,0.7919008135795593,False,{},{},0.09724826001911424,False,False,8132
G1_73100_3e-05,508,7,345,9,0.3889164328575134,1.6164032220840454,True,{},{},0.09654525201767683,False,False,8132
G1_73100_3e-05,509,7,350,14,0.24400469660758972,2.210613489151001,True,{},{},0.10139999899547547,False,False,8132
G1_73100_3e-05,510,7,15723,52,0.11378677934408188,1.1709028482437134,True,{},{},0.09520784500637092,False,False,8132
G1_73100_3e-05,511,7,359,23,0.279278039932251,2.4179179668426514,True,{},{},0.09699713098234497,False,False,8132
G1_73100_3e-05,512,7,8030,38,0.04942232370376587,0.6066660284996033,False,{},{},0.09748616701108404,False,False,8132
G2_73100_1e-04,1,0,15720,49,0.26151010394096375,0.08058857917785645,False,{},{},0.1023168140091002,False,False,8196
G2_73100_1e-04,2,0,15721,50,0.2831226587295532,0.08116413652896881,False,{},{},0.09997182499500923,False,False,8196
G2_73100_1e-04,3,0,15723,52,0.3317333161830902,0.09440427273511887,False,{},{},0.10487907601054758,False,False,8128
G2_73100_1e-04,4,0,8022,30,0.2723214030265808,0.20689383149147034,False,{},{},0.0994820169871673,False,False,8128
G2_73100_1e-04,5,0,340,4,0.9432936906814575,1.9625760316848755,True,{},{},0.09526536200428382,False,False,8128
G2_73100_1e-04,6,0,350,14,1.228264331817627,4.9361371994018555,True,{},{},0.09545580300618894,False,False,8128
G2_73100_1e-04,7,0,8020,28,0.26752638816833496,0.2575244605541229,False,{},{},0.09502657898701727,False,False,8128
G2_73100_1e-04,8,0,341,5,0.8605068325996399,0.9152167439460754,False,{},{},0.10070604598149657,False,False,8128
G2_73100_1e-04,9,0,15717,46,0.17895686626434326,0.06118721514940262,False,{},{},0.09474675598903559,False,False,8128
G2_73100_1e-04,10,0,348,12,0.9514572024345398,1.1265406608581543,True,{},{},0.09481193200917915,False,False,8128
G2_73100_1e-04,11,0,15716,45,0.14814883470535278,0.05479464679956436,False,{},{},0.09846007899614051,False,False,8128
G2_73100_1e-04,12,0,8029,37,0.23250910639762878,1.4618184566497803,True,{},{},0.09236949699698016,False,False,8128
G2_73100_1e-04,13,0,356,20,0.6670234203338623,1.2847743034362793,True,{},{},0.0999082210182678,False,False,8128
G2_73100_1e-04,14,0,8024,32,0.2583911418914795,0.16652436554431915,False,{},{},0.09644711797591299,False,False,8128
G2_73100_1e-04,15,0,351,15,0.8231664896011353,2.6171860694885254,True,{},{},0.09545653298846446,False,False,8128
G2_73100_1e-04,16,0,8016,24,0.27605754137039185,0.3123752176761627,False,{},{},0.09907418600050732,False,False,8128
G2_73100_1e-04,17,0,15718,47,0.19932374358177185,0.07778438180685043,False,{},{},0.09769723899080418,False,False,8129
G2_73100_1e-04,18,0,343,7,1.0155311822891235,1.7559572458267212,True,{},{},0.09673870101687498,False,False,8129
G2_73100_1e-04,19,0,15714,43,0.09457387030124664,0.0557769238948822,False,{},{},0.09772909901221283,False,False,8129
G2_73100_1e-04,20,0,15726,55,0.39593976736068726,0.1188945397734642,False,{},{},0.09612482201191597,False,False,8129
G2_73100_1e-04,21,0,345,9,0.8952111005783081,0.7969886660575867,False,{},{},0.09452578099444509,False,False,8129
G2_73100_1e-04,22,0,336,0,0.9571092128753662,4.353141784667969,True,{},{},0.10065385402413085,False,False,8129
G2_73100_1e-04,23,0,355,19,0.6326416730880737,0.8051046133041382,False,{},{},0.09717690799152479,False,False,8129
G2_73100_1e-04,24,0,8018,26,0.2554788887500763,0.2574704885482788,False,{},{},0.09565081397886388,False,False,8129
G2_73100_1e-04,25,0,15712,41,0.04346967861056328,0.05544741079211235,False,{},{},0.09740625901031308,False,False,8129
G2_73100_1e-04,26,0,8019,27,0.24965140223503113,0.20512647926807404,False,{},{},0.09215010798652656,False,False,8129
G2_73100_1e-04,27,0,337,1,1.1771228313446045,5.273902416229248,True,{},{},0.10128123001777567,False,False,8129
G2_73100_1e-04,28,0,15724,53,0.34747105836868286,0.10500086843967438,False,{},{},0.09655785700306296,False,False,8129
G2_73100_1e-04,29,0,8017,25,0.2633771300315857,0.32121795415878296,False,{},{},0.09700489300303161,False,False,8129
G2_73100_1e-04,30,0,344,8,0.8390910625457764,0.6578339338302612,False,{},{},0.0985735570138786,False,False,8129
G2_73100_1e-04,31,0,8031,39,0.17427361011505127,0.23553891479969025,False,{},{},0.09719114497420378,False,False,8129
G2_73100_1e-04,32,0,15711,40,0.044835492968559265,0.06343059241771698,False,{},{},0.09836108502349816,False,False,8129
G2_73100_1e-04,33,0,8023,31,0.25283101201057434,0.22285404801368713,False,{},{},0.09792000299785286,False,False,8129
G2_73100_1e-04,34,0,349,13,1.1173923015594482,6.119380950927734,True,{},{},0.09695771199767478,False,False,8129
G2_73100_1e-04,35,0,346,10,0.8432559370994568,0.7296819686889648,False,{},{},0.09629284898983315,False,False,8129
G2_73100_1e-04,36,0,8030,38,0.16201603412628174,0.29628145694732666,False,{},{},0.09969296000781469,False,False,8130
G2_73100_1e-04,37,0,8025,33,0.25609537959098816,0.18831239640712738,False,{},{},0.0949608140217606,False,False,8130
G2_73100_1e-04,38,0,359,23,0.5963609218597412,1.4213424921035767,True,{},{},0.09940327299409546,False,False,8130
G2_73100_1e-04,39,0,342,6,0.8329550623893738,1.5485196113586426,True,{},{},0.0987390220107045,False,False,8130
G2_73100_1e-04,40,0,339,3,0.7708485722541809,1.8429605960845947,True,{},{},0.09617548901587725,False,False,8130
G2_73100_1e-04,41,0,15733,62,0.6390856504440308,0.19685791432857513,False,{},{},0.09910114901140332,False,False,8130
G2_73100_1e-04,42,0,15725,54,0.370539128780365,0.12098816782236099,False,{},{},0.09195649399771355,False,False,8130
G2_73100_1e-04,43,0,15731,60,0.568571150302887,0.16422957181930542,False,{},{},0.09507240701350383,False,False,8130
G2_73100_1e-04,44,0,15727,56,0.4122294485569,0.13923746347427368,False,{},{},0.09561357597704045,False,False,8130
G2_73100_1e-04,45,0,15728,57,0.44103991985321045,0.13717791438102722,False,{},{},0.09825636900495738,False,False,8130
G2_73100_1e-04,46,0,15713,42,0.0716489851474762,0.07258643954992294,False,{},{},0.12014363901107572,False,False,8130
G2_73100_1e-04,47,0,353,17,0.5609395503997803,1.2410939931869507,True,{},{},0.1222968160000164,False,False,8130
G2_73100_1e-04,48,0,15722,51,0.2916159927845001,0.11501700431108475,False,{},{},0.10266174498246983,False,False,8130
G2_73100_1e-04,49,0,15730,59,0.5071836709976196,0.15022490918636322,False,{},{},0.10294737998628989,False,False,8130
G2_73100_1e-04,50,0,15715,44,0.12342891097068787,0.06888778507709503,False,{},{},0.10359607098507695,False,False,8130
G2_73100_1e-04,51,0,358,22,0.5395095348358154,1.3117296695709229,True,{},{},0.10367440799018368,False,False,8130
G2_73100_1e-04,52,0,354,18,0.5607461333274841,1.2036197185516357,True,{},{},0.1009546080022119,False,False,8130
G2_73100_1e-04,53,0,338,2,0.9560330510139465,4.33972692489624,True,{},{},0.0975194439815823,False,False,8130
G2_73100_1e-04,54,0,8026,34,0.23048114776611328,0.24486659467220306,False,{},{},0.10368001300957985,False,False,8130
G2_73100_1e-04,55,0,8021,29,0.2512567937374115,0.27885952591896057,False,{},{},0.10239324698341079,False,False,8130
G2_73100_1e-04,56,0,357,21,0.4955172836780548,0.5018625855445862,False,{},{},0.10186773299938068,False,False,8130
G2_73100_1e-04,57,0,352,16,0.5226415991783142,0.7218274474143982,False,{},{},0.09659528700285591,False,False,8130
G2_73100_1e-04,58,0,15729,58,0.47006314992904663,0.14018189907073975,False,{},{},0.1001191739924252,False,False,8130
G2_73100_1e-04,59,0,15734,63,0.6575859785079956,0.22526545822620392,False,{},{},0.112538935005432,False,False,8130
G2_73100_1e-04,60,0,8027,35,0.22914712131023407,0.2862074673175812,False,{},{},0.13856213999679312,False,False,8130
G2_73100_1e-04,61,0,8028,36,0.1364978402853012,0.4018993079662323,False,{},{},0.10607043199706823,False,False,8130
G2_73100_1e-04,62,0,15719,48,0.2193523645401001,0.11293448507785797,False,{},{},0.1008232059830334,False,False,8130
G2_73100_1e-04,63,0,347,11,0.7558267116546631,0.6440507769584656,False,{},{},0.10429138701874763,False,False,8130
G2_73100_1e-04,64,0,15732,61,0.589691162109375,0.1899109184741974,False,{},{},0.10051583798485808,False,False,8130
G2_73100_1e-04,65,1,354,18,0.48778262734413147,0.9384031295776367,False,{},{},0.09887308598263189,False,False,8130
G2_73100_1e-04,66,1,345,9,0.7349920272827148,0.7293438911437988,False,{},{},0.09862916698330082,False,False,8130
G2_73100_1e-04,67,1,15734,63,0.6495438814163208,0.23179762065410614,False,{},{},0.09908661901135929,False,False,8130
G2_73100_1e-04,68,1,15721,50,0.25835466384887695,0.1368449479341507,False,{},{},0.0980943980102893,False,False,8130
G2_73100_1e-04,69,1,8026,34,0.2151697427034378,0.2724657952785492,False,{},{},0.09791070301434956,False,False,8130
G2_73100_1e-04,70,1,337,1,0.716538667678833,2.170865297317505,True,{},{},0.09670675298548304,False,False,8130
G2_73100_1e-04,71,1,341,5,0.7257768511772156,1.2204002141952515,True,{},{},0.10162339798989706,False,False,8130
G2_73100_1e-04,72,1,336,0,0.6688781976699829,1.2726478576660156,True,{},{},0.10752742399927229,False,False,8130
G2_73100_1e-04,73,1,15718,47,0.18973541259765625,0.1131950169801712,False,{},{},0.10457674198551103,False,False,8130
G2_73100_1e-04,74,1,8023,31,0.23916281759738922,0.2974410951137543,False,{},{},0.10133978698286228,False,False,8130
G2_73100_1e-04,75,1,8027,35,0.21414819359779358,0.32541465759277344,False,{},{},0.10061952599789947,False,False,8130
G2_73100_1e-04,76,1,348,12,0.7424697875976562,0.9686504602432251,False,{},{},0.10246577399084345,False,False,8128
G2_73100_1e-04,77,1,15726,55,0.3756643831729889,0.14264994859695435,False,{},{},0.10336761601502076,False,False,8128
G2_73100_1e-04,78,1,8021,29,0.2368803173303604,0.3316955268383026,False,{},{},0.09847278101369739,False,False,8128
G2_73100_1e-04,79,1,15725,54,0.35361742973327637,0.14152391254901886,False,{},{},0.09753670101054013,False,False,8128
G2_73100_1e-04,80,1,15730,59,0.48965221643447876,0.17225381731987,False,{},{},0.10602323900093324,False,False,8128
G2_73100_1e-04,81,1,340,4,0.64300936460495,0.7460242509841919,False,{},{},0.13376836897805333,False,False,8128
G2_73100_1e-04,82,1,15714,43,0.09762600064277649,0.11705834418535233,False,{},{},0.0986980390152894,False,False,8128
G2_73100_1e-04,83,1,15729,58,0.45733311772346497,0.1623615026473999,False,{},{},0.09982653299812227,False,False,8128
G2_73100_1e-04,84,1,15723,52,0.30100876092910767,0.12962666153907776,False,{},{},0.10058863100130111,False,False,8128
G2_73100_1e-04,85,1,359,23,0.480912446975708,1.6738104820251465,True,{},{},0.10381678401608951,False,False,8128
G2_73100_1e-04,86,1,15716,45,0.1409572958946228,0.08144992589950562,False,{},{},0.10162829398177564,False,False,8128
G2_73100_1e-04,87,1,357,21,0.4235879182815552,0.7016811966896057,False,{},{},0.09985689702443779,False,False,8128
G2_73100_1e-04,88,1,358,22,0.4508390426635742,0.6516757011413574,False,{},{},0.0964628150104545,False,False,8128
G2_73100_1e-04,89,1,343,7,0.7084488868713379,1.0093119144439697,True,{},{},0.10195115199894644,False,False,8128
G2_73100_1e-04,90,1,8019,27,0.2198500633239746,0.3296200633049011,False,{},{},0.10747978699509986,False,False,8128
G2_73100_1e-04,91,1,8028,36,0.11039108037948608,0.37448278069496155,False,{},{},0.09888240500004031,False,False,8128
G2_73100_1e-04,92,1,15713,42,0.07718630880117416,0.13837656378746033,False,{},{},0.10193627199623734,False,False,8128
G2_73100_1e-04,93,1,15732,61,0.5714946389198303,0.2176910787820816,False,{},{},0.09885840700007975,False,False,8128
G2_73100_1e-04,94,1,8018,26,0.21727794408798218,0.3733552396297455,False,{},{},0.11423575601656921,False,False,8129
G2_73100_1e-04,95,1,8017,25,0.21794381737709045,0.35042887926101685,False,{},{},0.10107918700668961,False,False,8129
G2_73100_1e-04,96,1,15717,46,0.16428761184215546,0.09847009927034378,False,{},{},0.09601490301429294,False,False,8129
G2_73100_1e-04,97,1,15728,57,0.42095285654067993,0.1644996553659439,False,{},{},0.10132819399586879,False,False,8129
G2_73100_1e-04,98,1,339,3,0.6205194592475891,1.1633107662200928,True,{},{},0.09597987402230501,False,False,8129
G2_73100_1e-04,99,1,355,19,0.4381130337715149,0.918084979057312,False,{},{},0.10586112999590114,False,False,8128
G2_73100_1e-04,100,1,344,8,0.6971363425254822,1.2459921836853027,True,{},{},0.0951299559965264,False,False,8128
G2_73100_1e-04,101,1,347,11,0.6797550916671753,1.158531904220581,True,{},{},0.09963934600818902,False,False,8128
G2_73100_1e-04,102,1,350,14,0.5005533695220947,1.4041950702667236,True,{},{},0.09797132399398834,False,False,8128
G2_73100_1e-04,103,1,15720,49,0.22718004882335663,0.17237384617328644,False,{},{},0.09953570499783382,False,False,8129
G2_73100_1e-04,104,1,8031,39,0.14100167155265808,0.3922479748725891,False,{},{},0.09856549600954168,False,False,8129
G2_73100_1e-04,105,1,338,2,0.6390348672866821,0.8950071930885315,False,{},{},0.09803060500416905,False,False,8129
G2_73100_1e-04,106,1,351,15,0.4851434826850891,2.2214300632476807,True,{},{},0.0988951140025165,False,False,8129
G2_73100_1e-04,107,1,8025,33,0.21486812829971313,0.3044978678226471,False,{},{},0.09751767400302924,False,False,8129
G2_73100_1e-04,108,1,352,16,0.4475964605808258,1.5729246139526367,True,{},{},0.10441749001620337,False,False,8128
G2_73100_1e-04,109,1,8029,37,0.14385196566581726,1.867684245109558,True,{},{},0.0931449519994203,False,False,8128
G2_73100_1e-04,110,1,8020,28,0.19912086427211761,0.3105131685733795,False,{},{},0.09997710699099116,False,False,8128
G2_73100_1e-04,111,1,15715,44,0.12012513726949692,0.13970857858657837,False,{},{},0.09544765300233848,False,False,8128
G2_73100_1e-04,112,1,8024,32,0.20982082188129425,0.32237792015075684,False,{},{},0.09730563801713288,False,False,8128
G2_73100_1e-04,113,1,356,20,0.40795859694480896,1.3983267545700073,True,{},{},0.10240939701907337,False,False,8128
G2_73100_1e-04,114,1,15731,60,0.5330619812011719,0.2826521694660187,False,{},{},0.0960217239917256,False,False,8128
G2_73100_1e-04,115,1,15712,41,0.05120868608355522,0.17301024496555328,False,{},{},0.09937107900623232,False,False,8128
G2_73100_1e-04,116,1,15719,48,0.20634397864341736,0.2336069941520691,False,{},{},0.09574066600180231,False,False,8128
G2_73100_1e-04,117,1,342,6,0.6231509447097778,1.1899845600128174,True,{},{},0.10207488501328044,False,False,8130
G2_73100_1e-04,118,1,15733,62,0.5903282165527344,0.3327747583389282,False,{},{},0.0990256320219487,False,False,8130
G2_73100_1e-04,119,1,8022,30,0.2046738564968109,0.2686034142971039,False,{},{},0.09977445498225279,False,False,8130
G2_73100_1e-04,120,1,15724,53,0.3143523335456848,0.2152625024318695,False,{},{},0.09652853201259859,False,False,8130
G2_73100_1e-04,121,1,353,17,0.40270328521728516,1.0624756813049316,True,{},{},0.09733874700032175,False,False,8130
G2_73100_1e-04,122,1,8016,24,0.1912253051996231,0.3624841272830963,False,{},{},0.10412089200690389,False,False,8130
G2_73100_1e-04,123,1,8030,38,0.12632907927036285,0.46813690662384033,False,{},{},0.09800518202246167,False,False,8130
G2_73100_1e-04,124,1,15722,51,0.26573196053504944,0.2614285945892334,False,{},{},0.09691706200828776,False,False,8130
G2_73100_1e-04,125,1,15711,40,0.05411398410797119,0.2342347651720047,False,{},{},0.10107112501282245,False,False,8130
G2_73100_1e-04,126,1,15727,56,0.3737936019897461,0.25439852476119995,False,{},{},0.10184966400265694,False,False,8130
G2_73100_1e-04,127,1,346,10,0.6241167187690735,1.348023772239685,True,{},{},0.10112628800561652,False,False,8130
G2_73100_1e-04,128,1,349,13,0.4511728286743164,1.5790777206420898,True,{},{},0.09634108102181926,False,False,8130
G2_73100_1e-04,129,2,353,17,0.3796451687812805,1.0282071828842163,True,{},{},0.0947051839902997,False,False,8130
G2_73100_1e-04,130,2,8027,35,0.17960941791534424,0.4252327084541321,False,{},{},0.09646790300030261,False,False,8130
G2_73100_1e-04,131,2,8017,25,0.1791282296180725,0.33260831236839294,False,{},{},0.10015605998341925,False,False,8130
G2_73100_1e-04,132,2,8020,28,0.18668939173221588,0.35346031188964844,False,{},{},0.09374733199365437,False,False,8130
G2_73100_1e-04,133,2,15729,58,0.42603495717048645,0.38990771770477295,False,{},{},0.09246194502338767,False,False,8130
G2_73100_1e-04,134,2,15719,48,0.19650518894195557,0.25923803448677063,False,{},{},0.09834361699176952,False,False,8130
G2_73100_1e-04,135,2,8024,32,0.18691448867321014,0.3733673393726349,False,{},{},0.09816641599172726,False,False,8130
G2_73100_1e-04,136,2,15731,60,0.5071190595626831,0.45584818720817566,False,{},{},0.09725316800177097,False,False,8130
G2_73100_1e-04,137,2,15714,43,0.09413802623748779,0.18416079878807068,False,{},{},0.0981937289761845,False,False,8130
G2_73100_1e-04,138,2,8030,38,0.11191637814044952,0.4664611518383026,False,{},{},0.09728732399526052,False,False,8130
G2_73100_1e-04,139,2,15715,44,0.11948670446872711,0.180753692984581,False,{},{},0.09919298099703155,False,False,8130
G2_73100_1e-04,140,2,8018,26,0.16803580522537231,0.4314715564250946,False,{},{},0.09682795699336566,False,False,8130
G2_73100_1e-04,141,2,8021,29,0.17998376488685608,0.3259710967540741,False,{},{},0.09376245801104233,False,False,8130
G2_73100_1e-04,142,2,345,9,0.5670793056488037,0.8244833946228027,False,{},{},0.09578576899366453,False,False,8130
G2_73100_1e-04,143,2,15734,63,0.5788908004760742,0.7067883610725403,False,{},{},0.09432760899653658,False,False,8130
G2_73100_1e-04,144,2,8028,36,0.1211976557970047,0.7563895583152771,False,{},{},0.097317395004211,False,False,8130
G2_73100_1e-04,145,2,347,11,0.5847212076187134,1.191114902496338,True,{},{},0.10031491698464379,False,False,8130
G2_73100_1e-04,146,2,8025,33,0.16682803630828857,0.3685743808746338,False,{},{},0.09680201800074428,False,False,8130
G2_73100_1e-04,147,2,349,13,0.3733782172203064,1.2192904949188232,True,{},{},0.09771243602153845,False,False,8130
G2_73100_1e-04,148,2,15722,51,0.2402617633342743,0.49182406067848206,False,{},{},0.09359348399448209,False,False,8130
G2_73100_1e-04,149,2,344,8,0.5360628366470337,1.2623296976089478,True,{},{},0.09571084799245,False,False,8130
G2_73100_1e-04,150,2,15733,62,0.4963368773460388,1.2673653364181519,True,{},{},0.09973458698368631,False,False,8130
G2_73100_1e-04,151,2,15713,42,0.09318915754556656,0.9020747542381287,False,{},{},0.09420590699301101,False,False,8130
G2_73100_1e-04,152,2,15732,61,0.46530619263648987,1.214943766593933,True,{},{},0.09191305498825386,False,False,8130
G2_73100_1e-04,153,2,348,12,0.5216970443725586,1.3237206935882568,True,{},{},0.10049039797740988,False,False,8130
G2_73100_1e-04,154,2,352,16,0.36217236518859863,2.146152973175049,True,{},{},0.09558937899419107,False,False,8130
G2_73100_1e-04,155,2,15721,50,0.20350635051727295,0.46822240948677063,False,{},{},0.09390039902064018,False,False,8130
G2_73100_1e-04,156,2,15725,54,0.2727184295654297,0.7703648805618286,False,{},{},0.09311073899152689,False,False,8130
G2_73100_1e-04,157,2,15723,52,0.23844970762729645,0.6331478953361511,False,{},{},0.09543865799787454,False,False,8130
G2_73100_1e-04,158,2,337,1,0.5485513210296631,3.1571261882781982,True,{},{},0.0985313139972277,False,False,8130
G2_73100_1e-04,159,2,340,4,0.5057874917984009,1.6965348720550537,True,{},{},0.09818449898739345,False,False,8130
G2_73100_1e-04,160,2,8022,30,0.16886676847934723,0.4501422047615051,False,{},{},0.09350925098988228,False,False,8130
G2_73100_1e-04,161,2,15717,46,0.14602655172348022,0.8208421468734741,False,{},{},0.09853190899593756,False,False,8130
G2_73100_1e-04,162,2,351,15,0.33489835262298584,1.552394986152649,True,{},{},0.09754554499522783,False,False,8130
G2_73100_1e-04,163,2,8016,24,0.1715593934059143,1.6028804779052734,True,{},{},0.09523980697849765,False,False,8130
G2_73100_1e-04,164,2,358,22,0.4229816198348999,2.3429126739501953,True,{},{},0.10164623201126233,False,False,8130
G2_73100_1e-04,165,2,15720,49,0.1764649599790573,1.00806725025177,True,{},{},0.09621014699223451,False,False,8130
G2_73100_1e-04,166,2,357,21,0.3629022240638733,2.0316033363342285,True,{},{},0.09826811798848212,False,False,8130
G2_73100_1e-04,167,2,15712,41,0.054824285209178925,0.5601496696472168,False,{},{},0.09747162499115802,False,False,8130
G2_73100_1e-04,168,2,15727,56,0.27659276127815247,2.5596535205841064,True,{},{},0.09765266597969458,False,False,8130
G2_73100_1e-04,169,2,339,3,0.5172987580299377,2.0315206050872803,True,{},{},0.10178689402528107,False,False,8130
G2_73100_1e-04,170,2,346,10,0.5270568132400513,1.387638807296753,True,{},{},0.09564092397340573,False,False,8130
G2_73100_1e-04,171,2,8023,31,0.16067951917648315,0.38318192958831787,False,{},{},0.10229977100971155,False,False,8130
G2_73100_1e-04,172,2,8031,39,0.08507616817951202,0.6806396842002869,False,{},{},0.09876209701178595,False,False,8130
G2_73100_1e-04,173,2,354,18,0.32894980907440186,1.6613267660140991,True,{},{},0.09962210198864341,False,False,8130
G2_73100_1e-04,174,2,336,0,0.5410337448120117,2.163757085800171,True,{},{},0.09671044300193898,False,False,8130
G2_73100_1e-04,175,2,15724,53,0.2072119414806366,2.5163414478302,True,{},{},0.09246031500515528,False,False,8130
G2_73100_1e-04,176,2,341,5,0.473778635263443,1.1187070608139038,True,{},{},0.09476163401268423,False,False,8130
G2_73100_1e-04,177,2,15728,57,0.250856876373291,1.8001610040664673,True,{},{},0.09719402799964882,False,False,8130
G2_73100_1e-04,178,2,8019,27,0.1428798884153366,0.6428242921829224,False,{},{},0.09934491198509932,False,False,8130
G2_73100_1e-04,179,2,350,14,0.30804842710494995,1.6613903045654297,True,{},{},0.09401095999055542,False,False,8130
G2_73100_1e-04,180,2,342,6,0.48164206743240356,1.260473608970642,True,{},{},0.09633534998283722,False,False,8130
G2_73100_1e-04,181,2,8029,37,0.11540961265563965,1.479192852973938,True,{},{},0.09664859497570433,False,False,8130
G2_73100_1e-04,182,2,8026,34,0.14449340105056763,0.6708981990814209,False,{},{},0.10290284501388669,False,False,8130
G2_73100_1e-04,183,2,15730,59,0.2608824074268341,4.251411437988281,True,{},{},0.09984572097891942,False,False,8130
G2_73100_1e-04,184,2,15726,55,0.1453864574432373,2.4935338497161865,True,{},{},0.09554017099435441,False,False,8130
G2_73100_1e-04,185,2,15716,45,0.13543212413787842,2.805617570877075,True,{},{},0.10103894301573746,False,False,8130
G2_73100_1e-04,186,2,359,23,0.3979789614677429,2.6572039127349854,True,{},{},0.09536335899611004,False,False,8130
G2_73100_1e-04,187,2,343,7,0.5011427402496338,1.5445661544799805,True,{},{},0.10381102698738687,False,False,8130
G2_73100_1e-04,188,2,15711,40,0.10942552983760834,3.702547073364258,True,{},{},0.09734785198816098,False,False,8130
G2_73100_1e-04,189,2,338,2,0.4842582941055298,2.1965904235839844,True,{},{},0.09638263998203911,False,False,8130
G2_73100_1e-04,190,2,15718,47,0.14568957686424255,2.3489320278167725,True,{},{},0.09766436598147266,False,False,8130
G2_73100_1e-04,191,2,356,20,0.3041401505470276,1.6172324419021606,True,{},{},0.0953176680195611,False,False,8130
G2_73100_1e-04,192,2,355,19,0.2841704487800598,1.3156561851501465,True,{},{},0.09671488500316627,False,False,8130
G2_73100_1e-04,193,3,15719,48,0.14402511715888977,1.2145297527313232,True,{},{},0.10004917701007798,False,False,8130
G2_73100_1e-04,194,3,348,12,0.485278457403183,2.080423593521118,True,{},{},0.09565340899280272,False,False,8130
G2_73100_1e-04,195,3,342,6,0.442911297082901,1.0736091136932373,True,{},{},0.09598778001964092,False,False,8130
G2_73100_1e-04,196,3,8019,27,0.12623517215251923,0.6535272598266602,False,{},{},0.10099543500109576,False,False,8130
G2_73100_1e-04,197,3,350,14,0.2602917551994324,1.2653751373291016,True,{},{},0.0968617039907258,False,False,8130
G2_73100_1e-04,198,3,344,8,0.4524010121822357,0.7277029752731323,False,{},{},0.10039688998949714,False,False,8130
G2_73100_1e-04,199,3,346,10,0.4535396695137024,1.1008106470108032,True,{},{},0.09682307799812406,False,False,8130
G2_73100_1e-04,200,3,8017,25,0.1503860205411911,1.0103458166122437,True,{},{},0.0956705879943911,False,False,8130
G2_73100_1e-04,201,3,15722,51,0.10210501402616501,0.9700217247009277,False,{},{},0.09953905100701377,False,False,8130
G2_73100_1e-04,202,3,8028,36,0.07209980487823486,0.8119086027145386,False,{},{},0.09237158001633361,False,False,8130
G2_73100_1e-04,203,3,8031,39,0.06269711256027222,1.1726499795913696,True,{},{},0.09698803699575365,False,False,8130
G2_73100_1e-04,204,3,15715,44,0.10284587740898132,1.0886650085449219,True,{},{},0.09435992597718723,False,False,8130
G2_73100_1e-04,205,3,15731,60,0.17292195558547974,2.2567226886749268,True,{},{},0.0936203809978906,False,False,8130
G2_73100_1e-04,206,3,357,21,0.2791920304298401,3.5927205085754395,True,{},{},0.09977732200059108,False,False,8130
G2_73100_1e-04,207,3,8030,38,0.05638319253921509,0.5592360496520996,False,{},{},0.09676650000619702,False,False,8130
G2_73100_1e-04,208,3,15732,61,0.18292438983917236,3.711758852005005,True,{},{},0.09472873699269257,False,False,8130
G2_73100_1e-04,209,3,15724,53,0.09136843681335449,3.9401092529296875,True,{},{},0.09768793999683112,False,False,8130
G2_73100_1e-04,210,3,8020,28,0.11160394549369812,1.4232312440872192,True,{},{},0.09741251298692077,False,False,8130
G2_73100_1e-04,211,3,8021,29,0.11628163605928421,0.7846311926841736,False,{},{},0.09761186700779945,False,False,8130
G2_73100_1e-04,212,3,358,22,0.28378042578697205,1.385611653327942,True,{},{},0.11053010099567473,False,False,8130
G2_73100_1e-04,213,3,15712,41,0.06535617262125015,1.3670480251312256,True,{},{},0.09649318299489096,False,False,8130
G2_73100_1e-04,214,3,8022,30,0.1320684552192688,0.7685837149620056,False,{},{},0.09645984199596569,False,False,8130
G2_73100_1e-04,215,3,15728,57,0.06672155857086182,1.493180513381958,True,{},{},0.09973559502395801,False,False,8128
G2_73100_1e-04,216,3,337,1,0.41782766580581665,1.457471489906311,True,{},{},0.0957151820184663,False,False,8128
G2_73100_1e-04,217,3,15723,52,0.07347878068685532,1.5530812740325928,True,{},{},0.09679308801423758,False,False,8128
G2_73100_1e-04,218,3,8026,34,0.12031126022338867,0.8016198873519897,False,{},{},0.0930432380118873,False,False,8128
G2_73100_1e-04,219,3,338,2,0.4097851812839508,1.0715912580490112,True,{},{},0.09401426601107232,False,False,8128
G2_73100_1e-04,220,3,355,19,0.22017107903957367,0.9965341091156006,False,{},{},0.09818499602261,False,False,8128
G2_73100_1e-04,221,3,15711,40,0.05749228224158287,1.0641965866088867,True,{},{},0.09491227701073512,False,False,8128
G2_73100_1e-04,222,3,15718,47,0.08237625658512115,1.0670849084854126,True,{},{},0.09374380798544735,False,False,8128
G2_73100_1e-04,223,3,340,4,0.3876596987247467,0.8364160656929016,False,{},{},0.09541487801470794,False,False,8128
G2_73100_1e-04,224,3,8029,37,0.0693926066160202,1.1307576894760132,True,{},{},0.09294287001830526,False,False,8128
G2_73100_1e-04,225,3,351,15,0.2231447398662567,1.1355345249176025,True,{},{},0.09882437699707225,False,False,8128
G2_73100_1e-04,226,3,15725,54,0.10622887313365936,7.1080522537231445,True,{},{},0.09634651499800384,False,False,8128
G2_73100_1e-04,227,3,345,9,0.41686099767684937,1.3776127099990845,True,{},{},0.09463421002146788,False,False,8128
G2_73100_1e-04,228,3,8025,33,0.1128070205450058,0.7219476699829102,False,{},{},0.09600642501027323,False,False,8128
G2_73100_1e-04,229,3,8027,35,0.08635050058364868,0.5582971572875977,False,{},{},0.09568217399646528,False,False,8128
G2_73100_1e-04,230,3,353,17,0.20373785495758057,1.561123013496399,True,{},{},0.09799223000300117,False,False,8129
G2_73100_1e-04,231,3,15730,59,0.1297430396080017,6.687407493591309,True,{},{},0.09916856599738821,False,False,8129
G2_73100_1e-04,232,3,15717,46,0.06901416927576065,1.219584584236145,True,{},{},0.09545805901871063,False,False,8129
G2_73100_1e-04,233,3,8023,31,0.11295564472675323,0.8528353571891785,False,{},{},0.09667212300701067,False,False,8129
G2_73100_1e-04,234,3,349,13,0.2157381772994995,1.5578620433807373,True,{},{},0.10176565099391155,False,False,8128
G2_73100_1e-04,235,3,15721,50,0.051430221647024155,0.7769562602043152,False,{},{},0.09814277899567969,False,False,8128
G2_73100_1e-04,236,3,15714,43,0.07198822498321533,0.5341372489929199,False,{},{},0.09643909300211817,False,False,8128
G2_73100_1e-04,237,3,15727,56,0.0673164427280426,3.253580093383789,True,{},{},0.09713992400793359,False,False,8128
G2_73100_1e-04,238,3,8016,24,0.1371334195137024,1.377771258354187,True,{},{},0.09477308599161915,False,False,8128
G2_73100_1e-04,239,3,15726,55,0.050185345113277435,0.7221900820732117,False,{},{},0.1000769560050685,False,False,8128
G2_73100_1e-04,240,3,15729,58,0.06893771886825562,1.4459693431854248,True,{},{},0.09466544300084934,False,False,8128
G2_73100_1e-04,241,3,8024,32,0.11288700997829437,1.9671629667282104,True,{},{},0.0922900490113534,False,False,8128
G2_73100_1e-04,242,3,354,18,0.17296965420246124,1.1140494346618652,True,{},{},0.09491800999967381,False,False,8128
G2_73100_1e-04,243,3,15713,42,0.05133222043514252,0.41109123826026917,False,{},{},0.09479723600088619,False,False,8128
G2_73100_1e-04,244,3,15733,62,0.1745939403772354,4.506465911865234,True,{},{},0.10193701900425367,False,False,8128
G2_73100_1e-04,245,3,15734,63,0.23087161779403687,5.270569801330566,True,{},{},0.09432807000121102,False,False,8128
G2_73100_1e-04,246,3,359,23,0.23472145199775696,1.7506016492843628,True,{},{},0.09408600101596676,False,False,8128
G2_73100_1e-04,247,3,343,7,0.37906354665756226,1.9615075588226318,True,{},{},0.09563612000783905,False,False,8128
G2_73100_1e-04,248,3,15716,45,0.047349922358989716,0.6671175360679626,False,{},{},0.096016844996484,False,False,8128
G2_73100_1e-04,249,3,336,0,0.4224970042705536,2.8982479572296143,True,{},{},0.09551143698627129,False,False,8128
G2_73100_1e-04,250,3,347,11,0.3748376965522766,1.4148153066635132,True,{},{},0.09665195600246079,False,False,8128
G2_73100_1e-04,251,3,15720,49,0.0768093541264534,3.7118794918060303,True,{},{},0.09240176997263916,False,False,8128
G2_73100_1e-04,252,3,339,3,0.3524712920188904,1.2533141374588013,True,{},{},0.09228512700065039,False,False,8128
G2_73100_1e-04,253,3,356,20,0.19783398509025574,1.4637112617492676,True,{},{},0.10111186301219277,False,False,8128
G2_73100_1e-04,254,3,8018,26,0.09727877378463745,0.7876020669937134,False,{},{},0.09325947999604978,False,False,8128
G2_73100_1e-04,255,3,341,5,0.3587563633918762,0.8685293197631836,False,{},{},0.09451686800457537,False,False,8128
G2_73100_1e-04,256,3,352,16,0.18510960042476654,1.5677943229675293,True,{},{},0.094869865977671,False,False,8128
G2_73100_1e-04,257,4,15731,60,0.11020341515541077,3.354763984680176,True,{},{},0.09524946997407824,False,False,8130
G2_73100_1e-04,258,4,15721,50,0.05176477134227753,1.6223607063293457,True,{},{},0.10075015702750534,False,False,8130
G2_73100_1e-04,259,4,351,15,0.17697381973266602,1.4708952903747559,True,{},{},0.09878668299643323,False,False,8130
G2_73100_1e-04,260,4,347,11,0.3575754761695862,1.2470459938049316,True,{},{},0.09370857299654745,False,False,8130
G2_73100_1e-04,261,4,339,3,0.33907192945480347,1.5177725553512573,True,{},{},0.09608510800171643,False,False,8130
G2_73100_1e-04,262,4,15720,49,0.06176584213972092,1.6744097471237183,True,{},{},0.09804581699427217,False,False,8130
G2_73100_1e-04,263,4,358,22,0.1921912580728531,1.0813676118850708,True,{},{},0.09749298598035239,False,False,8130
G2_73100_1e-04,264,4,337,1,0.34460121393203735,1.322374701499939,True,{},{},0.09504284401191399,False,False,8130
G2_73100_1e-04,265,4,15711,40,0.04541146382689476,0.6709327697753906,False,{},{},0.09443476097658277,False,False,8130
G2_73100_1e-04,266,4,344,8,0.36148446798324585,1.917624831199646,True,{},{},0.09785636400920339,False,False,8130
G2_73100_1e-04,267,4,15733,62,0.11435113102197647,1.9791040420532227,True,{},{},0.10391869899467565,False,False,8130
G2_73100_1e-04,268,4,336,0,0.33512407541275024,1.094806432723999,True,{},{},0.0963837320159655,False,False,8130
G2_73100_1e-04,269,4,342,6,0.3402261435985565,1.829026222229004,True,{},{},0.09759131001192145,False,False,8130
G2_73100_1e-04,270,4,8018,26,0.07663511484861374,1.0510973930358887,True,{},{},0.09765977400820702,False,False,8130
G2_73100_1e-04,271,4,15728,57,0.04934155195951462,1.7438735961914062,True,{},{},0.09712284701527096,False,False,8130
G2_73100_1e-04,272,4,346,10,0.35587185621261597,1.582754135131836,True,{},{},0.10294142400380224,False,False,8130
G2_73100_1e-04,273,4,8027,35,0.06816570460796356,0.8321611285209656,False,{},{},0.09716257499530911,False,False,8130
G2_73100_1e-04,274,4,15716,45,0.04195524752140045,0.693317174911499,False,{},{},0.0988467030110769,False,False,8130
G2_73100_1e-04,275,4,8031,39,0.04575268179178238,0.6611034274101257,False,{},{},0.095222500996897,False,False,8130
G2_73100_1e-04,276,4,15722,51,0.04907761514186859,0.9890764951705933,False,{},{},0.09689497499493882,False,False,8130
G2_73100_1e-04,277,4,15734,63,0.11776511371135712,1.7100071907043457,True,{},{},0.0989581469912082,False,False,8130
G2_73100_1e-04,278,4,338,2,0.36693277955055237,1.941899299621582,True,{},{},0.10166878398740664,False,False,8130
G2_73100_1e-04,279,4,15729,58,0.1503172218799591,9.11849308013916,True,{},{},0.10737947098095901,False,False,8130
G2_73100_1e-04,280,4,15712,41,0.05381133407354355,2.00319504737854,True,{},{},0.1026100569870323,False,False,8130
G2_73100_1e-04,281,4,8030,38,0.03981630504131317,0.5666908025741577,False,{},{},0.09953162400051951,False,False,8130
G2_73100_1e-04,282,4,15719,48,0.10178220272064209,6.322188854217529,True,{},{},0.10767674399539828,False,False,8130
G2_73100_1e-04,283,4,343,7,0.3319602310657501,1.2485142946243286,True,{},{},0.09783197400975041,False,False,8130
G2_73100_1e-04,284,4,8017,25,0.0704008936882019,0.9462612867355347,False,{},{},0.09505760899628513,False,False,8130
G2_73100_1e-04,285,4,355,19,0.16970539093017578,1.5417126417160034,True,{},{},0.0978372489917092,False,False,8130
G2_73100_1e-04,286,4,8016,24,0.09335605800151825,0.9989278316497803,False,{},{},0.10754910000832751,False,False,8130
G2_73100_1e-04,287,4,15713,42,0.040099531412124634,0.5092604160308838,False,{},{},0.09820793499238789,False,False,8130
G2_73100_1e-04,288,4,15714,43,0.04731965437531471,0.5680134296417236,False,{},{},0.09453106299042702,False,False,8130
G2_73100_1e-04,289,4,356,20,0.16193321347236633,0.9539411067962646,False,{},{},0.10099042201181874,False,False,8130
G2_73100_1e-04,290,4,8026,34,0.07502171397209167,1.760941982269287,True,{},{},0.09614519699243829,False,False,8130
G2_73100_1e-04,291,4,340,4,0.3230314254760742,0.8826431035995483,False,{},{},0.10019209299935028,False,False,8130
G2_73100_1e-04,292,4,15718,47,0.04746851697564125,1.6238820552825928,True,{},{},0.10040891298558563,False,False,8130
G2_73100_1e-04,293,4,15717,46,0.0437026172876358,1.0197786092758179,True,{},{},0.0959068389784079,False,False,8130
G2_73100_1e-04,294,4,15726,55,0.05977507680654526,2.7529385089874268,True,{},{},0.0985760829935316,False,False,8130
G2_73100_1e-04,295,4,15725,54,0.11547261476516724,4.109556198120117,True,{},{},0.10044567700242624,False,False,8130
G2_73100_1e-04,296,4,357,21,0.15157224237918854,1.1193031072616577,True,{},{},0.09509500997955911,False,False,8130
G2_73100_1e-04,297,4,15732,61,0.13041242957115173,2.3909075260162354,True,{},{},0.09564533599768765,False,False,8130
G2_73100_1e-04,298,4,8024,32,0.08763536810874939,0.9698147177696228,False,{},{},0.09630778199061751,False,False,8130
G2_73100_1e-04,299,4,8025,33,0.07394566386938095,1.2318994998931885,True,{},{},0.09521934197982773,False,False,8130
G2_73100_1e-04,300,4,15724,53,0.08241621404886246,2.630640983581543,True,{},{},0.09770573998684995,False,False,8130
G2_73100_1e-04,301,4,8029,37,0.053517475724220276,1.271499514579773,True,{},{},0.09454298001946881,False,False,8130
G2_73100_1e-04,302,4,8023,31,0.061990685760974884,0.875869870185852,False,{},{},0.09461284600547515,False,False,8130
G2_73100_1e-04,303,4,8020,28,0.09547626972198486,1.9553866386413574,True,{},{},0.10893683700123802,False,False,8130
G2_73100_1e-04,304,4,8019,27,0.09646767377853394,1.4179620742797852,True,{},{},0.09599189899745397,False,False,8130
G2_73100_1e-04,305,4,348,12,0.3517919182777405,6.567675590515137,True,{},{},0.1007658049929887,False,False,8130
G2_73100_1e-04,306,4,8021,29,0.06959418952465057,1.0493123531341553,True,{},{},0.09339865000220016,False,False,8130
G2_73100_1e-04,307,4,350,14,0.2563023865222931,6.633803844451904,True,{},{},0.0944861710013356,False,False,8130
G2_73100_1e-04,308,4,345,9,0.35231220722198486,2.016084671020508,True,{},{},0.09378009699867107,False,False,8130
G2_73100_1e-04,309,4,353,17,0.1378301978111267,1.345693826675415,True,{},{},0.095628916984424,False,False,8130
G2_73100_1e-04,310,4,352,16,0.13726767897605896,1.9407916069030762,True,{},{},0.10228471300797537,False,False,8130
G2_73100_1e-04,311,4,341,5,0.27542394399642944,2.312814950942993,True,{},{},0.09477022697683424,False,False,8130
G2_73100_1e-04,312,4,354,18,0.12566427886486053,1.6348000764846802,True,{},{},0.09975911900983192,False,False,8130
G2_73100_1e-04,313,4,8022,30,0.08543116599321365,1.2616028785705566,True,{},{},0.09729274301207624,False,False,8130
G2_73100_1e-04,314,4,15727,56,0.05358413606882095,1.2106728553771973,True,{},{},0.09893324098084122,False,False,8128
G2_73100_1e-04,315,4,15723,52,0.059212859719991684,0.9716724157333374,False,{},{},0.09188956298748963,False,False,8128
G2_73100_1e-04,316,4,8028,36,0.03491988778114319,0.6220721006393433,False,{},{},0.09446298200055026,False,False,8128
G2_73100_1e-04,317,4,15730,59,0.07758746296167374,2.826674699783325,True,{},{},0.09568064101040363,False,False,8128
G2_73100_1e-04,318,4,349,13,0.20884902775287628,2.426517963409424,True,{},{},0.09249040699796751,False,False,8128
G2_73100_1e-04,319,4,15715,44,0.07228561490774155,1.2418568134307861,True,{},{},0.09748279600171372,False,False,8128
G2_73100_1e-04,320,4,359,23,0.16702426970005035,1.7617908716201782,True,{},{},0.09392762600327842,False,False,8128
G2_73100_1e-04,321,5,356,20,0.12004933506250381,1.9601809978485107,True,{},{},0.09680946299340576,False,False,8128
G2_73100_1e-04,322,5,8027,35,0.04645568132400513,0.8006576299667358,False,{},{},0.09391561598749831,False,False,8128
G2_73100_1e-04,323,5,8024,32,0.06423710286617279,0.7051039934158325,False,{},{},0.0965434749959968,False,False,8128
G2_73100_1e-04,324,5,345,9,0.2713510990142822,2.779991626739502,True,{},{},0.09480451099807397,False,False,8128
G2_73100_1e-04,325,5,15728,57,0.21601881086826324,12.651275634765625,True,{},{},0.09370247699553147,False,False,8128
G2_73100_1e-04,326,5,15717,46,0.055709920823574066,1.236913800239563,True,{},{},0.09542660400620662,False,False,8128
G2_73100_1e-04,327,5,15714,43,0.04939302057027817,0.6295058727264404,False,{},{},0.0943893579824362,False,False,8128
G2_73100_1e-04,328,5,15719,48,0.05356460437178612,1.3482815027236938,True,{},{},0.09972052401280962,False,False,8129
G2_73100_1e-04,329,5,15718,47,0.03856978565454483,0.5809714794158936,False,{},{},0.09405411698389798,False,False,8129
G2_73100_1e-04,330,5,8022,30,0.04604841768741608,0.6492792367935181,False,{},{},0.10006740500102751,False,False,8129
G2_73100_1e-04,331,5,15716,45,0.06161469966173172,3.085529327392578,True,{},{},0.09274294899660163,False,False,8129
G2_73100_1e-04,332,5,8019,27,0.058238767087459564,0.7278097867965698,False,{},{},0.09520278900163248,False,False,8129
G2_73100_1e-04,333,5,15724,53,0.11681406199932098,5.695028305053711,True,{},{},0.09745177399599925,False,False,8128
G2_73100_1e-04,334,5,8029,37,0.031240984797477722,0.47098246216773987,False,{},{},0.10005333201843314,False,False,8128
G2_73100_1e-04,335,5,8026,34,0.0446389876306057,0.5901772379875183,False,{},{},0.09559499099850655,False,False,8128
G2_73100_1e-04,336,5,8018,26,0.057004690170288086,0.7221232056617737,False,{},{},0.09811532302410342,False,False,8128
G2_73100_1e-04,337,5,357,21,0.151541605591774,3.4445629119873047,True,{},{},0.10263061200384982,False,False,8128
G2_73100_1e-04,338,5,8021,29,0.04033906012773514,0.38710495829582214,False,{},{},0.09355930000310764,False,False,8128
G2_73100_1e-04,339,5,15732,61,0.09993185847997665,1.4339299201965332,True,{},{},0.09836899599758908,False,False,8128
G2_73100_1e-04,340,5,8025,33,0.05266318470239639,1.3079115152359009,True,{},{},0.09958893500152044,False,False,8128
G2_73100_1e-04,341,5,355,19,0.10172180086374283,1.4986648559570312,True,{},{},0.09642155800247565,False,False,8128
G2_73100_1e-04,342,5,349,13,0.1410725712776184,1.7484681606292725,True,{},{},0.09838722497806884,False,False,8128
G2_73100_1e-04,343,5,340,4,0.17775394022464752,3.3108510971069336,True,{},{},0.10231379501055926,False,False,8128
G2_73100_1e-04,344,5,342,6,0.1969471573829651,2.672416925430298,True,{},{},0.09497057099360973,False,False,8128
G2_73100_1e-04,345,5,359,23,0.11255228519439697,1.0438456535339355,True,{},{},0.09705458098324016,False,False,8128
G2_73100_1e-04,346,5,15727,56,0.03490356355905533,0.48838356137275696,False,{},{},0.09697515500010923,False,False,8128
G2_73100_1e-04,347,5,15721,50,0.04709557443857193,1.6545175313949585,True,{},{},0.10138442600145936,False,False,8128
G2_73100_1e-04,348,5,352,16,0.11533156037330627,2.0920684337615967,True,{},{},0.10030106198973954,False,False,8128
G2_73100_1e-04,349,5,337,1,0.17787519097328186,2.9633073806762695,True,{},{},0.09696178999729455,False,False,8128
G2_73100_1e-04,350,5,341,5,0.12165629863739014,2.940518617630005,True,{},{},0.09737758498522453,False,False,8128
G2_73100_1e-04,351,5,15712,41,0.03662113845348358,0.5671238899230957,False,{},{},0.10091055199154653,False,False,8129
G2_73100_1e-04,352,5,8016,24,0.05128525197505951,0.5046746730804443,False,{},{},0.09850236799684353,False,False,8129
G2_73100_1e-04,353,5,8028,36,0.026154275983572006,0.43934646248817444,False,{},{},0.10141179501079023,False,False,8129
G2_73100_1e-04,354,5,8030,38,0.029225017875432968,0.33553579449653625,False,{},{},0.09903300300356932,False,False,8129
G2_73100_1e-04,355,5,8020,28,0.04216967150568962,0.4664766788482666,False,{},{},0.09705188998486847,False,False,8129
G2_73100_1e-04,356,5,336,0,0.1805727481842041,2.8536226749420166,True,{},{},0.10395972200785764,False,False,8130
G2_73100_1e-04,357,5,15723,52,0.08461596816778183,3.869213342666626,True,{},{},0.09950276499148458,False,False,8130
G2_73100_1e-04,358,5,15725,54,0.049319200217723846,1.199963927268982,True,{},{},0.09810059398296289,False,False,8130
G2_73100_1e-04,359,5,8017,25,0.04032598063349724,0.4658864140510559,False,{},{},0.09491867097676732,False,False,8130
G2_73100_1e-04,360,5,343,7,0.13105404376983643,3.0475716590881348,True,{},{},0.09267949499189854,False,False,8130
G2_73100_1e-04,361,5,351,15,0.09984468668699265,1.4824416637420654,True,{},{},0.10057230299571529,False,False,8130
G2_73100_1e-04,362,5,350,14,0.10551406443119049,2.0294835567474365,True,{},{},0.09984264700324275,False,False,8130
G2_73100_1e-04,363,5,15720,49,0.03990691900253296,0.5589345693588257,False,{},{},0.09804176600300707,False,False,8130
G2_73100_1e-04,364,5,8023,31,0.03599728271365166,0.4879811406135559,False,{},{},0.09978740499354899,False,False,8130
G2_73100_1e-04,365,5,15729,58,0.04347965493798256,0.7948862910270691,False,{},{},0.10174275698955171,False,False,8130
G2_73100_1e-04,366,5,15713,42,0.032598741352558136,0.35609549283981323,False,{},{},0.0971110189857427,False,False,8130
G2_73100_1e-04,367,5,344,8,0.1043444573879242,1.5248403549194336,True,{},{},0.09716394898714498,False,False,8130
G2_73100_1e-04,368,5,15722,51,0.03542730584740639,0.5407556891441345,False,{},{},0.09904186098719947,False,False,8130
G2_73100_1e-04,369,5,347,11,0.15493489801883698,3.383606195449829,True,{},{},0.09998852698481642,False,False,8130
G2_73100_1e-04,370,5,338,2,0.1704925000667572,5.877747058868408,True,{},{},0.10534191899932921,False,False,8130
G2_73100_1e-04,371,5,15711,40,0.0344286784529686,0.45680540800094604,False,{},{},0.09809949799091555,False,False,8130
G2_73100_1e-04,372,5,353,17,0.09219853579998016,1.7272605895996094,True,{},{},0.09976950800046325,False,False,8130
G2_73100_1e-04,373,5,15715,44,0.03160897642374039,0.2870178520679474,False,{},{},0.09711392997996882,False,False,8130
G2_73100_1e-04,374,5,15734,63,0.11110847443342209,2.8169195652008057,True,{},{},0.09730163399945013,False,False,8130
G2_73100_1e-04,375,5,358,22,0.11274836957454681,1.8417232036590576,True,{},{},0.10115045102429576,False,False,8130
G2_73100_1e-04,376,5,354,18,0.08217857033014297,1.1623791456222534,True,{},{},0.09430918999714777,False,False,8130
G2_73100_1e-04,377,5,8031,39,0.02804647758603096,0.3122914433479309,False,{},{},0.0976833870226983,False,False,8130
G2_73100_1e-04,378,5,15730,59,0.05307331681251526,1.3921631574630737,True,{},{},0.09390010699280538,False,False,8130
G2_73100_1e-04,379,5,15731,60,0.07355239987373352,0.49050602316856384,False,{},{},0.09870258200680837,False,False,8130
G2_73100_1e-04,380,5,346,10,0.13019120693206787,1.945265293121338,True,{},{},0.10004087298875675,False,False,8130
G2_73100_1e-04,381,5,15726,55,0.03824613615870476,1.4473295211791992,True,{},{},0.095187814993551,False,False,8130
G2_73100_1e-04,382,5,348,12,0.15047785639762878,2.7270286083221436,True,{},{},0.09493009600555524,False,False,8130
G2_73100_1e-04,383,5,15733,62,0.08382972329854965,0.8201741576194763,False,{},{},0.09639289398910478,False,False,8130
G2_73100_1e-04,384,5,339,3,0.14012643694877625,3.018596887588501,True,{},{},0.10042199300369248,False,False,8130
G2_73100_1e-04,385,6,8017,25,0.035360854119062424,0.36530324816703796,False,{},{},0.09560217801481485,False,False,8130
G2_73100_1e-04,386,6,15717,46,0.031355708837509155,0.5620484948158264,False,{},{},0.09452558899647556,False,False,8130
G2_73100_1e-04,387,6,337,1,0.11465935409069061,2.215747356414795,True,{},{},0.09397325501777232,False,False,8130
G2_73100_1e-04,388,6,8030,38,0.02653508447110653,0.39283719658851624,False,{},{},0.10025052999844775,False,False,8130
G2_73100_1e-04,389,6,353,17,0.07940088212490082,1.289084553718567,True,{},{},0.09450779401231557,False,False,8130
G2_73100_1e-04,390,6,15722,51,0.05133938789367676,2.1652233600616455,True,{},{},0.095419496006798,False,False,8130
G2_73100_1e-04,391,6,344,8,0.0907258540391922,1.95026433467865,True,{},{},0.09480223400169052,False,False,8130
G2_73100_1e-04,392,6,8021,29,0.05545833706855774,2.668074369430542,True,{},{},0.09378356297384016,False,False,8130
G2_73100_1e-04,393,6,15714,43,0.036831438541412354,0.6190630793571472,False,{},{},0.09985349900671281,False,False,8130
G2_73100_1e-04,394,6,15719,48,0.03441108018159866,0.4633136987686157,False,{},{},0.09431378700537607,False,False,8130
G2_73100_1e-04,395,6,357,21,0.09810145944356918,2.5214996337890625,True,{},{},0.09461965700029396,False,False,8130
G2_73100_1e-04,396,6,348,12,0.14488045871257782,4.602725505828857,True,{},{},0.09761735302163288,False,False,8130
G2_73100_1e-04,397,6,354,18,0.07221464812755585,1.252874732017517,True,{},{},0.09465958501095884,False,False,8130
G2_73100_1e-04,398,6,8022,30,0.02791520580649376,0.4805282950401306,False,{},{},0.09967551802401431,False,False,8130
G2_73100_1e-04,399,6,355,19,0.0782567709684372,1.2226057052612305,True,{},{},0.0956860359874554,False,False,8130
G2_73100_1e-04,400,6,15718,47,0.029205964878201485,0.5800061821937561,False,{},{},0.0927548120089341,False,False,8130
G2_73100_1e-04,401,6,15729,58,0.03150897100567818,0.3604700267314911,False,{},{},0.0937556559802033,False,False,8130
G2_73100_1e-04,402,6,15726,55,0.04098057746887207,2.054004669189453,True,{},{},0.09541003001504578,False,False,8130
G2_73100_1e-04,403,6,15716,45,0.0279834046959877,0.33907121419906616,False,{},{},0.09745031298371032,False,False,8130
G2_73100_1e-04,404,6,15727,56,0.03263724595308304,1.2828305959701538,True,{},{},0.09615972699248232,False,False,8130
G2_73100_1e-04,405,6,359,23,0.08818686753511429,1.166048288345337,True,{},{},0.09366521600168198,False,False,8130
G2_73100_1e-04,406,6,8031,39,0.02172119729220867,0.2083444446325302,False,{},{},0.0927679669985082,False,False,8130
G2_73100_1e-04,407,6,8026,34,0.05645906925201416,1.0561460256576538,True,{},{},0.09668003299157135,False,False,8130
G2_73100_1e-04,408,6,8028,36,0.029258638620376587,0.46805253624916077,False,{},{},0.09864580901921727,False,False,8130
G2_73100_1e-04,409,6,358,22,0.08387044072151184,1.0254237651824951,True,{},{},0.0942991100018844,False,False,8130
G2_73100_1e-04,410,6,8025,33,0.04063456133008003,0.8292485475540161,False,{},{},0.09373681398574263,False,False,8130
G2_73100_1e-04,411,6,15725,54,0.054593656212091446,1.8246577978134155,True,{},{},0.09339339699363336,False,False,8130
G2_73100_1e-04,412,6,351,15,0.07575112581253052,1.1953610181808472,True,{},{},0.09942646298441105,False,False,8130
G2_73100_1e-04,413,6,340,4,0.09897644817829132,1.8552451133728027,True,{},{},0.10000712901819497,False,False,8130
G2_73100_1e-04,414,6,338,2,0.11892397701740265,2.2027690410614014,True,{},{},0.09474137000506744,False,False,8130
G2_73100_1e-04,415,6,15712,41,0.0237691942602396,0.2869757413864136,False,{},{},0.09752143701189198,False,False,8130
G2_73100_1e-04,416,6,350,14,0.08310792595148087,1.3492473363876343,True,{},{},0.09568645802210085,False,False,8130
G2_73100_1e-04,417,6,8029,37,0.017499294131994247,0.2613551616668701,False,{},{},0.09709165897220373,False,False,8130
G2_73100_1e-04,418,6,346,10,0.08660911023616791,1.701532244682312,True,{},{},0.09495723299914971,False,False,8130
G2_73100_1e-04,419,6,345,9,0.07469886541366577,0.9313850998878479,False,{},{},0.09246478500426747,False,False,8130
G2_73100_1e-04,420,6,339,3,0.08577422797679901,1.9080095291137695,True,{},{},0.09764728200389072,False,False,8130
G2_73100_1e-04,421,6,15715,44,0.02621486969292164,0.6883751153945923,False,{},{},0.10562761998153292,False,False,8130
G2_73100_1e-04,422,6,15730,59,0.03753819316625595,0.7370646595954895,False,{},{},0.10074476498994045,False,False,8128
G2_73100_1e-04,423,6,8020,28,0.046457625925540924,0.6910263895988464,False,{},{},0.09517668199259788,False,False,8128
G2_73100_1e-04,424,6,356,20,0.07117040455341339,0.9129091501235962,False,{},{},0.0955950350034982,False,False,8128
G2_73100_1e-04,425,6,349,13,0.090193971991539,1.7494604587554932,True,{},{},0.09429486800218001,False,False,8128
G2_73100_1e-04,426,6,15720,49,0.03587550297379494,1.4193379878997803,True,{},{},0.096275063988287,False,False,8128
G2_73100_1e-04,427,6,15723,52,0.03815588355064392,0.7555885910987854,False,{},{},0.09802884599776007,False,False,8128
G2_73100_1e-04,428,6,15711,40,0.02300087735056877,0.2527206242084503,False,{},{},0.09348643300472759,False,False,8128
G2_73100_1e-04,429,6,8023,31,0.05453503876924515,1.485999584197998,True,{},{},0.09696819499367848,False,False,8128
G2_73100_1e-04,430,6,8016,24,0.04190915822982788,0.7335953712463379,False,{},{},0.09783502900972962,False,False,8128
G2_73100_1e-04,431,6,15713,42,0.031050870195031166,0.43848568201065063,False,{},{},0.09408906300086528,False,False,8128
G2_73100_1e-04,432,6,15724,53,0.04896077886223793,1.8307383060455322,True,{},{},0.09841277298983186,False,False,8128
G2_73100_1e-04,433,6,15731,60,0.09101508557796478,2.7066547870635986,True,{},{},0.09527968399925157,False,False,8128
G2_73100_1e-04,434,6,347,11,0.0761089026927948,1.0123299360275269,True,{},{},0.09647769498405978,False,False,8128
G2_73100_1e-04,435,6,8027,35,0.03425336629152298,0.7478112578392029,False,{},{},0.09693150699604303,False,False,8128
G2_73100_1e-04,436,6,8018,26,0.043396830558776855,0.9642014503479004,False,{},{},0.0952545519976411,False,False,8128
G2_73100_1e-04,437,6,341,5,0.09379805624485016,1.9980146884918213,True,{},{},0.09684886201284826,False,False,8128
G2_73100_1e-04,438,6,336,0,0.09581387788057327,1.3630181550979614,True,{},{},0.0970933549979236,False,False,8128
G2_73100_1e-04,439,6,15728,57,0.03904698044061661,2.119143009185791,True,{},{},0.09680854401085526,False,False,8128
G2_73100_1e-04,440,6,15733,62,0.07802553474903107,0.6607820391654968,False,{},{},0.09618871798738837,False,False,8128
G2_73100_1e-04,441,6,15734,63,0.08593669533729553,1.5576623678207397,True,{},{},0.09749363700393587,False,False,8128
G2_73100_1e-04,442,6,15732,61,0.07271970808506012,0.57475346326828,False,{},{},0.09669029401266016,False,False,8128
G2_73100_1e-04,443,6,342,6,0.08445262908935547,1.6328662633895874,True,{},{},0.09902653598692268,False,False,8128
G2_73100_1e-04,444,6,15721,50,0.04978751391172409,2.3107991218566895,True,{},{},0.0974028589844238,False,False,8128
G2_73100_1e-04,445,6,343,7,0.08719350397586823,1.4879111051559448,True,{},{},0.09509277099277824,False,False,8128
G2_73100_1e-04,446,6,8024,32,0.04468667507171631,0.6101685762405396,False,{},{},0.0986193849821575,False,False,8129
G2_73100_1e-04,447,6,8019,27,0.03748903051018715,0.47742795944213867,False,{},{},0.09453378600301221,False,False,8129
G2_73100_1e-04,448,6,352,16,0.06726597249507904,1.1667410135269165,True,{},{},0.09610806801356375,False,False,8129
G2_73100_1e-04,449,7,15725,54,0.04155578464269638,0.8220710158348083,False,{},{},0.09379430499393493,False,False,8129
G2_73100_1e-04,450,7,15728,57,0.05220552533864975,1.9264625310897827,True,{},{},0.10148067399859428,False,False,8129
G2_73100_1e-04,451,7,8025,33,0.031314849853515625,0.46206527948379517,False,{},{},0.09478677200968377,False,False,8129
G2_73100_1e-04,452,7,15733,62,0.08631742000579834,1.2744531631469727,True,{},{},0.09368196400464512,False,False,8129
G2_73100_1e-04,453,7,340,4,0.0732729583978653,1.4254463911056519,True,{},{},0.10474830900784582,False,False,8129
G2_73100_1e-04,454,7,352,16,0.057281751185655594,1.1765737533569336,True,{},{},0.09415799399721436,False,False,8129
G2_73100_1e-04,455,7,337,1,0.07319454848766327,1.6100457906723022,True,{},{},0.09744879000936635,False,False,8130
G2_73100_1e-04,456,7,341,5,0.07373307645320892,1.100202202796936,True,{},{},0.09690597499138676,False,False,8130
G2_73100_1e-04,457,7,8023,31,0.02790435403585434,0.6346588730812073,False,{},{},0.09462163297575898,False,False,8130
G2_73100_1e-04,458,7,15729,58,0.04088612645864487,2.448955774307251,True,{},{},0.0950822290033102,False,False,8130
G2_73100_1e-04,459,7,338,2,0.0757184773683548,1.5985841751098633,True,{},{},0.09659405599813908,False,False,8130
G2_73100_1e-04,460,7,15717,46,0.027666673064231873,0.4562714695930481,False,{},{},0.10295386699726805,False,False,8130
G2_73100_1e-04,461,7,15722,51,0.07482782006263733,4.625766277313232,True,{},{},0.09612076199846342,False,False,8130
G2_73100_1e-04,462,7,8018,26,0.02887042798101902,0.5638653039932251,False,{},{},0.0963433779834304,False,False,8130
G2_73100_1e-04,463,7,15716,45,0.026635590940713882,0.5739399790763855,False,{},{},0.09150001901434734,False,False,8130
G2_73100_1e-04,464,7,351,15,0.06687958538532257,1.453822135925293,True,{},{},0.09735604701563716,False,False,8130
G2_73100_1e-04,465,7,8026,34,0.0249148178845644,0.3420426547527313,False,{},{},0.09698708401992917,False,False,8130
G2_73100_1e-04,466,7,8020,28,0.033290620893239975,0.41150254011154175,False,{},{},0.09233839801163413,False,False,8130
G2_73100_1e-04,467,7,8029,37,0.017965802922844887,0.2558194696903229,False,{},{},0.09695835100137629,False,False,8130
G2_73100_1e-04,468,7,357,21,0.074562206864357,1.8079314231872559,True,{},{},0.09430348299792968,False,False,8130
G2_73100_1e-04,469,7,8031,39,0.02262704074382782,0.37249070405960083,False,{},{},0.09452414402039722,False,False,8130
G2_73100_1e-04,470,7,15714,43,0.03754183650016785,0.6508733034133911,False,{},{},0.10044375498546287,False,False,8129
G2_73100_1e-04,471,7,349,13,0.09123654663562775,1.890209436416626,True,{},{},0.09817938099149615,False,False,8129
G2_73100_1e-04,472,7,339,3,0.05779824033379555,1.1707745790481567,True,{},{},0.10103746099048294,False,False,8129
G2_73100_1e-04,473,7,15712,41,0.017668388783931732,0.21540488302707672,False,{},{},0.09594832701259293,False,False,8129
G2_73100_1e-04,474,7,15724,53,0.04087568819522858,1.3476741313934326,True,{},{},0.10247711901320145,False,False,8130
G2_73100_1e-04,475,7,358,22,0.07078862190246582,0.8365600109100342,False,{},{},0.09722138202050701,False,False,8130
G2_73100_1e-04,476,7,15732,61,0.07016482949256897,0.9299747943878174,False,{},{},0.09816893099923618,False,False,8130
G2_73100_1e-04,477,7,347,11,0.06453887373209,1.114528775215149,True,{},{},0.09464801198919304,False,False,8130
G2_73100_1e-04,478,7,8028,36,0.01895487681031227,0.29381516575813293,False,{},{},0.09619748199474998,False,False,8130
G2_73100_1e-04,479,7,15721,50,0.029134707525372505,0.5861683487892151,False,{},{},0.09770251798909158,False,False,8130
G2_73100_1e-04,480,7,342,6,0.05941290035843849,1.111014723777771,True,{},{},0.09406175199546851,False,False,8130
G2_73100_1e-04,481,7,15731,60,0.06694337725639343,1.4678003787994385,True,{},{},0.09616021701367572,False,False,8130
G2_73100_1e-04,482,7,15734,63,0.07666786760091782,1.029785394668579,True,{},{},0.09486530799767934,False,False,8130
G2_73100_1e-04,483,7,8016,24,0.035093434154987335,0.6726956963539124,False,{},{},0.09524320100899786,False,False,8130
G2_73100_1e-04,484,7,8027,35,0.021659068763256073,0.2617045044898987,False,{},{},0.10147313500056043,False,False,8130
G2_73100_1e-04,485,7,355,19,0.05618513002991676,0.8582134246826172,False,{},{},0.09715459600556642,False,False,8130
G2_73100_1e-04,486,7,336,0,0.06692038476467133,1.2539188861846924,True,{},{},0.0957950379815884,False,False,8130
G2_73100_1e-04,487,7,8022,30,0.02336816117167473,0.39948639273643494,False,{},{},0.09361600098782219,False,False,8130
G2_73100_1e-04,488,7,8019,27,0.03441004455089569,0.7489020228385925,False,{},{},0.09502382299979217,False,False,8130
G2_73100_1e-04,489,7,8017,25,0.02763480879366398,0.3634948432445526,False,{},{},0.09755678198416717,False,False,8130
G2_73100_1e-04,490,7,343,7,0.0525083914399147,0.8822225332260132,False,{},{},0.09832888501114212,False,False,8130
G2_73100_1e-04,491,7,354,18,0.05984417349100113,0.8738532066345215,False,{},{},0.09554826698149554,False,False,8130
G2_73100_1e-04,492,7,15727,56,0.021070342510938644,0.3683294951915741,False,{},{},0.09789810300571844,False,False,8130
G2_73100_1e-04,493,7,8024,32,0.030821193009614944,0.51096510887146,False,{},{},0.09701740700984374,False,False,8130
G2_73100_1e-04,494,7,15715,44,0.03209533914923668,0.856241762638092,False,{},{},0.09597072697943076,False,False,8130
G2_73100_1e-04,495,7,15711,40,0.021619169041514397,0.2911732792854309,False,{},{},0.09579929400933906,False,False,8130
G2_73100_1e-04,496,7,348,12,0.0716046541929245,1.5698730945587158,True,{},{},0.09830616100225598,False,False,8130
G2_73100_1e-04,497,7,356,20,0.051485102623701096,0.9412169456481934,False,{},{},0.10010863302159123,False,False,8130
G2_73100_1e-04,498,7,344,8,0.06552520394325256,1.220308780670166,True,{},{},0.09960547302034684,False,False,8130
G2_73100_1e-04,499,7,353,17,0.05089245364069939,0.6630079746246338,False,{},{},0.0973326239909511,False,False,8130
G2_73100_1e-04,500,7,8021,29,0.040046971291303635,1.0859535932540894,True,{},{},0.09496160899288952,False,False,8130
G2_73100_1e-04,501,7,15720,49,0.03157968446612358,0.74202561378479,False,{},{},0.09345028098323382,False,False,8130
G2_73100_1e-04,502,7,346,10,0.07394065707921982,1.6466987133026123,True,{},{},0.09400524900411256,False,False,8130
G2_73100_1e-04,503,7,15730,59,0.06369363516569138,2.8784334659576416,True,{},{},0.09886703101801686,False,False,8130
G2_73100_1e-04,504,7,15726,55,0.029710916802287102,1.3404994010925293,True,{},{},0.09526659498806112,False,False,8130
G2_73100_1e-04,505,7,15718,47,0.024628080427646637,0.2626451849937439,False,{},{},0.09618358800071292,False,False,8130
G2_73100_1e-04,506,7,15719,48,0.027118850499391556,0.3118212819099426,False,{},{},0.09572246501920745,False,False,8130
G2_73100_1e-04,507,7,15713,42,0.023136649280786514,0.45469996333122253,False,{},{},0.0931753100012429,False,False,8130
G2_73100_1e-04,508,7,345,9,0.07429683208465576,1.4459832906723022,True,{},{},0.0994767030060757,False,False,8132
G2_73100_1e-04,509,7,350,14,0.068401038646698,1.2544057369232178,True,{},{},0.09734896899317391,False,False,8132
G2_73100_1e-04,510,7,15723,52,0.06833203136920929,3.609982967376709,True,{},{},0.09518596000270918,False,False,8132
G2_73100_1e-04,511,7,359,23,0.07811523973941803,1.3735209703445435,True,{},{},0.09784766999655403,False,False,8132
G2_73100_1e-04,512,7,8030,38,0.019935443997383118,0.22964832186698914,False,{},{},0.09554747698712163,False,False,8132
G2_73100_3e-05,1,0,15720,49,0.26151010394096375,0.08058857917785645,False,{},{},0.10218026099028066,False,False,8224
G2_73100_3e-05,2,0,15721,50,0.2843373119831085,0.07954247295856476,False,{},{},0.10184435002156533,False,False,8132
G2_73100_3e-05,3,0,15723,52,0.3336034417152405,0.09194724261760712,False,{},{},0.09659019799437374,False,False,8132
G2_73100_3e-05,4,0,8022,30,0.2725531756877899,0.205815851688385,False,{},{},0.0962173189909663,False,False,8132
G2_73100_3e-05,5,0,340,4,0.9412552118301392,1.8767811059951782,True,{},{},0.09422398498281837,False,False,8132
G2_73100_3e-05,6,0,350,14,1.223581314086914,3.8637583255767822,True,{},{},0.09661659001722,False,False,8132
G2_73100_3e-05,7,0,8020,28,0.27062517404556274,0.2629106342792511,False,{},{},0.10207282300689258,False,False,8132
G2_73100_3e-05,8,0,341,5,0.8828610777854919,1.061947226524353,True,{},{},0.09556325201992877,False,False,8132
G2_73100_3e-05,9,0,15717,46,0.18114522099494934,0.06223796308040619,False,{},{},0.09642135599278845,False,False,8132
G2_73100_3e-05,10,0,348,12,0.9586243629455566,1.1138511896133423,True,{},{},0.09509076198446564,False,False,8132
G2_73100_3e-05,11,0,15716,45,0.14959748089313507,0.05148943513631821,False,{},{},0.09749420499429107,False,False,8132
G2_73100_3e-05,12,0,8029,37,0.22842594981193542,1.3991340398788452,True,{},{},0.09748382199904881,False,False,8132
G2_73100_3e-05,13,0,356,20,0.7171642184257507,1.5482966899871826,True,{},{},0.09363586100516841,False,False,8132
G2_73100_3e-05,14,0,8024,32,0.2611388564109802,0.16719864308834076,False,{},{},0.09159390401327983,False,False,8132
G2_73100_3e-05,15,0,351,15,0.8275136947631836,2.271428346633911,True,{},{},0.09768241399433464,False,False,8132
G2_73100_3e-05,16,0,8016,24,0.2816832661628723,0.31373265385627747,False,{},{},0.09472949898918159,False,False,8132
G2_73100_3e-05,17,0,15718,47,0.20390203595161438,0.07568834722042084,False,{},{},0.09864503200515173,False,False,8132
G2_73100_3e-05,18,0,343,7,1.0421276092529297,1.3789998292922974,True,{},{},0.09430711998720653,False,False,8132
G2_73100_3e-05,19,0,15714,43,0.09448014199733734,0.05034366250038147,False,{},{},0.09615624300204217,False,False,8132
G2_73100_3e-05,20,0,15726,55,0.4021218419075012,0.1233748346567154,False,{},{},0.09649208499467932,False,False,8132
G2_73100_3e-05,21,0,345,9,0.9137646555900574,0.7543191313743591,False,{},{},0.0959164889936801,False,False,8132
G2_73100_3e-05,22,0,336,0,1.1065045595169067,4.135772705078125,True,{},{},0.09683777100872248,False,False,8132
G2_73100_3e-05,23,0,355,19,0.6936730742454529,1.1592872142791748,True,{},{},0.09491637599421665,False,False,8132
G2_73100_3e-05,24,0,8018,26,0.26457756757736206,0.27358299493789673,False,{},{},0.09500827299780212,False,False,8132
G2_73100_3e-05,25,0,15712,41,0.04257640615105629,0.04553735628724098,False,{},{},0.09669584900257178,False,False,8132
G2_73100_3e-05,26,0,8019,27,0.258705735206604,0.21330656111240387,False,{},{},0.10062760201981291,False,False,8132
G2_73100_3e-05,27,0,337,1,1.425147294998169,3.5921900272369385,True,{},{},0.09209838998503983,False,False,8132
G2_73100_3e-05,28,0,15724,53,0.35601478815078735,0.10037725418806076,False,{},{},0.09481691001565196,False,False,8132
G2_73100_3e-05,29,0,8017,25,0.279423326253891,0.3290763199329376,False,{},{},0.09488583498750813,False,False,8132
G2_73100_3e-05,30,0,344,8,0.9109951257705688,0.9163188934326172,False,{},{},0.09466067899484187,False,False,8132
G2_73100_3e-05,31,0,8031,39,0.18379193544387817,0.25058966875076294,False,{},{},0.09737917000893503,False,False,8132
G2_73100_3e-05,32,0,15711,40,0.043241724371910095,0.04875989258289337,False,{},{},0.09391991299344227,False,False,8132
G2_73100_3e-05,33,0,8023,31,0.26085829734802246,0.19484378397464752,False,{},{},0.09321433998411521,False,False,8132
G2_73100_3e-05,34,0,349,13,1.2421629428863525,5.303532600402832,True,{},{},0.09731511198333465,False,False,8132
G2_73100_3e-05,35,0,346,10,0.8997206687927246,0.8279858231544495,False,{},{},0.0941089729894884,False,False,8132
G2_73100_3e-05,36,0,8030,38,0.18128268420696259,0.45156824588775635,False,{},{},0.09726570700877346,False,False,8132
G2_73100_3e-05,37,0,8025,33,0.2657296657562256,0.17862561345100403,False,{},{},0.09582688999944367,False,False,8132
G2_73100_3e-05,38,0,359,23,0.781680703163147,2.318765640258789,True,{},{},0.09505333099514246,False,False,8132
G2_73100_3e-05,39,0,342,6,0.8992263078689575,1.0316916704177856,True,{},{},0.09679924498777837,False,False,8132
G2_73100_3e-05,40,0,339,3,0.8469867706298828,1.2252408266067505,True,{},{},0.09496594901429489,False,False,8132
G2_73100_3e-05,41,0,15733,62,0.6544188261032104,0.1759134978055954,False,{},{},0.09723541600396857,False,False,8132
G2_73100_3e-05,42,0,15725,54,0.3815634250640869,0.1052820160984993,False,{},{},0.09487002799869515,False,False,8132
G2_73100_3e-05,43,0,15731,60,0.5815727114677429,0.14136938750743866,False,{},{},0.09273454698268324,False,False,8132
G2_73100_3e-05,44,0,15727,56,0.42211979627609253,0.15630730986595154,False,{},{},0.09454533102689311,False,False,8132
G2_73100_3e-05,45,0,15728,57,0.45125216245651245,0.12570025026798248,False,{},{},0.09479330998146906,False,False,8132
G2_73100_3e-05,46,0,15713,42,0.07007607817649841,0.050645869225263596,False,{},{},0.09979844401823357,False,False,8132
G2_73100_3e-05,47,0,353,17,0.6872633695602417,1.9719821214675903,True,{},{},0.09196746797533706,False,False,8132
G2_73100_3e-05,48,0,15722,51,0.3050086796283722,0.09441109001636505,False,{},{},0.09962647798238322,False,False,8132
G2_73100_3e-05,49,0,15730,59,0.5225434303283691,0.12779293954372406,False,{},{},0.0940930969954934,False,False,8132
G2_73100_3e-05,50,0,15715,44,0.12540915608406067,0.04882240667939186,False,{},{},0.09315215901006013,False,False,8132
G2_73100_3e-05,51,0,358,22,0.6883453130722046,1.9263113737106323,True,{},{},0.09681583498604596,False,False,8132
G2_73100_3e-05,52,0,354,18,0.6694549918174744,0.9413327574729919,False,{},{},0.09423953099758364,False,False,8132
G2_73100_3e-05,53,0,338,2,1.1727441549301147,4.813164234161377,True,{},{},0.09873741498449817,False,False,8132
G2_73100_3e-05,54,0,8026,34,0.24799253046512604,0.21626749634742737,False,{},{},0.09273596902494319,False,False,8132
G2_73100_3e-05,55,0,8021,29,0.2666536271572113,0.23276422917842865,False,{},{},0.09857305701007135,False,False,8132
G2_73100_3e-05,56,0,357,21,0.61509108543396,0.8588542342185974,False,{},{},0.09766498298267834,False,False,8132
G2_73100_3e-05,57,0,352,16,0.6497142314910889,0.8448606133460999,False,{},{},0.09658243099693209,False,False,8132
G2_73100_3e-05,58,0,15729,58,0.48805058002471924,0.1172628104686737,False,{},{},0.09363799702259712,False,False,8132
G2_73100_3e-05,59,0,15734,63,0.6851189136505127,0.21229515969753265,False,{},{},0.09716238401597366,False,False,8132
G2_73100_3e-05,60,0,8027,35,0.24314120411872864,0.24400553107261658,False,{},{},0.0996784140006639,False,False,8132
G2_73100_3e-05,61,0,8028,36,0.1555626541376114,0.47690847516059875,False,{},{},0.09284350697998889,False,False,8132
G2_73100_3e-05,62,0,15719,48,0.23152987658977509,0.0873752236366272,False,{},{},0.0991509169980418,False,False,8132
G2_73100_3e-05,63,0,347,11,0.8622359037399292,0.8908477425575256,False,{},{},0.09560252900701016,False,False,8132
G2_73100_3e-05,64,0,15732,61,0.6183722615242004,0.17874367535114288,False,{},{},0.09784703198238276,False,False,8132
G2_73100_3e-05,65,1,354,18,0.6319809556007385,1.146511435508728,True,{},{},0.09524801702355035,False,False,8132
G2_73100_3e-05,66,1,345,9,0.8494133949279785,0.7395711541175842,False,{},{},0.09725481399800628,False,False,8132
G2_73100_3e-05,67,1,15734,63,0.6829854249954224,0.22475121915340424,False,{},{},0.09697789698839188,False,False,8132
G2_73100_3e-05,68,1,15721,50,0.27870458364486694,0.09318708628416061,False,{},{},0.09683859799406491,False,False,8132
G2_73100_3e-05,69,1,8026,34,0.24406345188617706,0.21839100122451782,False,{},{},0.10151479000342079,False,False,8132
G2_73100_3e-05,70,1,337,1,1.0869745016098022,6.201896667480469,True,{},{},0.09535186999710277,False,False,8132
G2_73100_3e-05,71,1,341,5,0.8051214814186096,1.7529631853103638,True,{},{},0.09795491601107642,False,False,8132
G2_73100_3e-05,72,1,336,0,0.8174644708633423,0.9981197118759155,False,{},{},0.0977976770082023,False,False,8132
G2_73100_3e-05,73,1,15718,47,0.20088452100753784,0.08573294430971146,False,{},{},0.09404021999216639,False,False,8132
G2_73100_3e-05,74,1,8023,31,0.2583043575286865,0.22152824699878693,False,{},{},0.09987942699808627,False,False,8132
G2_73100_3e-05,75,1,8027,35,0.238663911819458,0.24192257225513458,False,{},{},0.09837187401717529,False,False,8132
G2_73100_3e-05,76,1,348,12,0.8873491287231445,1.4688225984573364,True,{},{},0.09593854000559077,False,False,8132
G2_73100_3e-05,77,1,15726,55,0.39520078897476196,0.13150200247764587,False,{},{},0.09952709099161439,False,False,8132
G2_73100_3e-05,78,1,8021,29,0.2654605805873871,0.24902459979057312,False,{},{},0.09662662300979719,False,False,8132
G2_73100_3e-05,79,1,15725,54,0.37660542130470276,0.11700625717639923,False,{},{},0.0948233759845607,False,False,8132
G2_73100_3e-05,80,1,15730,59,0.5165827870368958,0.14337098598480225,False,{},{},0.10313430600217544,False,False,8132
G2_73100_3e-05,81,1,340,4,0.7724686861038208,0.9962090849876404,False,{},{},0.0962855160178151,False,False,8132
G2_73100_3e-05,82,1,15714,43,0.09458164870738983,0.06425872445106506,False,{},{},0.093414879986085,False,False,8132
G2_73100_3e-05,83,1,15729,58,0.48358362913131714,0.12579943239688873,False,{},{},0.10069267000653781,False,False,8132
G2_73100_3e-05,84,1,15723,52,0.3253704011440277,0.11807885020971298,False,{},{},0.09708970101200975,False,False,8132
G2_73100_3e-05,85,1,359,23,0.6263334155082703,1.6881637573242188,True,{},{},0.09891015602624975,False,False,8132
G2_73100_3e-05,86,1,15716,45,0.14734485745429993,0.0612073577940464,False,{},{},0.09391025902004912,False,False,8132
G2_73100_3e-05,87,1,357,21,0.5586079359054565,0.7672469615936279,False,{},{},0.0919934059784282,False,False,8132
G2_73100_3e-05,88,1,358,22,0.5947840213775635,1.340969204902649,True,{},{},0.1003178920072969,False,False,8131
G2_73100_3e-05,89,1,343,7,0.9084224700927734,1.6269371509552002,True,{},{},0.09712874799151905,False,False,8131
G2_73100_3e-05,90,1,8019,27,0.25159674882888794,0.24254478514194489,False,{},{},0.09505673899548128,False,False,8131
G2_73100_3e-05,91,1,8028,36,0.14497576653957367,0.41871377825737,False,{},{},0.09628744699875824,False,False,8131
G2_73100_3e-05,92,1,15713,42,0.0709323137998581,0.06560754776000977,False,{},{},0.09439183099311776,False,False,8131
G2_73100_3e-05,93,1,15732,61,0.6108131408691406,0.18156597018241882,False,{},{},0.09819865101599135,False,False,8131
G2_73100_3e-05,94,1,8018,26,0.25244301557540894,0.27802684903144836,False,{},{},0.09910107500036247,False,False,8131
G2_73100_3e-05,95,1,8017,25,0.2662036716938019,0.3575737774372101,False,{},{},0.09519494697451591,False,False,8131
G2_73100_3e-05,96,1,15717,46,0.17719952762126923,0.07804811745882034,False,{},{},0.09834436699748039,False,False,8131
G2_73100_3e-05,97,1,15728,57,0.44317084550857544,0.14126449823379517,False,{},{},0.10019825800554827,False,False,8131
G2_73100_3e-05,98,1,339,3,0.741002082824707,0.7290284633636475,False,{},{},0.09716931299772114,False,False,8131
G2_73100_3e-05,99,1,355,19,0.548147439956665,0.717341959476471,False,{},{},0.09768885202356614,False,False,8131
G2_73100_3e-05,100,1,344,8,0.8029150366783142,0.7040032148361206,False,{},{},0.09515807099523954,False,False,8131
G2_73100_3e-05,101,1,347,11,0.8097795248031616,0.7394075393676758,False,{},{},0.09465107199503109,False,False,8131
G2_73100_3e-05,102,1,350,14,0.9725044965744019,5.910876750946045,True,{},{},0.10113588298554532,False,False,8131
G2_73100_3e-05,103,1,15720,49,0.25092363357543945,0.10635358095169067,False,{},{},0.09650251700077206,False,False,8131
G2_73100_3e-05,104,1,8031,39,0.17000187933444977,0.26946043968200684,False,{},{},0.09228335999068804,False,False,8131
G2_73100_3e-05,105,1,338,2,0.9459966421127319,5.036408424377441,True,{},{},0.09551922700484283,False,False,8131
G2_73100_3e-05,106,1,351,15,0.6088437438011169,1.213076114654541,True,{},{},0.09441259899176657,False,False,8131
G2_73100_3e-05,107,1,8025,33,0.2547936737537384,0.20175974071025848,False,{},{},0.10372595197986811,False,False,8131
G2_73100_3e-05,108,1,352,16,0.5622460842132568,0.7404874563217163,False,{},{},0.09431342702009715,False,False,8131
G2_73100_3e-05,109,1,8029,37,0.17666782438755035,0.9069152474403381,False,{},{},0.0934782309923321,False,False,8131
G2_73100_3e-05,110,1,8020,28,0.2576483488082886,0.30012401938438416,False,{},{},0.09606236399849877,False,False,8131
G2_73100_3e-05,111,1,15715,44,0.12407105416059494,0.06618198752403259,False,{},{},0.0936154049995821,False,False,8131
G2_73100_3e-05,112,1,8024,32,0.2516070604324341,0.20954522490501404,False,{},{},0.10397797598852776,False,False,8131
G2_73100_3e-05,113,1,356,20,0.4954780340194702,0.6186111569404602,False,{},{},0.09621492400765419,False,False,8131
G2_73100_3e-05,114,1,15731,60,0.5674530863761902,0.17853735387325287,False,{},{},0.09434256801614538,False,False,8131
G2_73100_3e-05,115,1,15712,41,0.044991254806518555,0.07910910993814468,False,{},{},0.0961238699965179,False,False,8131
G2_73100_3e-05,116,1,15719,48,0.22699563205242157,0.10142086446285248,False,{},{},0.0970657890138682,False,False,8131
G2_73100_3e-05,117,1,342,6,0.8005713820457458,1.6439698934555054,True,{},{},0.09591019499930553,False,False,8131
G2_73100_3e-05,118,1,15733,62,0.6373586654663086,0.20922601222991943,False,{},{},0.09630626699072309,False,False,8131
G2_73100_3e-05,119,1,8022,30,0.2572651505470276,0.25652143359184265,False,{},{},0.09440227202139795,False,False,8131
G2_73100_3e-05,120,1,15724,53,0.3445957899093628,0.12518952786922455,False,{},{},0.09499680297449231,False,False,8131
G2_73100_3e-05,121,1,353,17,0.5223795175552368,0.9378601908683777,False,{},{},0.1034726329962723,False,False,8131
G2_73100_3e-05,122,1,8016,24,0.25579941272735596,0.3551095128059387,False,{},{},0.09464122299687006,False,False,8131
G2_73100_3e-05,123,1,8030,38,0.1568988412618637,0.3335365056991577,False,{},{},0.09513390599749982,False,False,8131
G2_73100_3e-05,124,1,15722,51,0.2959896922111511,0.11640223860740662,False,{},{},0.09550735398079269,False,False,8131
G2_73100_3e-05,125,1,15711,40,0.046272143721580505,0.08507136255502701,False,{},{},0.09652474799077027,False,False,8131
G2_73100_3e-05,126,1,15727,56,0.4105684757232666,0.13610072433948517,False,{},{},0.10131379700032994,False,False,8131
G2_73100_3e-05,127,1,346,10,0.7994683980941772,0.9924154877662659,False,{},{},0.09416649001650512,False,False,8131
G2_73100_3e-05,128,1,349,13,0.9289504289627075,6.634637832641602,True,{},{},0.09392659200238995,False,False,8131
G2_73100_3e-05,129,2,353,17,0.5055771470069885,0.6686311364173889,False,{},{},0.09363090098486282,False,False,8131
G2_73100_3e-05,130,2,8027,35,0.2278236746788025,0.2607215344905853,False,{},{},0.10103781500947662,False,False,8132
G2_73100_3e-05,131,2,8017,25,0.25217851996421814,0.3626370131969452,False,{},{},0.09652299198205583,False,False,8132
G2_73100_3e-05,132,2,8020,28,0.2521131932735443,0.3085925579071045,False,{},{},0.09431134900660254,False,False,8132
G2_73100_3e-05,133,2,15729,58,0.47551652789115906,0.14704738557338715,False,{},{},0.09817967101116665,False,False,8132
G2_73100_3e-05,134,2,15719,48,0.22518715262413025,0.10218148678541183,False,{},{},0.09624809000524692,False,False,8132
G2_73100_3e-05,135,2,8024,32,0.24610386788845062,0.22629041969776154,False,{},{},0.09886432200437412,False,False,8132
G2_73100_3e-05,136,2,15731,60,0.5630265474319458,0.18395933508872986,False,{},{},0.09255126601783559,False,False,8132
G2_73100_3e-05,137,2,15714,43,0.09479373693466187,0.08366384357213974,False,{},{},0.09651079899049364,False,False,8132
G2_73100_3e-05,138,2,8030,38,0.1525953710079193,0.33101001381874084,False,{},{},0.093549962999532,False,False,8132
G2_73100_3e-05,139,2,15715,44,0.12355570495128632,0.07825220376253128,False,{},{},0.09678444499149919,False,False,8132
G2_73100_3e-05,140,2,8018,26,0.23847778141498566,0.28565844893455505,False,{},{},0.10072247599600814,False,False,8132
G2_73100_3e-05,141,2,8021,29,0.25241705775260925,0.2883159816265106,False,{},{},0.0971140929905232,False,False,8132
G2_73100_3e-05,142,2,345,9,0.7647653222084045,0.7969764471054077,False,{},{},0.10034782401635312,False,False,8132
G2_73100_3e-05,143,2,15734,63,0.6644924283027649,0.23814919590950012,False,{},{},0.09983189197373576,False,False,8132
G2_73100_3e-05,144,2,8028,36,0.13392888009548187,0.47643381357192993,False,{},{},0.10175312001956627,False,False,8132
G2_73100_3e-05,145,2,347,11,0.7638612389564514,0.7610222697257996,False,{},{},0.10172923098434694,False,False,8132
G2_73100_3e-05,146,2,8025,33,0.24381187558174133,0.22386571764945984,False,{},{},0.10117695800727233,False,False,8132
G2_73100_3e-05,147,2,349,13,0.7497604489326477,4.674859046936035,True,{},{},0.09889326299889944,False,False,8132
G2_73100_3e-05,148,2,15722,51,0.29286038875579834,0.1249968558549881,False,{},{},0.09866801099269651,False,False,8132
G2_73100_3e-05,149,2,344,8,0.748206377029419,0.6580685377120972,False,{},{},0.10030994701082818,False,False,8132
G2_73100_3e-05,150,2,15733,62,0.6296658515930176,0.2183023989200592,False,{},{},0.10093960000085644,False,False,8132
G2_73100_3e-05,151,2,15713,42,0.07156062871217728,0.08790998160839081,False,{},{},0.0991611480130814,False,False,8132
G2_73100_3e-05,152,2,15732,61,0.5978325605392456,0.20167048275470734,False,{},{},0.09586919099092484,False,False,8132
G2_73100_3e-05,153,2,348,12,0.7703292369842529,1.065808653831482,True,{},{},0.09799352800473571,False,False,8132
G2_73100_3e-05,154,2,352,16,0.5021266341209412,0.9112350940704346,False,{},{},0.10166658798698336,False,False,8132
G2_73100_3e-05,155,2,15721,50,0.2677834630012512,0.1259053349494934,False,{},{},0.09666018999996595,False,False,8132
G2_73100_3e-05,156,2,15725,54,0.3652377724647522,0.1478060483932495,False,{},{},0.09591415099566802,False,False,8132
G2_73100_3e-05,157,2,15723,52,0.31554412841796875,0.13944441080093384,False,{},{},0.09956726498785429,False,False,8132
G2_73100_3e-05,158,2,337,1,0.8926540613174438,5.097799301147461,True,{},{},0.09889445299631916,False,False,8132
G2_73100_3e-05,159,2,340,4,0.687786340713501,0.9655030369758606,False,{},{},0.0975836509896908,False,False,8132
G2_73100_3e-05,160,2,8022,30,0.24591240286827087,0.2698323130607605,False,{},{},0.0954648970218841,False,False,8132
G2_73100_3e-05,161,2,15717,46,0.17231176793575287,0.08569790422916412,False,{},{},0.09881023698835634,False,False,8132
G2_73100_3e-05,162,2,351,15,0.5108895301818848,1.242592692375183,True,{},{},0.09830467900610529,False,False,8132
G2_73100_3e-05,163,2,8016,24,0.23865234851837158,0.3662155866622925,False,{},{},0.09761904898914509,False,False,8132
G2_73100_3e-05,164,2,358,22,0.49119672179222107,0.6948022246360779,False,{},{},0.09733441600110382,False,False,8132
G2_73100_3e-05,165,2,15720,49,0.2422092854976654,0.12536942958831787,False,{},{},0.09327474399469793,False,False,8132
G2_73100_3e-05,166,2,357,21,0.47997015714645386,1.1245107650756836,True,{},{},0.0973928339954,False,False,8132
G2_73100_3e-05,167,2,15712,41,0.046676430851221085,0.10461325943470001,False,{},{},0.09584804601036012,False,False,8132
G2_73100_3e-05,168,2,15727,56,0.4050189256668091,0.1470220386981964,False,{},{},0.10163083500810899,False,False,8132
G2_73100_3e-05,169,2,339,3,0.6651128530502319,0.8233699202537537,False,{},{},0.09876498198718764,False,False,8132
G2_73100_3e-05,170,2,346,10,0.7385702133178711,0.7489616274833679,False,{},{},0.09336564698605798,False,False,8132
G2_73100_3e-05,171,2,8023,31,0.23883920907974243,0.26552602648735046,False,{},{},0.09642304098815657,False,False,8132
G2_73100_3e-05,172,2,8031,39,0.1562494933605194,0.34122970700263977,False,{},{},0.0980032299994491,False,False,8132
G2_73100_3e-05,173,2,354,18,0.4797452688217163,0.8326549530029297,False,{},{},0.0997041140217334,False,False,8132
G2_73100_3e-05,174,2,336,0,0.6652498245239258,0.8161077499389648,False,{},{},0.09330895397579297,False,False,8132
G2_73100_3e-05,175,2,15724,53,0.33540546894073486,0.13415545225143433,False,{},{},0.09375652199378237,False,False,8132
G2_73100_3e-05,176,2,341,5,0.6976483464241028,1.2115846872329712,True,{},{},0.09501290498883463,False,False,8132
G2_73100_3e-05,177,2,15728,57,0.4325500428676605,0.151736319065094,False,{},{},0.09786405100021511,False,False,8132
G2_73100_3e-05,178,2,8019,27,0.23161286115646362,0.29692840576171875,False,{},{},0.09419587600859813,False,False,8132
G2_73100_3e-05,179,2,350,14,0.5396509170532227,2.2801096439361572,True,{},{},0.09759151699836366,False,False,8132
G2_73100_3e-05,180,2,342,6,0.7277035117149353,1.59661865234375,True,{},{},0.09807664400432259,False,False,8132
G2_73100_3e-05,181,2,8029,37,0.14434599876403809,0.7482861280441284,False,{},{},0.09388839098392054,False,False,8132
G2_73100_3e-05,182,2,8026,34,0.21777552366256714,0.27801597118377686,False,{},{},0.10048735301825218,False,False,8132
G2_73100_3e-05,183,2,15730,59,0.4988362789154053,0.18363235890865326,False,{},{},0.09556076501030475,False,False,8132
G2_73100_3e-05,184,2,15726,55,0.38085031509399414,0.14180459082126617,False,{},{},0.09373169197351672,False,False,8132
G2_73100_3e-05,185,2,15716,45,0.14314094185829163,0.08344776183366776,False,{},{},0.09605856100097299,False,False,8132
G2_73100_3e-05,186,2,359,23,0.4954530596733093,1.0687438249588013,True,{},{},0.10071698599494994,False,False,8132
G2_73100_3e-05,187,2,343,7,0.744461178779602,1.4130008220672607,True,{},{},0.09841640500235371,False,False,8132
G2_73100_3e-05,188,2,15711,40,0.04855343699455261,0.12493272125720978,False,{},{},0.0971876039984636,False,False,8132
G2_73100_3e-05,189,2,338,2,0.7728921175003052,4.3441925048828125,True,{},{},0.0956170099962037,False,False,8132
G2_73100_3e-05,190,2,15718,47,0.1918121576309204,0.10847273468971252,False,{},{},0.09507572799338959,False,False,8132
G2_73100_3e-05,191,2,356,20,0.4424688518047333,1.0137823820114136,True,{},{},0.09840136399725452,False,False,8132
G2_73100_3e-05,192,2,355,19,0.4489864408969879,1.0791789293289185,True,{},{},0.10141525501967408,False,False,8132
G2_73100_3e-05,193,3,15719,48,0.21963565051555634,0.1359030157327652,False,{},{},0.09556130602140911,False,False,8132
G2_73100_3e-05,194,3,348,12,0.7124595046043396,1.055789589881897,True,{},{},0.09719729400239885,False,False,8132
G2_73100_3e-05,195,3,342,6,0.6890473365783691,0.8204407095909119,False,{},{},0.09691424900665879,False,False,8132
G2_73100_3e-05,196,3,8019,27,0.22786161303520203,0.32434216141700745,False,{},{},0.10715529799927026,False,False,8132
G2_73100_3e-05,197,3,350,14,0.4941655397415161,1.000382423400879,True,{},{},0.09744181198766455,False,False,8132
G2_73100_3e-05,198,3,344,8,0.7017485499382019,0.9242436289787292,False,{},{},0.0970138999982737,False,False,8132
G2_73100_3e-05,199,3,346,10,0.7022078037261963,0.811740517616272,False,{},{},0.09594224600004964,False,False,8132
G2_73100_3e-05,200,3,8017,25,0.22718402743339539,0.3961191475391388,False,{},{},0.09353230299893767,False,False,8132
G2_73100_3e-05,201,3,15722,51,0.2859266400337219,0.14377477765083313,False,{},{},0.10541143402224407,False,False,8132
G2_73100_3e-05,202,3,8028,36,0.13038527965545654,0.7012887001037598,False,{},{},0.0957642069843132,False,False,8132
G2_73100_3e-05,203,3,8031,39,0.15007638931274414,0.40832844376564026,False,{},{},0.0965766339795664,False,False,8132
G2_73100_3e-05,204,3,15715,44,0.12302049994468689,0.12000681459903717,False,{},{},0.09761135000735521,False,False,8132
G2_73100_3e-05,205,3,15731,60,0.5532298684120178,0.21746455132961273,False,{},{},0.09557053798926063,False,False,8132
G2_73100_3e-05,206,3,357,21,0.4333469271659851,0.6091933250427246,False,{},{},0.09614046901697293,False,False,8132
G2_73100_3e-05,207,3,8030,38,0.13806967437267303,0.4123869836330414,False,{},{},0.10017581301508471,False,False,8132
G2_73100_3e-05,208,3,15732,61,0.5878992676734924,0.23734262585639954,False,{},{},0.09805754298577085,False,False,8132
G2_73100_3e-05,209,3,15724,53,0.33127206563949585,0.15210071206092834,False,{},{},0.09527768401312642,False,False,8132
G2_73100_3e-05,210,3,8020,28,0.2288859486579895,0.3509886562824249,False,{},{},0.09850489199743606,False,False,8132
G2_73100_3e-05,211,3,8021,29,0.23194783926010132,0.3437994718551636,False,{},{},0.09241047798423097,False,False,8132
G2_73100_3e-05,212,3,358,22,0.4492153823375702,0.8905630111694336,False,{},{},0.10100972099462524,False,False,8132
G2_73100_3e-05,213,3,15712,41,0.047859303653240204,0.13163985311985016,False,{},{},0.09513248500297777,False,False,8132
G2_73100_3e-05,214,3,8022,30,0.23106181621551514,0.29299500584602356,False,{},{},0.09515261498745531,False,False,8132
G2_73100_3e-05,215,3,15728,57,0.42954254150390625,0.15923620760440826,False,{},{},0.10435402300208807,False,False,8132
G2_73100_3e-05,216,3,337,1,0.7127716541290283,2.792729616165161,True,{},{},0.13312310399487615,False,False,8132
G2_73100_3e-05,217,3,15723,52,0.30842554569244385,0.15757256746292114,False,{},{},0.09821388201089576,False,False,8132
G2_73100_3e-05,218,3,8026,34,0.21090474724769592,0.3283939063549042,False,{},{},0.0992352080065757,False,False,8132
G2_73100_3e-05,219,3,338,2,0.6786121129989624,0.8737663626670837,False,{},{},0.10101616301108152,False,False,8126
G2_73100_3e-05,220,3,355,19,0.4165186882019043,0.9472435712814331,False,{},{},0.09968373499577865,False,False,8126
G2_73100_3e-05,221,3,15711,40,0.047814346849918365,0.14083096385002136,False,{},{},0.0991517280053813,False,False,8126
G2_73100_3e-05,222,3,15718,47,0.190171018242836,0.1285592019557953,False,{},{},0.09947340600774623,False,False,8126
G2_73100_3e-05,223,3,340,4,0.6329621076583862,0.9685748815536499,False,{},{},0.09565571599523537,False,False,8126
G2_73100_3e-05,224,3,8029,37,0.1199662908911705,0.6315790414810181,False,{},{},0.09730130102252588,False,False,8126
G2_73100_3e-05,225,3,351,15,0.4488754868507385,1.50556480884552,True,{},{},0.10157344900653698,False,False,8126
G2_73100_3e-05,226,3,15725,54,0.35672527551651,0.1681641936302185,False,{},{},0.09624400900793262,False,False,8126
G2_73100_3e-05,227,3,345,9,0.6728329658508301,0.8009384274482727,False,{},{},0.09410361698246561,False,False,8126
G2_73100_3e-05,228,3,8025,33,0.2269454151391983,0.2957136631011963,False,{},{},0.0983724270190578,False,False,8126
G2_73100_3e-05,229,3,8027,35,0.21111246943473816,0.43492740392684937,False,{},{},0.097134081996046,False,False,8126
G2_73100_3e-05,230,3,353,17,0.4411769509315491,2.0615272521972656,True,{},{},0.09999877799418755,False,False,8126
G2_73100_3e-05,231,3,15730,59,0.49432170391082764,0.2144683599472046,False,{},{},0.09662865599966608,False,False,8126
G2_73100_3e-05,232,3,15717,46,0.16837170720100403,0.10566560924053192,False,{},{},0.09809889298048802,False,False,8126
G2_73100_3e-05,233,3,8023,31,0.22464369237422943,0.310775488615036,False,{},{},0.10017884898115881,False,False,8126
G2_73100_3e-05,234,3,349,13,0.471410870552063,1.0998425483703613,True,{},{},0.0976119349943474,False,False,8126
G2_73100_3e-05,235,3,15721,50,0.259286493062973,0.166312575340271,False,{},{},0.09417191299144179,False,False,8126
G2_73100_3e-05,236,3,15714,43,0.09536492079496384,0.12639020383358002,False,{},{},0.09494565398199484,False,False,8126
G2_73100_3e-05,237,3,15727,56,0.39804723858833313,0.17611776292324066,False,{},{},0.09858994200476445,False,False,8126
G2_73100_3e-05,238,3,8016,24,0.21455472707748413,0.4047541320323944,False,{},{},0.10813007800607011,False,False,8127
G2_73100_3e-05,239,3,15726,55,0.37544119358062744,0.1796174943447113,False,{},{},0.10199875000398606,False,False,8127
G2_73100_3e-05,240,3,15729,58,0.46008792519569397,0.1965922713279724,False,{},{},0.09670935000758618,False,False,8127
G2_73100_3e-05,241,3,8024,32,0.22308458387851715,0.3361087143421173,False,{},{},0.10221536899916828,False,False,8127
G2_73100_3e-05,242,3,354,18,0.43336403369903564,1.847901701927185,True,{},{},0.0982329580001533,False,False,8127
G2_73100_3e-05,243,3,15713,42,0.07407107949256897,0.1454717367887497,False,{},{},0.10146703198552132,False,False,8127
G2_73100_3e-05,244,3,15733,62,0.6123974323272705,0.27119746804237366,False,{},{},0.09613696500309743,False,False,8127
G2_73100_3e-05,245,3,15734,63,0.644679069519043,0.3113692104816437,False,{},{},0.09618529802537523,False,False,8127
G2_73100_3e-05,246,3,359,23,0.43524250388145447,1.0343972444534302,True,{},{},0.09586278200731613,False,False,8127
G2_73100_3e-05,247,3,343,7,0.6575381755828857,1.075685739517212,True,{},{},0.10250340498168953,False,False,8127
G2_73100_3e-05,248,3,15716,45,0.14185723662376404,0.10295987129211426,False,{},{},0.09807845100294799,False,False,8127
G2_73100_3e-05,249,3,336,0,0.631836473941803,0.9945336580276489,False,{},{},0.09671796302427538,False,False,8127
G2_73100_3e-05,250,3,347,11,0.6684474945068359,0.9634682536125183,False,{},{},0.09528703399701044,False,False,8127
G2_73100_3e-05,251,3,15720,49,0.23392361402511597,0.1606237292289734,False,{},{},0.09718148698448204,False,False,8127
G2_73100_3e-05,252,3,339,3,0.6129763126373291,0.829450249671936,False,{},{},0.10299738898174837,False,False,8127
G2_73100_3e-05,253,3,356,20,0.3927009403705597,0.6776248216629028,False,{},{},0.09698641000431962,False,False,8127
G2_73100_3e-05,254,3,8018,26,0.20924818515777588,0.4033529460430145,False,{},{},0.09456686698831618,False,False,8127
G2_73100_3e-05,255,3,341,5,0.6209310293197632,1.4538451433181763,True,{},{},0.09779249998973683,False,False,8127
G2_73100_3e-05,256,3,352,16,0.421509325504303,0.8304818868637085,False,{},{},0.09452377000707202,False,False,8127
G2_73100_3e-05,257,4,15731,60,0.5440858602523804,0.2576577961444855,False,{},{},0.09448235901072621,False,False,8132
G2_73100_3e-05,258,4,15721,50,0.2557584047317505,0.1879335343837738,False,{},{},0.09489449000102468,False,False,8132
G2_73100_3e-05,259,4,351,15,0.41946646571159363,0.8252632021903992,False,{},{},0.09902908798540011,False,False,8132
G2_73100_3e-05,260,4,347,11,0.648863673210144,0.7966817021369934,False,{},{},0.0980429110059049,False,False,8132
G2_73100_3e-05,261,4,339,3,0.5996214151382446,0.8764292597770691,False,{},{},0.10022820200538263,False,False,8132
G2_73100_3e-05,262,4,15720,49,0.2329607605934143,0.1758647859096527,False,{},{},0.09526987900608219,False,False,8132
G2_73100_3e-05,263,4,358,22,0.40890979766845703,0.7652718424797058,False,{},{},0.09394611499737948,False,False,8132
G2_73100_3e-05,264,4,337,1,0.646213710308075,1.483567714691162,True,{},{},0.1225374290079344,False,False,8132
G2_73100_3e-05,265,4,15711,40,0.04959801584482193,0.1827443242073059,False,{},{},0.0970826740085613,False,False,8132
G2_73100_3e-05,266,4,344,8,0.6270328760147095,0.877510130405426,False,{},{},0.1013844310073182,False,False,8132
G2_73100_3e-05,267,4,15733,62,0.605609655380249,0.2973102033138275,False,{},{},0.09658903899253346,False,False,8132
G2_73100_3e-05,268,4,336,0,0.6014459729194641,0.8892863988876343,False,{},{},0.09514930300065316,False,False,8132
G2_73100_3e-05,269,4,342,6,0.6073182225227356,0.9550209641456604,False,{},{},0.0961930570192635,False,False,8132
G2_73100_3e-05,270,4,8018,26,0.20511148869991302,0.4549615979194641,False,{},{},0.09982845399645157,False,False,8132
G2_73100_3e-05,271,4,15728,57,0.4225860834121704,0.19325272738933563,False,{},{},0.09795352900982834,False,False,8132
G2_73100_3e-05,272,4,346,10,0.6122761368751526,1.047898769378662,True,{},{},0.10218210800667293,False,False,8132
G2_73100_3e-05,273,4,8027,35,0.20036226511001587,0.5275782346725464,False,{},{},0.09796573198400438,False,False,8132
G2_73100_3e-05,274,4,15716,45,0.14079958200454712,0.11705050617456436,False,{},{},0.09548052900936455,False,False,8132
G2_73100_3e-05,275,4,8031,39,0.1314162015914917,0.460737407207489,False,{},{},0.10294790001353249,False,False,8133
G2_73100_3e-05,276,4,15722,51,0.2788124680519104,0.23594506084918976,False,{},{},0.09283703099936247,False,False,8133
G2_73100_3e-05,277,4,15734,63,0.6372576355934143,0.36873045563697815,False,{},{},0.0962403150042519,False,False,8133
G2_73100_3e-05,278,4,338,2,0.6142759323120117,1.4323524236679077,True,{},{},0.09342477400787175,False,False,8133
G2_73100_3e-05,279,4,15729,58,0.45218923687934875,0.2521691918373108,False,{},{},0.09559937100857496,False,False,8133
G2_73100_3e-05,280,4,15712,41,0.05089831352233887,0.2053837776184082,False,{},{},0.10378281399607658,False,False,8133
G2_73100_3e-05,281,4,8030,38,0.12201344966888428,0.5783082842826843,False,{},{},0.0937259620113764,False,False,8133
G2_73100_3e-05,282,4,15719,48,0.21335238218307495,0.23614516854286194,False,{},{},0.0940340330125764,False,False,8133
G2_73100_3e-05,283,4,343,7,0.5913102626800537,1.030469298362732,True,{},{},0.09893726601148956,False,False,8133
G2_73100_3e-05,284,4,8017,25,0.19580356776714325,0.3779416084289551,False,{},{},0.09846596900024451,False,False,8133
G2_73100_3e-05,285,4,355,19,0.38193678855895996,0.8267264366149902,False,{},{},0.09607781199156307,False,False,8132
G2_73100_3e-05,286,4,8016,24,0.19634121656417847,0.4359464645385742,False,{},{},0.0952845590072684,False,False,8132
G2_73100_3e-05,287,4,15713,42,0.07450027018785477,0.20817802846431732,False,{},{},0.09286407098989002,False,False,8132
G2_73100_3e-05,288,4,15714,43,0.09438497573137283,0.16874349117279053,False,{},{},0.10027013899525627,False,False,8132
G2_73100_3e-05,289,4,356,20,0.37284719944000244,0.9188995361328125,False,{},{},0.1047484619775787,False,False,8132
G2_73100_3e-05,290,4,8026,34,0.1904502809047699,0.48686710000038147,False,{},{},0.09572031299467199,False,False,8132
G2_73100_3e-05,291,4,340,4,0.5620974898338318,1.6122773885726929,True,{},{},0.10221315498347394,False,False,8132
G2_73100_3e-05,292,4,15718,47,0.18665319681167603,0.18576745688915253,False,{},{},0.09639594398322515,False,False,8132
G2_73100_3e-05,293,4,15717,46,0.16508308053016663,0.14596222341060638,False,{},{},0.09506383098778315,False,False,8132
G2_73100_3e-05,294,4,15726,55,0.36721572279930115,0.3069767951965332,False,{},{},0.10199742199620232,False,False,8132
G2_73100_3e-05,295,4,15725,54,0.3475484251976013,0.2583555281162262,False,{},{},0.09409412898821756,False,False,8132
G2_73100_3e-05,296,4,357,21,0.3770357668399811,1.5383766889572144,True,{},{},0.09619763700175099,False,False,8132
G2_73100_3e-05,297,4,15732,61,0.5700383186340332,0.36659878492355347,False,{},{},0.09730853801011108,False,False,8132
G2_73100_3e-05,298,4,8024,32,0.20803610980510712,0.4398549497127533,False,{},{},0.09691342001315206,False,False,8132
G2_73100_3e-05,299,4,8025,33,0.20198045670986176,0.3753693997859955,False,{},{},0.10299158000270836,False,False,8132
G2_73100_3e-05,300,4,15724,53,0.31813740730285645,0.2493550181388855,False,{},{},0.09473985902150162,False,False,8132
G2_73100_3e-05,301,4,8029,37,0.09711344540119171,0.7153579592704773,False,{},{},0.09681984400958754,False,False,8132
G2_73100_3e-05,302,4,8023,31,0.20482994616031647,0.3128422796726227,False,{},{},0.09736957101267762,False,False,8132
G2_73100_3e-05,303,4,8020,28,0.19984984397888184,0.4369920492172241,False,{},{},0.09845258700079285,False,False,8132
G2_73100_3e-05,304,4,8019,27,0.19032564759254456,0.4755731523036957,False,{},{},0.09702426198055036,False,False,8132
G2_73100_3e-05,305,4,348,12,0.6065016984939575,1.2804532051086426,True,{},{},0.09526341201853938,False,False,8132
G2_73100_3e-05,306,4,8021,29,0.20230689644813538,0.36592093110084534,False,{},{},0.09871335100615397,False,False,8132
G2_73100_3e-05,307,4,350,14,0.41387155652046204,1.2422465085983276,True,{},{},0.09827248199144378,False,False,8132
G2_73100_3e-05,308,4,345,9,0.583483099937439,1.108962893486023,True,{},{},0.10040964800282381,False,False,8133
G2_73100_3e-05,309,4,353,17,0.40334221720695496,2.0701663494110107,True,{},{},0.09422941601951607,False,False,8133
G2_73100_3e-05,310,4,352,16,0.3911367654800415,1.12307608127594,True,{},{},0.10167128298780881,False,False,8133
G2_73100_3e-05,311,4,341,5,0.5385321378707886,1.7986476421356201,True,{},{},0.1004012219782453,False,False,8133
G2_73100_3e-05,312,4,354,18,0.40733006596565247,2.11167049407959,True,{},{},0.09874385700095445,False,False,8133
G2_73100_3e-05,313,4,8022,30,0.20239339768886566,0.3318152129650116,False,{},{},0.1032138440059498,False,False,8133
G2_73100_3e-05,314,4,15727,56,0.38061779737472534,0.30840253829956055,False,{},{},0.0988179930136539,False,False,8133
G2_73100_3e-05,315,4,15723,52,0.29577746987342834,0.28883498907089233,False,{},{},0.10257426599855535,False,False,8133
G2_73100_3e-05,316,4,8028,36,0.1077994629740715,1.1987296342849731,True,{},{},0.09595417499076575,False,False,8133
G2_73100_3e-05,317,4,15730,59,0.4790395200252533,0.359005868434906,False,{},{},0.10223558597499505,False,False,8132
G2_73100_3e-05,318,4,349,13,0.386692613363266,1.3631234169006348,True,{},{},0.09911772698978893,False,False,8132
G2_73100_3e-05,319,4,15715,44,0.12103364616632462,0.28084707260131836,False,{},{},0.09676188899902627,False,False,8132
G2_73100_3e-05,320,4,359,23,0.37866470217704773,1.4025882482528687,True,{},{},0.09852012500050478,False,False,8132
G2_73100_3e-05,321,5,356,20,0.3580116331577301,1.6031553745269775,True,{},{},0.09656721900682896,False,False,8132
G2_73100_3e-05,322,5,8027,35,0.17309173941612244,0.5197113156318665,False,{},{},0.0935591570159886,False,False,8132
G2_73100_3e-05,323,5,8024,32,0.19530193507671356,0.45449891686439514,False,{},{},0.09892837799270637,False,False,8132
G2_73100_3e-05,324,5,345,9,0.554756760597229,0.8403216004371643,False,{},{},0.09842216499964707,False,False,8132
G2_73100_3e-05,325,5,15728,57,0.4095526337623596,0.3289058208465576,False,{},{},0.09576333899167366,False,False,8132
G2_73100_3e-05,326,5,15717,46,0.1612592339515686,0.16374623775482178,False,{},{},0.09833442399394698,False,False,8132
G2_73100_3e-05,327,5,15714,43,0.09425497055053711,0.20710769295692444,False,{},{},0.09207419998710975,False,False,8132
G2_73100_3e-05,328,5,15719,48,0.20650924742221832,0.3271241784095764,False,{},{},0.09667490198626183,False,False,8132
G2_73100_3e-05,329,5,15718,47,0.18081748485565186,0.22999297082424164,False,{},{},0.09306929999729618,False,False,8132
G2_73100_3e-05,330,5,8022,30,0.19519631564617157,0.363752156496048,False,{},{},0.09204470599070191,False,False,8132
G2_73100_3e-05,331,5,15716,45,0.1377297341823578,0.16665410995483398,False,{},{},0.10048814298352227,False,False,8132
G2_73100_3e-05,332,5,8019,27,0.17521262168884277,0.5049928426742554,False,{},{},0.09429588299826719,False,False,8132
G2_73100_3e-05,333,5,15724,53,0.30893757939338684,0.3030625283718109,False,{},{},0.09817930200370029,False,False,8132
G2_73100_3e-05,334,5,8029,37,0.09886457771062851,2.107261896133423,True,{},{},0.09481942598358728,False,False,8132
G2_73100_3e-05,335,5,8026,34,0.17124998569488525,0.5931137800216675,False,{},{},0.09670027098036371,False,False,8132
G2_73100_3e-05,336,5,8018,26,0.18138232827186584,0.4816719889640808,False,{},{},0.10106444201664999,False,False,8132
G2_73100_3e-05,337,5,357,21,0.3613380193710327,2.351813554763794,True,{},{},0.09443229899625294,False,False,8132
G2_73100_3e-05,338,5,8021,29,0.18188297748565674,0.4473927617073059,False,{},{},0.09894868399715051,False,False,8132
G2_73100_3e-05,339,5,15732,61,0.5559848546981812,0.5217032432556152,False,{},{},0.09924876698642038,False,False,8132
G2_73100_3e-05,340,5,8025,33,0.18043577671051025,0.42172661423683167,False,{},{},0.10124448800343089,False,False,8132
G2_73100_3e-05,341,5,355,19,0.3487645089626312,1.0506563186645508,True,{},{},0.09800813198671676,False,False,8133
G2_73100_3e-05,342,5,349,13,0.36152324080467224,1.586446762084961,True,{},{},0.10110754301422276,False,False,8133
G2_73100_3e-05,343,5,340,4,0.5085815787315369,1.076128363609314,True,{},{},0.09655494801700115,False,False,8133
G2_73100_3e-05,344,5,342,6,0.5120300054550171,1.1881502866744995,True,{},{},0.10567438800353557,False,False,8133
G2_73100_3e-05,345,5,359,23,0.35838934779167175,1.3913075923919678,True,{},{},0.09989443398080766,False,False,8133
G2_73100_3e-05,346,5,15727,56,0.3656163215637207,0.48580166697502136,False,{},{},0.09601826898870058,False,False,8133
G2_73100_3e-05,347,5,15721,50,0.24232646822929382,0.36720436811447144,False,{},{},0.0961142260057386,False,False,8133
G2_73100_3e-05,348,5,352,16,0.34504470229148865,1.1181961297988892,True,{},{},0.09711576101835817,False,False,8133
G2_73100_3e-05,349,5,337,1,0.565017819404602,2.8709535598754883,True,{},{},0.09820716897957027,False,False,8133
G2_73100_3e-05,350,5,341,5,0.490889310836792,1.8301022052764893,True,{},{},0.10276697200606577,False,False,8132
G2_73100_3e-05,351,5,15712,41,0.052128251641988754,0.36015886068344116,False,{},{},0.0999887950019911,False,False,8132
G2_73100_3e-05,352,5,8016,24,0.17919401824474335,0.6566598415374756,False,{},{},0.09636677702656016,False,False,8132
G2_73100_3e-05,353,5,8028,36,0.08618278056383133,0.909763753414154,False,{},{},0.09399211898562498,False,False,8132
G2_73100_3e-05,354,5,8030,38,0.08809173107147217,0.8708261847496033,False,{},{},0.0945869270071853,False,False,8132
G2_73100_3e-05,355,5,8020,28,0.169895738363266,0.5362451672554016,False,{},{},0.09740155498730019,False,False,8132
G2_73100_3e-05,356,5,336,0,0.5197787284851074,2.331913709640503,True,{},{},0.09699582599569112,False,False,8132
G2_73100_3e-05,357,5,15723,52,0.2830820083618164,0.4107470214366913,False,{},{},0.09405341499950737,False,False,8132
G2_73100_3e-05,358,5,15725,54,0.32705050706863403,0.6317505836486816,False,{},{},0.09652953597833402,False,False,8132
G2_73100_3e-05,359,5,8017,25,0.17221850156784058,0.6116380095481873,False,{},{},0.09682775198598392,False,False,8132
G2_73100_3e-05,360,5,343,7,0.5111124515533447,1.5071793794631958,True,{},{},0.09817577799549326,False,False,8132
G2_73100_3e-05,361,5,351,15,0.3441077172756195,1.542557716369629,True,{},{},0.09766587801277637,False,False,8132
G2_73100_3e-05,362,5,350,14,0.3382570743560791,1.3936504125595093,True,{},{},0.0944277030066587,False,False,8132
G2_73100_3e-05,363,5,15720,49,0.21693049371242523,0.37059104442596436,False,{},{},0.09554263300378807,False,False,8132
G2_73100_3e-05,364,5,8023,31,0.17951825261116028,0.5195289254188538,False,{},{},0.10297922801692039,False,False,8132
G2_73100_3e-05,365,5,15729,58,0.4188753664493561,0.6670662760734558,False,{},{},0.09622458097874187,False,False,8132
G2_73100_3e-05,366,5,15713,42,0.0757511705160141,0.4396090507507324,False,{},{},0.09630930199637078,False,False,8132
G2_73100_3e-05,367,5,344,8,0.5160625576972961,1.6652470827102661,True,{},{},0.09485673101153225,False,False,8132
G2_73100_3e-05,368,5,15722,51,0.25628015398979187,0.46628624200820923,False,{},{},0.09706490900134668,False,False,8132
G2_73100_3e-05,369,5,347,11,0.5241496562957764,1.2473832368850708,True,{},{},0.10203311301302165,False,False,8132
G2_73100_3e-05,370,5,338,2,0.4998088479042053,1.7715678215026855,True,{},{},0.09753409799304791,False,False,8132
G2_73100_3e-05,371,5,15711,40,0.054237786680459976,0.47281089425086975,False,{},{},0.10025306598981842,False,False,8132
G2_73100_3e-05,372,5,353,17,0.3319142460823059,1.9118705987930298,True,{},{},0.0968009960197378,False,False,8132
G2_73100_3e-05,373,5,15715,44,0.11820503324270248,0.27547383308410645,False,{},{},0.09923832700587809,False,False,8133
G2_73100_3e-05,374,5,15734,63,0.5877808332443237,0.9230944514274597,False,{},{},0.09734991600271314,False,False,8133
G2_73100_3e-05,375,5,358,22,0.3605741858482361,1.9834660291671753,True,{},{},0.09393146698130295,False,False,8133
G2_73100_3e-05,376,5,354,18,0.3509712517261505,2.4736599922180176,True,{},{},0.09584717400139198,False,False,8133
G2_73100_3e-05,377,5,8031,39,0.09051179885864258,2.05879282951355,True,{},{},0.09584987899870612,False,False,8133
G2_73100_3e-05,378,5,15730,59,0.43882375955581665,0.927849292755127,False,{},{},0.1000868450209964,False,False,8133
G2_73100_3e-05,379,5,15731,60,0.48894351720809937,0.9384232759475708,False,{},{},0.09686924199922942,False,False,8133
G2_73100_3e-05,380,5,346,10,0.512283980846405,1.262881875038147,True,{},{},0.09482599300099537,False,False,8133
G2_73100_3e-05,381,5,15726,55,0.31654566526412964,0.940937876701355,False,{},{},0.0946636869921349,False,False,8133
G2_73100_3e-05,382,5,348,12,0.5049200057983398,2.0406229496002197,True,{},{},0.09691799400025047,False,False,8133
G2_73100_3e-05,383,5,15733,62,0.5217258930206299,1.3022592067718506,True,{},{},0.10137452400522307,False,False,8133
G2_73100_3e-05,384,5,339,3,0.4867602586746216,3.4040720462799072,True,{},{},0.09565383702283725,False,False,8133
G2_73100_3e-05,385,6,8017,25,0.1566651463508606,0.627120852470398,False,{},{},0.09472264000214636,False,False,8133
G2_73100_3e-05,386,6,15717,46,0.1536412388086319,0.3184071481227875,False,{},{},0.09517709200736135,False,False,8133
G2_73100_3e-05,387,6,337,1,0.47612154483795166,1.853485107421875,True,{},{},0.10122797699295916,False,False,8132
G2_73100_3e-05,388,6,8030,38,0.071978360414505,0.910949170589447,False,{},{},0.09216517000459135,False,False,8132
G2_73100_3e-05,389,6,353,17,0.3033764660358429,1.6402053833007812,True,{},{},0.09450367899262346,False,False,8132
G2_73100_3e-05,390,6,15722,51,0.23343700170516968,0.6066771149635315,False,{},{},0.09626027301419526,False,False,8132
G2_73100_3e-05,391,6,344,8,0.4880402982234955,1.2756112813949585,True,{},{},0.09559681799146347,False,False,8132
G2_73100_3e-05,392,6,8021,29,0.15864534676074982,0.9787314534187317,False,{},{},0.1030517760082148,False,False,8132
G2_73100_3e-05,393,6,15714,43,0.09749877452850342,0.686170220375061,False,{},{},0.09531815201626159,False,False,8132
G2_73100_3e-05,394,6,15719,48,0.18452659249305725,0.3759768009185791,False,{},{},0.0977952910179738,False,False,8132
G2_73100_3e-05,395,6,357,21,0.3296016752719879,1.9549944400787354,True,{},{},0.0966487209952902,False,False,8132
G2_73100_3e-05,396,6,348,12,0.4725480079650879,1.4403705596923828,True,{},{},0.09768695602542721,False,False,8132
G2_73100_3e-05,397,6,354,18,0.31104791164398193,2.1088263988494873,True,{},{},0.09559635899495333,False,False,8132
G2_73100_3e-05,398,6,8022,30,0.16720259189605713,0.7337818741798401,False,{},{},0.09740262100240216,False,False,8132
G2_73100_3e-05,399,6,355,19,0.30839258432388306,1.7479734420776367,True,{},{},0.09415748200262897,False,False,8132
G2_73100_3e-05,400,6,15718,47,0.1636878103017807,0.3481627106666565,False,{},{},0.09508686899789609,False,False,8132
G2_73100_3e-05,401,6,15729,58,0.3603018522262573,1.4066312313079834,True,{},{},0.10517508300836198,False,False,8132
G2_73100_3e-05,402,6,15726,55,0.27841806411743164,1.2258304357528687,True,{},{},0.09418138698674738,False,False,8132
G2_73100_3e-05,403,6,15716,45,0.13129624724388123,0.4572048783302307,False,{},{},0.09645914300926961,False,False,8132
G2_73100_3e-05,404,6,15727,56,0.28458595275878906,1.150059700012207,True,{},{},0.09414657001616433,False,False,8132
G2_73100_3e-05,405,6,359,23,0.35548555850982666,2.4537124633789062,True,{},{},0.09337610998773016,False,False,8132
G2_73100_3e-05,406,6,8031,39,0.06783066689968109,1.0373640060424805,True,{},{},0.10085610501118936,False,False,8132
G2_73100_3e-05,407,6,8026,34,0.14779171347618103,0.9531258940696716,False,{},{},0.09445850001065992,False,False,8132
G2_73100_3e-05,408,6,8028,36,0.07092835009098053,1.1824244260787964,True,{},{},0.09378356198430993,False,False,8132
G2_73100_3e-05,409,6,358,22,0.33642369508743286,1.8789968490600586,True,{},{},0.09630846598884091,False,False,8132
G2_73100_3e-05,410,6,8025,33,0.15534675121307373,0.7168379426002502,False,{},{},0.09767320699756965,False,False,8132
G2_73100_3e-05,411,6,15725,54,0.2568659782409668,1.0067723989486694,True,{},{},0.10023272898979485,False,False,8133
G2_73100_3e-05,412,6,351,15,0.3049531579017639,2.315110921859741,True,{},{},0.0942530200118199,False,False,8133
G2_73100_3e-05,413,6,340,4,0.4579404592514038,1.6991405487060547,True,{},{},0.0933028059953358,False,False,8133
G2_73100_3e-05,414,6,338,2,0.4659133851528168,1.94356369972229,True,{},{},0.09595039000851102,False,False,8133
G2_73100_3e-05,415,6,15712,41,0.07238786667585373,1.5009061098098755,True,{},{},0.09992370498366654,False,False,8133
G2_73100_3e-05,416,6,350,14,0.2931441366672516,2.0775275230407715,True,{},{},0.09493718799785711,False,False,8133
G2_73100_3e-05,417,6,8029,37,0.0684148520231247,1.2458184957504272,True,{},{},0.09719257900724187,False,False,8133
G2_73100_3e-05,418,6,346,10,0.47739824652671814,1.3639119863510132,True,{},{},0.09368662399356253,False,False,8133
G2_73100_3e-05,419,6,345,9,0.48006391525268555,1.4041634798049927,True,{},{},0.0983457179972902,False,False,8133
G2_73100_3e-05,420,6,339,3,0.4364180862903595,1.5303014516830444,True,{},{},0.10088140500010923,False,False,8132
G2_73100_3e-05,421,6,15715,44,0.1134544387459755,0.5874484181404114,False,{},{},0.09486860799370334,False,False,8132
G2_73100_3e-05,422,6,15730,59,0.3346264362335205,2.6446595191955566,True,{},{},0.09583201300119981,False,False,8132
G2_73100_3e-05,423,6,8020,28,0.12502625584602356,0.9069455862045288,False,{},{},0.09323741201660596,False,False,8132
G2_73100_3e-05,424,6,356,20,0.2862628698348999,1.807223916053772,True,{},{},0.09600301401223987,False,False,8132
G2_73100_3e-05,425,6,349,13,0.28596264123916626,2.206679344177246,True,{},{},0.0985511050093919,False,False,8132
G2_73100_3e-05,426,6,15720,49,0.18669523298740387,0.7286162376403809,False,{},{},0.09381572200800292,False,False,8132
G2_73100_3e-05,427,6,15723,52,0.21582546830177307,1.0586150884628296,True,{},{},0.09330050702556036,False,False,8132
G2_73100_3e-05,428,6,15711,40,0.07400017231702805,1.5284984111785889,True,{},{},0.09628310799598694,False,False,8132
G2_73100_3e-05,429,6,8023,31,0.15759781002998352,0.9046555161476135,False,{},{},0.09698487402056344,False,False,8132
G2_73100_3e-05,430,6,8016,24,0.14100533723831177,1.1908429861068726,True,{},{},0.09916456398786977,False,False,8132
G2_73100_3e-05,431,6,15713,42,0.07959696650505066,1.1279326677322388,True,{},{},0.09714231098769233,False,False,8132
G2_73100_3e-05,432,6,15724,53,0.2149607092142105,1.616957664489746,True,{},{},0.09311912397970445,False,False,8132
G2_73100_3e-05,433,6,15731,60,0.3780239224433899,3.2033538818359375,True,{},{},0.09682642100960948,False,False,8132
G2_73100_3e-05,434,6,347,11,0.4591958820819855,2.5859522819519043,True,{},{},0.09420945498277433,False,False,8132
G2_73100_3e-05,435,6,8027,35,0.10175982862710953,0.8594970107078552,False,{},{},0.09778520700638182,False,False,8132
G2_73100_3e-05,436,6,8018,26,0.13435989618301392,0.9005404710769653,False,{},{},0.09565073600970209,False,False,8132
G2_73100_3e-05,437,6,341,5,0.4188902974128723,1.4626134634017944,True,{},{},0.09532095200847834,False,False,8132
G2_73100_3e-05,438,6,336,0,0.4507308006286621,2.4784579277038574,True,{},{},0.0977578239981085,False,False,8132
G2_73100_3e-05,439,6,15728,57,0.2769474685192108,3.8710620403289795,True,{},{},0.10251862899167463,False,False,8132
G2_73100_3e-05,440,6,15733,62,0.4084804058074951,4.1638689041137695,True,{},{},0.0931993089907337,False,False,8132
G2_73100_3e-05,441,6,15734,63,0.453775018453598,3.635584592819214,True,{},{},0.09360090497648343,False,False,8132
G2_73100_3e-05,442,6,15732,61,0.36658304929733276,2.8480405807495117,True,{},{},0.09432532300706953,False,False,8132
G2_73100_3e-05,443,6,342,6,0.4392389953136444,2.239201784133911,True,{},{},0.093320953019429,False,False,8132
G2_73100_3e-05,444,6,15721,50,0.18035081028938293,2.280670642852783,True,{},{},0.09893662901595235,False,False,8133
G2_73100_3e-05,445,6,343,7,0.454237699508667,2.374399185180664,True,{},{},0.09511215100064874,False,False,8133
G2_73100_3e-05,446,6,8024,32,0.16806599497795105,3.0480077266693115,True,{},{},0.09747080999659374,False,False,8133
G2_73100_3e-05,447,6,8019,27,0.12491604685783386,2.339796781539917,True,{},{},0.09814737999113277,False,False,8133
G2_73100_3e-05,448,6,352,16,0.28403550386428833,4.215324401855469,True,{},{},0.0924125780002214,False,False,8133
G2_73100_3e-05,449,7,15725,54,0.1838875263929367,4.086893081665039,True,{},{},0.09720957701210864,False,False,8133
G2_73100_3e-05,450,7,15728,57,0.1983937919139862,2.5584630966186523,True,{},{},0.09371316101169214,False,False,8133
G2_73100_3e-05,451,7,8025,33,0.12272479385137558,0.9474244117736816,False,{},{},0.0956371320062317,False,False,8133
G2_73100_3e-05,452,7,15733,62,0.3160330057144165,2.7571606636047363,True,{},{},0.09699886900489219,False,False,8133
G2_73100_3e-05,453,7,340,4,0.40551072359085083,1.2973395586013794,True,{},{},0.09925551299238577,False,False,8133
G2_73100_3e-05,454,7,352,16,0.2499697059392929,2.588974952697754,True,{},{},0.09898328999406658,False,False,8133
G2_73100_3e-05,455,7,337,1,0.4270355701446533,2.118586301803589,True,{},{},0.09773500598384999,False,False,8133
G2_73100_3e-05,456,7,341,5,0.395486444234848,1.4188830852508545,True,{},{},0.09553739699185826,False,False,8133
G2_73100_3e-05,457,7,8023,31,0.12979058921337128,1.0618720054626465,True,{},{},0.09853388098417781,False,False,8133
G2_73100_3e-05,458,7,15729,58,0.1668965369462967,3.042795181274414,True,{},{},0.09958027699030936,False,False,8132
G2_73100_3e-05,459,7,338,2,0.4100815951824188,1.4428645372390747,True,{},{},0.09435127599863335,False,False,8132
G2_73100_3e-05,460,7,15717,46,0.14717039465904236,3.233323097229004,True,{},{},0.09801567500107922,False,False,8132
G2_73100_3e-05,461,7,15722,51,0.1628190577030182,1.744110107421875,True,{},{},0.0941579409991391,False,False,8132
G2_73100_3e-05,462,7,8018,26,0.10836955904960632,0.8253948092460632,False,{},{},0.09605396498227492,False,False,8132
G2_73100_3e-05,463,7,15716,45,0.11761364340782166,1.6105610132217407,True,{},{},0.10249767798813991,False,False,8132
G2_73100_3e-05,464,7,351,15,0.2502243220806122,2.2693686485290527,True,{},{},0.09861499100225046,False,False,8132
G2_73100_3e-05,465,7,8026,34,0.0952882468700409,1.0735278129577637,True,{},{},0.09991375499521382,False,False,8132
G2_73100_3e-05,466,7,8020,28,0.09952275454998016,0.8185791373252869,False,{},{},0.09407790098339319,False,False,8132
G2_73100_3e-05,467,7,8029,37,0.07637448608875275,1.657759189605713,True,{},{},0.0959996180026792,False,False,8132
G2_73100_3e-05,468,7,357,21,0.2976004183292389,3.8848071098327637,True,{},{},0.09733053302625194,False,False,8132
G2_73100_3e-05,469,7,8031,39,0.05112848058342934,1.023607850074768,True,{},{},0.0950278140080627,False,False,8132
G2_73100_3e-05,470,7,15714,43,0.08606457710266113,0.6068272590637207,False,{},{},0.09472020799876191,False,False,8132
G2_73100_3e-05,471,7,349,13,0.25073355436325073,2.28472900390625,True,{},{},0.10358056900440715,False,False,8132
G2_73100_3e-05,472,7,339,3,0.38973477482795715,2.0594687461853027,True,{},{},0.10096563302795403,False,False,8132
G2_73100_3e-05,473,7,15712,41,0.05614089220762253,0.9670686721801758,False,{},{},0.09661493700696155,False,False,8132
G2_73100_3e-05,474,7,15724,53,0.1442876160144806,3.648918867111206,True,{},{},0.09910394001053646,False,False,8132
G2_73100_3e-05,475,7,358,22,0.3047263026237488,2.5442686080932617,True,{},{},0.09632782900007442,False,False,8132
G2_73100_3e-05,476,7,15732,61,0.30785608291625977,6.477890491485596,True,{},{},0.09699940402060747,False,False,8132
G2_73100_3e-05,477,7,347,11,0.42065489292144775,1.93378746509552,True,{},{},0.1004034370125737,False,False,8132
G2_73100_3e-05,478,7,8028,36,0.05069337040185928,0.8618904948234558,False,{},{},0.09628331798012368,False,False,8132
G2_73100_3e-05,479,7,15721,50,0.14353379607200623,2.9327356815338135,True,{},{},0.10269136101123877,False,False,8132
G2_73100_3e-05,480,7,342,6,0.39362797141075134,1.786148190498352,True,{},{},0.09517310300725512,False,False,8132
G2_73100_3e-05,481,7,15731,60,0.2430342584848404,6.243634223937988,True,{},{},0.09820630500325933,False,False,8133
G2_73100_3e-05,482,7,15734,63,0.33429044485092163,5.826838493347168,True,{},{},0.09820842699264176,False,False,8133
G2_73100_3e-05,483,7,8016,24,0.10981621593236923,2.4489946365356445,True,{},{},0.09853844402823597,False,False,8133
G2_73100_3e-05,484,7,8027,35,0.08152453601360321,1.841841459274292,True,{},{},0.09621496198815294,False,False,8133
G2_73100_3e-05,485,7,355,19,0.2618894577026367,4.6099677085876465,True,{},{},0.094484071014449,False,False,8133
G2_73100_3e-05,486,7,336,0,0.4193076491355896,3.1729979515075684,True,{},{},0.09816780398250557,False,False,8133
G2_73100_3e-05,487,7,8022,30,0.12343639135360718,3.5155208110809326,True,{},{},0.09968012000899762,False,False,8133
G2_73100_3e-05,488,7,8019,27,0.1003492921590805,1.2336277961730957,True,{},{},0.09974026400595903,False,False,8133
G2_73100_3e-05,489,7,8017,25,0.09778240323066711,0.8910495638847351,False,{},{},0.09823428798699751,False,False,8133
G2_73100_3e-05,490,7,343,7,0.39933663606643677,1.6143276691436768,True,{},{},0.0981858570012264,False,False,8133
G2_73100_3e-05,491,7,354,18,0.21672306954860687,2.5754170417785645,True,{},{},0.10377053200500086,False,False,8132
G2_73100_3e-05,492,7,15727,56,0.14217738807201385,10.2362060546875,True,{},{},0.09989819000475109,False,False,8132
G2_73100_3e-05,493,7,8024,32,0.10325446724891663,1.0981146097183228,True,{},{},0.09547541898791678,False,False,8132
G2_73100_3e-05,494,7,15715,44,0.11331747472286224,2.79378342628479,True,{},{},0.09501768098562025,False,False,8132
G2_73100_3e-05,495,7,15711,40,0.06959718465805054,2.141693353652954,True,{},{},0.09983516100328416,False,False,8132
G2_73100_3e-05,496,7,348,12,0.4091463088989258,3.1088004112243652,True,{},{},0.09443955699680373,False,False,8132
G2_73100_3e-05,497,7,356,20,0.23575299978256226,1.9471346139907837,True,{},{},0.10139044100651518,False,False,8132
G2_73100_3e-05,498,7,344,8,0.41319310665130615,2.6376888751983643,True,{},{},0.09954075000132434,False,False,8132
G2_73100_3e-05,499,7,353,17,0.20011678338050842,2.059833288192749,True,{},{},0.09574942701146938,False,False,8132
G2_73100_3e-05,500,7,8021,29,0.11009179055690765,1.719407558441162,True,{},{},0.10414720900007524,False,False,8132
G2_73100_3e-05,501,7,15720,49,0.1333957016468048,2.159874200820923,True,{},{},0.09794668399263173,False,False,8132
G2_73100_3e-05,502,7,346,10,0.40434813499450684,2.3347363471984863,True,{},{},0.09535111498553306,False,False,8132
G2_73100_3e-05,503,7,15730,59,0.12560200691223145,2.148128032684326,True,{},{},0.09749885299243033,False,False,8132
G2_73100_3e-05,504,7,15726,55,0.09522996097803116,3.471522092819214,True,{},{},0.09329623798839748,False,False,8132
G2_73100_3e-05,505,7,15718,47,0.1184401661157608,1.5299184322357178,True,{},{},0.10070329101290554,False,False,8132
G2_73100_3e-05,506,7,15719,48,0.12011419236660004,1.6831384897232056,True,{},{},0.09832382999593392,False,False,8132
G2_73100_3e-05,507,7,15713,42,0.06624044477939606,0.9007115364074707,False,{},{},0.09636585100088269,False,False,8132
G2_73100_3e-05,508,7,345,9,0.3935558795928955,2.299062490463257,True,{},{},0.09767362001002766,False,False,8132
G2_73100_3e-05,509,7,350,14,0.21505206823349,2.612391233444214,True,{},{},0.0980061209993437,False,False,8132
G2_73100_3e-05,510,7,15723,52,0.10296144336462021,1.463052749633789,True,{},{},0.10025441000470892,False,False,8132
G2_73100_3e-05,511,7,359,23,0.31597626209259033,5.947279453277588,True,{},{},0.0985098579840269,False,False,8132
G2_73100_3e-05,512,7,8030,38,0.051283083856105804,1.1092888116836548,True,{},{},0.09455727299791761,False,False,8132
G3_73100_1e-04,1,0,15720,49,0.26094329357147217,0.08053439855575562,False,{},{},0.10188521898817271,False,False,8200
G3_73100_1e-04,2,0,15721,50,0.28298938274383545,0.08113393187522888,False,{},{},0.09417595897684805,False,False,8200
G3_73100_1e-04,3,0,15723,52,0.3306608200073242,0.09439791738986969,False,{},{},0.10058862101868726,False,False,8200
G3_73100_1e-04,4,0,8022,30,0.2793869972229004,0.20559148490428925,False,{},{},0.09856996897724457,False,False,8133
G3_73100_1e-04,5,0,340,4,1.0595561265945435,2.0960662364959717,True,{},{},0.09162050500162877,False,False,8133
G3_73100_1e-04,6,0,350,14,1.3021130561828613,4.8342671394348145,True,{},{},0.10025985099491663,False,False,8133
G3_73100_1e-04,7,0,8020,28,0.2748692035675049,0.25861212611198425,False,{},{},0.09527229800005443,False,False,8133
G3_73100_1e-04,8,0,341,5,0.957244336605072,1.0844621658325195,True,{},{},0.0976878039946314,False,False,8133
G3_73100_1e-04,9,0,15717,46,0.17831382155418396,0.06077338755130768,False,{},{},0.09863024699734524,False,False,8133
G3_73100_1e-04,10,0,348,12,1.0212352275848389,1.1065385341644287,True,{},{},0.09627600200474262,False,False,8133
G3_73100_1e-04,11,0,15716,45,0.14736589789390564,0.054658468812704086,False,{},{},0.09696680298657157,False,False,8133
G3_73100_1e-04,12,0,8029,37,0.23544162511825562,1.4444220066070557,True,{},{},0.0928330369933974,False,False,8133
G3_73100_1e-04,13,0,356,20,0.6982504725456238,1.3304961919784546,True,{},{},0.09617871398222633,False,False,8133
G3_73100_1e-04,14,0,8024,32,0.26496195793151855,0.16696901619434357,False,{},{},0.09640529501484707,False,False,8133
G3_73100_1e-04,15,0,351,15,0.8653786182403564,2.800145149230957,True,{},{},0.10096011499990709,False,False,8133
G3_73100_1e-04,16,0,8016,24,0.28248411417007446,0.31213492155075073,False,{},{},0.09697338897967711,False,False,8133
G3_73100_1e-04,17,0,15718,47,0.1993301510810852,0.07870272547006607,False,{},{},0.09724051400553435,False,False,8133
G3_73100_1e-04,18,0,343,7,1.1373028755187988,2.204597234725952,True,{},{},0.09673508000560105,False,False,8132
G3_73100_1e-04,19,0,15714,43,0.09384755045175552,0.056299421936273575,False,{},{},0.09648639301303774,False,False,8132
G3_73100_1e-04,20,0,15726,55,0.39526110887527466,0.11904145777225494,False,{},{},0.0940063129819464,False,False,8132
G3_73100_1e-04,21,0,345,9,0.9639790058135986,0.9885178804397583,False,{},{},0.09394683799473569,False,False,8132
G3_73100_1e-04,22,0,336,0,1.1196919679641724,4.754509449005127,True,{},{},0.09889268098049797,False,False,8132
G3_73100_1e-04,23,0,355,19,0.6699901223182678,0.9435458779335022,False,{},{},0.09993034799117595,False,False,8132
G3_73100_1e-04,24,0,8018,26,0.26291733980178833,0.2565206289291382,False,{},{},0.09407227300107479,False,False,8132
G3_73100_1e-04,25,0,15712,41,0.0431208610534668,0.055244363844394684,False,{},{},0.09504434201517142,False,False,8132
G3_73100_1e-04,26,0,8019,27,0.2571371793746948,0.20702892541885376,False,{},{},0.09647060799761675,False,False,8132
G3_73100_1e-04,27,0,337,1,1.3447227478027344,6.008154392242432,True,{},{},0.09770637401379645,False,False,8132
G3_73100_1e-04,28,0,15724,53,0.34759020805358887,0.10373710095882416,False,{},{},0.0994280080194585,False,False,8132
G3_73100_1e-04,29,0,8017,25,0.27068227529525757,0.32027295231819153,False,{},{},0.0945708189974539,False,False,8132
G3_73100_1e-04,30,0,344,8,0.9027250409126282,0.7576430439949036,False,{},{},0.09690755000337958,False,False,8132
G3_73100_1e-04,31,0,8031,39,0.17594574391841888,0.2379608303308487,False,{},{},0.09766206200583838,False,False,8132
G3_73100_1e-04,32,0,15711,40,0.04443269968032837,0.06289119273424149,False,{},{},0.09977323497878388,False,False,8132
G3_73100_1e-04,33,0,8023,31,0.26018479466438293,0.21886329352855682,False,{},{},0.09720573999220505,False,False,8132
G3_73100_1e-04,34,0,349,13,1.0984997749328613,6.590201377868652,True,{},{},0.09346201200969517,False,False,8132
G3_73100_1e-04,35,0,346,10,0.903156042098999,0.864551842212677,False,{},{},0.09559341098065488,False,False,8132
G3_73100_1e-04,36,0,8030,38,0.16382673382759094,0.29143574833869934,False,{},{},0.0935402650211472,False,False,8132
G3_73100_1e-04,37,0,8025,33,0.2628330588340759,0.18708837032318115,False,{},{},0.09691898900200613,False,False,8132
G3_73100_1e-04,38,0,359,23,0.6180914640426636,1.4332029819488525,True,{},{},0.09426609700312838,False,False,8132
G3_73100_1e-04,39,0,342,6,0.8977476358413696,1.8053539991378784,True,{},{},0.09272645800956525,False,False,8132
G3_73100_1e-04,40,0,339,3,0.8311546444892883,1.6489357948303223,True,{},{},0.09582306200172752,False,False,8132
G3_73100_1e-04,41,0,15733,62,0.6392297744750977,0.19542299211025238,False,{},{},0.09579689500969835,False,False,8132
G3_73100_1e-04,42,0,15725,54,0.3699617385864258,0.12014545500278473,False,{},{},0.09760485799051821,False,False,8133
G3_73100_1e-04,43,0,15731,60,0.5690552592277527,0.16367051005363464,False,{},{},0.09623123600613326,False,False,8133
G3_73100_1e-04,44,0,15727,56,0.41205456852912903,0.1383780539035797,False,{},{},0.09935956698609516,False,False,8133
G3_73100_1e-04,45,0,15728,57,0.44130414724349976,0.13499222695827484,False,{},{},0.09866007100208662,False,False,8133
G3_73100_1e-04,46,0,15713,42,0.07079538702964783,0.07186868041753769,False,{},{},0.09589289998984896,False,False,8133
G3_73100_1e-04,47,0,353,17,0.5813089609146118,1.182706594467163,True,{},{},0.09711757098557428,False,False,8133
G3_73100_1e-04,48,0,15722,51,0.2914523780345917,0.11477034538984299,False,{},{},0.09319734899327159,False,False,8133
G3_73100_1e-04,49,0,15730,59,0.5069047808647156,0.14979444444179535,False,{},{},0.09883041100692935,False,False,8133
G3_73100_1e-04,50,0,15715,44,0.12334773689508438,0.06815127283334732,False,{},{},0.0975001259939745,False,False,8133
G3_73100_1e-04,51,0,358,22,0.559148371219635,1.6690359115600586,True,{},{},0.10188507600105368,False,False,8132
G3_73100_1e-04,52,0,354,18,0.5835361480712891,1.4341392517089844,True,{},{},0.0962675369810313,False,False,8132
G3_73100_1e-04,53,0,338,2,1.0625063180923462,5.414444923400879,True,{},{},0.09389973801444285,False,False,8132
G3_73100_1e-04,54,0,8026,34,0.23719127476215363,0.24889802932739258,False,{},{},0.09707484699902125,False,False,8132
G3_73100_1e-04,55,0,8021,29,0.25918471813201904,0.28139233589172363,False,{},{},0.09336756099946797,False,False,8132
G3_73100_1e-04,56,0,357,21,0.5098686814308167,0.7739553451538086,False,{},{},0.09702379300142638,False,False,8132
G3_73100_1e-04,57,0,352,16,0.5412510633468628,1.080306887626648,True,{},{},0.09599005299969576,False,False,8132
G3_73100_1e-04,58,0,15729,58,0.4693969488143921,0.1394028514623642,False,{},{},0.09610761600197293,False,False,8132
G3_73100_1e-04,59,0,15734,63,0.6589480638504028,0.22775347530841827,False,{},{},0.09513323198189028,False,False,8132
G3_73100_1e-04,60,0,8027,35,0.23744109272956848,0.2929929494857788,False,{},{},0.09542762098135427,False,False,8132
G3_73100_1e-04,61,0,8028,36,0.1398335099220276,0.4323652386665344,False,{},{},0.09779632999561727,False,False,8132
G3_73100_1e-04,62,0,15719,48,0.2187696099281311,0.11814107745885849,False,{},{},0.09425882698269561,False,False,8132
G3_73100_1e-04,63,0,347,11,0.804300844669342,0.9514827728271484,False,{},{},0.10004058000049554,False,False,8132
G3_73100_1e-04,64,0,15732,61,0.5897835493087769,0.19312795996665955,False,{},{},0.09157666101236828,False,False,8132
G3_73100_1e-04,65,1,354,18,0.502406120300293,1.0446363687515259,True,{},{},0.09966662200167775,False,False,8132
G3_73100_1e-04,66,1,345,9,0.7752293944358826,1.0546932220458984,True,{},{},0.09438032499747351,False,False,8132
G3_73100_1e-04,67,1,15734,63,0.6507961750030518,0.23479603230953217,False,{},{},0.09735653401003219,False,False,8132
G3_73100_1e-04,68,1,15721,50,0.25789007544517517,0.14590348303318024,False,{},{},0.0968374700169079,False,False,8132
G3_73100_1e-04,69,1,8026,34,0.22284172475337982,0.2570875287055969,False,{},{},0.09480071300640702,False,False,8132
G3_73100_1e-04,70,1,337,1,0.7793430089950562,2.702792167663574,True,{},{},0.09959794601309113,False,False,8132
G3_73100_1e-04,71,1,341,5,0.7666747570037842,1.6657847166061401,True,{},{},0.09485798398964107,False,False,8132
G3_73100_1e-04,72,1,336,0,0.7094812393188477,1.13507878780365,True,{},{},0.09624455802259035,False,False,8132
G3_73100_1e-04,73,1,15718,47,0.18957823514938354,0.11721859872341156,False,{},{},0.09584433698910289,False,False,8132
G3_73100_1e-04,74,1,8023,31,0.24649082124233246,0.3038915693759918,False,{},{},0.09337393098394386,False,False,8132
G3_73100_1e-04,75,1,8027,35,0.22283217310905457,0.3265753984451294,False,{},{},0.09931337798479944,False,False,8133
G3_73100_1e-04,76,1,348,12,0.8122169971466064,2.012653350830078,True,{},{},0.09764469601213932,False,False,8133
G3_73100_1e-04,77,1,15726,55,0.37569373846054077,0.14023685455322266,False,{},{},0.09500464200391434,False,False,8133
G3_73100_1e-04,78,1,8021,29,0.24507957696914673,0.33263468742370605,False,{},{},0.0945195319945924,False,False,8133
G3_73100_1e-04,79,1,15725,54,0.3540002703666687,0.1400289535522461,False,{},{},0.10102532801101916,False,False,8133
G3_73100_1e-04,80,1,15730,59,0.48969128727912903,0.17442595958709717,False,{},{},0.09283368199248798,False,False,8133
G3_73100_1e-04,81,1,340,4,0.6953769326210022,0.9519609808921814,False,{},{},0.09996213301201351,False,False,8133
G3_73100_1e-04,82,1,15714,43,0.09707236289978027,0.11785872280597687,False,{},{},0.09573798699420877,False,False,8133
G3_73100_1e-04,83,1,15729,58,0.4567490518093109,0.15921880304813385,False,{},{},0.0950225540145766,False,False,8133
G3_73100_1e-04,84,1,15723,52,0.3008352518081665,0.1266031116247177,False,{},{},0.10261515202000737,False,False,8133
G3_73100_1e-04,85,1,359,23,0.5201013684272766,2.5218966007232666,True,{},{},0.09677571500651538,False,False,8133
G3_73100_1e-04,86,1,15716,45,0.14080235362052917,0.08450070768594742,False,{},{},0.09502637601690367,False,False,8133
G3_73100_1e-04,87,1,357,21,0.44309473037719727,0.8607794046401978,False,{},{},0.09747955400962383,False,False,8133
G3_73100_1e-04,88,1,358,22,0.4734218418598175,0.8001566529273987,False,{},{},0.09412484199856408,False,False,8133
G3_73100_1e-04,89,1,343,7,0.7545892000198364,1.3216484785079956,True,{},{},0.09738359999028035,False,False,8132
G3_73100_1e-04,90,1,8019,27,0.2289305031299591,0.31592345237731934,False,{},{},0.0985494100023061,False,False,8132
G3_73100_1e-04,91,1,8028,36,0.1152794286608696,0.369723916053772,False,{},{},0.09465871698921546,False,False,8132
G3_73100_1e-04,92,1,15713,42,0.07631765305995941,0.13606467843055725,False,{},{},0.09838910898542963,False,False,8132
G3_73100_1e-04,93,1,15732,61,0.5717461109161377,0.21759094297885895,False,{},{},0.09533514498616569,False,False,8132
G3_73100_1e-04,94,1,8018,26,0.22737392783164978,0.35294708609580994,False,{},{},0.10024378597154282,False,False,8132
G3_73100_1e-04,95,1,8017,25,0.22796009480953217,0.3456520140171051,False,{},{},0.09924351100926287,False,False,8132
G3_73100_1e-04,96,1,15717,46,0.16430038213729858,0.09478117525577545,False,{},{},0.09446147602284327,False,False,8132
G3_73100_1e-04,97,1,15728,57,0.42126181721687317,0.16890805959701538,False,{},{},0.09325029098545201,False,False,8132
G3_73100_1e-04,98,1,339,3,0.6502952575683594,1.0521184206008911,True,{},{},0.09912701701978222,False,False,8132
G3_73100_1e-04,99,1,355,19,0.4476829469203949,1.175764799118042,True,{},{},0.09708539900020696,False,False,8132
G3_73100_1e-04,100,1,344,8,0.7379263639450073,1.5012010335922241,True,{},{},0.0977756530046463,False,False,8132
G3_73100_1e-04,101,1,347,11,0.7199594974517822,1.2084308862686157,True,{},{},0.09506115299882367,False,False,8132
G3_73100_1e-04,102,1,350,14,0.5287957191467285,1.6650211811065674,True,{},{},0.09407242701854557,False,False,8132
G3_73100_1e-04,103,1,15720,49,0.22783519327640533,0.1792616993188858,False,{},{},0.10092204800457694,False,False,8132
G3_73100_1e-04,104,1,8031,39,0.14416301250457764,0.3710310161113739,False,{},{},0.09820983500685543,False,False,8132
G3_73100_1e-04,105,1,338,2,0.6789878606796265,1.3415085077285767,True,{},{},0.09516204599640332,False,False,8132
G3_73100_1e-04,106,1,351,15,0.511724591255188,2.26522159576416,True,{},{},0.09840916100074537,False,False,8132
G3_73100_1e-04,107,1,8025,33,0.2250218391418457,0.2838972806930542,False,{},{},0.09508799499599263,False,False,8132
G3_73100_1e-04,108,1,352,16,0.47410619258880615,1.8862707614898682,True,{},{},0.09825858200201765,False,False,8132
G3_73100_1e-04,109,1,8029,37,0.14486384391784668,1.8489656448364258,True,{},{},0.09627454800647683,False,False,8132
G3_73100_1e-04,110,1,8020,28,0.21091219782829285,0.30604928731918335,False,{},{},0.09489440600736998,False,False,8132
G3_73100_1e-04,111,1,15715,44,0.12057586014270782,0.12994983792304993,False,{},{},0.09696377298678271,False,False,8132
G3_73100_1e-04,112,1,8024,32,0.22001223266124725,0.32616257667541504,False,{},{},0.09725016000447795,False,False,8132
G3_73100_1e-04,113,1,356,20,0.42855048179626465,1.477566123008728,True,{},{},0.10008458097581752,False,False,8133
G3_73100_1e-04,114,1,15731,60,0.5347800850868225,0.2515268325805664,False,{},{},0.09829174997867085,False,False,8133
G3_73100_1e-04,115,1,15712,41,0.05142877250909805,0.16617529094219208,False,{},{},0.09476725501008332,False,False,8133
G3_73100_1e-04,116,1,15719,48,0.20594707131385803,0.2133130133152008,False,{},{},0.09369514399440959,False,False,8133
G3_73100_1e-04,117,1,342,6,0.6797550320625305,1.3688443899154663,True,{},{},0.10007956900517456,False,False,8133
G3_73100_1e-04,118,1,15733,62,0.5922845602035522,0.2947665750980377,False,{},{},0.09811286997864954,False,False,8133
G3_73100_1e-04,119,1,8022,30,0.21545231342315674,0.26103517413139343,False,{},{},0.09779242699733004,False,False,8133
G3_73100_1e-04,120,1,15724,53,0.3156689703464508,0.1906336098909378,False,{},{},0.09858291101409122,False,False,8133
G3_73100_1e-04,121,1,353,17,0.4284382462501526,1.2720519304275513,True,{},{},0.09460441500414163,False,False,8133
G3_73100_1e-04,122,1,8016,24,0.202044278383255,0.3569191098213196,False,{},{},0.1001276129973121,False,False,8132
G3_73100_1e-04,123,1,8030,38,0.12706983089447021,0.42914167046546936,False,{},{},0.09309867597767152,False,False,8132
G3_73100_1e-04,124,1,15722,51,0.26629048585891724,0.22063198685646057,False,{},{},0.09404053399339318,False,False,8132
G3_73100_1e-04,125,1,15711,40,0.05325448885560036,0.20877066254615784,False,{},{},0.09587923402432352,False,False,8132
G3_73100_1e-04,126,1,15727,56,0.37725329399108887,0.22508113086223602,False,{},{},0.0925850129860919,False,False,8132
G3_73100_1e-04,127,1,346,10,0.7055069804191589,2.063034772872925,True,{},{},0.10195469600148499,False,False,8132
G3_73100_1e-04,128,1,349,13,0.4863395690917969,1.7744234800338745,True,{},{},0.09670151700265706,False,False,8132
G3_73100_1e-04,129,2,353,17,0.408748984336853,1.1386473178863525,True,{},{},0.0960722969903145,False,False,8132
G3_73100_1e-04,130,2,8027,35,0.1917109340429306,0.42571184039115906,False,{},{},0.09584630699828267,False,False,8132
G3_73100_1e-04,131,2,8017,25,0.19107136130332947,0.3167317509651184,False,{},{},0.0974982540064957,False,False,8132
G3_73100_1e-04,132,2,8020,28,0.19918589293956757,0.3250190019607544,False,{},{},0.0943417469970882,False,False,8132
G3_73100_1e-04,133,2,15729,58,0.4301815629005432,0.3038557767868042,False,{},{},0.09537193400319666,False,False,8132
G3_73100_1e-04,134,2,15719,48,0.19785264134407043,0.22499392926692963,False,{},{},0.09464125998783857,False,False,8132
G3_73100_1e-04,135,2,8024,32,0.19552026689052582,0.3307408094406128,False,{},{},0.09378304998972453,False,False,8132
G3_73100_1e-04,136,2,15731,60,0.5159106850624084,0.3492099940776825,False,{},{},0.09960732900071889,False,False,8132
G3_73100_1e-04,137,2,15714,43,0.09347069263458252,0.17550872266292572,False,{},{},0.0944420539890416,False,False,8132
G3_73100_1e-04,138,2,8030,38,0.11468750238418579,0.4559396803379059,False,{},{},0.09685192702454515,False,False,8132
G3_73100_1e-04,139,2,15715,44,0.11981503665447235,0.15298154950141907,False,{},{},0.09276004100684077,False,False,8132
G3_73100_1e-04,140,2,8018,26,0.18165519833564758,0.4317248463630676,False,{},{},0.10159502099850215,False,False,8132
G3_73100_1e-04,141,2,8021,29,0.19266387820243835,0.3340803384780884,False,{},{},0.11068312000134028,False,False,8132
G3_73100_1e-04,142,2,345,9,0.6471407413482666,1.4697667360305786,True,{},{},0.09486367899808101,False,False,8132
G3_73100_1e-04,143,2,15734,63,0.5931961536407471,0.534191906452179,False,{},{},0.09528139801113866,False,False,8132
G3_73100_1e-04,144,2,8028,36,0.13355596363544464,0.7641304135322571,False,{},{},0.0929572070017457,False,False,8132
G3_73100_1e-04,145,2,347,11,0.6515260338783264,1.3902448415756226,True,{},{},0.10309358799713664,False,False,8130
G3_73100_1e-04,146,2,8025,33,0.18071144819259644,0.3492022156715393,False,{},{},0.1008769900072366,False,False,8130
G3_73100_1e-04,147,2,349,13,0.4154295325279236,1.074861764907837,True,{},{},0.09946841400233097,False,False,8130
G3_73100_1e-04,148,2,15722,51,0.24981796741485596,0.3543699085712433,False,{},{},0.096268222987419,False,False,8130
G3_73100_1e-04,149,2,344,8,0.6140218377113342,1.545242190361023,True,{},{},0.1023068170179613,False,False,8130
G3_73100_1e-04,150,2,15733,62,0.5335197448730469,0.8509145975112915,False,{},{},0.10095041600288823,False,False,8129
G3_73100_1e-04,151,2,15713,42,0.08510688692331314,0.47857749462127686,False,{},{},0.0968547250085976,False,False,8129
G3_73100_1e-04,152,2,15732,61,0.5010020732879639,0.8414315581321716,False,{},{},0.09356634700088762,False,False,8129
G3_73100_1e-04,153,2,348,12,0.6069676280021667,1.411521553993225,True,{},{},0.09543896399554797,False,False,8129
G3_73100_1e-04,154,2,352,16,0.4021214246749878,1.7746021747589111,True,{},{},0.10081473001628183,False,False,8129
G3_73100_1e-04,155,2,15721,50,0.21435031294822693,0.3908483684062958,False,{},{},0.0986625550140161,False,False,8130
G3_73100_1e-04,156,2,15725,54,0.2931055426597595,0.6836202144622803,False,{},{},0.09503225699882023,False,False,8130
G3_73100_1e-04,157,2,15723,52,0.2513422966003418,0.46781888604164124,False,{},{},0.0974487460043747,False,False,8130
G3_73100_1e-04,158,2,337,1,0.6205767393112183,5.782083511352539,True,{},{},0.10179652497754432,False,False,8130
G3_73100_1e-04,159,2,340,4,0.5649538040161133,2.0416927337646484,True,{},{},0.10336629502126016,False,False,8129
G3_73100_1e-04,160,2,8022,30,0.18338479101657867,0.475359171628952,False,{},{},0.0947083979845047,False,False,8129
G3_73100_1e-04,161,2,15717,46,0.15949130058288574,0.757832944393158,False,{},{},0.09331724600633606,False,False,8129
G3_73100_1e-04,162,2,351,15,0.3808877468109131,1.6519675254821777,True,{},{},0.09723647098871879,False,False,8129
G3_73100_1e-04,163,2,8016,24,0.17905089259147644,1.1889746189117432,True,{},{},0.09629625198431313,False,False,8129
G3_73100_1e-04,164,2,358,22,0.41725942492485046,1.9977600574493408,True,{},{},0.10057982199941762,False,False,8130
G3_73100_1e-04,165,2,15720,49,0.1899130642414093,0.43173784017562866,False,{},{},0.09722572297323495,False,False,8130
G3_73100_1e-04,166,2,357,21,0.39182379841804504,1.9867656230926514,True,{},{},0.09237301102257334,False,False,8130
G3_73100_1e-04,167,2,15712,41,0.055564820766448975,0.821290135383606,False,{},{},0.09515765399555676,False,False,8130
G3_73100_1e-04,168,2,15727,56,0.28533878922462463,1.0402660369873047,True,{},{},0.09672577801393345,False,False,8130
G3_73100_1e-04,169,2,339,3,0.6091136336326599,2.5003087520599365,True,{},{},0.09773498200229369,False,False,8130
G3_73100_1e-04,170,2,346,10,0.6067091822624207,1.609735131263733,True,{},{},0.09764995300793089,False,False,8130
G3_73100_1e-04,171,2,8023,31,0.1792888045310974,0.4166164994239807,False,{},{},0.09256278097745962,False,False,8130
G3_73100_1e-04,172,2,8031,39,0.09915664047002792,0.6478428840637207,False,{},{},0.0983935370168183,False,False,8130
G3_73100_1e-04,173,2,354,18,0.42331382632255554,3.2153754234313965,True,{},{},0.09958616297808476,False,False,8130
G3_73100_1e-04,174,2,336,0,0.606462299823761,1.8704414367675781,True,{},{},0.09609374700812623,False,False,8130
G3_73100_1e-04,175,2,15724,53,0.2360210120677948,0.6878297328948975,False,{},{},0.09552826001890935,False,False,8130
G3_73100_1e-04,176,2,341,5,0.5344001650810242,1.0482826232910156,True,{},{},0.09893376802210696,False,False,8130
G3_73100_1e-04,177,2,15728,57,0.2984636425971985,1.359228253364563,True,{},{},0.09604406799189746,False,False,8130
G3_73100_1e-04,178,2,8019,27,0.14980296790599823,0.42829838395118713,False,{},{},0.103323396993801,False,False,8130
G3_73100_1e-04,179,2,350,14,0.3358645737171173,1.093704342842102,True,{},{},0.09761878897552378,False,False,8130
G3_73100_1e-04,180,2,342,6,0.5567766427993774,1.4443622827529907,True,{},{},0.09229576800134964,False,False,8130
G3_73100_1e-04,181,2,8029,37,0.1098218709230423,1.7386382818222046,True,{},{},0.10076191599364392,False,False,8130
G3_73100_1e-04,182,2,8026,34,0.1526777446269989,0.5294220447540283,False,{},{},0.09670916400500573,False,False,8130
G3_73100_1e-04,183,2,15730,59,0.2962244749069214,2.1164417266845703,True,{},{},0.10326947100111283,False,False,8130
G3_73100_1e-04,184,2,15726,55,0.1899378001689911,1.3392435312271118,True,{},{},0.09770343700074591,False,False,8130
G3_73100_1e-04,185,2,15716,45,0.1506982445716858,2.0861027240753174,True,{},{},0.09530005400301889,False,False,8130
G3_73100_1e-04,186,2,359,23,0.42261675000190735,2.7550458908081055,True,{},{},0.0965434510144405,False,False,8130
G3_73100_1e-04,187,2,343,7,0.5655663013458252,1.7776144742965698,True,{},{},0.09630944498348981,False,False,8130
G3_73100_1e-04,188,2,15711,40,0.0932283028960228,2.591979742050171,True,{},{},0.09906254700035788,False,False,8130
G3_73100_1e-04,189,2,338,2,0.5347892045974731,2.015345335006714,True,{},{},0.10328000600566156,False,False,8130
G3_73100_1e-04,190,2,15718,47,0.14355629682540894,0.700523316860199,False,{},{},0.09941081199212931,False,False,8130
G3_73100_1e-04,191,2,356,20,0.3433481454849243,1.8070827722549438,True,{},{},0.0954395929875318,False,False,8130
G3_73100_1e-04,192,2,355,19,0.32798656821250916,1.4515509605407715,True,{},{},0.10064776102080941,False,False,8130
G3_73100_1e-04,193,3,15719,48,0.1607721894979477,0.8793581128120422,False,{},{},0.0963400730106514,False,False,8130
G3_73100_1e-04,194,3,348,12,0.5572574138641357,2.398376226425171,True,{},{},0.10008613098761998,False,False,8130
G3_73100_1e-04,195,3,342,6,0.5167670845985413,1.5514827966690063,True,{},{},0.09600709899677895,False,False,8130
G3_73100_1e-04,196,3,8019,27,0.1368938684463501,0.5916160941123962,False,{},{},0.09987338798237033,False,False,8130
G3_73100_1e-04,197,3,350,14,0.3199266195297241,1.7933429479599,True,{},{},0.09728150500450283,False,False,8130
G3_73100_1e-04,198,3,344,8,0.5274998545646667,1.0470508337020874,True,{},{},0.09587441000621766,False,False,8130
G3_73100_1e-04,199,3,346,10,0.5259711742401123,1.0582231283187866,True,{},{},0.09727313101757318,False,False,8130
G3_73100_1e-04,200,3,8017,25,0.16652008891105652,0.9660003185272217,False,{},{},0.09640932100592181,False,False,8130
G3_73100_1e-04,201,3,15722,51,0.12165464460849762,0.9715518951416016,False,{},{},0.09787542599951848,False,False,8130
G3_73100_1e-04,202,3,8028,36,0.09762001037597656,1.1619858741760254,True,{},{},0.0957829260150902,False,False,8130
G3_73100_1e-04,203,3,8031,39,0.06666453182697296,0.7415737509727478,False,{},{},0.09580446500331163,False,False,8130
G3_73100_1e-04,204,3,15715,44,0.11900733411312103,2.1354458332061768,True,{},{},0.09362506400793791,False,False,8130
G3_73100_1e-04,205,3,15731,60,0.21063444018363953,1.764739990234375,True,{},{},0.0962271430180408,False,False,8130
G3_73100_1e-04,206,3,357,21,0.3562668263912201,3.394672393798828,True,{},{},0.10032205199240707,False,False,8130
G3_73100_1e-04,207,3,8030,38,0.06640762835741043,0.7222008109092712,False,{},{},0.0980206330132205,False,False,8130
G3_73100_1e-04,208,3,15732,61,0.25629329681396484,5.817871570587158,True,{},{},0.10204234599950723,False,False,8130
G3_73100_1e-04,209,3,15724,53,0.08812513947486877,2.8309130668640137,True,{},{},0.09504944001673721,False,False,8130
G3_73100_1e-04,210,3,8020,28,0.13714107871055603,1.5814871788024902,True,{},{},0.09884307699394412,False,False,8130
G3_73100_1e-04,211,3,8021,29,0.13903263211250305,0.9599581956863403,False,{},{},0.09547746801399626,False,False,8130
G3_73100_1e-04,212,3,358,22,0.3165227770805359,1.1822242736816406,True,{},{},0.09734153398312628,False,False,8130
G3_73100_1e-04,213,3,15712,41,0.04754793643951416,0.5416876077651978,False,{},{},0.09972474401001818,False,False,8130
G3_73100_1e-04,214,3,8022,30,0.14472997188568115,0.7126984596252441,False,{},{},0.09777698098332621,False,False,8130
G3_73100_1e-04,215,3,15728,57,0.19317835569381714,8.358846664428711,True,{},{},0.09990789601579309,False,False,8130
G3_73100_1e-04,216,3,337,1,0.482439249753952,1.1791722774505615,True,{},{},0.09711505600716919,False,False,8130
G3_73100_1e-04,217,3,15723,52,0.11562947183847427,4.264975547790527,True,{},{},0.098721905000275,False,False,8130
G3_73100_1e-04,218,3,8026,34,0.14630453288555145,0.9397164583206177,False,{},{},0.09795812499942258,False,False,8130
G3_73100_1e-04,219,3,338,2,0.47625958919525146,1.1284441947937012,True,{},{},0.09465032001025975,False,False,8130
G3_73100_1e-04,220,3,355,19,0.24878986179828644,0.9990624189376831,False,{},{},0.10109785897657275,False,False,8130
G3_73100_1e-04,221,3,15711,40,0.05405331030488014,0.725346028804779,False,{},{},0.09894869499839842,False,False,8130
G3_73100_1e-04,222,3,15718,47,0.10084062069654465,1.5448366403579712,True,{},{},0.09640514000784606,False,False,8130
G3_73100_1e-04,223,3,340,4,0.44890204071998596,0.9969457387924194,False,{},{},0.09757901000557467,False,False,8130
G3_73100_1e-04,224,3,8029,37,0.10063063353300095,1.744980812072754,True,{},{},0.1010352699959185,False,False,8130
G3_73100_1e-04,225,3,351,15,0.26236629486083984,1.295629858970642,True,{},{},0.09587051600101404,False,False,8130
G3_73100_1e-04,226,3,15725,54,0.10292303562164307,4.442383766174316,True,{},{},0.1000582360138651,False,False,8130
G3_73100_1e-04,227,3,345,9,0.4852408468723297,1.1156623363494873,True,{},{},0.09397948399418965,False,False,8130
G3_73100_1e-04,228,3,8025,33,0.12623412907123566,0.7250664234161377,False,{},{},0.09496710301027633,False,False,8130
G3_73100_1e-04,229,3,8027,35,0.09352928400039673,0.6028048396110535,False,{},{},0.09891991602489725,False,False,8132
G3_73100_1e-04,230,3,353,17,0.230001762509346,0.9826377034187317,False,{},{},0.09344392697676085,False,False,8132
G3_73100_1e-04,231,3,15730,59,0.10186955332756042,1.1419563293457031,True,{},{},0.09469526199973188,False,False,8132
G3_73100_1e-04,232,3,15717,46,0.08594675362110138,0.67039555311203,False,{},{},0.09888845501700416,False,False,8132
G3_73100_1e-04,233,3,8023,31,0.1294555962085724,0.8712325096130371,False,{},{},0.10091788100544363,False,False,8132
G3_73100_1e-04,234,3,349,13,0.27435505390167236,2.061863899230957,True,{},{},0.10146879698731937,False,False,8132
G3_73100_1e-04,235,3,15721,50,0.06603939831256866,1.0627915859222412,True,{},{},0.0968149300024379,False,False,8132
G3_73100_1e-04,236,3,15714,43,0.07366456091403961,0.42365923523902893,False,{},{},0.09984713201993145,False,False,8132
G3_73100_1e-04,237,3,15727,56,0.06275909394025803,2.3081562519073486,True,{},{},0.10009612300200388,False,False,8132
G3_73100_1e-04,238,3,8016,24,0.13148798048496246,1.1283257007598877,True,{},{},0.09576950801420026,False,False,8132
G3_73100_1e-04,239,3,15726,55,0.053112439811229706,1.4083960056304932,True,{},{},0.0972104649990797,False,False,8132
G3_73100_1e-04,240,3,15729,58,0.06952158361673355,1.1520966291427612,True,{},{},0.09909925897954963,False,False,8132
G3_73100_1e-04,241,3,8024,32,0.12686148285865784,2.133528470993042,True,{},{},0.09323872000095434,False,False,8132
G3_73100_1e-04,242,3,354,18,0.1982879638671875,1.4877864122390747,True,{},{},0.0924480109824799,False,False,8132
G3_73100_1e-04,243,3,15713,42,0.05702771618962288,0.5790812373161316,False,{},{},0.1007499249826651,False,False,8132
G3_73100_1e-04,244,3,15733,62,0.1711283028125763,4.157364845275879,True,{},{},0.09749408598872833,False,False,8132
G3_73100_1e-04,245,3,15734,63,0.19803708791732788,4.816218852996826,True,{},{},0.09748490201309323,False,False,8132
G3_73100_1e-04,246,3,359,23,0.2920490801334381,2.1856954097747803,True,{},{},0.0957706340122968,False,False,8132
G3_73100_1e-04,247,3,343,7,0.44581714272499084,2.0990216732025146,True,{},{},0.09761803501169197,False,False,8132
G3_73100_1e-04,248,3,15716,45,0.06165844574570656,1.5465519428253174,True,{},{},0.09899879700969905,False,False,8132
G3_73100_1e-04,249,3,336,0,0.4559101462364197,2.4405477046966553,True,{},{},0.10209997498895973,False,False,8132
G3_73100_1e-04,250,3,347,11,0.44343921542167664,1.7253410816192627,True,{},{},0.09905640498618595,False,False,8132
G3_73100_1e-04,251,3,15720,49,0.09102371335029602,4.695134162902832,True,{},{},0.09920019601122476,False,False,8132
G3_73100_1e-04,252,3,339,3,0.3921438455581665,0.9293718338012695,False,{},{},0.09757194900885224,False,False,8132
G3_73100_1e-04,253,3,356,20,0.24569743871688843,1.8504985570907593,True,{},{},0.1079219650127925,False,False,8132
G3_73100_1e-04,254,3,8018,26,0.10242302715778351,0.6936572790145874,False,{},{},0.09624620899558067,False,False,8132
G3_73100_1e-04,255,3,341,5,0.4094972610473633,1.2097163200378418,True,{},{},0.09394119199714623,False,False,8132
G3_73100_1e-04,256,3,352,16,0.23098969459533691,1.896623134613037,True,{},{},0.09978458200930618,False,False,8132
G3_73100_1e-04,257,4,15731,60,0.1406571865081787,4.731317043304443,True,{},{},0.10412071700557135,False,False,8132
G3_73100_1e-04,258,4,15721,50,0.06416711211204529,2.0557961463928223,True,{},{},0.09536577799008228,False,False,8132
G3_73100_1e-04,259,4,351,15,0.21367762982845306,1.6159063577651978,True,{},{},0.0950254499912262,False,False,8132
G3_73100_1e-04,260,4,347,11,0.42657166719436646,1.6642231941223145,True,{},{},0.09682188701117411,False,False,8132
G3_73100_1e-04,261,4,339,3,0.3842901587486267,1.3094464540481567,True,{},{},0.0934977599827107,False,False,8132
G3_73100_1e-04,262,4,15720,49,0.10656920075416565,2.1241838932037354,True,{},{},0.10114777900162153,False,False,8132
G3_73100_1e-04,263,4,358,22,0.2283657044172287,1.3940858840942383,True,{},{},0.0948473530006595,False,False,8132
G3_73100_1e-04,264,4,337,1,0.3940429091453552,1.6069738864898682,True,{},{},0.09508752499823458,False,False,8132
G3_73100_1e-04,265,4,15711,40,0.04986848309636116,0.8023661375045776,False,{},{},0.0988473919860553,False,False,8132
G3_73100_1e-04,266,4,344,8,0.42516666650772095,2.680051565170288,True,{},{},0.10116285498952493,False,False,8132
G3_73100_1e-04,267,4,15733,62,0.12382414937019348,2.0191173553466797,True,{},{},0.09822911498486064,False,False,8132
G3_73100_1e-04,268,4,336,0,0.3925102949142456,1.067909598350525,True,{},{},0.09959617300773971,False,False,8132
G3_73100_1e-04,269,4,342,6,0.40287500619888306,2.5748040676116943,True,{},{},0.10128809997695498,False,False,8132
G3_73100_1e-04,270,4,8018,26,0.07979025691747665,0.7603347897529602,False,{},{},0.09567095400416292,False,False,8132
G3_73100_1e-04,271,4,15728,57,0.047420959919691086,0.543393611907959,False,{},{},0.09913199400762096,False,False,8132
G3_73100_1e-04,272,4,346,10,0.40815189480781555,1.178077220916748,True,{},{},0.0964974109956529,False,False,8132
G3_73100_1e-04,273,4,8027,35,0.06106305867433548,0.6485916972160339,False,{},{},0.09739375897333957,False,False,8132
G3_73100_1e-04,274,4,15716,45,0.0786018893122673,1.2540448904037476,True,{},{},0.09552150501986034,False,False,8132
G3_73100_1e-04,275,4,8031,39,0.04519646614789963,0.6615338325500488,False,{},{},0.09925688899238594,False,False,8132
G3_73100_1e-04,276,4,15722,51,0.08080524951219559,2.71331787109375,True,{},{},0.10365255700889975,False,False,8132
G3_73100_1e-04,277,4,15734,63,0.17294827103614807,3.582181692123413,True,{},{},0.09705258198664524,False,False,8132
G3_73100_1e-04,278,4,338,2,0.4122152328491211,2.200878381729126,True,{},{},0.09332405097666197,False,False,8132
G3_73100_1e-04,279,4,15729,58,0.058665912598371506,1.6487383842468262,True,{},{},0.10061819202383049,False,False,8132
G3_73100_1e-04,280,4,15712,41,0.04687461256980896,0.8859388828277588,False,{},{},0.10367515901452862,False,False,8132
G3_73100_1e-04,281,4,8030,38,0.04574338346719742,0.700832188129425,False,{},{},0.09963115799473599,False,False,8132
G3_73100_1e-04,282,4,15719,48,0.047463223338127136,0.948246955871582,False,{},{},0.09827468398725614,False,False,8132
G3_73100_1e-04,283,4,343,7,0.3837083578109741,0.9780172109603882,False,{},{},0.09608853599638678,False,False,8132
G3_73100_1e-04,284,4,8017,25,0.07568229734897614,1.2672287225723267,True,{},{},0.1005144139926415,False,False,8132
G3_73100_1e-04,285,4,355,19,0.1948702484369278,2.254516363143921,True,{},{},0.09763352002482861,False,False,8132
G3_73100_1e-04,286,4,8016,24,0.09424875676631927,1.0774412155151367,True,{},{},0.09430286299902946,False,False,8132
G3_73100_1e-04,287,4,15713,42,0.04039608687162399,0.40130794048309326,False,{},{},0.09519014900433831,False,False,8132
G3_73100_1e-04,288,4,15714,43,0.05228661745786667,0.6895825862884521,False,{},{},0.0941937759926077,False,False,8132
G3_73100_1e-04,289,4,356,20,0.1874299943447113,1.063999891281128,True,{},{},0.09845725100603886,False,False,8132
G3_73100_1e-04,290,4,8026,34,0.06780671328306198,1.0934276580810547,True,{},{},0.09964115399634466,False,False,8132
G3_73100_1e-04,291,4,340,4,0.3654705584049225,0.8800655007362366,False,{},{},0.09398840999347158,False,False,8132
G3_73100_1e-04,292,4,15718,47,0.041816387325525284,0.6676057577133179,False,{},{},0.09624935800093226,False,False,8132
G3_73100_1e-04,293,4,15717,46,0.04139825701713562,0.48607924580574036,False,{},{},0.09358442400116473,False,False,8132
G3_73100_1e-04,294,4,15726,55,0.053130701184272766,0.6382614374160767,False,{},{},0.09346885600825772,False,False,8132
G3_73100_1e-04,295,4,15725,54,0.081850066781044,2.3057351112365723,True,{},{},0.09797509998315945,False,False,8132
G3_73100_1e-04,296,4,357,21,0.17120535671710968,0.8192829489707947,False,{},{},0.09775174799142405,False,False,8132
G3_73100_1e-04,297,4,15732,61,0.11413956433534622,1.897815465927124,True,{},{},0.09468020798522048,False,False,8132
G3_73100_1e-04,298,4,8024,32,0.09636246412992477,1.2118583917617798,True,{},{},0.09539303401834331,False,False,8132
G3_73100_1e-04,299,4,8025,33,0.08440590649843216,1.592286467552185,True,{},{},0.0987813109823037,False,False,8132
G3_73100_1e-04,300,4,15724,53,0.08896874636411667,3.0223171710968018,True,{},{},0.09590688001480885,False,False,8132
G3_73100_1e-04,301,4,8029,37,0.05422871932387352,1.142225742340088,True,{},{},0.0974761419929564,False,False,8132
G3_73100_1e-04,302,4,8023,31,0.06402077525854111,0.6952696442604065,False,{},{},0.0947247729927767,False,False,8132
G3_73100_1e-04,303,4,8020,28,0.09577661007642746,1.3173671960830688,True,{},{},0.09912978298962116,False,False,8132
G3_73100_1e-04,304,4,8019,27,0.1094423308968544,2.0855658054351807,True,{},{},0.09800072200596333,False,False,8132
G3_73100_1e-04,305,4,348,12,0.39810776710510254,2.805959463119507,True,{},{},0.0955536309920717,False,False,8132
G3_73100_1e-04,306,4,8021,29,0.07925733178853989,1.0317553281784058,True,{},{},0.09753174797515385,False,False,8132
G3_73100_1e-04,307,4,350,14,0.20779281854629517,2.966245651245117,True,{},{},0.09685127000557259,False,False,8132
G3_73100_1e-04,308,4,345,9,0.40361130237579346,1.3488812446594238,True,{},{},0.09653458901448175,False,False,8132
G3_73100_1e-04,309,4,353,17,0.16969117522239685,1.2625631093978882,True,{},{},0.10123746798490174,False,False,8132
G3_73100_1e-04,310,4,352,16,0.16885191202163696,1.2810982465744019,True,{},{},0.09454687300603837,False,False,8132
G3_73100_1e-04,311,4,341,5,0.36428213119506836,1.798487901687622,True,{},{},0.09530207398347557,False,False,8132
G3_73100_1e-04,312,4,354,18,0.15964190661907196,1.3473416566848755,True,{},{},0.09781466898857616,False,False,8132
G3_73100_1e-04,313,4,8022,30,0.07953797280788422,1.2229160070419312,True,{},{},0.09748924800078385,False,False,8132
G3_73100_1e-04,314,4,15727,56,0.04727962613105774,1.0139878988265991,True,{},{},0.09959256701404229,False,False,8132
G3_73100_1e-04,315,4,15723,52,0.06250796467065811,0.8012421727180481,False,{},{},0.09522857499541715,False,False,8132
G3_73100_1e-04,316,4,8028,36,0.038235556334257126,0.6011937856674194,False,{},{},0.09824715001741424,False,False,8132
G3_73100_1e-04,317,4,15730,59,0.05098109692335129,0.5584284663200378,False,{},{},0.09405415802029893,False,False,8132
G3_73100_1e-04,318,4,349,13,0.20238175988197327,1.907994031906128,True,{},{},0.09848261301522143,False,False,8132
G3_73100_1e-04,319,4,15715,44,0.04639377072453499,0.8911852240562439,False,{},{},0.09689012399758212,False,False,8132
G3_73100_1e-04,320,4,359,23,0.18076197803020477,1.2682656049728394,True,{},{},0.09467623999807984,False,False,8132
G3_73100_1e-04,321,5,356,20,0.15890365839004517,1.4432621002197266,True,{},{},0.09419748600339517,False,False,8132
G3_73100_1e-04,322,5,8027,35,0.04106074944138527,0.5171236395835876,False,{},{},0.10163201199611649,False,False,8132
G3_73100_1e-04,323,5,8024,32,0.076273113489151,1.5893311500549316,True,{},{},0.09686713901464827,False,False,8132
G3_73100_1e-04,324,5,345,9,0.36495324969291687,1.369568109512329,True,{},{},0.0972043980145827,False,False,8132
G3_73100_1e-04,325,5,15728,57,0.08494461327791214,4.647223472595215,True,{},{},0.09684271898004226,False,False,8132
G3_73100_1e-04,326,5,15717,46,0.056353047490119934,2.380103349685669,True,{},{},0.09663377300603315,False,False,8132
G3_73100_1e-04,327,5,15714,43,0.03758317232131958,0.48494386672973633,False,{},{},0.10584064200520515,False,False,8132
G3_73100_1e-04,328,5,15719,48,0.042919449508190155,1.1086691617965698,True,{},{},0.09501936499145813,False,False,8132
G3_73100_1e-04,329,5,15718,47,0.041494958102703094,1.0488449335098267,True,{},{},0.09533713999553584,False,False,8132
G3_73100_1e-04,330,5,8022,30,0.04867703840136528,0.6645252108573914,False,{},{},0.09602362601435743,False,False,8132
G3_73100_1e-04,331,5,15716,45,0.037297818809747696,0.3144788146018982,False,{},{},0.09676744299940765,False,False,8132
G3_73100_1e-04,332,5,8019,27,0.0673869252204895,0.840934693813324,False,{},{},0.10125426799640991,False,False,8132
G3_73100_1e-04,333,5,15724,53,0.07143133878707886,1.9773651361465454,True,{},{},0.09432159099378623,False,False,8132
G3_73100_1e-04,334,5,8029,37,0.029048923403024673,0.3587911128997803,False,{},{},0.09788722300436348,False,False,8132
G3_73100_1e-04,335,5,8026,34,0.04371323809027672,0.5188344717025757,False,{},{},0.09812448098091409,False,False,8132
G3_73100_1e-04,336,5,8018,26,0.05903450399637222,0.7590733766555786,False,{},{},0.09779280200018547,False,False,8132
G3_73100_1e-04,337,5,357,21,0.1346176117658615,1.207000732421875,True,{},{},0.09737880999455228,False,False,8132
G3_73100_1e-04,338,5,8021,29,0.07315820455551147,2.4701170921325684,True,{},{},0.09687276900513098,False,False,8132
G3_73100_1e-04,339,5,15732,61,0.10999540239572525,2.368283271789551,True,{},{},0.09869525700923987,False,False,8132
G3_73100_1e-04,340,5,8025,33,0.049723319709300995,0.8930456042289734,False,{},{},0.09615502099040896,False,False,8132
G3_73100_1e-04,341,5,355,19,0.11461558192968369,0.9698442816734314,False,{},{},0.09879843599628657,False,False,8132
G3_73100_1e-04,342,5,349,13,0.15335729718208313,1.6638197898864746,True,{},{},0.09586947000934742,False,False,8132
G3_73100_1e-04,343,5,340,4,0.3173491060733795,1.582973837852478,True,{},{},0.09883514398825355,False,False,8132
G3_73100_1e-04,344,5,342,6,0.29321032762527466,1.5015904903411865,True,{},{},0.09372735800570808,False,False,8132
G3_73100_1e-04,345,5,359,23,0.1314549297094345,0.9644358158111572,False,{},{},0.09379967401036993,False,False,8132
G3_73100_1e-04,346,5,15727,56,0.03791927546262741,1.2843139171600342,True,{},{},0.09929317198111676,False,False,8132
G3_73100_1e-04,347,5,15721,50,0.035393860191106796,0.36173105239868164,False,{},{},0.09519206400727853,False,False,8132
G3_73100_1e-04,348,5,352,16,0.10567346215248108,1.647213339805603,True,{},{},0.09785230000852607,False,False,8132
G3_73100_1e-04,349,5,337,1,0.33381062746047974,2.364122152328491,True,{},{},0.09466640601749532,False,False,8132
G3_73100_1e-04,350,5,341,5,0.22544065117835999,2.6667730808258057,True,{},{},0.09512238999013789,False,False,8132
G3_73100_1e-04,351,5,15712,41,0.03354910388588905,0.4865027666091919,False,{},{},0.10256606998154894,False,False,8132
G3_73100_1e-04,352,5,8016,24,0.05280965194106102,0.8510149717330933,False,{},{},0.0967845679842867,False,False,8132
G3_73100_1e-04,353,5,8028,36,0.027941247448325157,0.6115146279335022,False,{},{},0.09526383801130578,False,False,8132
G3_73100_1e-04,354,5,8030,38,0.03656085953116417,0.7595186233520508,False,{},{},0.09737033300916664,False,False,8132
G3_73100_1e-04,355,5,8020,28,0.04940219223499298,0.7879647016525269,False,{},{},0.09913389800931327,False,False,8132
G3_73100_1e-04,356,5,336,0,0.24388229846954346,2.3419201374053955,True,{},{},0.09537459601415321,False,False,8132
G3_73100_1e-04,357,5,15723,52,0.058384452015161514,1.811583161354065,True,{},{},0.09786482999334112,False,False,8132
G3_73100_1e-04,358,5,15725,54,0.04763481765985489,1.2394497394561768,True,{},{},0.0934228629921563,False,False,8132
G3_73100_1e-04,359,5,8017,25,0.049214255064725876,1.7320164442062378,True,{},{},0.09599314301158302,False,False,8132
G3_73100_1e-04,360,5,343,7,0.19972997903823853,4.1285400390625,True,{},{},0.0977807299932465,False,False,8132
G3_73100_1e-04,361,5,351,15,0.15424256026744843,2.870903968811035,True,{},{},0.09537471897783689,False,False,8132
G3_73100_1e-04,362,5,350,14,0.19053158164024353,4.645905017852783,True,{},{},0.097786759986775,False,False,8132
G3_73100_1e-04,363,5,15720,49,0.07414722442626953,1.9982675313949585,True,{},{},0.09340456500649452,False,False,8132
G3_73100_1e-04,364,5,8023,31,0.04231150448322296,0.8824793696403503,False,{},{},0.09558174200356007,False,False,8132
G3_73100_1e-04,365,5,15729,58,0.04878697544336319,1.3986215591430664,True,{},{},0.09972934098914266,False,False,8132
G3_73100_1e-04,366,5,15713,42,0.036902643740177155,0.31016743183135986,False,{},{},0.0961856959911529,False,False,8132
G3_73100_1e-04,367,5,344,8,0.20986875891685486,3.696110725402832,True,{},{},0.09549487198819406,False,False,8132
G3_73100_1e-04,368,5,15722,51,0.11068571358919144,5.316951274871826,True,{},{},0.09506241499911994,False,False,8132
G3_73100_1e-04,369,5,347,11,0.2923329472541809,5.1158013343811035,True,{},{},0.10297199100023136,False,False,8132
G3_73100_1e-04,370,5,338,2,0.15194228291511536,4.989560127258301,True,{},{},0.10845177702140063,False,False,8132
G3_73100_1e-04,371,5,15711,40,0.03723633661866188,0.6939467191696167,False,{},{},0.09879899100633338,False,False,8132
G3_73100_1e-04,372,5,353,17,0.09261533617973328,1.7307133674621582,True,{},{},0.09583051697700284,False,False,8132
G3_73100_1e-04,373,5,15715,44,0.036573298275470734,0.7772635221481323,False,{},{},0.09441315600997768,False,False,8132
G3_73100_1e-04,374,5,15734,63,0.09855235368013382,1.3174399137496948,True,{},{},0.0971463419846259,False,False,8130
G3_73100_1e-04,375,5,358,22,0.1421482264995575,1.895311951637268,True,{},{},0.09988250897731632,False,False,8130
G3_73100_1e-04,376,5,354,18,0.11100386083126068,1.8580269813537598,True,{},{},0.09497563098557293,False,False,8130
G3_73100_1e-04,377,5,8031,39,0.027656862512230873,0.34349295496940613,False,{},{},0.09440108801936731,False,False,8130
G3_73100_1e-04,378,5,15730,59,0.0511607825756073,0.8479183912277222,False,{},{},0.0959529040264897,False,False,8130
G3_73100_1e-04,379,5,15731,60,0.08019519597291946,0.7770450115203857,False,{},{},0.09786338699632324,False,False,8130
G3_73100_1e-04,380,5,346,10,0.18851976096630096,4.73139762878418,True,{},{},0.09566187800373882,False,False,8130
G3_73100_1e-04,381,5,15726,55,0.04022643715143204,1.380571961402893,True,{},{},0.09754218798479997,False,False,8130
G3_73100_1e-04,382,5,348,12,0.19006997346878052,3.873861789703369,True,{},{},0.09318683698074892,False,False,8130
G3_73100_1e-04,383,5,15733,62,0.08604678511619568,0.7225799560546875,False,{},{},0.09714573400560766,False,False,8130
G3_73100_1e-04,384,5,339,3,0.12247582525014877,2.579812526702881,True,{},{},0.09618090602452867,False,False,8130
G3_73100_1e-04,385,6,8017,25,0.03757493942975998,0.45813751220703125,False,{},{},0.09305911100818776,False,False,8130
G3_73100_1e-04,386,6,15717,46,0.03613889962434769,0.5894467234611511,False,{},{},0.09892347198911011,False,False,8130
G3_73100_1e-04,387,6,337,1,0.15135502815246582,3.7257444858551025,True,{},{},0.09476197601179592,False,False,8130
G3_73100_1e-04,388,6,8030,38,0.027730807662010193,0.40762460231781006,False,{},{},0.103594772022916,False,False,8130
G3_73100_1e-04,389,6,353,17,0.0833074152469635,1.6603517532348633,True,{},{},0.09379366599023342,False,False,8130
G3_73100_1e-04,390,6,15722,51,0.04181106016039848,0.8999437689781189,False,{},{},0.09295922200544737,False,False,8130
G3_73100_1e-04,391,6,344,8,0.1954393982887268,4.453074932098389,True,{},{},0.09650983000756241,False,False,8130
G3_73100_1e-04,392,6,8021,29,0.05920209735631943,2.596609354019165,True,{},{},0.09574355898075737,False,False,8130
G3_73100_1e-04,393,6,15714,43,0.04137786477804184,0.675247848033905,False,{},{},0.10020123299909756,False,False,8130
G3_73100_1e-04,394,6,15719,48,0.03610898181796074,0.5003511309623718,False,{},{},0.09734820798621513,False,False,8130
G3_73100_1e-04,395,6,357,21,0.08929085731506348,1.616661548614502,True,{},{},0.09432569198543206,False,False,8130
G3_73100_1e-04,396,6,348,12,0.14839379489421844,4.354866981506348,True,{},{},0.09314415699918754,False,False,8130
G3_73100_1e-04,397,6,354,18,0.0861687958240509,1.522693157196045,True,{},{},0.1027921829954721,False,False,8130
G3_73100_1e-04,398,6,8022,30,0.03307707980275154,0.5687896609306335,False,{},{},0.09376255498500541,False,False,8130
G3_73100_1e-04,399,6,355,19,0.08811917155981064,1.440633773803711,True,{},{},0.09583447000477463,False,False,8130
G3_73100_1e-04,400,6,15718,47,0.03280813246965408,0.3764474391937256,False,{},{},0.0929223980056122,False,False,8130
G3_73100_1e-04,401,6,15729,58,0.051735274493694305,1.5588223934173584,True,{},{},0.092424207017757,False,False,8130
G3_73100_1e-04,402,6,15726,55,0.05827617645263672,2.0303900241851807,True,{},{},0.10090135899372399,False,False,8130
G3_73100_1e-04,403,6,15716,45,0.030420443043112755,0.28375759720802307,False,{},{},0.09617467698990367,False,False,8130
G3_73100_1e-04,404,6,15727,56,0.04454850032925606,1.5796475410461426,True,{},{},0.09449769099592231,False,False,8130
G3_73100_1e-04,405,6,359,23,0.10247069597244263,1.5399874448776245,True,{},{},0.09730029199272394,False,False,8130
G3_73100_1e-04,406,6,8031,39,0.02347937598824501,0.4370254874229431,False,{},{},0.09506723200320266,False,False,8130
G3_73100_1e-04,407,6,8026,34,0.04920706897974014,1.241101622581482,True,{},{},0.10244800098007545,False,False,8130
G3_73100_1e-04,408,6,8028,36,0.028317891061306,0.5041328072547913,False,{},{},0.0966928290145006,False,False,8130
G3_73100_1e-04,409,6,358,22,0.092911496758461,1.0122758150100708,True,{},{},0.09804159399936907,False,False,8130
G3_73100_1e-04,410,6,8025,33,0.03628939017653465,0.6956295371055603,False,{},{},0.10416249799891375,False,False,8130
G3_73100_1e-04,411,6,15725,54,0.11058582365512848,5.20812463760376,True,{},{},0.10118435299955308,False,False,8130
G3_73100_1e-04,412,6,351,15,0.10323414206504822,1.553688406944275,True,{},{},0.09465210000053048,False,False,8130
G3_73100_1e-04,413,6,340,4,0.1201343983411789,2.3283300399780273,True,{},{},0.0973706099903211,False,False,8130
G3_73100_1e-04,414,6,338,2,0.13762138783931732,2.682241678237915,True,{},{},0.09745332799502648,False,False,8130
G3_73100_1e-04,415,6,15712,41,0.029962405562400818,0.5824288129806519,False,{},{},0.09480851399712265,False,False,8130
G3_73100_1e-04,416,6,350,14,0.1112319678068161,1.838427186012268,True,{},{},0.10340544799691997,False,False,8131
G3_73100_1e-04,417,6,8029,37,0.018020296469330788,0.2857521176338196,False,{},{},0.10368479898897931,False,False,8131
G3_73100_1e-04,418,6,346,10,0.11414406448602676,2.937652349472046,True,{},{},0.1478760979953222,False,False,8131
G3_73100_1e-04,419,6,345,9,0.11928015202283859,2.3889760971069336,True,{},{},0.10917193797649816,False,False,8131
G3_73100_1e-04,420,6,339,3,0.07788718491792679,1.4077863693237305,True,{},{},0.12216051598079503,False,False,8131
G3_73100_1e-04,421,6,15715,44,0.03538570553064346,1.3296880722045898,True,{},{},0.09513984099612571,False,False,8131
G3_73100_1e-04,422,6,15730,59,0.051366232335567474,2.442554473876953,True,{},{},0.09855012700427324,False,False,8131
G3_73100_1e-04,423,6,8020,28,0.03952651098370552,0.6825264096260071,False,{},{},0.09978685798705555,False,False,8131
G3_73100_1e-04,424,6,356,20,0.07663513720035553,1.1999683380126953,True,{},{},0.09981445901212282,False,False,8131
G3_73100_1e-04,425,6,349,13,0.09580107778310776,1.7617976665496826,True,{},{},0.09919015600462444,False,False,8131
G3_73100_1e-04,426,6,15720,49,0.04602176696062088,1.1044100522994995,True,{},{},0.0973000540107023,False,False,8131
G3_73100_1e-04,427,6,15723,52,0.06481121480464935,2.216259479522705,True,{},{},0.09641417500097305,False,False,8131
G3_73100_1e-04,428,6,15711,40,0.02481062151491642,0.22092659771442413,False,{},{},0.10237685000174679,False,False,8131
G3_73100_1e-04,429,6,8023,31,0.03624730557203293,0.7988213896751404,False,{},{},0.10248095099814236,False,False,8132
G3_73100_1e-04,430,6,8016,24,0.04217543452978134,0.8356778025627136,False,{},{},0.09605789501802064,False,False,8132
G3_73100_1e-04,431,6,15713,42,0.0279646385461092,0.29241037368774414,False,{},{},0.09862676198827103,False,False,8132
G3_73100_1e-04,432,6,15724,53,0.042244669049978256,0.7241552472114563,False,{},{},0.0977699930081144,False,False,8132
G3_73100_1e-04,433,6,15731,60,0.07929585874080658,1.8047159910202026,True,{},{},0.09853773500071838,False,False,8132
G3_73100_1e-04,434,6,347,11,0.14965792000293732,3.3754496574401855,True,{},{},0.10341947799315676,False,False,8132
G3_73100_1e-04,435,6,8027,35,0.03829391300678253,1.0584203004837036,True,{},{},0.09430429298663512,False,False,8132
G3_73100_1e-04,436,6,8018,26,0.04175708442926407,0.8537988662719727,False,{},{},0.09648677697987296,False,False,8132
G3_73100_1e-04,437,6,341,5,0.11427591741085052,2.876004219055176,True,{},{},0.09432330602430739,False,False,8132
G3_73100_1e-04,438,6,336,0,0.16647744178771973,2.389237642288208,True,{},{},0.09615887701511383,False,False,8132
G3_73100_1e-04,439,6,15728,57,0.05255698412656784,2.250620126724243,True,{},{},0.10657533298945054,False,False,8132
G3_73100_1e-04,440,6,15733,62,0.0896521508693695,2.263554573059082,True,{},{},0.09815869500744157,False,False,8132
G3_73100_1e-04,441,6,15734,63,0.07715645432472229,0.5030774474143982,False,{},{},0.09721048700157553,False,False,8132
G3_73100_1e-04,442,6,15732,61,0.07679206132888794,0.6384912133216858,False,{},{},0.09996887599118054,False,False,8132
G3_73100_1e-04,443,6,342,6,0.09714919328689575,2.0029332637786865,True,{},{},0.10158054297789931,False,False,8130
G3_73100_1e-04,444,6,15721,50,0.03342387080192566,0.7200785875320435,False,{},{},0.10180170799139887,False,False,8130
G3_73100_1e-04,445,6,343,7,0.10297375917434692,1.6824376583099365,True,{},{},0.09657583400257863,False,False,8130
G3_73100_1e-04,446,6,8024,32,0.047805361449718475,0.7086642384529114,False,{},{},0.09458631998859346,False,False,8130
G3_73100_1e-04,447,6,8019,27,0.037080176174640656,0.37374597787857056,False,{},{},0.10072651199880056,False,False,8130
G3_73100_1e-04,448,6,352,16,0.07945957034826279,1.140488624572754,True,{},{},0.09822126000653952,False,False,8129
G3_73100_1e-04,449,7,15725,54,0.04080892354249954,1.2514084577560425,True,{},{},0.09895457301172428,False,False,8129
G3_73100_1e-04,450,7,15728,57,0.048716604709625244,1.5809717178344727,True,{},{},0.09738321998156607,False,False,8129
G3_73100_1e-04,451,7,8025,33,0.030665697529911995,0.5962461233139038,False,{},{},0.09819923501345329,False,False,8129
G3_73100_1e-04,452,7,15733,62,0.07419274747371674,1.0501610040664673,True,{},{},0.10023132097558118,False,False,8129
G3_73100_1e-04,453,7,340,4,0.08940064907073975,2.0788800716400146,True,{},{},0.09622918799868785,False,False,8129
G3_73100_1e-04,454,7,352,16,0.07208847999572754,1.9725582599639893,True,{},{},0.09835420400486328,False,False,8129
G3_73100_1e-04,455,7,337,1,0.09328430145978928,2.020742654800415,True,{},{},0.10147848300402984,False,False,8129
G3_73100_1e-04,456,7,341,5,0.09506592154502869,1.7431036233901978,True,{},{},0.09572205299627967,False,False,8129
G3_73100_1e-04,457,7,8023,31,0.04067403823137283,1.5634112358093262,True,{},{},0.10200077199260704,False,False,8130
G3_73100_1e-04,458,7,15729,58,0.06880161166191101,3.3963630199432373,True,{},{},0.10140844000852667,False,False,8130
G3_73100_1e-04,459,7,338,2,0.08356072753667831,1.4261424541473389,True,{},{},0.09422036600881256,False,False,8130
G3_73100_1e-04,460,7,15717,46,0.06109311431646347,3.3870046138763428,True,{},{},0.09842565900180489,False,False,8130
G3_73100_1e-04,461,7,15722,51,0.11683987081050873,4.522480487823486,True,{},{},0.09913422900717705,False,False,8130
G3_73100_1e-04,462,7,8018,26,0.03127118572592735,0.7073677778244019,False,{},{},0.09599007398355752,False,False,8131
G3_73100_1e-04,463,7,15716,45,0.02872038632631302,0.4847967028617859,False,{},{},0.0943589500093367,False,False,8131
G3_73100_1e-04,464,7,351,15,0.09441827237606049,1.7959158420562744,True,{},{},0.09870480198878795,False,False,8131
G3_73100_1e-04,465,7,8026,34,0.022852366790175438,0.2951529622077942,False,{},{},0.10139124299166724,False,False,8131
G3_73100_1e-04,466,7,8020,28,0.0344584658741951,0.529108464717865,False,{},{},0.10063779601478018,False,False,8131
G3_73100_1e-04,467,7,8029,37,0.018496938049793243,0.28815507888793945,False,{},{},0.09654471001704223,False,False,8131
G3_73100_1e-04,468,7,357,21,0.06794145703315735,0.83714359998703,False,{},{},0.09858512500068173,False,False,8131
G3_73100_1e-04,469,7,8031,39,0.02160109020769596,0.3167465031147003,False,{},{},0.09637003901298158,False,False,8131
G3_73100_1e-04,470,7,15714,43,0.0385390929877758,0.6238309144973755,False,{},{},0.09312063700053841,False,False,8131
G3_73100_1e-04,471,7,349,13,0.12090219557285309,2.078463554382324,True,{},{},0.10224857099819928,False,False,8131
G3_73100_1e-04,472,7,339,3,0.05286465585231781,0.7982044816017151,False,{},{},0.09882093901978806,False,False,8131
G3_73100_1e-04,473,7,15712,41,0.021959930658340454,0.3063248097896576,False,{},{},0.10028581201913767,False,False,8131
G3_73100_1e-04,474,7,15724,53,0.03494023159146309,0.4626205265522003,False,{},{},0.09332926900242455,False,False,8131
G3_73100_1e-04,475,7,358,22,0.08769619464874268,1.376926064491272,True,{},{},0.09512337201158516,False,False,8131
G3_73100_1e-04,476,7,15732,61,0.0671924352645874,0.44439002871513367,False,{},{},0.10051223100163043,False,False,8131
G3_73100_1e-04,477,7,347,11,0.07755015790462494,1.2178715467453003,True,{},{},0.0989991299866233,False,False,8131
G3_73100_1e-04,478,7,8028,36,0.01987137459218502,0.35647717118263245,False,{},{},0.09754323301604018,False,False,8131
G3_73100_1e-04,479,7,15721,50,0.03475841507315636,1.002444863319397,True,{},{},0.09580388801987283,False,False,8131
G3_73100_1e-04,480,7,342,6,0.06951181590557098,1.239627718925476,True,{},{},0.0988135380030144,False,False,8131
G3_73100_1e-04,481,7,15731,60,0.06484352052211761,0.9348975419998169,False,{},{},0.09813194500748068,False,False,8131
G3_73100_1e-04,482,7,15734,63,0.08629835397005081,1.6125034093856812,True,{},{},0.09584310601348989,False,False,8131
G3_73100_1e-04,483,7,8016,24,0.040601424872875214,1.089339256286621,True,{},{},0.09532215900253505,False,False,8131
G3_73100_1e-04,484,7,8027,35,0.020129315555095673,0.2075909525156021,False,{},{},0.09716583500267006,False,False,8131
G3_73100_1e-04,485,7,355,19,0.06515049189329147,1.2405394315719604,True,{},{},0.09981051599606872,False,False,8132
G3_73100_1e-04,486,7,336,0,0.08299947530031204,1.4277403354644775,True,{},{},0.09792980199563317,False,False,8132
G3_73100_1e-04,487,7,8022,30,0.027161216363310814,0.481218159198761,False,{},{},0.10040858300635591,False,False,8132
G3_73100_1e-04,488,7,8019,27,0.047579094767570496,1.3332023620605469,True,{},{},0.09721449101925828,False,False,8132
G3_73100_1e-04,489,7,8017,25,0.0313754566013813,0.5389699339866638,False,{},{},0.09518784401006997,False,False,8132
G3_73100_1e-04,490,7,343,7,0.06640703976154327,1.0750035047531128,True,{},{},0.0991137009987142,False,False,8132
G3_73100_1e-04,491,7,354,18,0.05517803877592087,0.5191081762313843,False,{},{},0.0944241409888491,False,False,8132
G3_73100_1e-04,492,7,15727,56,0.026581842452287674,0.7667182087898254,False,{},{},0.09933051798725501,False,False,8132
G3_73100_1e-04,493,7,8024,32,0.04205024242401123,0.9180582761764526,False,{},{},0.09537925201584585,False,False,8132
G3_73100_1e-04,494,7,15715,44,0.02577071823179722,0.40067926049232483,False,{},{},0.09696667999378406,False,False,8132
G3_73100_1e-04,495,7,15711,40,0.025028614327311516,0.3934122323989868,False,{},{},0.09695629999623634,False,False,8132
G3_73100_1e-04,496,7,348,12,0.08959265053272247,1.4688587188720703,True,{},{},0.10063826700206846,False,False,8132
G3_73100_1e-04,497,7,356,20,0.05353321507573128,0.8879998326301575,False,{},{},0.09464249800657853,False,False,8132
G3_73100_1e-04,498,7,344,8,0.0734478160738945,1.093928337097168,True,{},{},0.09947979400749318,False,False,8132
G3_73100_1e-04,499,7,353,17,0.05947268754243851,1.032050609588623,True,{},{},0.09820730399223976,False,False,8132
G3_73100_1e-04,500,7,8021,29,0.04650320112705231,0.9735701680183411,False,{},{},0.09831364400452003,False,False,8132
G3_73100_1e-04,501,7,15720,49,0.03460673615336418,0.6824406981468201,False,{},{},0.09722840102040209,False,False,8132
G3_73100_1e-04,502,7,346,10,0.08728708326816559,1.7589218616485596,True,{},{},0.0945960919780191,False,False,8132
G3_73100_1e-04,503,7,15730,59,0.0286306943744421,0.36178529262542725,False,{},{},0.09675079901353456,False,False,8132
G3_73100_1e-04,504,7,15726,55,0.02117121033370495,0.28715506196022034,False,{},{},0.10047634498914704,False,False,8132
G3_73100_1e-04,505,7,15718,47,0.03203413635492325,0.6712111830711365,False,{},{},0.096866673004115,False,False,8132
G3_73100_1e-04,506,7,15719,48,0.036386676132678986,0.9625391364097595,False,{},{},0.09788241700152867,False,False,8132
G3_73100_1e-04,507,7,15713,42,0.023578230291604996,0.40030956268310547,False,{},{},0.09446030398248695,False,False,8132
G3_73100_1e-04,508,7,345,9,0.08489831537008286,1.5188310146331787,True,{},{},0.09449368101195432,False,False,8132
G3_73100_1e-04,509,7,350,14,0.08283688873052597,1.2086015939712524,True,{},{},0.10131694099982269,False,False,8132
G3_73100_1e-04,510,7,15723,52,0.029462212696671486,0.35098111629486084,False,{},{},0.09829488699324429,False,False,8132
G3_73100_1e-04,511,7,359,23,0.09288758784532547,1.514377474784851,True,{},{},0.09681420002016239,False,False,8132
G3_73100_1e-04,512,7,8030,38,0.023119162768125534,0.3815433382987976,False,{},{},0.09490430701407604,False,False,8132
G3_73100_3e-05,1,0,15720,49,0.26094329357147217,0.08053439855575562,False,{},{},0.1028198349813465,False,False,8224
G3_73100_3e-05,2,0,15721,50,0.2842041552066803,0.0794999748468399,False,{},{},0.09858495599473827,False,False,8224
G3_73100_3e-05,3,0,15723,52,0.33253198862075806,0.09194273501634598,False,{},{},0.10248346900334582,False,False,8132
G3_73100_3e-05,4,0,8022,30,0.2796182334423065,0.20501989126205444,False,{},{},0.09837782999966294,False,False,8132
G3_73100_3e-05,5,0,340,4,1.0577359199523926,2.0140957832336426,True,{},{},0.09440842398907989,False,False,8132
G3_73100_3e-05,6,0,350,14,1.2992358207702637,3.986727476119995,True,{},{},0.09427836502436548,False,False,8132
G3_73100_3e-05,7,0,8020,28,0.27793657779693604,0.2634945511817932,False,{},{},0.09668007798609324,False,False,8132
G3_73100_3e-05,8,0,341,5,0.9842680096626282,1.220313310623169,True,{},{},0.12301855499390513,False,False,8132
G3_73100_3e-05,9,0,15717,46,0.1804780513048172,0.06195499002933502,False,{},{},0.09843316898331977,False,False,8132
G3_73100_3e-05,10,0,348,12,1.0356504917144775,1.1458102464675903,True,{},{},0.0941492049896624,False,False,8132
G3_73100_3e-05,11,0,15716,45,0.1487857699394226,0.05087563022971153,False,{},{},0.09487552198697813,False,False,8132
G3_73100_3e-05,12,0,8029,37,0.23181569576263428,1.3953595161437988,True,{},{},0.10199672399903648,False,False,8132
G3_73100_3e-05,13,0,356,20,0.752772331237793,1.6454248428344727,True,{},{},0.0944136060134042,False,False,8132
G3_73100_3e-05,14,0,8024,32,0.2678599953651428,0.16655932366847992,False,{},{},0.09425620301044546,False,False,8132
G3_73100_3e-05,15,0,351,15,0.8714563250541687,2.456951379776001,True,{},{},0.09705977400881238,False,False,8132
G3_73100_3e-05,16,0,8016,24,0.28830334544181824,0.312554270029068,False,{},{},0.09366124999360181,False,False,8132
G3_73100_3e-05,17,0,15718,47,0.2039892077445984,0.07612794637680054,False,{},{},0.10227395201218314,False,False,8132
G3_73100_3e-05,18,0,343,7,1.1663569211959839,1.7533259391784668,True,{},{},0.09642957200412638,False,False,8132
G3_73100_3e-05,19,0,15714,43,0.0937873125076294,0.05041256174445152,False,{},{},0.09441066600265913,False,False,8132
G3_73100_3e-05,20,0,15726,55,0.40151679515838623,0.12379244714975357,False,{},{},0.09789153098245151,False,False,8132
G3_73100_3e-05,21,0,345,9,0.9805871248245239,0.8779347538948059,False,{},{},0.09460732800653204,False,False,8132
G3_73100_3e-05,22,0,336,0,1.288100242614746,4.617337226867676,True,{},{},0.09868205201928504,False,False,8132
G3_73100_3e-05,23,0,355,19,0.7306699752807617,1.2195383310317993,True,{},{},0.09658905901596881,False,False,8132
G3_73100_3e-05,24,0,8018,26,0.27173036336898804,0.2714276611804962,False,{},{},0.09290768299251795,False,False,8132
G3_73100_3e-05,25,0,15712,41,0.04229678958654404,0.04540463164448738,False,{},{},0.0950910359970294,False,False,8132
G3_73100_3e-05,26,0,8019,27,0.2658868730068207,0.2131015509366989,False,{},{},0.09902451999369077,False,False,8132
G3_73100_3e-05,27,0,337,1,1.6120569705963135,4.050265789031982,True,{},{},0.0968794230138883,False,False,8132
G3_73100_3e-05,28,0,15724,53,0.35613518953323364,0.10080988705158234,False,{},{},0.09557808400131762,False,False,8132
G3_73100_3e-05,29,0,8017,25,0.2863145172595978,0.323057621717453,False,{},{},0.09435733099235222,False,False,8132
G3_73100_3e-05,30,0,344,8,0.9801740646362305,0.9879226088523865,False,{},{},0.09304656498716213,False,False,8132
G3_73100_3e-05,31,0,8031,39,0.1856648027896881,0.25256145000457764,False,{},{},0.10026896398630925,False,False,8132
G3_73100_3e-05,32,0,15711,40,0.04288245365023613,0.04870578274130821,False,{},{},0.09398851898731664,False,False,8132
G3_73100_3e-05,33,0,8023,31,0.26794180274009705,0.19387401640415192,False,{},{},0.0947940309997648,False,False,8132
G3_73100_3e-05,34,0,349,13,1.3006298542022705,4.971643447875977,True,{},{},0.09822713100584224,False,False,8132
G3_73100_3e-05,35,0,346,10,0.9693730473518372,0.9162677526473999,False,{},{},0.09489883901551366,False,False,8132
G3_73100_3e-05,36,0,8030,38,0.18349435925483704,0.4535443186759949,False,{},{},0.1001280779892113,False,False,8132
G3_73100_3e-05,37,0,8025,33,0.27269095182418823,0.17846381664276123,False,{},{},0.09716329001821578,False,False,8132
G3_73100_3e-05,38,0,359,23,0.8099199533462524,2.449122428894043,True,{},{},0.09432464698329568,False,False,8132
G3_73100_3e-05,39,0,342,6,0.9941379427909851,1.2913621664047241,True,{},{},0.09674871398601681,False,False,8132
G3_73100_3e-05,40,0,339,3,0.94866943359375,1.397609829902649,True,{},{},0.09861891399486922,False,False,8132
G3_73100_3e-05,41,0,15733,62,0.6543298959732056,0.17713330686092377,False,{},{},0.09899115998996422,False,False,8132
G3_73100_3e-05,42,0,15725,54,0.38124313950538635,0.10529616475105286,False,{},{},0.09716646402375773,False,False,8132
G3_73100_3e-05,43,0,15731,60,0.5816971063613892,0.14168263971805573,False,{},{},0.09356924597523175,False,False,8132
G3_73100_3e-05,44,0,15727,56,0.4217933118343353,0.15571118891239166,False,{},{},0.0958797890052665,False,False,8132
G3_73100_3e-05,45,0,15728,57,0.451259046792984,0.12653258442878723,False,{},{},0.09806065101292916,False,False,8132
G3_73100_3e-05,46,0,15713,42,0.06929044425487518,0.04999393969774246,False,{},{},0.09821021699463017,False,False,8132
G3_73100_3e-05,47,0,353,17,0.7197227478027344,2.00001859664917,True,{},{},0.09823717799736187,False,False,8132
G3_73100_3e-05,48,0,15722,51,0.3049524426460266,0.09472258388996124,False,{},{},0.09435359100461937,False,False,8132
G3_73100_3e-05,49,0,15730,59,0.5219560861587524,0.12792274355888367,False,{},{},0.0984866890066769,False,False,8132
G3_73100_3e-05,50,0,15715,44,0.1255234330892563,0.048680175095796585,False,{},{},0.1058435259910766,False,False,8132
G3_73100_3e-05,51,0,358,22,0.7171617746353149,1.9351892471313477,True,{},{},0.09443415602436289,False,False,8132
G3_73100_3e-05,52,0,354,18,0.704552173614502,1.0010426044464111,True,{},{},0.09759150800528005,False,False,8132
G3_73100_3e-05,53,0,338,2,1.3187925815582275,5.494250774383545,True,{},{},0.09680006001144648,False,False,8132
G3_73100_3e-05,54,0,8026,34,0.25554221868515015,0.21820592880249023,False,{},{},0.0942917850043159,False,False,8132
G3_73100_3e-05,55,0,8021,29,0.27374839782714844,0.23113863170146942,False,{},{},0.1040443459933158,False,False,8132
G3_73100_3e-05,56,0,357,21,0.646674633026123,0.9030471444129944,False,{},{},0.09460138902068138,False,False,8132
G3_73100_3e-05,57,0,352,16,0.6822004914283752,0.9179195165634155,False,{},{},0.09465522700338624,False,False,8132
G3_73100_3e-05,58,0,15729,58,0.48712804913520813,0.1185702383518219,False,{},{},0.09790166499442421,False,False,8132
G3_73100_3e-05,59,0,15734,63,0.6858007907867432,0.21165068447589874,False,{},{},0.09570594198885374,False,False,8132
G3_73100_3e-05,60,0,8027,35,0.2518516182899475,0.24760423600673676,False,{},{},0.10306517299613915,False,False,8132
G3_73100_3e-05,61,0,8028,36,0.15996403992176056,0.485138475894928,False,{},{},0.09834903999581002,False,False,8132
G3_73100_3e-05,62,0,15719,48,0.23100918531417847,0.08825749903917313,False,{},{},0.0961446010041982,False,False,8132
G3_73100_3e-05,63,0,347,11,0.9254567623138428,1.022063970565796,True,{},{},0.10106258900486864,False,False,8132
G3_73100_3e-05,64,0,15732,61,0.6179990768432617,0.17588171362876892,False,{},{},0.10219484099070542,False,False,8130
G3_73100_3e-05,65,1,354,18,0.6622921824455261,1.086665153503418,True,{},{},0.0965922879986465,False,False,8130
G3_73100_3e-05,66,1,345,9,0.910647451877594,0.8879542350769043,False,{},{},0.09668130599311553,False,False,8130
G3_73100_3e-05,67,1,15734,63,0.6837141513824463,0.22417695820331573,False,{},{},0.0956731479964219,False,False,8130
G3_73100_3e-05,68,1,15721,50,0.27857524156570435,0.09305045753717422,False,{},{},0.09562273701885715,False,False,8130
G3_73100_3e-05,69,1,8026,34,0.2515638768672943,0.21858228743076324,False,{},{},0.09841294900979847,False,False,8130
G3_73100_3e-05,70,1,337,1,1.231850266456604,7.087962627410889,True,{},{},0.09521850099554285,False,False,8130
G3_73100_3e-05,71,1,341,5,0.8939777612686157,2.378994941711426,True,{},{},0.09736139699816704,False,False,8130
G3_73100_3e-05,72,1,336,0,0.9432644248008728,1.5960427522659302,True,{},{},0.09280570098781027,False,False,8130
G3_73100_3e-05,73,1,15718,47,0.20105920732021332,0.08619540184736252,False,{},{},0.09729390099528246,False,False,8130
G3_73100_3e-05,74,1,8023,31,0.26552772521972656,0.22029447555541992,False,{},{},0.09570171099039726,False,False,8130
G3_73100_3e-05,75,1,8027,35,0.24727895855903625,0.24558866024017334,False,{},{},0.09391365601914003,False,False,8130
G3_73100_3e-05,76,1,348,12,0.9576065540313721,1.664955735206604,True,{},{},0.09872118500061333,False,False,8130
G3_73100_3e-05,77,1,15726,55,0.3945944607257843,0.13068406283855438,False,{},{},0.09622841500095092,False,False,8130
G3_73100_3e-05,78,1,8021,29,0.2725261449813843,0.2498607337474823,False,{},{},0.09817009899416007,False,False,8131
G3_73100_3e-05,79,1,15725,54,0.3762454688549042,0.11771184206008911,False,{},{},0.09749580701463856,False,False,8131
G3_73100_3e-05,80,1,15730,59,0.5160858631134033,0.14183226227760315,False,{},{},0.09615276398835704,False,False,8131
G3_73100_3e-05,81,1,340,4,0.8621952533721924,1.3787003755569458,True,{},{},0.09681173000717536,False,False,8131
G3_73100_3e-05,82,1,15714,43,0.09376775473356247,0.06404460966587067,False,{},{},0.09736644799704663,False,False,8131
G3_73100_3e-05,83,1,15729,58,0.4827287793159485,0.12577709555625916,False,{},{},0.0993459589954,False,False,8131
G3_73100_3e-05,84,1,15723,52,0.3243269622325897,0.11693378537893295,False,{},{},0.09613968900521286,False,False,8131
G3_73100_3e-05,85,1,359,23,0.6483333706855774,1.6376290321350098,True,{},{},0.0995809209998697,False,False,8131
G3_73100_3e-05,86,1,15716,45,0.14649133384227753,0.06166315823793411,False,{},{},0.09614058598526753,False,False,8131
G3_73100_3e-05,87,1,357,21,0.5835350751876831,0.8342438340187073,False,{},{},0.09725551801966503,False,False,8131
G3_73100_3e-05,88,1,358,22,0.6210242509841919,1.4127018451690674,True,{},{},0.09894644698943011,False,False,8131
G3_73100_3e-05,89,1,343,7,1.0163700580596924,2.7968101501464844,True,{},{},0.09646698000142351,False,False,8131
G3_73100_3e-05,90,1,8019,27,0.25865641236305237,0.24303510785102844,False,{},{},0.0963930250145495,False,False,8131
G3_73100_3e-05,91,1,8028,36,0.14908801019191742,0.42165085673332214,False,{},{},0.09373426699312404,False,False,8131
G3_73100_3e-05,92,1,15713,42,0.07006364315748215,0.06430656462907791,False,{},{},0.09804557802272029,False,False,8131
G3_73100_3e-05,93,1,15732,61,0.6106388568878174,0.18356166779994965,False,{},{},0.09662274300353602,False,False,8131
G3_73100_3e-05,94,1,8018,26,0.25965505838394165,0.2790779769420624,False,{},{},0.09714977699331939,False,False,8131
G3_73100_3e-05,95,1,8017,25,0.27335989475250244,0.35578882694244385,False,{},{},0.09291840301011689,False,False,8131
G3_73100_3e-05,96,1,15717,46,0.1765199899673462,0.07716676592826843,False,{},{},0.09425698200357147,False,False,8131
G3_73100_3e-05,97,1,15728,57,0.4433221220970154,0.13914817571640015,False,{},{},0.09664605901343748,False,False,8131
G3_73100_3e-05,98,1,339,3,0.8163309097290039,1.004520058631897,True,{},{},0.09591186899342574,False,False,8131
G3_73100_3e-05,99,1,355,19,0.5734785199165344,0.8333989977836609,False,{},{},0.09755498101003468,False,False,8131
G3_73100_3e-05,100,1,344,8,0.8606348037719727,0.8169878125190735,False,{},{},0.09489238599780947,False,False,8131
G3_73100_3e-05,101,1,347,11,0.8653361797332764,0.8427860736846924,False,{},{},0.09572178000234999,False,False,8131
G3_73100_3e-05,102,1,350,14,0.9820805788040161,6.959578990936279,True,{},{},0.09899881700403057,False,False,8131
G3_73100_3e-05,103,1,15720,49,0.2504671812057495,0.10767655819654465,False,{},{},0.09701360500184819,False,False,8131
G3_73100_3e-05,104,1,8031,39,0.17182493209838867,0.2693730592727661,False,{},{},0.09855602099560201,False,False,8131
G3_73100_3e-05,105,1,338,2,1.0528664588928223,5.701498031616211,True,{},{},0.09537030101637356,False,False,8131
G3_73100_3e-05,106,1,351,15,0.6431547403335571,1.4317399263381958,True,{},{},0.09812723202048801,False,False,8131
G3_73100_3e-05,107,1,8025,33,0.26188597083091736,0.20009374618530273,False,{},{},0.09342325100442395,False,False,8131
G3_73100_3e-05,108,1,352,16,0.5900113582611084,0.8698568344116211,False,{},{},0.09562781298882328,False,False,8131
G3_73100_3e-05,109,1,8029,37,0.18001607060432434,0.9248821139335632,False,{},{},0.09563109299051575,False,False,8131
G3_73100_3e-05,110,1,8020,28,0.264900803565979,0.29907241463661194,False,{},{},0.09315875198808499,False,False,8131
G3_73100_3e-05,111,1,15715,44,0.12405972182750702,0.06641203165054321,False,{},{},0.09782435197848827,False,False,8132
G3_73100_3e-05,112,1,8024,32,0.2585732042789459,0.20592249929904938,False,{},{},0.09814415802247822,False,False,8132
G3_73100_3e-05,113,1,356,20,0.5118116140365601,0.7053037285804749,False,{},{},0.09582416398916394,False,False,8132
G3_73100_3e-05,114,1,15731,60,0.5678355693817139,0.1784820705652237,False,{},{},0.09651767101604491,False,False,8132
G3_73100_3e-05,115,1,15712,41,0.04445229470729828,0.07767244428396225,False,{},{},0.09355699102161452,False,False,8132
G3_73100_3e-05,116,1,15719,48,0.22649185359477997,0.10068508237600327,False,{},{},0.09929526800988242,False,False,8132
G3_73100_3e-05,117,1,342,6,0.8775621652603149,2.443786382675171,True,{},{},0.10022195297642611,False,False,8132
G3_73100_3e-05,118,1,15733,62,0.6374871134757996,0.2105003297328949,False,{},{},0.09304948800127022,False,False,8132
G3_73100_3e-05,119,1,8022,30,0.2645811140537262,0.25502637028694153,False,{},{},0.09482740701059811,False,False,8132
G3_73100_3e-05,120,1,15724,53,0.34467244148254395,0.12718597054481506,False,{},{},0.09606556998915039,False,False,8132
G3_73100_3e-05,121,1,353,17,0.5421100854873657,1.063637375831604,True,{},{},0.10125475100358017,False,False,8132
G3_73100_3e-05,122,1,8016,24,0.2627224922180176,0.35674306750297546,False,{},{},0.09601416499936022,False,False,8132
G3_73100_3e-05,123,1,8030,38,0.1587258279323578,0.34240642189979553,False,{},{},0.10003109200624749,False,False,8132
G3_73100_3e-05,124,1,15722,51,0.2960458993911743,0.11639559268951416,False,{},{},0.0938751749927178,False,False,8132
G3_73100_3e-05,125,1,15711,40,0.04551537334918976,0.0835338607430458,False,{},{},0.09905583900399506,False,False,8132
G3_73100_3e-05,126,1,15727,56,0.4103848338127136,0.13645966351032257,False,{},{},0.0974188789841719,False,False,8132
G3_73100_3e-05,127,1,346,10,0.8444886207580566,1.1723473072052002,True,{},{},0.0953723739949055,False,False,8132
G3_73100_3e-05,128,1,349,13,0.9412656426429749,6.514816761016846,True,{},{},0.09917669501737691,False,False,8132
G3_73100_3e-05,129,2,353,17,0.5224646329879761,0.7907930612564087,False,{},{},0.09590829801163636,False,False,8132
G3_73100_3e-05,130,2,8027,35,0.23618608713150024,0.2679171562194824,False,{},{},0.1062456020154059,False,False,8132
G3_73100_3e-05,131,2,8017,25,0.2598218321800232,0.36252379417419434,False,{},{},0.09651889602537267,False,False,8132
G3_73100_3e-05,132,2,8020,28,0.25971025228500366,0.3097788095474243,False,{},{},0.09283273899927735,False,False,8132
G3_73100_3e-05,133,2,15729,58,0.4747077226638794,0.14599958062171936,False,{},{},0.09673143699183129,False,False,8132
G3_73100_3e-05,134,2,15719,48,0.2247454822063446,0.10400611162185669,False,{},{},0.09961247301544063,False,False,8132
G3_73100_3e-05,135,2,8024,32,0.25323811173439026,0.22533804178237915,False,{},{},0.0971374420041684,False,False,8132
G3_73100_3e-05,136,2,15731,60,0.563483715057373,0.1863958239555359,False,{},{},0.09713472099974751,False,False,8132
G3_73100_3e-05,137,2,15714,43,0.09383324533700943,0.08326133340597153,False,{},{},0.09381688499706797,False,False,8132
G3_73100_3e-05,138,2,8030,38,0.15452761948108673,0.3279590308666229,False,{},{},0.09498940300545655,False,False,8132
G3_73100_3e-05,139,2,15715,44,0.12354884296655655,0.07991460710763931,False,{},{},0.10162750701420009,False,False,8132
G3_73100_3e-05,140,2,8018,26,0.246138796210289,0.28374695777893066,False,{},{},0.09530386701226234,False,False,8132
G3_73100_3e-05,141,2,8021,29,0.2597830891609192,0.2880074083805084,False,{},{},0.09646963700652122,False,False,8132
G3_73100_3e-05,142,2,345,9,0.8045315742492676,0.8963660597801208,False,{},{},0.09439217299222946,False,False,8132
G3_73100_3e-05,143,2,15734,63,0.6654988527297974,0.23753972351551056,False,{},{},0.09600109001621604,False,False,8132
G3_73100_3e-05,144,2,8028,36,0.13827764987945557,0.4919225573539734,False,{},{},0.1040408370026853,False,False,8132
G3_73100_3e-05,145,2,347,11,0.811322033405304,0.8834067583084106,False,{},{},0.09492603898979723,False,False,8132
G3_73100_3e-05,146,2,8025,33,0.25117039680480957,0.2199905514717102,False,{},{},0.09540934400865808,False,False,8132
G3_73100_3e-05,147,2,349,13,0.7486637830734253,4.850625514984131,True,{},{},0.10109304398065433,False,False,8132
G3_73100_3e-05,148,2,15722,51,0.29295533895492554,0.1260070651769638,False,{},{},0.09941464001894929,False,False,8132
G3_73100_3e-05,149,2,344,8,0.7935307621955872,0.8958839178085327,False,{},{},0.10143790900474414,False,False,8132
G3_73100_3e-05,150,2,15733,62,0.6298690438270569,0.21959812939167023,False,{},{},0.09580319101223722,False,False,8132
G3_73100_3e-05,151,2,15713,42,0.07068774104118347,0.08558294177055359,False,{},{},0.0958013859926723,False,False,8132
G3_73100_3e-05,152,2,15732,61,0.597615659236908,0.19885478913784027,False,{},{},0.09654166601831093,False,False,8132
G3_73100_3e-05,153,2,348,12,0.8205757141113281,1.3223589658737183,True,{},{},0.10213343100622296,False,False,8132
G3_73100_3e-05,154,2,352,16,0.5179395079612732,1.0754090547561646,True,{},{},0.09504531198763289,False,False,8132
G3_73100_3e-05,155,2,15721,50,0.2678367495536804,0.12702886760234833,False,{},{},0.09956349700223655,False,False,8132
G3_73100_3e-05,156,2,15725,54,0.3649064600467682,0.14523404836654663,False,{},{},0.09597187899635173,False,False,8132
G3_73100_3e-05,157,2,15723,52,0.3145984709262848,0.1394340693950653,False,{},{},0.0966150070016738,False,False,8132
G3_73100_3e-05,158,2,337,1,1.0018329620361328,6.667482852935791,True,{},{},0.10276345800957642,False,False,8132
G3_73100_3e-05,159,2,340,4,0.7467977404594421,1.27752685546875,True,{},{},0.0978735119861085,False,False,8132
G3_73100_3e-05,160,2,8022,30,0.25355440378189087,0.2660125195980072,False,{},{},0.0977196330204606,False,False,8132
G3_73100_3e-05,161,2,15717,46,0.17171743512153625,0.08533044904470444,False,{},{},0.09535072502330877,False,False,8132
G3_73100_3e-05,162,2,351,15,0.5318817496299744,1.4332785606384277,True,{},{},0.10129293898353353,False,False,8132
G3_73100_3e-05,163,2,8016,24,0.2459104359149933,0.3636293411254883,False,{},{},0.09906248498009518,False,False,8132
G3_73100_3e-05,164,2,358,22,0.5094113945960999,1.1337215900421143,True,{},{},0.09252548997756094,False,False,8132
G3_73100_3e-05,165,2,15720,49,0.2418200671672821,0.12577521800994873,False,{},{},0.09606399800395593,False,False,8132
G3_73100_3e-05,166,2,357,21,0.49520570039749146,1.4472957849502563,True,{},{},0.09606640198035166,False,False,8132
G3_73100_3e-05,167,2,15712,41,0.04622245579957962,0.10406547784805298,False,{},{},0.10216684799524955,False,False,8132
G3_73100_3e-05,168,2,15727,56,0.4049648344516754,0.1473495215177536,False,{},{},0.09674624699982814,False,False,8132
G3_73100_3e-05,169,2,339,3,0.7157934904098511,0.9262797832489014,False,{},{},0.09529392299009487,False,False,8132
G3_73100_3e-05,170,2,346,10,0.7785372138023376,0.9003378748893738,False,{},{},0.09559011698001996,False,False,8132
G3_73100_3e-05,171,2,8023,31,0.24660244584083557,0.2632334232330322,False,{},{},0.09915418198215775,False,False,8132
G3_73100_3e-05,172,2,8031,39,0.1583363115787506,0.3401734232902527,False,{},{},0.09940522100077942,False,False,8132
G3_73100_3e-05,173,2,354,18,0.49853312969207764,1.123049259185791,True,{},{},0.0959663369867485,False,False,8132
G3_73100_3e-05,174,2,336,0,0.7182828187942505,1.3457359075546265,True,{},{},0.09512809899752028,False,False,8132
G3_73100_3e-05,175,2,15724,53,0.33556002378463745,0.13460679352283478,False,{},{},0.0959353760117665,False,False,8132
G3_73100_3e-05,176,2,341,5,0.7529025077819824,1.5324488878250122,True,{},{},0.10051694200956263,False,False,8132
G3_73100_3e-05,177,2,15728,57,0.43283969163894653,0.15323403477668762,False,{},{},0.09822660198551603,False,False,8132
G3_73100_3e-05,178,2,8019,27,0.2390294075012207,0.29655373096466064,False,{},{},0.0950633350003045,False,False,8132
G3_73100_3e-05,179,2,350,14,0.5356300473213196,1.517343521118164,True,{},{},0.09805662097642198,False,False,8132
G3_73100_3e-05,180,2,342,6,0.7770124077796936,1.8165323734283447,True,{},{},0.09478773601585999,False,False,8132
G3_73100_3e-05,181,2,8029,37,0.1475447416305542,0.708871066570282,False,{},{},0.09748485698946752,False,False,8132
G3_73100_3e-05,182,2,8026,34,0.2259291559457779,0.28419581055641174,False,{},{},0.09652430500136688,False,False,8132
G3_73100_3e-05,183,2,15730,59,0.49844932556152344,0.18245753645896912,False,{},{},0.09302447200752795,False,False,8132
G3_73100_3e-05,184,2,15726,55,0.38067805767059326,0.1430632621049881,False,{},{},0.09384715399937704,False,False,8132
G3_73100_3e-05,185,2,15716,45,0.14231564104557037,0.08268656581640244,False,{},{},0.09730162299820222,False,False,8132
G3_73100_3e-05,186,2,359,23,0.5043653249740601,1.154664158821106,True,{},{},0.09938380899257027,False,False,8132
G3_73100_3e-05,187,2,343,7,0.7996068000793457,1.8470242023468018,True,{},{},0.09672353800851852,False,False,8132
G3_73100_3e-05,188,2,15711,40,0.047729264944791794,0.12376762926578522,False,{},{},0.09464675301569514,False,False,8132
G3_73100_3e-05,189,2,338,2,0.802781343460083,4.292312145233154,True,{},{},0.09677850498701446,False,False,8132
G3_73100_3e-05,190,2,15718,47,0.1921914666891098,0.10942399501800537,False,{},{},0.09700422998866998,False,False,8132
G3_73100_3e-05,191,2,356,20,0.44541120529174805,0.9677829742431641,False,{},{},0.09909033999429084,False,False,8132
G3_73100_3e-05,192,2,355,19,0.4571833312511444,1.0995628833770752,True,{},{},0.09845226199831814,False,False,8132
G3_73100_3e-05,193,3,15719,48,0.21947792172431946,0.13006718456745148,False,{},{},0.09339549200376496,False,False,8132
G3_73100_3e-05,194,3,348,12,0.7515506744384766,1.3994373083114624,True,{},{},0.10092194899334572,False,False,8132
G3_73100_3e-05,195,3,342,6,0.7332691550254822,1.069369912147522,True,{},{},0.10434072301723063,False,False,8130
G3_73100_3e-05,196,3,8019,27,0.2354426383972168,0.32295218110084534,False,{},{},0.09622760699130595,False,False,8130
G3_73100_3e-05,197,3,350,14,0.5149556994438171,1.6784520149230957,True,{},{},0.09743285999866202,False,False,8130
G3_73100_3e-05,198,3,344,8,0.7433930039405823,1.276881217956543,True,{},{},0.09791175098507665,False,False,8130
G3_73100_3e-05,199,3,346,10,0.7409267425537109,1.1391401290893555,True,{},{},0.09651257400400937,False,False,8130
G3_73100_3e-05,200,3,8017,25,0.23563462495803833,0.3860151171684265,False,{},{},0.10374525998486206,False,False,8130
G3_73100_3e-05,201,3,15722,51,0.28593572974205017,0.14463578164577484,False,{},{},0.09717536097741686,False,False,8130
G3_73100_3e-05,202,3,8028,36,0.1343315988779068,0.7737711071968079,False,{},{},0.0939320590114221,False,False,8130
G3_73100_3e-05,203,3,8031,39,0.15275819599628448,0.39628374576568604,False,{},{},0.09848861600039527,False,False,8130
G3_73100_3e-05,204,3,15715,44,0.12325076758861542,0.12170828133821487,False,{},{},0.09266222201404162,False,False,8130
G3_73100_3e-05,205,3,15731,60,0.5534591674804688,0.21082338690757751,False,{},{},0.09671219901065342,False,False,8130
G3_73100_3e-05,206,3,357,21,0.44584208726882935,0.6894875764846802,False,{},{},0.0954603930003941,False,False,8130
G3_73100_3e-05,207,3,8030,38,0.14044107496738434,0.4056578278541565,False,{},{},0.09770196399767883,False,False,8130
G3_73100_3e-05,208,3,15732,61,0.5876413583755493,0.23257721960544586,False,{},{},0.09916704098577611,False,False,8130
G3_73100_3e-05,209,3,15724,53,0.3315317928791046,0.1503410041332245,False,{},{},0.09779912099475041,False,False,8130
G3_73100_3e-05,210,3,8020,28,0.2375524491071701,0.34878066182136536,False,{},{},0.09404877800261602,False,False,8130
G3_73100_3e-05,211,3,8021,29,0.24047346413135529,0.3388371169567108,False,{},{},0.09931624197633937,False,False,8130
G3_73100_3e-05,212,3,358,22,0.46147608757019043,1.178414225578308,True,{},{},0.09550645199487917,False,False,8130
G3_73100_3e-05,213,3,15712,41,0.04777216538786888,0.1315416544675827,False,{},{},0.09399766000569798,False,False,8130
G3_73100_3e-05,214,3,8022,30,0.2397727072238922,0.291763573884964,False,{},{},0.1008352909993846,False,False,8131
G3_73100_3e-05,215,3,15728,57,0.42982354760169983,0.15877126157283783,False,{},{},0.09286386400344782,False,False,8131
G3_73100_3e-05,216,3,337,1,0.770235538482666,3.413968086242676,True,{},{},0.09677735000150278,False,False,8131
G3_73100_3e-05,217,3,15723,52,0.30739927291870117,0.14957666397094727,False,{},{},0.09715522898477502,False,False,8131
G3_73100_3e-05,218,3,8026,34,0.21935704350471497,0.32512739300727844,False,{},{},0.09748243799549527,False,False,8131
G3_73100_3e-05,219,3,338,2,0.7194643020629883,1.4215431213378906,True,{},{},0.10095824900781736,False,False,8131
G3_73100_3e-05,220,3,355,19,0.43189382553100586,1.2324494123458862,True,{},{},0.09571273601613939,False,False,8131
G3_73100_3e-05,221,3,15711,40,0.04755233973264694,0.13815425336360931,False,{},{},0.0966932290175464,False,False,8131
G3_73100_3e-05,222,3,15718,47,0.19086819887161255,0.1318015158176422,False,{},{},0.09769316800520755,False,False,8131
G3_73100_3e-05,223,3,340,4,0.6793099641799927,1.2394672632217407,True,{},{},0.09892946301260963,False,False,8131
G3_73100_3e-05,224,3,8029,37,0.1265261471271515,0.8540160655975342,False,{},{},0.09988239599624649,False,False,8131
G3_73100_3e-05,225,3,351,15,0.4625418186187744,1.3369852304458618,True,{},{},0.10021635101293214,False,False,8131
G3_73100_3e-05,226,3,15725,54,0.35669079422950745,0.16889908909797668,False,{},{},0.09708977001719177,False,False,8131
G3_73100_3e-05,227,3,345,9,0.7168353796005249,1.202161431312561,True,{},{},0.09841979600605555,False,False,8131
G3_73100_3e-05,228,3,8025,33,0.2351951003074646,0.28919559717178345,False,{},{},0.10106299398466945,False,False,8131
G3_73100_3e-05,229,3,8027,35,0.2216774970293045,0.43257737159729004,False,{},{},0.09609981701942161,False,False,8131
G3_73100_3e-05,230,3,353,17,0.46264639496803284,2.5233211517333984,True,{},{},0.0996186749835033,False,False,8131
G3_73100_3e-05,231,3,15730,59,0.4938897490501404,0.21221616864204407,False,{},{},0.09483071701833978,False,False,8131
G3_73100_3e-05,232,3,15717,46,0.1682397872209549,0.10405723750591278,False,{},{},0.09869520299253054,False,False,8131
G3_73100_3e-05,233,3,8023,31,0.23403072357177734,0.2972232401371002,False,{},{},0.09745865801232867,False,False,8131
G3_73100_3e-05,234,3,349,13,0.48923632502555847,1.223523736000061,True,{},{},0.09345415298594162,False,False,8131
G3_73100_3e-05,235,3,15721,50,0.25955361127853394,0.15915317833423615,False,{},{},0.10012932601966895,False,False,8131
G3_73100_3e-05,236,3,15714,43,0.09443573653697968,0.12202652543783188,False,{},{},0.09634181499131955,False,False,8131
G3_73100_3e-05,237,3,15727,56,0.39816319942474365,0.1679842323064804,False,{},{},0.09748146097990684,False,False,8132
G3_73100_3e-05,238,3,8016,24,0.22362273931503296,0.39170724153518677,False,{},{},0.09809582799789496,False,False,8132
G3_73100_3e-05,239,3,15726,55,0.3754739463329315,0.17944197356700897,False,{},{},0.09773919201688841,False,False,8132
G3_73100_3e-05,240,3,15729,58,0.459591269493103,0.18435223400592804,False,{},{},0.0942210599896498,False,False,8132
G3_73100_3e-05,241,3,8024,32,0.23075824975967407,0.3266465663909912,False,{},{},0.09291597400442697,False,False,8132
G3_73100_3e-05,242,3,354,18,0.4711134433746338,3.387192726135254,True,{},{},0.1009384090139065,False,False,8132
G3_73100_3e-05,243,3,15713,42,0.07300254702568054,0.13893117010593414,False,{},{},0.09875386400381103,False,False,8132
G3_73100_3e-05,244,3,15733,62,0.6141059398651123,0.2633504271507263,False,{},{},0.09835881600156426,False,False,8132
G3_73100_3e-05,245,3,15734,63,0.6473156213760376,0.30040720105171204,False,{},{},0.09490779100451618,False,False,8132
G3_73100_3e-05,246,3,359,23,0.45768868923187256,1.8359546661376953,True,{},{},0.0983085129992105,False,False,8132
G3_73100_3e-05,247,3,343,7,0.7125610113143921,1.4430509805679321,True,{},{},0.09788412600755692,False,False,8132
G3_73100_3e-05,248,3,15716,45,0.14132314920425415,0.0997745618224144,False,{},{},0.10007968498393893,False,False,8132
G3_73100_3e-05,249,3,336,0,0.6786983013153076,1.0822111368179321,True,{},{},0.09819576601148583,False,False,8132
G3_73100_3e-05,250,3,347,11,0.7157356142997742,1.2458938360214233,True,{},{},0.10050197300733998,False,False,8132
G3_73100_3e-05,251,3,15720,49,0.2340458333492279,0.16196884214878082,False,{},{},0.10145391398691572,False,False,8132
G3_73100_3e-05,252,3,339,3,0.6594197750091553,0.8505842089653015,False,{},{},0.09546265998505987,False,False,8132
G3_73100_3e-05,253,3,356,20,0.4052891433238983,0.5415465831756592,False,{},{},0.09968356098397635,False,False,8132
G3_73100_3e-05,254,3,8018,26,0.2204500436782837,0.38645416498184204,False,{},{},0.09933040998294018,False,False,8132
G3_73100_3e-05,255,3,341,5,0.6713707447052002,1.8975845575332642,True,{},{},0.09485458800918423,False,False,8132
G3_73100_3e-05,256,3,352,16,0.44087809324264526,1.0086450576782227,True,{},{},0.10135441899183206,False,False,8132
G3_73100_3e-05,257,4,15731,60,0.5451379418373108,0.24423298239707947,False,{},{},0.09530457202345133,False,False,8132
G3_73100_3e-05,258,4,15721,50,0.2563057839870453,0.16530385613441467,False,{},{},0.09559571597492322,False,False,8132
G3_73100_3e-05,259,4,351,15,0.43937867879867554,0.967012345790863,False,{},{},0.094236272998387,False,False,8132
G3_73100_3e-05,260,4,347,11,0.6973510384559631,0.7963705658912659,False,{},{},0.09791467300965451,False,False,8132
G3_73100_3e-05,261,4,339,3,0.6454900503158569,0.8438630104064941,False,{},{},0.09604512300575152,False,False,8132
G3_73100_3e-05,262,4,15720,49,0.2330918312072754,0.16891421377658844,False,{},{},0.09552591998362914,False,False,8132
G3_73100_3e-05,263,4,358,22,0.4245753586292267,1.0755153894424438,True,{},{},0.09512100100982934,False,False,8132
G3_73100_3e-05,264,4,337,1,0.7004309892654419,1.851596713066101,True,{},{},0.09456072899047285,False,False,8132
G3_73100_3e-05,265,4,15711,40,0.049302298575639725,0.17164170742034912,False,{},{},0.09587610300513916,False,False,8132
G3_73100_3e-05,266,4,344,8,0.6828433871269226,1.3179571628570557,True,{},{},0.09635217799223028,False,False,8132
G3_73100_3e-05,267,4,15733,62,0.6075406074523926,0.27614346146583557,False,{},{},0.09347841900307685,False,False,8132
G3_73100_3e-05,268,4,336,0,0.6520293951034546,1.1987624168395996,True,{},{},0.09538481599884108,False,False,8132
G3_73100_3e-05,269,4,342,6,0.6650288701057434,1.4772992134094238,True,{},{},0.0944428000075277,False,False,8132
G3_73100_3e-05,270,4,8018,26,0.21738654375076294,0.4174472391605377,False,{},{},0.10240687101031654,False,False,8132
G3_73100_3e-05,271,4,15728,57,0.42336979508399963,0.17709122598171234,False,{},{},0.09891388102550991,False,False,8132
G3_73100_3e-05,272,4,346,10,0.6676903963088989,1.4118363857269287,True,{},{},0.09258706498076208,False,False,8132
G3_73100_3e-05,273,4,8027,35,0.21143902838230133,0.4749985337257385,False,{},{},0.09281804799684323,False,False,8132
G3_73100_3e-05,274,4,15716,45,0.14023248851299286,0.1090276762843132,False,{},{},0.09552608800004236,False,False,8132
G3_73100_3e-05,275,4,8031,39,0.1372177004814148,0.4396951496601105,False,{},{},0.10399400201276876,False,False,8132
G3_73100_3e-05,276,4,15722,51,0.27877435088157654,0.20908789336681366,False,{},{},0.09468185002333485,False,False,8132
G3_73100_3e-05,277,4,15734,63,0.6401565074920654,0.34191787242889404,False,{},{},0.09607031600899063,False,False,8132
G3_73100_3e-05,278,4,338,2,0.6615859270095825,1.563572645187378,True,{},{},0.09936803698656149,False,False,8132
G3_73100_3e-05,279,4,15729,58,0.4525945484638214,0.22220610082149506,False,{},{},0.0980965320195537,False,False,8132
G3_73100_3e-05,280,4,15712,41,0.05028844624757767,0.182148739695549,False,{},{},0.09960550200776197,False,False,8132
G3_73100_3e-05,281,4,8030,38,0.12669548392295837,0.49083155393600464,False,{},{},0.09499392000725493,False,False,8132
G3_73100_3e-05,282,4,15719,48,0.21386325359344482,0.2153385728597641,False,{},{},0.09828356100479141,False,False,8132
G3_73100_3e-05,283,4,343,7,0.6524657011032104,1.025962471961975,True,{},{},0.0952136249979958,False,False,8132
G3_73100_3e-05,284,4,8017,25,0.20828929543495178,0.3627219498157501,False,{},{},0.10291498902370222,False,False,8132
G3_73100_3e-05,285,4,355,19,0.39672279357910156,0.8239858746528625,False,{},{},0.09771527300472371,False,False,8132
G3_73100_3e-05,286,4,8016,24,0.2079756110906601,0.4119107723236084,False,{},{},0.09486213300260715,False,False,8132
G3_73100_3e-05,287,4,15713,42,0.0741019994020462,0.17846660315990448,False,{},{},0.09546681097708642,False,False,8132
G3_73100_3e-05,288,4,15714,43,0.09419576078653336,0.1549845039844513,False,{},{},0.09636205100105144,False,False,8132
G3_73100_3e-05,289,4,356,20,0.3892362117767334,0.9275394678115845,False,{},{},0.1028506720031146,False,False,8132
G3_73100_3e-05,290,4,8026,34,0.20165124535560608,0.4235858619213104,False,{},{},0.09701921400846913,False,False,8132
G3_73100_3e-05,291,4,340,4,0.6296795606613159,2.2470004558563232,True,{},{},0.09611360300914384,False,False,8132
G3_73100_3e-05,292,4,15718,47,0.1873215287923813,0.16367207467556,False,{},{},0.09555042599095032,False,False,8132
G3_73100_3e-05,293,4,15717,46,0.1650530993938446,0.12669019401073456,False,{},{},0.10394896101206541,False,False,8132
G3_73100_3e-05,294,4,15726,55,0.36798331141471863,0.24101294577121735,False,{},{},0.09737288398901,False,False,8132
G3_73100_3e-05,295,4,15725,54,0.34839826822280884,0.21921706199645996,False,{},{},0.09427192099974491,False,False,8132
G3_73100_3e-05,296,4,357,21,0.39985567331314087,1.6030137538909912,True,{},{},0.0974967829824891,False,False,8132
G3_73100_3e-05,297,4,15732,61,0.5720646381378174,0.3056325912475586,False,{},{},0.09712058599689044,False,False,8132
G3_73100_3e-05,298,4,8024,32,0.2182023525238037,0.3990456759929657,False,{},{},0.10097383998800069,False,False,8132
G3_73100_3e-05,299,4,8025,33,0.2152564823627472,0.345431387424469,False,{},{},0.10046890698140487,False,False,8132
G3_73100_3e-05,300,4,15724,53,0.32014209032058716,0.21684853732585907,False,{},{},0.10031678000814281,False,False,8132
G3_73100_3e-05,301,4,8029,37,0.10413858294487,0.6727178692817688,False,{},{},0.10050944500835612,False,False,8132
G3_73100_3e-05,302,4,8023,31,0.21763193607330322,0.32888057827949524,False,{},{},0.10020661100861616,False,False,8132
G3_73100_3e-05,303,4,8020,28,0.21311606466770172,0.393257200717926,False,{},{},0.10388204400078394,False,False,8127
G3_73100_3e-05,304,4,8019,27,0.20490317046642303,0.4434693455696106,False,{},{},0.10169672899064608,False,False,8127
G3_73100_3e-05,305,4,348,12,0.6661858558654785,1.0528161525726318,True,{},{},0.10179696397972293,False,False,8127
G3_73100_3e-05,306,4,8021,29,0.2145403027534485,0.3560853898525238,False,{},{},0.15266312001040205,False,False,8127
G3_73100_3e-05,307,4,350,14,0.44706422090530396,1.7197139263153076,True,{},{},0.10646025600726716,False,False,8127
G3_73100_3e-05,308,4,345,9,0.6534546613693237,1.3211212158203125,True,{},{},0.10053621098631993,False,False,8127
G3_73100_3e-05,309,4,353,17,0.4230005145072937,1.9270150661468506,True,{},{},0.09883896401152015,False,False,8127
G3_73100_3e-05,310,4,352,16,0.4116666913032532,0.885193943977356,False,{},{},0.10020389599958435,False,False,8127
G3_73100_3e-05,311,4,341,5,0.6168285608291626,2.5114200115203857,True,{},{},0.10217068699421361,False,False,8127
G3_73100_3e-05,312,4,354,18,0.43554866313934326,2.436579465866089,True,{},{},0.09800702100619674,False,False,8127
G3_73100_3e-05,313,4,8022,30,0.2144504189491272,0.3157179355621338,False,{},{},0.09594590298365802,False,False,8127
G3_73100_3e-05,314,4,15727,56,0.38390710949897766,0.2566513121128082,False,{},{},0.09574653199524619,False,False,8127
G3_73100_3e-05,315,4,15723,52,0.29585349559783936,0.20971952378749847,False,{},{},0.0959926930081565,False,False,8127
G3_73100_3e-05,316,4,8028,36,0.11519244313240051,1.129092812538147,True,{},{},0.10028861201135442,False,False,8127
G3_73100_3e-05,317,4,15730,59,0.47983527183532715,0.28614550828933716,False,{},{},0.09566752999671735,False,False,8127
G3_73100_3e-05,318,4,349,13,0.4320595860481262,1.7722069025039673,True,{},{},0.09596591300214641,False,False,8127
G3_73100_3e-05,319,4,15715,44,0.12077074497938156,0.19827452301979065,False,{},{},0.09997465199558064,False,False,8127
G3_73100_3e-05,320,4,359,23,0.4115625023841858,1.9792343378067017,True,{},{},0.09753675298998132,False,False,8127
G3_73100_3e-05,321,5,356,20,0.3852223753929138,1.8984230756759644,True,{},{},0.09766552498331293,False,False,8127
G3_73100_3e-05,322,5,8027,35,0.1897638887166977,0.5203439593315125,False,{},{},0.09889222399215214,False,False,8127
G3_73100_3e-05,323,5,8024,32,0.20617032051086426,0.40519052743911743,False,{},{},0.09768049500416964,False,False,8127
G3_73100_3e-05,324,5,345,9,0.6279762387275696,0.8206408023834229,False,{},{},0.09841933500138111,False,False,8127
G3_73100_3e-05,325,5,15728,57,0.41419997811317444,0.25207749009132385,False,{},{},0.09951160999480635,False,False,8128
G3_73100_3e-05,326,5,15717,46,0.16221165657043457,0.13723352551460266,False,{},{},0.09559836800326593,False,False,8128
G3_73100_3e-05,327,5,15714,43,0.09388300031423569,0.17526564002037048,False,{},{},0.09688057299354114,False,False,8128
G3_73100_3e-05,328,5,15719,48,0.2082914113998413,0.28509414196014404,False,{},{},0.0978302639850881,False,False,8128
G3_73100_3e-05,329,5,15718,47,0.18313756585121155,0.2025410234928131,False,{},{},0.10082449798937887,False,False,8128
G3_73100_3e-05,330,5,8022,30,0.2082502245903015,0.33176687359809875,False,{},{},0.09750827099196613,False,False,8128
G3_73100_3e-05,331,5,15716,45,0.13816848397254944,0.13902835547924042,False,{},{},0.09348267500172369,False,False,8128
G3_73100_3e-05,332,5,8019,27,0.19001048803329468,0.4733717143535614,False,{},{},0.09628338101902045,False,False,8128
G3_73100_3e-05,333,5,15724,53,0.3140678405761719,0.25719112157821655,False,{},{},0.0962677689967677,False,False,8128
G3_73100_3e-05,334,5,8029,37,0.11410782486200333,2.301331043243408,True,{},{},0.09850313098286279,False,False,8128
G3_73100_3e-05,335,5,8026,34,0.18664196133613586,0.5241702198982239,False,{},{},0.09658742701867595,False,False,8128
G3_73100_3e-05,336,5,8018,26,0.19315268099308014,0.44578513503074646,False,{},{},0.09368306898977607,False,False,8128
G3_73100_3e-05,337,5,357,21,0.39569714665412903,3.127528667449951,True,{},{},0.09529362802277319,False,False,8128
G3_73100_3e-05,338,5,8021,29,0.19759699702262878,0.3922652006149292,False,{},{},0.09469360299408436,False,False,8128
G3_73100_3e-05,339,5,15732,61,0.5630661249160767,0.38243111968040466,False,{},{},0.09767625600215979,False,False,8127
G3_73100_3e-05,340,5,8025,33,0.19601953029632568,0.3794556260108948,False,{},{},0.09713666999596171,False,False,8127
G3_73100_3e-05,341,5,355,19,0.3756789267063141,1.3448985815048218,True,{},{},0.09171266100020148,False,False,8127
G3_73100_3e-05,342,5,349,13,0.40749025344848633,1.7520051002502441,True,{},{},0.09659626701613888,False,False,8127
G3_73100_3e-05,343,5,340,4,0.5808792114257812,1.1651829481124878,True,{},{},0.09582343100919388,False,False,8127
G3_73100_3e-05,344,5,342,6,0.5920289754867554,1.134474277496338,True,{},{},0.0993673610209953,False,False,8129
G3_73100_3e-05,345,5,359,23,0.3870372474193573,1.5643986463546753,True,{},{},0.0954113129992038,False,False,8129
G3_73100_3e-05,346,5,15727,56,0.37505748867988586,0.33529001474380493,False,{},{},0.09463063898147084,False,False,8129
G3_73100_3e-05,347,5,15721,50,0.246171772480011,0.32519590854644775,False,{},{},0.09548563297721557,False,False,8129
G3_73100_3e-05,348,5,352,16,0.38841378688812256,1.0760546922683716,True,{},{},0.09629456300172023,False,False,8129
G3_73100_3e-05,349,5,337,1,0.6431323289871216,3.1227102279663086,True,{},{},0.09911972400732338,False,False,8131
G3_73100_3e-05,350,5,341,5,0.5692365169525146,2.26420521736145,True,{},{},0.09506793398759328,False,False,8131
G3_73100_3e-05,351,5,15712,41,0.050951339304447174,0.27244359254837036,False,{},{},0.09871353601920418,False,False,8131
G3_73100_3e-05,352,5,8016,24,0.19152334332466125,0.6171652674674988,False,{},{},0.09363746899180114,False,False,8131
G3_73100_3e-05,353,5,8028,36,0.09598100185394287,0.8606939315795898,False,{},{},0.09673900599591434,False,False,8131
G3_73100_3e-05,354,5,8030,38,0.09952995926141739,0.8338088989257812,False,{},{},0.10049908299697563,False,False,8132
G3_73100_3e-05,355,5,8020,28,0.1863928884267807,0.4612759053707123,False,{},{},0.09602769601042382,False,False,8132
G3_73100_3e-05,356,5,336,0,0.6051189303398132,2.1973516941070557,True,{},{},0.09784731001127511,False,False,8132
G3_73100_3e-05,357,5,15723,52,0.28832823038101196,0.32045865058898926,False,{},{},0.09478488401509821,False,False,8132
G3_73100_3e-05,358,5,15725,54,0.3348979949951172,0.4724363684654236,False,{},{},0.09780831899843179,False,False,8132
G3_73100_3e-05,359,5,8017,25,0.1846936047077179,0.5241397619247437,False,{},{},0.09559462900506333,False,False,8132
G3_73100_3e-05,360,5,343,7,0.575616717338562,1.5118160247802734,True,{},{},0.09648101398488507,False,False,8132
G3_73100_3e-05,361,5,351,15,0.3806173503398895,1.1986174583435059,True,{},{},0.09435351099818945,False,False,8132
G3_73100_3e-05,362,5,350,14,0.38258832693099976,1.284016728401184,True,{},{},0.09774350700899959,False,False,8132
G3_73100_3e-05,363,5,15720,49,0.2220284640789032,0.301803320646286,False,{},{},0.09995798600721173,False,False,8132
G3_73100_3e-05,364,5,8023,31,0.1948172152042389,0.4761384427547455,False,{},{},0.09405040999990888,False,False,8132
G3_73100_3e-05,365,5,15729,58,0.43049681186676025,0.4775840938091278,False,{},{},0.09621033401344903,False,False,8132
G3_73100_3e-05,366,5,15713,42,0.07333475351333618,0.3276211619377136,False,{},{},0.09491587098455057,False,False,8132
G3_73100_3e-05,367,5,344,8,0.5757715702056885,1.476975679397583,True,{},{},0.09700149597483687,False,False,8132
G3_73100_3e-05,368,5,15722,51,0.2652907371520996,0.4198087453842163,False,{},{},0.10142777999863029,False,False,8132
G3_73100_3e-05,369,5,347,11,0.5860302448272705,1.1190905570983887,True,{},{},0.0968985730141867,False,False,8132
G3_73100_3e-05,370,5,338,2,0.5642960071563721,1.8339923620224,True,{},{},0.0971914780093357,False,False,8132
G3_73100_3e-05,371,5,15711,40,0.049576982855796814,0.3560890257358551,False,{},{},0.09540869400370866,False,False,8132
G3_73100_3e-05,372,5,353,17,0.36686384677886963,1.712565541267395,True,{},{},0.09660950899706222,False,False,8133
G3_73100_3e-05,373,5,15715,44,0.11971594393253326,0.2697208821773529,False,{},{},0.0965154769946821,False,False,8133
G3_73100_3e-05,374,5,15734,63,0.6085498332977295,0.6468485593795776,False,{},{},0.10426577599719167,False,False,8133
G3_73100_3e-05,375,5,358,22,0.39067918062210083,2.3357715606689453,True,{},{},0.09584777301643044,False,False,8133
G3_73100_3e-05,376,5,354,18,0.3951627016067505,2.296020030975342,True,{},{},0.09584427397930995,False,False,8133
G3_73100_3e-05,377,5,8031,39,0.10063477605581284,1.7730382680892944,True,{},{},0.09880353498738259,False,False,8129
G3_73100_3e-05,378,5,15730,59,0.4568621814250946,0.5930371284484863,False,{},{},0.09705913899233565,False,False,8129
G3_73100_3e-05,379,5,15731,60,0.5099090337753296,0.6192840933799744,False,{},{},0.09656260898918845,False,False,8129
G3_73100_3e-05,380,5,346,10,0.5738734602928162,1.284387469291687,True,{},{},0.09320247900905088,False,False,8129
G3_73100_3e-05,381,5,15726,55,0.33716943860054016,0.7982473373413086,False,{},{},0.09647007400053553,False,False,8129
G3_73100_3e-05,382,5,348,12,0.5689490437507629,1.6277680397033691,True,{},{},0.09708085202146322,False,False,8128
G3_73100_3e-05,383,5,15733,62,0.558597207069397,0.8799092173576355,False,{},{},0.09767233597813174,False,False,8128
G3_73100_3e-05,384,5,339,3,0.5568165183067322,4.186832427978516,True,{},{},0.09662576200207695,False,False,8128
G3_73100_3e-05,385,6,8017,25,0.17195239663124084,0.5707017779350281,False,{},{},0.09442288501304574,False,False,8128
G3_73100_3e-05,386,6,15717,46,0.15643244981765747,0.22797293961048126,False,{},{},0.09958482498768717,False,False,8129
G3_73100_3e-05,387,6,337,1,0.5528619289398193,3.12721848487854,True,{},{},0.09660594098386355,False,False,8129
G3_73100_3e-05,388,6,8030,38,0.07730671018362045,0.6834122538566589,False,{},{},0.09414464997826144,False,False,8129
G3_73100_3e-05,389,6,353,17,0.34167879819869995,1.6412360668182373,True,{},{},0.09550590201979503,False,False,8129
G3_73100_3e-05,390,6,15722,51,0.24988894164562225,0.474186509847641,False,{},{},0.09711471499758773,False,False,8129
G3_73100_3e-05,391,6,344,8,0.5437525510787964,1.2706587314605713,True,{},{},0.10405887599335983,False,False,8128
G3_73100_3e-05,392,6,8021,29,0.18196740746498108,0.6328015327453613,False,{},{},0.09920207501272671,False,False,8128
G3_73100_3e-05,393,6,15714,43,0.09465008974075317,0.35684990882873535,False,{},{},0.09459562101983465,False,False,8128
G3_73100_3e-05,394,6,15719,48,0.19273096323013306,0.35264384746551514,False,{},{},0.09484456101199612,False,False,8128
G3_73100_3e-05,395,6,357,21,0.36106055974960327,1.8492637872695923,True,{},{},0.09406736100208946,False,False,8128
G3_73100_3e-05,396,6,348,12,0.535590410232544,1.4237624406814575,True,{},{},0.09792299699620344,False,False,8129
G3_73100_3e-05,397,6,354,18,0.35892921686172485,2.141796827316284,True,{},{},0.09712461399612948,False,False,8129
G3_73100_3e-05,398,6,8022,30,0.18921051919460297,0.5364269614219666,False,{},{},0.09533526701852679,False,False,8129
G3_73100_3e-05,399,6,355,19,0.3536601662635803,1.7393856048583984,True,{},{},0.09732973400969058,False,False,8129
G3_73100_3e-05,400,6,15718,47,0.17059680819511414,0.28063395619392395,False,{},{},0.0987895009748172,False,False,8129
G3_73100_3e-05,401,6,15729,58,0.3976712226867676,0.8400853276252747,False,{},{},0.09773051799857058,False,False,8129
G3_73100_3e-05,402,6,15726,55,0.31090980768203735,0.8762298226356506,False,{},{},0.09515906797605567,False,False,8129
G3_73100_3e-05,403,6,15716,45,0.13437530398368835,0.21368926763534546,False,{},{},0.09497829200699925,False,False,8129
G3_73100_3e-05,404,6,15727,56,0.3208708167076111,0.9089065790176392,False,{},{},0.09605459601152688,False,False,8129
G3_73100_3e-05,405,6,359,23,0.3784528374671936,2.168290615081787,True,{},{},0.10008609099895693,False,False,8129
G3_73100_3e-05,406,6,8031,39,0.07321140915155411,0.9543542861938477,False,{},{},0.0964471260085702,False,False,8129
G3_73100_3e-05,407,6,8026,34,0.1684524118900299,0.7732909917831421,False,{},{},0.09765256399987265,False,False,8129
G3_73100_3e-05,408,6,8028,36,0.0890444666147232,1.8947049379348755,True,{},{},0.09512528800405562,False,False,8129
G3_73100_3e-05,409,6,358,22,0.3613088130950928,1.7355785369873047,True,{},{},0.09577846401953138,False,False,8129
G3_73100_3e-05,410,6,8025,33,0.17870327830314636,0.645338237285614,False,{},{},0.10263300899532624,False,False,8129
G3_73100_3e-05,411,6,15725,54,0.28184908628463745,0.7811756730079651,False,{},{},0.09615094101172872,False,False,8129
G3_73100_3e-05,412,6,351,15,0.33191555738449097,1.7190611362457275,True,{},{},0.09592269800486974,False,False,8129
G3_73100_3e-05,413,6,340,4,0.5193096399307251,1.6709586381912231,True,{},{},0.09750293698743917,False,False,8129
G3_73100_3e-05,414,6,338,2,0.5271082520484924,1.6106538772583008,True,{},{},0.11393924499861896,False,False,8129
G3_73100_3e-05,415,6,15712,41,0.06676367670297623,1.0512828826904297,True,{},{},0.10099851799895987,False,False,8129
G3_73100_3e-05,416,6,350,14,0.3307926654815674,1.8718773126602173,True,{},{},0.10111460500047542,False,False,8129
G3_73100_3e-05,417,6,8029,37,0.07490116357803345,1.4570140838623047,True,{},{},0.0973115760134533,False,False,8129
G3_73100_3e-05,418,6,346,10,0.5387167930603027,1.3356181383132935,True,{},{},0.09754195497953333,False,False,8129
G3_73100_3e-05,419,6,345,9,0.5455533266067505,1.5706250667572021,True,{},{},0.10005766298854724,False,False,8131
G3_73100_3e-05,420,6,339,3,0.4976770281791687,1.43211829662323,True,{},{},0.09543117100838572,False,False,8131
G3_73100_3e-05,421,6,15715,44,0.11732901632785797,0.467506468296051,False,{},{},0.10030976199777797,False,False,8131
G3_73100_3e-05,422,6,15730,59,0.3846535384654999,1.6172196865081787,True,{},{},0.09597732202382758,False,False,8131
G3_73100_3e-05,423,6,8020,28,0.15860489010810852,0.8603675961494446,False,{},{},0.10050587999285199,False,False,8131
G3_73100_3e-05,424,6,356,20,0.335173636674881,2.225222587585449,True,{},{},0.09685802599415183,False,False,8131
G3_73100_3e-05,425,6,349,13,0.3193056583404541,2.0902159214019775,True,{},{},0.0933038429939188,False,False,8131
G3_73100_3e-05,426,6,15720,49,0.1991731971502304,0.4601428806781769,False,{},{},0.09550119898631237,False,False,8131
G3_73100_3e-05,427,6,15723,52,0.23728758096694946,0.6905550360679626,False,{},{},0.09449954301817343,False,False,8131
G3_73100_3e-05,428,6,15711,40,0.06691978871822357,1.0709022283554077,True,{},{},0.09967377298744395,False,False,8131
G3_73100_3e-05,429,6,8023,31,0.1792500913143158,0.6927398443222046,False,{},{},0.09802100999513641,False,False,8131
G3_73100_3e-05,430,6,8016,24,0.15809807181358337,1.002038836479187,True,{},{},0.09315845998935401,False,False,8131
G3_73100_3e-05,431,6,15713,42,0.08124466240406036,1.0011261701583862,True,{},{},0.09348161902744323,False,False,8131
G3_73100_3e-05,432,6,15724,53,0.2468620389699936,0.6611645817756653,False,{},{},0.09508204599842429,False,False,8131
G3_73100_3e-05,433,6,15731,60,0.42002299427986145,2.0152153968811035,True,{},{},0.10094960100832395,False,False,8131
G3_73100_3e-05,434,6,347,11,0.5230681896209717,1.8765478134155273,True,{},{},0.09676879600738175,False,False,8131
G3_73100_3e-05,435,6,8027,35,0.1274389624595642,1.0669851303100586,True,{},{},0.09345340900472365,False,False,8131
G3_73100_3e-05,436,6,8018,26,0.15574434399604797,0.7329667806625366,False,{},{},0.09312753399717622,False,False,8131
G3_73100_3e-05,437,6,341,5,0.48357874155044556,1.63112211227417,True,{},{},0.09757212499971502,False,False,8131
G3_73100_3e-05,438,6,336,0,0.5068296194076538,2.261136770248413,True,{},{},0.10260581399779767,False,False,8131
G3_73100_3e-05,439,6,15728,57,0.31680774688720703,2.197193145751953,True,{},{},0.09569725400069728,False,False,8131
G3_73100_3e-05,440,6,15733,62,0.4543897211551666,2.899993658065796,True,{},{},0.09560483501991257,False,False,8131
G3_73100_3e-05,441,6,15734,63,0.5034680962562561,2.5887646675109863,True,{},{},0.09353748598368838,False,False,8131
G3_73100_3e-05,442,6,15732,61,0.42000970244407654,1.8533622026443481,True,{},{},0.09610354798496701,False,False,8131
G3_73100_3e-05,443,6,342,6,0.503938615322113,1.986069679260254,True,{},{},0.09407763299532235,False,False,8129
G3_73100_3e-05,444,6,15721,50,0.2012331336736679,1.0628483295440674,True,{},{},0.09427275499911048,False,False,8129
G3_73100_3e-05,445,6,343,7,0.5058507323265076,2.0664966106414795,True,{},{},0.09498413000255823,False,False,8129
G3_73100_3e-05,446,6,8024,32,0.1866024285554886,2.420868158340454,True,{},{},0.09180310799274594,False,False,8129
G3_73100_3e-05,447,6,8019,27,0.13532491028308868,1.8120908737182617,True,{},{},0.10406988600152545,False,False,8129
G3_73100_3e-05,448,6,352,16,0.327045202255249,3.688494920730591,True,{},{},0.10009686599369161,False,False,8129
G3_73100_3e-05,449,7,15725,54,0.23907770216464996,2.5888237953186035,True,{},{},0.09432319799088873,False,False,8129
G3_73100_3e-05,450,7,15728,57,0.2700495719909668,1.847772240638733,True,{},{},0.09821337598259561,False,False,8129
G3_73100_3e-05,451,7,8025,33,0.15076176822185516,0.8687642812728882,False,{},{},0.09980665499460883,False,False,8129
G3_73100_3e-05,452,7,15733,62,0.38334259390830994,2.1929855346679688,True,{},{},0.09811428299872205,False,False,8129
G3_73100_3e-05,453,7,340,4,0.4559527635574341,1.3528791666030884,True,{},{},0.09705437801312655,False,False,8129
G3_73100_3e-05,454,7,352,16,0.29620179533958435,2.2375376224517822,True,{},{},0.09304184099892154,False,False,8129
G3_73100_3e-05,455,7,337,1,0.5125972032546997,3.8438568115234375,True,{},{},0.09631297099986114,False,False,8129
G3_73100_3e-05,456,7,341,5,0.45412999391555786,1.5198267698287964,True,{},{},0.09950932700303383,False,False,8129
G3_73100_3e-05,457,7,8023,31,0.16213691234588623,0.9789457321166992,False,{},{},0.09506030799821019,False,False,8129
G3_73100_3e-05,458,7,15729,58,0.2583145201206207,2.17171311378479,True,{},{},0.09669211899745278,False,False,8129
G3_73100_3e-05,459,7,338,2,0.4679016172885895,2.4426002502441406,True,{},{},0.09181406698189676,False,False,8129
G3_73100_3e-05,460,7,15717,46,0.15836501121520996,2.221930742263794,True,{},{},0.10173848000704311,False,False,8129
G3_73100_3e-05,461,7,15722,51,0.1940075308084488,1.0672104358673096,True,{},{},0.09816317501827143,False,False,8129
G3_73100_3e-05,462,7,8018,26,0.13175222277641296,1.0857374668121338,True,{},{},0.09423497601528652,False,False,8129
G3_73100_3e-05,463,7,15716,45,0.1357104629278183,1.6237318515777588,True,{},{},0.09401069500017911,False,False,8129
G3_73100_3e-05,464,7,351,15,0.30841630697250366,2.453267812728882,True,{},{},0.0951394040021114,False,False,8129
G3_73100_3e-05,465,7,8026,34,0.12678879499435425,1.2572184801101685,True,{},{},0.0969245949818287,False,False,8129
G3_73100_3e-05,466,7,8020,28,0.11561194062232971,0.9527423977851868,False,{},{},0.10182930299197324,False,False,8130
G3_73100_3e-05,467,7,8029,37,0.07006619870662689,1.3083618879318237,True,{},{},0.10144167402177118,False,False,8130
G3_73100_3e-05,468,7,357,21,0.33550262451171875,3.448664665222168,True,{},{},0.09622243998455815,False,False,8130
G3_73100_3e-05,469,7,8031,39,0.049913521856069565,0.7914135456085205,False,{},{},0.09949655699892901,False,False,8130
G3_73100_3e-05,470,7,15714,43,0.08560826629400253,0.5777867436408997,False,{},{},0.09999055400840007,False,False,8130
G3_73100_3e-05,471,7,349,13,0.2987082600593567,2.243377685546875,True,{},{},0.09648794500390068,False,False,8131
G3_73100_3e-05,472,7,339,3,0.43410545587539673,2.526013135910034,True,{},{},0.09747969100135379,False,False,8131
G3_73100_3e-05,473,7,15712,41,0.057578738778829575,0.8320585489273071,False,{},{},0.09474939500796609,False,False,8131
G3_73100_3e-05,474,7,15724,53,0.20542359352111816,2.6580636501312256,True,{},{},0.0960619859979488,False,False,8131
G3_73100_3e-05,475,7,358,22,0.3437034487724304,2.7488346099853516,True,{},{},0.09751899100956507,False,False,8131
G3_73100_3e-05,476,7,15732,61,0.3758597671985626,4.7595367431640625,True,{},{},0.09637308400124311,False,False,8131
G3_73100_3e-05,477,7,347,11,0.4775565564632416,2.3717329502105713,True,{},{},0.09886304699466564,False,False,8131
G3_73100_3e-05,478,7,8028,36,0.05706433951854706,0.7541988492012024,False,{},{},0.09821841501980089,False,False,8131
G3_73100_3e-05,479,7,15721,50,0.1791439950466156,1.7411339282989502,True,{},{},0.09529995298362337,False,False,8131
G3_73100_3e-05,480,7,342,6,0.4224454164505005,2.1124308109283447,True,{},{},0.09991673298645765,False,False,8131
G3_73100_3e-05,481,7,15731,60,0.3241676092147827,4.001554012298584,True,{},{},0.09355825500097126,False,False,8131
G3_73100_3e-05,482,7,15734,63,0.4031229615211487,4.4356536865234375,True,{},{},0.09539370401762426,False,False,8131
G3_73100_3e-05,483,7,8016,24,0.1404520571231842,3.8112642765045166,True,{},{},0.09598804998677224,False,False,8131
G3_73100_3e-05,484,7,8027,35,0.10370403528213501,2.537611722946167,True,{},{},0.09867045501596294,False,False,8131
G3_73100_3e-05,485,7,355,19,0.33244192600250244,4.816432952880859,True,{},{},0.09907751801074483,False,False,8132
G3_73100_3e-05,486,7,336,0,0.4551208019256592,3.2826430797576904,True,{},{},0.09780604299157858,False,False,8132
G3_73100_3e-05,487,7,8022,30,0.15106555819511414,3.202746629714966,True,{},{},0.09811701797298156,False,False,8132
G3_73100_3e-05,488,7,8019,27,0.11168328672647476,1.5324896574020386,True,{},{},0.09737572600715794,False,False,8132
G3_73100_3e-05,489,7,8017,25,0.1127949208021164,1.1328012943267822,True,{},{},0.10088015999644995,False,False,8132
G3_73100_3e-05,490,7,343,7,0.4080098569393158,1.8417612314224243,True,{},{},0.0953553750005085,False,False,8132
G3_73100_3e-05,491,7,354,18,0.30521848797798157,3.866818428039551,True,{},{},0.1001481139974203,False,False,8132
G3_73100_3e-05,492,7,15727,56,0.16089050471782684,4.0156378746032715,True,{},{},0.09841074599535204,False,False,8132
G3_73100_3e-05,493,7,8024,32,0.1281963586807251,1.214785099029541,True,{},{},0.09571176901226863,False,False,8132
G3_73100_3e-05,494,7,15715,44,0.12290562689304352,2.753490924835205,True,{},{},0.09792465998907574,False,False,8132
G3_73100_3e-05,495,7,15711,40,0.06559716165065765,1.677886724472046,True,{},{},0.09487258800072595,False,False,8132
G3_73100_3e-05,496,7,348,12,0.4914357662200928,3.1504151821136475,True,{},{},0.09901426700525917,False,False,8132
G3_73100_3e-05,497,7,356,20,0.28543031215667725,2.9984588623046875,True,{},{},0.09567811302258633,False,False,8132
G3_73100_3e-05,498,7,344,8,0.41881582140922546,2.807563066482544,True,{},{},0.09454016797826625,False,False,8132
G3_73100_3e-05,499,7,353,17,0.28545287251472473,3.174739122390747,True,{},{},0.09966101698228158,False,False,8132
G3_73100_3e-05,500,7,8021,29,0.11499013751745224,1.2391120195388794,True,{},{},0.0952613239933271,False,False,8132
G3_73100_3e-05,501,7,15720,49,0.16804204881191254,1.5374841690063477,True,{},{},0.09717437499784864,False,False,8132
G3_73100_3e-05,502,7,346,10,0.41803181171417236,2.6323699951171875,True,{},{},0.09562625500257127,False,False,8132
G3_73100_3e-05,503,7,15730,59,0.2230604887008667,4.604785919189453,True,{},{},0.0951195569941774,False,False,8132
G3_73100_3e-05,504,7,15726,55,0.14748868346214294,3.022181987762451,True,{},{},0.09735249998630024,False,False,8132
G3_73100_3e-05,505,7,15718,47,0.14546078443527222,1.0577130317687988,True,{},{},0.09421302602277137,False,False,8132
G3_73100_3e-05,506,7,15719,48,0.1528882086277008,1.0731966495513916,True,{},{},0.09458671399625018,False,False,8132
G3_73100_3e-05,507,7,15713,42,0.06773261725902557,0.8719609975814819,False,{},{},0.09659903298597783,False,False,8132
G3_73100_3e-05,508,7,345,9,0.40791890025138855,2.888712167739868,True,{},{},0.09617725101998076,False,False,8132
G3_73100_3e-05,509,7,350,14,0.28055280447006226,2.759150981903076,True,{},{},0.09493122299318202,False,False,8132
G3_73100_3e-05,510,7,15723,52,0.15176701545715332,2.399517297744751,True,{},{},0.09801844600588083,False,False,8132
G3_73100_3e-05,511,7,359,23,0.3446583151817322,4.511190414428711,True,{},{},0.09263946898863651,False,False,8132
G3_73100_3e-05,512,7,8030,38,0.05728156864643097,1.1897298097610474,True,{},{},0.09303958702366799,False,False,8132
G0_73101_3e-05,1,0,15723,52,0.3458467721939087,0.09970655292272568,False,{},{},0.10003258200595155,False,False,8200
G0_73101_3e-05,2,0,15715,44,0.12916074693202972,0.049112554639577866,False,{},{},0.09573301798081957,False,False,8200
G0_73101_3e-05,3,0,343,7,1.2009632587432861,1.6308609247207642,True,{},{},0.09750445300596766,False,False,8200
G0_73101_3e-05,4,0,8027,35,0.26204270124435425,0.24416722357273102,False,{},{},0.09762182499980554,False,False,8132
G0_73101_3e-05,5,0,337,1,1.7784700393676758,3.0631587505340576,True,{},{},0.09857274798559956,False,False,8132
G0_73101_3e-05,6,0,357,21,0.8483742475509644,2.4637866020202637,True,{},{},0.09409045398933813,False,False,8132
G0_73101_3e-05,7,0,336,0,1.3246525526046753,4.356791019439697,True,{},{},0.09212551900418475,False,False,8132
G0_73101_3e-05,8,0,8019,27,0.2759806215763092,0.23044809699058533,False,{},{},0.10105459499754943,False,False,8132
G0_73101_3e-05,9,0,8028,36,0.18363139033317566,0.7498945593833923,False,{},{},0.0970387420093175,False,False,8132
G0_73101_3e-05,10,0,8018,26,0.28141626715660095,0.29457756876945496,False,{},{},0.09837144901393913,False,False,8132
G0_73101_3e-05,11,0,8021,29,0.2866787314414978,0.229681134223938,False,{},{},0.09653692800202407,False,False,8132
G0_73101_3e-05,12,0,15731,60,0.6068905591964722,0.1460018754005432,False,{},{},0.09614594100276008,False,False,8132
G0_73101_3e-05,13,0,344,8,1.0335251092910767,1.0091230869293213,True,{},{},0.10098585399100557,False,False,8132
G0_73101_3e-05,14,0,15716,45,0.15448181331157684,0.05457863211631775,False,{},{},0.0955243099888321,False,False,8132
G0_73101_3e-05,15,0,15714,43,0.09671628475189209,0.051422663033008575,False,{},{},0.09476296498905867,False,False,8132
G0_73101_3e-05,16,0,15732,61,0.6495256423950195,0.1605902761220932,False,{},{},0.09665636499994434,False,False,8132
G0_73101_3e-05,17,0,349,13,1.5173007249832153,5.716094970703125,True,{},{},0.0948387999960687,False,False,8132
G0_73101_3e-05,18,0,340,4,0.9908610582351685,1.7934656143188477,True,{},{},0.09960355400107801,False,False,8132
G0_73101_3e-05,19,0,15727,56,0.4409290552139282,0.14723189175128937,False,{},{},0.09595066402107477,False,False,8132
G0_73101_3e-05,20,0,348,12,1.087947130203247,1.8952608108520508,True,{},{},0.0944541719800327,False,False,8132
G0_73101_3e-05,21,0,338,2,1.5288434028625488,4.447280406951904,True,{},{},0.09786526099196635,False,False,8132
G0_73101_3e-05,22,0,15720,49,0.2697676420211792,0.09225042909383774,False,{},{},0.09761681797681376,False,False,8132
G0_73101_3e-05,23,0,346,10,1.0143046379089355,0.9896358251571655,False,{},{},0.09575396697618999,False,False,8132
G0_73101_3e-05,24,0,8020,28,0.2817801237106323,0.26748988032341003,False,{},{},0.09743962399079464,False,False,8132
G0_73101_3e-05,25,0,15729,58,0.5104045867919922,0.12286452949047089,False,{},{},0.09446694800863042,False,False,8132
G0_73101_3e-05,26,0,341,5,0.9382098913192749,0.9507732391357422,False,{},{},0.09625796598265879,False,False,8132
G0_73101_3e-05,27,0,15724,53,0.3706338703632355,0.10575100779533386,False,{},{},0.10421769201639108,False,False,8132
G0_73101_3e-05,28,0,15712,41,0.04342648386955261,0.04833659902215004,False,{},{},0.09412744498695247,False,False,8132
G0_73101_3e-05,29,0,8031,39,0.19228222966194153,0.25635507702827454,False,{},{},0.09677642199676484,False,False,8132
G0_73101_3e-05,30,0,350,14,1.4398951530456543,7.112655162811279,True,{},{},0.09582662698812783,False,False,8132
G0_73101_3e-05,31,0,15730,59,0.5445208549499512,0.14100070297718048,False,{},{},0.09397359300055541,False,False,8132
G0_73101_3e-05,32,0,15734,63,0.7168049812316895,0.2166108638048172,False,{},{},0.10394718102179468,False,False,8132
G0_73101_3e-05,33,0,352,16,0.7706451416015625,1.6732263565063477,True,{},{},0.09514952902100049,False,False,8132
G0_73101_3e-05,34,0,358,22,0.8231764435768127,2.7265594005584717,True,{},{},0.09718944298219867,False,False,8132
G0_73101_3e-05,35,0,347,11,0.9947652816772461,1.0536466836929321,True,{},{},0.09772173300734721,False,False,8132
G0_73101_3e-05,36,0,353,17,0.7679659128189087,1.869312047958374,True,{},{},0.09846692497376353,False,False,8132
G0_73101_3e-05,37,0,354,18,0.7681111097335815,1.2267425060272217,True,{},{},0.10075509099988267,False,False,8132
G0_73101_3e-05,38,0,15717,46,0.18521948158740997,0.066349096596241,False,{},{},0.09992058400530368,False,False,8132
G0_73101_3e-05,39,0,15718,47,0.21172741055488586,0.08485344052314758,False,{},{},0.09698391999700107,False,False,8132
G0_73101_3e-05,40,0,15711,40,0.04416109621524811,0.05258575826883316,False,{},{},0.10176018602214754,False,False,8132
G0_73101_3e-05,41,0,8024,32,0.2742390036582947,0.18508285284042358,False,{},{},0.10302796700852923,False,False,8132
G0_73101_3e-05,42,0,8025,33,0.28030914068222046,0.18741197884082794,False,{},{},0.09424513299018145,False,False,8132
G0_73101_3e-05,43,0,15722,51,0.3177569508552551,0.09801218658685684,False,{},{},0.0955061019922141,False,False,8132
G0_73101_3e-05,44,0,359,23,0.817776083946228,2.5455384254455566,True,{},{},0.09629940398735926,False,False,8132
G0_73101_3e-05,45,0,15733,62,0.6797699928283691,0.19750937819480896,False,{},{},0.10042594801052473,False,False,8132
G0_73101_3e-05,46,0,15725,54,0.3958720564842224,0.10928098112344742,False,{},{},0.09768430699477904,False,False,8132
G0_73101_3e-05,47,0,8030,38,0.18715965747833252,0.46982595324516296,False,{},{},0.09499008598504588,False,False,8132
G0_73101_3e-05,48,0,355,19,0.710517406463623,0.8988627195358276,False,{},{},0.09952695900574327,False,False,8132
G0_73101_3e-05,49,0,339,3,0.9226473569869995,1.1344119310379028,True,{},{},0.09558938900590874,False,False,8132
G0_73101_3e-05,50,0,8023,31,0.27675169706344604,0.22894181311130524,False,{},{},0.09967185801360756,False,False,8132
G0_73101_3e-05,51,0,8016,24,0.2889139652252197,0.34911859035491943,False,{},{},0.10073848100728355,False,False,8132
G0_73101_3e-05,52,0,8029,37,0.20893090963363647,0.982822060585022,False,{},{},0.09538707000319846,False,False,8132
G0_73101_3e-05,53,0,15728,57,0.4677865207195282,0.13522659242153168,False,{},{},0.09480894199805334,False,False,8132
G0_73101_3e-05,54,0,342,6,0.9874257445335388,1.4477404356002808,True,{},{},0.09844776999671012,False,False,8132
G0_73101_3e-05,55,0,345,9,0.956744909286499,0.9470615386962891,False,{},{},0.09901447399170138,False,False,8130
G0_73101_3e-05,56,0,15719,48,0.2400987446308136,0.09153240919113159,False,{},{},0.0974273220053874,False,False,8130
G0_73101_3e-05,57,0,8022,30,0.28306031227111816,0.240042582154274,False,{},{},0.0957689649949316,False,False,8130
G0_73101_3e-05,58,0,356,20,0.6504744291305542,1.0906987190246582,True,{},{},0.09463249199325219,False,False,8130
G0_73101_3e-05,59,0,15726,55,0.41319385170936584,0.14132221043109894,False,{},{},0.10219529797905125,False,False,8130
G0_73101_3e-05,60,0,8026,34,0.2603762447834015,0.22643643617630005,False,{},{},0.10116373101482168,False,False,8130
G0_73101_3e-05,61,0,8017,25,0.2875097393989563,0.36123529076576233,False,{},{},0.09709029700024985,False,False,8130
G0_73101_3e-05,62,0,351,15,0.7596157789230347,1.3729872703552246,True,{},{},0.10416105200420134,False,False,8130
G0_73101_3e-05,63,0,15713,42,0.0702396035194397,0.05617918819189072,False,{},{},0.09710355298011564,False,False,8130
G0_73101_3e-05,64,0,15721,50,0.29085761308670044,0.09869737178087234,False,{},{},0.09901690599508584,False,False,8130
G0_73101_3e-05,65,1,354,18,0.6839239597320557,1.252274751663208,True,{},{},0.09730857398244552,False,False,8130
G0_73101_3e-05,66,1,15732,61,0.6417967677116394,0.19642359018325806,False,{},{},0.09545971499755979,False,False,8130
G0_73101_3e-05,67,1,357,21,0.6316200494766235,0.8975318670272827,False,{},{},0.09725128501304425,False,False,8130
G0_73101_3e-05,68,1,15726,55,0.4119178354740143,0.14368551969528198,False,{},{},0.09572965101688169,False,False,8130
G0_73101_3e-05,69,1,15719,48,0.23914223909378052,0.0953892320394516,False,{},{},0.09918404597556219,False,False,8131
G0_73101_3e-05,70,1,8030,38,0.1762976050376892,0.3520604968070984,False,{},{},0.09618119697552174,False,False,8131
G0_73101_3e-05,71,1,341,5,0.8807847499847412,1.8344382047653198,True,{},{},0.09630298399133608,False,False,8131
G0_73101_3e-05,72,1,344,8,0.9194818139076233,0.8356863856315613,False,{},{},0.09810927699436434,False,False,8131
G0_73101_3e-05,73,1,8017,25,0.28272873163223267,0.3661437928676605,False,{},{},0.09329959799651988,False,False,8131
G0_73101_3e-05,74,1,15717,46,0.1836014688014984,0.07010972499847412,False,{},{},0.09746630900190212,False,False,8131
G0_73101_3e-05,75,1,348,12,0.9944348335266113,1.7299776077270508,True,{},{},0.0957011970167514,False,False,8131
G0_73101_3e-05,76,1,8022,30,0.2803563177585602,0.25484558939933777,False,{},{},0.09395155601669103,False,False,8131
G0_73101_3e-05,77,1,8027,35,0.24970123171806335,0.2559535503387451,False,{},{},0.09520580200478435,False,False,8131
G0_73101_3e-05,78,1,351,15,0.7103278040885925,1.5205509662628174,True,{},{},0.09494508698116988,False,False,8131
G0_73101_3e-05,79,1,8019,27,0.26483154296875,0.24446514248847961,False,{},{},0.09721949399681762,False,False,8131
G0_73101_3e-05,80,1,15728,57,0.46372348070144653,0.1504681557416916,False,{},{},0.09622264100471511,False,False,8131
G0_73101_3e-05,81,1,338,2,1.1730018854141235,6.365845203399658,True,{},{},0.09618843498174101,False,False,8131
G0_73101_3e-05,82,1,15722,51,0.31390196084976196,0.11292335391044617,False,{},{},0.09618106301059015,False,False,8131
G0_73101_3e-05,83,1,339,3,0.8408696055412292,0.8854550123214722,False,{},{},0.10600148400408216,False,False,8131
G0_73101_3e-05,84,1,8016,24,0.27566367387771606,0.3643844723701477,False,{},{},0.09674870199523866,False,False,8131
G0_73101_3e-05,85,1,15712,41,0.04454251378774643,0.06474114954471588,False,{},{},0.09863774600671604,False,False,8131
G0_73101_3e-05,86,1,352,16,0.640505313873291,0.8347947001457214,False,{},{},0.09996024798601866,False,False,8131
G0_73101_3e-05,87,1,15727,56,0.4318732023239136,0.15187615156173706,False,{},{},0.09495782598969527,False,False,8131
G0_73101_3e-05,88,1,15718,47,0.2084466814994812,0.09552337974309921,False,{},{},0.09983938100049272,False,False,8131
G0_73101_3e-05,89,1,15724,53,0.36409106850624084,0.12291864305734634,False,{},{},0.09458159300265834,False,False,8131
G0_73101_3e-05,90,1,8023,31,0.27060309052467346,0.2513464689254761,False,{},{},0.09567018400412053,False,False,8131
G0_73101_3e-05,91,1,15720,49,0.26374971866607666,0.10940989851951599,False,{},{},0.09573865699348971,False,False,8131
G0_73101_3e-05,92,1,8029,37,0.17907363176345825,0.6483757495880127,False,{},{},0.09580990302492864,False,False,8131
G0_73101_3e-05,93,1,346,10,0.9262791275978088,1.0396233797073364,True,{},{},0.09757842498947866,False,False,8131
G0_73101_3e-05,94,1,15714,43,0.09689824283123016,0.06827840209007263,False,{},{},0.11178296100115404,False,False,8131
G0_73101_3e-05,95,1,15715,44,0.12687700986862183,0.05976123735308647,False,{},{},0.09957382897846401,False,False,8131
G0_73101_3e-05,96,1,15716,45,0.1517382711172104,0.06589725613594055,False,{},{},0.09391028099344112,False,False,8131
G0_73101_3e-05,97,1,15731,60,0.5935301780700684,0.19083742797374725,False,{},{},0.09997250899323262,False,False,8131
G0_73101_3e-05,98,1,340,4,0.8311738967895508,1.1359283924102783,True,{},{},0.0952254910080228,False,False,8130
G0_73101_3e-05,99,1,8025,33,0.2702595591545105,0.21494489908218384,False,{},{},0.09635629100375809,False,False,8130
G0_73101_3e-05,100,1,15729,58,0.49980413913726807,0.15207959711551666,False,{},{},0.09480805997736752,False,False,8130
G0_73101_3e-05,101,1,349,13,1.315375804901123,7.918583869934082,True,{},{},0.09525447900523432,False,False,8130
G0_73101_3e-05,102,1,8020,28,0.27252912521362305,0.30372118949890137,False,{},{},0.09953449398744851,False,False,8130
G0_73101_3e-05,103,1,337,1,1.123881220817566,7.138344764709473,True,{},{},0.09419785399222746,False,False,8130
G0_73101_3e-05,104,1,15730,59,0.5325725078582764,0.16828684508800507,False,{},{},0.09594716801075265,False,False,8130
G0_73101_3e-05,105,1,8021,29,0.27398964762687683,0.27002033591270447,False,{},{},0.09715693298494443,False,False,8130
G0_73101_3e-05,106,1,342,6,0.8903148174285889,1.5767465829849243,True,{},{},0.09528388499165885,False,False,8130
G0_73101_3e-05,107,1,345,9,0.8870077729225159,0.8234246373176575,False,{},{},0.09787122599664144,False,False,8131
G0_73101_3e-05,108,1,8024,32,0.2644687592983246,0.21511773765087128,False,{},{},0.09438148498884402,False,False,8131
G0_73101_3e-05,109,1,8018,26,0.25803428888320923,0.29119357466697693,False,{},{},0.09680418600328267,False,False,8131
G0_73101_3e-05,110,1,355,19,0.5788013935089111,0.8656468987464905,False,{},{},0.09595156900468282,False,False,8131
G0_73101_3e-05,111,1,358,22,0.6068981885910034,1.4898216724395752,True,{},{},0.0928037220146507,False,False,8131
G0_73101_3e-05,112,1,15711,40,0.046202562749385834,0.07882896810770035,False,{},{},0.09752554399892688,False,False,8130
G0_73101_3e-05,113,1,336,0,0.8339710235595703,1.1966493129730225,True,{},{},0.09713700000429526,False,False,8130
G0_73101_3e-05,114,1,8026,34,0.24781927466392517,0.25525930523872375,False,{},{},0.09670472901780158,False,False,8130
G0_73101_3e-05,115,1,15723,52,0.33360761404037476,0.13192901015281677,False,{},{},0.09805390899418853,False,False,8130
G0_73101_3e-05,116,1,353,17,0.5818846225738525,1.2199453115463257,True,{},{},0.09572605698485859,False,False,8130
G0_73101_3e-05,117,1,359,23,0.5976179838180542,1.1956692934036255,True,{},{},0.0980433970107697,False,False,8131
G0_73101_3e-05,118,1,8031,39,0.17519605159759521,0.294657826423645,False,{},{},0.0981005679932423,False,False,8131
G0_73101_3e-05,119,1,8028,36,0.14960598945617676,0.5820152163505554,False,{},{},0.09709511400433257,False,False,8131
G0_73101_3e-05,120,1,15713,42,0.07121191918849945,0.07843067497015,False,{},{},0.0936032030149363,False,False,8131
G0_73101_3e-05,121,1,343,7,0.9442696571350098,2.3465137481689453,True,{},{},0.0984045900113415,False,False,8131
G0_73101_3e-05,122,1,15725,54,0.3854016661643982,0.1375798135995865,False,{},{},0.09483508099219762,False,False,8131
G0_73101_3e-05,123,1,15733,62,0.6637082099914551,0.226493239402771,False,{},{},0.09703111101407558,False,False,8131
G0_73101_3e-05,124,1,15721,50,0.28404736518859863,0.11791794747114182,False,{},{},0.09825417498359457,False,False,8131
G0_73101_3e-05,125,1,15734,63,0.6978951692581177,0.26194527745246887,False,{},{},0.09472725199884735,False,False,8131
G0_73101_3e-05,126,1,356,20,0.5214518308639526,0.8028112649917603,False,{},{},0.09907156898407266,False,False,8131
G0_73101_3e-05,127,1,347,11,0.8615133762359619,0.9285922646522522,False,{},{},0.09958655698574148,False,False,8131
G0_73101_3e-05,128,1,350,14,0.9540092349052429,7.263899326324463,True,{},{},0.09510632700403221,False,False,8131
G0_73101_3e-05,129,2,8026,34,0.24225971102714539,0.2519974708557129,False,{},{},0.09689172598882578,False,False,8131
G0_73101_3e-05,130,2,15724,53,0.3576219975948334,0.13493476808071136,False,{},{},0.09422493301099166,False,False,8131
G0_73101_3e-05,131,2,15712,41,0.046253751963377,0.08992023766040802,False,{},{},0.09608961502090096,False,False,8131
G0_73101_3e-05,132,2,15719,48,0.2338242530822754,0.1115122064948082,False,{},{},0.09873351300484501,False,False,8131
G0_73101_3e-05,133,2,347,11,0.8474522829055786,0.9184935092926025,False,{},{},0.09607857299852185,False,False,8131
G0_73101_3e-05,134,2,8029,37,0.1620284616947174,0.5913962125778198,False,{},{},0.09573253398411907,False,False,8131
G0_73101_3e-05,135,2,8019,27,0.25455355644226074,0.2906571626663208,False,{},{},0.10171193900168873,False,False,8131
G0_73101_3e-05,136,2,356,20,0.5036900043487549,0.6255147457122803,False,{},{},0.09615537701756693,False,False,8131
G0_73101_3e-05,137,2,358,22,0.5370343923568726,0.5955213904380798,False,{},{},0.09529058999032713,False,False,8131
G0_73101_3e-05,138,2,357,21,0.5246505737304688,0.8034273982048035,False,{},{},0.09261396300280467,False,False,8131
G0_73101_3e-05,139,2,15721,50,0.28158092498779297,0.1266832947731018,False,{},{},0.09379966900451109,False,False,8131
G0_73101_3e-05,140,2,8031,39,0.1698402762413025,0.30881527066230774,False,{},{},0.0981930400012061,False,False,8132
G0_73101_3e-05,141,2,15723,52,0.3293685019016266,0.13489998877048492,False,{},{},0.09849830801249482,False,False,8132
G0_73101_3e-05,142,2,15734,63,0.6925699710845947,0.2644313871860504,False,{},{},0.09528031700756401,False,False,8132
G0_73101_3e-05,143,2,15720,49,0.2566797733306885,0.12721604108810425,False,{},{},0.09681491798255593,False,False,8132
G0_73101_3e-05,144,2,8020,28,0.2637683153152466,0.347908079624176,False,{},{},0.09509047502069734,False,False,8132
G0_73101_3e-05,145,2,337,1,0.9886700510978699,6.649594783782959,True,{},{},0.09987204801291227,False,False,8132
G0_73101_3e-05,146,2,15714,43,0.09759977459907532,0.0912371501326561,False,{},{},0.09646045201225206,False,False,8132
G0_73101_3e-05,147,2,15732,61,0.6229690313339233,0.2183707058429718,False,{},{},0.09614256597706117,False,False,8132
G0_73101_3e-05,148,2,15711,40,0.047717273235321045,0.10142002254724503,False,{},{},0.10169288000906818,False,False,8132
G0_73101_3e-05,149,2,354,18,0.5363932251930237,0.8094848990440369,False,{},{},0.09750442401855253,False,False,8132
G0_73101_3e-05,150,2,8028,36,0.13819298148155212,0.6277702450752258,False,{},{},0.104068753978936,False,False,8132
G0_73101_3e-05,151,2,351,15,0.5642063021659851,1.246430516242981,True,{},{},0.09719457998289727,False,False,8132
G0_73101_3e-05,152,2,15729,58,0.4906066656112671,0.17328090965747833,False,{},{},0.09458430099766701,False,False,8132
G0_73101_3e-05,153,2,8030,38,0.15576013922691345,0.36844679713249207,False,{},{},0.09501551001449116,False,False,8132
G0_73101_3e-05,154,2,15725,54,0.379608154296875,0.14761792123317719,False,{},{},0.1012566190038342,False,False,8132
G0_73101_3e-05,155,2,341,5,0.8010324239730835,1.6006362438201904,True,{},{},0.09549063598387875,False,False,8132
G0_73101_3e-05,156,2,15718,47,0.2023983895778656,0.10370798408985138,False,{},{},0.09315432200673968,False,False,8132
G0_73101_3e-05,157,2,338,2,0.8574965000152588,4.643815517425537,True,{},{},0.0944104090158362,False,False,8132
G0_73101_3e-05,158,2,349,13,0.8354167938232422,7.244028568267822,True,{},{},0.09378884799662046,False,False,8132
G0_73101_3e-05,159,2,15713,42,0.07245670258998871,0.09891801327466965,False,{},{},0.09868529200321063,False,False,8132
G0_73101_3e-05,160,2,343,7,0.891746461391449,2.8334341049194336,True,{},{},0.09412384100141935,False,False,8132
G0_73101_3e-05,161,2,350,14,0.6800473928451538,5.233711242675781,True,{},{},0.0940508620114997,False,False,8132
G0_73101_3e-05,162,2,8024,32,0.2555633783340454,0.26670050621032715,False,{},{},0.09662968799239025,False,False,8132
G0_73101_3e-05,163,2,15728,57,0.45185762643814087,0.16737397015094757,False,{},{},0.09410732099786401,False,False,8132
G0_73101_3e-05,164,2,344,8,0.8056753873825073,0.796057403087616,False,{},{},0.10209128601127304,False,False,8132
G0_73101_3e-05,165,2,15730,59,0.5209563374519348,0.19439612329006195,False,{},{},0.09571509799570777,False,False,8132
G0_73101_3e-05,166,2,8018,26,0.24668332934379578,0.33071696758270264,False,{},{},0.09294936698279344,False,False,8132
G0_73101_3e-05,167,2,8016,24,0.25323957204818726,0.4055321216583252,False,{},{},0.09487403300590813,False,False,8132
G0_73101_3e-05,168,2,353,17,0.5019195079803467,0.9407911896705627,False,{},{},0.09723253600532189,False,False,8132
G0_73101_3e-05,169,2,348,12,0.8321962952613831,1.45038902759552,True,{},{},0.10049404102028348,False,False,8132
G0_73101_3e-05,170,2,15726,55,0.3975050151348114,0.14728552103042603,False,{},{},0.09641600999748334,False,False,8132
G0_73101_3e-05,171,2,8022,30,0.26039475202560425,0.31213194131851196,False,{},{},0.09666051500244066,False,False,8132
G0_73101_3e-05,172,2,15727,56,0.4204421639442444,0.1595429629087448,False,{},{},0.0944631030142773,False,False,8132
G0_73101_3e-05,173,2,15722,51,0.3005997836589813,0.14435184001922607,False,{},{},0.10062593800830655,False,False,8132
G0_73101_3e-05,174,2,8017,25,0.24924613535404205,0.39507797360420227,False,{},{},0.0956845770124346,False,False,8132
G0_73101_3e-05,175,2,15715,44,0.12582546472549438,0.10319539904594421,False,{},{},0.09478226699866354,False,False,8132
G0_73101_3e-05,176,2,8027,35,0.2316112220287323,0.33784276247024536,False,{},{},0.09847447398351505,False,False,8132
G0_73101_3e-05,177,2,15716,45,0.14868614077568054,0.08784937113523483,False,{},{},0.09895119699649513,False,False,8132
G0_73101_3e-05,178,2,8025,33,0.2510686218738556,0.27533721923828125,False,{},{},0.10355521901510656,False,False,8132
G0_73101_3e-05,179,2,8023,31,0.25178754329681396,0.3112131953239441,False,{},{},0.09580962397740223,False,False,8132
G0_73101_3e-05,180,2,336,0,0.7210833430290222,1.1942694187164307,True,{},{},0.09991093399003148,False,False,8132
G0_73101_3e-05,181,2,340,4,0.7366094589233398,1.2223854064941406,True,{},{},0.10113100899616256,False,False,8132
G0_73101_3e-05,182,2,346,10,0.811647355556488,1.0100698471069336,True,{},{},0.09941036501550116,False,False,8132
G0_73101_3e-05,183,2,359,23,0.5164860486984253,0.8377153873443604,False,{},{},0.10229176501161419,False,False,8132
G0_73101_3e-05,184,2,352,16,0.5061600208282471,0.6787645816802979,False,{},{},0.10004128600121476,False,False,8132
G0_73101_3e-05,185,2,345,9,0.7863399982452393,0.9184247255325317,False,{},{},0.09751931400387548,False,False,8132
G0_73101_3e-05,186,2,339,3,0.7257598042488098,1.2770274877548218,True,{},{},0.0958075080125127,False,False,8132
G0_73101_3e-05,187,2,15717,46,0.1764974147081375,0.09989964962005615,False,{},{},0.09847013899707235,False,False,8132
G0_73101_3e-05,188,2,342,6,0.7863736152648926,1.7808074951171875,True,{},{},0.09415030799573287,False,False,8132
G0_73101_3e-05,189,2,8021,29,0.25344061851501465,0.35911157727241516,False,{},{},0.09775584799353965,False,False,8132
G0_73101_3e-05,190,2,355,19,0.47395581007003784,0.8376365900039673,False,{},{},0.09646215700195171,False,False,8132
G0_73101_3e-05,191,2,15733,62,0.6473108530044556,0.2539054751396179,False,{},{},0.09551679500145838,False,False,8132
G0_73101_3e-05,192,2,15731,60,0.5757230520248413,0.22682581841945648,False,{},{},0.10047358000883833,False,False,8132
G0_73101_3e-05,193,3,354,18,0.4829988479614258,0.7558003067970276,False,{},{},0.09746321800048463,False,False,8132
G0_73101_3e-05,194,3,8019,27,0.2384752333164215,0.3426339328289032,False,{},{},0.09648942700005136,False,False,8132
G0_73101_3e-05,195,3,15727,56,0.41812044382095337,0.16207104921340942,False,{},{},0.09785982800531201,False,False,8132
G0_73101_3e-05,196,3,349,13,0.5625005960464478,1.6338263750076294,True,{},{},0.09757837999495678,False,False,8132
G0_73101_3e-05,197,3,8020,28,0.2460901141166687,0.36606624722480774,False,{},{},0.09690214198781177,False,False,8132
G0_73101_3e-05,198,3,15718,47,0.20074227452278137,0.12526835501194,False,{},{},0.09268714897916652,False,False,8132
G0_73101_3e-05,199,3,8027,35,0.22577868402004242,0.38054296374320984,False,{},{},0.09520950901787728,False,False,8132
G0_73101_3e-05,200,3,358,22,0.49405211210250854,0.8136243224143982,False,{},{},0.09703373297816142,False,False,8132
G0_73101_3e-05,201,3,359,23,0.4940459132194519,0.8411577939987183,False,{},{},0.09919512501801364,False,False,8132
G0_73101_3e-05,202,3,353,17,0.4650869071483612,1.3430757522583008,True,{},{},0.09689208198687993,False,False,8132
G0_73101_3e-05,203,3,348,12,0.7693788409233093,1.2929365634918213,True,{},{},0.09265106701059267,False,False,8132
G0_73101_3e-05,204,3,356,20,0.44735780358314514,0.7931064367294312,False,{},{},0.09551741598988883,False,False,8132
G0_73101_3e-05,205,3,8026,34,0.22329823672771454,0.3227648138999939,False,{},{},0.09946973700425588,False,False,8132
G0_73101_3e-05,206,3,8023,31,0.24263083934783936,0.31526967883110046,False,{},{},0.09928983601275831,False,False,8132
G0_73101_3e-05,207,3,15733,62,0.6440401077270508,0.26738041639328003,False,{},{},0.09571423000306822,False,False,8132
G0_73101_3e-05,208,3,8022,30,0.2446584552526474,0.33139482140541077,False,{},{},0.09800919302506372,False,False,8132
G0_73101_3e-05,209,3,15711,40,0.04967827722430229,0.14564280211925507,False,{},{},0.09809042798588052,False,False,8132
G0_73101_3e-05,210,3,357,21,0.4623147249221802,1.0194112062454224,True,{},{},0.09787105800933205,False,False,8132
G0_73101_3e-05,211,3,15725,54,0.37257200479507446,0.15887989103794098,False,{},{},0.10064919598517008,False,False,8132
G0_73101_3e-05,212,3,15721,50,0.27176254987716675,0.15192902088165283,False,{},{},0.09760762198129669,False,False,8132
G0_73101_3e-05,213,3,343,7,0.7571287155151367,1.5057036876678467,True,{},{},0.09802388199022971,False,False,8132
G0_73101_3e-05,214,3,8021,29,0.2389817237854004,0.38487672805786133,False,{},{},0.09720269500394352,False,False,8132
G0_73101_3e-05,215,3,341,5,0.7242602109909058,1.64727783203125,True,{},{},0.10294218399212696,False,False,8132
G0_73101_3e-05,216,3,8017,25,0.230367973446846,0.3991262912750244,False,{},{},0.1016526960011106,False,False,8132
G0_73101_3e-05,217,3,8030,38,0.1429106742143631,0.4650487005710602,False,{},{},0.09555437800008804,False,False,8132
G0_73101_3e-05,218,3,15714,43,0.09880086779594421,0.13022126257419586,False,{},{},0.09798934799619019,False,False,8132
G0_73101_3e-05,219,3,346,10,0.7527991533279419,1.2209261655807495,True,{},{},0.09623141400516033,False,False,8132
G0_73101_3e-05,220,3,15722,51,0.2957466244697571,0.17046500742435455,False,{},{},0.09967088099801913,False,False,8132
G0_73101_3e-05,221,3,347,11,0.7524784207344055,0.9945455193519592,False,{},{},0.0981996099872049,False,False,8132
G0_73101_3e-05,222,3,15729,58,0.4810318648815155,0.20348818600177765,False,{},{},0.09758375299861655,False,False,8132
G0_73101_3e-05,223,3,15734,63,0.6755626797676086,0.3145098388195038,False,{},{},0.09842757100705057,False,False,8132
G0_73101_3e-05,224,3,352,16,0.4717293679714203,0.9345007538795471,False,{},{},0.09614362398860976,False,False,8132
G0_73101_3e-05,225,3,350,14,0.5107195377349854,1.3469784259796143,True,{},{},0.0982798199984245,False,False,8132
G0_73101_3e-05,226,3,336,0,0.7003132104873657,1.315975546836853,True,{},{},0.0963625279837288,False,False,8132
G0_73101_3e-05,227,3,8018,26,0.22297751903533936,0.39861035346984863,False,{},{},0.09639188199071214,False,False,8132
G0_73101_3e-05,228,3,15717,46,0.1737927943468094,0.1140356957912445,False,{},{},0.09612893100711517,False,False,8132
G0_73101_3e-05,229,3,351,15,0.47035080194473267,1.2111512422561646,True,{},{},0.10214238701155409,False,False,8132
G0_73101_3e-05,230,3,15719,48,0.22551268339157104,0.17389479279518127,False,{},{},0.09993445299915038,False,False,8132
G0_73101_3e-05,231,3,338,2,0.7413330078125,1.6595160961151123,True,{},{},0.0962440260045696,False,False,8132
G0_73101_3e-05,232,3,8016,24,0.22278082370758057,0.4164750874042511,False,{},{},0.09846300299977884,False,False,8132
G0_73101_3e-05,233,3,15728,57,0.44510775804519653,0.18307563662528992,False,{},{},0.095404846011661,False,False,8132
G0_73101_3e-05,234,3,337,1,0.7522562742233276,2.7797999382019043,True,{},{},0.09863548900466412,False,False,8132
G0_73101_3e-05,235,3,15713,42,0.07368156313896179,0.14856548607349396,False,{},{},0.09768844698555768,False,False,8132
G0_73101_3e-05,236,3,15731,60,0.5704832673072815,0.2634207010269165,False,{},{},0.09694840101292357,False,False,8132
G0_73101_3e-05,237,3,340,4,0.6740173101425171,0.9467358589172363,False,{},{},0.10184962401399389,False,False,8132
G0_73101_3e-05,238,3,15724,53,0.34187978506088257,0.17170479893684387,False,{},{},0.10152845000266097,False,False,8132
G0_73101_3e-05,239,3,15716,45,0.1473444253206253,0.10910721868276596,False,{},{},0.0986718780186493,False,False,8132
G0_73101_3e-05,240,3,8031,39,0.1455882489681244,0.540795624256134,False,{},{},0.09715175800374709,False,False,8132
G0_73101_3e-05,241,3,15723,52,0.31736475229263306,0.16784340143203735,False,{},{},0.09761427601915784,False,False,8132
G0_73101_3e-05,242,3,8024,32,0.2305358350276947,0.37309715151786804,False,{},{},0.09420793698518537,False,False,8132
G0_73101_3e-05,243,3,8028,36,0.1238676980137825,0.7126755118370056,False,{},{},0.09929302000091411,False,False,8132
G0_73101_3e-05,244,3,15720,49,0.24515551328659058,0.1648959368467331,False,{},{},0.09637290899991058,False,False,8132
G0_73101_3e-05,245,3,344,8,0.7265917658805847,1.6419730186462402,True,{},{},0.09740994000458159,False,False,8132
G0_73101_3e-05,246,3,339,3,0.6912493705749512,1.8157527446746826,True,{},{},0.09786658501252532,False,False,8132
G0_73101_3e-05,247,3,345,9,0.7186141014099121,1.4717530012130737,True,{},{},0.09660979898762889,False,False,8132
G0_73101_3e-05,248,3,342,6,0.7031164169311523,1.039408564567566,True,{},{},0.10019159299554303,False,False,8132
G0_73101_3e-05,249,3,15726,55,0.38891297578811646,0.20354405045509338,False,{},{},0.10494519901112653,False,False,8132
G0_73101_3e-05,250,3,15732,61,0.6042283773422241,0.28353503346443176,False,{},{},0.10149141500005499,False,False,8132
G0_73101_3e-05,251,3,15715,44,0.1251683533191681,0.16005708277225494,False,{},{},0.09922856799676083,False,False,8132
G0_73101_3e-05,252,3,8029,37,0.13785862922668457,1.7949848175048828,True,{},{},0.09615989201120101,False,False,8132
G0_73101_3e-05,253,3,8025,33,0.22958213090896606,0.34732890129089355,False,{},{},0.10289525700500235,False,False,8132
G0_73101_3e-05,254,3,355,19,0.43353116512298584,1.2963507175445557,True,{},{},0.1009959930088371,False,False,8132
G0_73101_3e-05,255,3,15712,41,0.05031435564160347,0.17502306401729584,False,{},{},0.09909725899342448,False,False,8132
G0_73101_3e-05,256,3,15730,59,0.5085062980651855,0.2605091631412506,False,{},{},0.0993066240043845,False,False,8132
G0_73101_3e-05,257,4,15720,49,0.2434925138950348,0.17301321029663086,False,{},{},0.09946151400799863,False,False,8132
G0_73101_3e-05,258,4,359,23,0.45909833908081055,1.5647305250167847,True,{},{},0.0964553200174123,False,False,8132
G0_73101_3e-05,259,4,8026,34,0.2123178392648697,0.42790213227272034,False,{},{},0.0963886950048618,False,False,8132
G0_73101_3e-05,260,4,339,3,0.6586176156997681,0.9102408289909363,False,{},{},0.09971684799529612,False,False,8132
G0_73101_3e-05,261,4,345,9,0.701744019985199,1.3190877437591553,True,{},{},0.09680922600091435,False,False,8132
G0_73101_3e-05,262,4,15733,62,0.633303165435791,0.30790087580680847,False,{},{},0.10369784900103696,False,False,8132
G0_73101_3e-05,263,4,15726,55,0.38674312829971313,0.2230784147977829,False,{},{},0.09874071498052217,False,False,8132
G0_73101_3e-05,264,4,342,6,0.6773930191993713,1.1913799047470093,True,{},{},0.09886512000230141,False,False,8132
G0_73101_3e-05,265,4,8019,27,0.2149355113506317,0.4482305645942688,False,{},{},0.09761049301596358,False,False,8132
G0_73101_3e-05,266,4,346,10,0.6883540153503418,1.3916963338851929,True,{},{},0.09594830599962734,False,False,8132
G0_73101_3e-05,267,4,15715,44,0.12434186041355133,0.1758429855108261,False,{},{},0.09320426901103929,False,False,8132
G0_73101_3e-05,268,4,349,13,0.47658634185791016,1.31448495388031,True,{},{},0.09827429900178686,False,False,8132
G0_73101_3e-05,269,4,338,2,0.6933106780052185,1.7804532051086426,True,{},{},0.09526463798829354,False,False,8132
G0_73101_3e-05,270,4,8030,38,0.12744304537773132,0.5651319622993469,False,{},{},0.09855588700156659,False,False,8132
G0_73101_3e-05,271,4,8020,28,0.21784523129463196,0.4318685233592987,False,{},{},0.1033789629873354,False,False,8132
G0_73101_3e-05,272,4,15725,54,0.3653448820114136,0.21483370661735535,False,{},{},0.10006467800121754,False,False,8132
G0_73101_3e-05,273,4,348,12,0.6968166828155518,1.2935303449630737,True,{},{},0.10068698498071171,False,False,8132
G0_73101_3e-05,274,4,15711,40,0.049800217151641846,0.19619770348072052,False,{},{},0.09766725200461224,False,False,8132
G0_73101_3e-05,275,4,15730,59,0.5058249235153198,0.28074008226394653,False,{},{},0.0969042330107186,False,False,8132
G0_73101_3e-05,276,4,8025,33,0.220902681350708,0.36551153659820557,False,{},{},0.1023511049861554,False,False,8132
G0_73101_3e-05,277,4,352,16,0.4505777359008789,2.080781936645508,True,{},{},0.09557506901910529,False,False,8132
G0_73101_3e-05,278,4,350,14,0.4651868939399719,1.3047919273376465,True,{},{},0.110046298999805,False,False,8132
G0_73101_3e-05,279,4,8028,36,0.11692886054515839,0.8598037958145142,False,{},{},0.09870296501321718,False,False,8132
G0_73101_3e-05,280,4,353,17,0.4409615695476532,1.9580917358398438,True,{},{},0.10117431700928137,False,False,8132
G0_73101_3e-05,281,4,343,7,0.6696253418922424,1.595306158065796,True,{},{},0.10367066698381677,False,False,8132
G0_73101_3e-05,282,4,15729,58,0.47109517455101013,0.24127881228923798,False,{},{},0.0964803020178806,False,False,8132
G0_73101_3e-05,283,4,8022,30,0.22140663862228394,0.3499135971069336,False,{},{},0.09573605199693702,False,False,8132
G0_73101_3e-05,284,4,351,15,0.43403905630111694,0.9690278172492981,False,{},{},0.09679524999228306,False,False,8132
G0_73101_3e-05,285,4,15721,50,0.2641938030719757,0.23643139004707336,False,{},{},0.10137342201778665,False,False,8132
G0_73101_3e-05,286,4,340,4,0.634046196937561,2.134204387664795,True,{},{},0.09701556799700484,False,False,8132
G0_73101_3e-05,287,4,354,18,0.44361573457717896,1.8690836429595947,True,{},{},0.09372193302260712,False,False,8132
G0_73101_3e-05,288,4,358,22,0.4247031807899475,1.5111722946166992,True,{},{},0.09519382397411391,False,False,8132
G0_73101_3e-05,289,4,15727,56,0.4040817618370056,0.24218031764030457,False,{},{},0.09723101698909886,False,False,8132
G0_73101_3e-05,290,4,15716,45,0.1449635922908783,0.136390820145607,False,{},{},0.10347669999464415,False,False,8132
G0_73101_3e-05,291,4,357,21,0.40535932779312134,0.9788247346878052,False,{},{},0.09616852199542336,False,False,8132
G0_73101_3e-05,292,4,8031,39,0.1258416771888733,0.6325167417526245,False,{},{},0.0975873899878934,False,False,8132
G0_73101_3e-05,293,4,347,11,0.6639087796211243,0.9642350077629089,False,{},{},0.09718219499336556,False,False,8132
G0_73101_3e-05,294,4,15719,48,0.22095969319343567,0.23413440585136414,False,{},{},0.10016501499922015,False,False,8132
G0_73101_3e-05,295,4,8029,37,0.11579155921936035,1.942582368850708,True,{},{},0.096375198016176,False,False,8132
G0_73101_3e-05,296,4,15723,52,0.31007543206214905,0.20759963989257812,False,{},{},0.09162352999555878,False,False,8132
G0_73101_3e-05,297,4,15724,53,0.33283692598342896,0.22407983243465424,False,{},{},0.09677771298447624,False,False,8132
G0_73101_3e-05,298,4,15731,60,0.5571079254150391,0.3329155743122101,False,{},{},0.09503954500542022,False,False,8132
G0_73101_3e-05,299,4,8016,24,0.20425844192504883,0.4840822219848633,False,{},{},0.10129944398067892,False,False,8132
G0_73101_3e-05,300,4,15717,46,0.17001107335090637,0.1659972220659256,False,{},{},0.09847978601465002,False,False,8132
G0_73101_3e-05,301,4,15722,51,0.28780439496040344,0.2944084703922272,False,{},{},0.09290457598399371,False,False,8132
G0_73101_3e-05,302,4,15732,61,0.5914279222488403,0.3629855215549469,False,{},{},0.0937698969792109,False,False,8132
G0_73101_3e-05,303,4,8017,25,0.2012081891298294,0.4524971842765808,False,{},{},0.09661615200457163,False,False,8132
G0_73101_3e-05,304,4,8023,31,0.21387037634849548,0.36610299348831177,False,{},{},0.10052832899964415,False,False,8132
G0_73101_3e-05,305,4,15728,57,0.4338652491569519,0.27701136469841003,False,{},{},0.09752661699894816,False,False,8132
G0_73101_3e-05,306,4,336,0,0.6477978229522705,1.6600676774978638,True,{},{},0.09220059399376623,False,False,8132
G0_73101_3e-05,307,4,337,1,0.6690292954444885,2.1855053901672363,True,{},{},0.09410755199496634,False,False,8132
G0_73101_3e-05,308,4,341,5,0.6085557341575623,1.7579071521759033,True,{},{},0.09725861801416613,False,False,8132
G0_73101_3e-05,309,4,15734,63,0.6545587778091431,0.4409607946872711,False,{},{},0.0983941140002571,False,False,8132
G0_73101_3e-05,310,4,8018,26,0.19797852635383606,0.536348283290863,False,{},{},0.09397160200751387,False,False,8132
G0_73101_3e-05,311,4,8027,35,0.19567671418190002,0.6588740348815918,False,{},{},0.10184519400354475,False,False,8132
G0_73101_3e-05,312,4,15718,47,0.19270199537277222,0.21533995866775513,False,{},{},0.09781168101471849,False,False,8132
G0_73101_3e-05,313,4,15713,42,0.07509885728359222,0.25187644362449646,False,{},{},0.10240950199658982,False,False,8132
G0_73101_3e-05,314,4,8021,29,0.20512643456459045,0.40784797072410583,False,{},{},0.09781271597603336,False,False,8132
G0_73101_3e-05,315,4,15714,43,0.09766589105129242,0.20021338760852814,False,{},{},0.09373551400494762,False,False,8132
G0_73101_3e-05,316,4,355,19,0.3998328149318695,1.110050082206726,True,{},{},0.0958402779942844,False,False,8132
G0_73101_3e-05,317,4,344,8,0.6343212723731995,1.487221360206604,True,{},{},0.0945145349833183,False,False,8132
G0_73101_3e-05,318,4,15712,41,0.05132870376110077,0.24749551713466644,False,{},{},0.09982090399716981,False,False,8132
G0_73101_3e-05,319,4,8024,32,0.20878198742866516,0.47725909948349,False,{},{},0.09672109200619161,False,False,8132
G0_73101_3e-05,320,4,356,20,0.38751643896102905,1.0845087766647339,True,{},{},0.09392655501142144,False,False,8132
G0_73101_3e-05,321,5,15721,50,0.25873875617980957,0.2914392948150635,False,{},{},0.09665622501051985,False,False,8132
G0_73101_3e-05,322,5,347,11,0.6374684572219849,1.287568211555481,True,{},{},0.10122698498889804,False,False,8132
G0_73101_3e-05,323,5,8027,35,0.18550032377243042,0.5277268886566162,False,{},{},0.09258619099273346,False,False,8132
G0_73101_3e-05,324,5,8022,30,0.20717833936214447,0.3435577154159546,False,{},{},0.09671012699254788,False,False,8132
G0_73101_3e-05,325,5,15718,47,0.19109706580638885,0.22841641306877136,False,{},{},0.09487778000766411,False,False,8132
G0_73101_3e-05,326,5,341,5,0.5738316774368286,1.177597165107727,True,{},{},0.09659379601362161,False,False,8132
G0_73101_3e-05,327,5,15719,48,0.21620622277259827,0.2863655090332031,False,{},{},0.09913262000191025,False,False,8132
G0_73101_3e-05,328,5,357,21,0.36972010135650635,0.7919089794158936,False,{},{},0.09371392699540593,False,False,8132
G0_73101_3e-05,329,5,8031,39,0.10960189998149872,0.753527045249939,False,{},{},0.095389340975089,False,False,8132
G0_73101_3e-05,330,5,358,22,0.3915679156780243,1.2359917163848877,True,{},{},0.0939313750131987,False,False,8132
G0_73101_3e-05,331,5,8020,28,0.18960703909397125,0.46323588490486145,False,{},{},0.09499948201118968,False,False,8132
G0_73101_3e-05,332,5,8026,34,0.18892115354537964,0.6034027934074402,False,{},{},0.10158216400304809,False,False,8132
G0_73101_3e-05,333,5,15729,58,0.4602370262145996,0.36389103531837463,False,{},{},0.09659063201979734,False,False,8132
G0_73101_3e-05,334,5,15722,51,0.2817096710205078,0.3540128171443939,False,{},{},0.09372232502209954,False,False,8132
G0_73101_3e-05,335,5,8029,37,0.08554109930992126,0.7713941335678101,False,{},{},0.0970700359903276,False,False,8132
G0_73101_3e-05,336,5,353,17,0.39168810844421387,1.4361464977264404,True,{},{},0.09445251800934784,False,False,8132
G0_73101_3e-05,337,5,338,2,0.6185812950134277,2.1316440105438232,True,{},{},0.09439286301494576,False,False,8132
G0_73101_3e-05,338,5,8018,26,0.18600496649742126,0.5007613301277161,False,{},{},0.09687453199876472,False,False,8132
G0_73101_3e-05,339,5,8024,32,0.1970888078212738,0.4579673707485199,False,{},{},0.09708243698696606,False,False,8132
G0_73101_3e-05,340,5,343,7,0.5924854278564453,1.4672220945358276,True,{},{},0.0991912419849541,False,False,8132
G0_73101_3e-05,341,5,346,10,0.602240264415741,1.2893699407577515,True,{},{},0.09744389398838393,False,False,8132
G0_73101_3e-05,342,5,354,18,0.39921680092811584,1.8255819082260132,True,{},{},0.09238573999027722,False,False,8132
G0_73101_3e-05,343,5,8028,36,0.08813387900590897,0.8181425929069519,False,{},{},0.09746557002654299,False,False,8132
G0_73101_3e-05,344,5,340,4,0.5507178902626038,1.2995673418045044,True,{},{},0.09644499997375533,False,False,8132
G0_73101_3e-05,345,5,342,6,0.5592430830001831,1.3919734954833984,True,{},{},0.09701610999763943,False,False,8132
G0_73101_3e-05,346,5,15727,56,0.38922929763793945,0.3867424726486206,False,{},{},0.09938237600727007,False,False,8132
G0_73101_3e-05,347,5,15717,46,0.16502507030963898,0.22936378419399261,False,{},{},0.09136160300113261,False,False,8132
G0_73101_3e-05,348,5,8016,24,0.18246614933013916,0.743831217288971,False,{},{},0.09593111000140198,False,False,8132
G0_73101_3e-05,349,5,15734,63,0.6425356864929199,0.6061745285987854,False,{},{},0.09955757998977788,False,False,8132
G0_73101_3e-05,350,5,15723,52,0.30002498626708984,0.3438177704811096,False,{},{},0.0959039989975281,False,False,8132
G0_73101_3e-05,351,5,359,23,0.395637571811676,2.6060800552368164,True,{},{},0.1036598659993615,False,False,8132
G0_73101_3e-05,352,5,350,14,0.3976958692073822,2.0202035903930664,True,{},{},0.0960929119901266,False,False,8132
G0_73101_3e-05,353,5,356,20,0.3641189932823181,2.103322744369507,True,{},{},0.09431720001157373,False,False,8132
G0_73101_3e-05,354,5,15720,49,0.22995315492153168,0.36443790793418884,False,{},{},0.0977930479857605,False,False,8132
G0_73101_3e-05,355,5,15724,53,0.3167366087436676,0.3707762658596039,False,{},{},0.09739543101750314,False,False,8132
G0_73101_3e-05,356,5,15726,55,0.3651049733161926,0.48910248279571533,False,{},{},0.09654619501088746,False,False,8132
G0_73101_3e-05,357,5,8017,25,0.17370249330997467,0.5822609663009644,False,{},{},0.09756409301189706,False,False,8132
G0_73101_3e-05,358,5,355,19,0.3598605990409851,1.4262113571166992,True,{},{},0.09474799101008102,False,False,8132
G0_73101_3e-05,359,5,8030,38,0.07479563355445862,0.6857724785804749,False,{},{},0.0934627249953337,False,False,8132
G0_73101_3e-05,360,5,339,3,0.5355023145675659,2.0169425010681152,True,{},{},0.09957678298815154,False,False,8132
G0_73101_3e-05,361,5,15716,45,0.14138269424438477,0.20717085897922516,False,{},{},0.09825037998962216,False,False,8132
G0_73101_3e-05,362,5,344,8,0.5751178860664368,1.6396526098251343,True,{},{},0.0977713379834313,False,False,8132
G0_73101_3e-05,363,5,8021,29,0.18297427892684937,0.5248045921325684,False,{},{},0.09775243300828151,False,False,8132
G0_73101_3e-05,364,5,15715,44,0.12248434126377106,0.36289170384407043,False,{},{},0.09587607698631473,False,False,8132
G0_73101_3e-05,365,5,15711,40,0.051986150443553925,0.38042059540748596,False,{},{},0.10220098600257188,False,False,8132
G0_73101_3e-05,366,5,15730,59,0.4813753664493561,0.533893883228302,False,{},{},0.09746048101806082,False,False,8132
G0_73101_3e-05,367,5,336,0,0.5569744110107422,1.9813157320022583,True,{},{},0.09554095301427878,False,False,8132
G0_73101_3e-05,368,5,15728,57,0.4107878506183624,0.43556666374206543,False,{},{},0.09695807099342346,False,False,8132
G0_73101_3e-05,369,5,8023,31,0.18783028423786163,0.589682936668396,False,{},{},0.09695647898479365,False,False,8132
G0_73101_3e-05,370,5,8019,27,0.16467918455600739,0.7943941950798035,False,{},{},0.10362837600405328,False,False,8132
G0_73101_3e-05,371,5,352,16,0.3556210398674011,1.370728611946106,True,{},{},0.09651990499696694,False,False,8132
G0_73101_3e-05,372,5,15713,42,0.07427747547626495,0.39757832884788513,False,{},{},0.09746763101429678,False,False,8132
G0_73101_3e-05,373,5,349,13,0.36486315727233887,1.4680036306381226,True,{},{},0.09912613601773046,False,False,8132
G0_73101_3e-05,374,5,351,15,0.35672616958618164,1.2771373987197876,True,{},{},0.1012844490178395,False,False,8132
G0_73101_3e-05,375,5,15712,41,0.050451308488845825,0.40571483969688416,False,{},{},0.09555264300433919,False,False,8132
G0_73101_3e-05,376,5,348,12,0.5651370882987976,1.5414764881134033,True,{},{},0.09550549002597108,False,False,8132
G0_73101_3e-05,377,5,337,1,0.5637714266777039,3.2280945777893066,True,{},{},0.09707837400492281,False,False,8132
G0_73101_3e-05,378,5,8025,33,0.17738491296768188,0.5855816602706909,False,{},{},0.09658480199868791,False,False,8132
G0_73101_3e-05,379,5,15731,60,0.5268971920013428,0.6542567014694214,False,{},{},0.10158847499405965,False,False,8132
G0_73101_3e-05,380,5,15725,54,0.3308449685573578,0.583957314491272,False,{},{},0.09460277899052016,False,False,8132
G0_73101_3e-05,381,5,345,9,0.5706323385238647,1.4656002521514893,True,{},{},0.10249658400425687,False,False,8132
G0_73101_3e-05,382,5,15732,61,0.559400200843811,0.7366425395011902,False,{},{},0.09371227101655677,False,False,8132
G0_73101_3e-05,383,5,15714,43,0.09176144748926163,0.2971274256706238,False,{},{},0.0946514550014399,False,False,8132
G0_73101_3e-05,384,5,15733,62,0.5785249471664429,0.7744454741477966,False,{},{},0.10019280499545857,False,False,8132
G0_73101_3e-05,385,6,8026,34,0.16415855288505554,0.8141145706176758,False,{},{},0.09852220100583509,False,False,8132
G0_73101_3e-05,386,6,344,8,0.5429410934448242,1.2246967554092407,True,{},{},0.09661390498513356,False,False,8132
G0_73101_3e-05,387,6,15733,62,0.5694456100463867,0.8443001508712769,False,{},{},0.09561925998423249,False,False,8132
G0_73101_3e-05,388,6,358,22,0.3644372820854187,1.3612734079360962,True,{},{},0.09902010200312361,False,False,8132
G0_73101_3e-05,389,6,353,17,0.32793349027633667,1.9506945610046387,True,{},{},0.09313195300637744,False,False,8132
G0_73101_3e-05,390,6,341,5,0.49370062351226807,1.2811429500579834,True,{},{},0.09687454698723741,False,False,8132
G0_73101_3e-05,391,6,15723,52,0.2795445919036865,0.48781055212020874,False,{},{},0.09694088401738554,False,False,8132
G0_73101_3e-05,392,6,15715,44,0.11999689042568207,0.28725314140319824,False,{},{},0.09726409098948352,False,False,8132
G0_73101_3e-05,393,6,15711,40,0.05530194938182831,0.4897019565105438,False,{},{},0.09738298700540327,False,False,8132
G0_73101_3e-05,394,6,15731,60,0.4925951361656189,0.9421470165252686,False,{},{},0.09909063100349158,False,False,8132
G0_73101_3e-05,395,6,15730,59,0.4423917531967163,0.9486843943595886,False,{},{},0.09482274900074117,False,False,8132
G0_73101_3e-05,396,6,347,11,0.5589636564254761,1.616308331489563,True,{},{},0.09348404800402932,False,False,8132
G0_73101_3e-05,397,6,359,23,0.359502375125885,1.9298303127288818,True,{},{},0.09688997198827565,False,False,8132
G0_73101_3e-05,398,6,8031,39,0.07277847826480865,1.622102975845337,True,{},{},0.09389182602171786,False,False,8132
G0_73101_3e-05,399,6,15727,56,0.3363480865955353,0.8509969711303711,False,{},{},0.09827112799393944,False,False,8132
G0_73101_3e-05,400,6,15721,50,0.22750629484653473,0.46405029296875,False,{},{},0.09767612998257391,False,False,8132
G0_73101_3e-05,401,6,8025,33,0.16530843079090118,1.1091595888137817,True,{},{},0.0955245420045685,False,False,8132
G0_73101_3e-05,402,6,337,1,0.5218719244003296,2.030141830444336,True,{},{},0.09961581099196337,False,False,8132
G0_73101_3e-05,403,6,15729,58,0.38543933629989624,1.25359308719635,True,{},{},0.09286670698202215,False,False,8132
G0_73101_3e-05,404,6,351,15,0.32690465450286865,1.6810680627822876,True,{},{},0.09677094998187385,False,False,8132
G0_73101_3e-05,405,6,15734,63,0.5530091524124146,1.5607324838638306,True,{},{},0.09664462399086915,False,False,8132
G0_73101_3e-05,406,6,15724,53,0.2757543921470642,0.7656373977661133,False,{},{},0.09321028098929673,False,False,8132
G0_73101_3e-05,407,6,15720,49,0.20706792175769806,0.5211750268936157,False,{},{},0.09731741397990845,False,False,8132
G0_73101_3e-05,408,6,8030,38,0.0634911060333252,0.8814655542373657,False,{},{},0.09631138798431493,False,False,8132
G0_73101_3e-05,409,6,8023,31,0.17746397852897644,1.1216251850128174,True,{},{},0.09320927801309153,False,False,8132
G0_73101_3e-05,410,6,15726,55,0.2895180583000183,1.4477510452270508,True,{},{},0.09560993500053883,False,False,8132
G0_73101_3e-05,411,6,336,0,0.5020503997802734,2.1000869274139404,True,{},{},0.09279490198241547,False,False,8132
G0_73101_3e-05,412,6,352,16,0.32222169637680054,2.816251516342163,True,{},{},0.10035433401935734,False,False,8132
G0_73101_3e-05,413,6,15722,51,0.22945813834667206,0.718346118927002,False,{},{},0.0989949909853749,False,False,8132
G0_73101_3e-05,414,6,350,14,0.320400595664978,1.9948006868362427,True,{},{},0.0929052919964306,False,False,8132
G0_73101_3e-05,415,6,15725,54,0.2659112513065338,0.9097251296043396,False,{},{},0.09267592398100533,False,False,8132
G0_73101_3e-05,416,6,15713,42,0.08781618624925613,1.2906382083892822,True,{},{},0.09749832001398318,False,False,8132
G0_73101_3e-05,417,6,348,12,0.5232134461402893,2.032845973968506,True,{},{},0.09526945499237627,False,False,8132
G0_73101_3e-05,418,6,339,3,0.4750267565250397,1.5323834419250488,True,{},{},0.095693848998053,False,False,8132
G0_73101_3e-05,419,6,8024,32,0.1684630662202835,1.3156805038452148,True,{},{},0.09700457498547621,False,False,8132
G0_73101_3e-05,420,6,15712,41,0.0645187720656395,1.1265861988067627,True,{},{},0.09342397001455538,False,False,8132
G0_73101_3e-05,421,6,356,20,0.3308190405368805,2.8556506633758545,True,{},{},0.10101808799663559,False,False,8132
G0_73101_3e-05,422,6,8018,26,0.15130576491355896,0.9957782626152039,False,{},{},0.09647402400150895,False,False,8132
G0_73101_3e-05,423,6,8028,36,0.08523310720920563,2.6191813945770264,True,{},{},0.0949427489831578,False,False,8132
G0_73101_3e-05,424,6,338,2,0.49590402841567993,2.4445602893829346,True,{},{},0.09773525700438768,False,False,8132
G0_73101_3e-05,425,6,346,10,0.5294748544692993,2.193692445755005,True,{},{},0.0939162049908191,False,False,8132
G0_73101_3e-05,426,6,15717,46,0.1419541835784912,0.5082646608352661,False,{},{},0.09691080200718716,False,False,8132
G0_73101_3e-05,427,6,340,4,0.48646605014801025,1.9522225856781006,True,{},{},0.09878630097955465,False,False,8132
G0_73101_3e-05,428,6,8027,35,0.1173321083188057,1.0465186834335327,True,{},{},0.09549499102286063,False,False,8132
G0_73101_3e-05,429,6,345,9,0.5317832231521606,1.916339635848999,True,{},{},0.09734072402352467,False,False,8132
G0_73101_3e-05,430,6,8022,30,0.15608681738376617,1.0626070499420166,True,{},{},0.09606443101074547,False,False,8132
G0_73101_3e-05,431,6,355,19,0.3166673183441162,2.5364177227020264,True,{},{},0.10158517499803565,False,False,8132
G0_73101_3e-05,432,6,8029,37,0.08170701563358307,1.705744981765747,True,{},{},0.09620540498872288,False,False,8132
G0_73101_3e-05,433,6,15732,61,0.449398398399353,2.597780466079712,True,{},{},0.09417966302135028,False,False,8132
G0_73101_3e-05,434,6,15719,48,0.18368379771709442,0.8130600452423096,False,{},{},0.09678656500182115,False,False,8132
G0_73101_3e-05,435,6,343,7,0.4958614110946655,1.6159793138504028,True,{},{},0.09872591999010183,False,False,8132
G0_73101_3e-05,436,6,15728,57,0.3162291646003723,2.3746612071990967,True,{},{},0.09941744501702487,False,False,8132
G0_73101_3e-05,437,6,15718,47,0.16068324446678162,0.5413244962692261,False,{},{},0.09641217498574406,False,False,8132
G0_73101_3e-05,438,6,8019,27,0.12275655567646027,0.8298490047454834,False,{},{},0.09843976801494136,False,False,8132
G0_73101_3e-05,439,6,15716,45,0.12744668126106262,0.7047841548919678,False,{},{},0.0957522540120408,False,False,8132
G0_73101_3e-05,440,6,349,13,0.32073742151260376,2.5825819969177246,True,{},{},0.10129221802344546,False,False,8132
G0_73101_3e-05,441,6,8020,28,0.11966634541749954,1.383631706237793,True,{},{},0.09503754900651984,False,False,8132
G0_73101_3e-05,442,6,357,21,0.32369500398635864,2.8623414039611816,True,{},{},0.09461715898942202,False,False,8132
G0_73101_3e-05,443,6,8021,29,0.1213313639163971,0.9892938733100891,False,{},{},0.09708521899301559,False,False,8132
G0_73101_3e-05,444,6,8016,24,0.13553200662136078,1.651713252067566,True,{},{},0.09636515300371684,False,False,8132
G0_73101_3e-05,445,6,15714,43,0.09338223934173584,0.745482325553894,False,{},{},0.10311445299885236,False,False,8132
G0_73101_3e-05,446,6,342,6,0.4809003174304962,2.4292540550231934,True,{},{},0.09928059601224959,False,False,8132
G0_73101_3e-05,447,6,8017,25,0.12193553149700165,1.100990891456604,True,{},{},0.09554532999754883,False,False,8132
G0_73101_3e-05,448,6,354,18,0.3122449517250061,4.112614631652832,True,{},{},0.09450718999141827,False,False,8132
G0_73101_3e-05,449,7,15727,56,0.23300528526306152,1.9678398370742798,True,{},{},0.10100873600458726,False,False,8132
G0_73101_3e-05,450,7,15716,45,0.1203056126832962,0.7262023687362671,False,{},{},0.09478189199580811,False,False,8132
G0_73101_3e-05,451,7,8025,33,0.13039249181747437,1.2722382545471191,True,{},{},0.09811858399189077,False,False,8132
G0_73101_3e-05,452,7,15728,57,0.277691513299942,2.40360689163208,True,{},{},0.09649101700051688,False,False,8132
G0_73101_3e-05,453,7,8029,37,0.06761172413825989,1.5038760900497437,True,{},{},0.09697925200453028,False,False,8132
G0_73101_3e-05,454,7,8023,31,0.12390171736478806,1.0933363437652588,True,{},{},0.10138981800992042,False,False,8132
G0_73101_3e-05,455,7,8018,26,0.11590857803821564,2.0481948852539062,True,{},{},0.09751377700013109,False,False,8132
G0_73101_3e-05,456,7,15712,41,0.05652904883027077,1.0518016815185547,True,{},{},0.0988910160085652,False,False,8132
G0_73101_3e-05,457,7,8017,25,0.10348829627037048,0.8708017468452454,False,{},{},0.09542996899108402,False,False,8132
G0_73101_3e-05,458,7,15718,47,0.14663389325141907,0.8091354370117188,False,{},{},0.09845136298099533,False,False,8132
G0_73101_3e-05,459,7,8028,36,0.0646667629480362,1.1960591077804565,True,{},{},0.09893618398928083,False,False,8132
G0_73101_3e-05,460,7,338,2,0.5012944936752319,11.30545711517334,True,{},{},0.0927353699808009,False,False,8132
G0_73101_3e-05,461,7,341,5,0.4633408784866333,3.161458730697632,True,{},{},0.0957238560076803,False,False,8132
G0_73101_3e-05,462,7,15734,63,0.46333205699920654,3.581589698791504,True,{},{},0.09781142097199336,False,False,8132
G0_73101_3e-05,463,7,355,19,0.308962881565094,3.8083655834198,True,{},{},0.10121891900780611,False,False,8132
G0_73101_3e-05,464,7,347,11,0.48537611961364746,2.2394797801971436,True,{},{},0.09622124701854773,False,False,8132
G0_73101_3e-05,465,7,344,8,0.46695470809936523,3.4212677478790283,True,{},{},0.09569171900511719,False,False,8132
G0_73101_3e-05,466,7,359,23,0.36450642347335815,4.551112174987793,True,{},{},0.0947642259998247,False,False,8132
G0_73101_3e-05,467,7,15720,49,0.17525139451026917,1.0797111988067627,True,{},{},0.0988186449976638,False,False,8132
G0_73101_3e-05,468,7,8030,38,0.05586066469550133,1.322716236114502,True,{},{},0.09774823300540447,False,False,8132
G0_73101_3e-05,469,7,8024,32,0.11121659725904465,1.1410752534866333,True,{},{},0.0954334230045788,False,False,8132
G0_73101_3e-05,470,7,15732,61,0.3485165536403656,3.077484130859375,True,{},{},0.09791610500542447,False,False,8132
G0_73101_3e-05,471,7,15721,50,0.17769810557365417,1.6663577556610107,True,{},{},0.09578007500385866,False,False,8132
G0_73101_3e-05,472,7,15713,42,0.07306404411792755,1.2722022533416748,True,{},{},0.09909581299871206,False,False,8132
G0_73101_3e-05,473,7,8019,27,0.0943610742688179,0.9077907204627991,False,{},{},0.09977390800486319,False,False,8132
G0_73101_3e-05,474,7,353,17,0.28951430320739746,3.671342611312866,True,{},{},0.09426500200061128,False,False,8132
G0_73101_3e-05,475,7,8016,24,0.09358251839876175,1.0144455432891846,True,{},{},0.09925518798991106,False,False,8132
G0_73101_3e-05,476,7,15729,58,0.21114030480384827,2.8218908309936523,True,{},{},0.09646543601411395,False,False,8132
G0_73101_3e-05,477,7,336,0,0.45564794540405273,3.753129482269287,True,{},{},0.0979670959932264,False,False,8132
G0_73101_3e-05,478,7,8021,29,0.09332183003425598,1.293897271156311,True,{},{},0.09776672298903577,False,False,8132
G0_73101_3e-05,479,7,357,21,0.29167479276657104,2.940422534942627,True,{},{},0.09293722800794058,False,False,8132
G0_73101_3e-05,480,7,348,12,0.46888598799705505,2.4485836029052734,True,{},{},0.09569950299919583,False,False,8132
G0_73101_3e-05,481,7,340,4,0.408136248588562,2.9548799991607666,True,{},{},0.09780539499479346,False,False,8132
G0_73101_3e-05,482,7,15724,53,0.1876075118780136,2.4224252700805664,True,{},{},0.09944045500014909,False,False,8132
G0_73101_3e-05,483,7,8027,35,0.07821279764175415,1.1285791397094727,True,{},{},0.09834889200283214,False,False,8132
G0_73101_3e-05,484,7,343,7,0.41171780228614807,2.5140912532806396,True,{},{},0.09640670500812121,False,False,8132
G0_73101_3e-05,485,7,15730,59,0.2508586645126343,5.969624996185303,True,{},{},0.09570907600573264,False,False,8132
G0_73101_3e-05,486,7,15715,44,0.10383468121290207,0.9543699026107788,False,{},{},0.09874650801066309,False,False,8132
G0_73101_3e-05,487,7,8026,34,0.1054498553276062,1.795880675315857,True,{},{},0.10045877401717007,False,False,8132
G0_73101_3e-05,488,7,358,22,0.32055699825286865,3.767324924468994,True,{},{},0.0968907130009029,False,False,8132
G0_73101_3e-05,489,7,356,20,0.27582812309265137,3.4172496795654297,True,{},{},0.09693416699883528,False,False,8132
G0_73101_3e-05,490,7,15733,62,0.3034074306488037,4.707559585571289,True,{},{},0.1022911200125236,False,False,8132
G0_73101_3e-05,491,7,15714,43,0.08153631538152695,0.5746484398841858,False,{},{},0.10046709899324924,False,False,8132
G0_73101_3e-05,492,7,15722,51,0.16541406512260437,1.8768123388290405,True,{},{},0.09676878899335861,False,False,8132
G0_73101_3e-05,493,7,350,14,0.29343390464782715,4.818193435668945,True,{},{},0.09876530998735689,False,False,8132
G0_73101_3e-05,494,7,15717,46,0.11285915225744247,2.457932472229004,True,{},{},0.09755220200167969,False,False,8132
G0_73101_3e-05,495,7,342,6,0.4007032513618469,2.6084015369415283,True,{},{},0.09449308598414063,False,False,8132
G0_73101_3e-05,496,7,345,9,0.42253199219703674,2.775329828262329,True,{},{},0.09682519698981196,False,False,8132
G0_73101_3e-05,497,7,349,13,0.2722387909889221,3.3558361530303955,True,{},{},0.09816995399887674,False,False,8132
G0_73101_3e-05,498,7,339,3,0.3842451572418213,4.007815361022949,True,{},{},0.09620012901723385,False,False,8132
G0_73101_3e-05,499,7,15719,48,0.12271691113710403,1.5634915828704834,True,{},{},0.10300898799323477,False,False,8132
G0_73101_3e-05,500,7,8022,30,0.08786666393280029,1.8861602544784546,True,{},{},0.0997124379791785,False,False,8132
G0_73101_3e-05,501,7,354,18,0.2571396231651306,3.7014541625976562,True,{},{},0.10016464200452901,False,False,8132
G0_73101_3e-05,502,7,346,10,0.39759862422943115,2.9922358989715576,True,{},{},0.09589264800888486,False,False,8132
G0_73101_3e-05,503,7,15725,54,0.13504883646965027,3.3506522178649902,True,{},{},0.09586913298699073,False,False,8132
G0_73101_3e-05,504,7,15726,55,0.10967666655778885,2.6686816215515137,True,{},{},0.09865142201306298,False,False,8132
G0_73101_3e-05,505,7,8020,28,0.08527444303035736,1.1160248517990112,True,{},{},0.10119303601095453,False,False,8132
G0_73101_3e-05,506,7,15711,40,0.05988689884543419,1.3334605693817139,True,{},{},0.09638847998576239,False,False,8132
G0_73101_3e-05,507,7,8031,39,0.042491715401411057,1.0382344722747803,True,{},{},0.09890463799820282,False,False,8132
G0_73101_3e-05,508,7,351,15,0.2642061114311218,3.518998146057129,True,{},{},0.1007349609863013,False,False,8132
G0_73101_3e-05,509,7,15731,60,0.2574666738510132,7.0755510330200195,True,{},{},0.09742597801960073,False,False,8132
G0_73101_3e-05,510,7,337,1,0.430290162563324,4.56997013092041,True,{},{},0.09945470199454576,False,False,8132
G0_73101_3e-05,511,7,15723,52,0.14080563187599182,4.6667985916137695,True,{},{},0.09279905201401561,False,False,8132
G0_73101_3e-05,512,7,352,16,0.24341943860054016,3.68302845954895,True,{},{},0.09492227199370973,False,False,8132
G1_73101_3e-05,1,0,15723,52,0.26311060786247253,0.08174245804548264,False,{},{},0.1045462990005035,False,False,8198
G1_73101_3e-05,2,0,15715,44,0.11222349107265472,0.03974054008722305,False,{},{},0.0962064570048824,False,False,8198
G1_73101_3e-05,3,0,343,7,0.9245280027389526,1.1004501581192017,True,{},{},0.0951242359878961,False,False,8198
G1_73101_3e-05,4,0,8027,35,0.1889714002609253,0.18770748376846313,False,{},{},0.09670566199929453,False,False,8198
G1_73101_3e-05,5,0,337,1,1.4322395324707031,2.4246163368225098,True,{},{},0.10172645800048485,False,False,8130
G1_73101_3e-05,6,0,357,21,0.6620540618896484,1.8878448009490967,True,{},{},0.09261195998988114,False,False,8130
G1_73101_3e-05,7,0,336,0,1.0470333099365234,3.8640124797821045,True,{},{},0.09695415600435808,False,False,8130
G1_73101_3e-05,8,0,8019,27,0.20369991660118103,0.19442439079284668,False,{},{},0.09582261298783123,False,False,8130
G1_73101_3e-05,9,0,8028,36,0.13193732500076294,0.547988772392273,False,{},{},0.09780616799253039,False,False,8130
G1_73101_3e-05,10,0,8018,26,0.20993830263614655,0.26068007946014404,False,{},{},0.0972298170090653,False,False,8130
G1_73101_3e-05,11,0,8021,29,0.21437066793441772,0.19857700169086456,False,{},{},0.0964402919926215,False,False,8130
G1_73101_3e-05,12,0,15731,60,0.4892226457595825,0.14147141575813293,False,{},{},0.09761072599212639,False,False,8130
G1_73101_3e-05,13,0,344,8,0.8235740065574646,0.740612804889679,False,{},{},0.09252446799655445,False,False,8130
G1_73101_3e-05,14,0,15716,45,0.13009026646614075,0.05051141232252121,False,{},{},0.09700403601163998,False,False,8130
G1_73101_3e-05,15,0,15714,43,0.08539262413978577,0.04389513283967972,False,{},{},0.0994950019812677,False,False,8130
G1_73101_3e-05,16,0,15732,61,0.522862434387207,0.15772920846939087,False,{},{},0.09508108100271784,False,False,8130
G1_73101_3e-05,17,0,349,13,1.197543740272522,5.301918983459473,True,{},{},0.09523160199751146,False,False,8130
G1_73101_3e-05,18,0,340,4,0.7906208038330078,1.4136402606964111,True,{},{},0.09539482698892243,False,False,8130
G1_73101_3e-05,19,0,15727,56,0.33829671144485474,0.14275608956813812,False,{},{},0.09749181300867349,False,False,8130
G1_73101_3e-05,20,0,348,12,0.8650392889976501,1.311596393585205,True,{},{},0.09471221498097293,False,False,8130
G1_73101_3e-05,21,0,338,2,1.228682518005371,3.545269012451172,True,{},{},0.09249888200429268,False,False,8130
G1_73101_3e-05,22,0,15720,49,0.20634475350379944,0.07825373113155365,False,{},{},0.09365441001136787,False,False,8130
G1_73101_3e-05,23,0,346,10,0.8095071911811829,0.6858971118927002,False,{},{},0.0960423499927856,False,False,8130
G1_73101_3e-05,24,0,8020,28,0.2114330232143402,0.24058794975280762,False,{},{},0.10052221600199118,False,False,8130
G1_73101_3e-05,25,0,15729,58,0.40006378293037415,0.11566489189863205,False,{},{},0.09527205998892896,False,False,8130
G1_73101_3e-05,26,0,341,5,0.7498971223831177,0.6843695640563965,False,{},{},0.09629073302494362,False,False,8130
G1_73101_3e-05,27,0,15724,53,0.2827415466308594,0.09141499549150467,False,{},{},0.0928154359862674,False,False,8130
G1_73101_3e-05,28,0,15712,41,0.03957093879580498,0.03939050808548927,False,{},{},0.09626704300171696,False,False,8130
G1_73101_3e-05,29,0,8031,39,0.13303443789482117,0.17276589572429657,False,{},{},0.09790951400646009,False,False,8130
G1_73101_3e-05,30,0,350,14,1.1455409526824951,6.262884140014648,True,{},{},0.09505817899480462,False,False,8130
G1_73101_3e-05,31,0,15730,59,0.4297333359718323,0.1327907294034958,False,{},{},0.09519327699672431,False,False,8130
G1_73101_3e-05,32,0,15734,63,0.5845360159873962,0.20833897590637207,False,{},{},0.09446188999572769,False,False,8130
G1_73101_3e-05,33,0,352,16,0.598720133304596,0.9517688155174255,False,{},{},0.09997409500647336,False,False,8130
G1_73101_3e-05,34,0,358,22,0.6383434534072876,1.921006202697754,True,{},{},0.10027587399235927,False,False,8130
G1_73101_3e-05,35,0,347,11,0.7969638109207153,0.7863786816596985,False,{},{},0.0957375250000041,False,False,8130
G1_73101_3e-05,36,0,353,17,0.5923984050750732,1.4007608890533447,True,{},{},0.09363441498135217,False,False,8130
G1_73101_3e-05,37,0,354,18,0.5907086730003357,0.8267421722412109,False,{},{},0.09420961802243255,False,False,8130
G1_73101_3e-05,38,0,15717,46,0.15101996064186096,0.062392424792051315,False,{},{},0.09727320101228543,False,False,8130
G1_73101_3e-05,39,0,15718,47,0.16720804572105408,0.07750754803419113,False,{},{},0.09320105600636452,False,False,8130
G1_73101_3e-05,40,0,15711,40,0.04041279852390289,0.04427487775683403,False,{},{},0.0947649400040973,False,False,8130
G1_73101_3e-05,41,0,8024,32,0.2017151266336441,0.14063040912151337,False,{},{},0.09279458000673912,False,False,8130
G1_73101_3e-05,42,0,8025,33,0.20745187997817993,0.1491805762052536,False,{},{},0.09677842899691314,False,False,8130
G1_73101_3e-05,43,0,15722,51,0.24015399813652039,0.08457594364881516,False,{},{},0.10010397297446616,False,False,8130
G1_73101_3e-05,44,0,359,23,0.6397655606269836,1.8327099084854126,True,{},{},0.09489933497388847,False,False,8130
G1_73101_3e-05,45,0,15733,62,0.5491650700569153,0.18431301414966583,False,{},{},0.09507324697915465,False,False,8130
G1_73101_3e-05,46,0,15725,54,0.3003755509853363,0.09750312566757202,False,{},{},0.09415747999446467,False,False,8130
G1_73101_3e-05,47,0,8030,38,0.1303739994764328,0.317439466714859,False,{},{},0.09773531800601631,False,False,8130
G1_73101_3e-05,48,0,355,19,0.5514937043190002,0.6380544304847717,False,{},{},0.09893359401030466,False,False,8131
G1_73101_3e-05,49,0,339,3,0.7312206029891968,0.9732191562652588,False,{},{},0.09584104499663226,False,False,8131
G1_73101_3e-05,50,0,8023,31,0.20693576335906982,0.18543076515197754,False,{},{},0.0930613259843085,False,False,8131
G1_73101_3e-05,51,0,8016,24,0.21584606170654297,0.30626675486564636,False,{},{},0.09641830599866807,False,False,8131
G1_73101_3e-05,52,0,8029,37,0.16170445084571838,1.0647958517074585,True,{},{},0.10149875999195501,False,False,8131
G1_73101_3e-05,53,0,15728,57,0.3605397939682007,0.130752295255661,False,{},{},0.09718492001411505,False,False,8131
G1_73101_3e-05,54,0,342,6,0.7843535542488098,1.147362232208252,True,{},{},0.09345941100036725,False,False,8131
G1_73101_3e-05,55,0,345,9,0.7687290906906128,0.6832687258720398,False,{},{},0.09430873597739264,False,False,8131
G1_73101_3e-05,56,0,15719,48,0.18536673486232758,0.07922035455703735,False,{},{},0.09631746899685822,False,False,8131
G1_73101_3e-05,57,0,8022,30,0.21164414286613464,0.1965353786945343,False,{},{},0.09866571999737062,False,False,8132
G1_73101_3e-05,58,0,356,20,0.5122969150543213,0.7401065826416016,False,{},{},0.09547740302514285,False,False,8132
G1_73101_3e-05,59,0,15726,55,0.3134743571281433,0.12897655367851257,False,{},{},0.09826943301595747,False,False,8132
G1_73101_3e-05,60,0,8026,34,0.18719059228897095,0.1837661862373352,False,{},{},0.09468969798763283,False,False,8132
G1_73101_3e-05,61,0,8017,25,0.21732304990291595,0.31605058908462524,False,{},{},0.09594031801680103,False,False,8132
G1_73101_3e-05,62,0,351,15,0.5938341021537781,0.9756292104721069,False,{},{},0.09695175199885853,False,False,8132
G1_73101_3e-05,63,0,15713,42,0.06575407832860947,0.04591703414916992,False,{},{},0.09473956999136135,False,False,8132
G1_73101_3e-05,64,0,15721,50,0.21979746222496033,0.08425620943307877,False,{},{},0.09563802002230659,False,False,8132
G1_73101_3e-05,65,1,354,18,0.5360914468765259,0.9612406492233276,False,{},{},0.09574523600167595,False,False,8132
G1_73101_3e-05,66,1,15732,61,0.5147753953933716,0.1808987855911255,False,{},{},0.09789386499323882,False,False,8132
G1_73101_3e-05,67,1,357,21,0.506688117980957,0.6637606024742126,False,{},{},0.09508994600037113,False,False,8132
G1_73101_3e-05,68,1,15726,55,0.31226277351379395,0.13022097945213318,False,{},{},0.09632738499203697,False,False,8132
G1_73101_3e-05,69,1,15719,48,0.18445441126823425,0.08102590590715408,False,{},{},0.09767481798189692,False,False,8132
G1_73101_3e-05,70,1,8030,38,0.12461894750595093,0.24911880493164062,False,{},{},0.0938629669835791,False,False,8132
G1_73101_3e-05,71,1,341,5,0.706439733505249,1.2671051025390625,True,{},{},0.10158325100201182,False,False,8132
G1_73101_3e-05,72,1,344,8,0.7418048977851868,0.6395742297172546,False,{},{},0.09818520798580721,False,False,8132
G1_73101_3e-05,73,1,8017,25,0.2134271115064621,0.3174271285533905,False,{},{},0.1005471850221511,False,False,8132
G1_73101_3e-05,74,1,15717,46,0.14938639104366302,0.0672278106212616,False,{},{},0.10097723599756137,False,False,8132
G1_73101_3e-05,75,1,348,12,0.7972778081893921,1.2076313495635986,True,{},{},0.10119977800059132,False,False,8132
G1_73101_3e-05,76,1,8022,30,0.2093380093574524,0.20138923823833466,False,{},{},0.09722706899628974,False,False,8132
G1_73101_3e-05,77,1,8027,35,0.1806958019733429,0.18904905021190643,False,{},{},0.09790781201445498,False,False,8132
G1_73101_3e-05,78,1,351,15,0.5592403411865234,1.030301570892334,True,{},{},0.09907727799145505,False,False,8132
G1_73101_3e-05,79,1,8019,27,0.19600456953048706,0.19273817539215088,False,{},{},0.102360832010163,False,False,8132
G1_73101_3e-05,80,1,15728,57,0.35650214552879333,0.14363621175289154,False,{},{},0.10122197598684579,False,False,8132
G1_73101_3e-05,81,1,338,2,0.9577016830444336,4.845216751098633,True,{},{},0.09302863801713102,False,False,8132
G1_73101_3e-05,82,1,15722,51,0.23656173050403595,0.09784075617790222,False,{},{},0.09623242600355297,False,False,8132
G1_73101_3e-05,83,1,339,3,0.6704921722412109,0.668555736541748,False,{},{},0.10245897300774232,False,False,8132
G1_73101_3e-05,84,1,8016,24,0.2058430165052414,0.29985421895980835,False,{},{},0.10610969198751263,False,False,8132
G1_73101_3e-05,85,1,15712,41,0.04100458696484566,0.05593213811516762,False,{},{},0.10533463800675236,False,False,8132
G1_73101_3e-05,86,1,352,16,0.5091075301170349,0.583403468132019,False,{},{},0.09860554098850116,False,False,8132
G1_73101_3e-05,87,1,15727,56,0.32935360074043274,0.1388501673936844,False,{},{},0.1001056790119037,False,False,8132
G1_73101_3e-05,88,1,15718,47,0.16399262845516205,0.08319289237260818,False,{},{},0.09828650701092556,False,False,8132
G1_73101_3e-05,89,1,15724,53,0.27653640508651733,0.10744516551494598,False,{},{},0.10038823302602395,False,False,8132
G1_73101_3e-05,90,1,8023,31,0.20208944380283356,0.19613420963287354,False,{},{},0.09753759001614526,False,False,8132
G1_73101_3e-05,91,1,15720,49,0.2006612867116928,0.09498996287584305,False,{},{},0.096495033998508,False,False,8132
G1_73101_3e-05,92,1,8029,37,0.13421210646629333,0.6297502517700195,False,{},{},0.09720533801009879,False,False,8132
G1_73101_3e-05,93,1,346,10,0.7499192953109741,0.8712480068206787,False,{},{},0.1025764099904336,False,False,8132
G1_73101_3e-05,94,1,15714,43,0.08584554493427277,0.05936431139707565,False,{},{},0.09744091698667035,False,False,8132
G1_73101_3e-05,95,1,15715,44,0.11050565540790558,0.04916558787226677,False,{},{},0.0928931399830617,False,False,8132
G1_73101_3e-05,96,1,15716,45,0.12729133665561676,0.057950012385845184,False,{},{},0.0978065550152678,False,False,8132
G1_73101_3e-05,97,1,15731,60,0.475475013256073,0.18483801186084747,False,{},{},0.09490448201540858,False,False,8132
G1_73101_3e-05,98,1,340,4,0.6700642108917236,0.9092755317687988,False,{},{},0.09504180299700238,False,False,8132
G1_73101_3e-05,99,1,8025,33,0.20002228021621704,0.16254127025604248,False,{},{},0.10248221797519363,False,False,8132
G1_73101_3e-05,100,1,15729,58,0.3894624710083008,0.14624062180519104,False,{},{},0.0955672370037064,False,False,8132
G1_73101_3e-05,101,1,349,13,1.0656077861785889,6.593832015991211,True,{},{},0.09903096800553612,False,False,8132
G1_73101_3e-05,102,1,8020,28,0.2047813981771469,0.26004329323768616,False,{},{},0.09282485899166204,False,False,8132
G1_73101_3e-05,103,1,337,1,0.881452202796936,5.2593841552734375,True,{},{},0.09627999801887199,False,False,8132
G1_73101_3e-05,104,1,15730,59,0.4178146719932556,0.16190053522586823,False,{},{},0.09825106800417416,False,False,8132
G1_73101_3e-05,105,1,8021,29,0.20516347885131836,0.2221023589372635,False,{},{},0.09841557699837722,False,False,8132
G1_73101_3e-05,106,1,342,6,0.7139832973480225,0.9259196519851685,False,{},{},0.09450950898462906,False,False,8132
G1_73101_3e-05,107,1,345,9,0.7172730565071106,0.6411658525466919,False,{},{},0.09692954100319184,False,False,8132
G1_73101_3e-05,108,1,8024,32,0.19510652124881744,0.15667171776294708,False,{},{},0.09898056800011545,False,False,8132
G1_73101_3e-05,109,1,8018,26,0.19296981394290924,0.2256188988685608,False,{},{},0.09455049698590301,False,False,8132
G1_73101_3e-05,110,1,355,19,0.4602995216846466,0.5846750736236572,False,{},{},0.09693308401620016,False,False,8132
G1_73101_3e-05,111,1,358,22,0.48316919803619385,1.0960867404937744,True,{},{},0.09450209498754703,False,False,8132
G1_73101_3e-05,112,1,15711,40,0.0430058091878891,0.07042078673839569,False,{},{},0.10018404899165034,False,False,8132
G1_73101_3e-05,113,1,336,0,0.6609992384910583,0.9078242182731628,False,{},{},0.09779765599523671,False,False,8132
G1_73101_3e-05,114,1,8026,34,0.17852328717708588,0.20013371109962463,False,{},{},0.09462298502330668,False,False,8132
G1_73101_3e-05,115,1,15723,52,0.25201117992401123,0.10829707235097885,False,{},{},0.09619185200426728,False,False,8132
G1_73101_3e-05,116,1,353,17,0.461575448513031,1.1805092096328735,True,{},{},0.09412245900603011,False,False,8132
G1_73101_3e-05,117,1,359,23,0.4813643991947174,0.9509949684143066,False,{},{},0.09392749299877323,False,False,8132
G1_73101_3e-05,118,1,8031,39,0.12397819757461548,0.1921757161617279,False,{},{},0.09987196800648235,False,False,8132
G1_73101_3e-05,119,1,8028,36,0.11379415541887283,0.3614691197872162,False,{},{},0.09577747998991981,False,False,8132
G1_73101_3e-05,120,1,15713,42,0.06715486943721771,0.06855668127536774,False,{},{},0.09588042099494487,False,False,8132
G1_73101_3e-05,121,1,343,7,0.7507137060165405,1.7451142072677612,True,{},{},0.09586929497891106,False,False,8132
G1_73101_3e-05,122,1,15725,54,0.29080602526664734,0.11897504329681396,False,{},{},0.10063576299580745,False,False,8132
G1_73101_3e-05,123,1,15733,62,0.5323893427848816,0.2181914895772934,False,{},{},0.09808407901437022,False,False,8132
G1_73101_3e-05,124,1,15721,50,0.21352095901966095,0.09838787466287613,False,{},{},0.09830590800265782,False,False,8132
G1_73101_3e-05,125,1,15734,63,0.5642650723457336,0.24165193736553192,False,{},{},0.09787874601897784,False,False,8132
G1_73101_3e-05,126,1,356,20,0.4190966486930847,0.6922764778137207,False,{},{},0.09759175800718367,False,False,8132
G1_73101_3e-05,127,1,347,11,0.7004714608192444,0.8509462475776672,False,{},{},0.10037528298562393,False,False,8132
G1_73101_3e-05,128,1,350,14,0.7740390300750732,5.733804702758789,True,{},{},0.09855924401199445,False,False,8132
G1_73101_3e-05,129,2,8026,34,0.17460212111473083,0.19216576218605042,False,{},{},0.09792134599410929,False,False,8132
G1_73101_3e-05,130,2,15724,53,0.2706751227378845,0.11836185306310654,False,{},{},0.09670626500155777,False,False,8132
G1_73101_3e-05,131,2,15712,41,0.04323519021272659,0.08109267801046371,False,{},{},0.10185293600079603,False,False,8132
G1_73101_3e-05,132,2,15719,48,0.17936661839485168,0.09028039872646332,False,{},{},0.09735728800296783,False,False,8132
G1_73101_3e-05,133,2,347,11,0.6894493103027344,0.8645263314247131,False,{},{},0.09835623900289647,False,False,8132
G1_73101_3e-05,134,2,8029,37,0.12150364369153976,0.4052049219608307,False,{},{},0.09743112098658457,False,False,8132
G1_73101_3e-05,135,2,8019,27,0.1903003752231598,0.2145838439464569,False,{},{},0.09602567797992378,False,False,8132
G1_73101_3e-05,136,2,356,20,0.40436455607414246,0.5529981255531311,False,{},{},0.10118667501956224,False,False,8132
G1_73101_3e-05,137,2,358,22,0.43193376064300537,0.4912472665309906,False,{},{},0.09576056798687205,False,False,8132
G1_73101_3e-05,138,2,357,21,0.425887793302536,0.5822865962982178,False,{},{},0.09824463402037509,False,False,8132
G1_73101_3e-05,139,2,15721,50,0.21156173944473267,0.10373497754335403,False,{},{},0.09570509198238142,False,False,8132
G1_73101_3e-05,140,2,8031,39,0.12152337282896042,0.20486289262771606,False,{},{},0.0972895779996179,False,False,8132
G1_73101_3e-05,141,2,15723,52,0.24845963716506958,0.10808215290307999,False,{},{},0.10073804899002425,False,False,8132
G1_73101_3e-05,142,2,15734,63,0.5594347715377808,0.24664044380187988,False,{},{},0.09701873300946318,False,False,8132
G1_73101_3e-05,143,2,15720,49,0.19459569454193115,0.10530787706375122,False,{},{},0.10402248200261965,False,False,8132
G1_73101_3e-05,144,2,8020,28,0.1991507112979889,0.2852836847305298,False,{},{},0.0982632770028431,False,False,8132
G1_73101_3e-05,145,2,337,1,0.7949421405792236,5.086770534515381,True,{},{},0.1021134170005098,False,False,8132
G1_73101_3e-05,146,2,15714,43,0.08675876259803772,0.08048581331968307,False,{},{},0.1043546000146307,False,False,8132
G1_73101_3e-05,147,2,15732,61,0.4957873225212097,0.20780031383037567,False,{},{},0.10050194698851556,False,False,8132
G1_73101_3e-05,148,2,15711,40,0.04465373232960701,0.0892106369137764,False,{},{},0.0972603129921481,False,False,8132
G1_73101_3e-05,149,2,354,18,0.43016791343688965,0.5954923033714294,False,{},{},0.09891004298697226,False,False,8132
G1_73101_3e-05,150,2,8028,36,0.10869692265987396,0.39010241627693176,False,{},{},0.10390000601182692,False,False,8132
G1_73101_3e-05,151,2,351,15,0.4522046148777008,0.9321182370185852,False,{},{},0.09757555698161013,False,False,8132
G1_73101_3e-05,152,2,15729,58,0.38039377331733704,0.16769422590732574,False,{},{},0.09851729500223882,False,False,8132
G1_73101_3e-05,153,2,8030,38,0.11395331472158432,0.23112207651138306,False,{},{},0.09565551899140701,False,False,8132
G1_73101_3e-05,154,2,15725,54,0.2858903408050537,0.12377701699733734,False,{},{},0.10140553201199509,False,False,8132
G1_73101_3e-05,155,2,341,5,0.6451524496078491,1.209741473197937,True,{},{},0.09866733301896602,False,False,8132
G1_73101_3e-05,156,2,15718,47,0.15876206755638123,0.08477555960416794,False,{},{},0.09621132502797991,False,False,8132
G1_73101_3e-05,157,2,338,2,0.691292405128479,3.3805527687072754,True,{},{},0.09888963800040074,False,False,8132
G1_73101_3e-05,158,2,349,13,0.698784351348877,5.502494812011719,True,{},{},0.09484316702582873,False,False,8132
G1_73101_3e-05,159,2,15713,42,0.0684240460395813,0.08784081041812897,False,{},{},0.10205525002675131,False,False,8132
G1_73101_3e-05,160,2,343,7,0.7136962413787842,2.03959321975708,True,{},{},0.10428716798196547,False,False,8132
G1_73101_3e-05,161,2,350,14,0.5767449736595154,4.410114288330078,True,{},{},0.09776844500447623,False,False,8132
G1_73101_3e-05,162,2,8024,32,0.18952368199825287,0.17403271794319153,False,{},{},0.10218459699535742,False,False,8132
G1_73101_3e-05,163,2,15728,57,0.3442293405532837,0.1537356823682785,False,{},{},0.09594495999044739,False,False,8132
G1_73101_3e-05,164,2,344,8,0.6511915922164917,0.5936859250068665,False,{},{},0.10330491399508901,False,False,8130
G1_73101_3e-05,165,2,15730,59,0.4063738286495209,0.1883845180273056,False,{},{},0.09812096500536427,False,False,8130
G1_73101_3e-05,166,2,8018,26,0.18672607839107513,0.24640540778636932,False,{},{},0.09769779600901529,False,False,8130
G1_73101_3e-05,167,2,8016,24,0.19174760580062866,0.29939985275268555,False,{},{},0.09717190702212974,False,False,8130
G1_73101_3e-05,168,2,353,17,0.3973526954650879,0.6960110068321228,False,{},{},0.10425760198268108,False,False,8130
G1_73101_3e-05,169,2,348,12,0.6778526306152344,1.0610238313674927,True,{},{},0.09728334701503627,False,False,8130
G1_73101_3e-05,170,2,15726,55,0.2988101840019226,0.13671761751174927,False,{},{},0.09707062799134292,False,False,8130
G1_73101_3e-05,171,2,8022,30,0.1960742473602295,0.23163563013076782,False,{},{},0.095683798979735,False,False,8130
G1_73101_3e-05,172,2,15727,56,0.31778964400291443,0.14843390882015228,False,{},{},0.09694009798113257,False,False,8130
G1_73101_3e-05,173,2,15722,51,0.22509977221488953,0.12154434621334076,False,{},{},0.10207358101615682,False,False,8130
G1_73101_3e-05,174,2,8017,25,0.19076666235923767,0.30463850498199463,False,{},{},0.09476711298339069,False,False,8130
G1_73101_3e-05,175,2,15715,44,0.11018659174442291,0.08953800797462463,False,{},{},0.09534879500279203,False,False,8130
G1_73101_3e-05,176,2,8027,35,0.1712409257888794,0.2386542558670044,False,{},{},0.0965352619823534,False,False,8130
G1_73101_3e-05,177,2,15716,45,0.12466723471879959,0.07128515094518661,False,{},{},0.09419124299893156,False,False,8130
G1_73101_3e-05,178,2,8025,33,0.18778452277183533,0.17969591915607452,False,{},{},0.09693503298331052,False,False,8131
G1_73101_3e-05,179,2,8023,31,0.18938542902469635,0.22424225509166718,False,{},{},0.09854082099627703,False,False,8131
G1_73101_3e-05,180,2,336,0,0.5763540863990784,0.9150111675262451,False,{},{},0.09734446500078775,False,False,8131
G1_73101_3e-05,181,2,340,4,0.5908783078193665,0.9570897817611694,False,{},{},0.09791137999854982,False,False,8131
G1_73101_3e-05,182,2,346,10,0.6584737300872803,0.911769449710846,False,{},{},0.10474753301241435,False,False,8131
G1_73101_3e-05,183,2,359,23,0.4118152856826782,0.7130669951438904,False,{},{},0.09524142302689143,False,False,8131
G1_73101_3e-05,184,2,352,16,0.4071110785007477,0.607642412185669,False,{},{},0.09844443999463692,False,False,8131
G1_73101_3e-05,185,2,345,9,0.6360791325569153,0.7785756587982178,False,{},{},0.09502268099458888,False,False,8131
G1_73101_3e-05,186,2,339,3,0.5788189172744751,0.9615311026573181,False,{},{},0.09435485900030471,False,False,8131
G1_73101_3e-05,187,2,15717,46,0.14264535903930664,0.08330284059047699,False,{},{},0.10027027598698623,False,False,8131
G1_73101_3e-05,188,2,342,6,0.6319403648376465,1.3624712228775024,True,{},{},0.09592911999789067,False,False,8131
G1_73101_3e-05,189,2,8021,29,0.19219164550304413,0.265919953584671,False,{},{},0.09902311401674524,False,False,8131
G1_73101_3e-05,190,2,355,19,0.37993478775024414,0.6936585307121277,False,{},{},0.09934447999694385,False,False,8131
G1_73101_3e-05,191,2,15733,62,0.5160273909568787,0.2330271601676941,False,{},{},0.09909111098386347,False,False,8131
G1_73101_3e-05,192,2,15731,60,0.4573329985141754,0.21849165856838226,False,{},{},0.10345149200293235,False,False,8131
G1_73101_3e-05,193,3,354,18,0.3858826160430908,0.6979585886001587,False,{},{},0.09644716401817277,False,False,8131
G1_73101_3e-05,194,3,8019,27,0.18193289637565613,0.2423914670944214,False,{},{},0.09635304199764505,False,False,8131
G1_73101_3e-05,195,3,15727,56,0.31528741121292114,0.1545673906803131,False,{},{},0.09669478598516434,False,False,8131
G1_73101_3e-05,196,3,349,13,0.4586554169654846,1.4104931354522705,True,{},{},0.10084879701025784,False,False,8131
G1_73101_3e-05,197,3,8020,28,0.1877809762954712,0.2853996157646179,False,{},{},0.09630580802331679,False,False,8131
G1_73101_3e-05,198,3,15718,47,0.15695136785507202,0.0933617651462555,False,{},{},0.09476492801331915,False,False,8131
G1_73101_3e-05,199,3,8027,35,0.16932210326194763,0.2721506655216217,False,{},{},0.09338876299443655,False,False,8131
G1_73101_3e-05,200,3,358,22,0.3967447876930237,0.725387454032898,False,{},{},0.09730135899735615,False,False,8131
G1_73101_3e-05,201,3,359,23,0.3951570391654968,0.7368814945220947,False,{},{},0.09837223502108827,False,False,8131
G1_73101_3e-05,202,3,353,17,0.36338871717453003,1.0223251581192017,True,{},{},0.09714282100321725,False,False,8131
G1_73101_3e-05,203,3,348,12,0.6252009868621826,1.147094488143921,True,{},{},0.09319203899940476,False,False,8131
G1_73101_3e-05,204,3,356,20,0.3532835841178894,0.6503167748451233,False,{},{},0.09538277800311334,False,False,8131
G1_73101_3e-05,205,3,8026,34,0.16411003470420837,0.22248218953609467,False,{},{},0.09720560497953556,False,False,8131
G1_73101_3e-05,206,3,8023,31,0.1836167275905609,0.21185746788978577,False,{},{},0.09690865001175553,False,False,8132
G1_73101_3e-05,207,3,15733,62,0.5124679803848267,0.24781733751296997,False,{},{},0.09549549801158719,False,False,8132
G1_73101_3e-05,208,3,8022,30,0.18655945360660553,0.22561466693878174,False,{},{},0.09644103099708445,False,False,8132
G1_73101_3e-05,209,3,15711,40,0.04709039628505707,0.12942160665988922,False,{},{},0.09736709398566745,False,False,8132
G1_73101_3e-05,210,3,357,21,0.375851571559906,0.9438937902450562,False,{},{},0.09622858199873008,False,False,8132
G1_73101_3e-05,211,3,15725,54,0.2788153886795044,0.14098510146141052,False,{},{},0.10142714699031785,False,False,8132
G1_73101_3e-05,212,3,15721,50,0.2029068022966385,0.11797990649938583,False,{},{},0.09666126500815153,False,False,8132
G1_73101_3e-05,213,3,343,7,0.6029791831970215,1.2632588148117065,True,{},{},0.0975827040092554,False,False,8132
G1_73101_3e-05,214,3,8021,29,0.18376398086547852,0.2749481797218323,False,{},{},0.0956255070050247,False,False,8132
G1_73101_3e-05,215,3,341,5,0.5825116634368896,1.353888750076294,True,{},{},0.09895824900013395,False,False,8132
G1_73101_3e-05,216,3,8017,25,0.18017953634262085,0.31420525908470154,False,{},{},0.09835551198921166,False,False,8132
G1_73101_3e-05,217,3,8030,38,0.10921058058738708,0.2879214286804199,False,{},{},0.09714939398691058,False,False,8132
G1_73101_3e-05,218,3,15714,43,0.0880030170083046,0.11561377346515656,False,{},{},0.09981413200148381,False,False,8132
G1_73101_3e-05,219,3,346,10,0.602691650390625,0.9919174313545227,False,{},{},0.09667604000424035,False,False,8132
G1_73101_3e-05,220,3,15722,51,0.2202305793762207,0.136332705616951,False,{},{},0.09843640500912443,False,False,8132
G1_73101_3e-05,221,3,347,11,0.6080642938613892,0.8675305247306824,False,{},{},0.09926469597849064,False,False,8132
G1_73101_3e-05,222,3,15729,58,0.3706550598144531,0.19407589733600616,False,{},{},0.09861181999440305,False,False,8132
G1_73101_3e-05,223,3,15734,63,0.5428464412689209,0.28264737129211426,False,{},{},0.0961079960106872,False,False,8132
G1_73101_3e-05,224,3,352,16,0.37353211641311646,0.6999682188034058,False,{},{},0.10125619301106781,False,False,8132
G1_73101_3e-05,225,3,350,14,0.40888911485671997,0.91336989402771,False,{},{},0.0955285000090953,False,False,8132
G1_73101_3e-05,226,3,336,0,0.554821252822876,1.2380911111831665,True,{},{},0.09606386601808481,False,False,8132
G1_73101_3e-05,227,3,8018,26,0.17576265335083008,0.28509119153022766,False,{},{},0.10019367697532289,False,False,8132
G1_73101_3e-05,228,3,15717,46,0.1399610936641693,0.09274673461914062,False,{},{},0.09649930798332207,False,False,8132
G1_73101_3e-05,229,3,351,15,0.36955052614212036,0.9644719362258911,False,{},{},0.10155349300475791,False,False,8132
G1_73101_3e-05,230,3,15719,48,0.17215484380722046,0.11485090106725693,False,{},{},0.09677054500207305,False,False,8132
G1_73101_3e-05,231,3,338,2,0.6069256067276001,1.3543680906295776,True,{},{},0.09811609401367605,False,False,8132
G1_73101_3e-05,232,3,8016,24,0.17541587352752686,0.31064489483833313,False,{},{},0.09525722698890604,False,False,8132
G1_73101_3e-05,233,3,15728,57,0.3373539447784424,0.1723375916481018,False,{},{},0.09956665098434314,False,False,8132
G1_73101_3e-05,234,3,337,1,0.6083850264549255,2.088402032852173,True,{},{},0.09427634900202975,False,False,8132
G1_73101_3e-05,235,3,15713,42,0.06980901956558228,0.1305590718984604,False,{},{},0.0965230319998227,False,False,8132
G1_73101_3e-05,236,3,15731,60,0.45188108086586,0.2546244263648987,False,{},{},0.10144595999736339,False,False,8132
G1_73101_3e-05,237,3,340,4,0.5362612009048462,0.8379984498023987,False,{},{},0.09941395302303135,False,False,8132
G1_73101_3e-05,238,3,15724,53,0.2555636465549469,0.15652458369731903,False,{},{},0.10137679398758337,False,False,8132
G1_73101_3e-05,239,3,15716,45,0.12279608845710754,0.08766087889671326,False,{},{},0.09644916700199246,False,False,8132
G1_73101_3e-05,240,3,8031,39,0.11295872926712036,0.37386736273765564,False,{},{},0.10070339901722036,False,False,8132
G1_73101_3e-05,241,3,15723,52,0.2370021790266037,0.14320744574069977,False,{},{},0.09608243199181743,False,False,8132
G1_73101_3e-05,242,3,8024,32,0.17704525589942932,0.24428600072860718,False,{},{},0.09606981501565315,False,False,8132
G1_73101_3e-05,243,3,8028,36,0.10564266890287399,0.5988777279853821,False,{},{},0.10351890098536387,False,False,8132
G1_73101_3e-05,244,3,15720,49,0.1847470998764038,0.12857404351234436,False,{},{},0.09822760400129482,False,False,8132
G1_73101_3e-05,245,3,344,8,0.5828885436058044,1.1842331886291504,True,{},{},0.10458599799312651,False,False,8132
G1_73101_3e-05,246,3,339,3,0.5514674782752991,1.5991288423538208,True,{},{},0.09711324700037949,False,False,8132
G1_73101_3e-05,247,3,345,9,0.5713645219802856,1.0992597341537476,True,{},{},0.09997382000437938,False,False,8132
G1_73101_3e-05,248,3,342,6,0.5603837370872498,0.9474903345108032,False,{},{},0.0980520129960496,False,False,8132
G1_73101_3e-05,249,3,15726,55,0.28991836309432983,0.18786022067070007,False,{},{},0.09722272399812937,False,False,8132
G1_73101_3e-05,250,3,15732,61,0.47526443004608154,0.26810434460639954,False,{},{},0.09679946501273662,False,False,8132
G1_73101_3e-05,251,3,15715,44,0.10966786742210388,0.13082624971866608,False,{},{},0.09618536502239294,False,False,8132
G1_73101_3e-05,252,3,8029,37,0.10284358263015747,0.5918295979499817,False,{},{},0.10122768100700341,False,False,8132
G1_73101_3e-05,253,3,8025,33,0.17696642875671387,0.22192279994487762,False,{},{},0.09847291000187397,False,False,8132
G1_73101_3e-05,254,3,355,19,0.3423648476600647,1.0598511695861816,True,{},{},0.09793859597994015,False,False,8132
G1_73101_3e-05,255,3,15712,41,0.048037100583314896,0.16113148629665375,False,{},{},0.09659522701986134,False,False,8132
G1_73101_3e-05,256,3,15730,59,0.3932669162750244,0.24316845834255219,False,{},{},0.0975227260205429,False,False,8132
G1_73101_3e-05,257,4,15720,49,0.1833040863275528,0.13256055116653442,False,{},{},0.09991148000699468,False,False,8132
G1_73101_3e-05,258,4,359,23,0.36332324147224426,1.2711527347564697,True,{},{},0.09733226802200079,False,False,8132
G1_73101_3e-05,259,4,8026,34,0.15942707657814026,0.30231785774230957,False,{},{},0.09446719000698067,False,False,8132
G1_73101_3e-05,260,4,339,3,0.5204278230667114,0.6963671445846558,False,{},{},0.09805992199108005,False,False,8132
G1_73101_3e-05,261,4,345,9,0.5612044334411621,1.2672775983810425,True,{},{},0.09867605700856075,False,False,8132
G1_73101_3e-05,262,4,15733,62,0.5010831952095032,0.2799876034259796,False,{},{},0.0980711930023972,False,False,8132
G1_73101_3e-05,263,4,15726,55,0.2875610888004303,0.2000187188386917,False,{},{},0.09550489598768763,False,False,8132
G1_73101_3e-05,264,4,342,6,0.5389626026153564,1.028885006904602,True,{},{},0.09287172698532231,False,False,8132
G1_73101_3e-05,265,4,8019,27,0.1716301441192627,0.3236215114593506,False,{},{},0.09566920500947163,False,False,8132
G1_73101_3e-05,266,4,346,10,0.5422436594963074,0.9080948829650879,False,{},{},0.09732877399073914,False,False,8132
G1_73101_3e-05,267,4,15715,44,0.10919996351003647,0.14055824279785156,False,{},{},0.09729361900826916,False,False,8132
G1_73101_3e-05,268,4,349,13,0.3780325651168823,0.9537856578826904,False,{},{},0.09678749600425363,False,False,8132
G1_73101_3e-05,269,4,338,2,0.5651434659957886,1.311108112335205,True,{},{},0.09425966400885954,False,False,8132
G1_73101_3e-05,270,4,8030,38,0.10098515450954437,0.31927159428596497,False,{},{},0.09517875200253911,False,False,8132
G1_73101_3e-05,271,4,8020,28,0.17210853099822998,0.3193429708480835,False,{},{},0.10110446900944225,False,False,8132
G1_73101_3e-05,272,4,15725,54,0.2709770202636719,0.19542346894741058,False,{},{},0.09832922898931429,False,False,8132
G1_73101_3e-05,273,4,348,12,0.5572739243507385,1.0844680070877075,True,{},{},0.09591372098657303,False,False,8132
G1_73101_3e-05,274,4,15711,40,0.047744810581207275,0.17526142299175262,False,{},{},0.09459218999836594,False,False,8132
G1_73101_3e-05,275,4,15730,59,0.39082837104797363,0.2679100036621094,False,{},{},0.09585461701499298,False,False,8132
G1_73101_3e-05,276,4,8025,33,0.1729193925857544,0.260626882314682,False,{},{},0.10025869301171042,False,False,8132
G1_73101_3e-05,277,4,352,16,0.3631497621536255,1.940139889717102,True,{},{},0.09458147000987083,False,False,8132
G1_73101_3e-05,278,4,350,14,0.3714338541030884,1.183354377746582,True,{},{},0.09794795999187045,False,False,8132
G1_73101_3e-05,279,4,8028,36,0.0986252874135971,0.625126838684082,False,{},{},0.09814041797653772,False,False,8132
G1_73101_3e-05,280,4,353,17,0.3468855619430542,1.6747976541519165,True,{},{},0.09816106999642216,False,False,8130
G1_73101_3e-05,281,4,343,7,0.532143771648407,1.2023136615753174,True,{},{},0.09865765998256393,False,False,8130
G1_73101_3e-05,282,4,15729,58,0.36036211252212524,0.25842419266700745,False,{},{},0.09443702801945619,False,False,8130
G1_73101_3e-05,283,4,8022,30,0.1735464632511139,0.24018722772598267,False,{},{},0.09245037302025594,False,False,8130
G1_73101_3e-05,284,4,351,15,0.33980920910835266,0.7876457571983337,False,{},{},0.09613735700258985,False,False,8130
G1_73101_3e-05,285,4,15721,50,0.19555209577083588,0.15984487533569336,False,{},{},0.10048907701275311,False,False,8130
G1_73101_3e-05,286,4,340,4,0.5030815601348877,1.6680114269256592,True,{},{},0.09556447801878676,False,False,8130
G1_73101_3e-05,287,4,354,18,0.34673362970352173,1.3717613220214844,True,{},{},0.09782411699416116,False,False,8130
G1_73101_3e-05,288,4,358,22,0.3412761092185974,1.505616545677185,True,{},{},0.09629782597767189,False,False,8130
G1_73101_3e-05,289,4,15727,56,0.3012702763080597,0.21438030898571014,False,{},{},0.09405374398920685,False,False,8130
G1_73101_3e-05,290,4,15716,45,0.1209695041179657,0.10546161979436874,False,{},{},0.09925396298058331,False,False,8130
G1_73101_3e-05,291,4,357,21,0.3244558870792389,0.9125412106513977,False,{},{},0.09843038997496478,False,False,8130
G1_73101_3e-05,292,4,8031,39,0.10275169461965561,0.42144593596458435,False,{},{},0.09723718400346115,False,False,8130
G1_73101_3e-05,293,4,347,11,0.5328199863433838,0.774161159992218,False,{},{},0.09522558801108971,False,False,8130
G1_73101_3e-05,294,4,15719,48,0.16815045475959778,0.1545805186033249,False,{},{},0.09714768701815046,False,False,8130
G1_73101_3e-05,295,4,8029,37,0.08965069055557251,0.7150574922561646,False,{},{},0.09616094900411554,False,False,8130
G1_73101_3e-05,296,4,15723,52,0.22973471879959106,0.17363911867141724,False,{},{},0.09310101601295173,False,False,8130
G1_73101_3e-05,297,4,15724,53,0.2463105320930481,0.18853701651096344,False,{},{},0.09491467601037584,False,False,8130
G1_73101_3e-05,298,4,15731,60,0.43769630789756775,0.315357506275177,False,{},{},0.09566483300295658,False,False,8130
G1_73101_3e-05,299,4,8016,24,0.16566582024097443,0.3628948926925659,False,{},{},0.10150247500860132,False,False,8131
G1_73101_3e-05,300,4,15717,46,0.13623830676078796,0.11761490255594254,False,{},{},0.09494165898649953,False,False,8131
G1_73101_3e-05,301,4,15722,51,0.21232672035694122,0.2035413235425949,False,{},{},0.09509886099840514,False,False,8131
G1_73101_3e-05,302,4,15732,61,0.46271783113479614,0.3210972547531128,False,{},{},0.09622974201920442,False,False,8131
G1_73101_3e-05,303,4,8017,25,0.16296645998954773,0.3558838963508606,False,{},{},0.09619464498246089,False,False,8131
G1_73101_3e-05,304,4,8023,31,0.16795574128627777,0.263176828622818,False,{},{},0.10373809401062317,False,False,8131
G1_73101_3e-05,305,4,15728,57,0.3252388834953308,0.2574438154697418,False,{},{},0.09456419097841717,False,False,8131
G1_73101_3e-05,306,4,336,0,0.5142701268196106,1.2903274297714233,True,{},{},0.09613306901883334,False,False,8131
G1_73101_3e-05,307,4,337,1,0.5335637331008911,1.7140133380889893,True,{},{},0.09909321801387705,False,False,8131
G1_73101_3e-05,308,4,341,5,0.4873749911785126,1.3552852869033813,True,{},{},0.09593686799053103,False,False,8131
G1_73101_3e-05,309,4,15734,63,0.5207059979438782,0.4000125825405121,False,{},{},0.10168551999959163,False,False,8131
G1_73101_3e-05,310,4,8018,26,0.16539806127548218,0.48580893874168396,False,{},{},0.09314261298277415,False,False,8131
G1_73101_3e-05,311,4,8027,35,0.1614692062139511,0.5805938243865967,False,{},{},0.09705856800428592,False,False,8131
G1_73101_3e-05,312,4,15718,47,0.15007415413856506,0.13857106864452362,False,{},{},0.0932078449986875,False,False,8131
G1_73101_3e-05,313,4,15713,42,0.0724295973777771,0.2211965024471283,False,{},{},0.09912797398283146,False,False,8131
G1_73101_3e-05,314,4,8021,29,0.16479933261871338,0.3345406651496887,False,{},{},0.09783396101556718,False,False,8131
G1_73101_3e-05,315,4,15714,43,0.0874740406870842,0.17662352323532104,False,{},{},0.0954097619978711,False,False,8131
G1_73101_3e-05,316,4,355,19,0.31823137402534485,0.8808541893959045,False,{},{},0.096701240981929,False,False,8131
G1_73101_3e-05,317,4,344,8,0.5105520486831665,1.0571558475494385,True,{},{},0.09881619701627642,False,False,8131
G1_73101_3e-05,318,4,15712,41,0.04979880899190903,0.22607000172138214,False,{},{},0.10075909798615612,False,False,8131
G1_73101_3e-05,319,4,8024,32,0.16532465815544128,0.3485014736652374,False,{},{},0.1045111610146705,False,False,8131
G1_73101_3e-05,320,4,356,20,0.3018442392349243,0.7006716728210449,False,{},{},0.10175961299682967,False,False,8131
G1_73101_3e-05,321,5,15721,50,0.19134394824504852,0.1922934204339981,False,{},{},0.0990172239835374,False,False,8131
G1_73101_3e-05,322,5,347,11,0.5146228671073914,0.8850326538085938,False,{},{},0.10036808598670177,False,False,8127
G1_73101_3e-05,323,5,8027,35,0.15153804421424866,0.48358795046806335,False,{},{},0.10282159500638954,False,False,8127
G1_73101_3e-05,324,5,8022,30,0.16463395953178406,0.24457453191280365,False,{},{},0.10232676300802268,False,False,8127
G1_73101_3e-05,325,5,15718,47,0.14898385107517242,0.1463204324245453,False,{},{},0.09572374902199954,False,False,8127
G1_73101_3e-05,326,5,341,5,0.46095648407936096,0.7880011200904846,False,{},{},0.10049908098881133,False,False,8127
G1_73101_3e-05,327,5,15719,48,0.16500118374824524,0.17288483679294586,False,{},{},0.10572512101498432,False,False,8126
G1_73101_3e-05,328,5,357,21,0.3001325726509094,0.8278988599777222,False,{},{},0.12864510499639437,False,False,8126
G1_73101_3e-05,329,5,8031,39,0.0953548327088356,0.4431059658527374,False,{},{},0.1042962979990989,False,False,8126
G1_73101_3e-05,330,5,358,22,0.32001811265945435,1.0890864133834839,True,{},{},0.10462844799621962,False,False,8126
G1_73101_3e-05,331,5,8020,28,0.15482166409492493,0.3365870714187622,False,{},{},0.10267079799086787,False,False,8127
G1_73101_3e-05,332,5,8026,34,0.14780020713806152,0.4439837336540222,False,{},{},0.0988347640086431,False,False,8127
G1_73101_3e-05,333,5,15729,58,0.35055187344551086,0.3446534276008606,False,{},{},0.09580714500043541,False,False,8127
G1_73101_3e-05,334,5,15722,51,0.20871873199939728,0.23786745965480804,False,{},{},0.10454913799185306,False,False,8127
G1_73101_3e-05,335,5,8029,37,0.07517199218273163,0.5422053337097168,False,{},{},0.0964871620235499,False,False,8127
G1_73101_3e-05,336,5,353,17,0.3125080466270447,1.0076621770858765,True,{},{},0.09711835300549865,False,False,8127
G1_73101_3e-05,337,5,338,2,0.509179949760437,1.7338366508483887,True,{},{},0.09609592100605369,False,False,8127
G1_73101_3e-05,338,5,8018,26,0.15359963476657867,0.34913966059684753,False,{},{},0.0951133870112244,False,False,8127
G1_73101_3e-05,339,5,8024,32,0.157888725399971,0.34505757689476013,False,{},{},0.09642041599727236,False,False,8127
G1_73101_3e-05,340,5,343,7,0.48634958267211914,1.1324642896652222,True,{},{},0.09997998000471853,False,False,8127
G1_73101_3e-05,341,5,346,10,0.48373839259147644,1.0551292896270752,True,{},{},0.095780289004324,False,False,8127
G1_73101_3e-05,342,5,354,18,0.31448888778686523,1.045885443687439,True,{},{},0.09731054198346101,False,False,8127
G1_73101_3e-05,343,5,8028,36,0.08541761338710785,0.7589699625968933,False,{},{},0.09593570002471097,False,False,8127
G1_73101_3e-05,344,5,340,4,0.4480622410774231,1.171604037284851,True,{},{},0.09633693599607795,False,False,8127
G1_73101_3e-05,345,5,342,6,0.46246659755706787,1.056197166442871,True,{},{},0.10070473302039318,False,False,8127
G1_73101_3e-05,346,5,15727,56,0.2901414632797241,0.32942676544189453,False,{},{},0.0987895049911458,False,False,8127
G1_73101_3e-05,347,5,15717,46,0.13267099857330322,0.17316444218158722,False,{},{},0.0926520729844924,False,False,8127
G1_73101_3e-05,348,5,8016,24,0.1548696756362915,0.5281710624694824,False,{},{},0.09940924498368986,False,False,8127
G1_73101_3e-05,349,5,15734,63,0.512683629989624,0.5329078435897827,False,{},{},0.09763505900627933,False,False,8127
G1_73101_3e-05,350,5,15723,52,0.22300180792808533,0.3064185380935669,False,{},{},0.09751699800835922,False,False,8128
G1_73101_3e-05,351,5,359,23,0.3147607743740082,1.6292400360107422,True,{},{},0.09462772999540903,False,False,8128
G1_73101_3e-05,352,5,350,14,0.3297187089920044,1.4187037944793701,True,{},{},0.09404790299595334,False,False,8128
G1_73101_3e-05,353,5,356,20,0.29040753841400146,1.2019715309143066,True,{},{},0.09621653897920623,False,False,8128
G1_73101_3e-05,354,5,15720,49,0.1742858588695526,0.24629418551921844,False,{},{},0.09691778101841919,False,False,8128
G1_73101_3e-05,355,5,15724,53,0.23434749245643616,0.29987210035324097,False,{},{},0.09537840099073946,False,False,8128
G1_73101_3e-05,356,5,15726,55,0.2710301876068115,0.42229828238487244,False,{},{},0.09672132600098848,False,False,8128
G1_73101_3e-05,357,5,8017,25,0.14724425971508026,0.38662660121917725,False,{},{},0.09771335800178349,False,False,8128
G1_73101_3e-05,358,5,355,19,0.29521867632865906,1.0164753198623657,True,{},{},0.09531385501031764,False,False,8128
G1_73101_3e-05,359,5,8030,38,0.07560496032238007,0.48006105422973633,False,{},{},0.09973640702082776,False,False,8127
G1_73101_3e-05,360,5,339,3,0.44049304723739624,1.0054000616073608,True,{},{},0.09557943002437241,False,False,8127
G1_73101_3e-05,361,5,15716,45,0.11833210289478302,0.16076861321926117,False,{},{},0.09577766901929863,False,False,8127
G1_73101_3e-05,362,5,344,8,0.4650910496711731,1.0690542459487915,True,{},{},0.09716358600417152,False,False,8127
G1_73101_3e-05,363,5,8021,29,0.1513725072145462,0.3592720329761505,False,{},{},0.09465057600755244,False,False,8127
G1_73101_3e-05,364,5,15715,44,0.10828214138746262,0.281048983335495,False,{},{},0.0995757750060875,False,False,8129
G1_73101_3e-05,365,5,15711,40,0.04872426763176918,0.31752336025238037,False,{},{},0.09368360601365566,False,False,8129
G1_73101_3e-05,366,5,15730,59,0.3682746887207031,0.5160558819770813,False,{},{},0.09644974800175987,False,False,8129
G1_73101_3e-05,367,5,336,0,0.45204952359199524,1.4321953058242798,True,{},{},0.09654450599919073,False,False,8129
G1_73101_3e-05,368,5,15728,57,0.30764785408973694,0.37837180495262146,False,{},{},0.09611250198213384,False,False,8129
G1_73101_3e-05,369,5,8023,31,0.15113669633865356,0.35649028420448303,False,{},{},0.09693350299494341,False,False,8131
G1_73101_3e-05,370,5,8019,27,0.1455782800912857,0.5765494704246521,False,{},{},0.09469115699175745,False,False,8131
G1_73101_3e-05,371,5,352,16,0.2974705100059509,1.0743927955627441,True,{},{},0.09576350401039235,False,False,8131
G1_73101_3e-05,372,5,15713,42,0.07148575782775879,0.3437328040599823,False,{},{},0.0940526649937965,False,False,8131
G1_73101_3e-05,373,5,349,13,0.30225563049316406,1.012648582458496,True,{},{},0.0955011089972686,False,False,8131
G1_73101_3e-05,374,5,351,15,0.2939898371696472,1.1137102842330933,True,{},{},0.09399169200332835,False,False,8131
G1_73101_3e-05,375,5,15712,41,0.049959950149059296,0.3678324222564697,False,{},{},0.09538522901129909,False,False,8131
G1_73101_3e-05,376,5,348,12,0.45756372809410095,1.283908486366272,True,{},{},0.09722647498711012,False,False,8131
G1_73101_3e-05,377,5,337,1,0.45496419072151184,2.2560155391693115,True,{},{},0.09502194100059569,False,False,8131
G1_73101_3e-05,378,5,8025,33,0.14834848046302795,0.3754379451274872,False,{},{},0.10169461998157203,False,False,8132
G1_73101_3e-05,379,5,15731,60,0.412544846534729,0.5550222992897034,False,{},{},0.0926817290019244,False,False,8132
G1_73101_3e-05,380,5,15725,54,0.24522429704666138,0.47734078764915466,False,{},{},0.09637154900701717,False,False,8132
G1_73101_3e-05,381,5,345,9,0.45041006803512573,0.8168817162513733,False,{},{},0.0950777159887366,False,False,8132
G1_73101_3e-05,382,5,15732,61,0.4366634488105774,0.6379934549331665,False,{},{},0.09276256200973876,False,False,8132
G1_73101_3e-05,383,5,15714,43,0.0835041031241417,0.2877730131149292,False,{},{},0.09840681101195514,False,False,8132
G1_73101_3e-05,384,5,15733,62,0.45584574341773987,0.6098716259002686,False,{},{},0.09332214298774488,False,False,8132
G1_73101_3e-05,385,6,8026,34,0.13811081647872925,0.5241878032684326,False,{},{},0.09374699799809605,False,False,8132
G1_73101_3e-05,386,6,344,8,0.4377174973487854,1.143666386604309,True,{},{},0.0995724750100635,False,False,8132
G1_73101_3e-05,387,6,15733,62,0.449295312166214,0.6624193787574768,False,{},{},0.10048929901677184,False,False,8133
G1_73101_3e-05,388,6,358,22,0.29725784063339233,1.0308970212936401,True,{},{},0.09663559898035601,False,False,8133
G1_73101_3e-05,389,6,353,17,0.27150958776474,1.239499807357788,True,{},{},0.09468807998928241,False,False,8133
G1_73101_3e-05,390,6,341,5,0.4039575457572937,0.9472459554672241,False,{},{},0.09335781799745746,False,False,8133
G1_73101_3e-05,391,6,15723,52,0.20531964302062988,0.32964932918548584,False,{},{},0.09614849000354297,False,False,8133
G1_73101_3e-05,392,6,15715,44,0.10625162720680237,0.26164737343788147,False,{},{},0.09642151001025923,False,False,8133
G1_73101_3e-05,393,6,15711,40,0.05104513838887215,0.41478559374809265,False,{},{},0.09466916299425066,False,False,8133
G1_73101_3e-05,394,6,15731,60,0.38747382164001465,0.7738875150680542,False,{},{},0.09895211897674017,False,False,8133
G1_73101_3e-05,395,6,15730,59,0.3410869240760803,0.723448634147644,False,{},{},0.09673215501243249,False,False,8133
G1_73101_3e-05,396,6,347,11,0.4481024444103241,1.337101697921753,True,{},{},0.09562905799248256,False,False,8133
G1_73101_3e-05,397,6,359,23,0.2916841506958008,1.2659318447113037,True,{},{},0.09998155699577183,False,False,8132
G1_73101_3e-05,398,6,8031,39,0.07643705606460571,0.895023763179779,False,{},{},0.10029200202552602,False,False,8132
G1_73101_3e-05,399,6,15727,56,0.24900569021701813,0.6595958471298218,False,{},{},0.0975354420079384,False,False,8132
G1_73101_3e-05,400,6,15721,50,0.169357568025589,0.304329514503479,False,{},{},0.09513630298897624,False,False,8132
G1_73101_3e-05,401,6,8025,33,0.14556670188903809,0.5275701284408569,False,{},{},0.09616649799863808,False,False,8132
G1_73101_3e-05,402,6,337,1,0.4176415503025055,1.460302472114563,True,{},{},0.10136521601816639,False,False,8132
G1_73101_3e-05,403,6,15729,58,0.2945084571838379,0.8329272866249084,False,{},{},0.09905419001006521,False,False,8132
G1_73101_3e-05,404,6,351,15,0.27273479104042053,1.470599889755249,True,{},{},0.10087030497379601,False,False,8132
G1_73101_3e-05,405,6,15734,63,0.44384101033210754,1.155930995941162,True,{},{},0.0977780109969899,False,False,8132
G1_73101_3e-05,406,6,15724,53,0.2026837021112442,0.5595498085021973,False,{},{},0.10140821000095457,False,False,8132
G1_73101_3e-05,407,6,15720,49,0.15840712189674377,0.28519806265830994,False,{},{},0.09928748098900542,False,False,8132
G1_73101_3e-05,408,6,8030,38,0.06769421696662903,0.5344417691230774,False,{},{},0.09460184600902721,False,False,8132
G1_73101_3e-05,409,6,8023,31,0.14640109241008759,0.6405957341194153,False,{},{},0.09612052098964341,False,False,8132
G1_73101_3e-05,410,6,15726,55,0.2182110846042633,0.8633599877357483,False,{},{},0.09840460499981418,False,False,8132
G1_73101_3e-05,411,6,336,0,0.41336411237716675,1.6749522686004639,True,{},{},0.10309001599671319,False,False,8132
G1_73101_3e-05,412,6,352,16,0.2712399363517761,1.8544548749923706,True,{},{},0.09898134600371122,False,False,8132
G1_73101_3e-05,413,6,15722,51,0.1716797947883606,0.3932325541973114,False,{},{},0.097904758004006,False,False,8132
G1_73101_3e-05,414,6,350,14,0.2728872001171112,1.3125333786010742,True,{},{},0.0953814710082952,False,False,8132
G1_73101_3e-05,415,6,15725,54,0.20164448022842407,0.5320131182670593,False,{},{},0.09580556099535897,False,False,8132
G1_73101_3e-05,416,6,15713,42,0.0856427252292633,0.9487157464027405,False,{},{},0.10028628801228479,False,False,8132
G1_73101_3e-05,417,6,348,12,0.4271846413612366,1.4332460165023804,True,{},{},0.09513689600862563,False,False,8132
G1_73101_3e-05,418,6,339,3,0.39242690801620483,1.0808115005493164,True,{},{},0.09919580499990843,False,False,8132
G1_73101_3e-05,419,6,8024,32,0.1501082181930542,0.8845589756965637,False,{},{},0.09620008399360813,False,False,8132
G1_73101_3e-05,420,6,15712,41,0.06245771422982216,0.9791401028633118,False,{},{},0.09732740902109072,False,False,8132
G1_73101_3e-05,421,6,356,20,0.27626270055770874,2.303640365600586,True,{},{},0.10052913200343028,False,False,8133
G1_73101_3e-05,422,6,8018,26,0.13813874125480652,0.5562329888343811,False,{},{},0.09442316001513973,False,False,8133
G1_73101_3e-05,423,6,8028,36,0.07470405846834183,1.5954426527023315,True,{},{},0.0988013859896455,False,False,8133
G1_73101_3e-05,424,6,338,2,0.41035211086273193,1.4445675611495972,True,{},{},0.09579140800633468,False,False,8133
G1_73101_3e-05,425,6,346,10,0.43336278200149536,1.2979265451431274,True,{},{},0.09783696601516567,False,False,8133
G1_73101_3e-05,426,6,15717,46,0.12147878110408783,0.29495370388031006,False,{},{},0.09904073301004246,False,False,8133
G1_73101_3e-05,427,6,340,4,0.39417460560798645,1.1545560359954834,True,{},{},0.09452649299055338,False,False,8133
G1_73101_3e-05,428,6,8027,35,0.1208711788058281,0.5463993549346924,False,{},{},0.09721490400261246,False,False,8133
G1_73101_3e-05,429,6,345,9,0.4303779900074005,1.1881600618362427,True,{},{},0.09779380497639067,False,False,8133
G1_73101_3e-05,430,6,8022,30,0.14940786361694336,0.4323561489582062,False,{},{},0.09982045600190759,False,False,8132
G1_73101_3e-05,431,6,355,19,0.26214227080345154,1.5655231475830078,True,{},{},0.09419048501877114,False,False,8132
G1_73101_3e-05,432,6,8029,37,0.06303762644529343,1.6771388053894043,True,{},{},0.09752226001000963,False,False,8132
G1_73101_3e-05,433,6,15732,61,0.3621652126312256,1.7185571193695068,True,{},{},0.09597686099004932,False,False,8132
G1_73101_3e-05,434,6,15719,48,0.14649967849254608,0.4476032257080078,False,{},{},0.09542758300085552,False,False,8132
G1_73101_3e-05,435,6,343,7,0.41284307837486267,0.8068391680717468,False,{},{},0.10048831099993549,False,False,8132
G1_73101_3e-05,436,6,15728,57,0.25132089853286743,1.2636219263076782,True,{},{},0.09498214701307006,False,False,8132
G1_73101_3e-05,437,6,15718,47,0.13260643184185028,0.3306421637535095,False,{},{},0.09607628898811527,False,False,8132
G1_73101_3e-05,438,6,8019,27,0.1260129064321518,0.5915877223014832,False,{},{},0.09489076698082499,False,False,8132
G1_73101_3e-05,439,6,15716,45,0.11534778028726578,0.4124554693698883,False,{},{},0.09704328697989695,False,False,8132
G1_73101_3e-05,440,6,349,13,0.25677528977394104,1.3102762699127197,True,{},{},0.09913232599501498,False,False,8132
G1_73101_3e-05,441,6,8020,28,0.1298477202653885,0.5365367531776428,False,{},{},0.09608794399537146,False,False,8132
G1_73101_3e-05,442,6,357,21,0.26335829496383667,1.5858441591262817,True,{},{},0.09471844401559792,False,False,8132
G1_73101_3e-05,443,6,8021,29,0.13342300057411194,0.4781239330768585,False,{},{},0.0965613279840909,False,False,8132
G1_73101_3e-05,444,6,8016,24,0.1344761848449707,1.0662201642990112,True,{},{},0.10278852400369942,False,False,8132
G1_73101_3e-05,445,6,15714,43,0.08515982329845428,0.5979944467544556,False,{},{},0.0931438030092977,False,False,8132
G1_73101_3e-05,446,6,342,6,0.4046788811683655,1.4722352027893066,True,{},{},0.0954350600077305,False,False,8132
G1_73101_3e-05,447,6,8017,25,0.12731465697288513,0.8063342571258545,False,{},{},0.09634401599760167,False,False,8132
G1_73101_3e-05,448,6,354,18,0.27973610162734985,2.5424506664276123,True,{},{},0.09750918400823139,False,False,8132
G1_73101_3e-05,449,7,15727,56,0.19154000282287598,0.9844686388969421,False,{},{},0.0993186819832772,False,False,8132
G1_73101_3e-05,450,7,15716,45,0.1124260276556015,0.48486584424972534,False,{},{},0.09963767000590451,False,False,8132
G1_73101_3e-05,451,7,8025,33,0.1318025290966034,0.4714612066745758,False,{},{},0.097323199006496,False,False,8132
G1_73101_3e-05,452,7,15728,57,0.22233349084854126,1.3200750350952148,True,{},{},0.09365684702061117,False,False,8132
G1_73101_3e-05,453,7,8029,37,0.05495233088731766,0.9272991418838501,False,{},{},0.1018340710143093,False,False,8133
G1_73101_3e-05,454,7,8023,31,0.13169342279434204,0.38166677951812744,False,{},{},0.09452975299791433,False,False,8133
G1_73101_3e-05,455,7,8018,26,0.1241392120718956,0.7609466314315796,False,{},{},0.09505883802194148,False,False,8133
G1_73101_3e-05,456,7,15712,41,0.05571020767092705,0.9228185415267944,False,{},{},0.09865010800422169,False,False,8133
G1_73101_3e-05,457,7,8017,25,0.11607863008975983,0.6203001141548157,False,{},{},0.093948032008484,False,False,8133
G1_73101_3e-05,458,7,15718,47,0.1269790530204773,0.439016729593277,False,{},{},0.09863490698626265,False,False,8133
G1_73101_3e-05,459,7,8028,36,0.06515391916036606,0.9726695418357849,False,{},{},0.09593980698264204,False,False,8133
G1_73101_3e-05,460,7,338,2,0.39406755566596985,2.0847930908203125,True,{},{},0.09330405699438415,False,False,8133
G1_73101_3e-05,461,7,341,5,0.3771929144859314,1.5823376178741455,True,{},{},0.0934207399841398,False,False,8133
G1_73101_3e-05,462,7,15734,63,0.3816239833831787,2.62324857711792,True,{},{},0.09586332199978642,False,False,8133
G1_73101_3e-05,463,7,355,19,0.2492600381374359,1.6544779539108276,True,{},{},0.09985546098323539,False,False,8133
G1_73101_3e-05,464,7,347,11,0.40566831827163696,1.1775754690170288,True,{},{},0.0966327520145569,False,False,8133
G1_73101_3e-05,465,7,344,8,0.40150147676467896,1.6653565168380737,True,{},{},0.09548553000786342,False,False,8133
G1_73101_3e-05,466,7,359,23,0.2826352119445801,1.9895707368850708,True,{},{},0.09360285301227123,False,False,8133
G1_73101_3e-05,467,7,15720,49,0.14701813459396362,0.43931278586387634,False,{},{},0.09941793701727875,False,False,8133
G1_73101_3e-05,468,7,8030,38,0.05410327762365341,0.7796894311904907,False,{},{},0.09608219898655079,False,False,8132
G1_73101_3e-05,469,7,8024,32,0.12935283780097961,0.4373733401298523,False,{},{},0.09441824301029555,False,False,8132
G1_73101_3e-05,470,7,15732,61,0.3021043539047241,1.8615111112594604,True,{},{},0.0960956740018446,False,False,8132
G1_73101_3e-05,471,7,15721,50,0.14968793094158173,0.5543357729911804,False,{},{},0.09697472298284993,False,False,8132
G1_73101_3e-05,472,7,15713,42,0.06812120974063873,0.7492223978042603,False,{},{},0.10238142497837543,False,False,8132
G1_73101_3e-05,473,7,8019,27,0.10906442254781723,0.7779086828231812,False,{},{},0.09360981499776244,False,False,8132
G1_73101_3e-05,474,7,353,17,0.24810954928398132,1.9775347709655762,True,{},{},0.09469928898033686,False,False,8132
G1_73101_3e-05,475,7,8016,24,0.10881850868463516,0.6081949472427368,False,{},{},0.095019077998586,False,False,8132
G1_73101_3e-05,476,7,15729,58,0.2089070975780487,1.435028076171875,True,{},{},0.09685455699218437,False,False,8132
G1_73101_3e-05,477,7,336,0,0.3956693112850189,1.8642619848251343,True,{},{},0.09898269298719242,False,False,8132
G1_73101_3e-05,478,7,8021,29,0.11540133506059647,0.7616478800773621,False,{},{},0.09863412700360641,False,False,8132
G1_73101_3e-05,479,7,357,21,0.24149784445762634,1.526500940322876,True,{},{},0.09476210799766704,False,False,8132
G1_73101_3e-05,480,7,348,12,0.40009260177612305,1.3808958530426025,True,{},{},0.09500372898764908,False,False,8132
G1_73101_3e-05,481,7,340,4,0.3686821758747101,1.3392980098724365,True,{},{},0.0993264600110706,False,False,8132
G1_73101_3e-05,482,7,15724,53,0.16916480660438538,1.4431477785110474,True,{},{},0.10022893099812791,False,False,8132
G1_73101_3e-05,483,7,8027,35,0.09676005691289902,0.7752528190612793,False,{},{},0.09768886500387453,False,False,8132
G1_73101_3e-05,484,7,343,7,0.38322508335113525,1.560271978378296,True,{},{},0.09490467500290833,False,False,8132
G1_73101_3e-05,485,7,15730,59,0.2232663929462433,2.942969560623169,True,{},{},0.09780843000044115,False,False,8132
G1_73101_3e-05,486,7,15715,44,0.10222742706537247,0.5017942190170288,False,{},{},0.09871953999390826,False,False,8132
G1_73101_3e-05,487,7,8026,34,0.1115417629480362,0.8738101124763489,False,{},{},0.09774755701073445,False,False,8132
G1_73101_3e-05,488,7,358,22,0.2777543067932129,2.3770453929901123,True,{},{},0.09727509500226006,False,False,8132
G1_73101_3e-05,489,7,356,20,0.2388123720884323,2.17598557472229,True,{},{},0.0991273460094817,False,False,8132
G1_73101_3e-05,490,7,15733,62,0.26789677143096924,2.488518714904785,True,{},{},0.09827569901244715,False,False,8132
G1_73101_3e-05,491,7,15714,43,0.07788431644439697,0.4590272307395935,False,{},{},0.1030401449825149,False,False,8133
G1_73101_3e-05,492,7,15722,51,0.1487785130739212,0.7414216995239258,False,{},{},0.09849372701137327,False,False,8133
G1_73101_3e-05,493,7,350,14,0.2537004053592682,2.793030023574829,True,{},{},0.09477730898652226,False,False,8133
G1_73101_3e-05,494,7,15717,46,0.11591959744691849,1.8729362487792969,True,{},{},0.09786531899590045,False,False,8133
G1_73101_3e-05,495,7,342,6,0.37440305948257446,1.6576908826828003,True,{},{},0.09335605200612918,False,False,8133
G1_73101_3e-05,496,7,345,9,0.3728918135166168,1.8387677669525146,True,{},{},0.09964927198598161,False,False,8133
G1_73101_3e-05,497,7,349,13,0.24943839013576508,2.1725265979766846,True,{},{},0.09816700700321235,False,False,8133
G1_73101_3e-05,498,7,339,3,0.3657990097999573,2.3554794788360596,True,{},{},0.09750636800890788,False,False,8133
G1_73101_3e-05,499,7,15719,48,0.1293414831161499,0.6279972195625305,False,{},{},0.09650536501430906,False,False,8133
G1_73101_3e-05,500,7,8022,30,0.11756810545921326,0.8295808434486389,False,{},{},0.09548269398510456,False,False,8133
G1_73101_3e-05,501,7,354,18,0.23652806878089905,2.169390916824341,True,{},{},0.0986952559906058,False,False,8132
G1_73101_3e-05,502,7,346,10,0.370170533657074,1.940141201019287,True,{},{},0.09778379902127199,False,False,8132
G1_73101_3e-05,503,7,15725,54,0.15186868607997894,1.5064080953598022,True,{},{},0.0949031790078152,False,False,8132
G1_73101_3e-05,504,7,15726,55,0.13478517532348633,2.185673236846924,True,{},{},0.0950141369830817,False,False,8132
G1_73101_3e-05,505,7,8020,28,0.08516725152730942,0.6945971846580505,False,{},{},0.09936970399576239,False,False,8132
G1_73101_3e-05,506,7,15711,40,0.05722135677933693,1.0330615043640137,True,{},{},0.09845732600660995,False,False,8132
G1_73101_3e-05,507,7,8031,39,0.039536748081445694,0.6346941590309143,False,{},{},0.09404409502167255,False,False,8132
G1_73101_3e-05,508,7,351,15,0.23392492532730103,2.011641025543213,True,{},{},0.10086473199771717,False,False,8132
G1_73101_3e-05,509,7,15731,60,0.21173490583896637,1.7701374292373657,True,{},{},0.09617531101685017,False,False,8132
G1_73101_3e-05,510,7,337,1,0.3812409043312073,2.4187304973602295,True,{},{},0.09813078501611017,False,False,8132
G1_73101_3e-05,511,7,15723,52,0.1365686058998108,0.9908426403999329,False,{},{},0.0953641600208357,False,False,8132
G1_73101_3e-05,512,7,352,16,0.2256283462047577,2.0202598571777344,True,{},{},0.09496011299779639,False,False,8132
G2_73101_3e-05,1,0,15723,52,0.33437564969062805,0.09581059962511063,False,{},{},0.10041374701540917,False,False,8200
G2_73101_3e-05,2,0,15715,44,0.12650945782661438,0.047943226993083954,False,{},{},0.09674090999760665,False,False,8200
G2_73101_3e-05,3,0,343,7,1.0566842555999756,1.3206970691680908,True,{},{},0.09711820801021531,False,False,8200
G2_73101_3e-05,4,0,8027,35,0.24870431423187256,0.23498840630054474,False,{},{},0.09334447898436338,False,False,8200
G2_73101_3e-05,5,0,337,1,1.5138919353485107,2.457615613937378,True,{},{},0.09767421399010345,False,False,8132
G2_73101_3e-05,6,0,357,21,0.7592825293540955,1.9820866584777832,True,{},{},0.09621094100293703,False,False,8132
G2_73101_3e-05,7,0,336,0,1.1496198177337646,3.5011491775512695,True,{},{},0.10385826299898326,False,False,8132
G2_73101_3e-05,8,0,8019,27,0.2623754143714905,0.22065836191177368,False,{},{},0.0945286359929014,False,False,8132
G2_73101_3e-05,9,0,8028,36,0.17420798540115356,0.7036067247390747,False,{},{},0.09416844800580293,False,False,8132
G2_73101_3e-05,10,0,8018,26,0.2673344016075134,0.2803555130958557,False,{},{},0.10068924998631701,False,False,8132
G2_73101_3e-05,11,0,8021,29,0.27257588505744934,0.21964924037456512,False,{},{},0.09697382399463095,False,False,8132
G2_73101_3e-05,12,0,15731,60,0.5842971205711365,0.140108123421669,False,{},{},0.09499380600755103,False,False,8132
G2_73101_3e-05,13,0,344,8,0.9269216656684875,0.8396480083465576,False,{},{},0.09444365600938909,False,False,8132
G2_73101_3e-05,14,0,15716,45,0.14977315068244934,0.05242051184177399,False,{},{},0.09364476997870952,False,False,8132
G2_73101_3e-05,15,0,15714,43,0.09431588649749756,0.050284795463085175,False,{},{},0.09937719500157982,False,False,8132
G2_73101_3e-05,16,0,15732,61,0.6255427598953247,0.15356741845607758,False,{},{},0.09667728500789963,False,False,8132
G2_73101_3e-05,17,0,349,13,1.3075296878814697,4.623722553253174,True,{},{},0.09427146898815408,False,False,8132
G2_73101_3e-05,18,0,340,4,0.8809271454811096,1.4228979349136353,True,{},{},0.09388277601101436,False,False,8132
G2_73101_3e-05,19,0,15727,56,0.42453086376190186,0.14226366579532623,False,{},{},0.10058605900849216,False,False,8133
G2_73101_3e-05,20,0,348,12,0.972919225692749,1.567556381225586,True,{},{},0.09650460799457505,False,False,8133
G2_73101_3e-05,21,0,338,2,1.3142480850219727,3.5590240955352783,True,{},{},0.09492516401223838,False,False,8133
G2_73101_3e-05,22,0,15720,49,0.2603791356086731,0.08873480558395386,False,{},{},0.09712654899340123,False,False,8133
G2_73101_3e-05,23,0,346,10,0.9093229174613953,0.8203553557395935,False,{},{},0.09386757601168938,False,False,8133
G2_73101_3e-05,24,0,8020,28,0.2681736648082733,0.25828462839126587,False,{},{},0.09945328001049347,False,False,8133
G2_73101_3e-05,25,0,15729,58,0.4918869435787201,0.11844881623983383,False,{},{},0.09666816599201411,False,False,8133
G2_73101_3e-05,26,0,341,5,0.8473297357559204,0.7962449789047241,False,{},{},0.09508291399106383,False,False,8133
G2_73101_3e-05,27,0,15724,53,0.3566906452178955,0.1011301726102829,False,{},{},0.09875332799856551,False,False,8133
G2_73101_3e-05,28,0,15712,41,0.042679183185100555,0.04764915257692337,False,{},{},0.0940550529921893,False,False,8133
G2_73101_3e-05,29,0,8031,39,0.1825232207775116,0.24247626960277557,False,{},{},0.1032586779911071,False,False,8132
G2_73101_3e-05,30,0,350,14,1.2408392429351807,5.731013298034668,True,{},{},0.09678201901260763,False,False,8132
G2_73101_3e-05,31,0,15730,59,0.5245193243026733,0.13571718335151672,False,{},{},0.09504391701193526,False,False,8132
G2_73101_3e-05,32,0,15734,63,0.6899642944335938,0.20683816075325012,False,{},{},0.0943648100073915,False,False,8132
G2_73101_3e-05,33,0,352,16,0.6974775195121765,1.3936846256256104,True,{},{},0.09769595199031755,False,False,8132
G2_73101_3e-05,34,0,358,22,0.7412889003753662,2.1996958255767822,True,{},{},0.10154305200558156,False,False,8132
G2_73101_3e-05,35,0,347,11,0.8952722549438477,0.8877542614936829,False,{},{},0.09949903099914081,False,False,8132
G2_73101_3e-05,36,0,353,17,0.691963791847229,1.5114394426345825,True,{},{},0.09677333501167595,False,False,8132
G2_73101_3e-05,37,0,354,18,0.6947543621063232,1.0325385332107544,True,{},{},0.09700622799573466,False,False,8132
G2_73101_3e-05,38,0,15717,46,0.18068045377731323,0.06440027058124542,False,{},{},0.10439584401319735,False,False,8132
G2_73101_3e-05,39,0,15718,47,0.20385940372943878,0.0819564014673233,False,{},{},0.09483548399293795,False,False,8132
G2_73101_3e-05,40,0,15711,40,0.043425317853689194,0.05190398171544075,False,{},{},0.09511064301477745,False,False,8132
G2_73101_3e-05,41,0,8024,32,0.26035329699516296,0.1722763329744339,False,{},{},0.09574848599731922,False,False,8132
G2_73101_3e-05,42,0,8025,33,0.26610100269317627,0.1781749427318573,False,{},{},0.09552677697502077,False,False,8132
G2_73101_3e-05,43,0,15722,51,0.30607175827026367,0.09417153149843216,False,{},{},0.1022184029861819,False,False,8132
G2_73101_3e-05,44,0,359,23,0.7405277490615845,2.095550060272217,True,{},{},0.09674116602400318,False,False,8132
G2_73101_3e-05,45,0,15733,62,0.6535062789916992,0.18962477147579193,False,{},{},0.09660381401772611,False,False,8132
G2_73101_3e-05,46,0,15725,54,0.3814041018486023,0.10488063842058182,False,{},{},0.09636555300676264,False,False,8132
G2_73101_3e-05,47,0,8030,38,0.17827826738357544,0.4468372166156769,False,{},{},0.0981259260152001,False,False,8132
G2_73101_3e-05,48,0,355,19,0.6400191783905029,0.7356187105178833,False,{},{},0.09672207300900482,False,False,8132
G2_73101_3e-05,49,0,339,3,0.8273096084594727,0.9542235136032104,False,{},{},0.09709154497249983,False,False,8132
G2_73101_3e-05,50,0,8023,31,0.26275432109832764,0.21656328439712524,False,{},{},0.09675441301078536,False,False,8132
G2_73101_3e-05,51,0,8016,24,0.274478018283844,0.33063194155693054,False,{},{},0.09785361698595807,False,False,8132
G2_73101_3e-05,52,0,8029,37,0.1982996165752411,0.9144845008850098,False,{},{},0.10150967401568778,False,False,8133
G2_73101_3e-05,53,0,15728,57,0.45013076066970825,0.13020062446594238,False,{},{},0.09509014297509566,False,False,8133
G2_73101_3e-05,54,0,342,6,0.8833990097045898,1.2013188600540161,True,{},{},0.09631654497934505,False,False,8133
G2_73101_3e-05,55,0,345,9,0.8652603626251221,0.778843343257904,False,{},{},0.09374037300585769,False,False,8133
G2_73101_3e-05,56,0,15719,48,0.23307256400585175,0.08857625722885132,False,{},{},0.09602794202510267,False,False,8133
G2_73101_3e-05,57,0,8022,30,0.2688888609409332,0.22814823687076569,False,{},{},0.1019277999876067,False,False,8133
G2_73101_3e-05,58,0,356,20,0.5939034223556519,0.9289361238479614,False,{},{},0.09484899399103597,False,False,8133
G2_73101_3e-05,59,0,15726,55,0.39839720726013184,0.13454888761043549,False,{},{},0.09372873001848347,False,False,8133
G2_73101_3e-05,60,0,8026,34,0.2461339384317398,0.21725055575370789,False,{},{},0.09838059300091118,False,False,8133
G2_73101_3e-05,61,0,8017,25,0.27350443601608276,0.3426878750324249,False,{},{},0.09728054198785685,False,False,8133
G2_73101_3e-05,62,0,351,15,0.688572883605957,1.1627916097640991,True,{},{},0.09888064599363133,False,False,8132
G2_73101_3e-05,63,0,15713,42,0.0703812763094902,0.055647727102041245,False,{},{},0.09550751399365254,False,False,8132
G2_73101_3e-05,64,0,15721,50,0.28079381585121155,0.09543223679065704,False,{},{},0.0985348419926595,False,False,8132
G2_73101_3e-05,65,1,354,18,0.6250432729721069,1.0552122592926025,True,{},{},0.10001504499814473,False,False,8132
G2_73101_3e-05,66,1,15732,61,0.6181204915046692,0.1863432675600052,False,{},{},0.1032393169880379,False,False,8132
G2_73101_3e-05,67,1,357,21,0.5850554704666138,0.7583521008491516,False,{},{},0.09803230798570439,False,False,8132
G2_73101_3e-05,68,1,15726,55,0.39715832471847534,0.13780254125595093,False,{},{},0.09569968798314221,False,False,8132
G2_73101_3e-05,69,1,15719,48,0.23211979866027832,0.09209612756967545,False,{},{},0.09580619900953025,False,False,8132
G2_73101_3e-05,70,1,8030,38,0.16816380620002747,0.35149669647216797,False,{},{},0.10039520199643448,False,False,8132
G2_73101_3e-05,71,1,341,5,0.7962254881858826,1.4007313251495361,True,{},{},0.09975239497725852,False,False,8132
G2_73101_3e-05,72,1,344,8,0.8348384499549866,0.6817113757133484,False,{},{},0.09778814599849284,False,False,8132
G2_73101_3e-05,73,1,8017,25,0.2690906226634979,0.348285973072052,False,{},{},0.09583992100670002,False,False,8132
G2_73101_3e-05,74,1,15717,46,0.17909279465675354,0.06839217245578766,False,{},{},0.09982410300290212,False,False,8132
G2_73101_3e-05,75,1,348,12,0.8919443488121033,1.3136078119277954,True,{},{},0.10024807797162794,False,False,8132
G2_73101_3e-05,76,1,8022,30,0.26626914739608765,0.2403518408536911,False,{},{},0.09325275997980498,False,False,8132
G2_73101_3e-05,77,1,8027,35,0.23688794672489166,0.2428857386112213,False,{},{},0.09648633500910364,False,False,8132
G2_73101_3e-05,78,1,351,15,0.6469670534133911,1.2556028366088867,True,{},{},0.09612383201601915,False,False,8132
G2_73101_3e-05,79,1,8019,27,0.2521962523460388,0.2348272204399109,False,{},{},0.09959366300608963,False,False,8132
G2_73101_3e-05,80,1,15728,57,0.44622981548309326,0.1443524807691574,False,{},{},0.09979513598955236,False,False,8132
G2_73101_3e-05,81,1,338,2,1.032899260520935,4.952746868133545,True,{},{},0.0959491659887135,False,False,8132
G2_73101_3e-05,82,1,15722,51,0.30229002237319946,0.10894426703453064,False,{},{},0.0948222919832915,False,False,8132
G2_73101_3e-05,83,1,339,3,0.7593737840652466,0.7361999154090881,False,{},{},0.10136242001317441,False,False,8132
G2_73101_3e-05,84,1,8016,24,0.26225143671035767,0.344315767288208,False,{},{},0.09699538300628774,False,False,8132
G2_73101_3e-05,85,1,15712,41,0.04382730647921562,0.06450562924146652,False,{},{},0.09842014798778109,False,False,8133
G2_73101_3e-05,86,1,352,16,0.5879768133163452,0.6997440457344055,False,{},{},0.09757434701896273,False,False,8133
G2_73101_3e-05,87,1,15727,56,0.41580939292907715,0.14651522040367126,False,{},{},0.09623266800190322,False,False,8133
G2_73101_3e-05,88,1,15718,47,0.20061762630939484,0.09312285482883453,False,{},{},0.09737530798884109,False,False,8133
G2_73101_3e-05,89,1,15724,53,0.35035502910614014,0.11765899509191513,False,{},{},0.09777553702588193,False,False,8133
G2_73101_3e-05,90,1,8023,31,0.2570473551750183,0.23554982244968414,False,{},{},0.09485432400833815,False,False,8133
G2_73101_3e-05,91,1,15720,49,0.2544703483581543,0.10512132197618484,False,{},{},0.09353200800251216,False,False,8133
G2_73101_3e-05,92,1,8029,37,0.17022359371185303,0.6084713935852051,False,{},{},0.09572114600450732,False,False,8133
G2_73101_3e-05,93,1,346,10,0.8380439877510071,0.756636917591095,False,{},{},0.09579615198890679,False,False,8133
G2_73101_3e-05,94,1,15714,43,0.09460306167602539,0.06734009087085724,False,{},{},0.09910148099879734,False,False,8133
G2_73101_3e-05,95,1,15715,44,0.12435173988342285,0.060849886387586594,False,{},{},0.0937988759833388,False,False,8133
G2_73101_3e-05,96,1,15716,45,0.1471550464630127,0.06422301381826401,False,{},{},0.09592182200867683,False,False,8133
G2_73101_3e-05,97,1,15731,60,0.5713949203491211,0.1834406852722168,False,{},{},0.09986140200635418,False,False,8133
G2_73101_3e-05,98,1,340,4,0.7498300075531006,0.941374659538269,False,{},{},0.0952295160095673,False,False,8133
G2_73101_3e-05,99,1,8025,33,0.2568398714065552,0.20441794395446777,False,{},{},0.09897743200417608,False,False,8132
G2_73101_3e-05,100,1,15729,58,0.4816524386405945,0.14458316564559937,False,{},{},0.09743149700807407,False,False,8132
G2_73101_3e-05,101,1,349,13,1.1311736106872559,6.3080525398254395,True,{},{},0.09614474599948153,False,False,8132
G2_73101_3e-05,102,1,8020,28,0.2596234083175659,0.29413706064224243,False,{},{},0.10106745298253372,False,False,8132
G2_73101_3e-05,103,1,337,1,0.9859070777893066,5.4887003898620605,True,{},{},0.09903586699510925,False,False,8132
G2_73101_3e-05,104,1,15730,59,0.5130033493041992,0.1617359071969986,False,{},{},0.0979538100073114,False,False,8132
G2_73101_3e-05,105,1,8021,29,0.2607609033584595,0.2610805928707123,False,{},{},0.09686478701769374,False,False,8132
G2_73101_3e-05,106,1,342,6,0.8005828261375427,1.2447476387023926,True,{},{},0.09996158597641625,False,False,8132
G2_73101_3e-05,107,1,345,9,0.8087549805641174,0.6745120286941528,False,{},{},0.09600168600445613,False,False,8132
G2_73101_3e-05,108,1,8024,32,0.25143301486968994,0.20800983905792236,False,{},{},0.10478643700480461,False,False,8132
G2_73101_3e-05,109,1,8018,26,0.24591103196144104,0.278968870639801,False,{},{},0.09795781600405462,False,False,8132
G2_73101_3e-05,110,1,355,19,0.5336900949478149,0.7839542031288147,False,{},{},0.10187356299138628,False,False,8132
G2_73101_3e-05,111,1,358,22,0.5645315051078796,1.2959290742874146,True,{},{},0.09688845701748505,False,False,8132
G2_73101_3e-05,112,1,15711,40,0.04545865207910538,0.07816153019666672,False,{},{},0.09493519502575509,False,False,8132
G2_73101_3e-05,113,1,336,0,0.7557517290115356,0.9835958480834961,False,{},{},0.09831246701651253,False,False,8132
G2_73101_3e-05,114,1,8026,34,0.2344062179327011,0.24285677075386047,False,{},{},0.0953583029913716,False,False,8132
G2_73101_3e-05,115,1,15723,52,0.3225219249725342,0.12493027001619339,False,{},{},0.09760406002169475,False,False,8132
G2_73101_3e-05,116,1,353,17,0.5355094075202942,0.9580444097518921,False,{},{},0.09702431698678993,False,False,8132
G2_73101_3e-05,117,1,359,23,0.5582138895988464,1.0163321495056152,True,{},{},0.09689704200718552,False,False,8132
G2_73101_3e-05,118,1,8031,39,0.1665487140417099,0.28365272283554077,False,{},{},0.0960158469970338,False,False,8132
G2_73101_3e-05,119,1,8028,36,0.14229941368103027,0.5490145683288574,False,{},{},0.09348045199294575,False,False,8132
G2_73101_3e-05,120,1,15713,42,0.07138219475746155,0.07837940752506256,False,{},{},0.09674459000234492,False,False,8132
G2_73101_3e-05,121,1,343,7,0.8414469361305237,1.6912248134613037,True,{},{},0.09882210500654764,False,False,8132
G2_73101_3e-05,122,1,15725,54,0.37136268615722656,0.13182973861694336,False,{},{},0.098786424001446,False,False,8133
G2_73101_3e-05,123,1,15733,62,0.6379590034484863,0.21722671389579773,False,{},{},0.09491342699038796,False,False,8133
G2_73101_3e-05,124,1,15721,50,0.2741362452507019,0.11317729204893112,False,{},{},0.09903235000092536,False,False,8133
G2_73101_3e-05,125,1,15734,63,0.6717256307601929,0.2540743947029114,False,{},{},0.09524257099837996,False,False,8133
G2_73101_3e-05,126,1,356,20,0.4859684705734253,0.6714485287666321,False,{},{},0.09780609799781814,False,False,8133
G2_73101_3e-05,127,1,347,11,0.7876156568527222,0.7642062306404114,False,{},{},0.09967047200188972,False,False,8133
G2_73101_3e-05,128,1,350,14,0.8537642359733582,5.77564001083374,True,{},{},0.10069543201825581,False,False,8133
G2_73101_3e-05,129,2,8026,34,0.22906307876110077,0.23948492109775543,False,{},{},0.09901430000900291,False,False,8133
G2_73101_3e-05,130,2,15724,53,0.3441580832004547,0.1296633780002594,False,{},{},0.09694889999809675,False,False,8133
G2_73101_3e-05,131,2,15712,41,0.0455533042550087,0.08954152464866638,False,{},{},0.10392106900690123,False,False,8132
G2_73101_3e-05,132,2,15719,48,0.2269248366355896,0.10695814341306686,False,{},{},0.09663873602403328,False,False,8132
G2_73101_3e-05,133,2,347,11,0.7772423624992371,0.7335904836654663,False,{},{},0.09986077298526652,False,False,8132
G2_73101_3e-05,134,2,8029,37,0.15374186635017395,0.5394526124000549,False,{},{},0.09910727699752897,False,False,8132
G2_73101_3e-05,135,2,8019,27,0.2427007555961609,0.2748264670372009,False,{},{},0.09688450800604187,False,False,8132
G2_73101_3e-05,136,2,356,20,0.470003217458725,0.5674551129341125,False,{},{},0.10023710300447419,False,False,8132
G2_73101_3e-05,137,2,358,22,0.5016627311706543,0.6237280368804932,False,{},{},0.1009644239966292,False,False,8132
G2_73101_3e-05,138,2,357,21,0.49140119552612305,0.6545075178146362,False,{},{},0.09598014497896656,False,False,8132
G2_73101_3e-05,139,2,15721,50,0.27182134985923767,0.1215696707367897,False,{},{},0.09594168199691921,False,False,8132
G2_73101_3e-05,140,2,8031,39,0.16145731508731842,0.29622364044189453,False,{},{},0.09634882901445962,False,False,8132
G2_73101_3e-05,141,2,15723,52,0.31854555010795593,0.1271008551120758,False,{},{},0.09614175200113095,False,False,8132
G2_73101_3e-05,142,2,15734,63,0.666849672794342,0.2516249418258667,False,{},{},0.09938480699202046,False,False,8132
G2_73101_3e-05,143,2,15720,49,0.24770021438598633,0.12207202613353729,False,{},{},0.09476963599445298,False,False,8132
G2_73101_3e-05,144,2,8020,28,0.2513890862464905,0.3343472182750702,False,{},{},0.09759842598577961,False,False,8132
G2_73101_3e-05,145,2,337,1,0.8562051057815552,5.0457658767700195,True,{},{},0.10054399099317379,False,False,8132
G2_73101_3e-05,146,2,15714,43,0.09525967389345169,0.08783417195081711,False,{},{},0.09781929201562889,False,False,8132
G2_73101_3e-05,147,2,15732,61,0.6002618074417114,0.20646438002586365,False,{},{},0.09616612500394695,False,False,8132
G2_73101_3e-05,148,2,15711,40,0.04683838412165642,0.1007663756608963,False,{},{},0.0982936329965014,False,False,8132
G2_73101_3e-05,149,2,354,18,0.49934154748916626,0.6668761968612671,False,{},{},0.09434079399215989,False,False,8132
G2_73101_3e-05,150,2,8028,36,0.1314941644668579,0.5841965079307556,False,{},{},0.10335828398820013,False,False,8132
G2_73101_3e-05,151,2,351,15,0.5239232778549194,1.0147799253463745,True,{},{},0.09940789602114819,False,False,8132
G2_73101_3e-05,152,2,15729,58,0.47297877073287964,0.1647815853357315,False,{},{},0.09306551900226623,False,False,8132
G2_73101_3e-05,153,2,8030,38,0.14840343594551086,0.3428519368171692,False,{},{},0.09971773100551218,False,False,8132
G2_73101_3e-05,154,2,15725,54,0.3659866750240326,0.14058302342891693,False,{},{},0.09805590199539438,False,False,8132
G2_73101_3e-05,155,2,341,5,0.7249012589454651,1.3605661392211914,True,{},{},0.09649839298799634,False,False,8133
G2_73101_3e-05,156,2,15718,47,0.19489061832427979,0.09742455184459686,False,{},{},0.09508181497221813,False,False,8133
G2_73101_3e-05,157,2,338,2,0.7626664638519287,3.3925647735595703,True,{},{},0.09136096699512564,False,False,8133
G2_73101_3e-05,158,2,349,13,0.7492938041687012,5.659968852996826,True,{},{},0.09619866200955585,False,False,8133
G2_73101_3e-05,159,2,15713,42,0.0724981278181076,0.0973329022526741,False,{},{},0.09646527000586502,False,False,8133
G2_73101_3e-05,160,2,343,7,0.7942875623703003,2.085756540298462,True,{},{},0.09655434900196269,False,False,8133
G2_73101_3e-05,161,2,350,14,0.629522442817688,4.418474197387695,True,{},{},0.09578633197816089,False,False,8133
G2_73101_3e-05,162,2,8024,32,0.24302636086940765,0.2568702697753906,False,{},{},0.09360814100364223,False,False,8133
G2_73101_3e-05,163,2,15728,57,0.43514689803123474,0.16059722006320953,False,{},{},0.09631713200360537,False,False,8133
G2_73101_3e-05,164,2,344,8,0.7383551597595215,0.6809685826301575,False,{},{},0.09884892497211695,False,False,8132
G2_73101_3e-05,165,2,15730,59,0.5020211338996887,0.18691469728946686,False,{},{},0.09739057201659307,False,False,8132
G2_73101_3e-05,166,2,8018,26,0.2354583442211151,0.32277730107307434,False,{},{},0.09504258798551746,False,False,8132
G2_73101_3e-05,167,2,8016,24,0.24134425818920135,0.38256174325942993,False,{},{},0.09172960399882868,False,False,8132
G2_73101_3e-05,168,2,353,17,0.4641205072402954,0.7626628279685974,False,{},{},0.09482753401971422,False,False,8132
G2_73101_3e-05,169,2,348,12,0.7643467783927917,1.1736589670181274,True,{},{},0.0994184979936108,False,False,8132
G2_73101_3e-05,170,2,15726,55,0.3835420608520508,0.14108829200267792,False,{},{},0.09319013598724268,False,False,8132
G2_73101_3e-05,171,2,8022,30,0.2477240413427353,0.3007951080799103,False,{},{},0.09325503298896365,False,False,8132
G2_73101_3e-05,172,2,15727,56,0.4050517678260803,0.15261344611644745,False,{},{},0.09646428900305182,False,False,8132
G2_73101_3e-05,173,2,15722,51,0.2896261215209961,0.1358245462179184,False,{},{},0.0916830990172457,False,False,8132
G2_73101_3e-05,174,2,8017,25,0.2379140406847,0.3774462342262268,False,{},{},0.09941988601349294,False,False,8132
G2_73101_3e-05,175,2,15715,44,0.12321779131889343,0.10051213949918747,False,{},{},0.09551238399581052,False,False,8132
G2_73101_3e-05,176,2,8027,35,0.21974626183509827,0.32149142026901245,False,{},{},0.09505687700584531,False,False,8132
G2_73101_3e-05,177,2,15716,45,0.14414635300636292,0.08513636142015457,False,{},{},0.0954791989934165,False,False,8132
G2_73101_3e-05,178,2,8025,33,0.23903213441371918,0.2591198980808258,False,{},{},0.09508066598209552,False,False,8132
G2_73101_3e-05,179,2,8023,31,0.2394820600748062,0.29289934039115906,False,{},{},0.09655683301389217,False,False,8132
G2_73101_3e-05,180,2,336,0,0.6585165858268738,0.7568315267562866,False,{},{},0.09641863300930709,False,False,8132
G2_73101_3e-05,181,2,340,4,0.6660729646682739,0.9405950307846069,False,{},{},0.09340984199661762,False,False,8132
G2_73101_3e-05,182,2,346,10,0.7442511320114136,0.9372367262840271,False,{},{},0.09357372400700115,False,False,8132
G2_73101_3e-05,183,2,359,23,0.48203518986701965,0.801123321056366,False,{},{},0.09948340398841538,False,False,8132
G2_73101_3e-05,184,2,352,16,0.4704860746860504,0.6545228958129883,False,{},{},0.09582080898690037,False,False,8132
G2_73101_3e-05,185,2,345,9,0.7212022542953491,0.7967424392700195,False,{},{},0.09504467400256544,False,False,8132
G2_73101_3e-05,186,2,339,3,0.6588382124900818,0.9833723306655884,False,{},{},0.09787776198936626,False,False,8132
G2_73101_3e-05,187,2,15717,46,0.17211084067821503,0.09545103460550308,False,{},{},0.09332365900627337,False,False,8132
G2_73101_3e-05,188,2,342,6,0.7114396095275879,1.3992836475372314,True,{},{},0.09811707699554972,False,False,8132
G2_73101_3e-05,189,2,8021,29,0.24142789840698242,0.3444362282752991,False,{},{},0.09598754698527046,False,False,8132
G2_73101_3e-05,190,2,355,19,0.43955227732658386,0.7306177616119385,False,{},{},0.09482444799505174,False,False,8132
G2_73101_3e-05,191,2,15733,62,0.6228091716766357,0.24326668679714203,False,{},{},0.09442411697818898,False,False,8132
G2_73101_3e-05,192,2,15731,60,0.5545420050621033,0.21952605247497559,False,{},{},0.0926009879913181,False,False,8132
G2_73101_3e-05,193,3,354,18,0.4516361355781555,0.7166911959648132,False,{},{},0.0950280420074705,False,False,8133
G2_73101_3e-05,194,3,8019,27,0.22765229642391205,0.3296281397342682,False,{},{},0.09613531400100328,False,False,8133
G2_73101_3e-05,195,3,15727,56,0.4027767479419708,0.1555890142917633,False,{},{},0.09431417300947942,False,False,8133
G2_73101_3e-05,196,3,349,13,0.5191941261291504,1.3364907503128052,True,{},{},0.09571680898079649,False,False,8133
G2_73101_3e-05,197,3,8020,28,0.2343772053718567,0.35235360264778137,False,{},{},0.09926608999376185,False,False,8133
G2_73101_3e-05,198,3,15718,47,0.1931169182062149,0.11760412156581879,False,{},{},0.09437983998213895,False,False,8133
G2_73101_3e-05,199,3,8027,35,0.21416983008384705,0.36096566915512085,False,{},{},0.09708627598593011,False,False,8133
G2_73101_3e-05,200,3,358,22,0.46158507466316223,0.7602015733718872,False,{},{},0.09677843499230221,False,False,8133
G2_73101_3e-05,201,3,359,23,0.460551917552948,0.7966071963310242,False,{},{},0.09641138499137014,False,False,8133
G2_73101_3e-05,202,3,353,17,0.4322378933429718,1.3347316980361938,True,{},{},0.09881044298526831,False,False,8132
G2_73101_3e-05,203,3,348,12,0.7056548595428467,1.0582103729248047,True,{},{},0.09601564900367521,False,False,8132
G2_73101_3e-05,204,3,356,20,0.41657882928848267,0.7290493845939636,False,{},{},0.09446670699981041,False,False,8132
G2_73101_3e-05,205,3,8026,34,0.2117014229297638,0.308819979429245,False,{},{},0.09472800098592415,False,False,8132
G2_73101_3e-05,206,3,8023,31,0.23072686791419983,0.29513731598854065,False,{},{},0.09545332301058806,False,False,8132
G2_73101_3e-05,207,3,15733,62,0.619635820388794,0.2542418837547302,False,{},{},0.10209453298011795,False,False,8132
G2_73101_3e-05,208,3,8022,30,0.23272265493869781,0.3135514259338379,False,{},{},0.09425232899957336,False,False,8132
G2_73101_3e-05,209,3,15711,40,0.04838389903306961,0.14072652161121368,False,{},{},0.09615982399554923,False,False,8132
G2_73101_3e-05,210,3,357,21,0.4329485595226288,0.9487995505332947,False,{},{},0.09775844900286756,False,False,8132
G2_73101_3e-05,211,3,15725,54,0.35933202505111694,0.1535191684961319,False,{},{},0.09572895101155154,False,False,8132
G2_73101_3e-05,212,3,15721,50,0.2626355290412903,0.14835992455482483,False,{},{},0.09728468698449433,False,False,8132
G2_73101_3e-05,213,3,343,7,0.6900895833969116,1.310501217842102,True,{},{},0.09578856101143174,False,False,8132
G2_73101_3e-05,214,3,8021,29,0.22732135653495789,0.36652672290802,False,{},{},0.09693766900454648,False,False,8132
G2_73101_3e-05,215,3,341,5,0.6594992876052856,1.4242308139801025,True,{},{},0.09864685399224982,False,False,8132
G2_73101_3e-05,216,3,8017,25,0.22058388590812683,0.3866446912288666,False,{},{},0.09991343700676225,False,False,8132
G2_73101_3e-05,217,3,8030,38,0.13619250059127808,0.44012534618377686,False,{},{},0.0943836209771689,False,False,8132
G2_73101_3e-05,218,3,15714,43,0.09612496942281723,0.12467914819717407,False,{},{},0.09433477398124523,False,False,8132
G2_73101_3e-05,219,3,346,10,0.6883232593536377,1.1681047677993774,True,{},{},0.09517520299414173,False,False,8132
G2_73101_3e-05,220,3,15722,51,0.28512290120124817,0.16606847941875458,False,{},{},0.09804644199903123,False,False,8132
G2_73101_3e-05,221,3,347,11,0.6893254518508911,0.9467875957489014,False,{},{},0.10171289500431158,False,False,8132
G2_73101_3e-05,222,3,15729,58,0.4639599025249481,0.19857265055179596,False,{},{},0.09434664799482562,False,False,8132
G2_73101_3e-05,223,3,15734,63,0.6506496667861938,0.300624817609787,False,{},{},0.09173629101132974,False,False,8132
G2_73101_3e-05,224,3,352,16,0.4369673728942871,0.9175550937652588,False,{},{},0.09834683299413882,False,False,8132
G2_73101_3e-05,225,3,350,14,0.4692757725715637,1.1417399644851685,True,{},{},0.09723864198895171,False,False,8132
G2_73101_3e-05,226,3,336,0,0.6427986025810242,1.1527442932128906,True,{},{},0.1004093489900697,False,False,8133
G2_73101_3e-05,227,3,8018,26,0.21286682784557343,0.3721941113471985,False,{},{},0.09838983201188967,False,False,8133
G2_73101_3e-05,228,3,15717,46,0.1693195253610611,0.10959070175886154,False,{},{},0.10061898801359348,False,False,8133
G2_73101_3e-05,229,3,351,15,0.4345710277557373,1.120644211769104,True,{},{},0.09884359998977743,False,False,8133
G2_73101_3e-05,230,3,15719,48,0.21890828013420105,0.16852335631847382,False,{},{},0.09758618599153124,False,False,8133
G2_73101_3e-05,231,3,338,2,0.6834468841552734,1.3275591135025024,True,{},{},0.09484670200617984,False,False,8133
G2_73101_3e-05,232,3,8016,24,0.21297159790992737,0.4115673303604126,False,{},{},0.09773099698941223,False,False,8133
G2_73101_3e-05,233,3,15728,57,0.42832475900650024,0.17901486158370972,False,{},{},0.10133458799100481,False,False,8133
G2_73101_3e-05,234,3,337,1,0.69190514087677,2.3308000564575195,True,{},{},0.09847849598736502,False,False,8133
G2_73101_3e-05,235,3,15713,42,0.07335018366575241,0.14442946016788483,False,{},{},0.09869205398717895,False,False,8132
G2_73101_3e-05,236,3,15731,60,0.5493975877761841,0.252510666847229,False,{},{},0.09548782202182338,False,False,8132
G2_73101_3e-05,237,3,340,4,0.6120635271072388,0.817762553691864,False,{},{},0.0986435640079435,False,False,8132
G2_73101_3e-05,238,3,15724,53,0.32927870750427246,0.16582690179347992,False,{},{},0.09979021002072841,False,False,8132
G2_73101_3e-05,239,3,15716,45,0.14269058406352997,0.10390530526638031,False,{},{},0.0966718959971331,False,False,8132
G2_73101_3e-05,240,3,8031,39,0.13840842247009277,0.5141012668609619,False,{},{},0.10059066998655908,False,False,8132
G2_73101_3e-05,241,3,15723,52,0.3072049617767334,0.16352123022079468,False,{},{},0.09600350799155422,False,False,8132
G2_73101_3e-05,242,3,8024,32,0.2197788953781128,0.35019901394844055,False,{},{},0.09695654397364706,False,False,8132
G2_73101_3e-05,243,3,8028,36,0.11813875287771225,0.6126226782798767,False,{},{},0.09631323799840175,False,False,8132
G2_73101_3e-05,244,3,15720,49,0.23674176633358002,0.1606028825044632,False,{},{},0.09921733601368032,False,False,8132
G2_73101_3e-05,245,3,344,8,0.6603200435638428,1.4832504987716675,True,{},{},0.09934294398408383,False,False,8132
G2_73101_3e-05,246,3,339,3,0.6273232102394104,1.444832682609558,True,{},{},0.09503519200370647,False,False,8132
G2_73101_3e-05,247,3,345,9,0.6538656949996948,1.0261002779006958,True,{},{},0.09764987402013503,False,False,8132
G2_73101_3e-05,248,3,342,6,0.636378288269043,0.8298709988594055,False,{},{},0.09580405501765199,False,False,8132
G2_73101_3e-05,249,3,15726,55,0.3750702738761902,0.19762490689754486,False,{},{},0.0995874609798193,False,False,8132
G2_73101_3e-05,250,3,15732,61,0.5821958780288696,0.27182474732398987,False,{},{},0.09393065300537273,False,False,8132
G2_73101_3e-05,251,3,15715,44,0.12254460155963898,0.1641777753829956,False,{},{},0.09847947699017823,False,False,8132
G2_73101_3e-05,252,3,8029,37,0.12940363585948944,1.6285066604614258,True,{},{},0.09601391397882253,False,False,8132
G2_73101_3e-05,253,3,8025,33,0.21859128773212433,0.33904409408569336,False,{},{},0.09364446401013993,False,False,8132
G2_73101_3e-05,254,3,355,19,0.39997509121894836,1.1319775581359863,True,{},{},0.09655924001708627,False,False,8132
G2_73101_3e-05,255,3,15712,41,0.04906901717185974,0.16986320912837982,False,{},{},0.0952374369953759,False,False,8132
G2_73101_3e-05,256,3,15730,59,0.4900861382484436,0.25235679745674133,False,{},{},0.10540410198154859,False,False,8132
G2_73101_3e-05,257,4,15720,49,0.2351275086402893,0.17031194269657135,False,{},{},0.10035220402642153,False,False,8129
G2_73101_3e-05,258,4,359,23,0.4234071969985962,1.3490082025527954,True,{},{},0.10077462598565035,False,False,8129
G2_73101_3e-05,259,4,8026,34,0.201028972864151,0.4187215566635132,False,{},{},0.097976208984619,False,False,8129
G2_73101_3e-05,260,4,339,3,0.5967774391174316,0.7860091328620911,False,{},{},0.10065726400353014,False,False,8129
G2_73101_3e-05,261,4,345,9,0.6366539001464844,1.1527162790298462,True,{},{},0.09767763799754903,False,False,8129
G2_73101_3e-05,262,4,15733,62,0.6088483333587646,0.30279675126075745,False,{},{},0.09608347798348404,False,False,8129
G2_73101_3e-05,263,4,15726,55,0.37284985184669495,0.22047394514083862,False,{},{},0.10051848198054358,False,False,8129
G2_73101_3e-05,264,4,342,6,0.6124229431152344,1.001111388206482,True,{},{},0.0948937050125096,False,False,8129
G2_73101_3e-05,265,4,8019,27,0.2042037397623062,0.4318843185901642,False,{},{},0.09908734701457433,False,False,8129
G2_73101_3e-05,266,4,346,10,0.6242839694023132,1.1631931066513062,True,{},{},0.09406873601255938,False,False,8129
G2_73101_3e-05,267,4,15715,44,0.12184873223304749,0.17980706691741943,False,{},{},0.09557905900874175,False,False,8129
G2_73101_3e-05,268,4,349,13,0.44019609689712524,1.282028079032898,True,{},{},0.09903471398865804,False,False,8129
G2_73101_3e-05,269,4,338,2,0.634547233581543,1.4896413087844849,True,{},{},0.09658111300086603,False,False,8129
G2_73101_3e-05,270,4,8030,38,0.12227621674537659,0.5513935685157776,False,{},{},0.09528229499119334,False,False,8129
G2_73101_3e-05,271,4,8020,28,0.20678678154945374,0.4113833010196686,False,{},{},0.09661803999915719,False,False,8129
G2_73101_3e-05,272,4,15725,54,0.3519960343837738,0.21496208012104034,False,{},{},0.10395597698516212,False,False,8129
G2_73101_3e-05,273,4,348,12,0.6319835186004639,1.2213002443313599,True,{},{},0.09700735099613667,False,False,8129
G2_73101_3e-05,274,4,15711,40,0.048411622643470764,0.19434083998203278,False,{},{},0.09778655398986302,False,False,8129
G2_73101_3e-05,275,4,15730,59,0.4874666631221771,0.28563860058784485,False,{},{},0.09539416898041964,False,False,8129
G2_73101_3e-05,276,4,8025,33,0.20986896753311157,0.35676664113998413,False,{},{},0.09746378700947389,False,False,8129
G2_73101_3e-05,277,4,352,16,0.41188502311706543,1.7383437156677246,True,{},{},0.09788109202054329,False,False,8130
G2_73101_3e-05,278,4,350,14,0.42524588108062744,1.1934831142425537,True,{},{},0.09710865499801002,False,False,8130
G2_73101_3e-05,279,4,8028,36,0.1124088242650032,0.8302395939826965,False,{},{},0.09754671200062148,False,False,8130
G2_73101_3e-05,280,4,353,17,0.4068666100502014,1.9096704721450806,True,{},{},0.0957070570148062,False,False,8130
G2_73101_3e-05,281,4,343,7,0.600995659828186,1.3325533866882324,True,{},{},0.09865540999453515,False,False,8130
G2_73101_3e-05,282,4,15729,58,0.45376187562942505,0.24392196536064148,False,{},{},0.10127112400368787,False,False,8130
G2_73101_3e-05,283,4,8022,30,0.21087093651294708,0.34044814109802246,False,{},{},0.1012580580136273,False,False,8130
G2_73101_3e-05,284,4,351,15,0.3931868076324463,0.8966186046600342,False,{},{},0.10244982602307573,False,False,8130
G2_73101_3e-05,285,4,15721,50,0.25531941652297974,0.23660922050476074,False,{},{},0.0940129510127008,False,False,8130
G2_73101_3e-05,286,4,340,4,0.5702418088912964,1.9362046718597412,True,{},{},0.10257711698068306,False,False,8129
G2_73101_3e-05,287,4,354,18,0.406039834022522,1.795828938484192,True,{},{},0.09763413501787,False,False,8129
G2_73101_3e-05,288,4,358,22,0.3939070701599121,1.7450655698776245,True,{},{},0.09652666299371049,False,False,8129
G2_73101_3e-05,289,4,15727,56,0.3884076774120331,0.24382856488227844,False,{},{},0.09741144900908694,False,False,8129
G2_73101_3e-05,290,4,15716,45,0.14011862874031067,0.1410226970911026,False,{},{},0.09627751202788204,False,False,8129
G2_73101_3e-05,291,4,357,21,0.37446367740631104,1.019140362739563,True,{},{},0.10061856798711233,False,False,8128
G2_73101_3e-05,292,4,8031,39,0.11831124126911163,0.6591140627861023,False,{},{},0.10032838000915945,False,False,8128
G2_73101_3e-05,293,4,347,11,0.5963540077209473,0.9220337271690369,False,{},{},0.09793315001297742,False,False,8128
G2_73101_3e-05,294,4,15719,48,0.2143554538488388,0.2529384195804596,False,{},{},0.0957305209885817,False,False,8128
G2_73101_3e-05,295,4,8029,37,0.10897531360387802,1.899486780166626,True,{},{},0.09910320900962688,False,False,8128
G2_73101_3e-05,296,4,15723,52,0.29970869421958923,0.21591244637966156,False,{},{},0.10051872898475267,False,False,8128
G2_73101_3e-05,297,4,15724,53,0.31993475556373596,0.21987110376358032,False,{},{},0.10046404201420955,False,False,8128
G2_73101_3e-05,298,4,15731,60,0.5356610417366028,0.3331311345100403,False,{},{},0.10555915598524734,False,False,8128
G2_73101_3e-05,299,4,8016,24,0.19552725553512573,0.5035858750343323,False,{},{},0.09460894099902362,False,False,8128
G2_73101_3e-05,300,4,15717,46,0.16564153134822845,0.16763661801815033,False,{},{},0.1032985330093652,False,False,8129
G2_73101_3e-05,301,4,15722,51,0.27727508544921875,0.27529147267341614,False,{},{},0.10098775802180171,False,False,8129
G2_73101_3e-05,302,4,15732,61,0.5691285133361816,0.3600778877735138,False,{},{},0.10245679799118079,False,False,8129
G2_73101_3e-05,303,4,8017,25,0.19291695952415466,0.45427972078323364,False,{},{},0.09898498098482378,False,False,8129
G2_73101_3e-05,304,4,8023,31,0.20360487699508667,0.3467567563056946,False,{},{},0.09864254100830294,False,False,8129
G2_73101_3e-05,305,4,15728,57,0.41681426763534546,0.2813149392604828,False,{},{},0.10503543599043041,False,False,8130
G2_73101_3e-05,306,4,336,0,0.5828120708465576,1.5986453294754028,True,{},{},0.0948275400151033,False,False,8130
G2_73101_3e-05,307,4,337,1,0.6049264669418335,1.9535455703735352,True,{},{},0.09240228598355316,False,False,8130
G2_73101_3e-05,308,4,341,5,0.5427979230880737,1.5682984590530396,True,{},{},0.10033232200657949,False,False,8130
G2_73101_3e-05,309,4,15734,63,0.6296164989471436,0.42729219794273376,False,{},{},0.09854289700160734,False,False,8130
G2_73101_3e-05,310,4,8018,26,0.18882879614830017,0.521577000617981,False,{},{},0.10086668899748474,False,False,8130
G2_73101_3e-05,311,4,8027,35,0.18437983095645905,0.6607316136360168,False,{},{},0.09250741798314266,False,False,8130
G2_73101_3e-05,312,4,15718,47,0.18526436388492584,0.21988242864608765,False,{},{},0.0952806549903471,False,False,8130
G2_73101_3e-05,313,4,15713,42,0.07422927021980286,0.2515210807323456,False,{},{},0.09666584298247471,False,False,8130
G2_73101_3e-05,314,4,8021,29,0.19569066166877747,0.40984371304512024,False,{},{},0.10174885098240338,False,False,8130
G2_73101_3e-05,315,4,15714,43,0.09483957290649414,0.20455709099769592,False,{},{},0.09448932399391197,False,False,8130
G2_73101_3e-05,316,4,355,19,0.36279308795928955,1.0264291763305664,True,{},{},0.09757487801834941,False,False,8130
G2_73101_3e-05,317,4,344,8,0.5670297145843506,1.361659288406372,True,{},{},0.0953072410193272,False,False,8130
G2_73101_3e-05,318,4,15712,41,0.05018981546163559,0.26129797101020813,False,{},{},0.09451504901517183,False,False,8130
G2_73101_3e-05,319,4,8024,32,0.19927462935447693,0.4924722909927368,False,{},{},0.10424940500524826,False,False,8130
G2_73101_3e-05,320,4,356,20,0.35710278153419495,1.1399215459823608,True,{},{},0.09409983898513019,False,False,8130
G2_73101_3e-05,321,5,15721,50,0.2492884397506714,0.3176679313182831,False,{},{},0.09634601097786799,False,False,8130
G2_73101_3e-05,322,5,347,11,0.5703516006469727,1.0693963766098022,True,{},{},0.09366057999432087,False,False,8130
G2_73101_3e-05,323,5,8027,35,0.1734643280506134,0.5267935395240784,False,{},{},0.10054784300155006,False,False,8130
G2_73101_3e-05,324,5,8022,30,0.197355255484581,0.3353502154350281,False,{},{},0.09598640300100669,False,False,8130
G2_73101_3e-05,325,5,15718,47,0.1836596578359604,0.23409567773342133,False,{},{},0.09507490598480217,False,False,8130
G2_73101_3e-05,326,5,341,5,0.510443925857544,1.033860683441162,True,{},{},0.0994997620000504,False,False,8130
G2_73101_3e-05,327,5,15719,48,0.20929686725139618,0.3034918010234833,False,{},{},0.09270058700349182,False,False,8130
G2_73101_3e-05,328,5,357,21,0.3376573324203491,0.8024566769599915,False,{},{},0.09932854599901475,False,False,8132
G2_73101_3e-05,329,5,8031,39,0.1005229577422142,0.7692248225212097,False,{},{},0.09495410800445825,False,False,8132
G2_73101_3e-05,330,5,358,22,0.35842078924179077,1.104756474494934,True,{},{},0.09537507200730033,False,False,8132
G2_73101_3e-05,331,5,8020,28,0.1809774488210678,0.4569646120071411,False,{},{},0.09513955999864265,False,False,8132
G2_73101_3e-05,332,5,8026,34,0.17603598535060883,0.5884730219841003,False,{},{},0.09976650698808953,False,False,8132
G2_73101_3e-05,333,5,15729,58,0.44201424717903137,0.3646306097507477,False,{},{},0.10056136900675483,False,False,8132
G2_73101_3e-05,334,5,15722,51,0.27013853192329407,0.372543603181839,False,{},{},0.09424835199024528,False,False,8132
G2_73101_3e-05,335,5,8029,37,0.07820309698581696,0.6561835408210754,False,{},{},0.09529203499550931,False,False,8132
G2_73101_3e-05,336,5,353,17,0.34763336181640625,1.3030208349227905,True,{},{},0.09557119201053865,False,False,8132
G2_73101_3e-05,337,5,338,2,0.5504499673843384,1.9422085285186768,True,{},{},0.1039198960061185,False,False,8132
G2_73101_3e-05,338,5,8018,26,0.17809630930423737,0.5039373636245728,False,{},{},0.09591574099613354,False,False,8132
G2_73101_3e-05,339,5,8024,32,0.18689106404781342,0.47329896688461304,False,{},{},0.09446981898508966,False,False,8132
G2_73101_3e-05,340,5,343,7,0.531317949295044,1.2942012548446655,True,{},{},0.09610786699340679,False,False,8132
G2_73101_3e-05,341,5,346,10,0.544998288154602,1.1801904439926147,True,{},{},0.09661214999505319,False,False,8132
G2_73101_3e-05,342,5,354,18,0.35361480712890625,1.544922947883606,True,{},{},0.10033996499259956,False,False,8132
G2_73101_3e-05,343,5,8028,36,0.0845736563205719,0.8874666690826416,False,{},{},0.0962320220132824,False,False,8132
G2_73101_3e-05,344,5,340,4,0.4907304644584656,1.0143378973007202,True,{},{},0.09338956800638698,False,False,8132
G2_73101_3e-05,345,5,342,6,0.498696506023407,1.2435513734817505,True,{},{},0.09585200197761878,False,False,8132
G2_73101_3e-05,346,5,15727,56,0.3726121187210083,0.37266987562179565,False,{},{},0.0959039389854297,False,False,8132
G2_73101_3e-05,347,5,15717,46,0.1602095663547516,0.2139318287372589,False,{},{},0.09885852099978365,False,False,8132
G2_73101_3e-05,348,5,8016,24,0.17384886741638184,0.7915791273117065,False,{},{},0.0971508999937214,False,False,8132
G2_73101_3e-05,349,5,15734,63,0.6156926155090332,0.566909670829773,False,{},{},0.09475724399089813,False,False,8132
G2_73101_3e-05,350,5,15723,52,0.28812941908836365,0.3343234062194824,False,{},{},0.09535960300127044,False,False,8132
G2_73101_3e-05,351,5,359,23,0.3712383210659027,2.946523904800415,True,{},{},0.0964441749965772,False,False,8132
G2_73101_3e-05,352,5,350,14,0.3548377752304077,2.0343616008758545,True,{},{},0.09909026301465929,False,False,8132
G2_73101_3e-05,353,5,356,20,0.32441839575767517,2.112511396408081,True,{},{},0.09555256698513404,False,False,8132
G2_73101_3e-05,354,5,15720,49,0.22057317197322845,0.3553290367126465,False,{},{},0.09430525297648273,False,False,8132
G2_73101_3e-05,355,5,15724,53,0.30378615856170654,0.3571755290031433,False,{},{},0.09710267800255679,False,False,8132
G2_73101_3e-05,356,5,15726,55,0.34982261061668396,0.49467676877975464,False,{},{},0.09624617898953147,False,False,8132
G2_73101_3e-05,357,5,8017,25,0.16481411457061768,0.6786022782325745,False,{},{},0.09627283000736497,False,False,8132
G2_73101_3e-05,358,5,355,19,0.31793326139450073,1.4157798290252686,True,{},{},0.09518164000473917,False,False,8132
G2_73101_3e-05,359,5,8030,38,0.07193781435489655,0.7344084978103638,False,{},{},0.09980486400309019,False,False,8132
G2_73101_3e-05,360,5,339,3,0.4788753390312195,1.8415353298187256,True,{},{},0.09866218199022114,False,False,8132
G2_73101_3e-05,361,5,15716,45,0.1366538405418396,0.226455956697464,False,{},{},0.10198514800867997,False,False,8132
G2_73101_3e-05,362,5,344,8,0.514879584312439,1.545893907546997,True,{},{},0.09817776997806504,False,False,8132
G2_73101_3e-05,363,5,8021,29,0.17348945140838623,0.5503172278404236,False,{},{},0.09657109301770106,False,False,8132
G2_73101_3e-05,364,5,15715,44,0.12084667384624481,0.3974248468875885,False,{},{},0.09994279898819514,False,False,8132
G2_73101_3e-05,365,5,15711,40,0.051721327006816864,0.38906216621398926,False,{},{},0.09441567401518114,False,False,8132
G2_73101_3e-05,366,5,15730,59,0.4610227942466736,0.5578351020812988,False,{},{},0.09848971600877121,False,False,8132
G2_73101_3e-05,367,5,336,0,0.49630260467529297,1.8726162910461426,True,{},{},0.0973276549775619,False,False,8132
G2_73101_3e-05,368,5,15728,57,0.39293408393859863,0.46796104311943054,False,{},{},0.09493747499072924,False,False,8132
G2_73101_3e-05,369,5,8023,31,0.17785626649856567,0.5730993747711182,False,{},{},0.09918617602670565,False,False,8132
G2_73101_3e-05,370,5,8019,27,0.15753944218158722,0.8079127073287964,False,{},{},0.10002276400336996,False,False,8132
G2_73101_3e-05,371,5,352,16,0.3156081736087799,1.4281283617019653,True,{},{},0.09847234500921331,False,False,8132
G2_73101_3e-05,372,5,15713,42,0.07379328459501266,0.4293630123138428,False,{},{},0.09802500199293718,False,False,8132
G2_73101_3e-05,373,5,349,13,0.33052903413772583,1.5058882236480713,True,{},{},0.09770131000550464,False,False,8132
G2_73101_3e-05,374,5,351,15,0.31830763816833496,1.1442965269088745,True,{},{},0.09733505800249986,False,False,8132
G2_73101_3e-05,375,5,15712,41,0.04995870590209961,0.4148581326007843,False,{},{},0.09989109501475468,False,False,8132
G2_73101_3e-05,376,5,348,12,0.5126959681510925,1.6192387342453003,True,{},{},0.09842251398367807,False,False,8132
G2_73101_3e-05,377,5,337,1,0.5037679672241211,2.599905490875244,True,{},{},0.09748608898371458,False,False,8132
G2_73101_3e-05,378,5,8025,33,0.165837824344635,0.5794246792793274,False,{},{},0.10166960398782976,False,False,8132
G2_73101_3e-05,379,5,15731,60,0.5034524202346802,0.6906599998474121,False,{},{},0.10201620700536296,False,False,8132
G2_73101_3e-05,380,5,15725,54,0.3166828155517578,0.6105795502662659,False,{},{},0.10054222500184551,False,False,8132
G2_73101_3e-05,381,5,345,9,0.5163905024528503,1.6108344793319702,True,{},{},0.09850764900329523,False,False,8132
G2_73101_3e-05,382,5,15732,61,0.535042941570282,0.7829738855361938,False,{},{},0.09879002399975434,False,False,8132
G2_73101_3e-05,383,5,15714,43,0.09025715291500092,0.31188490986824036,False,{},{},0.09958001199993305,False,False,8132
G2_73101_3e-05,384,5,15733,62,0.5497963428497314,0.8320780992507935,False,{},{},0.09961961198132485,False,False,8132
G2_73101_3e-05,385,6,8026,34,0.15019717812538147,0.7505800127983093,False,{},{},0.09660602500662208,False,False,8132
G2_73101_3e-05,386,6,344,8,0.4878941476345062,1.103940725326538,True,{},{},0.0974406489985995,False,False,8132
G2_73101_3e-05,387,6,15733,62,0.5395146012306213,0.9354606866836548,False,{},{},0.09538750399951823,False,False,8132
G2_73101_3e-05,388,6,358,22,0.3377288281917572,1.3766423463821411,True,{},{},0.09742048199404962,False,False,8132
G2_73101_3e-05,389,6,353,17,0.2955734133720398,1.7896909713745117,True,{},{},0.09921722300350666,False,False,8132
G2_73101_3e-05,390,6,341,5,0.4457537829875946,1.239857792854309,True,{},{},0.09464623100939207,False,False,8132
G2_73101_3e-05,391,6,15723,52,0.26677340269088745,0.4961429536342621,False,{},{},0.09875603098771535,False,False,8132
G2_73101_3e-05,392,6,15715,44,0.11746624857187271,0.3279340863227844,False,{},{},0.09706652798922732,False,False,8132
G2_73101_3e-05,393,6,15711,40,0.05558929592370987,0.5457996726036072,False,{},{},0.1027777350100223,False,False,8132
G2_73101_3e-05,394,6,15731,60,0.46509355306625366,1.069518804550171,True,{},{},0.09621575701748952,False,False,8132
G2_73101_3e-05,395,6,15730,59,0.4173009395599365,0.99278324842453,False,{},{},0.10013535400503315,False,False,8132
G2_73101_3e-05,396,6,347,11,0.5074980854988098,1.6312977075576782,True,{},{},0.09810663299867883,False,False,8132
G2_73101_3e-05,397,6,359,23,0.33645114302635193,2.083138942718506,True,{},{},0.09527054100180976,False,False,8132
G2_73101_3e-05,398,6,8031,39,0.06405527889728546,1.4294136762619019,True,{},{},0.09946453498560004,False,False,8132
G2_73101_3e-05,399,6,15727,56,0.3149814307689667,1.0981582403182983,True,{},{},0.09626395697705448,False,False,8132
G2_73101_3e-05,400,6,15721,50,0.21737563610076904,0.5180425047874451,False,{},{},0.09762837400194257,False,False,8132
G2_73101_3e-05,401,6,8025,33,0.15302373468875885,1.1150541305541992,True,{},{},0.09688304000883363,False,False,8132
G2_73101_3e-05,402,6,337,1,0.46952658891677856,2.620967149734497,True,{},{},0.09415510899270885,False,False,8132
G2_73101_3e-05,403,6,15729,58,0.357637882232666,1.4772471189498901,True,{},{},0.0974678700149525,False,False,8132
G2_73101_3e-05,404,6,351,15,0.29194939136505127,1.7149754762649536,True,{},{},0.09801771302591078,False,False,8132
G2_73101_3e-05,405,6,15734,63,0.5172715187072754,1.7323660850524902,True,{},{},0.09400453401030973,False,False,8132
G2_73101_3e-05,406,6,15724,53,0.2608087658882141,0.8611137866973877,False,{},{},0.09661291298107244,False,False,8132
G2_73101_3e-05,407,6,15720,49,0.19774389266967773,0.5134711861610413,False,{},{},0.10340444499161094,False,False,8132
G2_73101_3e-05,408,6,8030,38,0.06379121541976929,1.0694078207015991,True,{},{},0.09771467500831932,False,False,8132
G2_73101_3e-05,409,6,8023,31,0.16844242811203003,1.142247200012207,True,{},{},0.0984652650076896,False,False,8132
G2_73101_3e-05,410,6,15726,55,0.2664237320423126,1.2736512422561646,True,{},{},0.0932093290030025,False,False,8132
G2_73101_3e-05,411,6,336,0,0.45296013355255127,2.1433238983154297,True,{},{},0.09414741699583828,False,False,8132
G2_73101_3e-05,412,6,352,16,0.2874026298522949,2.801480293273926,True,{},{},0.09861759899649769,False,False,8132
G2_73101_3e-05,413,6,15722,51,0.2154064029455185,0.843484103679657,False,{},{},0.09418031701352447,False,False,8132
G2_73101_3e-05,414,6,350,14,0.28731852769851685,1.9314985275268555,True,{},{},0.09630509599810466,False,False,8132
G2_73101_3e-05,415,6,15725,54,0.24604040384292603,1.087890386581421,True,{},{},0.09713207199820317,False,False,8132
G2_73101_3e-05,416,6,15713,42,0.08551713824272156,1.2846043109893799,True,{},{},0.09426707698730752,False,False,8132
G2_73101_3e-05,417,6,348,12,0.46831604838371277,1.823517084121704,True,{},{},0.09739422702114098,False,False,8132
G2_73101_3e-05,418,6,339,3,0.42430996894836426,1.139189600944519,True,{},{},0.10026938800001517,False,False,8132
G2_73101_3e-05,419,6,8024,32,0.1583368182182312,1.2956664562225342,True,{},{},0.0947397279960569,False,False,8132
G2_73101_3e-05,420,6,15712,41,0.06151615083217621,1.039484977722168,True,{},{},0.09562721900874749,False,False,8132
G2_73101_3e-05,421,6,356,20,0.291441410779953,2.4956021308898926,True,{},{},0.09459408101974986,False,False,8132
G2_73101_3e-05,422,6,8018,26,0.14220045506954193,1.003535509109497,True,{},{},0.09857882800861262,False,False,8132
G2_73101_3e-05,423,6,8028,36,0.07763128727674484,2.059967041015625,True,{},{},0.10028361401055008,False,False,8132
G2_73101_3e-05,424,6,338,2,0.44871169328689575,2.2734017372131348,True,{},{},0.0948395440063905,False,False,8132
G2_73101_3e-05,425,6,346,10,0.4773208796977997,1.8804978132247925,True,{},{},0.09395231600501575,False,False,8132
G2_73101_3e-05,426,6,15717,46,0.13449031114578247,0.6141349673271179,False,{},{},0.09845295900595374,False,False,8132
G2_73101_3e-05,427,6,340,4,0.444174587726593,1.892472505569458,True,{},{},0.0946271290013101,False,False,8132
G2_73101_3e-05,428,6,8027,35,0.10967707633972168,1.062998652458191,True,{},{},0.09442920700530522,False,False,8132
G2_73101_3e-05,429,6,345,9,0.4847679138183594,1.8417224884033203,True,{},{},0.09517629799665883,False,False,8132
G2_73101_3e-05,430,6,8022,30,0.14772483706474304,1.0981565713882446,True,{},{},0.09994200500659645,False,False,8132
G2_73101_3e-05,431,6,355,19,0.27259570360183716,1.8943568468093872,True,{},{},0.1018198860110715,False,False,8129
G2_73101_3e-05,432,6,8029,37,0.08041194081306458,1.7052286863327026,True,{},{},0.09711976800463162,False,False,8129
G2_73101_3e-05,433,6,15732,61,0.41756850481033325,3.1087207794189453,True,{},{},0.09521167899947613,False,False,8129
G2_73101_3e-05,434,6,15719,48,0.17438524961471558,0.8390776515007019,False,{},{},0.0978248429892119,False,False,8129
G2_73101_3e-05,435,6,343,7,0.4519177973270416,1.3292794227600098,True,{},{},0.09475344000384212,False,False,8129
G2_73101_3e-05,436,6,15728,57,0.2841945290565491,2.5172126293182373,True,{},{},0.0975377699942328,False,False,8129
G2_73101_3e-05,437,6,15718,47,0.151114359498024,0.5994112491607666,False,{},{},0.09668743499787524,False,False,8129
G2_73101_3e-05,438,6,8019,27,0.11930479854345322,0.8867520689964294,False,{},{},0.09552018297836185,False,False,8129
G2_73101_3e-05,439,6,15716,45,0.12311894446611404,0.8984500765800476,False,{},{},0.09676911300630309,False,False,8129
G2_73101_3e-05,440,6,349,13,0.2845038175582886,2.1897614002227783,True,{},{},0.09672257900820114,False,False,8129
G2_73101_3e-05,441,6,8020,28,0.11243188381195068,1.2257388830184937,True,{},{},0.09645584100508131,False,False,8129
G2_73101_3e-05,442,6,357,21,0.29161468148231506,2.754474401473999,True,{},{},0.0951078649959527,False,False,8129
G2_73101_3e-05,443,6,8021,29,0.1157977432012558,0.9866003394126892,False,{},{},0.09576191601809114,False,False,8129
G2_73101_3e-05,444,6,8016,24,0.12197642773389816,1.1631720066070557,True,{},{},0.09505218698177487,False,False,8129
G2_73101_3e-05,445,6,15714,43,0.09082330018281937,0.786656379699707,False,{},{},0.10489712900016457,False,False,8129
G2_73101_3e-05,446,6,342,6,0.42930978536605835,2.1198673248291016,True,{},{},0.09612472099252045,False,False,8129
G2_73101_3e-05,447,6,8017,25,0.11374524235725403,1.0082483291625977,True,{},{},0.09693460399284959,False,False,8129
G2_73101_3e-05,448,6,354,18,0.2683061957359314,3.5853145122528076,True,{},{},0.09714177600108087,False,False,8129
G2_73101_3e-05,449,7,15727,56,0.1988980770111084,2.1845314502716064,True,{},{},0.09875754598760977,False,False,8129
G2_73101_3e-05,450,7,15716,45,0.11287213116884232,0.8282884359359741,False,{},{},0.10078727299696766,False,False,8130
G2_73101_3e-05,451,7,8025,33,0.12255701422691345,1.067853569984436,True,{},{},0.09684327599825338,False,False,8130
G2_73101_3e-05,452,7,15728,57,0.2436027228832245,3.392839193344116,True,{},{},0.09779255100875162,False,False,8130
G2_73101_3e-05,453,7,8029,37,0.06625396013259888,1.4112120866775513,True,{},{},0.09290375601267442,False,False,8130
G2_73101_3e-05,454,7,8023,31,0.11592618376016617,1.0584317445755005,True,{},{},0.10232417201041244,False,False,8130
G2_73101_3e-05,455,7,8018,26,0.10760132223367691,1.587908148765564,True,{},{},0.09623561499756761,False,False,8130
G2_73101_3e-05,456,7,15712,41,0.0566786490380764,1.1436607837677002,True,{},{},0.09480306800105609,False,False,8130
G2_73101_3e-05,457,7,8017,25,0.09557056427001953,0.8034474849700928,False,{},{},0.09613329899730161,False,False,8130
G2_73101_3e-05,458,7,15718,47,0.13454508781433105,0.8576817512512207,False,{},{},0.09672348599997349,False,False,8130
G2_73101_3e-05,459,7,8028,36,0.06053480505943298,1.2102307081222534,True,{},{},0.10254620501655154,False,False,8130
G2_73101_3e-05,460,7,338,2,0.4362195134162903,6.501326084136963,True,{},{},0.09468883599038236,False,False,8130
G2_73101_3e-05,461,7,341,5,0.4234406352043152,3.205623149871826,True,{},{},0.09197101800236851,False,False,8130
G2_73101_3e-05,462,7,15734,63,0.4221862554550171,4.066298007965088,True,{},{},0.0961750150017906,False,False,8130
G2_73101_3e-05,463,7,355,19,0.2650648057460785,3.2428200244903564,True,{},{},0.09755860199220479,False,False,8130
G2_73101_3e-05,464,7,347,11,0.43737027049064636,2.0868349075317383,True,{},{},0.09976412000833079,False,False,8130
G2_73101_3e-05,465,7,344,8,0.4395532011985779,2.849062919616699,True,{},{},0.09546594700077549,False,False,8130
G2_73101_3e-05,466,7,359,23,0.3306559920310974,4.201910495758057,True,{},{},0.09841368198976852,False,False,8130
G2_73101_3e-05,467,7,15720,49,0.1574002206325531,1.2325180768966675,True,{},{},0.09374156600097194,False,False,8130
G2_73101_3e-05,468,7,8030,38,0.05084221065044403,1.18142569065094,True,{},{},0.10022174898767844,False,False,8130
G2_73101_3e-05,469,7,8024,32,0.10629801452159882,1.1538006067276,True,{},{},0.09701526799472049,False,False,8130
G2_73101_3e-05,470,7,15732,61,0.30141231417655945,3.1602678298950195,True,{},{},0.09723346898681484,False,False,8130
G2_73101_3e-05,471,7,15721,50,0.15893279016017914,1.921976923942566,True,{},{},0.09758913400582969,False,False,8130
G2_73101_3e-05,472,7,15713,42,0.07458912581205368,1.3734755516052246,True,{},{},0.09601408202433959,False,False,8130
G2_73101_3e-05,473,7,8019,27,0.09132163226604462,0.8205636739730835,False,{},{},0.1000956549833063,False,False,8130
G2_73101_3e-05,474,7,353,17,0.23578454554080963,2.70841383934021,True,{},{},0.09829295598319732,False,False,8130
G2_73101_3e-05,475,7,8016,24,0.08787821978330612,1.2858806848526,True,{},{},0.0950511249830015,False,False,8130
G2_73101_3e-05,476,7,15729,58,0.1648833006620407,2.687119960784912,True,{},{},0.09466031898045912,False,False,8130
G2_73101_3e-05,477,7,336,0,0.42656514048576355,3.1667182445526123,True,{},{},0.09996527602197602,False,False,8130
G2_73101_3e-05,478,7,8021,29,0.09479495882987976,2.0594210624694824,True,{},{},0.10023810001439415,False,False,8132
G2_73101_3e-05,479,7,357,21,0.26243484020233154,2.50691294670105,True,{},{},0.09684651900897734,False,False,8132
G2_73101_3e-05,480,7,348,12,0.4219363331794739,2.135892152786255,True,{},{},0.09790436900220811,False,False,8132
G2_73101_3e-05,481,7,340,4,0.39769938588142395,2.2571895122528076,True,{},{},0.09471674999804236,False,False,8132
G2_73101_3e-05,482,7,15724,53,0.15381057560443878,2.5979437828063965,True,{},{},0.10198467402369715,False,False,8132
G2_73101_3e-05,483,7,8027,35,0.07742491364479065,1.3729928731918335,True,{},{},0.09552010599873029,False,False,8132
G2_73101_3e-05,484,7,343,7,0.3994637727737427,2.189506769180298,True,{},{},0.09468072297750041,False,False,8132
G2_73101_3e-05,485,7,15730,59,0.20471009612083435,6.158031940460205,True,{},{},0.09662813000613824,False,False,8132
G2_73101_3e-05,486,7,15715,44,0.10084999352693558,1.2169840335845947,True,{},{},0.09753021501819603,False,False,8132
G2_73101_3e-05,487,7,8026,34,0.09541130065917969,1.5985300540924072,True,{},{},0.10169096000026911,False,False,8132
G2_73101_3e-05,488,7,358,22,0.29230576753616333,3.7016921043395996,True,{},{},0.09560433300794102,False,False,8132
G2_73101_3e-05,489,7,356,20,0.24735495448112488,3.3979430198669434,True,{},{},0.09510698702069931,False,False,8132
G2_73101_3e-05,490,7,15733,62,0.2507723271846771,4.977083206176758,True,{},{},0.09618338698055595,False,False,8132
G2_73101_3e-05,491,7,15714,43,0.07991231977939606,0.6611914038658142,False,{},{},0.09627259301487356,False,False,8132
G2_73101_3e-05,492,7,15722,51,0.14063747227191925,2.335367202758789,True,{},{},0.0979563890141435,False,False,8132
G2_73101_3e-05,493,7,350,14,0.24114125967025757,3.431478261947632,True,{},{},0.09626760901301168,False,False,8132
G2_73101_3e-05,494,7,15717,46,0.10178351402282715,2.9251198768615723,True,{},{},0.09526375401765108,False,False,8132
G2_73101_3e-05,495,7,342,6,0.3805062174797058,2.0858049392700195,True,{},{},0.09537766600260511,False,False,8132
G2_73101_3e-05,496,7,345,9,0.4029619097709656,2.427027463912964,True,{},{},0.09380509299808182,False,False,8132
G2_73101_3e-05,497,7,349,13,0.23387543857097626,2.4820854663848877,True,{},{},0.09870108199538663,False,False,8132
G2_73101_3e-05,498,7,339,3,0.3853943347930908,4.265058994293213,True,{},{},0.09650061800493859,False,False,8132
G2_73101_3e-05,499,7,15719,48,0.1055569052696228,1.6083431243896484,True,{},{},0.09508418600307778,False,False,8132
G2_73101_3e-05,500,7,8022,30,0.08500406891107559,1.594900369644165,True,{},{},0.09765261400025338,False,False,8132
G2_73101_3e-05,501,7,354,18,0.21733945608139038,2.9910354614257812,True,{},{},0.10133355599828064,False,False,8132
G2_73101_3e-05,502,7,346,10,0.39061886072158813,2.8354127407073975,True,{},{},0.09554797798045911,False,False,8132
G2_73101_3e-05,503,7,15725,54,0.11678445339202881,3.7396774291992188,True,{},{},0.09440230499603786,False,False,8132
G2_73101_3e-05,504,7,15726,55,0.09874425083398819,5.4936652183532715,True,{},{},0.09649858801276423,False,False,8132
G2_73101_3e-05,505,7,8020,28,0.08298575133085251,1.0089540481567383,True,{},{},0.09838239298551343,False,False,8132
G2_73101_3e-05,506,7,15711,40,0.05690828338265419,1.3899554014205933,True,{},{},0.09892060601850972,False,False,8132
G2_73101_3e-05,507,7,8031,39,0.04153067246079445,0.9832665920257568,False,{},{},0.09661876398604363,False,False,8132
G2_73101_3e-05,508,7,351,15,0.23505526781082153,2.705103635787964,True,{},{},0.09277797199320048,False,False,8132
G2_73101_3e-05,509,7,15731,60,0.21435490250587463,7.225301742553711,True,{},{},0.09871814600774087,False,False,8132
G2_73101_3e-05,510,7,337,1,0.4130626916885376,4.698252201080322,True,{},{},0.09366505398065783,False,False,8132
G2_73101_3e-05,511,7,15723,52,0.1298060119152069,4.4590959548950195,True,{},{},0.09884372100350447,False,False,8132
G2_73101_3e-05,512,7,352,16,0.2120334506034851,3.085939407348633,True,{},{},0.09755207598209381,False,False,8132
G3_73101_3e-05,1,0,15723,52,0.3333037495613098,0.09572268277406693,False,{},{},0.10528646400780417,False,False,8142
G3_73101_3e-05,2,0,15715,44,0.1266624927520752,0.047717176377773285,False,{},{},0.0957923789974302,False,False,8142
G3_73101_3e-05,3,0,343,7,1.184122920036316,1.7040642499923706,True,{},{},0.09738959997775964,False,False,8142
G3_73101_3e-05,4,0,8027,35,0.2574806213378906,0.23773324489593506,False,{},{},0.09700615500332788,False,False,8142
G3_73101_3e-05,5,0,337,1,1.7128584384918213,2.821777582168579,True,{},{},0.09556500398321077,False,False,8142
G3_73101_3e-05,6,0,357,21,0.7976517081260681,2.0725815296173096,True,{},{},0.09943602900602855,False,False,8132
G3_73101_3e-05,7,0,336,0,1.334444522857666,3.90220308303833,True,{},{},0.09730881499126554,False,False,8132
G3_73101_3e-05,8,0,8019,27,0.2695154547691345,0.22348569333553314,False,{},{},0.09457337300409563,False,False,8132
G3_73101_3e-05,9,0,8028,36,0.17913860082626343,0.7056617736816406,False,{},{},0.0957001349888742,False,False,8132
G3_73101_3e-05,10,0,8018,26,0.2743951678276062,0.27898919582366943,False,{},{},0.09963316601351835,False,False,8132
G3_73101_3e-05,11,0,8021,29,0.27959805727005005,0.2200886458158493,False,{},{},0.09848442798829637,False,False,8132
G3_73101_3e-05,12,0,15731,60,0.5843735933303833,0.14042343199253082,False,{},{},0.09752258399385028,False,False,8132
G3_73101_3e-05,13,0,344,8,0.9972898364067078,0.9365901947021484,False,{},{},0.09550741699058563,False,False,8132
G3_73101_3e-05,14,0,15716,45,0.14895719289779663,0.05269399657845497,False,{},{},0.09208027899148874,False,False,8132
G3_73101_3e-05,15,0,15714,43,0.09361830353736877,0.05030812695622444,False,{},{},0.10007809000671841,False,False,8132
G3_73101_3e-05,16,0,15732,61,0.6251235604286194,0.15475061535835266,False,{},{},0.09640464899712242,False,False,8132
G3_73101_3e-05,17,0,349,13,1.3764277696609497,4.822824954986572,True,{},{},0.09826532701845281,False,False,8132
G3_73101_3e-05,18,0,340,4,0.9961872100830078,1.6081421375274658,True,{},{},0.10006284297560342,False,False,8132
G3_73101_3e-05,19,0,15727,56,0.42426469922065735,0.1425294727087021,False,{},{},0.0991316229919903,False,False,8132
G3_73101_3e-05,20,0,348,12,1.0524460077285767,1.6895506381988525,True,{},{},0.09920151199912652,False,False,8132
G3_73101_3e-05,21,0,338,2,1.4852274656295776,4.165131568908691,True,{},{},0.09994774000369944,False,False,8132
G3_73101_3e-05,22,0,15720,49,0.25986742973327637,0.0889781266450882,False,{},{},0.09614307599258609,False,False,8132
G3_73101_3e-05,23,0,346,10,0.9800631403923035,0.933575451374054,False,{},{},0.09661403400241397,False,False,8132
G3_73101_3e-05,24,0,8020,28,0.2754976153373718,0.25954732298851013,False,{},{},0.09438574698287994,False,False,8132
G3_73101_3e-05,25,0,15729,58,0.49093008041381836,0.11870519071817398,False,{},{},0.09720413500326686,False,False,8132
G3_73101_3e-05,26,0,341,5,0.9456703662872314,1.0344184637069702,True,{},{},0.10004359998856671,False,False,8132
G3_73101_3e-05,27,0,15724,53,0.3567764461040497,0.10139478743076324,False,{},{},0.09606747099314816,False,False,8132
G3_73101_3e-05,28,0,15712,41,0.042396266013383865,0.047311507165431976,False,{},{},0.09512712701689452,False,False,8132
G3_73101_3e-05,29,0,8031,39,0.18439804017543793,0.24475409090518951,False,{},{},0.10178570100106299,False,False,8132
G3_73101_3e-05,30,0,350,14,1.2910497188568115,6.338655471801758,True,{},{},0.09749283900600858,False,False,8132
G3_73101_3e-05,31,0,15730,59,0.5238878130912781,0.13535219430923462,False,{},{},0.09588339400943369,False,False,8132
G3_73101_3e-05,32,0,15734,63,0.6905912160873413,0.20634743571281433,False,{},{},0.09216629099682905,False,False,8132
G3_73101_3e-05,33,0,352,16,0.7321256995201111,1.506233811378479,True,{},{},0.09723851000308059,False,False,8132
G3_73101_3e-05,34,0,358,22,0.772178053855896,2.263580083847046,True,{},{},0.09830949499155395,False,False,8129
G3_73101_3e-05,35,0,347,11,0.9580404758453369,0.9448537230491638,False,{},{},0.09728960000211373,False,False,8129
G3_73101_3e-05,36,0,353,17,0.7249197959899902,1.5225536823272705,True,{},{},0.09404823600198142,False,False,8129
G3_73101_3e-05,37,0,354,18,0.7304943799972534,1.092822551727295,True,{},{},0.09823107998818159,False,False,8129
G3_73101_3e-05,38,0,15717,46,0.18002073466777802,0.06360157579183578,False,{},{},0.0931043150194455,False,False,8129
G3_73101_3e-05,39,0,15718,47,0.2040099799633026,0.08179225027561188,False,{},{},0.09904477398958988,False,False,8129
G3_73101_3e-05,40,0,15711,40,0.04303734004497528,0.05185386538505554,False,{},{},0.09658880499773659,False,False,8129
G3_73101_3e-05,41,0,8024,32,0.2670292854309082,0.17542433738708496,False,{},{},0.09400571801234037,False,False,8129
G3_73101_3e-05,42,0,8025,33,0.2729714512825012,0.1777735948562622,False,{},{},0.09410166900488548,False,False,8129
G3_73101_3e-05,43,0,15722,51,0.3060225248336792,0.0947592705488205,False,{},{},0.09420450599282049,False,False,8129
G3_73101_3e-05,44,0,359,23,0.7685831785202026,2.112842321395874,True,{},{},0.0998660920013208,False,False,8129
G3_73101_3e-05,45,0,15733,62,0.6534148454666138,0.1897212564945221,False,{},{},0.09679281400167383,False,False,8129
G3_73101_3e-05,46,0,15725,54,0.3810664415359497,0.1050507128238678,False,{},{},0.09494390297913924,False,False,8129
G3_73101_3e-05,47,0,8030,38,0.18035584688186646,0.4469295144081116,False,{},{},0.0942929640004877,False,False,8129
G3_73101_3e-05,48,0,355,19,0.6743752956390381,0.8198060393333435,False,{},{},0.09918330100481398,False,False,8130
G3_73101_3e-05,49,0,339,3,0.9256466627120972,1.1463227272033691,True,{},{},0.09528773199417628,False,False,8130
G3_73101_3e-05,50,0,8023,31,0.2698350250720978,0.2166747897863388,False,{},{},0.09346708899829537,False,False,8130
G3_73101_3e-05,51,0,8016,24,0.2810397744178772,0.33061322569847107,False,{},{},0.09374490997288376,False,False,8130
G3_73101_3e-05,52,0,8029,37,0.20187819004058838,0.918160080909729,False,{},{},0.09333428501849994,False,False,8130
G3_73101_3e-05,53,0,15728,57,0.45016351342201233,0.13054372370243073,False,{},{},0.100233514996944,False,False,8130
G3_73101_3e-05,54,0,342,6,0.9755955934524536,1.6628515720367432,True,{},{},0.09472361399093643,False,False,8130
G3_73101_3e-05,55,0,345,9,0.9258658289909363,0.8723489046096802,False,{},{},0.09485088699148037,False,False,8130
G3_73101_3e-05,56,0,15719,48,0.23255141079425812,0.088982492685318,False,{},{},0.09536731700063683,False,False,8130
G3_73101_3e-05,57,0,8022,30,0.2760484218597412,0.22894936800003052,False,{},{},0.09497226399253123,False,False,8130
G3_73101_3e-05,58,0,356,20,0.6247122287750244,1.0015612840652466,True,{},{},0.10359004299971275,False,False,8130
G3_73101_3e-05,59,0,15726,55,0.3978124260902405,0.13587766885757446,False,{},{},0.09659835800994188,False,False,8130
G3_73101_3e-05,60,0,8026,34,0.2535913586616516,0.21808108687400818,False,{},{},0.09341850999044254,False,False,8130
G3_73101_3e-05,61,0,8017,25,0.28040897846221924,0.34016352891921997,False,{},{},0.09297575100208633,False,False,8130
G3_73101_3e-05,62,0,351,15,0.7281856536865234,1.2665042877197266,True,{},{},0.09402468899497762,False,False,8130
G3_73101_3e-05,63,0,15713,42,0.06955181807279587,0.05482107028365135,False,{},{},0.10043297099764459,False,False,8130
G3_73101_3e-05,64,0,15721,50,0.2806941568851471,0.09563298523426056,False,{},{},0.09948901899042539,False,False,8130
G3_73101_3e-05,65,1,354,18,0.6562315225601196,1.0433955192565918,True,{},{},0.09544396202545613,False,False,8130
G3_73101_3e-05,66,1,15732,61,0.6177424192428589,0.18663223087787628,False,{},{},0.09547346900217235,False,False,8130
G3_73101_3e-05,67,1,357,21,0.6138184666633606,0.8806992769241333,False,{},{},0.10019318401464261,False,False,8130
G3_73101_3e-05,68,1,15726,55,0.396564245223999,0.13848519325256348,False,{},{},0.0951240099966526,False,False,8130
G3_73101_3e-05,69,1,15719,48,0.23164725303649902,0.09248779714107513,False,{},{},0.09642121999058872,False,False,8130
G3_73101_3e-05,70,1,8030,38,0.1701391190290451,0.35507500171661377,False,{},{},0.0956855840049684,False,False,8130
G3_73101_3e-05,71,1,341,5,0.883550226688385,1.8768725395202637,True,{},{},0.09880124201299623,False,False,8130
G3_73101_3e-05,72,1,344,8,0.8980061411857605,0.8228077292442322,False,{},{},0.09806505497545004,False,False,8130
G3_73101_3e-05,73,1,8017,25,0.2760847508907318,0.34977486729621887,False,{},{},0.09446779699646868,False,False,8130
G3_73101_3e-05,74,1,15717,46,0.17842750251293182,0.06743479520082474,False,{},{},0.09367442599614151,False,False,8130
G3_73101_3e-05,75,1,348,12,0.961932897567749,1.5751285552978516,True,{},{},0.09508617100073025,False,False,8130
G3_73101_3e-05,76,1,8022,30,0.2735762298107147,0.2443784922361374,False,{},{},0.10036681802012026,False,False,8130
G3_73101_3e-05,77,1,8027,35,0.24523788690567017,0.24887989461421967,False,{},{},0.09849038600805216,False,False,8130
G3_73101_3e-05,78,1,351,15,0.6833208203315735,1.4126389026641846,True,{},{},0.09310720799840055,False,False,8130
G3_73101_3e-05,79,1,8019,27,0.2591804265975952,0.23476886749267578,False,{},{},0.09555484799784608,False,False,8130
G3_73101_3e-05,80,1,15728,57,0.4463609457015991,0.14476139843463898,False,{},{},0.09760353801539168,False,False,8130
G3_73101_3e-05,81,1,338,2,1.160732626914978,5.662598133087158,True,{},{},0.10057852201862261,False,False,8132
G3_73101_3e-05,82,1,15722,51,0.302285760641098,0.10952455550432205,False,{},{},0.09327198599930853,False,False,8132
G3_73101_3e-05,83,1,339,3,0.8393355011940002,0.9668368101119995,False,{},{},0.09938374802004546,False,False,8132
G3_73101_3e-05,84,1,8016,24,0.26895672082901,0.3457208573818207,False,{},{},0.09705156600102782,False,False,8132
G3_73101_3e-05,85,1,15712,41,0.04341249167919159,0.063662089407444,False,{},{},0.09993884601863101,False,False,8132
G3_73101_3e-05,86,1,352,16,0.6158144474029541,0.7980507016181946,False,{},{},0.10036488101468422,False,False,8132
G3_73101_3e-05,87,1,15727,56,0.41559576988220215,0.1450410783290863,False,{},{},0.09519622099469416,False,False,8132
G3_73101_3e-05,88,1,15718,47,0.20081683993339539,0.09316476434469223,False,{},{},0.0976264969795011,False,False,8132
G3_73101_3e-05,89,1,15724,53,0.35044747591018677,0.11802690476179123,False,{},{},0.09458092201384716,False,False,8132
G3_73101_3e-05,90,1,8023,31,0.2643594443798065,0.23663263022899628,False,{},{},0.10064093398978002,False,False,8132
G3_73101_3e-05,91,1,15720,49,0.2540550231933594,0.10581625252962112,False,{},{},0.10141635598847643,False,False,8132
G3_73101_3e-05,92,1,8029,37,0.1733091175556183,0.6407560706138611,False,{},{},0.0972420270263683,False,False,8132
G3_73101_3e-05,93,1,346,10,0.8937891721725464,1.0009464025497437,True,{},{},0.0974484579928685,False,False,8132
G3_73101_3e-05,94,1,15714,43,0.0936957597732544,0.06703998148441315,False,{},{},0.09599867902579717,False,False,8132
G3_73101_3e-05,95,1,15715,44,0.1243385523557663,0.058985985815525055,False,{},{},0.10113890399225056,False,False,8132
G3_73101_3e-05,96,1,15716,45,0.14622360467910767,0.06338684260845184,False,{},{},0.10030322801321745,False,False,8132
G3_73101_3e-05,97,1,15731,60,0.5716890096664429,0.18182659149169922,False,{},{},0.09821807700791396,False,False,8132
G3_73101_3e-05,98,1,340,4,0.8270176649093628,1.3332676887512207,True,{},{},0.09653750600409694,False,False,8132
G3_73101_3e-05,99,1,8025,33,0.2638136148452759,0.20412388443946838,False,{},{},0.10159679301432334,False,False,8132
G3_73101_3e-05,100,1,15729,58,0.4807814359664917,0.1456596553325653,False,{},{},0.09945392498048022,False,False,8132
G3_73101_3e-05,101,1,349,13,1.150876760482788,7.5716423988342285,True,{},{},0.09856235899496824,False,False,8132
G3_73101_3e-05,102,1,8020,28,0.2669750452041626,0.2960037887096405,False,{},{},0.0975318840064574,False,False,8132
G3_73101_3e-05,103,1,337,1,1.1189751625061035,6.75541353225708,True,{},{},0.0978595569904428,False,False,8132
G3_73101_3e-05,104,1,15730,59,0.5125255584716797,0.16089624166488647,False,{},{},0.0995936690014787,False,False,8132
G3_73101_3e-05,105,1,8021,29,0.2678648829460144,0.260567307472229,False,{},{},0.09866274299565703,False,False,8132
G3_73101_3e-05,106,1,342,6,0.8734071850776672,1.6653069257736206,True,{},{},0.09705215599387884,False,False,8132
G3_73101_3e-05,107,1,345,9,0.8594553470611572,0.8039372563362122,False,{},{},0.09861646202625707,False,False,8132
G3_73101_3e-05,108,1,8024,32,0.25840872526168823,0.20478710532188416,False,{},{},0.09505895100301132,False,False,8132
G3_73101_3e-05,109,1,8018,26,0.25303903222084045,0.2781428396701813,False,{},{},0.10194758101715706,False,False,8132
G3_73101_3e-05,110,1,355,19,0.556437611579895,0.903533399105072,False,{},{},0.09911101800389588,False,False,8132
G3_73101_3e-05,111,1,358,22,0.5842456817626953,1.4337507486343384,True,{},{},0.0966999199881684,False,False,8132
G3_73101_3e-05,112,1,15711,40,0.04477664455771446,0.07731245458126068,False,{},{},0.09809193201363087,False,False,8132
G3_73101_3e-05,113,1,336,0,0.8478108644485474,1.5869877338409424,True,{},{},0.09267889100010507,False,False,8132
G3_73101_3e-05,114,1,8026,34,0.24176821112632751,0.24684888124465942,False,{},{},0.09979797501000576,False,False,8132
G3_73101_3e-05,115,1,15723,52,0.3215186297893524,0.12674365937709808,False,{},{},0.09843995701521635,False,False,8132
G3_73101_3e-05,116,1,353,17,0.5601138472557068,1.2748504877090454,True,{},{},0.09746161598013714,False,False,8132
G3_73101_3e-05,117,1,359,23,0.5753910541534424,1.1027675867080688,True,{},{},0.09769894400960766,False,False,8132
G3_73101_3e-05,118,1,8031,39,0.16821379959583282,0.2851032614707947,False,{},{},0.09977191599318758,False,False,8132
G3_73101_3e-05,119,1,8028,36,0.14685514569282532,0.5902531743049622,False,{},{},0.09733275600592606,False,False,8132
G3_73101_3e-05,120,1,15713,42,0.07037650048732758,0.07592515647411346,False,{},{},0.09999686400988139,False,False,8132
G3_73101_3e-05,121,1,343,7,0.9193623065948486,2.4436120986938477,True,{},{},0.10331646900158376,False,False,8132
G3_73101_3e-05,122,1,15725,54,0.37099963426589966,0.13463552296161652,False,{},{},0.10193798097316176,False,False,8132
G3_73101_3e-05,123,1,15733,62,0.6381092071533203,0.2184188812971115,False,{},{},0.10637155201402493,False,False,8128
G3_73101_3e-05,124,1,15721,50,0.27424198389053345,0.11288251727819443,False,{},{},0.09813832098734565,False,False,8128
G3_73101_3e-05,125,1,15734,63,0.6727001667022705,0.2474340945482254,False,{},{},0.09420455998042598,False,False,8128
G3_73101_3e-05,126,1,356,20,0.5021476149559021,0.8222943544387817,False,{},{},0.0950246260035783,False,False,8128
G3_73101_3e-05,127,1,347,11,0.8392175436019897,0.9275177717208862,False,{},{},0.09696286797407083,False,False,8128
G3_73101_3e-05,128,1,350,14,0.8279880285263062,6.540459632873535,True,{},{},0.09955147298751399,False,False,8127
G3_73101_3e-05,129,2,8026,34,0.23640592396259308,0.2431710809469223,False,{},{},0.09875745099270716,False,False,8127
G3_73101_3e-05,130,2,15724,53,0.3442160487174988,0.12979881465435028,False,{},{},0.09933719297987409,False,False,8127
G3_73101_3e-05,131,2,15712,41,0.0449281707406044,0.08752524107694626,False,{},{},0.09534807500313036,False,False,8127
G3_73101_3e-05,132,2,15719,48,0.22656935453414917,0.11005251854658127,False,{},{},0.10156487199128605,False,False,8127
G3_73101_3e-05,133,2,347,11,0.8252389430999756,0.884540319442749,False,{},{},0.09727449400816113,False,False,8127
G3_73101_3e-05,134,2,8029,37,0.15641915798187256,0.5622466802597046,False,{},{},0.09796579601243138,False,False,8127
G3_73101_3e-05,135,2,8019,27,0.2495681494474411,0.277243435382843,False,{},{},0.09858017400256358,False,False,8127
G3_73101_3e-05,136,2,356,20,0.48317044973373413,0.6649153232574463,False,{},{},0.09757925101439469,False,False,8127
G3_73101_3e-05,137,2,358,22,0.5154467821121216,0.6513493061065674,False,{},{},0.1014711789903231,False,False,8127
G3_73101_3e-05,138,2,357,21,0.5073191523551941,1.0193562507629395,True,{},{},0.09935711600701325,False,False,8127
G3_73101_3e-05,139,2,15721,50,0.2719135284423828,0.12297829240560532,False,{},{},0.09854866401292384,False,False,8127
G3_73101_3e-05,140,2,8031,39,0.162906676530838,0.29574790596961975,False,{},{},0.09437413400155492,False,False,8127
G3_73101_3e-05,141,2,15723,52,0.3174898028373718,0.13021941483020782,False,{},{},0.1018670559860766,False,False,8127
G3_73101_3e-05,142,2,15734,63,0.6677003502845764,0.25395432114601135,False,{},{},0.09726837600464933,False,False,8127
G3_73101_3e-05,143,2,15720,49,0.24725341796875,0.12351127713918686,False,{},{},0.09991633100435138,False,False,8127
G3_73101_3e-05,144,2,8020,28,0.2588862478733063,0.34108978509902954,False,{},{},0.09635510001680814,False,False,8127
G3_73101_3e-05,145,2,337,1,0.9853180646896362,6.325437545776367,True,{},{},0.09315732098184526,False,False,8127
G3_73101_3e-05,146,2,15714,43,0.09415905177593231,0.08855205029249191,False,{},{},0.10044026299146935,False,False,8127
G3_73101_3e-05,147,2,15732,61,0.599835216999054,0.20701353251934052,False,{},{},0.09220216301036999,False,False,8127
G3_73101_3e-05,148,2,15711,40,0.046032026410102844,0.0990806445479393,False,{},{},0.09567784899263643,False,False,8127
G3_73101_3e-05,149,2,354,18,0.519952118396759,0.956922709941864,False,{},{},0.09701420302735642,False,False,8127
G3_73101_3e-05,150,2,8028,36,0.13515615463256836,0.5841093063354492,False,{},{},0.09471471500000916,False,False,8127
G3_73101_3e-05,151,2,351,15,0.5545754432678223,1.5670759677886963,True,{},{},0.09546986798522994,False,False,8128
G3_73101_3e-05,152,2,15729,58,0.47199738025665283,0.16613830626010895,False,{},{},0.09682575598708354,False,False,8128
G3_73101_3e-05,153,2,8030,38,0.14966973662376404,0.34516024589538574,False,{},{},0.09322227200027555,False,False,8128
G3_73101_3e-05,154,2,15725,54,0.3656129837036133,0.14379873871803284,False,{},{},0.09278799800085835,False,False,8128
G3_73101_3e-05,155,2,341,5,0.7854276895523071,1.9094436168670654,True,{},{},0.09794581300229765,False,False,8128
G3_73101_3e-05,156,2,15718,47,0.1949911117553711,0.09923992305994034,False,{},{},0.09360024699708447,False,False,8128
G3_73101_3e-05,157,2,338,2,0.8279381990432739,4.393281936645508,True,{},{},0.09893935199943371,False,False,8128
G3_73101_3e-05,158,2,349,13,0.7126439809799194,4.9358344078063965,True,{},{},0.09572593501070514,False,False,8128
G3_73101_3e-05,159,2,15713,42,0.07149858772754669,0.09574659168720245,False,{},{},0.09339855800499208,False,False,8128
G3_73101_3e-05,160,2,343,7,0.8546322584152222,2.842794179916382,True,{},{},0.09800205298233777,False,False,8128
G3_73101_3e-05,161,2,350,14,0.6081767678260803,3.22294545173645,True,{},{},0.09805202900315635,False,False,8128
G3_73101_3e-05,162,2,8024,32,0.2504824995994568,0.24760572612285614,False,{},{},0.09671044501010329,False,False,8128
G3_73101_3e-05,163,2,15728,57,0.43526768684387207,0.16299523413181305,False,{},{},0.09646028000861406,False,False,8128
G3_73101_3e-05,164,2,344,8,0.7802444696426392,0.8780909180641174,False,{},{},0.09720037700026296,False,False,8128
G3_73101_3e-05,165,2,15730,59,0.5014224648475647,0.18915320932865143,False,{},{},0.09913299599429592,False,False,8127
G3_73101_3e-05,166,2,8018,26,0.24273793399333954,0.3114474415779114,False,{},{},0.09738448399002664,False,False,8127
G3_73101_3e-05,167,2,8016,24,0.24830040335655212,0.39097896218299866,False,{},{},0.09425993400509469,False,False,8127
G3_73101_3e-05,168,2,353,17,0.48134079575538635,1.2990467548370361,True,{},{},0.09520681900903583,False,False,8127
G3_73101_3e-05,169,2,348,12,0.8123714327812195,1.5100350379943848,True,{},{},0.09582695399876684,False,False,8127
G3_73101_3e-05,170,2,15726,55,0.3831028342247009,0.1425241380929947,False,{},{},0.09808200399857014,False,False,8132
G3_73101_3e-05,171,2,8022,30,0.25553253293037415,0.3044623136520386,False,{},{},0.09799703600583598,False,False,8132
G3_73101_3e-05,172,2,15727,56,0.4048430919647217,0.15313200652599335,False,{},{},0.09286459302529693,False,False,8132
G3_73101_3e-05,173,2,15722,51,0.2896246016025543,0.1393679678440094,False,{},{},0.09130268200533465,False,False,8132
G3_73101_3e-05,174,2,8017,25,0.24555198848247528,0.3808739185333252,False,{},{},0.10289629001636058,False,False,8132
G3_73101_3e-05,175,2,15715,44,0.12308302521705627,0.10350711643695831,False,{},{},0.09519365098094568,False,False,8132
G3_73101_3e-05,176,2,8027,35,0.22847473621368408,0.32898879051208496,False,{},{},0.09597602000576444,False,False,8132
G3_73101_3e-05,177,2,15716,45,0.14322969317436218,0.08356654644012451,False,{},{},0.09300981101114303,False,False,8132
G3_73101_3e-05,178,2,8025,33,0.24646222591400146,0.2596721947193146,False,{},{},0.09273160400334746,False,False,8132
G3_73101_3e-05,179,2,8023,31,0.24773791432380676,0.2950631380081177,False,{},{},0.09953890801989473,False,False,8132
G3_73101_3e-05,180,2,336,0,0.7069019675254822,1.3780744075775146,True,{},{},0.09800280100898817,False,False,8132
G3_73101_3e-05,181,2,340,4,0.7254699468612671,1.4664098024368286,True,{},{},0.09474307400523685,False,False,8132
G3_73101_3e-05,182,2,346,10,0.7845775485038757,1.3895902633666992,True,{},{},0.09636849199887365,False,False,8132
G3_73101_3e-05,183,2,359,23,0.49365711212158203,0.9396548867225647,False,{},{},0.09217856300529093,False,False,8132
G3_73101_3e-05,184,2,352,16,0.48641154170036316,0.9186365604400635,False,{},{},0.09912714001256973,False,False,8132
G3_73101_3e-05,185,2,345,9,0.7568199634552002,0.9439811706542969,False,{},{},0.0965933249972295,False,False,8132
G3_73101_3e-05,186,2,339,3,0.7076108455657959,1.4071221351623535,True,{},{},0.09484474899363704,False,False,8132
G3_73101_3e-05,187,2,15717,46,0.17149516940116882,0.09755358844995499,False,{},{},0.0965568299870938,False,False,8132
G3_73101_3e-05,188,2,342,6,0.7616218328475952,1.753280520439148,True,{},{},0.09840173099655658,False,False,8132
G3_73101_3e-05,189,2,8021,29,0.24901458621025085,0.3407410979270935,False,{},{},0.09908680999069475,False,False,8133
G3_73101_3e-05,190,2,355,19,0.4566890597343445,1.0546209812164307,True,{},{},0.09851187901222147,False,False,8133
G3_73101_3e-05,191,2,15733,62,0.6231550574302673,0.2394639253616333,False,{},{},0.09447110898327082,False,False,8133
G3_73101_3e-05,192,2,15731,60,0.554944634437561,0.21324677765369415,False,{},{},0.09381531900726259,False,False,8133
G3_73101_3e-05,193,3,354,18,0.4684906005859375,1.508243441581726,True,{},{},0.10291041000164114,False,False,8133
G3_73101_3e-05,194,3,8019,27,0.23520037531852722,0.3255932629108429,False,{},{},0.09535483398940414,False,False,8133
G3_73101_3e-05,195,3,15727,56,0.40258365869522095,0.15511952340602875,False,{},{},0.0970279150060378,False,False,8133
G3_73101_3e-05,196,3,349,13,0.5272467136383057,1.3543685674667358,True,{},{},0.0966476000030525,False,False,8133
G3_73101_3e-05,197,3,8020,28,0.24248377978801727,0.3488580882549286,False,{},{},0.09584807200008072,False,False,8133
G3_73101_3e-05,198,3,15718,47,0.19355010986328125,0.12138338387012482,False,{},{},0.09886078198906034,False,False,8132
G3_73101_3e-05,199,3,8027,35,0.22362825274467468,0.36527708172798157,False,{},{},0.09089812097954564,False,False,8132
G3_73101_3e-05,200,3,358,22,0.4760972261428833,0.9856816530227661,False,{},{},0.09464731501066126,False,False,8132
G3_73101_3e-05,201,3,359,23,0.4747615158557892,1.0875903367996216,True,{},{},0.0938550220162142,False,False,8132
G3_73101_3e-05,202,3,353,17,0.44883665442466736,1.4854341745376587,True,{},{},0.09491504699690267,False,False,8132
G3_73101_3e-05,203,3,348,12,0.7505818605422974,1.4039422273635864,True,{},{},0.09561186001519673,False,False,8132
G3_73101_3e-05,204,3,356,20,0.4274854362010956,0.9093633890151978,False,{},{},0.09461605499382131,False,False,8132
G3_73101_3e-05,205,3,8026,34,0.22077177464962006,0.30935704708099365,False,{},{},0.09477923301164992,False,False,8132
G3_73101_3e-05,206,3,8023,31,0.2395416498184204,0.3033839762210846,False,{},{},0.0977141390030738,False,False,8132
G3_73101_3e-05,207,3,15733,62,0.6200958490371704,0.2485741823911667,False,{},{},0.10257601601188071,False,False,8132
G3_73101_3e-05,208,3,8022,30,0.2409999668598175,0.3088260591030121,False,{},{},0.0937401260016486,False,False,8132
G3_73101_3e-05,209,3,15711,40,0.047695837914943695,0.13876178860664368,False,{},{},0.09514512901660055,False,False,8132
G3_73101_3e-05,210,3,357,21,0.4457024335861206,1.096764326095581,True,{},{},0.09200137399602681,False,False,8132
G3_73101_3e-05,211,3,15725,54,0.35918065905570984,0.15127940475940704,False,{},{},0.09420605000923388,False,False,8132
G3_73101_3e-05,212,3,15721,50,0.2628116011619568,0.1449073702096939,False,{},{},0.09825821197591722,False,False,8132
G3_73101_3e-05,213,3,343,7,0.736814022064209,1.6195060014724731,True,{},{},0.09935960799339227,False,False,8132
G3_73101_3e-05,214,3,8021,29,0.23646271228790283,0.3625507950782776,False,{},{},0.09827425499679521,False,False,8132
G3_73101_3e-05,215,3,341,5,0.7070015668869019,2.066190719604492,True,{},{},0.0967575180111453,False,False,8132
G3_73101_3e-05,216,3,8017,25,0.22911770641803741,0.37890878319740295,False,{},{},0.09611894100089557,False,False,8132
G3_73101_3e-05,217,3,8030,38,0.13933587074279785,0.41987496614456177,False,{},{},0.10915245601790957,False,False,8132
G3_73101_3e-05,218,3,15714,43,0.09523934870958328,0.12504726648330688,False,{},{},0.09542696899734437,False,False,8132
G3_73101_3e-05,219,3,346,10,0.7274264097213745,1.2238833904266357,True,{},{},0.09286811397760175,False,False,8132
G3_73101_3e-05,220,3,15722,51,0.2851780652999878,0.15719611942768097,False,{},{},0.09481596099794842,False,False,8132
G3_73101_3e-05,221,3,347,11,0.727332353591919,0.9641439318656921,False,{},{},0.09765757800778374,False,False,8132
G3_73101_3e-05,222,3,15729,58,0.4629291892051697,0.19007666409015656,False,{},{},0.09867529702023603,False,False,8133
G3_73101_3e-05,223,3,15734,63,0.6520519256591797,0.294457346200943,False,{},{},0.09486443601781502,False,False,8133
G3_73101_3e-05,224,3,352,16,0.4539470672607422,1.22539484500885,True,{},{},0.0946930700156372,False,False,8133
G3_73101_3e-05,225,3,350,14,0.4969750642776489,1.774503231048584,True,{},{},0.09756523100077175,False,False,8133
G3_73101_3e-05,226,3,336,0,0.6820685863494873,1.0131263732910156,True,{},{},0.09680557198589668,False,False,8133
G3_73101_3e-05,227,3,8018,26,0.22287431359291077,0.3802209794521332,False,{},{},0.0942299269954674,False,False,8133
G3_73101_3e-05,228,3,15717,46,0.16909606754779816,0.10850619524717331,False,{},{},0.1003453349985648,False,False,8133
G3_73101_3e-05,229,3,351,15,0.4549207091331482,1.199938178062439,True,{},{},0.09475500299595296,False,False,8133
G3_73101_3e-05,230,3,15719,48,0.21891546249389648,0.15570814907550812,False,{},{},0.09418546801316552,False,False,8133
G3_73101_3e-05,231,3,338,2,0.7331451177597046,1.8041245937347412,True,{},{},0.10033361500245519,False,False,8133
G3_73101_3e-05,232,3,8016,24,0.22142274677753448,0.4009741246700287,False,{},{},0.09512550799991004,False,False,8133
G3_73101_3e-05,233,3,15728,57,0.42868971824645996,0.17303171753883362,False,{},{},0.09411628800444305,False,False,8133
G3_73101_3e-05,234,3,337,1,0.7536087036132812,3.05696439743042,True,{},{},0.09377582400338724,False,False,8133
G3_73101_3e-05,235,3,15713,42,0.07268217206001282,0.14002753794193268,False,{},{},0.0964163210010156,False,False,8133
G3_73101_3e-05,236,3,15731,60,0.5499053597450256,0.245070680975914,False,{},{},0.10092197501217015,False,False,8132
G3_73101_3e-05,237,3,340,4,0.6595519781112671,0.8907497525215149,False,{},{},0.09604941098950803,False,False,8132
G3_73101_3e-05,238,3,15724,53,0.3297279477119446,0.16179178655147552,False,{},{},0.09781835999456234,False,False,8132
G3_73101_3e-05,239,3,15716,45,0.1421378254890442,0.10526875406503677,False,{},{},0.098108267004136,False,False,8132
G3_73101_3e-05,240,3,8031,39,0.14265188574790955,0.46437951922416687,False,{},{},0.09865822497522458,False,False,8132
G3_73101_3e-05,241,3,15723,52,0.3063148260116577,0.1637835055589676,False,{},{},0.09803394100163132,False,False,8132
G3_73101_3e-05,242,3,8024,32,0.2290562391281128,0.34490638971328735,False,{},{},0.09444078701199032,False,False,8132
G3_73101_3e-05,243,3,8028,36,0.124184250831604,0.7150925397872925,False,{},{},0.09519011300290003,False,False,8132
G3_73101_3e-05,244,3,15720,49,0.23666024208068848,0.15342038869857788,False,{},{},0.09985294300713576,False,False,8132
G3_73101_3e-05,245,3,344,8,0.710307240486145,1.526900053024292,True,{},{},0.10131396297947504,False,False,8132
G3_73101_3e-05,246,3,339,3,0.6744446754455566,1.7285655736923218,True,{},{},0.09603828200488351,False,False,8132
G3_73101_3e-05,247,3,345,9,0.7035539150238037,1.5966213941574097,True,{},{},0.09649806801462546,False,False,8132
G3_73101_3e-05,248,3,342,6,0.6867179870605469,1.2251981496810913,True,{},{},0.09548686601920053,False,False,8132
G3_73101_3e-05,249,3,15726,55,0.37484127283096313,0.18535064160823822,False,{},{},0.0954206149908714,False,False,8132
G3_73101_3e-05,250,3,15732,61,0.5826548337936401,0.2638200521469116,False,{},{},0.10165545000927523,False,False,8132
G3_73101_3e-05,251,3,15715,44,0.1226731389760971,0.15793216228485107,False,{},{},0.09816048998618498,False,False,8132
G3_73101_3e-05,252,3,8029,37,0.13603553175926208,1.6148689985275269,True,{},{},0.09880018499097787,False,False,8132
G3_73101_3e-05,253,3,8025,33,0.22845226526260376,0.32426947355270386,False,{},{},0.09791766700800508,False,False,8132
G3_73101_3e-05,254,3,355,19,0.4224550127983093,1.633565902709961,True,{},{},0.09580748100415803,False,False,8132
G3_73101_3e-05,255,3,15712,41,0.04861202463507652,0.1635919213294983,False,{},{},0.10118111700285226,False,False,8133
G3_73101_3e-05,256,3,15730,59,0.4892934262752533,0.24047157168388367,False,{},{},0.09522168801049702,False,False,8133
G3_73101_3e-05,257,4,15720,49,0.2352113127708435,0.16242264211177826,False,{},{},0.09724024898605421,False,False,8133
G3_73101_3e-05,258,4,359,23,0.44087690114974976,1.2017872333526611,True,{},{},0.09498010401148349,False,False,8133
G3_73101_3e-05,259,4,8026,34,0.2113134264945984,0.39713549613952637,False,{},{},0.1000344269850757,False,False,8132
G3_73101_3e-05,260,4,339,3,0.6490201950073242,0.8991396427154541,False,{},{},0.093581095978152,False,False,8132
G3_73101_3e-05,261,4,345,9,0.6868189573287964,1.0962210893630981,True,{},{},0.09834646101808175,False,False,8132
G3_73101_3e-05,262,4,15733,62,0.6104303002357483,0.28433477878570557,False,{},{},0.09866846600198187,False,False,8132
G3_73101_3e-05,263,4,15726,55,0.3728511929512024,0.20017030835151672,False,{},{},0.0944397670100443,False,False,8132
G3_73101_3e-05,264,4,342,6,0.6652839183807373,0.8697081804275513,False,{},{},0.10156775498762727,False,False,8132
G3_73101_3e-05,265,4,8019,27,0.21654227375984192,0.40016740560531616,False,{},{},0.09602875201380812,False,False,8132
G3_73101_3e-05,266,4,346,10,0.6752562522888184,1.2664902210235596,True,{},{},0.09738218699931167,False,False,8132
G3_73101_3e-05,267,4,15715,44,0.12189282476902008,0.15838375687599182,False,{},{},0.0977518710133154,False,False,8132
G3_73101_3e-05,268,4,349,13,0.4633936882019043,1.3564391136169434,True,{},{},0.09346845999243669,False,False,8132
G3_73101_3e-05,269,4,338,2,0.6811093091964722,1.7420765161514282,True,{},{},0.09671350099961273,False,False,8132
G3_73101_3e-05,270,4,8030,38,0.12698444724082947,0.5037289261817932,False,{},{},0.09707085500122048,False,False,8132
G3_73101_3e-05,271,4,8020,28,0.2196190059185028,0.3967379927635193,False,{},{},0.09768843700294383,False,False,8132
G3_73101_3e-05,272,4,15725,54,0.3524358868598938,0.19869904220104218,False,{},{},0.09521046400186606,False,False,8132
G3_73101_3e-05,273,4,348,12,0.6868311762809753,0.9736548066139221,False,{},{},0.0967536160023883,False,False,8132
G3_73101_3e-05,274,4,15711,40,0.048136305063962936,0.17843523621559143,False,{},{},0.09368856099899858,False,False,8132
G3_73101_3e-05,275,4,15730,59,0.4866940975189209,0.25633254647254944,False,{},{},0.09610462200362235,False,False,8132
G3_73101_3e-05,276,4,8025,33,0.22141234576702118,0.3394889533519745,False,{},{},0.09496084199054167,False,False,8132
G3_73101_3e-05,277,4,352,16,0.4373616874217987,2.3032925128936768,True,{},{},0.09434265000163577,False,False,8132
G3_73101_3e-05,278,4,350,14,0.45190203189849854,1.5448243618011475,True,{},{},0.10101141699124128,False,False,8132
G3_73101_3e-05,279,4,8028,36,0.11933062970638275,0.7855184674263,False,{},{},0.09606735801207833,False,False,8132
G3_73101_3e-05,280,4,353,17,0.42756909132003784,2.002284526824951,True,{},{},0.09747617301763967,False,False,8132
G3_73101_3e-05,281,4,343,7,0.6634341478347778,1.7841508388519287,True,{},{},0.0959568889811635,False,False,8132
G3_73101_3e-05,282,4,15729,58,0.4537813365459442,0.2201511263847351,False,{},{},0.09307492498192005,False,False,8132
G3_73101_3e-05,283,4,8022,30,0.22190038859844208,0.3208041787147522,False,{},{},0.09756936400663108,False,False,8133
G3_73101_3e-05,284,4,351,15,0.42482224106788635,0.9619645476341248,False,{},{},0.09348335099639371,False,False,8133
G3_73101_3e-05,285,4,15721,50,0.25550568103790283,0.19747526943683624,False,{},{},0.09468678999110125,False,False,8133
G3_73101_3e-05,286,4,340,4,0.6251113414764404,1.8981084823608398,True,{},{},0.09577497601276264,False,False,8133
G3_73101_3e-05,287,4,354,18,0.43525922298431396,2.0831429958343506,True,{},{},0.10642986398306675,False,False,8133
G3_73101_3e-05,288,4,358,22,0.40920233726501465,1.2020686864852905,True,{},{},0.0986102529859636,False,False,8133
G3_73101_3e-05,289,4,15727,56,0.3899429142475128,0.2151506543159485,False,{},{},0.09692958899540827,False,False,8133
G3_73101_3e-05,290,4,15716,45,0.14002779126167297,0.11571677029132843,False,{},{},0.09514035799656995,False,False,8133
G3_73101_3e-05,291,4,357,21,0.3973442316055298,0.8652098774909973,False,{},{},0.09445680901990272,False,False,8133
G3_73101_3e-05,292,4,8031,39,0.1268957257270813,0.49639737606048584,False,{},{},0.09860044601373374,False,False,8133
G3_73101_3e-05,293,4,347,11,0.6589796543121338,0.8804670572280884,False,{},{},0.09578624498681165,False,False,8132
G3_73101_3e-05,294,4,15719,48,0.21476957201957703,0.20835596323013306,False,{},{},0.0965110840043053,False,False,8132
G3_73101_3e-05,295,4,8029,37,0.11061517894268036,1.329299807548523,True,{},{},0.09331970100174658,False,False,8132
G3_73101_3e-05,296,4,15723,52,0.29978644847869873,0.19487926363945007,False,{},{},0.09310556697892025,False,False,8132
G3_73101_3e-05,297,4,15724,53,0.32181018590927124,0.20518361032009125,False,{},{},0.09785247800755315,False,False,8132
G3_73101_3e-05,298,4,15731,60,0.5384163856506348,0.29651495814323425,False,{},{},0.09513377299299464,False,False,8132
G3_73101_3e-05,299,4,8016,24,0.20559173822402954,0.44340863823890686,False,{},{},0.0965136699960567,False,False,8132
G3_73101_3e-05,300,4,15717,46,0.16567815840244293,0.1323365569114685,False,{},{},0.09943094401387498,False,False,8132
G3_73101_3e-05,301,4,15722,51,0.27759164571762085,0.2398696392774582,False,{},{},0.09562013600952923,False,False,8132
G3_73101_3e-05,302,4,15732,61,0.5717496275901794,0.316779762506485,False,{},{},0.0999662569956854,False,False,8132
G3_73101_3e-05,303,4,8017,25,0.20354631543159485,0.41387975215911865,False,{},{},0.10232966899638996,False,False,8132
G3_73101_3e-05,304,4,8023,31,0.2152070254087448,0.36132681369781494,False,{},{},0.09711036298540421,False,False,8132
G3_73101_3e-05,305,4,15728,57,0.41911259293556213,0.24799282848834991,False,{},{},0.09848523797700182,False,False,8132
G3_73101_3e-05,306,4,336,0,0.6425914168357849,1.4480539560317993,True,{},{},0.09552952498779632,False,False,8132
G3_73101_3e-05,307,4,337,1,0.6772048473358154,2.3853952884674072,True,{},{},0.10462754699983634,False,False,8132
G3_73101_3e-05,308,4,341,5,0.6123281717300415,1.914270043373108,True,{},{},0.09858054100186564,False,False,8132
G3_73101_3e-05,309,4,15734,63,0.6335425972938538,0.3919593095779419,False,{},{},0.09322883599088527,False,False,8132
G3_73101_3e-05,310,4,8018,26,0.2017846256494522,0.5364764928817749,False,{},{},0.09340714599238709,False,False,8132
G3_73101_3e-05,311,4,8027,35,0.1995210200548172,0.6512541770935059,False,{},{},0.09745485399616882,False,False,8132
G3_73101_3e-05,312,4,15718,47,0.18678303062915802,0.17046378552913666,False,{},{},0.09908175998134539,False,False,8132
G3_73101_3e-05,313,4,15713,42,0.07433080673217773,0.21394427120685577,False,{},{},0.09618150399182923,False,False,8132
G3_73101_3e-05,314,4,8021,29,0.20762616395950317,0.3918215036392212,False,{},{},0.09720256901346147,False,False,8132
G3_73101_3e-05,315,4,15714,43,0.09460007399320602,0.17825531959533691,False,{},{},0.09265725399018265,False,False,8132
G3_73101_3e-05,316,4,355,19,0.39047887921333313,1.0615569353103638,True,{},{},0.09942195599433035,False,False,8133
G3_73101_3e-05,317,4,344,8,0.6359891891479492,1.2977666854858398,True,{},{},0.09541675698710606,False,False,8133
G3_73101_3e-05,318,4,15712,41,0.04953186586499214,0.2173042744398117,False,{},{},0.0950423410104122,False,False,8133
G3_73101_3e-05,319,4,8024,32,0.20887909829616547,0.43464165925979614,False,{},{},0.09364413699950092,False,False,8133
G3_73101_3e-05,320,4,356,20,0.37566930055618286,1.0668760538101196,True,{},{},0.0926574070181232,False,False,8133
G3_73101_3e-05,321,5,15721,50,0.2517080008983612,0.2477492392063141,False,{},{},0.10144629099522717,False,False,8133
G3_73101_3e-05,322,5,347,11,0.6389645934104919,1.2044472694396973,True,{},{},0.09561735001625493,False,False,8133
G3_73101_3e-05,323,5,8027,35,0.18916037678718567,0.49793633818626404,False,{},{},0.09655192799982615,False,False,8133
G3_73101_3e-05,324,5,8022,30,0.20850470662117004,0.33485594391822815,False,{},{},0.09687605200451799,False,False,8133
G3_73101_3e-05,325,5,15718,47,0.18590301275253296,0.18499043583869934,False,{},{},0.09674824000103399,False,False,8133
G3_73101_3e-05,326,5,341,5,0.5790181756019592,1.0483397245407104,True,{},{},0.09915189698222093,False,False,8133
G3_73101_3e-05,327,5,15719,48,0.21170121431350708,0.2514927387237549,False,{},{},0.0966407630185131,False,False,8133
G3_73101_3e-05,328,5,357,21,0.3656499683856964,0.7100343704223633,False,{},{},0.09502639097627252,False,False,8133
G3_73101_3e-05,329,5,8031,39,0.1158360093832016,0.6513632535934448,False,{},{},0.09733570899697952,False,False,8133
G3_73101_3e-05,330,5,358,22,0.3837084174156189,1.1319584846496582,True,{},{},0.1043502910179086,False,False,8132
G3_73101_3e-05,331,5,8020,28,0.19428107142448425,0.43450790643692017,False,{},{},0.0959149050177075,False,False,8132
G3_73101_3e-05,332,5,8026,34,0.19196894764900208,0.5464056730270386,False,{},{},0.10182246900512837,False,False,8132
G3_73101_3e-05,333,5,15729,58,0.4458498954772949,0.3128677010536194,False,{},{},0.09563844901276752,False,False,8132
G3_73101_3e-05,334,5,15722,51,0.2741925120353699,0.308282732963562,False,{},{},0.09282918999087997,False,False,8132
G3_73101_3e-05,335,5,8029,37,0.09110672771930695,0.8619855642318726,False,{},{},0.1068756130116526,False,False,8132
G3_73101_3e-05,336,5,353,17,0.3912894129753113,1.3599461317062378,True,{},{},0.09235135800554417,False,False,8132
G3_73101_3e-05,337,5,338,2,0.623856782913208,2.440540313720703,True,{},{},0.09454234398435801,False,False,8132
G3_73101_3e-05,338,5,8018,26,0.18943029642105103,0.45811164379119873,False,{},{},0.09616116099641658,False,False,8132
G3_73101_3e-05,339,5,8024,32,0.1985197812318802,0.39438602328300476,False,{},{},0.09412620900548063,False,False,8132
G3_73101_3e-05,340,5,343,7,0.6001671552658081,1.6527127027511597,True,{},{},0.10104357899399474,False,False,8132
G3_73101_3e-05,341,5,346,10,0.6012762784957886,1.2225991487503052,True,{},{},0.09274328200262971,False,False,8132
G3_73101_3e-05,342,5,354,18,0.39804309606552124,1.9126477241516113,True,{},{},0.09535139999934472,False,False,8132
G3_73101_3e-05,343,5,8028,36,0.094088613986969,0.839907705783844,False,{},{},0.0969147699943278,False,False,8132
G3_73101_3e-05,344,5,340,4,0.5604749917984009,1.2036622762680054,True,{},{},0.09902369498740882,False,False,8132
G3_73101_3e-05,345,5,342,6,0.5709382891654968,1.3622193336486816,True,{},{},0.09448103400063701,False,False,8132
G3_73101_3e-05,346,5,15727,56,0.37872815132141113,0.33228570222854614,False,{},{},0.09975611098343506,False,False,8132
G3_73101_3e-05,347,5,15717,46,0.1626371145248413,0.1917421519756317,False,{},{},0.09810310299508274,False,False,8132
G3_73101_3e-05,348,5,8016,24,0.18589146435260773,0.6360910534858704,False,{},{},0.09902987498207949,False,False,8132
G3_73101_3e-05,349,5,15734,63,0.6254193782806396,0.5212969183921814,False,{},{},0.10475009601213969,False,False,8132
G3_73101_3e-05,350,5,15723,52,0.2923099994659424,0.3220576345920563,False,{},{},0.09784368399414234,False,False,8132
G3_73101_3e-05,351,5,359,23,0.379536509513855,2.04943585395813,True,{},{},0.10000791601487435,False,False,8132
G3_73101_3e-05,352,5,350,14,0.3959677219390869,1.638203501701355,True,{},{},0.09663285300484858,False,False,8132
G3_73101_3e-05,353,5,356,20,0.36194175481796265,1.9048367738723755,True,{},{},0.09713828001986258,False,False,8132
G3_73101_3e-05,354,5,15720,49,0.22566092014312744,0.31630828976631165,False,{},{},0.10230890201637521,False,False,8133
G3_73101_3e-05,355,5,15724,53,0.3099192976951599,0.33482128381729126,False,{},{},0.09329288100707345,False,False,8133
G3_73101_3e-05,356,5,15726,55,0.3572269678115845,0.4258303940296173,False,{},{},0.0950877709838096,False,False,8133
G3_73101_3e-05,357,5,8017,25,0.17942416667938232,0.5072445869445801,False,{},{},0.0951190709893126,False,False,8133
G3_73101_3e-05,358,5,355,19,0.360219806432724,1.4748109579086304,True,{},{},0.09756911199656315,False,False,8133
G3_73101_3e-05,359,5,8030,38,0.08014479279518127,0.5977803468704224,False,{},{},0.10113240100326948,False,False,8133
G3_73101_3e-05,360,5,339,3,0.5420888662338257,1.684243083000183,True,{},{},0.09382142801769078,False,False,8133
G3_73101_3e-05,361,5,15716,45,0.13746903836727142,0.17391711473464966,False,{},{},0.09590514400042593,False,False,8133
G3_73101_3e-05,362,5,344,8,0.5764493942260742,1.7474498748779297,True,{},{},0.09930269297910854,False,False,8133
G3_73101_3e-05,363,5,8021,29,0.18873441219329834,0.4529183804988861,False,{},{},0.09842810299596749,False,False,8132
G3_73101_3e-05,364,5,15715,44,0.12131266295909882,0.3686728775501251,False,{},{},0.09448993098339997,False,False,8132
G3_73101_3e-05,365,5,15711,40,0.04864842817187309,0.3235730230808258,False,{},{},0.0968406799947843,False,False,8132
G3_73101_3e-05,366,5,15730,59,0.46923208236694336,0.44043874740600586,False,{},{},0.09686178699485026,False,False,8132
G3_73101_3e-05,367,5,336,0,0.5673775672912598,2.2634105682373047,True,{},{},0.09743866600911133,False,False,8132
G3_73101_3e-05,368,5,15728,57,0.40192341804504395,0.38251441717147827,False,{},{},0.10048006300348788,False,False,8132
G3_73101_3e-05,369,5,8023,31,0.19128060340881348,0.5443768501281738,False,{},{},0.09402690699789673,False,False,8132
G3_73101_3e-05,370,5,8019,27,0.1739843189716339,0.6378313899040222,False,{},{},0.09763823199318722,False,False,8132
G3_73101_3e-05,371,5,352,16,0.3618311583995819,1.2906215190887451,True,{},{},0.0974847550096456,False,False,8132
G3_73101_3e-05,372,5,15713,42,0.07355692982673645,0.3256685435771942,False,{},{},0.09598240800551139,False,False,8132
G3_73101_3e-05,373,5,349,13,0.3631816804409027,1.0931936502456665,True,{},{},0.09955108800204471,False,False,8132
G3_73101_3e-05,374,5,351,15,0.36256250739097595,1.2248122692108154,True,{},{},0.09437772398814559,False,False,8132
G3_73101_3e-05,375,5,15712,41,0.04830629751086235,0.3420675992965698,False,{},{},0.09478858800139278,False,False,8132
G3_73101_3e-05,376,5,348,12,0.574478030204773,1.5669934749603271,True,{},{},0.09675547000369988,False,False,8132
G3_73101_3e-05,377,5,337,1,0.5795373916625977,3.7019224166870117,True,{},{},0.0966792469844222,False,False,8132
G3_73101_3e-05,378,5,8025,33,0.1840168535709381,0.4905961751937866,False,{},{},0.09879085401189514,False,False,8132
G3_73101_3e-05,379,5,15731,60,0.5171831846237183,0.511194109916687,False,{},{},0.09784934800700285,False,False,8132
G3_73101_3e-05,380,5,15725,54,0.3265970051288605,0.3987673819065094,False,{},{},0.09299650299362838,False,False,8132
G3_73101_3e-05,381,5,345,9,0.5719512104988098,1.2417240142822266,True,{},{},0.0985970420006197,False,False,8132
G3_73101_3e-05,382,5,15732,61,0.5498195290565491,0.5809746980667114,False,{},{},0.09849839401431382,False,False,8132
G3_73101_3e-05,383,5,15714,43,0.08944426476955414,0.26410555839538574,False,{},{},0.09565762098645791,False,False,8132
G3_73101_3e-05,384,5,15733,62,0.5709823966026306,0.560419499874115,False,{},{},0.09727658500196412,False,False,8132
G3_73101_3e-05,385,6,8026,34,0.17607450485229492,0.737403929233551,False,{},{},0.09708681097254157,False,False,8132
G3_73101_3e-05,386,6,344,8,0.5475950241088867,1.3861773014068604,True,{},{},0.1011331699846778,False,False,8133
G3_73101_3e-05,387,6,15733,62,0.5658463835716248,0.6087011694908142,False,{},{},0.09776067599887028,False,False,8133
G3_73101_3e-05,388,6,358,22,0.35815730690956116,1.4898715019226074,True,{},{},0.0922038049902767,False,False,8133
G3_73101_3e-05,389,6,353,17,0.3339425027370453,1.9288852214813232,True,{},{},0.09767157401074655,False,False,8133
G3_73101_3e-05,390,6,341,5,0.5036333799362183,1.4404945373535156,True,{},{},0.09391724498709664,False,False,8133
G3_73101_3e-05,391,6,15723,52,0.2777588665485382,0.376638263463974,False,{},{},0.10777225802303292,False,False,8133
G3_73101_3e-05,392,6,15715,44,0.11921439319849014,0.3080237805843353,False,{},{},0.09354667499428615,False,False,8133
G3_73101_3e-05,393,6,15711,40,0.05023209750652313,0.3852882981300354,False,{},{},0.09476547199301422,False,False,8133
G3_73101_3e-05,394,6,15731,60,0.4966800808906555,0.7052563428878784,False,{},{},0.09999727600370534,False,False,8133
G3_73101_3e-05,395,6,15730,59,0.4458599090576172,0.6892845034599304,False,{},{},0.09548330499092117,False,False,8133
G3_73101_3e-05,396,6,347,11,0.5628113746643066,1.7696961164474487,True,{},{},0.09866103599779308,False,False,8133
G3_73101_3e-05,397,6,359,23,0.34396201372146606,1.5048351287841797,True,{},{},0.09674479797831737,False,False,8133
G3_73101_3e-05,398,6,8031,39,0.07874336838722229,1.134144902229309,True,{},{},0.0959128339891322,False,False,8133
G3_73101_3e-05,399,6,15727,56,0.34383779764175415,0.674436628818512,False,{},{},0.09718831998179667,False,False,8133
G3_73101_3e-05,400,6,15721,50,0.22907623648643494,0.35686784982681274,False,{},{},0.09536902399850078,False,False,8133
G3_73101_3e-05,401,6,8025,33,0.17668211460113525,0.7703855037689209,False,{},{},0.09873265700298361,False,False,8132
G3_73101_3e-05,402,6,337,1,0.5385228991508484,2.3376259803771973,True,{},{},0.09668263699859381,False,False,8132
G3_73101_3e-05,403,6,15729,58,0.3976375162601471,0.7686662673950195,False,{},{},0.09655556597863324,False,False,8132
G3_73101_3e-05,404,6,351,15,0.3257526457309723,1.3562785387039185,True,{},{},0.09370774700073525,False,False,8132
G3_73101_3e-05,405,6,15734,63,0.5691709518432617,0.9908537864685059,False,{},{},0.09744075601338409,False,False,8132
G3_73101_3e-05,406,6,15724,53,0.28108614683151245,0.5337246656417847,False,{},{},0.09846961297444068,False,False,8132
G3_73101_3e-05,407,6,15720,49,0.2084856778383255,0.3747754693031311,False,{},{},0.09841637097997591,False,False,8132
G3_73101_3e-05,408,6,8030,38,0.0676521360874176,0.7058844566345215,False,{},{},0.10225185702438466,False,False,8132
G3_73101_3e-05,409,6,8023,31,0.18239101767539978,0.7662146687507629,False,{},{},0.09765060499194078,False,False,8132
G3_73101_3e-05,410,6,15726,55,0.30761972069740295,0.9687529802322388,False,{},{},0.10254866100149229,False,False,8132
G3_73101_3e-05,411,6,336,0,0.524079442024231,2.5124332904815674,True,{},{},0.09579309599939734,False,False,8132
G3_73101_3e-05,412,6,352,16,0.324116587638855,2.4311320781707764,True,{},{},0.1000712449895218,False,False,8132
G3_73101_3e-05,413,6,15722,51,0.23693828284740448,0.6632917523384094,False,{},{},0.09714203199837357,False,False,8132
G3_73101_3e-05,414,6,350,14,0.3168800473213196,1.3990769386291504,True,{},{},0.0926495409803465,False,False,8132
G3_73101_3e-05,415,6,15725,54,0.28040629625320435,0.8799233436584473,False,{},{},0.10143372300080955,False,False,8132
G3_73101_3e-05,416,6,15713,42,0.08296310901641846,0.831832766532898,False,{},{},0.09741379698971286,False,False,8132
G3_73101_3e-05,417,6,348,12,0.5402113199234009,2.0827577114105225,True,{},{},0.10088832798646763,False,False,8132
G3_73101_3e-05,418,6,339,3,0.4858233630657196,1.6678968667984009,True,{},{},0.09626976799336262,False,False,8132
G3_73101_3e-05,419,6,8024,32,0.18414178490638733,1.3894891738891602,True,{},{},0.09947614101110958,False,False,8132
G3_73101_3e-05,420,6,15712,41,0.06291498243808746,0.9613412618637085,False,{},{},0.09827203897293657,False,False,8132
G3_73101_3e-05,421,6,356,20,0.3292542099952698,2.731820821762085,True,{},{},0.09823124000104144,False,False,8132
G3_73101_3e-05,422,6,8018,26,0.16204407811164856,0.8041578531265259,False,{},{},0.09480520398938097,False,False,8132
G3_73101_3e-05,423,6,8028,36,0.09021246433258057,2.7353739738464355,True,{},{},0.09609239501878619,False,False,8132
G3_73101_3e-05,424,6,338,2,0.5181782245635986,3.3379480838775635,True,{},{},0.10110014001838863,False,False,8133
G3_73101_3e-05,425,6,346,10,0.5359071493148804,2.502032995223999,True,{},{},0.09520655198139139,False,False,8133
G3_73101_3e-05,426,6,15717,46,0.14785997569561005,0.39052778482437134,False,{},{},0.09670484898379073,False,False,8133
G3_73101_3e-05,427,6,340,4,0.4833240509033203,1.5540908575057983,True,{},{},0.09486788499634713,False,False,8133
G3_73101_3e-05,428,6,8027,35,0.13042280077934265,0.9193956255912781,False,{},{},0.09665043800487183,False,False,8133
G3_73101_3e-05,429,6,345,9,0.5270135402679443,1.8583723306655884,True,{},{},0.10030407999875024,False,False,8133
G3_73101_3e-05,430,6,8022,30,0.17289245128631592,0.960004985332489,False,{},{},0.09460354299517348,False,False,8133
G3_73101_3e-05,431,6,355,19,0.32149577140808105,2.270616292953491,True,{},{},0.09826900900225155,False,False,8133
G3_73101_3e-05,432,6,8029,37,0.07567909359931946,1.673580288887024,True,{},{},0.09515348999411799,False,False,8133
G3_73101_3e-05,433,6,15732,61,0.4689965546131134,1.737594723701477,True,{},{},0.09649606997845694,False,False,8133
G3_73101_3e-05,434,6,15719,48,0.18659065663814545,0.5316588282585144,False,{},{},0.099545544013381,False,False,8132
G3_73101_3e-05,435,6,343,7,0.48541104793548584,1.9194364547729492,True,{},{},0.10278896399540827,False,False,8132
G3_73101_3e-05,436,6,15728,57,0.3373998999595642,1.2836167812347412,True,{},{},0.09865932798129506,False,False,8132
G3_73101_3e-05,437,6,15718,47,0.16349278390407562,0.40797948837280273,False,{},{},0.09490716300206259,False,False,8132
G3_73101_3e-05,438,6,8019,27,0.1391139030456543,0.8868770599365234,False,{},{},0.09679626498837024,False,False,8132
G3_73101_3e-05,439,6,15716,45,0.13045063614845276,0.4570164084434509,False,{},{},0.09803928300971165,False,False,8132
G3_73101_3e-05,440,6,349,13,0.32053253054618835,2.2248928546905518,True,{},{},0.09995680299471132,False,False,8132
G3_73101_3e-05,441,6,8020,28,0.1385631263256073,1.0139579772949219,True,{},{},0.09571125698857941,False,False,8132
G3_73101_3e-05,442,6,357,21,0.3100389242172241,2.3504159450531006,True,{},{},0.09481552900979295,False,False,8132
G3_73101_3e-05,443,6,8021,29,0.13428427278995514,0.8658118844032288,False,{},{},0.10079843498533592,False,False,8132
G3_73101_3e-05,444,6,8016,24,0.15557441115379333,2.013777732849121,True,{},{},0.09622722899075598,False,False,8132
G3_73101_3e-05,445,6,15714,43,0.09120748937129974,0.5835365653038025,False,{},{},0.09632894699461758,False,False,8132
G3_73101_3e-05,446,6,342,6,0.46046191453933716,2.4666061401367188,True,{},{},0.10023180200369097,False,False,8132
G3_73101_3e-05,447,6,8017,25,0.13349656760692596,0.9642899036407471,False,{},{},0.09660871198866516,False,False,8132
G3_73101_3e-05,448,6,354,18,0.34504449367523193,4.972225189208984,True,{},{},0.10169710300397128,False,False,8132
G3_73101_3e-05,449,7,15727,56,0.26884424686431885,1.3096843957901,True,{},{},0.09707463800441474,False,False,8132
G3_73101_3e-05,450,7,15716,45,0.1259154975414276,0.5065682530403137,False,{},{},0.09642689197789878,False,False,8132
G3_73101_3e-05,451,7,8025,33,0.14421118795871735,1.2723562717437744,True,{},{},0.0954086949932389,False,False,8132
G3_73101_3e-05,452,7,15728,57,0.3053275942802429,1.5767760276794434,True,{},{},0.09983269000076689,False,False,8132
G3_73101_3e-05,453,7,8029,37,0.06137273088097572,1.1909360885620117,True,{},{},0.10136693200911395,False,False,8132
G3_73101_3e-05,454,7,8023,31,0.14360342919826508,1.0352965593338013,True,{},{},0.09564677701564506,False,False,8132
G3_73101_3e-05,455,7,8018,26,0.13951295614242554,3.259319543838501,True,{},{},0.09547676399233751,False,False,8132
G3_73101_3e-05,456,7,15712,41,0.05819525569677353,1.0342379808425903,True,{},{},0.09602773998631164,False,False,8132
G3_73101_3e-05,457,7,8017,25,0.12089788168668747,1.7149488925933838,True,{},{},0.09876973001519218,False,False,8133
G3_73101_3e-05,458,7,15718,47,0.15526294708251953,0.5589422583580017,False,{},{},0.09656297700712457,False,False,8133
G3_73101_3e-05,459,7,8028,36,0.06198655441403389,1.093685269355774,True,{},{},0.09723182598827407,False,False,8133
G3_73101_3e-05,460,7,338,2,0.46401455998420715,6.133798599243164,True,{},{},0.09561142098391429,False,False,8133
G3_73101_3e-05,461,7,341,5,0.4351869821548462,3.476738452911377,True,{},{},0.09357545498642139,False,False,8133
G3_73101_3e-05,462,7,15734,63,0.4935702681541443,2.5610055923461914,True,{},{},0.10093906600377522,False,False,8133
G3_73101_3e-05,463,7,355,19,0.31672316789627075,3.387199640274048,True,{},{},0.09555594398989342,False,False,8133
G3_73101_3e-05,464,7,347,11,0.48157358169555664,2.914968252182007,True,{},{},0.09717649698723108,False,False,8133
G3_73101_3e-05,465,7,344,8,0.44241803884506226,2.9428343772888184,True,{},{},0.09364110199385323,False,False,8133
G3_73101_3e-05,466,7,359,23,0.33712270855903625,3.183169364929199,True,{},{},0.09585018499637954,False,False,8133
G3_73101_3e-05,467,7,15720,49,0.19064395129680634,0.6889753937721252,False,{},{},0.09957123498315923,False,False,8132
G3_73101_3e-05,468,7,8030,38,0.058814048767089844,1.240386962890625,True,{},{},0.09565618602209724,False,False,8132
G3_73101_3e-05,469,7,8024,32,0.12864050269126892,1.109328031539917,True,{},{},0.09776460801367648,False,False,8132
G3_73101_3e-05,470,7,15732,61,0.3997296988964081,2.233269453048706,True,{},{},0.09821444199769758,False,False,8132
G3_73101_3e-05,471,7,15721,50,0.1958148181438446,0.7795541882514954,False,{},{},0.09920361498370767,False,False,8132
G3_73101_3e-05,472,7,15713,42,0.07151944190263748,0.9498282074928284,False,{},{},0.0958642530022189,False,False,8132
G3_73101_3e-05,473,7,8019,27,0.10698013007640839,0.8794156312942505,False,{},{},0.09557536299689673,False,False,8132
G3_73101_3e-05,474,7,353,17,0.32759538292884827,4.282508373260498,True,{},{},0.09506071399664506,False,False,8132
G3_73101_3e-05,475,7,8016,24,0.11253191530704498,1.2341468334197998,True,{},{},0.10292311501689255,False,False,8132
G3_73101_3e-05,476,7,15729,58,0.27512452006340027,2.055645227432251,True,{},{},0.10155929499887861,False,False,8132
G3_73101_3e-05,477,7,336,0,0.4676428437232971,4.297774791717529,True,{},{},0.09578701699501835,False,False,8132
G3_73101_3e-05,478,7,8021,29,0.1054324358701706,1.56370210647583,True,{},{},0.10037744700093754,False,False,8132
G3_73101_3e-05,479,7,357,21,0.28919491171836853,3.32924747467041,True,{},{},0.09786083499784581,False,False,8132
G3_73101_3e-05,480,7,348,12,0.48315200209617615,2.8841047286987305,True,{},{},0.0962420449941419,False,False,8132
G3_73101_3e-05,481,7,340,4,0.3916042149066925,3.2100982666015625,True,{},{},0.10508165002102032,False,False,8132
G3_73101_3e-05,482,7,15724,53,0.22512292861938477,1.6546123027801514,True,{},{},0.10124124400317669,False,False,8132
G3_73101_3e-05,483,7,8027,35,0.09514278918504715,1.544347882270813,True,{},{},0.10063499899115413,False,False,8132
G3_73101_3e-05,484,7,343,7,0.3985815644264221,2.426144599914551,True,{},{},0.09577539499150589,False,False,8132
G3_73101_3e-05,485,7,15730,59,0.2927618622779846,3.2601375579833984,True,{},{},0.09754154999973252,False,False,8132
G3_73101_3e-05,486,7,15715,44,0.11226849257946014,0.6730873584747314,False,{},{},0.09681512499810196,False,False,8132
G3_73101_3e-05,487,7,8026,34,0.11876679956912994,1.4226657152175903,True,{},{},0.09577064600307494,False,False,8132
G3_73101_3e-05,488,7,358,22,0.31685733795166016,3.8107411861419678,True,{},{},0.09293130398145877,False,False,8132
G3_73101_3e-05,489,7,356,20,0.27360793948173523,3.182067394256592,True,{},{},0.09477829799288884,False,False,8132
G3_73101_3e-05,490,7,15733,62,0.3574405312538147,3.41690993309021,True,{},{},0.10321060800924897,False,False,8133
G3_73101_3e-05,491,7,15714,43,0.08357374370098114,0.5471915602684021,False,{},{},0.09688829199876636,False,False,8133
G3_73101_3e-05,492,7,15722,51,0.19370628893375397,1.2952852249145508,True,{},{},0.09632021901779808,False,False,8133
G3_73101_3e-05,493,7,350,14,0.2990807890892029,4.0620436668396,True,{},{},0.09479642097721808,False,False,8133
G3_73101_3e-05,494,7,15717,46,0.13099844753742218,1.7488651275634766,True,{},{},0.09773176800808869,False,False,8133
G3_73101_3e-05,495,7,342,6,0.392854779958725,2.660914182662964,True,{},{},0.09651908997329883,False,False,8133
G3_73101_3e-05,496,7,345,9,0.41045331954956055,3.094552516937256,True,{},{},0.09463069299818017,False,False,8133
G3_73101_3e-05,497,7,349,13,0.2830860912799835,2.200241804122925,True,{},{},0.09681827601161785,False,False,8133
G3_73101_3e-05,498,7,339,3,0.3741013705730438,2.815171480178833,True,{},{},0.09351268998580053,False,False,8133
G3_73101_3e-05,499,7,15719,48,0.1577160656452179,0.9734303951263428,False,{},{},0.10166734500671737,False,False,8133
G3_73101_3e-05,500,7,8022,30,0.09920044988393784,1.4952863454818726,True,{},{},0.0999233899929095,False,False,8133
G3_73101_3e-05,501,7,354,18,0.29019224643707275,3.9679532051086426,True,{},{},0.09889763500541449,False,False,8133
G3_73101_3e-05,502,7,346,10,0.387464314699173,2.635497808456421,True,{},{},0.09508209201158024,False,False,8133
G3_73101_3e-05,503,7,15725,54,0.17681743204593658,2.3023383617401123,True,{},{},0.09349778899922967,False,False,8133
G3_73101_3e-05,504,7,15726,55,0.15591447055339813,2.209646701812744,True,{},{},0.09806142601883039,False,False,8133
G3_73101_3e-05,505,7,8020,28,0.09609998762607574,1.0724831819534302,True,{},{},0.09939209901494905,False,False,8132
G3_73101_3e-05,506,7,15711,40,0.06389010697603226,1.3470581769943237,True,{},{},0.0992440770205576,False,False,8132
G3_73101_3e-05,507,7,8031,39,0.04192255437374115,1.0822523832321167,True,{},{},0.09341505498741753,False,False,8132
G3_73101_3e-05,508,7,351,15,0.29692763090133667,4.395442485809326,True,{},{},0.09685254501528107,False,False,8132
G3_73101_3e-05,509,7,15731,60,0.2803562879562378,4.574336051940918,True,{},{},0.10148677497636527,False,False,8132
G3_73101_3e-05,510,7,337,1,0.4309159517288208,4.49104642868042,True,{},{},0.09608587899128906,False,False,8132
G3_73101_3e-05,511,7,15723,52,0.16275957226753235,2.12101674079895,True,{},{},0.09566368098603562,False,False,8132
G3_73101_3e-05,512,7,352,16,0.2685527503490448,3.8990728855133057,True,{},{},0.09222060901811346,False,False,8132
G0_73102_3e-05,1,0,15719,48,0.24288660287857056,0.07670746743679047,False,{},{},0.10337062602047808,False,False,8200
G0_73102_3e-05,2,0,15716,45,0.15476921200752258,0.05065237358212471,False,{},{},0.09647517898702063,False,False,8200
G0_73102_3e-05,3,0,8017,25,0.30109018087387085,0.3411010503768921,False,{},{},0.09589197399327531,False,False,8200
G0_73102_3e-05,4,0,8030,38,0.20399948954582214,0.6717052459716797,False,{},{},0.09723220800515264,False,False,8132
G0_73102_3e-05,5,0,347,11,1.0360462665557861,1.0206093788146973,True,{},{},0.09783722701831721,False,False,8132
G0_73102_3e-05,6,0,15717,46,0.1857873648405075,0.06065644696354866,False,{},{},0.09737644100096077,False,False,8132
G0_73102_3e-05,7,0,15726,55,0.41850757598876953,0.12689468264579773,False,{},{},0.09255849401233718,False,False,8132
G0_73102_3e-05,8,0,15724,53,0.3723045289516449,0.09915266185998917,False,{},{},0.0983143920020666,False,False,8132
G0_73102_3e-05,9,0,342,6,1.0595550537109375,1.128556728363037,True,{},{},0.10080348700284958,False,False,8132
G0_73102_3e-05,10,0,15734,63,0.7173950672149658,0.19514916837215424,False,{},{},0.09677599000860937,False,False,8132
G0_73102_3e-05,11,0,343,7,1.1876420974731445,1.6381983757019043,True,{},{},0.09691355799441226,False,False,8132
G0_73102_3e-05,12,0,8027,35,0.2608867883682251,0.23929177224636078,False,{},{},0.09765033799340017,False,False,8132
G0_73102_3e-05,13,0,15720,49,0.2691652476787567,0.08243396133184433,False,{},{},0.1014648909913376,False,False,8132
G0_73102_3e-05,14,0,15721,50,0.2933964133262634,0.08849989622831345,False,{},{},0.09430146001977846,False,False,8132
G0_73102_3e-05,15,0,15733,62,0.6822498440742493,0.1697244793176651,False,{},{},0.09872022399213165,False,False,8132
G0_73102_3e-05,16,0,349,13,1.4684338569641113,5.041988372802734,True,{},{},0.09693044199957512,False,False,8132
G0_73102_3e-05,17,0,15730,59,0.5453426837921143,0.12722447514533997,False,{},{},0.0943997630092781,False,False,8132
G0_73102_3e-05,18,0,336,0,1.3256323337554932,4.939344882965088,True,{},{},0.09916608198545873,False,False,8133
G0_73102_3e-05,19,0,15722,51,0.3188234269618988,0.09187347441911697,False,{},{},0.09455233000335284,False,False,8133
G0_73102_3e-05,20,0,339,3,1.0727946758270264,2.573274850845337,True,{},{},0.09684672398725525,False,False,8133
G0_73102_3e-05,21,0,351,15,0.9168202877044678,2.8875038623809814,True,{},{},0.09564130398212001,False,False,8133
G0_73102_3e-05,22,0,8020,28,0.2835793197154999,0.26479971408843994,False,{},{},0.09656713498407044,False,False,8133
G0_73102_3e-05,23,0,8023,31,0.27785807847976685,0.20593690872192383,False,{},{},0.09826134599279612,False,False,8133
G0_73102_3e-05,24,0,8028,36,0.17160911858081818,0.5437577366828918,False,{},{},0.09705665099318139,False,False,8133
G0_73102_3e-05,25,0,350,14,1.4000245332717896,7.263002395629883,True,{},{},0.09424590299022384,False,False,8133
G0_73102_3e-05,26,0,341,5,0.945261538028717,1.1217471361160278,True,{},{},0.09595555797568522,False,False,8133
G0_73102_3e-05,27,0,15728,57,0.46943143010139465,0.12469960004091263,False,{},{},0.0968105580250267,False,False,8133
G0_73102_3e-05,28,0,15713,42,0.06988941133022308,0.047544874250888824,False,{},{},0.09846956899855286,False,False,8133
G0_73102_3e-05,29,0,340,4,0.9789594411849976,2.0039334297180176,True,{},{},0.09562776598613709,False,False,8133
G0_73102_3e-05,30,0,355,19,0.7724976539611816,1.6897555589675903,True,{},{},0.0957598139939364,False,False,8133
G0_73102_3e-05,31,0,345,9,0.9984504580497742,0.8757514357566833,False,{},{},0.09785827901214361,False,False,8133
G0_73102_3e-05,32,0,15723,52,0.34302908182144165,0.10218365490436554,False,{},{},0.10137192899128422,False,False,8133
G0_73102_3e-05,33,0,356,20,0.7469006776809692,1.8018325567245483,True,{},{},0.09787947498261929,False,False,8132
G0_73102_3e-05,34,0,15731,60,0.603262186050415,0.14980481564998627,False,{},{},0.09658445400418714,False,False,8132
G0_73102_3e-05,35,0,359,23,0.881705105304718,3.047274589538574,True,{},{},0.09986342501360923,False,False,8132
G0_73102_3e-05,36,0,348,12,1.059438943862915,2.12174391746521,True,{},{},0.09616328700212762,False,False,8132
G0_73102_3e-05,37,0,8018,26,0.27319425344467163,0.27425575256347656,False,{},{},0.10303306599962525,False,False,8132
G0_73102_3e-05,38,0,8031,39,0.1879049837589264,0.2316800206899643,False,{},{},0.10208081299788319,False,False,8132
G0_73102_3e-05,39,0,357,21,0.7117630839347839,1.3324049711227417,True,{},{},0.09631516400258988,False,False,8132
G0_73102_3e-05,40,0,15712,41,0.043669991195201874,0.048793595284223557,False,{},{},0.09891721198800951,False,False,8132
G0_73102_3e-05,41,0,15725,54,0.39558449387550354,0.10904520750045776,False,{},{},0.09785966499475762,False,False,8132
G0_73102_3e-05,42,0,15732,61,0.6439933776855469,0.16797137260437012,False,{},{},0.10363334999419749,False,False,8132
G0_73102_3e-05,43,0,344,8,0.9781814217567444,1.1929821968078613,True,{},{},0.09716041598585434,False,False,8132
G0_73102_3e-05,44,0,8019,27,0.26975375413894653,0.22433128952980042,False,{},{},0.09477746198535897,False,False,8132
G0_73102_3e-05,45,0,354,18,0.7537099719047546,1.6127760410308838,True,{},{},0.09804236597847193,False,False,8132
G0_73102_3e-05,46,0,338,2,1.3557332754135132,6.2428154945373535,True,{},{},0.10213515898794867,False,False,8132
G0_73102_3e-05,47,0,8022,30,0.2839479446411133,0.23148834705352783,False,{},{},0.09655265699257143,False,False,8132
G0_73102_3e-05,48,0,15718,47,0.20938503742218018,0.08296327292919159,False,{},{},0.09861410700250417,False,False,8132
G0_73102_3e-05,49,0,352,16,0.7320670485496521,1.578487515449524,True,{},{},0.09443200801615603,False,False,8132
G0_73102_3e-05,50,0,353,17,0.7559801936149597,3.0432510375976562,True,{},{},0.09888860600767657,False,False,8132
G0_73102_3e-05,51,0,15715,44,0.12757566571235657,0.05126234516501427,False,{},{},0.11090985400369391,False,False,8132
G0_73102_3e-05,52,0,8026,34,0.2628558278083801,0.22101972997188568,False,{},{},0.10542041299049743,False,False,8132
G0_73102_3e-05,53,0,337,1,1.396348476409912,7.853325366973877,True,{},{},0.09748179599409923,False,False,8132
G0_73102_3e-05,54,0,8025,33,0.27919378876686096,0.18722450733184814,False,{},{},0.0922452200029511,False,False,8132
G0_73102_3e-05,55,0,8029,37,0.20362718403339386,0.7884711027145386,False,{},{},0.09507321199635044,False,False,8132
G0_73102_3e-05,56,0,358,22,0.7002156972885132,1.7147736549377441,True,{},{},0.1023653710144572,False,False,8130
G0_73102_3e-05,57,0,8016,24,0.2819475531578064,0.34108003973960876,False,{},{},0.0973666750069242,False,False,8130
G0_73102_3e-05,58,0,15727,56,0.4353695809841156,0.1374398171901703,False,{},{},0.0935581419907976,False,False,8130
G0_73102_3e-05,59,0,346,10,0.9623022675514221,0.9243760108947754,False,{},{},0.10342732499702834,False,False,8130
G0_73102_3e-05,60,0,15714,43,0.09658386558294296,0.05759143829345703,False,{},{},0.1040781479969155,False,False,8130
G0_73102_3e-05,61,0,8024,32,0.2722702622413635,0.18270012736320496,False,{},{},0.09755131200654432,False,False,8130
G0_73102_3e-05,62,0,15711,40,0.04480127990245819,0.05793284624814987,False,{},{},0.09342434900463559,False,False,8130
G0_73102_3e-05,63,0,15729,58,0.5051872730255127,0.12821754813194275,False,{},{},0.09301469099591486,False,False,8130
G0_73102_3e-05,64,0,8021,29,0.28201884031295776,0.24926896393299103,False,{},{},0.09824940099497326,False,False,8130
G0_73102_3e-05,65,1,350,14,1.3619105815887451,8.651607513427734,True,{},{},0.09926003299187869,False,False,8130
G0_73102_3e-05,66,1,15730,59,0.538838803768158,0.14505863189697266,False,{},{},0.10167109800386243,False,False,8130
G0_73102_3e-05,67,1,355,19,0.6629887819290161,1.1592847108840942,True,{},{},0.09565268599544652,False,False,8130
G0_73102_3e-05,68,1,8031,39,0.18205736577510834,0.23205024003982544,False,{},{},0.09586696699261665,False,False,8130
G0_73102_3e-05,69,1,15719,48,0.23720858991146088,0.094566211104393,False,{},{},0.10150339899701066,False,False,8130
G0_73102_3e-05,70,1,8016,24,0.2770712375640869,0.3475148677825928,False,{},{},0.09539245199994184,False,False,8130
G0_73102_3e-05,71,1,336,0,0.918388843536377,1.256682276725769,True,{},{},0.09515547400224023,False,False,8130
G0_73102_3e-05,72,1,354,18,0.6755850315093994,0.9685967564582825,False,{},{},0.09574444498866796,False,False,8130
G0_73102_3e-05,73,1,8017,25,0.276782751083374,0.349971204996109,False,{},{},0.0952396419888828,False,False,8130
G0_73102_3e-05,74,1,15711,40,0.044998131692409515,0.06161508709192276,False,{},{},0.09949305199552327,False,False,8130
G0_73102_3e-05,75,1,8019,27,0.26386892795562744,0.2344513088464737,False,{},{},0.09517352801049128,False,False,8130
G0_73102_3e-05,76,1,15717,46,0.18266746401786804,0.07311395555734634,False,{},{},0.09090405300958082,False,False,8130
G0_73102_3e-05,77,1,344,8,0.9145715832710266,0.9114863872528076,False,{},{},0.09587279701372609,False,False,8130
G0_73102_3e-05,78,1,15715,44,0.12690292298793793,0.05480301380157471,False,{},{},0.09827327000675723,False,False,8130
G0_73102_3e-05,79,1,349,13,1.34076726436615,7.6670708656311035,True,{},{},0.09859043100732379,False,False,8130
G0_73102_3e-05,80,1,15729,58,0.5027711987495422,0.13452371954917908,False,{},{},0.09895273399888538,False,False,8130
G0_73102_3e-05,81,1,347,11,0.914527177810669,0.890203595161438,False,{},{},0.10682872700272128,False,False,8130
G0_73102_3e-05,82,1,337,1,1.225010871887207,7.839737415313721,True,{},{},0.1396445699792821,False,False,8130
G0_73102_3e-05,83,1,341,5,0.8717789649963379,1.9133702516555786,True,{},{},0.10039366502314806,False,False,8130
G0_73102_3e-05,84,1,8028,36,0.15166187286376953,0.4307987689971924,False,{},{},0.09973936600727029,False,False,8130
G0_73102_3e-05,85,1,343,7,1.0327727794647217,2.2678825855255127,True,{},{},0.10295197498635389,False,False,8130
G0_73102_3e-05,86,1,15726,55,0.4088875651359558,0.14108143746852875,False,{},{},0.09707318199798465,False,False,8130
G0_73102_3e-05,87,1,353,17,0.627919614315033,1.0054279565811157,True,{},{},0.09727514299447648,False,False,8130
G0_73102_3e-05,88,1,359,23,0.6607398986816406,1.8053038120269775,True,{},{},0.09795435398700647,False,False,8130
G0_73102_3e-05,89,1,15712,41,0.04467741400003433,0.06436377763748169,False,{},{},0.09517976499046199,False,False,8130
G0_73102_3e-05,90,1,15733,62,0.669867992401123,0.208060160279274,False,{},{},0.09698976299841888,False,False,8130
G0_73102_3e-05,91,1,15732,61,0.6362016797065735,0.1859176754951477,False,{},{},0.09749139798805118,False,False,8130
G0_73102_3e-05,92,1,358,22,0.6318758130073547,1.53689444065094,True,{},{},0.10273483899072744,False,False,8130
G0_73102_3e-05,93,1,15728,57,0.461527943611145,0.148051455616951,False,{},{},0.09641972600365989,False,False,8130
G0_73102_3e-05,94,1,342,6,0.9021255373954773,1.4632939100265503,True,{},{},0.09450984600698575,False,False,8130
G0_73102_3e-05,95,1,8022,30,0.27761590480804443,0.2723321318626404,False,{},{},0.09518725599627942,False,False,8130
G0_73102_3e-05,96,1,15722,51,0.31198614835739136,0.11983588337898254,False,{},{},0.09975215900340118,False,False,8130
G0_73102_3e-05,97,1,15718,47,0.20650790631771088,0.0987681970000267,False,{},{},0.10128813900519162,False,False,8130
G0_73102_3e-05,98,1,356,20,0.5721019506454468,1.06320321559906,True,{},{},0.09690761601086706,False,False,8130
G0_73102_3e-05,99,1,15720,49,0.2620280385017395,0.11029072105884552,False,{},{},0.09500601200852543,False,False,8130
G0_73102_3e-05,100,1,15725,54,0.3883858025074005,0.13564766943454742,False,{},{},0.09779927402269095,False,False,8130
G0_73102_3e-05,101,1,8018,26,0.2565270662307739,0.27807632088661194,False,{},{},0.10015816701343283,False,False,8130
G0_73102_3e-05,102,1,338,2,1.0784471035003662,6.609403133392334,True,{},{},0.1005291499895975,False,False,8130
G0_73102_3e-05,103,1,8024,32,0.2666172981262207,0.2080782800912857,False,{},{},0.09529063099762425,False,False,8130
G0_73102_3e-05,104,1,8020,28,0.2727760374546051,0.3016926050186157,False,{},{},0.09614569999394007,False,False,8130
G0_73102_3e-05,105,1,8021,29,0.27616778016090393,0.2689167261123657,False,{},{},0.09596161200897768,False,False,8130
G0_73102_3e-05,106,1,8029,37,0.1804734766483307,0.8524030447006226,False,{},{},0.09768735198304057,False,False,8130
G0_73102_3e-05,107,1,357,21,0.5662363767623901,0.7946308851242065,False,{},{},0.09578523400705308,False,False,8130
G0_73102_3e-05,108,1,8026,34,0.25046396255493164,0.2548375725746155,False,{},{},0.09940952598117292,False,False,8130
G0_73102_3e-05,109,1,8025,33,0.26840582489967346,0.21550917625427246,False,{},{},0.09814344902406447,False,False,8130
G0_73102_3e-05,110,1,339,3,0.8092275261878967,1.2289707660675049,True,{},{},0.09326660999795422,False,False,8130
G0_73102_3e-05,111,1,340,4,0.8172497749328613,1.417885184288025,True,{},{},0.10657876598997973,False,False,8131
G0_73102_3e-05,112,1,8027,35,0.2445857673883438,0.2767570912837982,False,{},{},0.10266408100142144,False,False,8131
G0_73102_3e-05,113,1,15716,45,0.1503942459821701,0.06873666495084763,False,{},{},0.11648369097383693,False,False,8131
G0_73102_3e-05,114,1,15731,60,0.5892165303230286,0.19388696551322937,False,{},{},0.10326143601560034,False,False,8131
G0_73102_3e-05,115,1,15734,63,0.6966543197631836,0.24587662518024445,False,{},{},0.10690890901605599,False,False,8127
G0_73102_3e-05,116,1,15727,56,0.42767947912216187,0.1414463371038437,False,{},{},0.1029616100131534,False,False,8127
G0_73102_3e-05,117,1,15721,50,0.2840648591518402,0.11572331935167313,False,{},{},0.10848421399714425,False,False,8127
G0_73102_3e-05,118,1,15713,42,0.0711633563041687,0.074968621134758,False,{},{},0.09941597198485397,False,False,8127
G0_73102_3e-05,119,1,15724,53,0.35895007848739624,0.1308119297027588,False,{},{},0.10009083099430427,False,False,8127
G0_73102_3e-05,120,1,352,16,0.6015508770942688,1.0097856521606445,True,{},{},0.10113502998137847,False,False,8127
G0_73102_3e-05,121,1,8023,31,0.2647857666015625,0.26587173342704773,False,{},{},0.10088884201832116,False,False,8127
G0_73102_3e-05,122,1,8030,38,0.16220030188560486,0.31935423612594604,False,{},{},0.10487353598000482,False,False,8127
G0_73102_3e-05,123,1,348,12,0.9083130359649658,1.2355687618255615,True,{},{},0.10166003700578585,False,False,8127
G0_73102_3e-05,124,1,351,15,0.6419229507446289,1.6192418336868286,True,{},{},0.1067540849908255,False,False,8127
G0_73102_3e-05,125,1,15723,52,0.33293092250823975,0.13306671380996704,False,{},{},0.09864041898981668,False,False,8127
G0_73102_3e-05,126,1,346,10,0.8800449967384338,1.2391513586044312,True,{},{},0.09298005898017436,False,False,8127
G0_73102_3e-05,127,1,15714,43,0.09714002162218094,0.08157505840063095,False,{},{},0.10046466600033455,False,False,8127
G0_73102_3e-05,128,1,345,9,0.8586550951004028,0.9517841339111328,False,{},{},0.09391136799240485,False,False,8127
G0_73102_3e-05,129,2,8016,24,0.257691353559494,0.3621273338794708,False,{},{},0.10253449299489148,False,False,8127
G0_73102_3e-05,130,2,8023,31,0.26176270842552185,0.26901301741600037,False,{},{},0.09310320400982164,False,False,8127
G0_73102_3e-05,131,2,8025,33,0.26188188791275024,0.2305670529603958,False,{},{},0.0961509490152821,False,False,8127
G0_73102_3e-05,132,2,343,7,0.9245098233222961,2.5095698833465576,True,{},{},0.09737997999764048,False,False,8127
G0_73102_3e-05,133,2,15711,40,0.04714825749397278,0.09036847203969955,False,{},{},0.1004156060225796,False,False,8127
G0_73102_3e-05,134,2,359,23,0.5521881580352783,0.9002372026443481,False,{},{},0.09865831202478148,False,False,8127
G0_73102_3e-05,135,2,15728,57,0.45433035492897034,0.16036690771579742,False,{},{},0.09985852299723774,False,False,8127
G0_73102_3e-05,136,2,351,15,0.5894410610198975,1.2507376670837402,True,{},{},0.09812853700714186,False,False,8127
G0_73102_3e-05,137,2,15715,44,0.12602221965789795,0.08042891323566437,False,{},{},0.09671896501095034,False,False,8127
G0_73102_3e-05,138,2,8021,29,0.2663543224334717,0.29801133275032043,False,{},{},0.09928406999097206,False,False,8128
G0_73102_3e-05,139,2,15725,54,0.38134926557540894,0.14521054923534393,False,{},{},0.09325253500719555,False,False,8128
G0_73102_3e-05,140,2,341,5,0.801893949508667,1.5513087511062622,True,{},{},0.09700384800089523,False,False,8128
G0_73102_3e-05,141,2,347,11,0.8274145126342773,0.7015203833580017,False,{},{},0.0943210179975722,False,False,8128
G0_73102_3e-05,142,2,15734,63,0.6884104013442993,0.2547930181026459,False,{},{},0.09510826101177372,False,False,8128
G0_73102_3e-05,143,2,356,20,0.4982709288597107,0.6815834641456604,False,{},{},0.10047466200194322,False,False,8128
G0_73102_3e-05,144,2,15729,58,0.49090269207954407,0.16708968579769135,False,{},{},0.09370477200718597,False,False,8128
G0_73102_3e-05,145,2,357,21,0.5177227258682251,0.8309655785560608,False,{},{},0.09394923600484617,False,False,8128
G0_73102_3e-05,146,2,15731,60,0.5820387601852417,0.20343050360679626,False,{},{},0.09547455501160584,False,False,8128
G0_73102_3e-05,147,2,339,3,0.745742678642273,0.8192371726036072,False,{},{},0.09663054297561757,False,False,8128
G0_73102_3e-05,148,2,15726,55,0.3989832401275635,0.14523950219154358,False,{},{},0.09636155201587826,False,False,8128
G0_73102_3e-05,149,2,8026,34,0.2377549409866333,0.2685943841934204,False,{},{},0.09760012899641879,False,False,8128
G0_73102_3e-05,150,2,15712,41,0.04736775904893875,0.1026802808046341,False,{},{},0.09253693599021062,False,False,8128
G0_73102_3e-05,151,2,355,19,0.5191389322280884,0.9829058647155762,False,{},{},0.0977702810196206,False,False,8128
G0_73102_3e-05,152,2,8017,25,0.2503858804702759,0.366115927696228,False,{},{},0.09805038999184035,False,False,8127
G0_73102_3e-05,153,2,15720,49,0.2536178231239319,0.12657952308654785,False,{},{},0.09466668602544814,False,False,8127
G0_73102_3e-05,154,2,354,18,0.5330852270126343,0.8809813857078552,False,{},{},0.09852234300342388,False,False,8127
G0_73102_3e-05,155,2,8028,36,0.1436029076576233,0.6361252069473267,False,{},{},0.09253961400827393,False,False,8127
G0_73102_3e-05,156,2,8022,30,0.2582825720310211,0.2776017487049103,False,{},{},0.09980623598676175,False,False,8127
G0_73102_3e-05,157,2,348,12,0.8165894150733948,1.1184998750686646,True,{},{},0.09838037900044583,False,False,8132
G0_73102_3e-05,158,2,15724,53,0.3509644567966461,0.14879044890403748,False,{},{},0.09671041197725572,False,False,8132
G0_73102_3e-05,159,2,8024,32,0.25279611349105835,0.2677030563354492,False,{},{},0.09638877600082196,False,False,8132
G0_73102_3e-05,160,2,340,4,0.7387733459472656,1.0367248058319092,True,{},{},0.0918208500079345,False,False,8132
G0_73102_3e-05,161,2,344,8,0.8066900968551636,1.06784987449646,True,{},{},0.0944187690038234,False,False,8132
G0_73102_3e-05,162,2,8018,26,0.2444867193698883,0.3443164527416229,False,{},{},0.10031844899640419,False,False,8132
G0_73102_3e-05,163,2,349,13,0.7801318168640137,6.819099426269531,True,{},{},0.0974694539909251,False,False,8132
G0_73102_3e-05,164,2,353,17,0.5058181285858154,1.2049580812454224,True,{},{},0.09424031100934371,False,False,8132
G0_73102_3e-05,165,2,8020,28,0.25584477186203003,0.34352028369903564,False,{},{},0.09500528601347469,False,False,8132
G0_73102_3e-05,166,2,346,10,0.8044048547744751,0.8593578934669495,False,{},{},0.09770668900455348,False,False,8132
G0_73102_3e-05,167,2,15730,59,0.519934356212616,0.18994855880737305,False,{},{},0.09723728999961168,False,False,8132
G0_73102_3e-05,168,2,15714,43,0.09848177433013916,0.10302470624446869,False,{},{},0.09609560901299119,False,False,8132
G0_73102_3e-05,169,2,338,2,0.9045060276985168,6.491610050201416,True,{},{},0.09598007900058292,False,False,8132
G0_73102_3e-05,170,2,15716,45,0.1479325145483017,0.08682362735271454,False,{},{},0.100857810000889,False,False,8132
G0_73102_3e-05,171,2,15723,52,0.32476556301116943,0.14849603176116943,False,{},{},0.10178722400451079,False,False,8132
G0_73102_3e-05,172,2,342,6,0.7936176061630249,1.9366563558578491,True,{},{},0.10120261000702158,False,False,8132
G0_73102_3e-05,173,2,15719,48,0.22744806110858917,0.12546312808990479,False,{},{},0.10139687001355924,False,False,8132
G0_73102_3e-05,174,2,8030,38,0.15192840993404388,0.4172612130641937,False,{},{},0.09555460201227106,False,False,8132
G0_73102_3e-05,175,2,358,22,0.5111880302429199,0.7972898483276367,False,{},{},0.09553318499820307,False,False,8132
G0_73102_3e-05,176,2,8031,39,0.16366517543792725,0.41815775632858276,False,{},{},0.09914741799002513,False,False,8133
G0_73102_3e-05,177,2,336,0,0.7476009130477905,2.67325758934021,True,{},{},0.09621109699946828,False,False,8133
G0_73102_3e-05,178,2,15732,61,0.6145151853561401,0.22955629229545593,False,{},{},0.09742340998491272,False,False,8133
G0_73102_3e-05,179,2,8019,27,0.24132981896400452,0.3360736072063446,False,{},{},0.09253110099234618,False,False,8133
G0_73102_3e-05,180,2,345,9,0.7769548892974854,0.9421331882476807,False,{},{},0.0956024119805079,False,False,8133
G0_73102_3e-05,181,2,350,14,0.5804868936538696,2.2150821685791016,True,{},{},0.09946023201337084,False,False,8133
G0_73102_3e-05,182,2,352,16,0.5030123591423035,0.6398085355758667,False,{},{},0.09433666302356869,False,False,8133
G0_73102_3e-05,183,2,15721,50,0.27402985095977783,0.14054150879383087,False,{},{},0.0945006160181947,False,False,8133
G0_73102_3e-05,184,2,15727,56,0.41886892914772034,0.16190886497497559,False,{},{},0.09452970602433197,False,False,8133
G0_73102_3e-05,185,2,15717,46,0.17530016601085663,0.1017565131187439,False,{},{},0.0969608919986058,False,False,8133
G0_73102_3e-05,186,2,15718,47,0.19963163137435913,0.11739541590213776,False,{},{},0.1001148089999333,False,False,8133
G0_73102_3e-05,187,2,337,1,0.8904401063919067,6.643723011016846,True,{},{},0.09499744698405266,False,False,8133
G0_73102_3e-05,188,2,15713,42,0.07373389601707458,0.11979281157255173,False,{},{},0.0935865530045703,False,False,8133
G0_73102_3e-05,189,2,8027,35,0.22871574759483337,0.3795425593852997,False,{},{},0.09500837200903334,False,False,8133
G0_73102_3e-05,190,2,15722,51,0.2982015609741211,0.14478804171085358,False,{},{},0.09687292500166222,False,False,8132
G0_73102_3e-05,191,2,15733,62,0.6448829174041748,0.25122395157814026,False,{},{},0.09500422398559749,False,False,8132
G0_73102_3e-05,192,2,8029,37,0.14562685787677765,0.9363318085670471,False,{},{},0.0973836529883556,False,False,8132
G0_73102_3e-05,193,3,15729,58,0.4821668565273285,0.19074386358261108,False,{},{},0.09522782199201174,False,False,8132
G0_73102_3e-05,194,3,340,4,0.705096423625946,1.0080991983413696,True,{},{},0.10309862499707378,False,False,8132
G0_73102_3e-05,195,3,8023,31,0.24487745761871338,0.2991734445095062,False,{},{},0.09459780098404735,False,False,8132
G0_73102_3e-05,196,3,339,3,0.7057600617408752,1.2989046573638916,True,{},{},0.09430661401711404,False,False,8132
G0_73102_3e-05,197,3,15721,50,0.27198106050491333,0.14325320720672607,False,{},{},0.09435657001449727,False,False,8132
G0_73102_3e-05,198,3,15723,52,0.3212735056877136,0.15225860476493835,False,{},{},0.09373926999978721,False,False,8132
G0_73102_3e-05,199,3,15731,60,0.573049783706665,0.22250013053417206,False,{},{},0.10205787399900146,False,False,8132
G0_73102_3e-05,200,3,8022,30,0.24713300168514252,0.31189680099487305,False,{},{},0.09541728199110366,False,False,8132
G0_73102_3e-05,201,3,15733,62,0.6417760848999023,0.2624199092388153,False,{},{},0.09590998600469902,False,False,8132
G0_73102_3e-05,202,3,15725,54,0.3714394271373749,0.1670316904783249,False,{},{},0.09662678898894228,False,False,8132
G0_73102_3e-05,203,3,8021,29,0.24633455276489258,0.3628838062286377,False,{},{},0.09496318802121095,False,False,8132
G0_73102_3e-05,204,3,346,10,0.7575616240501404,0.9224218130111694,False,{},{},0.10116589101380669,False,False,8132
G0_73102_3e-05,205,3,338,2,0.7515250444412231,1.5385633707046509,True,{},{},0.09574236001935787,False,False,8132
G0_73102_3e-05,206,3,15717,46,0.17356422543525696,0.10968223214149475,False,{},{},0.0926494540181011,False,False,8132
G0_73102_3e-05,207,3,8024,32,0.2417784333229065,0.30596521496772766,False,{},{},0.09431820499594323,False,False,8132
G0_73102_3e-05,208,3,358,22,0.4890470802783966,1.1247508525848389,True,{},{},0.09670080998330377,False,False,8132
G0_73102_3e-05,209,3,15713,42,0.0744229108095169,0.1352979838848114,False,{},{},0.09239881800021976,False,False,8133
G0_73102_3e-05,210,3,15734,63,0.6707520484924316,0.30331742763519287,False,{},{},0.09646845899987966,False,False,8133
G0_73102_3e-05,211,3,8026,34,0.2213958352804184,0.32691437005996704,False,{},{},0.09288074800861068,False,False,8133
G0_73102_3e-05,212,3,337,1,0.7559248805046082,2.3789753913879395,True,{},{},0.09266441201907583,False,False,8133
G0_73102_3e-05,213,3,351,15,0.49827489256858826,1.7112239599227905,True,{},{},0.10207713500130922,False,False,8133
G0_73102_3e-05,214,3,336,0,0.7055021524429321,1.5852339267730713,True,{},{},0.09509590701782145,False,False,8133
G0_73102_3e-05,215,3,348,12,0.7415785193443298,0.9145153164863586,False,{},{},0.09299497297615744,False,False,8133
G0_73102_3e-05,216,3,15727,56,0.4135971665382385,0.18064701557159424,False,{},{},0.09576905399444513,False,False,8133
G0_73102_3e-05,217,3,8017,25,0.22742894291877747,0.3775581419467926,False,{},{},0.09537719600484706,False,False,8133
G0_73102_3e-05,218,3,343,7,0.7757328748703003,2.3788933753967285,True,{},{},0.09923467200133018,False,False,8133
G0_73102_3e-05,219,3,359,23,0.4842821955680847,1.1124821901321411,True,{},{},0.09653624898055568,False,False,8133
G0_73102_3e-05,220,3,349,13,0.5278035998344421,1.4027605056762695,True,{},{},0.09593138500349596,False,False,8133
G0_73102_3e-05,221,3,8027,35,0.22019460797309875,0.4312872886657715,False,{},{},0.09677224201732315,False,False,8133
G0_73102_3e-05,222,3,341,5,0.7059695720672607,1.501335859298706,True,{},{},0.09402634098660201,False,False,8133
G0_73102_3e-05,223,3,344,8,0.7444818615913391,1.4309024810791016,True,{},{},0.09894540600362234,False,False,8132
G0_73102_3e-05,224,3,8030,38,0.14017032086849213,0.41883715987205505,False,{},{},0.09739512501982972,False,False,8132
G0_73102_3e-05,225,3,8020,28,0.23550042510032654,0.38303181529045105,False,{},{},0.09379116099444218,False,False,8132
G0_73102_3e-05,226,3,15722,51,0.2934580445289612,0.17213334143161774,False,{},{},0.09640117900562473,False,False,8132
G0_73102_3e-05,227,3,8019,27,0.2264925241470337,0.3912380635738373,False,{},{},0.09791544202016667,False,False,8132
G0_73102_3e-05,228,3,357,21,0.44922444224357605,1.0642974376678467,True,{},{},0.09716576398932375,False,False,8132
G0_73102_3e-05,229,3,15714,43,0.09906867891550064,0.14017006754875183,False,{},{},0.09807013097452,False,False,8132
G0_73102_3e-05,230,3,347,11,0.7320516705513,0.8379945755004883,False,{},{},0.09476510802051052,False,False,8132
G0_73102_3e-05,231,3,8031,39,0.14628925919532776,0.4485597312450409,False,{},{},0.09390469000209123,False,False,8132
G0_73102_3e-05,232,3,352,16,0.4727453589439392,0.9738919138908386,False,{},{},0.10119798799860291,False,False,8132
G0_73102_3e-05,233,3,15730,59,0.5095100402832031,0.2359711080789566,False,{},{},0.09669584000948817,False,False,8132
G0_73102_3e-05,234,3,15712,41,0.05091644823551178,0.16475994884967804,False,{},{},0.09618988100555725,False,False,8132
G0_73102_3e-05,235,3,15711,40,0.05068448185920715,0.16545024514198303,False,{},{},0.09735869700671174,False,False,8132
G0_73102_3e-05,236,3,15728,57,0.44242238998413086,0.1885298192501068,False,{},{},0.09632645698729903,False,False,8132
G0_73102_3e-05,237,3,8029,37,0.12112823873758316,0.5829219222068787,False,{},{},0.10090139301610179,False,False,8132
G0_73102_3e-05,238,3,15732,61,0.6021032929420471,0.27056047320365906,False,{},{},0.09480797799187712,False,False,8132
G0_73102_3e-05,239,3,15726,55,0.38847795128822327,0.21315693855285645,False,{},{},0.0957844429940451,False,False,8132
G0_73102_3e-05,240,3,353,17,0.4557340741157532,1.3233445882797241,True,{},{},0.09641033597290516,False,False,8132
G0_73102_3e-05,241,3,345,9,0.7137169241905212,1.0696001052856445,True,{},{},0.09547664801357314,False,False,8132
G0_73102_3e-05,242,3,350,14,0.49667948484420776,1.2560127973556519,True,{},{},0.10061157098971307,False,False,8133
G0_73102_3e-05,243,3,15724,53,0.3381872773170471,0.18628066778182983,False,{},{},0.09637937700608745,False,False,8133
G0_73102_3e-05,244,3,355,19,0.44193729758262634,1.3259936571121216,True,{},{},0.09542563100694679,False,False,8133
G0_73102_3e-05,245,3,8018,26,0.2147228866815567,0.4023815393447876,False,{},{},0.09656273201107979,False,False,8133
G0_73102_3e-05,246,3,8016,24,0.21725553274154663,0.4367358386516571,False,{},{},0.09657831399817951,False,False,8133
G0_73102_3e-05,247,3,15719,48,0.22253164649009705,0.1841321885585785,False,{},{},0.0956163149967324,False,False,8133
G0_73102_3e-05,248,3,15720,49,0.24427011609077454,0.16303490102291107,False,{},{},0.09357370701036416,False,False,8133
G0_73102_3e-05,249,3,342,6,0.6960451602935791,1.2825208902359009,True,{},{},0.09405222500208765,False,False,8133
G0_73102_3e-05,250,3,15718,47,0.19638502597808838,0.15903422236442566,False,{},{},0.09442321301321499,False,False,8133
G0_73102_3e-05,251,3,356,20,0.4261614680290222,1.2221590280532837,True,{},{},0.09683382700313814,False,False,8133
G0_73102_3e-05,252,3,15716,45,0.14591729640960693,0.1196981817483902,False,{},{},0.09733616598532535,False,False,8133
G0_73102_3e-05,253,3,354,18,0.4485035538673401,1.4975879192352295,True,{},{},0.09525736601790413,False,False,8133
G0_73102_3e-05,254,3,15715,44,0.12467802315950394,0.1722251921892166,False,{},{},0.09661444099037908,False,False,8133
G0_73102_3e-05,255,3,8025,33,0.22763091325759888,0.330054372549057,False,{},{},0.0954248939815443,False,False,8133
G0_73102_3e-05,256,3,8028,36,0.1327982246875763,0.9398108720779419,False,{},{},0.10262328598764725,False,False,8132
G0_73102_3e-05,257,4,8030,38,0.12510934472084045,0.5268251299858093,False,{},{},0.09440197600633837,False,False,8132
G0_73102_3e-05,258,4,347,11,0.7005953192710876,0.9439776539802551,False,{},{},0.09763371999724768,False,False,8132
G0_73102_3e-05,259,4,348,12,0.6927098631858826,0.8431722521781921,False,{},{},0.09676866501104087,False,False,8132
G0_73102_3e-05,260,4,15734,63,0.6623038053512573,0.3537319302558899,False,{},{},0.09801662797690369,False,False,8132
G0_73102_3e-05,261,4,337,1,0.7197962403297424,1.6665037870407104,True,{},{},0.09963907499331981,False,False,8132
G0_73102_3e-05,262,4,8029,37,0.10989296436309814,0.9409474730491638,False,{},{},0.09760705000371672,False,False,8132
G0_73102_3e-05,263,4,342,6,0.6717523336410522,0.8661742806434631,False,{},{},0.10078148101456463,False,False,8132
G0_73102_3e-05,264,4,15714,43,0.0979604572057724,0.15453475713729858,False,{},{},0.09605363398441114,False,False,8132
G0_73102_3e-05,265,4,349,13,0.46413153409957886,1.0080205202102661,True,{},{},0.09866156900534406,False,False,8132
G0_73102_3e-05,266,4,8016,24,0.20895428955554962,0.4228101968765259,False,{},{},0.09627429299871437,False,False,8132
G0_73102_3e-05,267,4,15731,60,0.5614537000656128,0.29009193181991577,False,{},{},0.0922617670148611,False,False,8132
G0_73102_3e-05,268,4,15727,56,0.40626510977745056,0.24467726051807404,False,{},{},0.1000835970044136,False,False,8132
G0_73102_3e-05,269,4,8020,28,0.21838824450969696,0.41240960359573364,False,{},{},0.09936297399690375,False,False,8132
G0_73102_3e-05,270,4,15717,46,0.16969284415245056,0.1340196281671524,False,{},{},0.09893171998555772,False,False,8133
G0_73102_3e-05,271,4,15716,45,0.14480546116828918,0.12408064305782318,False,{},{},0.09668170500663109,False,False,8133
G0_73102_3e-05,272,4,338,2,0.7044405341148376,1.8289512395858765,True,{},{},0.09831915100221522,False,False,8133
G0_73102_3e-05,273,4,357,21,0.4146342873573303,1.0311455726623535,True,{},{},0.09484929000609554,False,False,8133
G0_73102_3e-05,274,4,15719,48,0.2195822298526764,0.22630280256271362,False,{},{},0.09633093900629319,False,False,8133
G0_73102_3e-05,275,4,344,8,0.6652597784996033,0.9287976026535034,False,{},{},0.09926197401364334,False,False,8133
G0_73102_3e-05,276,4,15715,44,0.12352992594242096,0.19475479423999786,False,{},{},0.09740165900439024,False,False,8133
G0_73102_3e-05,277,4,15733,62,0.6252752542495728,0.3355984091758728,False,{},{},0.09668310300912708,False,False,8133
G0_73102_3e-05,278,4,15728,57,0.4365406036376953,0.24288156628608704,False,{},{},0.09628664699266665,False,False,8133
G0_73102_3e-05,279,4,8017,25,0.20383718609809875,0.3852975368499756,False,{},{},0.10223645399673842,False,False,8133
G0_73102_3e-05,280,4,343,7,0.6628772020339966,1.3521617650985718,True,{},{},0.09627323600579984,False,False,8133
G0_73102_3e-05,281,4,15723,52,0.31079035997390747,0.22636234760284424,False,{},{},0.10010843400959857,False,False,8133
G0_73102_3e-05,282,4,345,9,0.6603388786315918,0.8964740633964539,False,{},{},0.09596810297807679,False,False,8133
G0_73102_3e-05,283,4,358,22,0.42815542221069336,1.7627125978469849,True,{},{},0.09392604799359106,False,False,8133
G0_73102_3e-05,284,4,8026,34,0.20537306368350983,0.5153454542160034,False,{},{},0.10007762999157421,False,False,8132
G0_73102_3e-05,285,4,353,17,0.4302496910095215,1.411549687385559,True,{},{},0.09840123500907794,False,False,8132
G0_73102_3e-05,286,4,15725,54,0.35793882608413696,0.2883819341659546,False,{},{},0.09641965699847788,False,False,8132
G0_73102_3e-05,287,4,15718,47,0.19217436015605927,0.18822221457958221,False,{},{},0.09447320198523812,False,False,8132
G0_73102_3e-05,288,4,341,5,0.6175190806388855,2.0591959953308105,True,{},{},0.09280949100502767,False,False,8132
G0_73102_3e-05,289,4,351,15,0.43316593766212463,0.8326608538627625,False,{},{},0.09895268498803489,False,False,8132
G0_73102_3e-05,290,4,336,0,0.665576159954071,1.7676774263381958,True,{},{},0.09903753799153492,False,False,8132
G0_73102_3e-05,291,4,350,14,0.44440144300460815,1.2107748985290527,True,{},{},0.09490390299470164,False,False,8132
G0_73102_3e-05,292,4,8018,26,0.19966167211532593,0.5431587100028992,False,{},{},0.0943533270037733,False,False,8132
G0_73102_3e-05,293,4,8023,31,0.21789520978927612,0.3371029198169708,False,{},{},0.10072376800235361,False,False,8132
G0_73102_3e-05,294,4,15726,55,0.376537948846817,0.33181899785995483,False,{},{},0.09396538801956922,False,False,8132
G0_73102_3e-05,295,4,15729,58,0.4615694582462311,0.33149781823158264,False,{},{},0.0968909369839821,False,False,8132
G0_73102_3e-05,296,4,8024,32,0.21967628598213196,0.45410963892936707,False,{},{},0.09490716599975713,False,False,8132
G0_73102_3e-05,297,4,8019,27,0.20012329518795013,0.5491373538970947,False,{},{},0.09665379600482993,False,False,8132
G0_73102_3e-05,298,4,340,4,0.6056817770004272,1.0703953504562378,True,{},{},0.10001058800844476,False,False,8132
G0_73102_3e-05,299,4,8031,39,0.11854278296232224,0.565390944480896,False,{},{},0.09491042199078947,False,False,8132
G0_73102_3e-05,300,4,356,20,0.39913761615753174,0.921172559261322,False,{},{},0.09377382599632256,False,False,8132
G0_73102_3e-05,301,4,339,3,0.6177159547805786,1.5526041984558105,True,{},{},0.09663374998490326,False,False,8132
G0_73102_3e-05,302,4,352,16,0.42134711146354675,1.4602307081222534,True,{},{},0.09519986997474916,False,False,8132
G0_73102_3e-05,303,4,8021,29,0.21068671345710754,0.4096124768257141,False,{},{},0.1002055510180071,False,False,8133
G0_73102_3e-05,304,4,346,10,0.6190447211265564,0.892844557762146,False,{},{},0.10182497499044985,False,False,8133
G0_73102_3e-05,305,4,15713,42,0.07542525976896286,0.2701353430747986,False,{},{},0.09169526901678182,False,False,8133
G0_73102_3e-05,306,4,8025,33,0.20949330925941467,0.423997163772583,False,{},{},0.09566512200399302,False,False,8133
G0_73102_3e-05,307,4,15724,53,0.32519978284835815,0.29888734221458435,False,{},{},0.09680069700698368,False,False,8133
G0_73102_3e-05,308,4,355,19,0.4029044210910797,1.10410737991333,True,{},{},0.10035063402028754,False,False,8133
G0_73102_3e-05,309,4,8022,30,0.21207554638385773,0.3305373191833496,False,{},{},0.09728515401366167,False,False,8133
G0_73102_3e-05,310,4,8027,35,0.18906667828559875,0.5688402056694031,False,{},{},0.09563133399933577,False,False,8133
G0_73102_3e-05,311,4,15720,49,0.2368328869342804,0.2622586488723755,False,{},{},0.09568937300355174,False,False,8133
G0_73102_3e-05,312,4,15712,41,0.05118219554424286,0.2668558657169342,False,{},{},0.09835532098077238,False,False,8133
G0_73102_3e-05,313,4,359,23,0.42141109704971313,1.9509506225585938,True,{},{},0.10025688502355479,False,False,8133
G0_73102_3e-05,314,4,15730,59,0.4943189024925232,0.43007978796958923,False,{},{},0.09329106699442491,False,False,8133
G0_73102_3e-05,315,4,15732,61,0.5849005579948425,0.44305992126464844,False,{},{},0.09574421800789423,False,False,8133
G0_73102_3e-05,316,4,15721,50,0.2587724030017853,0.3474426865577698,False,{},{},0.09714239701861516,False,False,8133
G0_73102_3e-05,317,4,15711,40,0.04913707077503204,0.27961525321006775,False,{},{},0.10166862900950946,False,False,8132
G0_73102_3e-05,318,4,15722,51,0.28418201208114624,0.35170942544937134,False,{},{},0.10010145799606107,False,False,8132
G0_73102_3e-05,319,4,354,18,0.4133124351501465,1.6330312490463257,True,{},{},0.09449788398342207,False,False,8132
G0_73102_3e-05,320,4,8028,36,0.10524484515190125,1.1001325845718384,True,{},{},0.09638422599527985,False,False,8132
G0_73102_3e-05,321,5,342,6,0.5839104652404785,1.289366364479065,True,{},{},0.10012908102362417,False,False,8132
G0_73102_3e-05,322,5,15728,57,0.420569509267807,0.41242924332618713,False,{},{},0.10145489597925916,False,False,8132
G0_73102_3e-05,323,5,15732,61,0.5795019865036011,0.46170222759246826,False,{},{},0.09451780800009146,False,False,8132
G0_73102_3e-05,324,5,15713,42,0.07285062968730927,0.3048514127731323,False,{},{},0.09515472999191843,False,False,8132
G0_73102_3e-05,325,5,336,0,0.6158018112182617,2.18086838722229,True,{},{},0.09850502098561265,False,False,8132
G0_73102_3e-05,326,5,8021,29,0.19821327924728394,0.4298400580883026,False,{},{},0.10047919899807312,False,False,8132
G0_73102_3e-05,327,5,348,12,0.6099549531936646,1.2980977296829224,True,{},{},0.09606048697605729,False,False,8132
G0_73102_3e-05,328,5,15723,52,0.29775840044021606,0.32900241017341614,False,{},{},0.09621649599284865,False,False,8132
G0_73102_3e-05,329,5,15712,41,0.051162052899599075,0.3243322968482971,False,{},{},0.09385683599975891,False,False,8132
G0_73102_3e-05,330,5,339,3,0.5635719299316406,1.1348400115966797,True,{},{},0.09664437299943529,False,False,8132
G0_73102_3e-05,331,5,8027,35,0.17265699803829193,0.6121894121170044,False,{},{},0.10514445300213993,False,False,8132
G0_73102_3e-05,332,5,8023,31,0.20244203507900238,0.3975285291671753,False,{},{},0.09474494401365519,False,False,8132
G0_73102_3e-05,333,5,15715,44,0.12298586964607239,0.41723328828811646,False,{},{},0.09646579399122857,False,False,8132
G0_73102_3e-05,334,5,347,11,0.5959374904632568,1.2227030992507935,True,{},{},0.09579649599618278,False,False,8132
G0_73102_3e-05,335,5,15721,50,0.2508887052536011,0.3936612606048584,False,{},{},0.09890122001525015,False,False,8132
G0_73102_3e-05,336,5,357,21,0.39878982305526733,2.4597644805908203,True,{},{},0.09721941698808223,False,False,8132
G0_73102_3e-05,337,5,15724,53,0.3106500506401062,0.3851366937160492,False,{},{},0.09510316100204363,False,False,8132
G0_73102_3e-05,338,5,15716,45,0.13965241611003876,0.1948864609003067,False,{},{},0.09556588900159113,False,False,8132
G0_73102_3e-05,339,5,8030,38,0.0834932029247284,0.6590086817741394,False,{},{},0.09456189099000767,False,False,8132
G0_73102_3e-05,340,5,351,15,0.3963107764720917,1.7975190877914429,True,{},{},0.09936160600045696,False,False,8133
G0_73102_3e-05,341,5,358,22,0.38671934604644775,1.28410804271698,True,{},{},0.09591923397965729,False,False,8133
G0_73102_3e-05,342,5,8016,24,0.19057565927505493,0.7786851525306702,False,{},{},0.0946642099879682,False,False,8133
G0_73102_3e-05,343,5,15729,58,0.43250933289527893,0.6900733113288879,False,{},{},0.09373296800185926,False,False,8133
G0_73102_3e-05,344,5,8017,25,0.18660295009613037,0.6685636639595032,False,{},{},0.09889243802172132,False,False,8133
G0_73102_3e-05,345,5,8018,26,0.18177543580532074,0.6095879077911377,False,{},{},0.09983277300489135,False,False,8133
G0_73102_3e-05,346,5,8019,27,0.16923561692237854,0.6888418793678284,False,{},{},0.09428056702017784,False,False,8133
G0_73102_3e-05,347,5,8024,32,0.19910645484924316,0.6189340949058533,False,{},{},0.09789530502166599,False,False,8133
G0_73102_3e-05,348,5,15722,51,0.26945942640304565,0.4579218924045563,False,{},{},0.09384712600149214,False,False,8133
G0_73102_3e-05,349,5,15719,48,0.20588280260562897,0.3437134623527527,False,{},{},0.09816890401998535,False,False,8133
G0_73102_3e-05,350,5,343,7,0.559200644493103,1.11981201171875,True,{},{},0.10027933798846789,False,False,8133
G0_73102_3e-05,351,5,15714,43,0.09469237923622131,0.3409561514854431,False,{},{},0.0958769689896144,False,False,8133
G0_73102_3e-05,352,5,356,20,0.36677086353302,1.6232303380966187,True,{},{},0.09697902100742795,False,False,8133
G0_73102_3e-05,353,5,354,18,0.38623642921447754,1.8788119554519653,True,{},{},0.10005522999563254,False,False,8133
G0_73102_3e-05,354,5,15718,47,0.1840885877609253,0.28487545251846313,False,{},{},0.09960478299763054,False,False,8132
G0_73102_3e-05,355,5,337,1,0.5977382659912109,3.251180648803711,True,{},{},0.09852663698256947,False,False,8132
G0_73102_3e-05,356,5,359,23,0.3790701627731323,1.5091863870620728,True,{},{},0.10020948300370947,False,False,8132
G0_73102_3e-05,357,5,15717,46,0.16034439206123352,0.26382383704185486,False,{},{},0.09816886601038277,False,False,8132
G0_73102_3e-05,358,5,352,16,0.3691357672214508,1.7834690809249878,True,{},{},0.09920623700600117,False,False,8132
G0_73102_3e-05,359,5,349,13,0.3769322335720062,1.8527450561523438,True,{},{},0.10304102397640236,False,False,8132
G0_73102_3e-05,360,5,15725,54,0.3214016556739807,0.7545928359031677,False,{},{},0.0989134709816426,False,False,8132
G0_73102_3e-05,361,5,8031,39,0.07789770513772964,0.9432554244995117,False,{},{},0.09675206200336106,False,False,8132
G0_73102_3e-05,362,5,15731,60,0.513657808303833,0.9252362251281738,False,{},{},0.09531823600991629,False,False,8132
G0_73102_3e-05,363,5,8026,34,0.16728267073631287,0.706216037273407,False,{},{},0.10083082399796695,False,False,8132
G0_73102_3e-05,364,5,15726,55,0.3364182412624359,0.9693859815597534,False,{},{},0.09590564499376342,False,False,8132
G0_73102_3e-05,365,5,8022,30,0.1916421800851822,0.5047828555107117,False,{},{},0.10152067898889072,False,False,8132
G0_73102_3e-05,366,5,8028,36,0.09315547347068787,1.9751018285751343,True,{},{},0.0954165100120008,False,False,8132
G0_73102_3e-05,367,5,344,8,0.5595197677612305,1.5379680395126343,True,{},{},0.09811592201003805,False,False,8132
G0_73102_3e-05,368,5,345,9,0.5653764009475708,1.3096638917922974,True,{},{},0.10530033498071134,False,False,8132
G0_73102_3e-05,369,5,15727,56,0.33591437339782715,1.0325748920440674,True,{},{},0.09526527498383075,False,False,8132
G0_73102_3e-05,370,5,341,5,0.5319281816482544,2.960181951522827,True,{},{},0.09595713499584235,False,False,8132
G0_73102_3e-05,371,5,353,17,0.34691479802131653,1.744489073753357,True,{},{},0.09609831697889604,False,False,8132
G0_73102_3e-05,372,5,346,10,0.5591971278190613,1.2127491235733032,True,{},{},0.0977938610012643,False,False,8132
G0_73102_3e-05,373,5,350,14,0.3567337393760681,1.5873805284500122,True,{},{},0.100327936001122,False,False,8133
G0_73102_3e-05,374,5,338,2,0.5492805242538452,2.2936713695526123,True,{},{},0.0924189560173545,False,False,8133
G0_73102_3e-05,375,5,8025,33,0.17001524567604065,0.6596826314926147,False,{},{},0.09515416400972754,False,False,8133
G0_73102_3e-05,376,5,8020,28,0.16244874894618988,0.8321384191513062,False,{},{},0.10041620099218562,False,False,8133
G0_73102_3e-05,377,5,8029,37,0.08665809035301208,2.0060973167419434,True,{},{},0.09797968700877391,False,False,8133
G0_73102_3e-05,378,5,15734,63,0.5680538415908813,1.579142451286316,True,{},{},0.10144348299945705,False,False,8133
G0_73102_3e-05,379,5,355,19,0.3500373363494873,2.291656970977783,True,{},{},0.0971147469826974,False,False,8133
G0_73102_3e-05,380,5,15730,59,0.4074952304363251,1.4650423526763916,True,{},{},0.09497435999219306,False,False,8133
G0_73102_3e-05,381,5,15720,49,0.21231378614902496,0.5166445970535278,False,{},{},0.09837545300251804,False,False,8133
G0_73102_3e-05,382,5,15733,62,0.5032919049263,1.7532740831375122,True,{},{},0.10076683398801833,False,False,8133
G0_73102_3e-05,383,5,340,4,0.501196026802063,1.6713545322418213,True,{},{},0.09439528398797847,False,False,8133
G0_73102_3e-05,384,5,15711,40,0.0759514570236206,1.2592717409133911,True,{},{},0.09549334697658196,False,False,8133
G0_73102_3e-05,385,6,8030,38,0.06931883096694946,1.0557506084442139,True,{},{},0.0998243459907826,False,False,8133
G0_73102_3e-05,386,6,354,18,0.3595693111419678,3.559250831604004,True,{},{},0.09668486498412676,False,False,8133
G0_73102_3e-05,387,6,8019,27,0.14260782301425934,1.4668500423431396,True,{},{},0.09633549698628485,False,False,8132
G0_73102_3e-05,388,6,15714,43,0.10138971358537674,0.8233844637870789,False,{},{},0.094200963008916,False,False,8132
G0_73102_3e-05,389,6,15717,46,0.15398016571998596,0.7059845924377441,False,{},{},0.09933349100174382,False,False,8132
G0_73102_3e-05,390,6,15712,41,0.07155570387840271,1.2708522081375122,True,{},{},0.09620910001103766,False,False,8132
G0_73102_3e-05,391,6,355,19,0.3247823417186737,2.1383402347564697,True,{},{},0.09967078900081106,False,False,8132
G0_73102_3e-05,392,6,346,10,0.5278098583221436,1.6119098663330078,True,{},{},0.09874089300865307,False,False,8132
G0_73102_3e-05,393,6,15728,57,0.33778947591781616,1.9203071594238281,True,{},{},0.09501091102720238,False,False,8132
G0_73102_3e-05,394,6,15722,51,0.24544626474380493,0.8176347613334656,False,{},{},0.09773888197378255,False,False,8132
G0_73102_3e-05,395,6,347,11,0.5322273969650269,2.184920072555542,True,{},{},0.09327057501650415,False,False,8132
G0_73102_3e-05,396,6,344,8,0.5212569236755371,1.8610904216766357,True,{},{},0.09799944300903007,False,False,8132
G0_73102_3e-05,397,6,15720,49,0.20531542599201202,0.5531732439994812,False,{},{},0.09559273801278323,False,False,8132
G0_73102_3e-05,398,6,8028,36,0.08093668520450592,1.3395129442214966,True,{},{},0.09123730400460772,False,False,8132
G0_73102_3e-05,399,6,15715,44,0.11597569286823273,0.5015879273414612,False,{},{},0.09755727701121941,False,False,8132
G0_73102_3e-05,400,6,15718,47,0.16858676075935364,0.5175243020057678,False,{},{},0.09953233899432234,False,False,8132
G0_73102_3e-05,401,6,351,15,0.3404616713523865,3.2047173976898193,True,{},{},0.09876570099731907,False,False,8132
G0_73102_3e-05,402,6,15725,54,0.26344433426856995,1.273427128791809,True,{},{},0.0944639960071072,False,False,8132
G0_73102_3e-05,403,6,338,2,0.5142415761947632,2.1277434825897217,True,{},{},0.09911301502143033,False,False,8132
G0_73102_3e-05,404,6,353,17,0.3119816482067108,2.375393867492676,True,{},{},0.09430165399680845,False,False,8132
G0_73102_3e-05,405,6,8017,25,0.15289655327796936,1.2907910346984863,True,{},{},0.09674387800623663,False,False,8132
G0_73102_3e-05,406,6,359,23,0.34852105379104614,2.386878490447998,True,{},{},0.09728560299845412,False,False,8132
G0_73102_3e-05,407,6,15724,53,0.2505950927734375,1.003679871559143,True,{},{},0.09333529599825852,False,False,8132
G0_73102_3e-05,408,6,343,7,0.4941500425338745,1.7041746377944946,True,{},{},0.09905559199978597,False,False,8132
G0_73102_3e-05,409,6,8016,24,0.15216992795467377,1.1178758144378662,True,{},{},0.09332638600608334,False,False,8132
G0_73102_3e-05,410,6,357,21,0.32273250818252563,2.284907817840576,True,{},{},0.10222688197973184,False,False,8133
G0_73102_3e-05,411,6,8029,37,0.07271793484687805,1.4664411544799805,True,{},{},0.09705824698903598,False,False,8133
G0_73102_3e-05,412,6,8022,30,0.16809341311454773,0.9303919672966003,False,{},{},0.09355023599346168,False,False,8133
G0_73102_3e-05,413,6,15726,55,0.24332284927368164,1.626424789428711,True,{},{},0.09518243197817355,False,False,8133
G0_73102_3e-05,414,6,358,22,0.34866052865982056,1.943292498588562,True,{},{},0.09510487399529666,False,False,8133
G0_73102_3e-05,415,6,8025,33,0.1491866111755371,0.9201275110244751,False,{},{},0.09973652800545096,False,False,8133
G0_73102_3e-05,416,6,15734,63,0.4834423065185547,2.8065109252929688,True,{},{},0.09569914301391691,False,False,8133
G0_73102_3e-05,417,6,8024,32,0.16640253365039825,1.0803476572036743,True,{},{},0.09653120199800469,False,False,8133
G0_73102_3e-05,418,6,8027,35,0.11363188922405243,1.0789439678192139,True,{},{},0.09299405399360694,False,False,8133
G0_73102_3e-05,419,6,8020,28,0.12041254341602325,1.1196534633636475,True,{},{},0.09664530900772661,False,False,8133
G0_73102_3e-05,420,6,349,13,0.32449835538864136,2.8353888988494873,True,{},{},0.10025188000872731,False,False,8132
G0_73102_3e-05,421,6,8021,29,0.12528401613235474,0.829138457775116,False,{},{},0.09405296400655061,False,False,8132
G0_73102_3e-05,422,6,342,6,0.47612130641937256,2.8784258365631104,True,{},{},0.09698189501068555,False,False,8132
G0_73102_3e-05,423,6,15731,60,0.37202560901641846,2.349994421005249,True,{},{},0.09213155700126663,False,False,8132
G0_73102_3e-05,424,6,8018,26,0.1304987072944641,1.7339706420898438,True,{},{},0.09543747798306867,False,False,8132
G0_73102_3e-05,425,6,348,12,0.5081445574760437,3.1110119819641113,True,{},{},0.09721404901938513,False,False,8132
G0_73102_3e-05,426,6,15716,45,0.13747954368591309,1.26900315284729,True,{},{},0.09715555000002496,False,False,8132
G0_73102_3e-05,427,6,8023,31,0.14511987566947937,1.0741448402404785,True,{},{},0.09570906500448473,False,False,8132
G0_73102_3e-05,428,6,337,1,0.4831717312335968,3.4242467880249023,True,{},{},0.09361588201136328,False,False,8132
G0_73102_3e-05,429,6,356,20,0.29626592993736267,2.8457136154174805,True,{},{},0.09826771001098678,False,False,8132
G0_73102_3e-05,430,6,15729,58,0.27036309242248535,2.4939768314361572,True,{},{},0.0966195699875243,False,False,8132
G0_73102_3e-05,431,6,340,4,0.44476211071014404,2.7384445667266846,True,{},{},0.09615363599732518,False,False,8132
G0_73102_3e-05,432,6,350,14,0.3105253577232361,3.7479772567749023,True,{},{},0.09334683799534105,False,False,8132
G0_73102_3e-05,433,6,15732,61,0.368648886680603,2.664917230606079,True,{},{},0.09599166997941211,False,False,8132
G0_73102_3e-05,434,6,341,5,0.41903623938560486,2.3814573287963867,True,{},{},0.09684329698211513,False,False,8132
G0_73102_3e-05,435,6,15719,48,0.17040611803531647,0.9481843113899231,False,{},{},0.09614124399377033,False,False,8132
G0_73102_3e-05,436,6,339,3,0.4307864308357239,3.0619354248046875,True,{},{},0.09613094400265254,False,False,8132
G0_73102_3e-05,437,6,345,9,0.4461960196495056,2.7065773010253906,True,{},{},0.09324872100842185,False,False,8132
G0_73102_3e-05,438,6,8031,39,0.049850862473249435,1.128059983253479,True,{},{},0.09589559998130426,False,False,8132
G0_73102_3e-05,439,6,15730,59,0.26331716775894165,3.2803468704223633,True,{},{},0.0963166379951872,False,False,8132
G0_73102_3e-05,440,6,15723,52,0.21827498078346252,2.856351852416992,True,{},{},0.09765621300903149,False,False,8132
G0_73102_3e-05,441,6,15733,62,0.33980274200439453,2.8938238620758057,True,{},{},0.09706264399574138,False,False,8132
G0_73102_3e-05,442,6,15713,42,0.09670336544513702,2.1270809173583984,True,{},{},0.09526908400584944,False,False,8132
G0_73102_3e-05,443,6,15727,56,0.16579972207546234,2.149897813796997,True,{},{},0.09581682502175681,False,False,8132
G0_73102_3e-05,444,6,15711,40,0.08577026426792145,2.25807785987854,True,{},{},0.09871607198147103,False,False,8133
G0_73102_3e-05,445,6,336,0,0.4502377510070801,5.444639682769775,True,{},{},0.09651705299620517,False,False,8133
G0_73102_3e-05,446,6,15721,50,0.17018692195415497,1.258834958076477,True,{},{},0.09612279001157731,False,False,8133
G0_73102_3e-05,447,6,352,16,0.3024301528930664,3.5049357414245605,True,{},{},0.09357770698261447,False,False,8133
G0_73102_3e-05,448,6,8026,34,0.11295779794454575,1.6373701095581055,True,{},{},0.09755319898249581,False,False,8133
G0_73102_3e-05,449,7,15732,61,0.2969783544540405,4.6430535316467285,True,{},{},0.09693046999746002,False,False,8133
G0_73102_3e-05,450,7,338,2,0.3963254392147064,2.9414212703704834,True,{},{},0.09229910199064761,False,False,8133
G0_73102_3e-05,451,7,15720,49,0.15563052892684937,1.7822918891906738,True,{},{},0.09619679799652658,False,False,8133
G0_73102_3e-05,452,7,15716,45,0.10908480733633041,0.8670067191123962,False,{},{},0.09517589397728443,False,False,8133
G0_73102_3e-05,453,7,8016,24,0.13302987813949585,5.388881683349609,True,{},{},0.09758174099260941,False,False,8133
G0_73102_3e-05,454,7,346,10,0.4226166307926178,2.9511756896972656,True,{},{},0.09805449200212024,False,False,8133
G0_73102_3e-05,455,7,8024,32,0.11744725704193115,2.0626869201660156,True,{},{},0.09632165700895712,False,False,8133
G0_73102_3e-05,456,7,8023,31,0.11102069914340973,1.1271257400512695,True,{},{},0.09413107699947432,False,False,8133
G0_73102_3e-05,457,7,15731,60,0.22677592933177948,4.566250324249268,True,{},{},0.09909665599116124,False,False,8133
G0_73102_3e-05,458,7,15713,42,0.07423646748065948,1.1920162439346313,True,{},{},0.09916855799383484,False,False,8132
G0_73102_3e-05,459,7,8025,33,0.09980126470327377,1.4712773561477661,True,{},{},0.09589564401539974,False,False,8132
G0_73102_3e-05,460,7,339,3,0.3610876202583313,2.8792502880096436,True,{},{},0.09326391699141823,False,False,8132
G0_73102_3e-05,461,7,348,12,0.4475657641887665,3.1671886444091797,True,{},{},0.09476906902273186,False,False,8132
G0_73102_3e-05,462,7,15715,44,0.09506471455097198,0.92447429895401,False,{},{},0.1009635099908337,False,False,8132
G0_73102_3e-05,463,7,15733,62,0.24815034866333008,4.477763652801514,True,{},{},0.10170510501484387,False,False,8132
G0_73102_3e-05,464,7,357,21,0.30941683053970337,4.0939836502075195,True,{},{},0.0955627600196749,False,False,8132
G0_73102_3e-05,465,7,355,19,0.2918230891227722,4.265426158905029,True,{},{},0.09680612300871871,False,False,8132
G0_73102_3e-05,466,7,342,6,0.38820624351501465,2.5555856227874756,True,{},{},0.09827863701502793,False,False,8132
G0_73102_3e-05,467,7,15718,47,0.11612439900636673,1.4114344120025635,True,{},{},0.10313540798961185,False,False,8132
G0_73102_3e-05,468,7,354,18,0.26552969217300415,3.267700672149658,True,{},{},0.09529211898916401,False,False,8132
G0_73102_3e-05,469,7,8028,36,0.076392762362957,1.3608695268630981,True,{},{},0.09627077399636619,False,False,8132
G0_73102_3e-05,470,7,344,8,0.39836549758911133,3.766444444656372,True,{},{},0.09576205498888157,False,False,8132
G0_73102_3e-05,471,7,15721,50,0.11056458950042725,1.7691634893417358,True,{},{},0.09595664200605825,False,False,8132
G0_73102_3e-05,472,7,15728,57,0.10422486066818237,2.309722661972046,True,{},{},0.09835117601323873,False,False,8132
G0_73102_3e-05,473,7,345,9,0.39080682396888733,3.395878553390503,True,{},{},0.09807131500565447,False,False,8132
G0_73102_3e-05,474,7,340,4,0.37062400579452515,3.2048799991607666,True,{},{},0.09560374199645594,False,False,8132
G0_73102_3e-05,475,7,8021,29,0.11471370607614517,2.2248947620391846,True,{},{},0.09379898200859316,False,False,8132
G0_73102_3e-05,476,7,8029,37,0.08457031846046448,1.9438589811325073,True,{},{},0.10138968101819046,False,False,8133
G0_73102_3e-05,477,7,15729,58,0.12069103121757507,8.018519401550293,True,{},{},0.0920954379835166,False,False,8133
G0_73102_3e-05,478,7,15719,48,0.10408288985490799,1.7935625314712524,True,{},{},0.09716217700042762,False,False,8133
G0_73102_3e-05,479,7,336,0,0.41556262969970703,4.514070987701416,True,{},{},0.09451556100975722,False,False,8133
G0_73102_3e-05,480,7,347,11,0.3823019564151764,3.87913179397583,True,{},{},0.09220501501113176,False,False,8133
G0_73102_3e-05,481,7,15734,63,0.2323286533355713,5.606400012969971,True,{},{},0.10171626499504782,False,False,8133
G0_73102_3e-05,482,7,15714,43,0.08066590130329132,0.9180005192756653,False,{},{},0.09413749998202547,False,False,8133
G0_73102_3e-05,483,7,8022,30,0.10092991590499878,1.6610151529312134,True,{},{},0.09539950301405042,False,False,8133
G0_73102_3e-05,484,7,8018,26,0.10105255991220474,1.220500111579895,True,{},{},0.0974793559871614,False,False,8133
G0_73102_3e-05,485,7,15723,52,0.17081435024738312,11.454181671142578,True,{},{},0.09451702001388185,False,False,8133
G0_73102_3e-05,486,7,353,17,0.2597463130950928,4.683573246002197,True,{},{},0.09860702801961452,False,False,8133
G0_73102_3e-05,487,7,351,15,0.309095561504364,5.349430084228516,True,{},{},0.0921867500001099,False,False,8133
G0_73102_3e-05,488,7,8019,27,0.09997893124818802,1.599036693572998,True,{},{},0.09454773398465477,False,False,8133
G0_73102_3e-05,489,7,352,16,0.25252866744995117,4.767996788024902,True,{},{},0.09891614198568277,False,False,8133
G0_73102_3e-05,490,7,15712,41,0.06666296720504761,1.8497554063796997,True,{},{},0.0988308449741453,False,False,8133
G0_73102_3e-05,491,7,8031,39,0.039625220000743866,0.8523160219192505,False,{},{},0.09633520600618795,False,False,8132
G0_73102_3e-05,492,7,358,22,0.31508663296699524,3.9906649589538574,True,{},{},0.09587813800317235,False,False,8132
G0_73102_3e-05,493,7,359,23,0.32867431640625,4.87964391708374,True,{},{},0.0942904900002759,False,False,8132
G0_73102_3e-05,494,7,15727,56,0.0859287828207016,4.794333457946777,True,{},{},0.09398564300499856,False,False,8132
G0_73102_3e-05,495,7,15711,40,0.05451665818691254,1.0571813583374023,True,{},{},0.1056320229836274,False,False,8132
G0_73102_3e-05,496,7,8026,34,0.11472050845623016,2.240488052368164,True,{},{},0.09581666797748767,False,False,8132
G0_73102_3e-05,497,7,15725,54,0.09627275168895721,1.5962687730789185,True,{},{},0.09687760300585069,False,False,8132
G0_73102_3e-05,498,7,15722,51,0.15829618275165558,4.1646809577941895,True,{},{},0.0969152539910283,False,False,8132
G0_73102_3e-05,499,7,337,1,0.3700169622898102,3.3085222244262695,True,{},{},0.09803444502176717,False,False,8132
G0_73102_3e-05,500,7,15717,46,0.08013270795345306,1.6012356281280518,True,{},{},0.10154792500543408,False,False,8132
G0_73102_3e-05,501,7,8027,35,0.07918375730514526,1.233624815940857,True,{},{},0.09639255198999308,False,False,8132
G0_73102_3e-05,502,7,8020,28,0.07920192182064056,0.8322628140449524,False,{},{},0.09425642099813558,False,False,8132
G0_73102_3e-05,503,7,350,14,0.2710176706314087,3.81242299079895,True,{},{},0.09537016600370407,False,False,8132
G0_73102_3e-05,504,7,15724,53,0.13948023319244385,7.625120639801025,True,{},{},0.0981172890169546,False,False,8132
G0_73102_3e-05,505,7,343,7,0.365815669298172,2.954514265060425,True,{},{},0.0982044430274982,False,False,8132
G0_73102_3e-05,506,7,356,20,0.24635426700115204,3.2186567783355713,True,{},{},0.0971265500120353,False,False,8132
G0_73102_3e-05,507,7,15730,59,0.0982569232583046,1.6031407117843628,True,{},{},0.09597119700629264,False,False,8132
G0_73102_3e-05,508,7,349,13,0.2303021252155304,2.78887939453125,True,{},{},0.09728601499227807,False,False,8132
G0_73102_3e-05,509,7,8030,38,0.04853762686252594,1.373131275177002,True,{},{},0.09555905000888743,False,False,8132
G0_73102_3e-05,510,7,8017,25,0.09711339324712753,1.8757836818695068,True,{},{},0.09693103801691905,False,False,8132
G0_73102_3e-05,511,7,15726,55,0.39560720324516296,33.12419128417969,True,{},{},0.0965832420042716,False,False,8132
G0_73102_3e-05,512,7,341,5,0.35410967469215393,4.5519256591796875,True,{},{},0.09436070700758137,False,False,8132
G1_73102_3e-05,1,0,15719,48,0.18824027478694916,0.0656951293349266,False,{},{},0.10413494799286127,False,False,8200
G1_73102_3e-05,2,0,15716,45,0.13035848736763,0.046593792736530304,False,{},{},0.09816742199473083,False,False,8200
G1_73102_3e-05,3,0,8017,25,0.22749224305152893,0.3021908700466156,False,{},{},0.09622474299976602,False,False,8200
G1_73102_3e-05,4,0,8030,38,0.13926365971565247,0.4356191158294678,False,{},{},0.09364396898308769,False,False,8200
G1_73102_3e-05,5,0,347,11,0.8279790878295898,0.7651892304420471,False,{},{},0.09686258100555278,False,False,8133
G1_73102_3e-05,6,0,15717,46,0.15165498852729797,0.05578794702887535,False,{},{},0.09435330599080771,False,False,8133
G1_73102_3e-05,7,0,15726,55,0.31845253705978394,0.1133219301700592,False,{},{},0.09794049500487745,False,False,8133
G1_73102_3e-05,8,0,15724,53,0.2839600741863251,0.08594600111246109,False,{},{},0.09440722499857657,False,False,8133
G1_73102_3e-05,9,0,342,6,0.8328394293785095,0.8292938470840454,False,{},{},0.09575109000434168,False,False,8133
G1_73102_3e-05,10,0,15734,63,0.5852357149124146,0.1864977329969406,False,{},{},0.0976289940008428,False,False,8133
G1_73102_3e-05,11,0,343,7,0.9164838790893555,1.1289242506027222,True,{},{},0.09249794299830683,False,False,8133
G1_73102_3e-05,12,0,8027,35,0.18821090459823608,0.185171976685524,False,{},{},0.09651874200790189,False,False,8133
G1_73102_3e-05,13,0,15720,49,0.20582550764083862,0.06930023431777954,False,{},{},0.09340121399145573,False,False,8133
G1_73102_3e-05,14,0,15721,50,0.2221941202878952,0.07511743158102036,False,{},{},0.09343325000372715,False,False,8133
G1_73102_3e-05,15,0,15733,62,0.5516164898872375,0.15997813642024994,False,{},{},0.09654279801179655,False,False,8133
G1_73102_3e-05,16,0,349,13,1.1465461254119873,4.566773414611816,True,{},{},0.09989978399244137,False,False,8133
G1_73102_3e-05,17,0,15730,59,0.43024319410324097,0.12015936523675919,False,{},{},0.09758710602181964,False,False,8133
G1_73102_3e-05,18,0,336,0,1.0385210514068604,4.3218607902526855,True,{},{},0.09427333899657242,False,False,8133
G1_73102_3e-05,19,0,15722,51,0.24094904959201813,0.07897733151912689,False,{},{},0.0973162809968926,False,False,8132
G1_73102_3e-05,20,0,339,3,0.8453239798545837,2.070247173309326,True,{},{},0.09711886098375544,False,False,8132
G1_73102_3e-05,21,0,351,15,0.7021056413650513,2.1125612258911133,True,{},{},0.09563618100946769,False,False,8132
G1_73102_3e-05,22,0,8020,28,0.21265244483947754,0.23761840164661407,False,{},{},0.095214175991714,False,False,8132
G1_73102_3e-05,23,0,8023,31,0.20803335309028625,0.17125479876995087,False,{},{},0.09500038297846913,False,False,8132
G1_73102_3e-05,24,0,8028,36,0.12448479980230331,0.3922916054725647,False,{},{},0.09669278000365011,False,False,8132
G1_73102_3e-05,25,0,350,14,1.1032869815826416,6.344233989715576,True,{},{},0.11327397701097652,False,False,8132
G1_73102_3e-05,26,0,341,5,0.7555269598960876,0.9136804342269897,False,{},{},0.09513537198654376,False,False,8132
G1_73102_3e-05,27,0,15728,57,0.3619777262210846,0.116018146276474,False,{},{},0.09323338401736692,False,False,8132
G1_73102_3e-05,28,0,15713,42,0.06525884568691254,0.03844749927520752,False,{},{},0.0939177320105955,False,False,8132
G1_73102_3e-05,29,0,340,4,0.7801684141159058,1.5591239929199219,True,{},{},0.0986034160014242,False,False,8132
G1_73102_3e-05,30,0,355,19,0.592637836933136,1.265097737312317,True,{},{},0.09757387000718154,False,False,8132
G1_73102_3e-05,31,0,345,9,0.79574054479599,0.6043645739555359,False,{},{},0.09673447799286805,False,False,8132
G1_73102_3e-05,32,0,15723,52,0.2602766156196594,0.08610552549362183,False,{},{},0.09393441802239977,False,False,8132
G1_73102_3e-05,33,0,356,20,0.5757437348365784,1.2821406126022339,True,{},{},0.10747496801195666,False,False,8132
G1_73102_3e-05,34,0,15731,60,0.4851464033126831,0.14429068565368652,False,{},{},0.11116279798443429,False,False,8132
G1_73102_3e-05,35,0,359,23,0.680304765701294,2.3054842948913574,True,{},{},0.09420480800326914,False,False,8132
G1_73102_3e-05,36,0,348,12,0.8494971990585327,1.53969407081604,True,{},{},0.09483490299317054,False,False,8132
G1_73102_3e-05,37,0,8018,26,0.2030206173658371,0.23522605001926422,False,{},{},0.09611533099086955,False,False,8132
G1_73102_3e-05,38,0,8031,39,0.13037098944187164,0.15852585434913635,False,{},{},0.09732387098483741,False,False,8130
G1_73102_3e-05,39,0,357,21,0.5560643672943115,0.9001951217651367,False,{},{},0.09950294901500456,False,False,8130
G1_73102_3e-05,40,0,15712,41,0.039875321090221405,0.04037421941757202,False,{},{},0.09302712400676683,False,False,8130
G1_73102_3e-05,41,0,15725,54,0.2996111512184143,0.09750191122293472,False,{},{},0.09340232500107959,False,False,8130
G1_73102_3e-05,42,0,15732,61,0.5166918635368347,0.15976709127426147,False,{},{},0.09490177800762467,False,False,8130
G1_73102_3e-05,43,0,344,8,0.7832176685333252,0.8547918200492859,False,{},{},0.09928222099551931,False,False,8129
G1_73102_3e-05,44,0,8019,27,0.19900918006896973,0.18347682058811188,False,{},{},0.09862908598734066,False,False,8129
G1_73102_3e-05,45,0,354,18,0.5869073867797852,1.4410779476165771,True,{},{},0.09357324201846495,False,False,8129
G1_73102_3e-05,46,0,338,2,1.0737829208374023,4.9203104972839355,True,{},{},0.0932610209856648,False,False,8129
G1_73102_3e-05,47,0,8022,30,0.21222522854804993,0.18991820514202118,False,{},{},0.09786466299556196,False,False,8129
G1_73102_3e-05,48,0,15718,47,0.16493479907512665,0.07505470514297485,False,{},{},0.09998887401889078,False,False,8130
G1_73102_3e-05,49,0,352,16,0.5801714062690735,1.4113458395004272,True,{},{},0.09470300099928863,False,False,8130
G1_73102_3e-05,50,0,353,17,0.5938416719436646,2.4399380683898926,True,{},{},0.09577277099015191,False,False,8130
G1_73102_3e-05,51,0,15715,44,0.11090178787708282,0.04083535447716713,False,{},{},0.0959042829927057,False,False,8130
G1_73102_3e-05,52,0,8026,34,0.18895672261714935,0.18144479393959045,False,{},{},0.10053045701351948,False,False,8129
G1_73102_3e-05,53,0,337,1,1.1047728061676025,6.164083003997803,True,{},{},0.09724189800908789,False,False,8129
G1_73102_3e-05,54,0,8025,33,0.206558495759964,0.14843398332595825,False,{},{},0.09520823298953474,False,False,8129
G1_73102_3e-05,55,0,8029,37,0.15784916281700134,0.9331563711166382,False,{},{},0.1008679769875016,False,False,8129
G1_73102_3e-05,56,0,358,22,0.5508662462234497,1.1568617820739746,True,{},{},0.09423836698988453,False,False,8129
G1_73102_3e-05,57,0,8016,24,0.2101852148771286,0.2835772931575775,False,{},{},0.10118262798641808,False,False,8130
G1_73102_3e-05,58,0,15727,56,0.3324483633041382,0.1253434419631958,False,{},{},0.096571505011525,False,False,8130
G1_73102_3e-05,59,0,346,10,0.7732740640640259,0.7017717957496643,False,{},{},0.09486510200076737,False,False,8130
G1_73102_3e-05,60,0,15714,43,0.08532816171646118,0.04846915602684021,False,{},{},0.0946003140124958,False,False,8130
G1_73102_3e-05,61,0,8024,32,0.20038287341594696,0.14023223519325256,False,{},{},0.09504318001563661,False,False,8130
G1_73102_3e-05,62,0,15711,40,0.04120326414704323,0.04933604225516319,False,{},{},0.09961547300918028,False,False,8129
G1_73102_3e-05,63,0,15729,58,0.3945430517196655,0.1192757859826088,False,{},{},0.09746501999325119,False,False,8129
G1_73102_3e-05,64,0,8021,29,0.21077996492385864,0.2072327882051468,False,{},{},0.09630133101018146,False,False,8129
G1_73102_3e-05,65,1,350,14,1.0940015316009521,6.9936065673828125,True,{},{},0.09650648798560724,False,False,8129
G1_73102_3e-05,66,1,15730,59,0.42373883724212646,0.13697819411754608,False,{},{},0.10208371499902569,False,False,8130
G1_73102_3e-05,67,1,355,19,0.5200721621513367,0.8595129251480103,False,{},{},0.09345094198943116,False,False,8130
G1_73102_3e-05,68,1,8031,39,0.12736776471138,0.16081927716732025,False,{},{},0.09549407102167606,False,False,8130
G1_73102_3e-05,69,1,15719,48,0.18275722861289978,0.07924172282218933,False,{},{},0.09666180901695043,False,False,8130
G1_73102_3e-05,70,1,8016,24,0.20686662197113037,0.281742662191391,False,{},{},0.09594328698585741,False,False,8130
G1_73102_3e-05,71,1,336,0,0.7177170515060425,0.9591968655586243,False,{},{},0.10500999799114652,False,False,8130
G1_73102_3e-05,72,1,354,18,0.5283000469207764,0.7384575009346008,False,{},{},0.09387887798948213,False,False,8130
G1_73102_3e-05,73,1,8017,25,0.20846213400363922,0.29512619972229004,False,{},{},0.09396194099099375,False,False,8130
G1_73102_3e-05,74,1,15711,40,0.041500575840473175,0.05277659744024277,False,{},{},0.09536514201317914,False,False,8130
G1_73102_3e-05,75,1,8019,27,0.19518782198429108,0.185157909989357,False,{},{},0.09558058300171979,False,False,8130
G1_73102_3e-05,76,1,15717,46,0.14837640523910522,0.0670466423034668,False,{},{},0.09865662801894359,False,False,8130
G1_73102_3e-05,77,1,344,8,0.7374560832977295,0.6785757541656494,False,{},{},0.09757247401284985,False,False,8130
G1_73102_3e-05,78,1,15715,44,0.11050685495138168,0.043891359120607376,False,{},{},0.0968680219957605,False,False,8130
G1_73102_3e-05,79,1,349,13,1.0585780143737793,6.360328674316406,True,{},{},0.09645992700825445,False,False,8130
G1_73102_3e-05,80,1,15729,58,0.3922150135040283,0.1300707459449768,False,{},{},0.10290331998839974,False,False,8130
G1_73102_3e-05,81,1,347,11,0.7375544309616089,0.6926996111869812,False,{},{},0.09585732300183736,False,False,8130
G1_73102_3e-05,82,1,337,1,0.9634197950363159,5.8267388343811035,True,{},{},0.09634647899656557,False,False,8130
G1_73102_3e-05,83,1,341,5,0.7038547992706299,1.5112121105194092,True,{},{},0.0934241859940812,False,False,8130
G1_73102_3e-05,84,1,8028,36,0.11349593102931976,0.3030344247817993,False,{},{},0.09970256799715571,False,False,8130
G1_73102_3e-05,85,1,343,7,0.8138346076011658,1.848953366279602,True,{},{},0.1001263200014364,False,False,8130
G1_73102_3e-05,86,1,15726,55,0.30910524725914,0.12424559891223907,False,{},{},0.10110848300973885,False,False,8130
G1_73102_3e-05,87,1,353,17,0.4929784834384918,0.6988477110862732,False,{},{},0.0969723470043391,False,False,8130
G1_73102_3e-05,88,1,359,23,0.5276588797569275,1.3165380954742432,True,{},{},0.0955111229850445,False,False,8130
G1_73102_3e-05,89,1,15712,41,0.04121970385313034,0.05485299229621887,False,{},{},0.09655287998612039,False,False,8130
G1_73102_3e-05,90,1,15733,62,0.5387545228004456,0.1923830807209015,False,{},{},0.10026996699161828,False,False,8130
G1_73102_3e-05,91,1,15732,61,0.508812427520752,0.1781783252954483,False,{},{},0.0929578370123636,False,False,8130
G1_73102_3e-05,92,1,358,22,0.5023396611213684,1.077016830444336,True,{},{},0.09332160398480482,False,False,8130
G1_73102_3e-05,93,1,15728,57,0.3540014326572418,0.13894884288311005,False,{},{},0.09610436699585989,False,False,8130
G1_73102_3e-05,94,1,342,6,0.7181485891342163,0.8830351829528809,False,{},{},0.09553268199670129,False,False,8130
G1_73102_3e-05,95,1,8022,30,0.20744743943214417,0.20805630087852478,False,{},{},0.10172377599519677,False,False,8131
G1_73102_3e-05,96,1,15722,51,0.23465755581855774,0.0974510908126831,False,{},{},0.09423965500900522,False,False,8131
G1_73102_3e-05,97,1,15718,47,0.16227099299430847,0.08176492154598236,False,{},{},0.09352080599637702,False,False,8131
G1_73102_3e-05,98,1,356,20,0.4536217451095581,0.8496431112289429,False,{},{},0.09641176299192011,False,False,8131
G1_73102_3e-05,99,1,15720,49,0.19901832938194275,0.09119027853012085,False,{},{},0.09759633499197662,False,False,8132
G1_73102_3e-05,100,1,15725,54,0.2929452359676361,0.11511285603046417,False,{},{},0.0948017860064283,False,False,8132
G1_73102_3e-05,101,1,8018,26,0.19188192486763,0.21600717306137085,False,{},{},0.09718404500745237,False,False,8132
G1_73102_3e-05,102,1,338,2,0.8677541017532349,5.105874538421631,True,{},{},0.09289426798932254,False,False,8132
G1_73102_3e-05,103,1,8024,32,0.19637691974639893,0.14982466399669647,False,{},{},0.09728301499853842,False,False,8132
G1_73102_3e-05,104,1,8020,28,0.20519408583641052,0.26094046235084534,False,{},{},0.10146395998890512,False,False,8132
G1_73102_3e-05,105,1,8021,29,0.2067556381225586,0.22017551958560944,False,{},{},0.09530839600483887,False,False,8132
G1_73102_3e-05,106,1,8029,37,0.13390016555786133,0.697283148765564,False,{},{},0.09247437000158243,False,False,8132
G1_73102_3e-05,107,1,357,21,0.4561341404914856,0.5659444332122803,False,{},{},0.09686304797651246,False,False,8132
G1_73102_3e-05,108,1,8026,34,0.18018457293510437,0.18676814436912537,False,{},{},0.0945867619884666,False,False,8132
G1_73102_3e-05,109,1,8025,33,0.19882142543792725,0.15781307220458984,False,{},{},0.09957317699445412,False,False,8132
G1_73102_3e-05,110,1,339,3,0.6459817290306091,0.8207738995552063,False,{},{},0.0929210819886066,False,False,8132
G1_73102_3e-05,111,1,340,4,0.6571648716926575,1.0225095748901367,True,{},{},0.09413291601231322,False,False,8132
G1_73102_3e-05,112,1,8027,35,0.17763656377792358,0.1955806165933609,False,{},{},0.0991117520025,False,False,8132
G1_73102_3e-05,113,1,15716,45,0.12619656324386597,0.05700093135237694,False,{},{},0.094896032998804,False,False,8132
G1_73102_3e-05,114,1,15731,60,0.4709676504135132,0.17733483016490936,False,{},{},0.09877208797843195,False,False,8132
G1_73102_3e-05,115,1,15734,63,0.5632537007331848,0.22943726181983948,False,{},{},0.0972402699990198,False,False,8132
G1_73102_3e-05,116,1,15727,56,0.32493576407432556,0.12937308847904205,False,{},{},0.09581346300547011,False,False,8132
G1_73102_3e-05,117,1,15721,50,0.21343334019184113,0.09750115126371384,False,{},{},0.10009484199690633,False,False,8132
G1_73102_3e-05,118,1,15713,42,0.06709020584821701,0.06494566798210144,False,{},{},0.09568854601820931,False,False,8132
G1_73102_3e-05,119,1,15724,53,0.2713233232498169,0.11635950952768326,False,{},{},0.09540143099729903,False,False,8132
G1_73102_3e-05,120,1,352,16,0.4835759401321411,0.7109212279319763,False,{},{},0.1007398159999866,False,False,8132
G1_73102_3e-05,121,1,8023,31,0.19831730425357819,0.20017611980438232,False,{},{},0.09617246000561863,False,False,8132
G1_73102_3e-05,122,1,8030,38,0.11596273630857468,0.211527019739151,False,{},{},0.09399025997845456,False,False,8132
G1_73102_3e-05,123,1,348,12,0.7375465035438538,0.9568032026290894,False,{},{},0.10430716598057188,False,False,8132
G1_73102_3e-05,124,1,351,15,0.5099900364875793,1.0917092561721802,True,{},{},0.09537567998631857,False,False,8132
G1_73102_3e-05,125,1,15723,52,0.2508789002895355,0.11023243516683578,False,{},{},0.09967451600823551,False,False,8132
G1_73102_3e-05,126,1,346,10,0.7155063152313232,1.0541435480117798,True,{},{},0.09940605299198069,False,False,8132
G1_73102_3e-05,127,1,15714,43,0.08629731088876724,0.07122805714607239,False,{},{},0.09814214901416562,False,False,8132
G1_73102_3e-05,128,1,345,9,0.6964640617370605,0.8214737176895142,False,{},{},0.10149497399106622,False,False,8132
G1_73102_3e-05,129,2,8016,24,0.19396106898784637,0.27823492884635925,False,{},{},0.09465446599642746,False,False,8132
G1_73102_3e-05,130,2,8023,31,0.19648845493793488,0.200165793299675,False,{},{},0.09795701500843279,False,False,8132
G1_73102_3e-05,131,2,8025,33,0.19473573565483093,0.16467039287090302,False,{},{},0.0969888599938713,False,False,8132
G1_73102_3e-05,132,2,343,7,0.7390041947364807,1.8595460653305054,True,{},{},0.10176319497986697,False,False,8132
G1_73102_3e-05,133,2,15711,40,0.04426854848861694,0.07973158359527588,False,{},{},0.09922663899487816,False,False,8132
G1_73102_3e-05,134,2,359,23,0.4440016746520996,0.6944915652275085,False,{},{},0.09496125098667108,False,False,8132
G1_73102_3e-05,135,2,15728,57,0.3467046022415161,0.14704611897468567,False,{},{},0.09725650798645802,False,False,8132
G1_73102_3e-05,136,2,351,15,0.47404050827026367,0.9487631320953369,False,{},{},0.09702637299778871,False,False,8132
G1_73102_3e-05,137,2,15715,44,0.11012256145477295,0.06682710349559784,False,{},{},0.09857396999723278,False,False,8132
G1_73102_3e-05,138,2,8021,29,0.20056843757629395,0.2354743331670761,False,{},{},0.09249925799667835,False,False,8132
G1_73102_3e-05,139,2,15725,54,0.28673404455184937,0.12502753734588623,False,{},{},0.104373799986206,False,False,8132
G1_73102_3e-05,140,2,341,5,0.6448086500167847,1.202049970626831,True,{},{},0.09718385600717738,False,False,8132
G1_73102_3e-05,141,2,347,11,0.6711623668670654,0.5705384612083435,False,{},{},0.09546648501418531,False,False,8132
G1_73102_3e-05,142,2,15734,63,0.5553858280181885,0.23645201325416565,False,{},{},0.09931702699395828,False,False,8132
G1_73102_3e-05,143,2,356,20,0.3986353278160095,0.5488590598106384,False,{},{},0.0953340629930608,False,False,8132
G1_73102_3e-05,144,2,15729,58,0.38015487790107727,0.16115930676460266,False,{},{},0.09951874101534486,False,False,8132
G1_73102_3e-05,145,2,357,21,0.4225706458091736,0.6189189553260803,False,{},{},0.09232190198963508,False,False,8132
G1_73102_3e-05,146,2,15731,60,0.46361520886421204,0.18961696326732635,False,{},{},0.096192250988679,False,False,8132
G1_73102_3e-05,147,2,339,3,0.5978867411613464,0.6145827770233154,False,{},{},0.09672120699542575,False,False,8132
G1_73102_3e-05,148,2,15726,55,0.29992085695266724,0.1290780007839203,False,{},{},0.09925490099703893,False,False,8132
G1_73102_3e-05,149,2,8026,34,0.17243105173110962,0.19843615591526031,False,{},{},0.09694793401286006,False,False,8132
G1_73102_3e-05,150,2,15712,41,0.0446212999522686,0.09324605017900467,False,{},{},0.09801148498081602,False,False,8132
G1_73102_3e-05,151,2,355,19,0.4188293218612671,0.8400031924247742,False,{},{},0.09834788300213404,False,False,8132
G1_73102_3e-05,152,2,8017,25,0.19098585844039917,0.2798176407814026,False,{},{},0.09719702499569394,False,False,8132
G1_73102_3e-05,153,2,15720,49,0.19194264709949493,0.10406098514795303,False,{},{},0.09854572999756783,False,False,8132
G1_73102_3e-05,154,2,354,18,0.42967209219932556,0.7387170791625977,False,{},{},0.09798346701427363,False,False,8132
G1_73102_3e-05,155,2,8028,36,0.10965454578399658,0.38203349709510803,False,{},{},0.09768668698961847,False,False,8132
G1_73102_3e-05,156,2,8022,30,0.19508135318756104,0.20203012228012085,False,{},{},0.09870510699693114,False,False,8132
G1_73102_3e-05,157,2,348,12,0.6671664714813232,0.8706696629524231,False,{},{},0.09377636198769324,False,False,8132
G1_73102_3e-05,158,2,15724,53,0.26428985595703125,0.13626083731651306,False,{},{},0.0960639459954109,False,False,8132
G1_73102_3e-05,159,2,8024,32,0.18847247958183289,0.1681327521800995,False,{},{},0.09327206001034938,False,False,8132
G1_73102_3e-05,160,2,340,4,0.5996764302253723,0.8742081522941589,False,{},{},0.09284423899953254,False,False,8132
G1_73102_3e-05,161,2,344,8,0.65102219581604,0.7496147155761719,False,{},{},0.10065990500152111,False,False,8132
G1_73102_3e-05,162,2,8018,26,0.18530422449111938,0.23505911231040955,False,{},{},0.09608825700706802,False,False,8132
G1_73102_3e-05,163,2,349,13,0.6579945087432861,5.1717000007629395,True,{},{},0.09895819600205868,False,False,8132
G1_73102_3e-05,164,2,353,17,0.40361112356185913,0.8984977006912231,False,{},{},0.09522308298619464,False,False,8132
G1_73102_3e-05,165,2,8020,28,0.19427838921546936,0.26934418082237244,False,{},{},0.10253736202139407,False,False,8132
G1_73102_3e-05,166,2,346,10,0.6549242734909058,0.7406387329101562,False,{},{},0.09844276701915078,False,False,8132
G1_73102_3e-05,167,2,15730,59,0.4048210382461548,0.18575908243656158,False,{},{},0.09735697499127127,False,False,8132
G1_73102_3e-05,168,2,15714,43,0.08744462579488754,0.0906846821308136,False,{},{},0.09476794497459196,False,False,8132
G1_73102_3e-05,169,2,338,2,0.725871205329895,4.241019248962402,True,{},{},0.09646424700622447,False,False,8132
G1_73102_3e-05,170,2,15716,45,0.12403880059719086,0.0726829320192337,False,{},{},0.10081647400511429,False,False,8132
G1_73102_3e-05,171,2,15723,52,0.2437727451324463,0.12169287353754044,False,{},{},0.09733978100121021,False,False,8132
G1_73102_3e-05,172,2,342,6,0.6468006372451782,1.4524751901626587,True,{},{},0.09634183297748677,False,False,8132
G1_73102_3e-05,173,2,15719,48,0.17406457662582397,0.09150590747594833,False,{},{},0.09402417397359386,False,False,8132
G1_73102_3e-05,174,2,8030,38,0.11279939115047455,0.25505444407463074,False,{},{},0.09667075201286934,False,False,8132
G1_73102_3e-05,175,2,358,22,0.40642184019088745,0.5444961786270142,False,{},{},0.09975075098918751,False,False,8132
G1_73102_3e-05,176,2,8031,39,0.11986319720745087,0.2652668356895447,False,{},{},0.09881154401227832,False,False,8132
G1_73102_3e-05,177,2,336,0,0.5874031186103821,1.5878514051437378,True,{},{},0.09907837698119693,False,False,8132
G1_73102_3e-05,178,2,15732,61,0.48695486783981323,0.21578630805015564,False,{},{},0.09672207399853505,False,False,8132
G1_73102_3e-05,179,2,8019,27,0.18390832841396332,0.22736065089702606,False,{},{},0.09777586002019234,False,False,8132
G1_73102_3e-05,180,2,345,9,0.6299864649772644,0.7487255930900574,False,{},{},0.09634690501843579,False,False,8132
G1_73102_3e-05,181,2,350,14,0.48282867670059204,2.331238269805908,True,{},{},0.09535660699475557,False,False,8132
G1_73102_3e-05,182,2,352,16,0.40584370493888855,0.6726915240287781,False,{},{},0.09564741200301796,False,False,8132
G1_73102_3e-05,183,2,15721,50,0.20468845963478088,0.11188041418790817,False,{},{},0.09462860698113218,False,False,8132
G1_73102_3e-05,184,2,15727,56,0.3157944083213806,0.1482660472393036,False,{},{},0.09580743900733069,False,False,8132
G1_73102_3e-05,185,2,15717,46,0.1416809856891632,0.08293807506561279,False,{},{},0.10131785800331272,False,False,8132
G1_73102_3e-05,186,2,15718,47,0.1562611162662506,0.0886574313044548,False,{},{},0.09449561301153153,False,False,8132
G1_73102_3e-05,187,2,337,1,0.7098804712295532,4.790047645568848,True,{},{},0.09642488500685431,False,False,8132
G1_73102_3e-05,188,2,15713,42,0.06988458335399628,0.10286460816860199,False,{},{},0.0967489889881108,False,False,8132
G1_73102_3e-05,189,2,8027,35,0.17109987139701843,0.255296528339386,False,{},{},0.10065975500037894,False,False,8132
G1_73102_3e-05,190,2,15722,51,0.2222035825252533,0.11899325251579285,False,{},{},0.1002308770257514,False,False,8132
G1_73102_3e-05,191,2,15733,62,0.5132426023483276,0.2341906875371933,False,{},{},0.09712833698722534,False,False,8132
G1_73102_3e-05,192,2,8029,37,0.11272597312927246,0.5793959498405457,False,{},{},0.09746638298383914,False,False,8132
G1_73102_3e-05,193,3,15729,58,0.37136924266815186,0.1814088225364685,False,{},{},0.09970481198979542,False,False,8132
G1_73102_3e-05,194,3,340,4,0.5695001482963562,0.8331836462020874,False,{},{},0.09530827298294753,False,False,8132
G1_73102_3e-05,195,3,8023,31,0.185784250497818,0.2091347724199295,False,{},{},0.09342775199911557,False,False,8132
G1_73102_3e-05,196,3,339,3,0.5625221729278564,0.874406635761261,False,{},{},0.09420875797513872,False,False,8132
G1_73102_3e-05,197,3,15721,50,0.20280088484287262,0.11593034118413925,False,{},{},0.09590010499232449,False,False,8132
G1_73102_3e-05,198,3,15723,52,0.2400941103696823,0.12681035697460175,False,{},{},0.10019255598308519,False,False,8132
G1_73102_3e-05,199,3,15731,60,0.4537948966026306,0.2119779735803604,False,{},{},0.10267211301834323,False,False,8132
G1_73102_3e-05,200,3,8022,30,0.18860062956809998,0.2229710817337036,False,{},{},0.09343138799886219,False,False,8132
G1_73102_3e-05,201,3,15733,62,0.509863018989563,0.23801863193511963,False,{},{},0.09402001101989299,False,False,8132
G1_73102_3e-05,202,3,15725,54,0.2771349847316742,0.14628762006759644,False,{},{},0.09504731398192234,False,False,8132
G1_73102_3e-05,203,3,8021,29,0.18895995616912842,0.26884034276008606,False,{},{},0.10456458700355142,False,False,8130
G1_73102_3e-05,204,3,346,10,0.6143087148666382,0.8775171637535095,False,{},{},0.09488544598571025,False,False,8130
G1_73102_3e-05,205,3,338,2,0.6171514391899109,1.3942079544067383,True,{},{},0.09451706300023943,False,False,8130
G1_73102_3e-05,206,3,15717,46,0.14013013243675232,0.08913812786340714,False,{},{},0.09800042299320921,False,False,8130
G1_73102_3e-05,207,3,8024,32,0.18307873606681824,0.1951155811548233,False,{},{},0.09783670300384983,False,False,8130
G1_73102_3e-05,208,3,358,22,0.38903534412384033,0.6595940589904785,False,{},{},0.09778843299136497,False,False,8130
G1_73102_3e-05,209,3,15713,42,0.07079847902059555,0.11933045089244843,False,{},{},0.09953943500295281,False,False,8130
G1_73102_3e-05,210,3,15734,63,0.5373244881629944,0.26491329073905945,False,{},{},0.09888416598550975,False,False,8130
G1_73102_3e-05,211,3,8026,34,0.16328087449073792,0.22522185742855072,False,{},{},0.09469661102048121,False,False,8130
G1_73102_3e-05,212,3,337,1,0.6070515513420105,1.6909774541854858,True,{},{},0.10338667899486609,False,False,8130
G1_73102_3e-05,213,3,351,15,0.3938976228237152,1.2638537883758545,True,{},{},0.094561433972558,False,False,8130
G1_73102_3e-05,214,3,336,0,0.5624723434448242,1.525307059288025,True,{},{},0.09725994698237628,False,False,8130
G1_73102_3e-05,215,3,348,12,0.6045892834663391,0.8069924116134644,False,{},{},0.09523075900506228,False,False,8130
G1_73102_3e-05,216,3,15727,56,0.3101198971271515,0.17293038964271545,False,{},{},0.09536001700325869,False,False,8130
G1_73102_3e-05,217,3,8017,25,0.17843100428581238,0.29982322454452515,False,{},{},0.10209549899445847,False,False,8131
G1_73102_3e-05,218,3,343,7,0.6240031719207764,1.8649691343307495,True,{},{},0.09479808001196943,False,False,8131
G1_73102_3e-05,219,3,359,23,0.38739949464797974,0.8625492453575134,False,{},{},0.09429902900592424,False,False,8131
G1_73102_3e-05,220,3,349,13,0.43019914627075195,1.2857685089111328,True,{},{},0.09772342900396325,False,False,8131
G1_73102_3e-05,221,3,8027,35,0.16894996166229248,0.32717397809028625,False,{},{},0.09769524799776264,False,False,8131
G1_73102_3e-05,222,3,341,5,0.5724272727966309,1.2526416778564453,True,{},{},0.09973226097645238,False,False,8131
G1_73102_3e-05,223,3,344,8,0.5981957912445068,1.050753116607666,True,{},{},0.09315573898493312,False,False,8131
G1_73102_3e-05,224,3,8030,38,0.10703876614570618,0.26660847663879395,False,{},{},0.09542479499941692,False,False,8131
G1_73102_3e-05,225,3,8020,28,0.18246914446353912,0.2888314425945282,False,{},{},0.09601660197949968,False,False,8131
G1_73102_3e-05,226,3,15722,51,0.21728742122650146,0.12947247922420502,False,{},{},0.10031605398398824,False,False,8131
G1_73102_3e-05,227,3,8019,27,0.17744269967079163,0.2699696123600006,False,{},{},0.09672110402607359,False,False,8131
G1_73102_3e-05,228,3,357,21,0.36209729313850403,0.9435791373252869,False,{},{},0.09868822401040234,False,False,8131
G1_73102_3e-05,229,3,15714,43,0.088372141122818,0.12421484291553497,False,{},{},0.09471125100390054,False,False,8131
G1_73102_3e-05,230,3,347,11,0.5913797616958618,0.8394073247909546,False,{},{},0.09621323400642723,False,False,8131
G1_73102_3e-05,231,3,8031,39,0.11269187927246094,0.33664339780807495,False,{},{},0.09931559700635262,False,False,8131
G1_73102_3e-05,232,3,352,16,0.3723568320274353,0.7310513257980347,False,{},{},0.09433186298701912,False,False,8131
G1_73102_3e-05,233,3,15730,59,0.3935666084289551,0.2275717407464981,False,{},{},0.09600781401968561,False,False,8131
G1_73102_3e-05,234,3,15712,41,0.04843195527791977,0.14900138974189758,False,{},{},0.09391028300160542,False,False,8131
G1_73102_3e-05,235,3,15711,40,0.048306502401828766,0.14714932441711426,False,{},{},0.09847887299838476,False,False,8131
G1_73102_3e-05,236,3,15728,57,0.3340023159980774,0.18199622631072998,False,{},{},0.1001998099964112,False,False,8131
G1_73102_3e-05,237,3,8029,37,0.09876449406147003,0.39227327704429626,False,{},{},0.09526278599514626,False,False,8131
G1_73102_3e-05,238,3,15732,61,0.4736335277557373,0.25365376472473145,False,{},{},0.09283507798681967,False,False,8131
G1_73102_3e-05,239,3,15726,55,0.28876155614852905,0.1938515603542328,False,{},{},0.09944743299274705,False,False,8131
G1_73102_3e-05,240,3,353,17,0.35569363832473755,1.13422429561615,True,{},{},0.09641635601292364,False,False,8131
G1_73102_3e-05,241,3,345,9,0.5698201060295105,0.7899914979934692,False,{},{},0.09957384699373506,False,False,8131
G1_73102_3e-05,242,3,350,14,0.3989161252975464,0.9471573829650879,False,{},{},0.09598671700223349,False,False,8131
G1_73102_3e-05,243,3,15724,53,0.2509215176105499,0.172183558344841,False,{},{},0.09324404501239769,False,False,8131
G1_73102_3e-05,244,3,355,19,0.34483444690704346,1.0040283203125,True,{},{},0.09650751799927093,False,False,8131
G1_73102_3e-05,245,3,8018,26,0.17235666513442993,0.3066169321537018,False,{},{},0.09484197199344635,False,False,8131
G1_73102_3e-05,246,3,8016,24,0.17254793643951416,0.3207286298274994,False,{},{},0.09928421999211423,False,False,8132
G1_73102_3e-05,247,3,15719,48,0.16920256614685059,0.13167080283164978,False,{},{},0.09783277299720794,False,False,8132
G1_73102_3e-05,248,3,15720,49,0.18336138129234314,0.1281101256608963,False,{},{},0.0923278659756761,False,False,8132
G1_73102_3e-05,249,3,342,6,0.5546178817749023,0.991122841835022,False,{},{},0.09599943397915922,False,False,8132
G1_73102_3e-05,250,3,15718,47,0.15290167927742004,0.11525043845176697,False,{},{},0.09986846899846569,False,False,8132
G1_73102_3e-05,251,3,356,20,0.3314763009548187,0.8911504745483398,False,{},{},0.09422110000741668,False,False,8132
G1_73102_3e-05,252,3,15716,45,0.12176579236984253,0.0960005596280098,False,{},{},0.09520362099283375,False,False,8132
G1_73102_3e-05,253,3,354,18,0.35434287786483765,1.5778650045394897,True,{},{},0.09416626000893302,False,False,8132
G1_73102_3e-05,254,3,15715,44,0.10892198979854584,0.13372944295406342,False,{},{},0.09522933399421163,False,False,8132
G1_73102_3e-05,255,3,8025,33,0.17645631730556488,0.2160218209028244,False,{},{},0.10015573698910885,False,False,8132
G1_73102_3e-05,256,3,8028,36,0.10882218182086945,0.5736813545227051,False,{},{},0.09373146202415228,False,False,8132
G1_73102_3e-05,257,4,8030,38,0.10020364820957184,0.265945166349411,False,{},{},0.09343738597817719,False,False,8132
G1_73102_3e-05,258,4,347,11,0.5614659786224365,0.7247799038887024,False,{},{},0.09753216701210476,False,False,8132
G1_73102_3e-05,259,4,348,12,0.5588282942771912,0.6845122575759888,False,{},{},0.0970457720104605,False,False,8132
G1_73102_3e-05,260,4,15734,63,0.528160810470581,0.31781283020973206,False,{},{},0.09933503597858362,False,False,8132
G1_73102_3e-05,261,4,337,1,0.5809307098388672,1.250838041305542,True,{},{},0.09447095397626981,False,False,8132
G1_73102_3e-05,262,4,8029,37,0.09154888987541199,0.41211965680122375,False,{},{},0.09833775501465425,False,False,8132
G1_73102_3e-05,263,4,342,6,0.5353145003318787,0.6902285218238831,False,{},{},0.09227487901807763,False,False,8132
G1_73102_3e-05,264,4,15714,43,0.08704797923564911,0.13271449506282806,False,{},{},0.09421720399404876,False,False,8132
G1_73102_3e-05,265,4,349,13,0.3685993552207947,0.7459399104118347,False,{},{},0.09765047300606966,False,False,8132
G1_73102_3e-05,266,4,8016,24,0.16777336597442627,0.316977322101593,False,{},{},0.09643083199625835,False,False,8132
G1_73102_3e-05,267,4,15731,60,0.4417310357093811,0.27381986379623413,False,{},{},0.09908028700738214,False,False,8132
G1_73102_3e-05,268,4,15727,56,0.30273953080177307,0.21934305131435394,False,{},{},0.09287882398348302,False,False,8132
G1_73102_3e-05,269,4,8020,28,0.17326098680496216,0.2926848828792572,False,{},{},0.09923521298333071,False,False,8132
G1_73102_3e-05,270,4,15717,46,0.13612334430217743,0.10700464993715286,False,{},{},0.09724922900204547,False,False,8132
G1_73102_3e-05,271,4,15716,45,0.12088295072317123,0.09777476638555527,False,{},{},0.09668585498002358,False,False,8132
G1_73102_3e-05,272,4,338,2,0.5758399367332458,1.4427425861358643,True,{},{},0.0946544430044014,False,False,8132
G1_73102_3e-05,273,4,357,21,0.3293316662311554,0.8764901161193848,False,{},{},0.10043755901278928,False,False,8132
G1_73102_3e-05,274,4,15719,48,0.16636839509010315,0.14756909012794495,False,{},{},0.09788764000404626,False,False,8132
G1_73102_3e-05,275,4,344,8,0.5340577363967896,0.6762177348136902,False,{},{},0.09353602500050329,False,False,8132
G1_73102_3e-05,276,4,15715,44,0.1079329252243042,0.13320425152778625,False,{},{},0.0971115609863773,False,False,8132
G1_73102_3e-05,277,4,15733,62,0.49200305342674255,0.3290071487426758,False,{},{},0.09595685798558407,False,False,8132
G1_73102_3e-05,278,4,15728,57,0.3268813490867615,0.235459566116333,False,{},{},0.09644169299281202,False,False,8132
G1_73102_3e-05,279,4,8017,25,0.16392885148525238,0.3088270127773285,False,{},{},0.09989293199032545,False,False,8132
G1_73102_3e-05,280,4,343,7,0.5322191715240479,0.9571037888526917,False,{},{},0.09368008602177724,False,False,8132
G1_73102_3e-05,281,4,15723,52,0.2285710573196411,0.169237419962883,False,{},{},0.10105125498375855,False,False,8132
G1_73102_3e-05,282,4,345,9,0.5324559807777405,0.6728036999702454,False,{},{},0.0957619370019529,False,False,8132
G1_73102_3e-05,283,4,358,22,0.3389108180999756,1.2696186304092407,True,{},{},0.09607925498858094,False,False,8132
G1_73102_3e-05,284,4,8026,34,0.15783193707466125,0.34083884954452515,False,{},{},0.09720543600269593,False,False,8132
G1_73102_3e-05,285,4,353,17,0.3372735381126404,1.077338695526123,True,{},{},0.09891202600556426,False,False,8132
G1_73102_3e-05,286,4,15725,54,0.2619965076446533,0.2511945366859436,False,{},{},0.09810850201756693,False,False,8132
G1_73102_3e-05,287,4,15718,47,0.14929163455963135,0.1261812299489975,False,{},{},0.0954618579999078,False,False,8132
G1_73102_3e-05,288,4,341,5,0.4935843050479889,1.1150920391082764,True,{},{},0.10431803000392392,False,False,8132
G1_73102_3e-05,289,4,351,15,0.34130463004112244,0.635135293006897,False,{},{},0.10292601500987075,False,False,8132
G1_73102_3e-05,290,4,336,0,0.5232117176055908,1.218654751777649,True,{},{},0.09814736302359961,False,False,8132
G1_73102_3e-05,291,4,350,14,0.357363224029541,0.8503943085670471,False,{},{},0.09622533997753635,False,False,8132
G1_73102_3e-05,292,4,8018,26,0.16737951338291168,0.4477289021015167,False,{},{},0.09654056298313662,False,False,8132
G1_73102_3e-05,293,4,8023,31,0.17093093693256378,0.2333194613456726,False,{},{},0.09906703099841252,False,False,8132
G1_73102_3e-05,294,4,15726,55,0.2750525176525116,0.28072524070739746,False,{},{},0.09973535599419847,False,False,8132
G1_73102_3e-05,295,4,15729,58,0.34746652841567993,0.37019363045692444,False,{},{},0.09746573099982925,False,False,8132
G1_73102_3e-05,296,4,8024,32,0.17376656830310822,0.33039551973342896,False,{},{},0.09787971500190906,False,False,8132
G1_73102_3e-05,297,4,8019,27,0.1685955822467804,0.4483349919319153,False,{},{},0.10053106799023226,False,False,8132
G1_73102_3e-05,298,4,340,4,0.4824884533882141,0.8300969004631042,False,{},{},0.09823323000455275,False,False,8132
G1_73102_3e-05,299,4,8031,39,0.100314661860466,0.38742274045944214,False,{},{},0.09935020000557415,False,False,8132
G1_73102_3e-05,300,4,356,20,0.3075100779533386,0.6601409316062927,False,{},{},0.10161846101982519,False,False,8132
G1_73102_3e-05,301,4,339,3,0.4967409074306488,1.1387882232666016,True,{},{},0.09621063599479385,False,False,8132
G1_73102_3e-05,302,4,352,16,0.34087759256362915,1.0952637195587158,True,{},{},0.1005764419969637,False,False,8132
G1_73102_3e-05,303,4,8021,29,0.16886353492736816,0.3074510097503662,False,{},{},0.09843339998042211,False,False,8132
G1_73102_3e-05,304,4,346,10,0.5023848414421082,0.689742386341095,False,{},{},0.09721329898457043,False,False,8132
G1_73102_3e-05,305,4,15713,42,0.07380623370409012,0.231924369931221,False,{},{},0.09857863700017333,False,False,8132
G1_73102_3e-05,306,4,8025,33,0.168233722448349,0.29369205236434937,False,{},{},0.09685980100766756,False,False,8132
G1_73102_3e-05,307,4,15724,53,0.23757773637771606,0.24737465381622314,False,{},{},0.1011661840020679,False,False,8132
G1_73102_3e-05,308,4,355,19,0.32119545340538025,0.7547440528869629,False,{},{},0.10030706497491337,False,False,8132
G1_73102_3e-05,309,4,8022,30,0.1683526188135147,0.22252415120601654,False,{},{},0.0964315900055226,False,False,8132
G1_73102_3e-05,310,4,8027,35,0.16032306849956512,0.5174475312232971,False,{},{},0.09809753901208751,False,False,8132
G1_73102_3e-05,311,4,15720,49,0.17723536491394043,0.18684342503547668,False,{},{},0.09624872499261983,False,False,8132
G1_73102_3e-05,312,4,15712,41,0.050001345574855804,0.23172307014465332,False,{},{},0.10194035500171594,False,False,8132
G1_73102_3e-05,313,4,359,23,0.34105992317199707,1.4968178272247314,True,{},{},0.10179987398441881,False,False,8132
G1_73102_3e-05,314,4,15730,59,0.37698251008987427,0.4138014614582062,False,{},{},0.09653372099273838,False,False,8132
G1_73102_3e-05,315,4,15732,61,0.4547596573829651,0.37881624698638916,False,{},{},0.0964557740080636,False,False,8132
G1_73102_3e-05,316,4,15721,50,0.18985781073570251,0.2250758409500122,False,{},{},0.10201961701386608,False,False,8132
G1_73102_3e-05,317,4,15711,40,0.04837041348218918,0.22941537201404572,False,{},{},0.09819871699437499,False,False,8132
G1_73102_3e-05,318,4,15722,51,0.20763687789440155,0.23690184950828552,False,{},{},0.10072571400087327,False,False,8132
G1_73102_3e-05,319,4,354,18,0.32846957445144653,0.9490576982498169,False,{},{},0.09493970999028534,False,False,8132
G1_73102_3e-05,320,4,8028,36,0.09881847351789474,0.7821161150932312,False,{},{},0.0966452680004295,False,False,8132
G1_73102_3e-05,321,5,342,6,0.48190146684646606,0.8115964531898499,False,{},{},0.09933606698177755,False,False,8132
G1_73102_3e-05,322,5,15728,57,0.3141268491744995,0.363089919090271,False,{},{},0.09309218500857241,False,False,8132
G1_73102_3e-05,323,5,15732,61,0.45016568899154663,0.41630345582962036,False,{},{},0.09661966800922528,False,False,8132
G1_73102_3e-05,324,5,15713,42,0.0718555822968483,0.23358672857284546,False,{},{},0.0946784789848607,False,False,8132
G1_73102_3e-05,325,5,336,0,0.49964892864227295,1.5016120672225952,True,{},{},0.10057362899533473,False,False,8132
G1_73102_3e-05,326,5,8021,29,0.16147863864898682,0.2761496305465698,False,{},{},0.09756905102403834,False,False,8132
G1_73102_3e-05,327,5,348,12,0.5098778009414673,0.7890312075614929,False,{},{},0.09318579599494115,False,False,8132
G1_73102_3e-05,328,5,15723,52,0.21895447373390198,0.25874194502830505,False,{},{},0.09485183798824437,False,False,8132
G1_73102_3e-05,329,5,15712,41,0.05084027349948883,0.25355765223503113,False,{},{},0.0980742090032436,False,False,8132
G1_73102_3e-05,330,5,339,3,0.4643482565879822,0.8497744202613831,False,{},{},0.10290086499298923,False,False,8132
G1_73102_3e-05,331,5,8027,35,0.1500931680202484,0.49251681566238403,False,{},{},0.09621747501660138,False,False,8132
G1_73102_3e-05,332,5,8023,31,0.1616189330816269,0.2553142309188843,False,{},{},0.09431215299991891,False,False,8132
G1_73102_3e-05,333,5,15715,44,0.10680244117975235,0.18428932130336761,False,{},{},0.0942662009911146,False,False,8132
G1_73102_3e-05,334,5,347,11,0.49403026700019836,0.9185299277305603,False,{},{},0.09581916997558437,False,False,8132
G1_73102_3e-05,335,5,15721,50,0.18503442406654358,0.2672194838523865,False,{},{},0.09989533098996617,False,False,8132
G1_73102_3e-05,336,5,357,21,0.30944669246673584,1.401646375656128,True,{},{},0.09654254800989293,False,False,8132
G1_73102_3e-05,337,5,15724,53,0.2266748547554016,0.35816267132759094,False,{},{},0.09730298799695447,False,False,8132
G1_73102_3e-05,338,5,15716,45,0.11749155074357986,0.1405220776796341,False,{},{},0.09597903201938607,False,False,8132
G1_73102_3e-05,339,5,8030,38,0.08623146265745163,0.4409736096858978,False,{},{},0.10132828701171093,False,False,8132
G1_73102_3e-05,340,5,351,15,0.32198163866996765,0.7907091975212097,False,{},{},0.10025068698450923,False,False,8132
G1_73102_3e-05,341,5,358,22,0.31078821420669556,0.781879186630249,False,{},{},0.0985646879998967,False,False,8132
G1_73102_3e-05,342,5,8016,24,0.15484113991260529,0.3750406801700592,False,{},{},0.09738883801037446,False,False,8132
G1_73102_3e-05,343,5,15729,58,0.32227757573127747,0.6071767210960388,False,{},{},0.09577589100808837,False,False,8132
G1_73102_3e-05,344,5,8017,25,0.15269175171852112,0.3483309745788574,False,{},{},0.11062542197760195,False,False,8132
G1_73102_3e-05,345,5,8018,26,0.1528349220752716,0.45835086703300476,False,{},{},0.10092706899740733,False,False,8132
G1_73102_3e-05,346,5,8019,27,0.15196608006954193,0.5609405636787415,False,{},{},0.09369306999724358,False,False,8132
G1_73102_3e-05,347,5,8024,32,0.1617867350578308,0.4149312376976013,False,{},{},0.09450280800228938,False,False,8132
G1_73102_3e-05,348,5,15722,51,0.19778873026371002,0.3060676157474518,False,{},{},0.09659325701068155,False,False,8132
G1_73102_3e-05,349,5,15719,48,0.1572820395231247,0.2132071703672409,False,{},{},0.09796229700441472,False,False,8130
G1_73102_3e-05,350,5,343,7,0.4615039825439453,0.7815080285072327,False,{},{},0.09812221798347309,False,False,8130
G1_73102_3e-05,351,5,15714,43,0.08760634809732437,0.254488080739975,False,{},{},0.09463254798902199,False,False,8130
G1_73102_3e-05,352,5,356,20,0.2963894009590149,1.179012656211853,True,{},{},0.09490982900024392,False,False,8130
G1_73102_3e-05,353,5,354,18,0.31634241342544556,1.150050401687622,True,{},{},0.10054955797386356,False,False,8130
G1_73102_3e-05,354,5,15718,47,0.14400708675384521,0.19290998578071594,False,{},{},0.09702083500451408,False,False,8130
G1_73102_3e-05,355,5,337,1,0.4921102225780487,2.0003561973571777,True,{},{},0.09595927002374083,False,False,8130
G1_73102_3e-05,356,5,359,23,0.307869017124176,0.7544422745704651,False,{},{},0.095637392019853,False,False,8130
G1_73102_3e-05,357,5,15717,46,0.12916018068790436,0.1960822194814682,False,{},{},0.09436069600633346,False,False,8130
G1_73102_3e-05,358,5,352,16,0.3079484701156616,0.9333482980728149,False,{},{},0.10324949500500225,False,False,8130
G1_73102_3e-05,359,5,349,13,0.31295067071914673,1.1006619930267334,True,{},{},0.09446260202093981,False,False,8130
G1_73102_3e-05,360,5,15725,54,0.23704712092876434,0.6213276386260986,False,{},{},0.0947506349766627,False,False,8130
G1_73102_3e-05,361,5,8031,39,0.08595088124275208,0.43666961789131165,False,{},{},0.09575912498985417,False,False,8130
G1_73102_3e-05,362,5,15731,60,0.39955222606658936,0.7532215118408203,False,{},{},0.09661893901648,False,False,8130
G1_73102_3e-05,363,5,8026,34,0.14018797874450684,0.42413386702537537,False,{},{},0.101191291003488,False,False,8131
G1_73102_3e-05,364,5,15726,55,0.24880263209342957,0.7832227349281311,False,{},{},0.09745733899762854,False,False,8131
G1_73102_3e-05,365,5,8022,30,0.15798552334308624,0.2574114203453064,False,{},{},0.09759376200963743,False,False,8131
G1_73102_3e-05,366,5,8028,36,0.07861857116222382,0.5045471787452698,False,{},{},0.09675925699411891,False,False,8131
G1_73102_3e-05,367,5,344,8,0.46101436018943787,1.0892080068588257,True,{},{},0.10023674898548052,False,False,8131
G1_73102_3e-05,368,5,345,9,0.45746514201164246,0.8431705236434937,False,{},{},0.10100893300841562,False,False,8130
G1_73102_3e-05,369,5,15727,56,0.24635450541973114,0.7462565302848816,False,{},{},0.09782229198026471,False,False,8130
G1_73102_3e-05,370,5,341,5,0.4228185713291168,1.2676897048950195,True,{},{},0.09177707001799718,False,False,8130
G1_73102_3e-05,371,5,353,17,0.287830114364624,0.9439167380332947,False,{},{},0.0979272449912969,False,False,8130
G1_73102_3e-05,372,5,346,10,0.4539569318294525,0.8821138143539429,False,{},{},0.10137316200416535,False,False,8131
G1_73102_3e-05,373,5,350,14,0.2985919117927551,0.8846296668052673,False,{},{},0.09561518798000179,False,False,8131
G1_73102_3e-05,374,5,338,2,0.4631786346435547,2.1086385250091553,True,{},{},0.09401345500373282,False,False,8131
G1_73102_3e-05,375,5,8025,33,0.147828608751297,0.4251432716846466,False,{},{},0.09454950099461712,False,False,8131
G1_73102_3e-05,376,5,8020,28,0.14859646558761597,0.495333194732666,False,{},{},0.09610100201098248,False,False,8131
G1_73102_3e-05,377,5,8029,37,0.08623261749744415,2.1313822269439697,True,{},{},0.0994640089920722,False,False,8131
G1_73102_3e-05,378,5,15734,63,0.4447959363460541,1.417309284210205,True,{},{},0.09480845299549401,False,False,8131
G1_73102_3e-05,379,5,355,19,0.29390668869018555,1.3416067361831665,True,{},{},0.09636610199231654,False,False,8131
G1_73102_3e-05,380,5,15730,59,0.30794763565063477,1.1104869842529297,True,{},{},0.09788656700402498,False,False,8131
G1_73102_3e-05,381,5,15720,49,0.16178934276103973,0.311616450548172,False,{},{},0.09687392698833719,False,False,8131
G1_73102_3e-05,382,5,15733,62,0.39481574296951294,1.3450536727905273,True,{},{},0.0983987970103044,False,False,8131
G1_73102_3e-05,383,5,340,4,0.4076986610889435,1.1223891973495483,True,{},{},0.09712722300901078,False,False,8131
G1_73102_3e-05,384,5,15711,40,0.06840863823890686,1.0077561140060425,True,{},{},0.09484064599382691,False,False,8131
G1_73102_3e-05,385,6,8030,38,0.07337647676467896,0.5667969584465027,False,{},{},0.09791945898905396,False,False,8131
G1_73102_3e-05,386,6,354,18,0.3060259222984314,2.091042995452881,True,{},{},0.09871382199344225,False,False,8131
G1_73102_3e-05,387,6,8019,27,0.13630950450897217,0.7223337888717651,False,{},{},0.0948566630249843,False,False,8131
G1_73102_3e-05,388,6,15714,43,0.09376432001590729,0.7544041275978088,False,{},{},0.09664269600762054,False,False,8131
G1_73102_3e-05,389,6,15717,46,0.12813019752502441,0.5308070182800293,False,{},{},0.09696287999395281,False,False,8131
G1_73102_3e-05,390,6,15712,41,0.06722652912139893,1.0146222114562988,True,{},{},0.09500706402468495,False,False,8131
G1_73102_3e-05,391,6,355,19,0.2784702479839325,1.094427466392517,True,{},{},0.10105387802468613,False,False,8132
G1_73102_3e-05,392,6,346,10,0.44051122665405273,1.0138658285140991,True,{},{},0.09576214902335778,False,False,8132
G1_73102_3e-05,393,6,15728,57,0.2505994737148285,1.1369324922561646,True,{},{},0.09802758399746381,False,False,8132
G1_73102_3e-05,394,6,15722,51,0.18342363834381104,0.64628005027771,False,{},{},0.10055402698344551,False,False,8132
G1_73102_3e-05,395,6,347,11,0.45035839080810547,1.5140737295150757,True,{},{},0.09713420900516212,False,False,8132
G1_73102_3e-05,396,6,344,8,0.43694770336151123,1.1503396034240723,True,{},{},0.10330502799479291,False,False,8132
G1_73102_3e-05,397,6,15720,49,0.15804985165596008,0.36998727917671204,False,{},{},0.09539164899615571,False,False,8132
G1_73102_3e-05,398,6,8028,36,0.08196911960840225,0.9388644099235535,False,{},{},0.10531533299945295,False,False,8132
G1_73102_3e-05,399,6,15715,44,0.10667620599269867,0.38149622082710266,False,{},{},0.10322809999343008,False,False,8132
G1_73102_3e-05,400,6,15718,47,0.13686083257198334,0.3477868139743805,False,{},{},0.1003689189965371,False,False,8132
G1_73102_3e-05,401,6,351,15,0.28765979409217834,1.0801414251327515,True,{},{},0.10048318101326004,False,False,8132
G1_73102_3e-05,402,6,15725,54,0.19755584001541138,0.7285900115966797,False,{},{},0.09798049900564365,False,False,8132
G1_73102_3e-05,403,6,338,2,0.4265759289264679,1.4543782472610474,True,{},{},0.09730044397292659,False,False,8132
G1_73102_3e-05,404,6,353,17,0.26698037981987,1.061301589012146,True,{},{},0.09744416299508885,False,False,8132
G1_73102_3e-05,405,6,8017,25,0.14100328087806702,0.6884686350822449,False,{},{},0.10053310700459406,False,False,8132
G1_73102_3e-05,406,6,359,23,0.3013084828853607,1.409204125404358,True,{},{},0.09865166700910777,False,False,8132
G1_73102_3e-05,407,6,15724,53,0.18410411477088928,0.5743113160133362,False,{},{},0.1002412099915091,False,False,8132
G1_73102_3e-05,408,6,343,7,0.4240536093711853,0.7977179288864136,False,{},{},0.09515672500128858,False,False,8132
G1_73102_3e-05,409,6,8016,24,0.1388995349407196,0.6518308520317078,False,{},{},0.10229961399454623,False,False,8132
G1_73102_3e-05,410,6,357,21,0.28148165345191956,1.3803092241287231,True,{},{},0.09588097099913284,False,False,8132
G1_73102_3e-05,411,6,8029,37,0.06209477782249451,0.8059231638908386,False,{},{},0.09317867600475438,False,False,8132
G1_73102_3e-05,412,6,8022,30,0.15487125515937805,0.3712778389453888,False,{},{},0.09577323999837972,False,False,8132
G1_73102_3e-05,413,6,15726,55,0.18712696433067322,0.8959721326828003,False,{},{},0.09380371298175305,False,False,8132
G1_73102_3e-05,414,6,358,22,0.29366907477378845,1.1948925256729126,True,{},{},0.09883870900375769,False,False,8132
G1_73102_3e-05,415,6,8025,33,0.14251305162906647,0.4002719223499298,False,{},{},0.09672737200162373,False,False,8132
G1_73102_3e-05,416,6,15734,63,0.37545329332351685,2.2354161739349365,True,{},{},0.10057186300400645,False,False,8132
G1_73102_3e-05,417,6,8024,32,0.1498519778251648,0.5616955161094666,False,{},{},0.09767267998540774,False,False,8132
G1_73102_3e-05,418,6,8027,35,0.12817169725894928,0.6595961451530457,False,{},{},0.09392736697918735,False,False,8132
G1_73102_3e-05,419,6,8020,28,0.13777220249176025,0.5245897769927979,False,{},{},0.0990954999870155,False,False,8132
G1_73102_3e-05,420,6,349,13,0.2708938717842102,0.8855312466621399,False,{},{},0.09771139701479115,False,False,8132
G1_73102_3e-05,421,6,8021,29,0.13806302845478058,0.44106850028038025,False,{},{},0.09731392399407923,False,False,8132
G1_73102_3e-05,422,6,342,6,0.4143110513687134,1.3772625923156738,True,{},{},0.10167303998605348,False,False,8132
G1_73102_3e-05,423,6,15731,60,0.297069251537323,1.3196276426315308,True,{},{},0.09986357699381188,False,False,8132
G1_73102_3e-05,424,6,8018,26,0.12929242849349976,0.5469159483909607,False,{},{},0.09650636598234996,False,False,8132
G1_73102_3e-05,425,6,348,12,0.42079079151153564,1.3979153633117676,True,{},{},0.09916759800398722,False,False,8132
G1_73102_3e-05,426,6,15716,45,0.12320601940155029,0.8618740439414978,False,{},{},0.09419565802090801,False,False,8132
G1_73102_3e-05,427,6,8023,31,0.13911816477775574,0.43362757563591003,False,{},{},0.09393403498688713,False,False,8132
G1_73102_3e-05,428,6,337,1,0.4229731857776642,1.7565455436706543,True,{},{},0.10042899899417534,False,False,8132
G1_73102_3e-05,429,6,356,20,0.26232606172561646,1.9224207401275635,True,{},{},0.0956750710029155,False,False,8132
G1_73102_3e-05,430,6,15729,58,0.21594253182411194,1.3207529783248901,True,{},{},0.09799311601091176,False,False,8132
G1_73102_3e-05,431,6,340,4,0.39031195640563965,1.2676907777786255,True,{},{},0.09703590700519271,False,False,8132
G1_73102_3e-05,432,6,350,14,0.25983139872550964,1.3889954090118408,True,{},{},0.09283080097520724,False,False,8132
G1_73102_3e-05,433,6,15732,61,0.2953189015388489,1.8603787422180176,True,{},{},0.09814450200065039,False,False,8132
G1_73102_3e-05,434,6,341,5,0.3768068253993988,0.931699812412262,False,{},{},0.0981455949950032,False,False,8132
G1_73102_3e-05,435,6,15719,48,0.14505478739738464,0.7942574620246887,False,{},{},0.09640042699174955,False,False,8132
G1_73102_3e-05,436,6,339,3,0.38594385981559753,1.3661460876464844,True,{},{},0.09547683299751952,False,False,8132
G1_73102_3e-05,437,6,345,9,0.41346701979637146,1.039818286895752,True,{},{},0.09417562698945403,False,False,8132
G1_73102_3e-05,438,6,8031,39,0.061428021639585495,0.6792687773704529,False,{},{},0.1008655309851747,False,False,8132
G1_73102_3e-05,439,6,15730,59,0.206183061003685,1.9385429620742798,True,{},{},0.09901629999512807,False,False,8132
G1_73102_3e-05,440,6,15723,52,0.1679413616657257,1.698089838027954,True,{},{},0.09499445700203069,False,False,8132
G1_73102_3e-05,441,6,15733,62,0.27340584993362427,1.849147915840149,True,{},{},0.09268497099401429,False,False,8132
G1_73102_3e-05,442,6,15713,42,0.0952896922826767,1.7862361669540405,True,{},{},0.09695895499316975,False,False,8132
G1_73102_3e-05,443,6,15727,56,0.14416147768497467,1.3504571914672852,True,{},{},0.09675376900122501,False,False,8132
G1_73102_3e-05,444,6,15711,40,0.08024558424949646,1.7840808629989624,True,{},{},0.09818976098904386,False,False,8132
G1_73102_3e-05,445,6,336,0,0.4234887361526489,3.334178924560547,True,{},{},0.09648471299442463,False,False,8132
G1_73102_3e-05,446,6,15721,50,0.1456279158592224,1.0248057842254639,True,{},{},0.0925164409854915,False,False,8132
G1_73102_3e-05,447,6,352,16,0.2644955515861511,2.2243943214416504,True,{},{},0.10053540501394309,False,False,8132
G1_73102_3e-05,448,6,8026,34,0.12955087423324585,0.9829031229019165,False,{},{},0.09534758000518195,False,False,8132
G1_73102_3e-05,449,7,15732,61,0.2537216544151306,3.233334541320801,True,{},{},0.09329151301062666,False,False,8132
G1_73102_3e-05,450,7,338,2,0.39657801389694214,1.858168363571167,True,{},{},0.09607170699746348,False,False,8132
G1_73102_3e-05,451,7,15720,49,0.13850006461143494,0.7789275050163269,False,{},{},0.09405479900306091,False,False,8132
G1_73102_3e-05,452,7,15716,45,0.1023617535829544,0.4660887122154236,False,{},{},0.10206518901395611,False,False,8132
G1_73102_3e-05,453,7,8016,24,0.12008807063102722,0.613704264163971,False,{},{},0.09399623301578686,False,False,8132
G1_73102_3e-05,454,7,346,10,0.40804752707481384,2.0217723846435547,True,{},{},0.09609130601165816,False,False,8132
G1_73102_3e-05,455,7,8024,32,0.13407814502716064,0.605634868144989,False,{},{},0.09717344600358047,False,False,8132
G1_73102_3e-05,456,7,8023,31,0.13074126839637756,0.4439489543437958,False,{},{},0.09576303997891955,False,False,8132
G1_73102_3e-05,457,7,15731,60,0.22727002203464508,3.8942697048187256,True,{},{},0.09894642702420242,False,False,8132
G1_73102_3e-05,458,7,15713,42,0.06666562706232071,0.758985161781311,False,{},{},0.09653177700238302,False,False,8132
G1_73102_3e-05,459,7,8025,33,0.12184692174196243,0.510572612285614,False,{},{},0.09648474102141336,False,False,8132
G1_73102_3e-05,460,7,339,3,0.3714635968208313,2.1075637340545654,True,{},{},0.09757674002321437,False,False,8132
G1_73102_3e-05,461,7,348,12,0.4224575161933899,2.3554060459136963,True,{},{},0.09977315700962208,False,False,8132
G1_73102_3e-05,462,7,15715,44,0.09470000863075256,0.5943071842193604,False,{},{},0.09686511100153439,False,False,8132
G1_73102_3e-05,463,7,15733,62,0.2324131280183792,3.731600761413574,True,{},{},0.09563619102118537,False,False,8132
G1_73102_3e-05,464,7,357,21,0.27382928133010864,2.263643980026245,True,{},{},0.0945909520087298,False,False,8132
G1_73102_3e-05,465,7,355,19,0.2683574855327606,2.751762866973877,True,{},{},0.09485541898175143,False,False,8132
G1_73102_3e-05,466,7,342,6,0.38283413648605347,1.1442668437957764,True,{},{},0.10192485200241208,False,False,8132
G1_73102_3e-05,467,7,15718,47,0.11654427647590637,1.1645705699920654,True,{},{},0.09675156301818788,False,False,8132
G1_73102_3e-05,468,7,354,18,0.2529251277446747,1.9769093990325928,True,{},{},0.0948266799969133,False,False,8132
G1_73102_3e-05,469,7,8028,36,0.06390411406755447,0.7822456955909729,False,{},{},0.09968260800815187,False,False,8132
G1_73102_3e-05,470,7,344,8,0.39659178256988525,1.516875982284546,True,{},{},0.09416245698230341,False,False,8132
G1_73102_3e-05,471,7,15721,50,0.12251263856887817,0.970076858997345,False,{},{},0.10119132298859768,False,False,8132
G1_73102_3e-05,472,7,15728,57,0.12727609276771545,2.928009271621704,True,{},{},0.09449951801798306,False,False,8132
G1_73102_3e-05,473,7,345,9,0.4026106595993042,1.562144160270691,True,{},{},0.09683692100225016,False,False,8132
G1_73102_3e-05,474,7,340,4,0.36473241448402405,1.3903403282165527,True,{},{},0.09913546399911866,False,False,8132
G1_73102_3e-05,475,7,8021,29,0.11608169972896576,0.6298331022262573,False,{},{},0.10170756399747916,False,False,8132
G1_73102_3e-05,476,7,8029,37,0.06012006849050522,1.1835447549819946,True,{},{},0.09808286401676014,False,False,8132
G1_73102_3e-05,477,7,15729,58,0.1196436882019043,3.637474298477173,True,{},{},0.10385968000628054,False,False,8132
G1_73102_3e-05,478,7,15719,48,0.11818630248308182,1.0369683504104614,True,{},{},0.10319772697403096,False,False,8132
G1_73102_3e-05,479,7,336,0,0.41302937269210815,2.695218563079834,True,{},{},0.10252649898757227,False,False,8132
G1_73102_3e-05,480,7,347,11,0.39140602946281433,1.2463487386703491,True,{},{},0.10557572901598178,False,False,8127
G1_73102_3e-05,481,7,15734,63,0.21789740025997162,3.1999125480651855,True,{},{},0.1032728889840655,False,False,8127
G1_73102_3e-05,482,7,15714,43,0.07448931038379669,0.6810275912284851,False,{},{},0.10038978699594736,False,False,8127
G1_73102_3e-05,483,7,8022,30,0.12714985013008118,0.6182219386100769,False,{},{},0.09889559302246198,False,False,8127
G1_73102_3e-05,484,7,8018,26,0.11590317636728287,0.6425946950912476,False,{},{},0.10886958398623392,False,False,8127
G1_73102_3e-05,485,7,15723,52,0.12456068396568298,2.6284406185150146,True,{},{},0.10137763401144184,False,False,8127
G1_73102_3e-05,486,7,353,17,0.23867736756801605,2.2122833728790283,True,{},{},0.09848690798389725,False,False,8127
G1_73102_3e-05,487,7,351,15,0.25551271438598633,2.8333823680877686,True,{},{},0.09883555100532249,False,False,8127
G1_73102_3e-05,488,7,8019,27,0.09890663623809814,0.6917273998260498,False,{},{},0.09866190698812716,False,False,8127
G1_73102_3e-05,489,7,352,16,0.23323947191238403,2.3608102798461914,True,{},{},0.10370587802026421,False,False,8127
G1_73102_3e-05,490,7,15712,41,0.05377291142940521,1.162828803062439,True,{},{},0.10803922399645671,False,False,8127
G1_73102_3e-05,491,7,8031,39,0.051489174365997314,0.776849091053009,False,{},{},0.09717541100690141,False,False,8127
G1_73102_3e-05,492,7,358,22,0.27146783471107483,1.7235522270202637,True,{},{},0.10329660100978799,False,False,8127
G1_73102_3e-05,493,7,359,23,0.2756720781326294,2.0220749378204346,True,{},{},0.13684968900633976,False,False,8127
G1_73102_3e-05,494,7,15727,56,0.0980357974767685,3.198509693145752,True,{},{},0.10156607601675205,False,False,8127
G1_73102_3e-05,495,7,15711,40,0.04733633995056152,0.7323963046073914,False,{},{},0.09686971898190677,False,False,8127
G1_73102_3e-05,496,7,8026,34,0.10896135866641998,0.8798587918281555,False,{},{},0.09938860099646263,False,False,8127
G1_73102_3e-05,497,7,15725,54,0.10062733292579651,1.9585959911346436,True,{},{},0.09872985901893117,False,False,8127
G1_73102_3e-05,498,7,15722,51,0.13233530521392822,2.4844181537628174,True,{},{},0.10025083398795687,False,False,8127
G1_73102_3e-05,499,7,337,1,0.3779071569442749,1.7170106172561646,True,{},{},0.09621753799729049,False,False,8127
G1_73102_3e-05,500,7,15717,46,0.08378477394580841,0.9243951439857483,False,{},{},0.0984168260183651,False,False,8127
G1_73102_3e-05,501,7,8027,35,0.09117309749126434,0.7364360690116882,False,{},{},0.09503763797692955,False,False,8127
G1_73102_3e-05,502,7,8020,28,0.0935116559267044,0.7684231400489807,False,{},{},0.09921087001566775,False,False,8127
G1_73102_3e-05,503,7,350,14,0.23375003039836884,2.037659168243408,True,{},{},0.09510032899561338,False,False,8127
G1_73102_3e-05,504,7,15724,53,0.1500735580921173,8.035648345947266,True,{},{},0.09463602199684829,False,False,8127
G1_73102_3e-05,505,7,343,7,0.37921637296676636,1.639283537864685,True,{},{},0.09632935101399198,False,False,8127
G1_73102_3e-05,506,7,356,20,0.23243027925491333,1.8398971557617188,True,{},{},0.09771464799996465,False,False,8127
G1_73102_3e-05,507,7,15730,59,0.10129581391811371,2.5623044967651367,True,{},{},0.09754828701261431,False,False,8128
G1_73102_3e-05,508,7,349,13,0.2214357852935791,1.9105502367019653,True,{},{},0.0951003679947462,False,False,8128
G1_73102_3e-05,509,7,8030,38,0.04955842345952988,0.6401840448379517,False,{},{},0.0951756389986258,False,False,8128
G1_73102_3e-05,510,7,8017,25,0.09895555675029755,0.8686056733131409,False,{},{},0.09609664499294013,False,False,8128
G1_73102_3e-05,511,7,15726,55,0.10204246640205383,6.4544219970703125,True,{},{},0.09746810400974937,False,False,8128
G1_73102_3e-05,512,7,341,5,0.3420044779777527,1.4682400226593018,True,{},{},0.0966639940161258,False,False,8128
G2_73102_3e-05,1,0,15719,48,0.23581410944461823,0.07423754036426544,False,{},{},0.10088827900472097,False,False,8200
G2_73102_3e-05,2,0,15716,45,0.15004415810108185,0.049103524535894394,False,{},{},0.09610590597731061,False,False,8200
G2_73102_3e-05,3,0,8017,25,0.2859439253807068,0.3238711655139923,False,{},{},0.10234379200846888,False,False,8133
G2_73102_3e-05,4,0,8030,38,0.1936262547969818,0.6273482441902161,False,{},{},0.10015159301110543,False,False,8133
G2_73102_3e-05,5,0,347,11,0.9277663826942444,0.8468306064605713,False,{},{},0.09831040201243013,False,False,8133
G2_73102_3e-05,6,0,15717,46,0.18121781945228577,0.058566074818372726,False,{},{},0.09620385701418854,False,False,8133
G2_73102_3e-05,7,0,15726,55,0.4035569131374359,0.12199535965919495,False,{},{},0.09805603700806387,False,False,8133
G2_73102_3e-05,8,0,15724,53,0.3583172857761383,0.09534302353858948,False,{},{},0.09777085098903626,False,False,8133
G2_73102_3e-05,9,0,342,6,0.9412518739700317,0.9190506935119629,False,{},{},0.09785738500067964,False,False,8133
G2_73102_3e-05,10,0,15734,63,0.6904984712600708,0.1870655119419098,False,{},{},0.09500798099907115,False,False,8133
G2_73102_3e-05,11,0,343,7,1.0457963943481445,1.3214151859283447,True,{},{},0.10040761000709608,False,False,8133
G2_73102_3e-05,12,0,8027,35,0.24759870767593384,0.2313704788684845,False,{},{},0.10164645698387176,False,False,8132
G2_73102_3e-05,13,0,15720,49,0.2597956657409668,0.07932295650243759,False,{},{},0.09889749001013115,False,False,8132
G2_73102_3e-05,14,0,15721,50,0.283322811126709,0.08520928025245667,False,{},{},0.0993403639877215,False,False,8132
G2_73102_3e-05,15,0,15733,62,0.6558605432510376,0.1627494990825653,False,{},{},0.09704871400026605,False,False,8132
G2_73102_3e-05,16,0,349,13,1.2658860683441162,4.127408504486084,True,{},{},0.09691513900179416,False,False,8132
G2_73102_3e-05,17,0,15730,59,0.5252990126609802,0.12233216315507889,False,{},{},0.09972635700250976,False,False,8132
G2_73102_3e-05,18,0,336,0,1.1529704332351685,3.8882505893707275,True,{},{},0.09717210597591475,False,False,8132
G2_73102_3e-05,19,0,15722,51,0.3071138262748718,0.08825372904539108,False,{},{},0.0998844419955276,False,False,8132
G2_73102_3e-05,20,0,339,3,0.9479354023933411,2.1180179119110107,True,{},{},0.09623363602440804,False,False,8132
G2_73102_3e-05,21,0,351,15,0.8158280253410339,2.356619119644165,True,{},{},0.10100652201799676,False,False,8132
G2_73102_3e-05,22,0,8020,28,0.26980820298194885,0.2558443248271942,False,{},{},0.10049228399293497,False,False,8132
G2_73102_3e-05,23,0,8023,31,0.26374226808547974,0.19491058588027954,False,{},{},0.09657514200080186,False,False,8132
G2_73102_3e-05,24,0,8028,36,0.1628444939851761,0.5153508186340332,False,{},{},0.09560251099173911,False,False,8132
G2_73102_3e-05,25,0,350,14,1.2081931829452515,5.624790191650391,True,{},{},0.09365042299032211,False,False,8132
G2_73102_3e-05,26,0,341,5,0.8520095944404602,0.935836672782898,False,{},{},0.0987353759992402,False,False,8132
G2_73102_3e-05,27,0,15728,57,0.45166388154029846,0.11955159157514572,False,{},{},0.09838776299147867,False,False,8132
G2_73102_3e-05,28,0,15713,42,0.0699784904718399,0.04702390357851982,False,{},{},0.09735070000169799,False,False,8132
G2_73102_3e-05,29,0,340,4,0.8708239197731018,1.6114861965179443,True,{},{},0.09639436198631302,False,False,8132
G2_73102_3e-05,30,0,355,19,0.691356360912323,1.4030207395553589,True,{},{},0.09634543801075779,False,False,8132
G2_73102_3e-05,31,0,345,9,0.8971439003944397,0.7366176843643188,False,{},{},0.10333780100336298,False,False,8132
G2_73102_3e-05,32,0,15723,52,0.33162111043930054,0.09818688035011292,False,{},{},0.09699013098725118,False,False,8132
G2_73102_3e-05,33,0,356,20,0.6711366176605225,1.4822494983673096,True,{},{},0.09546847202000208,False,False,8132
G2_73102_3e-05,34,0,15731,60,0.5807493925094604,0.14349813759326935,False,{},{},0.0935816889978014,False,False,8132
G2_73102_3e-05,35,0,359,23,0.7896795868873596,2.4577081203460693,True,{},{},0.09904940400156192,False,False,8132
G2_73102_3e-05,36,0,348,12,0.9475902915000916,1.7216836214065552,True,{},{},0.09781235599075444,False,False,8133
G2_73102_3e-05,37,0,8018,26,0.2596074938774109,0.26075485348701477,False,{},{},0.09503678200417198,False,False,8133
G2_73102_3e-05,38,0,8031,39,0.17829608917236328,0.2185906171798706,False,{},{},0.09829045701189898,False,False,8133
G2_73102_3e-05,39,0,357,21,0.6483802199363708,1.0960729122161865,True,{},{},0.09333130400045775,False,False,8133
G2_73102_3e-05,40,0,15712,41,0.04292141646146774,0.04816896840929985,False,{},{},0.09746811300283298,False,False,8133
G2_73102_3e-05,41,0,15725,54,0.38108187913894653,0.10443182289600372,False,{},{},0.09677515298244543,False,False,8133
G2_73102_3e-05,42,0,15732,61,0.6201764941215515,0.16157183051109314,False,{},{},0.09356134000699967,False,False,8133
G2_73102_3e-05,43,0,344,8,0.882241427898407,0.9742900133132935,False,{},{},0.09893151899450459,False,False,8133
G2_73102_3e-05,44,0,8019,27,0.25657740235328674,0.21547116339206696,False,{},{},0.09500045000459068,False,False,8133
G2_73102_3e-05,45,0,354,18,0.682052493095398,1.3308444023132324,True,{},{},0.10183738899650052,False,False,8132
G2_73102_3e-05,46,0,338,2,1.175278902053833,4.959909915924072,True,{},{},0.09715128201059997,False,False,8132
G2_73102_3e-05,47,0,8022,30,0.2696557343006134,0.22064906358718872,False,{},{},0.0932128059794195,False,False,8132
G2_73102_3e-05,48,0,15718,47,0.2015552818775177,0.07977692782878876,False,{},{},0.0932606440037489,False,False,8132
G2_73102_3e-05,49,0,352,16,0.6640921235084534,1.274651288986206,True,{},{},0.09582260099705309,False,False,8132
G2_73102_3e-05,50,0,353,17,0.6809848546981812,2.4128406047821045,True,{},{},0.09967046001111157,False,False,8132
G2_73102_3e-05,51,0,15715,44,0.12500444054603577,0.05057216435670853,False,{},{},0.09728095401078463,False,False,8132
G2_73102_3e-05,52,0,8026,34,0.24839158356189728,0.2106526494026184,False,{},{},0.09509718097979203,False,False,8132
G2_73102_3e-05,53,0,337,1,1.2069306373596191,6.21715784072876,True,{},{},0.09219282199046575,False,False,8132
G2_73102_3e-05,54,0,8025,33,0.26505887508392334,0.17776864767074585,False,{},{},0.10068231500918046,False,False,8132
G2_73102_3e-05,55,0,8029,37,0.19265803694725037,0.8191055655479431,False,{},{},0.09450710599776357,False,False,8132
G2_73102_3e-05,56,0,358,22,0.6366558074951172,1.4093754291534424,True,{},{},0.09557551899342798,False,False,8132
G2_73102_3e-05,57,0,8016,24,0.26778823137283325,0.3218066692352295,False,{},{},0.0967584990139585,False,False,8132
G2_73102_3e-05,58,0,15727,56,0.4191184937953949,0.13379192352294922,False,{},{},0.09338320200913586,False,False,8132
G2_73102_3e-05,59,0,346,10,0.8670381307601929,0.7494766712188721,False,{},{},0.10181665600975975,False,False,8132
G2_73102_3e-05,60,0,15714,43,0.09427125751972198,0.05632351338863373,False,{},{},0.09423222200712189,False,False,8132
G2_73102_3e-05,61,0,8024,32,0.2585251033306122,0.17362049221992493,False,{},{},0.09593808700446971,False,False,8132
G2_73102_3e-05,62,0,15711,40,0.044099971652030945,0.057494305074214935,False,{},{},0.09599783198791556,False,False,8132
G2_73102_3e-05,63,0,15729,58,0.48678526282310486,0.12112100422382355,False,{},{},0.09357444499619305,False,False,8132
G2_73102_3e-05,64,0,8021,29,0.26825425028800964,0.2389599233865738,False,{},{},0.09988786600297317,False,False,8132
G2_73102_3e-05,65,1,350,14,1.1700236797332764,6.412965297698975,True,{},{},0.09233313400181942,False,False,8132
G2_73102_3e-05,66,1,15730,59,0.51897132396698,0.13904283940792084,False,{},{},0.09672635101014748,False,False,8132
G2_73102_3e-05,67,1,355,19,0.6000351905822754,0.9302802681922913,False,{},{},0.09656049098703079,False,False,8132
G2_73102_3e-05,68,1,8031,39,0.17292040586471558,0.22472934424877167,False,{},{},0.10042026097653434,False,False,8133
G2_73102_3e-05,69,1,15719,48,0.2302241325378418,0.09039788693189621,False,{},{},0.09318428099504672,False,False,8133
G2_73102_3e-05,70,1,8016,24,0.26337820291519165,0.325153648853302,False,{},{},0.09937253899988718,False,False,8133
G2_73102_3e-05,71,1,336,0,0.8207046985626221,1.051194190979004,True,{},{},0.09777838998707011,False,False,8133
G2_73102_3e-05,72,1,354,18,0.6157621145248413,0.8032838106155396,False,{},{},0.097522354015382,False,False,8133
G2_73102_3e-05,73,1,8017,25,0.26329663395881653,0.332659512758255,False,{},{},0.10077542200451717,False,False,8133
G2_73102_3e-05,74,1,15711,40,0.04430190473794937,0.06097475811839104,False,{},{},0.09574060700833797,False,False,8133
G2_73102_3e-05,75,1,8019,27,0.25117403268814087,0.22456133365631104,False,{},{},0.09855975999380462,False,False,8133
G2_73102_3e-05,76,1,15717,46,0.17817679047584534,0.07096515595912933,False,{},{},0.09580068799550645,False,False,8133
G2_73102_3e-05,77,1,344,8,0.8301829695701599,0.7543246746063232,False,{},{},0.11783049700898118,False,False,8133
G2_73102_3e-05,78,1,15715,44,0.12437575310468674,0.05420038476586342,False,{},{},0.09793422199436463,False,False,8133
G2_73102_3e-05,79,1,349,13,1.1510260105133057,5.997513294219971,True,{},{},0.09948651099693961,False,False,8133
G2_73102_3e-05,80,1,15729,58,0.4844990372657776,0.12973174452781677,False,{},{},0.10111946502001956,False,False,8133
G2_73102_3e-05,81,1,347,11,0.8293217420578003,0.7131627202033997,False,{},{},0.10022957401815802,False,False,8133
G2_73102_3e-05,82,1,337,1,1.0555219650268555,6.186881065368652,True,{},{},0.10211655299644917,False,False,8132
G2_73102_3e-05,83,1,341,5,0.790742814540863,1.4891356229782104,True,{},{},0.09738590300548822,False,False,8132
G2_73102_3e-05,84,1,8028,36,0.14486876130104065,0.41139838099479675,False,{},{},0.09672316600335762,False,False,8132
G2_73102_3e-05,85,1,343,7,0.915760338306427,1.8641433715820312,True,{},{},0.09813752898480743,False,False,8132
G2_73102_3e-05,86,1,15726,55,0.3942382037639618,0.1350000500679016,False,{},{},0.10320130400941707,False,False,8132
G2_73102_3e-05,87,1,353,17,0.574677050113678,0.8135292530059814,False,{},{},0.09945957502350211,False,False,8132
G2_73102_3e-05,88,1,359,23,0.6096755862236023,1.622381567955017,True,{},{},0.10558700800174847,False,False,8132
G2_73102_3e-05,89,1,15712,41,0.04397840052843094,0.06367138028144836,False,{},{},0.0981998489878606,False,False,8132
G2_73102_3e-05,90,1,15733,62,0.6439550518989563,0.19842089712619781,False,{},{},0.09723867598222569,False,False,8132
G2_73102_3e-05,91,1,15732,61,0.6127509474754333,0.17644929885864258,False,{},{},0.10123536200262606,False,False,8132
G2_73102_3e-05,92,1,358,22,0.5818858742713928,1.2322357892990112,True,{},{},0.09608563399524428,False,False,8132
G2_73102_3e-05,93,1,15728,57,0.44419342279434204,0.14109697937965393,False,{},{},0.101936557010049,False,False,8132
G2_73102_3e-05,94,1,342,6,0.8103013038635254,1.2528102397918701,True,{},{},0.09602597000775859,False,False,8132
G2_73102_3e-05,95,1,8022,30,0.263918399810791,0.25778433680534363,False,{},{},0.09733323697582819,False,False,8132
G2_73102_3e-05,96,1,15722,51,0.3004337251186371,0.11351785063743591,False,{},{},0.10339635302079841,False,False,8132
G2_73102_3e-05,97,1,15718,47,0.1988043487071991,0.09595652669668198,False,{},{},0.10272474901285022,False,False,8132
G2_73102_3e-05,98,1,356,20,0.5285347700119019,0.834147036075592,False,{},{},0.09892387202125974,False,False,8132
G2_73102_3e-05,99,1,15720,49,0.2528042793273926,0.10629654675722122,False,{},{},0.10252697198302485,False,False,8132
G2_73102_3e-05,100,1,15725,54,0.3742104172706604,0.12932629883289337,False,{},{},0.1022577979892958,False,False,8132
G2_73102_3e-05,101,1,8018,26,0.24456796050071716,0.266943097114563,False,{},{},0.09634680399904028,False,False,8132
G2_73102_3e-05,102,1,338,2,0.950894832611084,4.958756923675537,True,{},{},0.09492693201173097,False,False,8132
G2_73102_3e-05,103,1,8024,32,0.25338584184646606,0.19712089002132416,False,{},{},0.09562994900625199,False,False,8132
G2_73102_3e-05,104,1,8020,28,0.2599835991859436,0.29500746726989746,False,{},{},0.09914992700214498,False,False,8132
G2_73102_3e-05,105,1,8021,29,0.26300323009490967,0.26169082522392273,False,{},{},0.10280393299763091,False,False,8133
G2_73102_3e-05,106,1,8029,37,0.1690964549779892,0.6931242346763611,False,{},{},0.09490683997864835,False,False,8133
G2_73102_3e-05,107,1,357,21,0.5303637981414795,0.6585363149642944,False,{},{},0.10011966002639383,False,False,8133
G2_73102_3e-05,108,1,8026,34,0.2368750423192978,0.24027320742607117,False,{},{},0.09793396102031693,False,False,8133
G2_73102_3e-05,109,1,8025,33,0.2551238238811493,0.2049536257982254,False,{},{},0.09404261098825373,False,False,8133
G2_73102_3e-05,110,1,339,3,0.7326899766921997,0.9258332848548889,False,{},{},0.10003572498681024,False,False,8133
G2_73102_3e-05,111,1,340,4,0.7351390719413757,0.9489691257476807,False,{},{},0.09384963201591745,False,False,8133
G2_73102_3e-05,112,1,8027,35,0.23217971622943878,0.2600105106830597,False,{},{},0.09703662598622032,False,False,8133
G2_73102_3e-05,113,1,15716,45,0.14586366713047028,0.06712277233600616,False,{},{},0.09663987602107227,False,False,8133
G2_73102_3e-05,114,1,15731,60,0.567337691783905,0.1847427487373352,False,{},{},0.09544539201306179,False,False,8133
G2_73102_3e-05,115,1,15734,63,0.6706235408782959,0.2337244749069214,False,{},{},0.09935674400185235,False,False,8132
G2_73102_3e-05,116,1,15727,56,0.4118342995643616,0.13490115106105804,False,{},{},0.09325103799346834,False,False,8132
G2_73102_3e-05,117,1,15721,50,0.2742156982421875,0.11046025156974792,False,{},{},0.09560484299436212,False,False,8132
G2_73102_3e-05,118,1,15713,42,0.07135626673698425,0.07461133599281311,False,{},{},0.09634630000800826,False,False,8132
G2_73102_3e-05,119,1,15724,53,0.3454863429069519,0.12592928111553192,False,{},{},0.09784556200611405,False,False,8132
G2_73102_3e-05,120,1,352,16,0.5555253028869629,0.803701639175415,False,{},{},0.09628349400009029,False,False,8132
G2_73102_3e-05,121,1,8023,31,0.251939982175827,0.2529200315475464,False,{},{},0.095073094998952,False,False,8132
G2_73102_3e-05,122,1,8030,38,0.1545877754688263,0.301921010017395,False,{},{},0.09564611400128342,False,False,8132
G2_73102_3e-05,123,1,348,12,0.8233960270881653,0.9802650809288025,False,{},{},0.09548706500208937,False,False,8132
G2_73102_3e-05,124,1,351,15,0.5887302160263062,1.3097518682479858,True,{},{},0.09957045901683159,False,False,8132
G2_73102_3e-05,125,1,15723,52,0.32189053297042847,0.1254507154226303,False,{},{},0.09500861199921928,False,False,8132
G2_73102_3e-05,126,1,346,10,0.8042577505111694,0.9813450574874878,False,{},{},0.099175651994301,False,False,8132
G2_73102_3e-05,127,1,15714,43,0.09493467211723328,0.08016862720251083,False,{},{},0.0970953989890404,False,False,8132
G2_73102_3e-05,128,1,345,9,0.7850891351699829,0.7874730825424194,False,{},{},0.09256113998708315,False,False,8132
G2_73102_3e-05,129,2,8016,24,0.2457844614982605,0.3474940359592438,False,{},{},0.09494078002171591,False,False,8132
G2_73102_3e-05,130,2,8023,31,0.24916091561317444,0.2573961317539215,False,{},{},0.09388160999515094,False,False,8132
G2_73102_3e-05,131,2,8025,33,0.249233677983284,0.21799622476100922,False,{},{},0.09885286699864082,False,False,8132
G2_73102_3e-05,132,2,343,7,0.8237816095352173,1.9568419456481934,True,{},{},0.09269802301423624,False,False,8132
G2_73102_3e-05,133,2,15711,40,0.04642455279827118,0.08912492543458939,False,{},{},0.09969966398784891,False,False,8132
G2_73102_3e-05,134,2,359,23,0.5172263383865356,0.7323579788208008,False,{},{},0.09893286501755938,False,False,8132
G2_73102_3e-05,135,2,15728,57,0.43744784593582153,0.154625803232193,False,{},{},0.09840504999738187,False,False,8132
G2_73102_3e-05,136,2,351,15,0.5471636056900024,1.2142947912216187,True,{},{},0.09461155100143515,False,False,8132
G2_73102_3e-05,137,2,15715,44,0.1234816387295723,0.07958033680915833,False,{},{},0.09244542400119826,False,False,8132
G2_73102_3e-05,138,2,8021,29,0.2538343369960785,0.2875076234340668,False,{},{},0.09922027800348587,False,False,8133
G2_73102_3e-05,139,2,15725,54,0.36755532026290894,0.1382240653038025,False,{},{},0.09849341699737124,False,False,8133
G2_73102_3e-05,140,2,341,5,0.7243194580078125,1.17251455783844,True,{},{},0.09695994699723087,False,False,8133
G2_73102_3e-05,141,2,347,11,0.7581469416618347,0.647997260093689,False,{},{},0.09232661098940298,False,False,8133
G2_73102_3e-05,142,2,15734,63,0.6629152297973633,0.24235771596431732,False,{},{},0.09840557898860425,False,False,8133
G2_73102_3e-05,143,2,356,20,0.4641023278236389,0.6137706637382507,False,{},{},0.09576617702259682,False,False,8133
G2_73102_3e-05,144,2,15729,58,0.47326672077178955,0.15967591106891632,False,{},{},0.09795317699899897,False,False,8133
G2_73102_3e-05,145,2,357,21,0.48527857661247253,0.726643979549408,False,{},{},0.09704262201557867,False,False,8133
G2_73102_3e-05,146,2,15731,60,0.5605337619781494,0.19202136993408203,False,{},{},0.09279528798651882,False,False,8133
G2_73102_3e-05,147,2,339,3,0.6782553791999817,0.7182043790817261,False,{},{},0.10027856699889526,False,False,8132
G2_73102_3e-05,148,2,15726,55,0.38487663865089417,0.13918548822402954,False,{},{},0.09492370299994946,False,False,8132
G2_73102_3e-05,149,2,8026,34,0.2252621352672577,0.25437724590301514,False,{},{},0.09843958599958569,False,False,8132
G2_73102_3e-05,150,2,15712,41,0.04651641100645065,0.10155468434095383,False,{},{},0.09850825698231347,False,False,8132
G2_73102_3e-05,151,2,355,19,0.4809069037437439,0.8493579626083374,False,{},{},0.09903992898762226,False,False,8132
G2_73102_3e-05,152,2,8017,25,0.2393922060728073,0.3528206944465637,False,{},{},0.0986637210007757,False,False,8132
G2_73102_3e-05,153,2,15720,49,0.24486085772514343,0.12080588191747665,False,{},{},0.09747886599507183,False,False,8132
G2_73102_3e-05,154,2,354,18,0.4977036714553833,0.8089354038238525,False,{},{},0.09468351901159622,False,False,8132
G2_73102_3e-05,155,2,8028,36,0.13628141582012177,0.5879688262939453,False,{},{},0.09515404599369504,False,False,8132
G2_73102_3e-05,156,2,8022,30,0.24608305096626282,0.2685186266899109,False,{},{},0.09435019199736416,False,False,8132
G2_73102_3e-05,157,2,348,12,0.749447226524353,0.8897589445114136,False,{},{},0.09829424100462347,False,False,8132
G2_73102_3e-05,158,2,15724,53,0.33807891607284546,0.13927645981311798,False,{},{},0.1016919469984714,False,False,8132
G2_73102_3e-05,159,2,8024,32,0.24083076417446136,0.25286316871643066,False,{},{},0.09597330799442716,False,False,8132
G2_73102_3e-05,160,2,340,4,0.6700671911239624,0.9010574221611023,False,{},{},0.09421818499686196,False,False,8132
G2_73102_3e-05,161,2,344,8,0.7365697622299194,0.7834146618843079,False,{},{},0.10096061002695933,False,False,8132
G2_73102_3e-05,162,2,8018,26,0.23349955677986145,0.32620474696159363,False,{},{},0.09342617698712274,False,False,8132
G2_73102_3e-05,163,2,349,13,0.7024345993995667,5.259779930114746,True,{},{},0.09789870600798167,False,False,8132
G2_73102_3e-05,164,2,353,17,0.47082602977752686,1.0299447774887085,True,{},{},0.09401354900910519,False,False,8132
G2_73102_3e-05,165,2,8020,28,0.2438308745622635,0.33093371987342834,False,{},{},0.09369840298313648,False,False,8132
G2_73102_3e-05,166,2,346,10,0.7380654215812683,0.7488877773284912,False,{},{},0.10213777600438334,False,False,8132
G2_73102_3e-05,167,2,15730,59,0.5013076066970825,0.18341602385044098,False,{},{},0.09702442100387998,False,False,8132
G2_73102_3e-05,168,2,15714,43,0.09597228467464447,0.09891330450773239,False,{},{},0.09540821000700817,False,False,8132
G2_73102_3e-05,169,2,338,2,0.8048781156539917,4.56696081161499,True,{},{},0.09759450101410039,False,False,8132
G2_73102_3e-05,170,2,15716,45,0.14339302480220795,0.08051319420337677,False,{},{},0.09282066798186861,False,False,8132
G2_73102_3e-05,171,2,15723,52,0.3143070638179779,0.140702486038208,False,{},{},0.1002250220044516,False,False,8132
G2_73102_3e-05,172,2,342,6,0.7202345132827759,1.6048755645751953,True,{},{},0.09724424500018358,False,False,8132
G2_73102_3e-05,173,2,15719,48,0.22088851034641266,0.11874184757471085,False,{},{},0.09586921500158496,False,False,8132
G2_73102_3e-05,174,2,8030,38,0.1449694037437439,0.38352933526039124,False,{},{},0.09663041000021622,False,False,8132
G2_73102_3e-05,175,2,358,22,0.47647544741630554,0.6675697565078735,False,{},{},0.09727545699570328,False,False,8132
G2_73102_3e-05,176,2,8031,39,0.15584567189216614,0.38452017307281494,False,{},{},0.09989709701039828,False,False,8133
G2_73102_3e-05,177,2,336,0,0.6786173582077026,1.9937410354614258,True,{},{},0.09801575599703938,False,False,8133
G2_73102_3e-05,178,2,15732,61,0.5925393104553223,0.21802908182144165,False,{},{},0.09945978902396746,False,False,8133
G2_73102_3e-05,179,2,8019,27,0.23065131902694702,0.31743675470352173,False,{},{},0.09622591699007899,False,False,8133
G2_73102_3e-05,180,2,345,9,0.713487982749939,0.7923112511634827,False,{},{},0.10298171700560488,False,False,8133
G2_73102_3e-05,181,2,350,14,0.5401001572608948,2.1441562175750732,True,{},{},0.10065397500875406,False,False,8133
G2_73102_3e-05,182,2,352,16,0.4682133197784424,0.6210169792175293,False,{},{},0.09651629600557499,False,False,8133
G2_73102_3e-05,183,2,15721,50,0.2647808790206909,0.13761550188064575,False,{},{},0.09465285498299636,False,False,8133
G2_73102_3e-05,184,2,15727,56,0.4035806655883789,0.1522114872932434,False,{},{},0.09573841901146807,False,False,8133
G2_73102_3e-05,185,2,15717,46,0.17094971239566803,0.0975411981344223,False,{},{},0.10391353399609216,False,False,8132
G2_73102_3e-05,186,2,15718,47,0.19212347269058228,0.1110939010977745,False,{},{},0.09503482701256871,False,False,8132
G2_73102_3e-05,187,2,337,1,0.790743887424469,5.142007827758789,True,{},{},0.09640538101666607,False,False,8132
G2_73102_3e-05,188,2,15713,42,0.07354715466499329,0.11518537253141403,False,{},{},0.09793195498059504,False,False,8132
G2_73102_3e-05,189,2,8027,35,0.2171824723482132,0.3584509789943695,False,{},{},0.09698511500027962,False,False,8132
G2_73102_3e-05,190,2,15722,51,0.2874160408973694,0.1406547874212265,False,{},{},0.1032026429893449,False,False,8132
G2_73102_3e-05,191,2,15733,62,0.6205139756202698,0.2387682944536209,False,{},{},0.09816404501907527,False,False,8132
G2_73102_3e-05,192,2,8029,37,0.13802170753479004,0.7838069796562195,False,{},{},0.09649703299510293,False,False,8132
G2_73102_3e-05,193,3,15729,58,0.46505671739578247,0.18351931869983673,False,{},{},0.09801583402440883,False,False,8132
G2_73102_3e-05,194,3,340,4,0.6430535316467285,0.8410012125968933,False,{},{},0.10474910601624288,False,False,8132
G2_73102_3e-05,195,3,8023,31,0.23351703584194183,0.2854820191860199,False,{},{},0.09962722298223525,False,False,8132
G2_73102_3e-05,196,3,339,3,0.6414458751678467,1.0269215106964111,True,{},{},0.09475865398417227,False,False,8132
G2_73102_3e-05,197,3,15721,50,0.2627716362476349,0.14152933657169342,False,{},{},0.09463824299746193,False,False,8132
G2_73102_3e-05,198,3,15723,52,0.3109717071056366,0.14463767409324646,False,{},{},0.10152883201953955,False,False,8132
G2_73102_3e-05,199,3,15731,60,0.5519025325775146,0.21351009607315063,False,{},{},0.09841424899059348,False,False,8132
G2_73102_3e-05,200,3,8022,30,0.23576867580413818,0.29513195157051086,False,{},{},0.10436037799809128,False,False,8132
G2_73102_3e-05,201,3,15733,62,0.6174836158752441,0.24932268261909485,False,{},{},0.09731189502053894,False,False,8132
G2_73102_3e-05,202,3,15725,54,0.35821035504341125,0.1536504328250885,False,{},{},0.09637725597713143,False,False,8132
G2_73102_3e-05,203,3,8021,29,0.23495382070541382,0.34644612669944763,False,{},{},0.09880232598516159,False,False,8132
G2_73102_3e-05,204,3,346,10,0.6941039562225342,0.7785379886627197,False,{},{},0.09433082499890588,False,False,8132
G2_73102_3e-05,205,3,338,2,0.6891604661941528,1.186627745628357,True,{},{},0.0928982570185326,False,False,8132
G2_73102_3e-05,206,3,15717,46,0.16923153400421143,0.1050545871257782,False,{},{},0.0959267049911432,False,False,8132
G2_73102_3e-05,207,3,8024,32,0.2307194024324417,0.28551527857780457,False,{},{},0.09363983798539266,False,False,8132
G2_73102_3e-05,208,3,358,22,0.4547829329967499,0.7916674017906189,False,{},{},0.10218884699861519,False,False,8133
G2_73102_3e-05,209,3,15713,42,0.07425125688314438,0.1292903870344162,False,{},{},0.09912038597394712,False,False,8133
G2_73102_3e-05,210,3,15734,63,0.6460661888122559,0.2923605740070343,False,{},{},0.09814638501848094,False,False,8133
G2_73102_3e-05,211,3,8026,34,0.2100324034690857,0.3117390275001526,False,{},{},0.09676654401118867,False,False,8133
G2_73102_3e-05,212,3,337,1,0.6896113157272339,1.6765276193618774,True,{},{},0.10008857698994689,False,False,8133
G2_73102_3e-05,213,3,351,15,0.46152931451797485,1.4450353384017944,True,{},{},0.09782801999244839,False,False,8133
G2_73102_3e-05,214,3,336,0,0.6470514535903931,1.4141991138458252,True,{},{},0.09694167098496109,False,False,8133
G2_73102_3e-05,215,3,348,12,0.6843951940536499,0.8938916325569153,False,{},{},0.09852322901133448,False,False,8133
G2_73102_3e-05,216,3,15727,56,0.3985219895839691,0.17322005331516266,False,{},{},0.0941563360102009,False,False,8133
G2_73102_3e-05,217,3,8017,25,0.21756361424922943,0.3677695095539093,False,{},{},0.10065904498333111,False,False,8132
G2_73102_3e-05,218,3,343,7,0.7015894055366516,1.9025135040283203,True,{},{},0.09433106999495067,False,False,8132
G2_73102_3e-05,219,3,359,23,0.45064133405685425,0.9361587762832642,False,{},{},0.09689290399546735,False,False,8132
G2_73102_3e-05,220,3,349,13,0.49240177869796753,1.2602043151855469,True,{},{},0.09722796900314279,False,False,8132
G2_73102_3e-05,221,3,8027,35,0.20940715074539185,0.4070424437522888,False,{},{},0.09847282999544404,False,False,8132
G2_73102_3e-05,222,3,341,5,0.6442492008209229,1.3190480470657349,True,{},{},0.10042359898216091,False,False,8132
G2_73102_3e-05,223,3,344,8,0.6785814762115479,1.199210286140442,True,{},{},0.09501711299526505,False,False,8132
G2_73102_3e-05,224,3,8030,38,0.13403034210205078,0.4001501798629761,False,{},{},0.0954829590045847,False,False,8132
G2_73102_3e-05,225,3,8020,28,0.22474820911884308,0.3634795546531677,False,{},{},0.09760076602105983,False,False,8132
G2_73102_3e-05,226,3,15722,51,0.28282761573791504,0.16012521088123322,False,{},{},0.0963207769964356,False,False,8132
G2_73102_3e-05,227,3,8019,27,0.21702322363853455,0.37566426396369934,False,{},{},0.10144194698659703,False,False,8132
G2_73102_3e-05,228,3,357,21,0.41847747564315796,0.8692649006843567,False,{},{},0.09557851101271808,False,False,8132
G2_73102_3e-05,229,3,15714,43,0.09637723863124847,0.13687178492546082,False,{},{},0.09399078198475763,False,False,8132
G2_73102_3e-05,230,3,347,11,0.6711195111274719,0.807545006275177,False,{},{},0.09843351499876007,False,False,8132
G2_73102_3e-05,231,3,8031,39,0.14000949263572693,0.4235929548740387,False,{},{},0.10162213398143649,False,False,8132
G2_73102_3e-05,232,3,352,16,0.4358234107494354,0.84710294008255,False,{},{},0.09921107700210996,False,False,8132
G2_73102_3e-05,233,3,15730,59,0.4913724660873413,0.2215934842824936,False,{},{},0.09617417998379096,False,False,8132
G2_73102_3e-05,234,3,15712,41,0.04973860830068588,0.16045303642749786,False,{},{},0.09518610799568705,False,False,8132
G2_73102_3e-05,235,3,15711,40,0.04936285689473152,0.16156700253486633,False,{},{},0.09513886200147681,False,False,8132
G2_73102_3e-05,236,3,15728,57,0.42601948976516724,0.183273583650589,False,{},{},0.10062315198592842,False,False,8132
G2_73102_3e-05,237,3,8029,37,0.11571675539016724,0.5539056658744812,False,{},{},0.09384572997805662,False,False,8132
G2_73102_3e-05,238,3,15732,61,0.5806717872619629,0.2611211836338043,False,{},{},0.09644499799469486,False,False,8132
G2_73102_3e-05,239,3,15726,55,0.3750118315219879,0.20822560787200928,False,{},{},0.09691056399606168,False,False,8132
G2_73102_3e-05,240,3,353,17,0.4214184582233429,1.2913519144058228,True,{},{},0.09573159500723705,False,False,8132
G2_73102_3e-05,241,3,345,9,0.6548647880554199,1.147150993347168,True,{},{},0.1002358120167628,False,False,8133
G2_73102_3e-05,242,3,350,14,0.4581184387207031,1.0735548734664917,True,{},{},0.09294520399998873,False,False,8133
G2_73102_3e-05,243,3,15724,53,0.32608187198638916,0.18081575632095337,False,{},{},0.09361920598894358,False,False,8133
G2_73102_3e-05,244,3,355,19,0.40594080090522766,1.2237175703048706,True,{},{},0.1002438600116875,False,False,8133
G2_73102_3e-05,245,3,8018,26,0.2052781581878662,0.3812660872936249,False,{},{},0.09714950798661448,False,False,8133
G2_73102_3e-05,246,3,8016,24,0.20798251032829285,0.4276929497718811,False,{},{},0.09889352601021528,False,False,8133
G2_73102_3e-05,247,3,15719,48,0.21611788868904114,0.1928408145904541,False,{},{},0.09738883600221016,False,False,8133
G2_73102_3e-05,248,3,15720,49,0.23602959513664246,0.16258659958839417,False,{},{},0.09534531499957666,False,False,8133
G2_73102_3e-05,249,3,342,6,0.6308226585388184,0.9783111214637756,False,{},{},0.09725973499007523,False,False,8133
G2_73102_3e-05,250,3,15718,47,0.18899555504322052,0.1518988162279129,False,{},{},0.10019045101944357,False,False,8133
G2_73102_3e-05,251,3,356,20,0.3948478102684021,1.192691683769226,True,{},{},0.09636837299331091,False,False,8133
G2_73102_3e-05,252,3,15716,45,0.14147239923477173,0.11982903629541397,False,{},{},0.0948301820026245,False,False,8133
G2_73102_3e-05,253,3,354,18,0.41544318199157715,1.4412115812301636,True,{},{},0.09969772901968099,False,False,8133
G2_73102_3e-05,254,3,15715,44,0.12197855114936829,0.17500990629196167,False,{},{},0.09715010301442817,False,False,8133
G2_73102_3e-05,255,3,8025,33,0.21651042997837067,0.3202907145023346,False,{},{},0.0988281530153472,False,False,8132
G2_73102_3e-05,256,3,8028,36,0.12483431398868561,0.8611605763435364,False,{},{},0.09628065599827096,False,False,8132
G2_73102_3e-05,257,4,8030,38,0.12019728869199753,0.5119757056236267,False,{},{},0.09823908199905418,False,False,8132
G2_73102_3e-05,258,4,347,11,0.6389197707176208,0.7417905926704407,False,{},{},0.09667288899072446,False,False,8132
G2_73102_3e-05,259,4,348,12,0.634605348110199,0.8044941425323486,False,{},{},0.09933382298913784,False,False,8132
G2_73102_3e-05,260,4,15734,63,0.6376546025276184,0.34443196654319763,False,{},{},0.09632896399125457,False,False,8132
G2_73102_3e-05,261,4,337,1,0.6571047306060791,1.4950284957885742,True,{},{},0.09865739999804646,False,False,8132
G2_73102_3e-05,262,4,8029,37,0.10591529309749603,1.13925039768219,True,{},{},0.09673675600788556,False,False,8132
G2_73102_3e-05,263,4,342,6,0.609015941619873,0.8236685991287231,False,{},{},0.09539544698782265,False,False,8132
G2_73102_3e-05,264,4,15714,43,0.09503582119941711,0.14995187520980835,False,{},{},0.10317442400264554,False,False,8132
G2_73102_3e-05,265,4,349,13,0.42820098996162415,1.0137429237365723,True,{},{},0.09466666300431825,False,False,8132
G2_73102_3e-05,266,4,8016,24,0.20006507635116577,0.4152185618877411,False,{},{},0.10112265599309467,False,False,8132
G2_73102_3e-05,267,4,15731,60,0.5409280061721802,0.27954980731010437,False,{},{},0.0954329049855005,False,False,8132
G2_73102_3e-05,268,4,15727,56,0.39119309186935425,0.226033017039299,False,{},{},0.09489774500252679,False,False,8132
G2_73102_3e-05,269,4,8020,28,0.20826232433319092,0.3990502655506134,False,{},{},0.09878974701859988,False,False,8133
G2_73102_3e-05,270,4,15717,46,0.16539062559604645,0.13197995722293854,False,{},{},0.09492676699301228,False,False,8133
G2_73102_3e-05,271,4,15716,45,0.14031735062599182,0.12205317616462708,False,{},{},0.09622746700188145,False,False,8133
G2_73102_3e-05,272,4,338,2,0.6439869403839111,1.4838385581970215,True,{},{},0.0983602510241326,False,False,8133
G2_73102_3e-05,273,4,357,21,0.38385337591171265,1.219650149345398,True,{},{},0.10231539799133316,False,False,8133
G2_73102_3e-05,274,4,15719,48,0.21277791261672974,0.22656744718551636,False,{},{},0.09584392700344324,False,False,8133
G2_73102_3e-05,275,4,344,8,0.604976236820221,0.8740857839584351,False,{},{},0.10229137897840701,False,False,8133
G2_73102_3e-05,276,4,15715,44,0.12072264403104782,0.1838839054107666,False,{},{},0.09620708800503053,False,False,8133
G2_73102_3e-05,277,4,15733,62,0.6010774374008179,0.3250828683376312,False,{},{},0.09943108499282971,False,False,8133
G2_73102_3e-05,278,4,15728,57,0.42013561725616455,0.23856569826602936,False,{},{},0.10019135402399115,False,False,8132
G2_73102_3e-05,279,4,8017,25,0.1949009895324707,0.3726741373538971,False,{},{},0.09955773502588272,False,False,8132
G2_73102_3e-05,280,4,343,7,0.6013563871383667,1.1777174472808838,True,{},{},0.09656115100369789,False,False,8132
G2_73102_3e-05,281,4,15723,52,0.30076080560684204,0.22414416074752808,False,{},{},0.09377497297828086,False,False,8132
G2_73102_3e-05,282,4,345,9,0.6010263562202454,0.8419788479804993,False,{},{},0.09870155798853375,False,False,8132
G2_73102_3e-05,283,4,358,22,0.3975582718849182,1.6506285667419434,True,{},{},0.09817872897838242,False,False,8132
G2_73102_3e-05,284,4,8026,34,0.19521117210388184,0.4945845305919647,False,{},{},0.09684191000997089,False,False,8132
G2_73102_3e-05,285,4,353,17,0.3965606391429901,1.400112509727478,True,{},{},0.0970815859909635,False,False,8132
G2_73102_3e-05,286,4,15725,54,0.3454565703868866,0.2739175260066986,False,{},{},0.110486777004553,False,False,8132
G2_73102_3e-05,287,4,15718,47,0.18458683788776398,0.1865158975124359,False,{},{},0.1003445410169661,False,False,8132
G2_73102_3e-05,288,4,341,5,0.5523908734321594,1.5416501760482788,True,{},{},0.09255417398526333,False,False,8132
G2_73102_3e-05,289,4,351,15,0.39614731073379517,0.8206018805503845,False,{},{},0.09417189200758003,False,False,8132
G2_73102_3e-05,290,4,336,0,0.6048247218132019,1.5918495655059814,True,{},{},0.09708672601846047,False,False,8132
G2_73102_3e-05,291,4,350,14,0.40569907426834106,1.0518709421157837,True,{},{},0.0934203740034718,False,False,8132
G2_73102_3e-05,292,4,8018,26,0.19017453491687775,0.5068699717521667,False,{},{},0.09672714801854454,False,False,8132
G2_73102_3e-05,293,4,8023,31,0.2076045423746109,0.3378680646419525,False,{},{},0.097050769982161,False,False,8132
G2_73102_3e-05,294,4,15726,55,0.3634764552116394,0.3363943099975586,False,{},{},0.0971002820006106,False,False,8132
G2_73102_3e-05,295,4,15729,58,0.44483232498168945,0.32990312576293945,False,{},{},0.09439854699303396,False,False,8132
G2_73102_3e-05,296,4,8024,32,0.20961536467075348,0.44899290800094604,False,{},{},0.09603466300177388,False,False,8132
G2_73102_3e-05,297,4,8019,27,0.19031158089637756,0.5267475247383118,False,{},{},0.09660709000308998,False,False,8132
G2_73102_3e-05,298,4,340,4,0.5460920929908752,1.0758205652236938,True,{},{},0.09457190701505169,False,False,8132
G2_73102_3e-05,299,4,8031,39,0.11329657584428787,0.5896456837654114,False,{},{},0.09418397198896855,False,False,8132
G2_73102_3e-05,300,4,356,20,0.37030428647994995,1.0845885276794434,True,{},{},0.09181205902132206,False,False,8132
G2_73102_3e-05,301,4,339,3,0.5537241697311401,1.326900601387024,True,{},{},0.09565754100913182,False,False,8132
G2_73102_3e-05,302,4,352,16,0.37978595495224,1.0585591793060303,True,{},{},0.09835239298990928,False,False,8133
G2_73102_3e-05,303,4,8021,29,0.20089685916900635,0.40449637174606323,False,{},{},0.09669766901060939,False,False,8133
G2_73102_3e-05,304,4,346,10,0.5627012848854065,0.8082360029220581,False,{},{},0.09485492098610848,False,False,8133
G2_73102_3e-05,305,4,15713,42,0.07399934530258179,0.2657543122768402,False,{},{},0.09497069197823294,False,False,8133
G2_73102_3e-05,306,4,8025,33,0.19824203848838806,0.42841804027557373,False,{},{},0.09636068600229919,False,False,8133
G2_73102_3e-05,307,4,15724,53,0.3131779432296753,0.29109156131744385,False,{},{},0.09860664600273594,False,False,8133
G2_73102_3e-05,308,4,355,19,0.36836743354797363,1.018428921699524,True,{},{},0.09448143799090758,False,False,8133
G2_73102_3e-05,309,4,8022,30,0.20227965712547302,0.33205053210258484,False,{},{},0.09232042901567183,False,False,8133
G2_73102_3e-05,310,4,8027,35,0.1781541407108307,0.5696277618408203,False,{},{},0.09552244600490667,False,False,8133
G2_73102_3e-05,311,4,15720,49,0.2288944274187088,0.27489715814590454,False,{},{},0.09725046099629253,False,False,8132
G2_73102_3e-05,312,4,15712,41,0.049277763813734055,0.2641112804412842,False,{},{},0.10060850199079141,False,False,8132
G2_73102_3e-05,313,4,359,23,0.393438458442688,1.836585521697998,True,{},{},0.09702747600385919,False,False,8132
G2_73102_3e-05,314,4,15730,59,0.47698134183883667,0.43631988763809204,False,{},{},0.0972080210049171,False,False,8132
G2_73102_3e-05,315,4,15732,61,0.5627154111862183,0.4497959017753601,False,{},{},0.09970908000832424,False,False,8132
G2_73102_3e-05,316,4,15721,50,0.24997586011886597,0.3622225821018219,False,{},{},0.10262096900260076,False,False,8132
G2_73102_3e-05,317,4,15711,40,0.047602761536836624,0.2741140127182007,False,{},{},0.09694725601002574,False,False,8132
G2_73102_3e-05,318,4,15722,51,0.2740910053253174,0.35308563709259033,False,{},{},0.09700311400229111,False,False,8132
G2_73102_3e-05,319,4,354,18,0.36866495013237,1.2532552480697632,True,{},{},0.09581605298444629,False,False,8132
G2_73102_3e-05,320,4,8028,36,0.10035085678100586,1.0490509271621704,True,{},{},0.09954188400297426,False,False,8132
G2_73102_3e-05,321,5,342,6,0.5216662287712097,1.1476157903671265,True,{},{},0.09666343100252561,False,False,8132
G2_73102_3e-05,322,5,15728,57,0.40335679054260254,0.4243151545524597,False,{},{},0.09802461200160906,False,False,8132
G2_73102_3e-05,323,5,15732,61,0.5571825504302979,0.47779256105422974,False,{},{},0.09521357400808483,False,False,8132
G2_73102_3e-05,324,5,15713,42,0.07179635763168335,0.30851322412490845,False,{},{},0.09505858898046426,False,False,8132
G2_73102_3e-05,325,5,336,0,0.5481116771697998,2.069096326828003,True,{},{},0.1044883779832162,False,False,8132
G2_73102_3e-05,326,5,8021,29,0.18973489105701447,0.425444096326828,False,{},{},0.09605258901137859,False,False,8132
G2_73102_3e-05,327,5,348,12,0.5542919039726257,1.3073889017105103,True,{},{},0.09187501700944267,False,False,8132
G2_73102_3e-05,328,5,15723,52,0.2872077226638794,0.3244035840034485,False,{},{},0.09971793301519938,False,False,8132
G2_73102_3e-05,329,5,15712,41,0.04940413311123848,0.3138144910335541,False,{},{},0.10202392100472935,False,False,8132
G2_73102_3e-05,330,5,339,3,0.506291389465332,1.3681862354278564,True,{},{},0.10126140399370342,False,False,8132
G2_73102_3e-05,331,5,8027,35,0.16142475605010986,0.6671211123466492,False,{},{},0.09599752398207784,False,False,8132
G2_73102_3e-05,332,5,8023,31,0.1922299563884735,0.3876214623451233,False,{},{},0.09690791499451734,False,False,8132
G2_73102_3e-05,333,5,15715,44,0.1210852861404419,0.4831917881965637,False,{},{},0.09846696598106064,False,False,8132
G2_73102_3e-05,334,5,347,11,0.5449107885360718,1.1785351037979126,True,{},{},0.10390120898955502,False,False,8132
G2_73102_3e-05,335,5,15721,50,0.24134060740470886,0.39317670464515686,False,{},{},0.09498244701535441,False,False,8132
G2_73102_3e-05,336,5,357,21,0.3688912093639374,2.3695333003997803,True,{},{},0.09670886499225162,False,False,8132
G2_73102_3e-05,337,5,15724,53,0.29883480072021484,0.3802504241466522,False,{},{},0.09345526999095455,False,False,8132
G2_73102_3e-05,338,5,15716,45,0.1352374404668808,0.20255596935749054,False,{},{},0.09781705299974419,False,False,8132
G2_73102_3e-05,339,5,8030,38,0.08083649724721909,0.6310643553733826,False,{},{},0.0991034590115305,False,False,8133
G2_73102_3e-05,340,5,351,15,0.357033908367157,1.6736119985580444,True,{},{},0.09679225800209679,False,False,8133
G2_73102_3e-05,341,5,358,22,0.35701602697372437,1.145844578742981,True,{},{},0.09804470199742354,False,False,8133
G2_73102_3e-05,342,5,8016,24,0.18012425303459167,0.7254868745803833,False,{},{},0.09995673198136501,False,False,8133
G2_73102_3e-05,343,5,15729,58,0.4167337119579315,0.7004597187042236,False,{},{},0.10102039101184346,False,False,8133
G2_73102_3e-05,344,5,8017,25,0.17731161415576935,0.6310547590255737,False,{},{},0.10215210900059901,False,False,8133
G2_73102_3e-05,345,5,8018,26,0.1735256314277649,0.5795857310295105,False,{},{},0.10103012400213629,False,False,8133
G2_73102_3e-05,346,5,8019,27,0.1635075956583023,0.637649655342102,False,{},{},0.09789496299345046,False,False,8133
G2_73102_3e-05,347,5,8024,32,0.18875786662101746,0.6042553782463074,False,{},{},0.09838801500154659,False,False,8133
G2_73102_3e-05,348,5,15722,51,0.25950437784194946,0.43117719888687134,False,{},{},0.105955178005388,False,False,8132
G2_73102_3e-05,349,5,15719,48,0.19938862323760986,0.3446548581123352,False,{},{},0.09950661199400201,False,False,8132
G2_73102_3e-05,350,5,343,7,0.5085601806640625,1.0114431381225586,True,{},{},0.09541043400531635,False,False,8132
G2_73102_3e-05,351,5,15714,43,0.09192997217178345,0.3286406695842743,False,{},{},0.09457894798833877,False,False,8132
G2_73102_3e-05,352,5,356,20,0.3269137144088745,1.3704254627227783,True,{},{},0.10072500901878811,False,False,8132
G2_73102_3e-05,353,5,354,18,0.3436891436576843,1.7876209020614624,True,{},{},0.09723853101604618,False,False,8132
G2_73102_3e-05,354,5,15718,47,0.17672452330589294,0.27397289872169495,False,{},{},0.09500483199371956,False,False,8132
G2_73102_3e-05,355,5,337,1,0.5336751937866211,2.0761280059814453,True,{},{},0.09478348397533409,False,False,8132
G2_73102_3e-05,356,5,359,23,0.34338393807411194,1.3559695482254028,True,{},{},0.0995176559954416,False,False,8132
G2_73102_3e-05,357,5,15717,46,0.15601304173469543,0.2457842379808426,False,{},{},0.10339607199421152,False,False,8132
G2_73102_3e-05,358,5,352,16,0.3283328413963318,1.6459146738052368,True,{},{},0.09551717099384405,False,False,8132
G2_73102_3e-05,359,5,349,13,0.34186145663261414,1.8469717502593994,True,{},{},0.09246216801693663,False,False,8132
G2_73102_3e-05,360,5,15725,54,0.31097519397735596,0.7363330125808716,False,{},{},0.09528402599971741,False,False,8132
G2_73102_3e-05,361,5,8031,39,0.07420577853918076,0.9128891229629517,False,{},{},0.09660667201387696,False,False,8132
G2_73102_3e-05,362,5,15731,60,0.4944312274456024,0.8765348792076111,False,{},{},0.09978392301127315,False,False,8132
G2_73102_3e-05,363,5,8026,34,0.15537959337234497,0.6918041110038757,False,{},{},0.09665864499402232,False,False,8132
G2_73102_3e-05,364,5,15726,55,0.3259866237640381,0.9621037244796753,False,{},{},0.09547805800684728,False,False,8132
G2_73102_3e-05,365,5,8022,30,0.18159115314483643,0.4814402163028717,False,{},{},0.09556148300180212,False,False,8132
G2_73102_3e-05,366,5,8028,36,0.08625480532646179,1.6185115575790405,True,{},{},0.09539165199385025,False,False,8132
G2_73102_3e-05,367,5,344,8,0.5054087042808533,1.2654117345809937,True,{},{},0.10117358699790202,False,False,8132
G2_73102_3e-05,368,5,345,9,0.5177126526832581,1.4226675033569336,True,{},{},0.09779730899026617,False,False,8132
G2_73102_3e-05,369,5,15727,56,0.3239043056964874,1.0054969787597656,True,{},{},0.0937077540147584,False,False,8132
G2_73102_3e-05,370,5,341,5,0.470101535320282,2.0180296897888184,True,{},{},0.0971318120136857,False,False,8132
G2_73102_3e-05,371,5,353,17,0.30802205204963684,1.5275384187698364,True,{},{},0.09500563697656617,False,False,8132
G2_73102_3e-05,372,5,346,10,0.5086771845817566,1.2259080410003662,True,{},{},0.09816399597912095,False,False,8133
G2_73102_3e-05,373,5,350,14,0.32104790210723877,1.5885930061340332,True,{},{},0.09512203402118757,False,False,8133
G2_73102_3e-05,374,5,338,2,0.49586373567581177,2.074816942214966,True,{},{},0.09583064998150803,False,False,8133
G2_73102_3e-05,375,5,8025,33,0.15844719111919403,0.6865567564964294,False,{},{},0.09813526200014167,False,False,8133
G2_73102_3e-05,376,5,8020,28,0.15520453453063965,0.7799007296562195,False,{},{},0.09837776198401116,False,False,8133
G2_73102_3e-05,377,5,8029,37,0.07874499261379242,1.571886658668518,True,{},{},0.09645810999791138,False,False,8133
G2_73102_3e-05,378,5,15734,63,0.547736644744873,1.5145350694656372,True,{},{},0.09471994399791583,False,False,8133
G2_73102_3e-05,379,5,355,19,0.3107895255088806,2.2358484268188477,True,{},{},0.09987059500417672,False,False,8133
G2_73102_3e-05,380,5,15730,59,0.3913878798484802,1.4098713397979736,True,{},{},0.09394561499357224,False,False,8133
G2_73102_3e-05,381,5,15720,49,0.20429012179374695,0.5229952335357666,False,{},{},0.10155591400689445,False,False,8132
G2_73102_3e-05,382,5,15733,62,0.48220163583755493,1.77130126953125,True,{},{},0.09978359399246983,False,False,8132
G2_73102_3e-05,383,5,340,4,0.45208054780960083,1.3596299886703491,True,{},{},0.09502618998521939,False,False,8132
G2_73102_3e-05,384,5,15711,40,0.07311016321182251,1.1990457773208618,True,{},{},0.1005135879968293,False,False,8132
G2_73102_3e-05,385,6,8030,38,0.06612201780080795,0.9913647174835205,False,{},{},0.09719897201284766,False,False,8132
G2_73102_3e-05,386,6,354,18,0.31449630856513977,3.236375093460083,True,{},{},0.09536043700063601,False,False,8132
G2_73102_3e-05,387,6,8019,27,0.13781246542930603,1.3403645753860474,True,{},{},0.09812574298121035,False,False,8132
G2_73102_3e-05,388,6,15714,43,0.09829498827457428,0.769015908241272,False,{},{},0.0960822610068135,False,False,8132
G2_73102_3e-05,389,6,15717,46,0.1492898017168045,0.6596300005912781,False,{},{},0.09610101900761947,False,False,8132
G2_73102_3e-05,390,6,15712,41,0.06894642114639282,1.2716795206069946,True,{},{},0.0994858889898751,False,False,8132
G2_73102_3e-05,391,6,355,19,0.2878633439540863,1.9744374752044678,True,{},{},0.0954222840082366,False,False,8132
G2_73102_3e-05,392,6,346,10,0.4806755781173706,1.722831130027771,True,{},{},0.09964778399444185,False,False,8132
G2_73102_3e-05,393,6,15728,57,0.3244614005088806,1.8951548337936401,True,{},{},0.09565621399087831,False,False,8132
G2_73102_3e-05,394,6,15722,51,0.23773732781410217,0.7665514945983887,False,{},{},0.0952665880031418,False,False,8132
G2_73102_3e-05,395,6,347,11,0.48314982652664185,2.096430540084839,True,{},{},0.10124391398858279,False,False,8132
G2_73102_3e-05,396,6,344,8,0.4733116924762726,1.7002843618392944,True,{},{},0.095001304987818,False,False,8132
G2_73102_3e-05,397,6,15720,49,0.19834746420383453,0.59492027759552,False,{},{},0.0961457309895195,False,False,8132
G2_73102_3e-05,398,6,8028,36,0.07560597360134125,1.268223762512207,True,{},{},0.09672137899906375,False,False,8132
G2_73102_3e-05,399,6,15715,44,0.11351931095123291,0.5211001634597778,False,{},{},0.09514143201522529,False,False,8132
G2_73102_3e-05,400,6,15718,47,0.1624143421649933,0.47600769996643066,False,{},{},0.10002200398594141,False,False,8132
G2_73102_3e-05,401,6,351,15,0.30509135127067566,3.1345903873443604,True,{},{},0.09281031801947393,False,False,8132
G2_73102_3e-05,402,6,15725,54,0.2545395493507385,1.1774386167526245,True,{},{},0.09857061301590875,False,False,8132
G2_73102_3e-05,403,6,338,2,0.4674856960773468,2.473680019378662,True,{},{},0.10141177198966034,False,False,8132
G2_73102_3e-05,404,6,353,17,0.27595919370651245,2.2600364685058594,True,{},{},0.10146855300990865,False,False,8133
G2_73102_3e-05,405,6,8017,25,0.14379623532295227,1.1354542970657349,True,{},{},0.09769534697989002,False,False,8133
G2_73102_3e-05,406,6,359,23,0.32161426544189453,2.3099958896636963,True,{},{},0.10128962900489569,False,False,8133
G2_73102_3e-05,407,6,15724,53,0.24046587944030762,0.9884238243103027,False,{},{},0.09885101101826876,False,False,8133
G2_73102_3e-05,408,6,343,7,0.44895148277282715,1.4674663543701172,True,{},{},0.09810071799438447,False,False,8133
G2_73102_3e-05,409,6,8016,24,0.1419975459575653,0.9995532631874084,False,{},{},0.10319700598483905,False,False,8133
G2_73102_3e-05,410,6,357,21,0.29157474637031555,1.8513429164886475,True,{},{},0.09975658400799148,False,False,8133
G2_73102_3e-05,411,6,8029,37,0.06681475043296814,1.262373447418213,True,{},{},0.10054014500929043,False,False,8133
G2_73102_3e-05,412,6,8022,30,0.15709468722343445,0.825993001461029,False,{},{},0.09763492899946868,False,False,8133
G2_73102_3e-05,413,6,15726,55,0.2305450439453125,1.5977182388305664,True,{},{},0.09768549900036305,False,False,8133
G2_73102_3e-05,414,6,358,22,0.3175867795944214,1.8853416442871094,True,{},{},0.10020921600516886,False,False,8133
G2_73102_3e-05,415,6,8025,33,0.13760998845100403,0.8302659392356873,False,{},{},0.09816767097800039,False,False,8133
G2_73102_3e-05,416,6,15734,63,0.46721962094306946,2.7303524017333984,True,{},{},0.10042857198277488,False,False,8133
G2_73102_3e-05,417,6,8024,32,0.15391606092453003,0.9895851016044617,False,{},{},0.09532973999739625,False,False,8133
G2_73102_3e-05,418,6,8027,35,0.10367640852928162,1.000563383102417,True,{},{},0.10025913099525496,False,False,8132
G2_73102_3e-05,419,6,8020,28,0.11665886640548706,1.1365159749984741,True,{},{},0.0984901910123881,False,False,8132
G2_73102_3e-05,420,6,349,13,0.3016851544380188,2.866605758666992,True,{},{},0.09937916498165578,False,False,8132
G2_73102_3e-05,421,6,8021,29,0.1178756132721901,0.7702773213386536,False,{},{},0.09567809797590598,False,False,8132
G2_73102_3e-05,422,6,342,6,0.4232664108276367,2.1172757148742676,True,{},{},0.09635958500439301,False,False,8132
G2_73102_3e-05,423,6,15731,60,0.35161566734313965,2.4970712661743164,True,{},{},0.09946158499224111,False,False,8132
G2_73102_3e-05,424,6,8018,26,0.12063851207494736,1.5580971240997314,True,{},{},0.09593556600157171,False,False,8132
G2_73102_3e-05,425,6,348,12,0.47254931926727295,3.101672887802124,True,{},{},0.09726512400084175,False,False,8132
G2_73102_3e-05,426,6,15716,45,0.13131023943424225,1.1614450216293335,True,{},{},0.09529595798812807,False,False,8132
G2_73102_3e-05,427,6,8023,31,0.13343623280525208,1.0140082836151123,True,{},{},0.09697216199128889,False,False,8132
G2_73102_3e-05,428,6,337,1,0.45215046405792236,2.8845529556274414,True,{},{},0.09835861102328636,False,False,8132
G2_73102_3e-05,429,6,356,20,0.26268061995506287,2.411383867263794,True,{},{},0.09671383697423153,False,False,8132
G2_73102_3e-05,430,6,15729,58,0.25663140416145325,2.8822340965270996,True,{},{},0.09838100097840652,False,False,8132
G2_73102_3e-05,431,6,340,4,0.42084047198295593,1.8589102029800415,True,{},{},0.09560050701838918,False,False,8132
G2_73102_3e-05,432,6,350,14,0.26622360944747925,2.499154567718506,True,{},{},0.09595579298911616,False,False,8132
G2_73102_3e-05,433,6,15732,61,0.34808292984962463,2.5116078853607178,True,{},{},0.09836127201560885,False,False,8132
G2_73102_3e-05,434,6,341,5,0.40169936418533325,1.760318398475647,True,{},{},0.0993395870027598,False,False,8132
G2_73102_3e-05,435,6,15719,48,0.165517657995224,0.9578996896743774,False,{},{},0.10044100601226091,False,False,8132
G2_73102_3e-05,436,6,339,3,0.4178028106689453,2.318380355834961,True,{},{},0.10131204599747434,False,False,8132
G2_73102_3e-05,437,6,345,9,0.4258904755115509,1.9324226379394531,True,{},{},0.099504275014624,False,False,8130
G2_73102_3e-05,438,6,8031,39,0.048277776688337326,1.0882283449172974,True,{},{},0.09909761298331432,False,False,8130
G2_73102_3e-05,439,6,15730,59,0.24098215997219086,2.853364944458008,True,{},{},0.09528199600754306,False,False,8130
G2_73102_3e-05,440,6,15723,52,0.21526162326335907,3.037215232849121,True,{},{},0.09493019699584693,False,False,8130
G2_73102_3e-05,441,6,15733,62,0.31972575187683105,2.846851348876953,True,{},{},0.09518489500624128,False,False,8130
G2_73102_3e-05,442,6,15713,42,0.09264539182186127,1.938539743423462,True,{},{},0.10196100900066085,False,False,8130
G2_73102_3e-05,443,6,15727,56,0.15696877241134644,2.1781811714172363,True,{},{},0.09685186200658791,False,False,8130
G2_73102_3e-05,444,6,15711,40,0.081772081553936,2.045088529586792,True,{},{},0.09579855398624204,False,False,8130
G2_73102_3e-05,445,6,336,0,0.4333198666572571,4.01065731048584,True,{},{},0.09583724700496532,False,False,8130
G2_73102_3e-05,446,6,15721,50,0.1583719402551651,1.3533371686935425,True,{},{},0.09839667301275767,False,False,8130
G2_73102_3e-05,447,6,352,16,0.2429940551519394,3.4168739318847656,True,{},{},0.09759789999225177,False,False,8129
G2_73102_3e-05,448,6,8026,34,0.10058052837848663,1.4177154302597046,True,{},{},0.09687361598480493,False,False,8129
G2_73102_3e-05,449,7,15732,61,0.28637266159057617,4.95826530456543,True,{},{},0.09490756801096722,False,False,8129
G2_73102_3e-05,450,7,338,2,0.386695921421051,2.0311944484710693,True,{},{},0.098480947985081,False,False,8129
G2_73102_3e-05,451,7,15720,49,0.15172505378723145,1.8276071548461914,True,{},{},0.10321928499615751,False,False,8129
G2_73102_3e-05,452,7,15716,45,0.1031576544046402,0.8380316495895386,False,{},{},0.09865547399385832,False,False,8129
G2_73102_3e-05,453,7,8016,24,0.11829708516597748,4.067358493804932,True,{},{},0.09675923999748193,False,False,8129
G2_73102_3e-05,454,7,346,10,0.41839492321014404,2.8282039165496826,True,{},{},0.09918065299279988,False,False,8129
G2_73102_3e-05,455,7,8024,32,0.11033603549003601,2.2911972999572754,True,{},{},0.09577968600206077,False,False,8129
G2_73102_3e-05,456,7,8023,31,0.10097099095582962,1.0189926624298096,True,{},{},0.10107005201280117,False,False,8129
G2_73102_3e-05,457,7,15731,60,0.20622017979621887,4.20466423034668,True,{},{},0.09232624300057068,False,False,8129
G2_73102_3e-05,458,7,15713,42,0.07073985040187836,1.164151906967163,True,{},{},0.0967680379981175,False,False,8129
G2_73102_3e-05,459,7,8025,33,0.09288118779659271,1.2460373640060425,True,{},{},0.0955007300071884,False,False,8129
G2_73102_3e-05,460,7,339,3,0.3768448233604431,2.54854679107666,True,{},{},0.09562008397188038,False,False,8129
G2_73102_3e-05,461,7,348,12,0.41905900835990906,2.4532930850982666,True,{},{},0.09576331402058713,False,False,8129
G2_73102_3e-05,462,7,15715,44,0.09087897837162018,1.150015115737915,True,{},{},0.0969092519953847,False,False,8129
G2_73102_3e-05,463,7,15733,62,0.22818461060523987,4.008184909820557,True,{},{},0.09336734400130808,False,False,8129
G2_73102_3e-05,464,7,357,21,0.26522013545036316,3.107269763946533,True,{},{},0.09316787199350074,False,False,8129
G2_73102_3e-05,465,7,355,19,0.2500300407409668,3.0464515686035156,True,{},{},0.10244048800086603,False,False,8130
G2_73102_3e-05,466,7,342,6,0.3766828179359436,2.031865119934082,True,{},{},0.09471785998903215,False,False,8130
G2_73102_3e-05,467,7,15718,47,0.11013953387737274,1.5289641618728638,True,{},{},0.0956370740022976,False,False,8130
G2_73102_3e-05,468,7,354,18,0.22378219664096832,2.6940760612487793,True,{},{},0.09468650398775935,False,False,8130
G2_73102_3e-05,469,7,8028,36,0.06548145413398743,1.2749093770980835,True,{},{},0.09585890002199449,False,False,8130
G2_73102_3e-05,470,7,344,8,0.38768860697746277,3.081024169921875,True,{},{},0.10347531700972468,False,False,8130
G2_73102_3e-05,471,7,15721,50,0.103218674659729,1.8630027770996094,True,{},{},0.09440010899561457,False,False,8130
G2_73102_3e-05,472,7,15728,57,0.10071010887622833,2.619314670562744,True,{},{},0.09220747998915613,False,False,8130
G2_73102_3e-05,473,7,345,9,0.3859423100948334,2.7659332752227783,True,{},{},0.09688902899506502,False,False,8130
G2_73102_3e-05,474,7,340,4,0.36253976821899414,2.82584285736084,True,{},{},0.09356657898752019,False,False,8130
G2_73102_3e-05,475,7,8021,29,0.10186699032783508,2.0115249156951904,True,{},{},0.09780348898493685,False,False,8130
G2_73102_3e-05,476,7,8029,37,0.07336358726024628,2.1794631481170654,True,{},{},0.09559420100413263,False,False,8130
G2_73102_3e-05,477,7,15729,58,0.12159467488527298,8.556986808776855,True,{},{},0.09463575200061314,False,False,8130
G2_73102_3e-05,478,7,15719,48,0.09632521122694016,1.7620328664779663,True,{},{},0.09267792399623431,False,False,8130
G2_73102_3e-05,479,7,336,0,0.39647048711776733,4.374023914337158,True,{},{},0.09779451100621372,False,False,8130
G2_73102_3e-05,480,7,347,11,0.3777429461479187,4.203537940979004,True,{},{},0.09857468600966968,False,False,8130
G2_73102_3e-05,481,7,15734,63,0.20531676709651947,4.6871137619018555,True,{},{},0.0972097679914441,False,False,8130
G2_73102_3e-05,482,7,15714,43,0.08228127658367157,1.1458821296691895,True,{},{},0.09369338100077584,False,False,8130
G2_73102_3e-05,483,7,8022,30,0.09224481880664825,1.8857866525650024,True,{},{},0.09494650599663146,False,False,8130
G2_73102_3e-05,484,7,8018,26,0.09708967059850693,0.9358986616134644,False,{},{},0.0996787839976605,False,False,8130
G2_73102_3e-05,485,7,15723,52,0.14554327726364136,8.306883811950684,True,{},{},0.09610378200886771,False,False,8130
G2_73102_3e-05,486,7,353,17,0.21653449535369873,3.5828001499176025,True,{},{},0.09304208599496633,False,False,8130
G2_73102_3e-05,487,7,351,15,0.2635442316532135,3.928729295730591,True,{},{},0.09691371099324897,False,False,8130
G2_73102_3e-05,488,7,8019,27,0.09485858678817749,1.3024168014526367,True,{},{},0.09394796099513769,False,False,8130
G2_73102_3e-05,489,7,352,16,0.21347424387931824,3.542819023132324,True,{},{},0.10185785300564021,False,False,8130
G2_73102_3e-05,490,7,15712,41,0.06180311366915703,1.5971903800964355,True,{},{},0.09452470298856497,False,False,8130
G2_73102_3e-05,491,7,8031,39,0.0392923578619957,0.9197481274604797,False,{},{},0.09554816799936816,False,False,8130
G2_73102_3e-05,492,7,358,22,0.27472078800201416,2.597675085067749,True,{},{},0.09594792200368829,False,False,8130
G2_73102_3e-05,493,7,359,23,0.2879970073699951,3.561239719390869,True,{},{},0.09599581500515342,False,False,8130
G2_73102_3e-05,494,7,15727,56,0.10299178957939148,5.152411460876465,True,{},{},0.09739756799535826,False,False,8130
G2_73102_3e-05,495,7,15711,40,0.05124147981405258,0.9187523126602173,False,{},{},0.09781117999227718,False,False,8130
G2_73102_3e-05,496,7,8026,34,0.10926197469234467,2.253565549850464,True,{},{},0.09630306699546054,False,False,8130
G2_73102_3e-05,497,7,15725,54,0.09472242742776871,2.309938669204712,True,{},{},0.09305705199949443,False,False,8130
G2_73102_3e-05,498,7,15722,51,0.15487942099571228,3.878375291824341,True,{},{},0.10239466099301353,False,False,8130
G2_73102_3e-05,499,7,337,1,0.36356574296951294,2.844460964202881,True,{},{},0.10578422900289297,False,False,8131
G2_73102_3e-05,500,7,15717,46,0.07572127878665924,1.212500810623169,True,{},{},0.09588746100780554,False,False,8131
G2_73102_3e-05,501,7,8027,35,0.07450158894062042,1.2632052898406982,True,{},{},0.09578168200096115,False,False,8131
G2_73102_3e-05,502,7,8020,28,0.07598146051168442,0.947190523147583,False,{},{},0.09712791399215348,False,False,8131
G2_73102_3e-05,503,7,350,14,0.2481672763824463,3.304943323135376,True,{},{},0.1034064120030962,False,False,8131
G2_73102_3e-05,504,7,15724,53,0.11753001809120178,5.674161434173584,True,{},{},0.10177289700368419,False,False,8132
G2_73102_3e-05,505,7,343,7,0.362007200717926,2.0476269721984863,True,{},{},0.09609807300148532,False,False,8132
G2_73102_3e-05,506,7,356,20,0.21868456900119781,2.665550470352173,True,{},{},0.0993741030106321,False,False,8132
G2_73102_3e-05,507,7,15730,59,0.0978296622633934,3.642786741256714,True,{},{},0.09846184399793856,False,False,8132
G2_73102_3e-05,508,7,349,13,0.20916925370693207,2.5633416175842285,True,{},{},0.09843729899148457,False,False,8132
G2_73102_3e-05,509,7,8030,38,0.05087319388985634,1.7811095714569092,True,{},{},0.10103815299225971,False,False,8132
G2_73102_3e-05,510,7,8017,25,0.10194838047027588,3.471526861190796,True,{},{},0.09499306400539353,False,False,8132
G2_73102_3e-05,511,7,15726,55,0.3025931715965271,28.7530574798584,True,{},{},0.09730441001011059,False,False,8132
G2_73102_3e-05,512,7,341,5,0.37578797340393066,6.126235485076904,True,{},{},0.0987034110003151,False,False,8132
G3_73102_3e-05,1,0,15719,48,0.23520033061504364,0.07431912422180176,False,{},{},0.09941233199788257,False,False,8200
G3_73102_3e-05,2,0,15716,45,0.1492268443107605,0.04896455630660057,False,{},{},0.09376665099989623,False,False,8200
G3_73102_3e-05,3,0,8017,25,0.2927286922931671,0.32047536969184875,False,{},{},0.10628982400521636,False,False,8132
G3_73102_3e-05,4,0,8030,38,0.1959165632724762,0.6301722526550293,False,{},{},0.09666779701365158,False,False,8132
G3_73102_3e-05,5,0,347,11,0.9913719296455383,0.902319073677063,False,{},{},0.09597199800191447,False,False,8132
G3_73102_3e-05,6,0,15717,46,0.180545836687088,0.05822182446718216,False,{},{},0.09440883999923244,False,False,8132
G3_73102_3e-05,7,0,15726,55,0.4029610753059387,0.12187248468399048,False,{},{},0.09417232900159433,False,False,8132
G3_73102_3e-05,8,0,15724,53,0.35841912031173706,0.09503552317619324,False,{},{},0.09890820298460312,False,False,8132
G3_73102_3e-05,9,0,342,6,1.0425881147384644,1.1587331295013428,True,{},{},0.0961557169794105,False,False,8132
G3_73102_3e-05,10,0,15734,63,0.6911676526069641,0.18713566660881042,False,{},{},0.0935613669862505,False,False,8132
G3_73102_3e-05,11,0,343,7,1.1720261573791504,1.6834628582000732,True,{},{},0.09698169498005882,False,False,8132
G3_73102_3e-05,12,0,8027,35,0.2563840448856354,0.2341422289609909,False,{},{},0.09995372800040059,False,False,8132
G3_73102_3e-05,13,0,15720,49,0.25925227999687195,0.07921182364225388,False,{},{},0.09300346300005913,False,False,8132
G3_73102_3e-05,14,0,15721,50,0.2832084894180298,0.08559071272611618,False,{},{},0.09733242701622657,False,False,8132
G3_73102_3e-05,15,0,15733,62,0.6557856798171997,0.16259117424488068,False,{},{},0.09344679798232391,False,False,8132
G3_73102_3e-05,16,0,349,13,1.3357481956481934,4.079424858093262,True,{},{},0.09442389800096862,False,False,8132
G3_73102_3e-05,17,0,15730,59,0.5247024297714233,0.122219517827034,False,{},{},0.09936328598996624,False,False,8132
G3_73102_3e-05,18,0,336,0,1.3370510339736938,4.306669235229492,True,{},{},0.09547596599441022,False,False,8132
G3_73102_3e-05,19,0,15722,51,0.3070681691169739,0.08821883797645569,False,{},{},0.09535661301924847,False,False,8132
G3_73102_3e-05,20,0,339,3,1.0589141845703125,2.2718896865844727,True,{},{},0.09277379998820834,False,False,8132
G3_73102_3e-05,21,0,351,15,0.8574880957603455,2.4086825847625732,True,{},{},0.09370299000875093,False,False,8132
G3_73102_3e-05,22,0,8020,28,0.27715712785720825,0.2560477554798126,False,{},{},0.09882684599142522,False,False,8132
G3_73102_3e-05,23,0,8023,31,0.27082449197769165,0.1942867934703827,False,{},{},0.09498177899513394,False,False,8132
G3_73102_3e-05,24,0,8028,36,0.16773605346679688,0.5105265378952026,False,{},{},0.09295766800642014,False,False,8132
G3_73102_3e-05,25,0,350,14,1.2653563022613525,4.94434928894043,True,{},{},0.09475466501316987,False,False,8132
G3_73102_3e-05,26,0,341,5,0.9499926567077637,1.1479697227478027,True,{},{},0.09402358200168237,False,False,8132
G3_73102_3e-05,27,0,15728,57,0.4517340362071991,0.11931364983320236,False,{},{},0.09861062798881903,False,False,8132
G3_73102_3e-05,28,0,15713,42,0.06921999901533127,0.04645061120390892,False,{},{},0.0951719349832274,False,False,8132
G3_73102_3e-05,29,0,340,4,0.9800949692726135,1.796150803565979,True,{},{},0.0934879069973249,False,False,8132
G3_73102_3e-05,30,0,355,19,0.7278938293457031,1.4257404804229736,True,{},{},0.09558494601515122,False,False,8132
G3_73102_3e-05,31,0,345,9,0.9623678922653198,0.8780475854873657,False,{},{},0.09600224799942225,False,False,8132
G3_73102_3e-05,32,0,15723,52,0.3305763304233551,0.0981498435139656,False,{},{},0.09761377799441107,False,False,8132
G3_73102_3e-05,33,0,356,20,0.7052883505821228,1.5132359266281128,True,{},{},0.09677456098143011,False,False,8132
G3_73102_3e-05,34,0,15731,60,0.5809082984924316,0.143339604139328,False,{},{},0.0950395209947601,False,False,8132
G3_73102_3e-05,35,0,359,23,0.8227106928825378,2.605433225631714,True,{},{},0.09388680398114957,False,False,8132
G3_73102_3e-05,36,0,348,12,1.0195852518081665,1.8350781202316284,True,{},{},0.10105395800201222,False,False,8132
G3_73102_3e-05,37,0,8018,26,0.2668556571006775,0.2601005434989929,False,{},{},0.09587456900044344,False,False,8132
G3_73102_3e-05,38,0,8031,39,0.18015415966510773,0.22094738483428955,False,{},{},0.09554685599869117,False,False,8132
G3_73102_3e-05,39,0,357,21,0.6836847066879272,1.2391455173492432,True,{},{},0.09499616498942487,False,False,8132
G3_73102_3e-05,40,0,15712,41,0.04262927174568176,0.04812534898519516,False,{},{},0.09394606598652899,False,False,8132
G3_73102_3e-05,41,0,15725,54,0.3808239698410034,0.10444007813930511,False,{},{},0.10314781498163939,False,False,8132
G3_73102_3e-05,42,0,15732,61,0.6198639869689941,0.16086673736572266,False,{},{},0.09682829299708828,False,False,8132
G3_73102_3e-05,43,0,344,8,0.9528540968894958,1.0416046380996704,True,{},{},0.09363533699070103,False,False,8132
G3_73102_3e-05,44,0,8019,27,0.2637980580329895,0.21587489545345306,False,{},{},0.09817105598631315,False,False,8132
G3_73102_3e-05,45,0,354,18,0.7160394191741943,1.2119941711425781,True,{},{},0.0966971899906639,False,False,8132
G3_73102_3e-05,46,0,338,2,1.3300302028656006,5.492894649505615,True,{},{},0.10056559898657724,False,False,8132
G3_73102_3e-05,47,0,8022,30,0.2767758369445801,0.21969331800937653,False,{},{},0.0967616599809844,False,False,8132
G3_73102_3e-05,48,0,15718,47,0.20173220336437225,0.08065491914749146,False,{},{},0.09613500701379962,False,False,8132
G3_73102_3e-05,49,0,352,16,0.6967604160308838,1.2475783824920654,True,{},{},0.09665427400614135,False,False,8132
G3_73102_3e-05,50,0,353,17,0.7107806205749512,2.290188789367676,True,{},{},0.0966875139856711,False,False,8132
G3_73102_3e-05,51,0,15715,44,0.12510791420936584,0.0503891184926033,False,{},{},0.09683627699268982,False,False,8132
G3_73102_3e-05,52,0,8026,34,0.25589728355407715,0.21391604840755463,False,{},{},0.0999752530187834,False,False,8132
G3_73102_3e-05,53,0,337,1,1.3684074878692627,6.966284275054932,True,{},{},0.09933262300910428,False,False,8132
G3_73102_3e-05,54,0,8025,33,0.2719663977622986,0.17748837172985077,False,{},{},0.0935308450134471,False,False,8132
G3_73102_3e-05,55,0,8029,37,0.19646410644054413,0.8239483833312988,False,{},{},0.10244498800602742,False,False,8131
G3_73102_3e-05,56,0,358,22,0.6683172583580017,1.3703911304473877,True,{},{},0.0968569990072865,False,False,8131
G3_73102_3e-05,57,0,8016,24,0.2745152711868286,0.3227759003639221,False,{},{},0.0958506700117141,False,False,8131
G3_73102_3e-05,58,0,15727,56,0.4189208745956421,0.13268165290355682,False,{},{},0.09464745898731053,False,False,8131
G3_73102_3e-05,59,0,346,10,0.9326401948928833,0.963241457939148,False,{},{},0.09565433199168183,False,False,8131
G3_73102_3e-05,60,0,15714,43,0.09350498765707016,0.056944362819194794,False,{},{},0.10366639299900271,False,False,8131
G3_73102_3e-05,61,0,8024,32,0.2652304172515869,0.17434702813625336,False,{},{},0.09285490398178808,False,False,8131
G3_73102_3e-05,62,0,15711,40,0.04370194673538208,0.057458363473415375,False,{},{},0.09530237500439398,False,False,8131
G3_73102_3e-05,63,0,15729,58,0.48587262630462646,0.12297236919403076,False,{},{},0.0961387240095064,False,False,8131
G3_73102_3e-05,64,0,8021,29,0.2754085659980774,0.2377735823392868,False,{},{},0.09932415001094341,False,False,8131
G3_73102_3e-05,65,1,350,14,1.2036750316619873,7.595981121063232,True,{},{},0.09687931297230534,False,False,8131
G3_73102_3e-05,66,1,15730,59,0.5184155702590942,0.13989338278770447,False,{},{},0.0952011370100081,False,False,8131
G3_73102_3e-05,67,1,355,19,0.626829981803894,1.043105959892273,True,{},{},0.09517488602432422,False,False,8131
G3_73102_3e-05,68,1,8031,39,0.17473486065864563,0.22848401963710785,False,{},{},0.09701733200927265,False,False,8131
G3_73102_3e-05,69,1,15719,48,0.22972163558006287,0.09034541994333267,False,{},{},0.10603327699936926,False,False,8131
G3_73102_3e-05,70,1,8016,24,0.27020353078842163,0.3247654438018799,False,{},{},0.09725480200722814,False,False,8131
G3_73102_3e-05,71,1,336,0,0.9461869597434998,1.6856648921966553,True,{},{},0.09515872498741373,False,False,8131
G3_73102_3e-05,72,1,354,18,0.6446725130081177,0.8919952511787415,False,{},{},0.09803620202001184,False,False,8131
G3_73102_3e-05,73,1,8017,25,0.27048084139823914,0.3311331570148468,False,{},{},0.10055430501233786,False,False,8131
G3_73102_3e-05,74,1,15711,40,0.04389015585184097,0.061350516974925995,False,{},{},0.09692586600431241,False,False,8131
G3_73102_3e-05,75,1,8019,27,0.2583858072757721,0.22552567720413208,False,{},{},0.09524790800060146,False,False,8131
G3_73102_3e-05,76,1,15717,46,0.17752087116241455,0.07007305324077606,False,{},{},0.09784691900131293,False,False,8131
G3_73102_3e-05,77,1,344,8,0.8912815451622009,0.8674193620681763,False,{},{},0.09944804100086913,False,False,8131
G3_73102_3e-05,78,1,15715,44,0.12444356083869934,0.05442405492067337,False,{},{},0.10105679300613701,False,False,8131
G3_73102_3e-05,79,1,349,13,1.192124843597412,7.381689548492432,True,{},{},0.09445240700733848,False,False,8131
G3_73102_3e-05,80,1,15729,58,0.48361900448799133,0.1300038844347,False,{},{},0.0958120730065275,False,False,8131
G3_73102_3e-05,81,1,347,11,0.8872079253196716,0.833562970161438,False,{},{},0.09568911298993044,False,False,8131
G3_73102_3e-05,82,1,337,1,1.1852422952651978,7.197874069213867,True,{},{},0.09694195099291392,False,False,8131
G3_73102_3e-05,83,1,341,5,0.8763785362243652,2.272818088531494,True,{},{},0.09995297499699518,False,False,8131
G3_73102_3e-05,84,1,8028,36,0.149390310049057,0.4201386272907257,False,{},{},0.0959962040069513,False,False,8131
G3_73102_3e-05,85,1,343,7,1.0207109451293945,2.9850058555603027,True,{},{},0.0957630530174356,False,False,8131
G3_73102_3e-05,86,1,15726,55,0.39376989006996155,0.13534900546073914,False,{},{},0.09363793800002895,False,False,8131
G3_73102_3e-05,87,1,353,17,0.5998172760009766,0.9854740500450134,False,{},{},0.10092139997868799,False,False,8131
G3_73102_3e-05,88,1,359,23,0.6315792798995972,1.5399205684661865,True,{},{},0.09615942800883204,False,False,8131
G3_73102_3e-05,89,1,15712,41,0.04360496997833252,0.06336899846792221,False,{},{},0.09789892699336633,False,False,8131
G3_73102_3e-05,90,1,15733,62,0.6441162824630737,0.19710080325603485,False,{},{},0.09301005801535212,False,False,8131
G3_73102_3e-05,91,1,15732,61,0.6126463413238525,0.17952333390712738,False,{},{},0.0970359560160432,False,False,8131
G3_73102_3e-05,92,1,358,22,0.6066274642944336,1.3836336135864258,True,{},{},0.10006267001153901,False,False,8131
G3_73102_3e-05,93,1,15728,57,0.44447773694992065,0.1410936713218689,False,{},{},0.09396144197671674,False,False,8131
G3_73102_3e-05,94,1,342,6,0.8820826411247253,1.6574287414550781,True,{},{},0.09745609702076763,False,False,8131
G3_73102_3e-05,95,1,8022,30,0.2713870406150818,0.25732919573783875,False,{},{},0.09729811298893765,False,False,8131
G3_73102_3e-05,96,1,15722,51,0.3004617691040039,0.1139935776591301,False,{},{},0.09825648300466128,False,False,8131
G3_73102_3e-05,97,1,15718,47,0.19904683530330658,0.09596271067857742,False,{},{},0.0996449799858965,False,False,8132
G3_73102_3e-05,98,1,356,20,0.5492407083511353,0.9487908482551575,False,{},{},0.09552027800236829,False,False,8132
G3_73102_3e-05,99,1,15720,49,0.25245749950408936,0.10665921121835709,False,{},{},0.09533824899699539,False,False,8132
G3_73102_3e-05,100,1,15725,54,0.373941570520401,0.1300235539674759,False,{},{},0.10011251899413764,False,False,8132
G3_73102_3e-05,101,1,8018,26,0.25164952874183655,0.2663971483707428,False,{},{},0.09429249900858849,False,False,8132
G3_73102_3e-05,102,1,338,2,1.0604808330535889,6.010334014892578,True,{},{},0.098852930997964,False,False,8132
G3_73102_3e-05,103,1,8024,32,0.2602980434894562,0.19791343808174133,False,{},{},0.09711485099978745,False,False,8132
G3_73102_3e-05,104,1,8020,28,0.2672431468963623,0.2934715151786804,False,{},{},0.0966201440023724,False,False,8132
G3_73102_3e-05,105,1,8021,29,0.27023622393608093,0.2608570158481598,False,{},{},0.09802618800313212,False,False,8132
G3_73102_3e-05,106,1,8029,37,0.17284920811653137,0.7032720446586609,False,{},{},0.09610736902686767,False,False,8132
G3_73102_3e-05,107,1,357,21,0.5509113073348999,0.8903542757034302,False,{},{},0.09389049699530005,False,False,8132
G3_73102_3e-05,108,1,8026,34,0.24409589171409607,0.24047797918319702,False,{},{},0.09802160700201057,False,False,8132
G3_73102_3e-05,109,1,8025,33,0.2621288299560547,0.20263512432575226,False,{},{},0.09563587699085474,False,False,8132
G3_73102_3e-05,110,1,339,3,0.8083945512771606,1.4827396869659424,True,{},{},0.09542616401449777,False,False,8132
G3_73102_3e-05,111,1,340,4,0.8113903403282166,1.3876162767410278,True,{},{},0.09842005398240872,False,False,8132
G3_73102_3e-05,112,1,8027,35,0.24043434858322144,0.27183520793914795,False,{},{},0.09278627898311242,False,False,8132
G3_73102_3e-05,113,1,15716,45,0.1449851095676422,0.06674447655677795,False,{},{},0.09401463100221008,False,False,8132
G3_73102_3e-05,114,1,15731,60,0.5678430795669556,0.18378575146198273,False,{},{},0.09775337198516354,False,False,8132
G3_73102_3e-05,115,1,15734,63,0.6717711687088013,0.23394441604614258,False,{},{},0.09112406100030057,False,False,8132
G3_73102_3e-05,116,1,15727,56,0.4118535816669464,0.1350536048412323,False,{},{},0.09828899498097599,False,False,8132
G3_73102_3e-05,117,1,15721,50,0.27426841855049133,0.10894284397363663,False,{},{},0.09610512299695984,False,False,8132
G3_73102_3e-05,118,1,15713,42,0.07039688527584076,0.07315390557050705,False,{},{},0.09429705099319108,False,False,8132
G3_73102_3e-05,119,1,15724,53,0.34573808312416077,0.12725979089736938,False,{},{},0.09942115799640305,False,False,8132
G3_73102_3e-05,120,1,352,16,0.5803852081298828,0.9804075360298157,False,{},{},0.09225327300373465,False,False,8132
G3_73102_3e-05,121,1,8023,31,0.2593901753425598,0.25398847460746765,False,{},{},0.10023654700489715,False,False,8132
G3_73102_3e-05,122,1,8030,38,0.15628257393836975,0.30624184012413025,False,{},{},0.09737189099541865,False,False,8132
G3_73102_3e-05,123,1,348,12,0.8819839358329773,1.0198122262954712,True,{},{},0.09728371299570426,False,False,8132
G3_73102_3e-05,124,1,351,15,0.6228678226470947,1.5617345571517944,True,{},{},0.09584236299269833,False,False,8132
G3_73102_3e-05,125,1,15723,52,0.32105761766433716,0.1277429461479187,False,{},{},0.102782328001922,False,False,8132
G3_73102_3e-05,126,1,346,10,0.8527628183364868,1.083565592765808,True,{},{},0.09734981402289122,False,False,8132
G3_73102_3e-05,127,1,15714,43,0.09389565140008926,0.07962511479854584,False,{},{},0.09839006900438108,False,False,8132
G3_73102_3e-05,128,1,345,9,0.8303842544555664,0.9455004930496216,False,{},{},0.09699176700087264,False,False,8132
G3_73102_3e-05,129,2,8016,24,0.2524401843547821,0.34797877073287964,False,{},{},0.09487379499478266,False,False,8132
G3_73102_3e-05,130,2,8023,31,0.25652486085891724,0.25757235288619995,False,{},{},0.1027248649916146,False,False,8132
G3_73102_3e-05,131,2,8025,33,0.25642725825309753,0.2179960459470749,False,{},{},0.09674245599308051,False,False,8132
G3_73102_3e-05,132,2,343,7,0.8914881944656372,2.780280828475952,True,{},{},0.09955835700384341,False,False,8132
G3_73102_3e-05,133,2,15711,40,0.04564356431365013,0.08736426383256912,False,{},{},0.09535247497842647,False,False,8132
G3_73102_3e-05,134,2,359,23,0.5316482782363892,0.871799111366272,False,{},{},0.09805227498873137,False,False,8132
G3_73102_3e-05,135,2,15728,57,0.43780404329299927,0.15322473645210266,False,{},{},0.09783776898984797,False,False,8132
G3_73102_3e-05,136,2,351,15,0.5746335983276367,1.3365554809570312,True,{},{},0.09473489699303173,False,False,8132
G3_73102_3e-05,137,2,15715,44,0.12337709963321686,0.08171527087688446,False,{},{},0.09553697297815233,False,False,8132
G3_73102_3e-05,138,2,8021,29,0.2609301209449768,0.28484678268432617,False,{},{},0.10142068198183551,False,False,8132
G3_73102_3e-05,139,2,15725,54,0.3673746585845947,0.13858363032341003,False,{},{},0.09911291001481004,False,False,8132
G3_73102_3e-05,140,2,341,5,0.7899782657623291,1.5883915424346924,True,{},{},0.09673068800475448,False,False,8132
G3_73102_3e-05,141,2,347,11,0.803774356842041,0.8097854852676392,False,{},{},0.09827030199812725,False,False,8132
G3_73102_3e-05,142,2,15734,63,0.6642162799835205,0.2430613934993744,False,{},{},0.09474192099878564,False,False,8132
G3_73102_3e-05,143,2,356,20,0.47630631923675537,0.6820736527442932,False,{},{},0.09641166499932297,False,False,8132
G3_73102_3e-05,144,2,15729,58,0.4725199341773987,0.15936139225959778,False,{},{},0.10145303898025304,False,False,8132
G3_73102_3e-05,145,2,357,21,0.4998246133327484,1.00505793094635,True,{},{},0.09671199499280192,False,False,8132
G3_73102_3e-05,146,2,15731,60,0.5612380504608154,0.18950186669826508,False,{},{},0.09981688199331984,False,False,8132
G3_73102_3e-05,147,2,339,3,0.7347717881202698,0.9089726805686951,False,{},{},0.0967614550027065,False,False,8132
G3_73102_3e-05,148,2,15726,55,0.3846721351146698,0.1394941657781601,False,{},{},0.09510468499502167,False,False,8132
G3_73102_3e-05,149,2,8026,34,0.232785165309906,0.25596800446510315,False,{},{},0.0976160719874315,False,False,8132
G3_73102_3e-05,150,2,15712,41,0.04589301347732544,0.09924794733524323,False,{},{},0.09599947699462064,False,False,8132
G3_73102_3e-05,151,2,355,19,0.5007103085517883,1.091660499572754,True,{},{},0.0968268949945923,False,False,8132
G3_73102_3e-05,152,2,8017,25,0.24645644426345825,0.35095226764678955,False,{},{},0.09791300698998384,False,False,8132
G3_73102_3e-05,153,2,15720,49,0.2445283830165863,0.12170270830392838,False,{},{},0.10175711099873297,False,False,8132
G3_73102_3e-05,154,2,354,18,0.5181459188461304,1.0678812265396118,True,{},{},0.09691839900915511,False,False,8132
G3_73102_3e-05,155,2,8028,36,0.14074265956878662,0.6304901838302612,False,{},{},0.0981029559916351,False,False,8132
G3_73102_3e-05,156,2,8022,30,0.25325027108192444,0.2649090886116028,False,{},{},0.09335164199001156,False,False,8132
G3_73102_3e-05,157,2,348,12,0.7965630888938904,1.1933026313781738,True,{},{},0.09677322799689136,False,False,8132
G3_73102_3e-05,158,2,15724,53,0.33823370933532715,0.14441649615764618,False,{},{},0.098397007008316,False,False,8132
G3_73102_3e-05,159,2,8024,32,0.24805378913879395,0.25285476446151733,False,{},{},0.09658807999221608,False,False,8132
G3_73102_3e-05,160,2,340,4,0.7211501002311707,1.0241656303405762,True,{},{},0.09393095801351592,False,False,8132
G3_73102_3e-05,161,2,344,8,0.7790537476539612,1.0858007669448853,True,{},{},0.09491395700024441,False,False,8132
G3_73102_3e-05,162,2,8018,26,0.24084250628948212,0.32004913687705994,False,{},{},0.0956473330152221,False,False,8132
G3_73102_3e-05,163,2,349,13,0.6813924312591553,5.046101093292236,True,{},{},0.09747167100431398,False,False,8132
G3_73102_3e-05,164,2,353,17,0.4848250448703766,1.2690316438674927,True,{},{},0.09972113202093169,False,False,8132
G3_73102_3e-05,165,2,8020,28,0.25106799602508545,0.32942479848861694,False,{},{},0.10008513298816979,False,False,8132
G3_73102_3e-05,166,2,346,10,0.7732502222061157,0.89993816614151,False,{},{},0.09457597197615542,False,False,8132
G3_73102_3e-05,167,2,15730,59,0.5008888244628906,0.18227669596672058,False,{},{},0.09516516199801117,False,False,8132
G3_73102_3e-05,168,2,15714,43,0.09485980868339539,0.09882281720638275,False,{},{},0.10034109599655494,False,False,8132
G3_73102_3e-05,169,2,338,2,0.862148642539978,5.699790954589844,True,{},{},0.09856592200230807,False,False,8132
G3_73102_3e-05,170,2,15716,45,0.142496258020401,0.08269596844911575,False,{},{},0.09738212401862256,False,False,8132
G3_73102_3e-05,171,2,15723,52,0.31352096796035767,0.14029014110565186,False,{},{},0.09648311897763051,False,False,8132
G3_73102_3e-05,172,2,342,6,0.7693744897842407,1.7621409893035889,True,{},{},0.10078049698495306,False,False,8132
G3_73102_3e-05,173,2,15719,48,0.22053402662277222,0.12195508182048798,False,{},{},0.10081472899764776,False,False,8132
G3_73102_3e-05,174,2,8030,38,0.1469344049692154,0.39169251918792725,False,{},{},0.09492516098544002,False,False,8132
G3_73102_3e-05,175,2,358,22,0.49041301012039185,0.8271214365959167,False,{},{},0.09423535200767219,False,False,8132
G3_73102_3e-05,176,2,8031,39,0.1579214334487915,0.3913387358188629,False,{},{},0.0972928520059213,False,False,8132
G3_73102_3e-05,177,2,336,0,0.7221547365188599,2.1396565437316895,True,{},{},0.0985533939965535,False,False,8132
G3_73102_3e-05,178,2,15732,61,0.5925767421722412,0.22259658575057983,False,{},{},0.10093464099918492,False,False,8132
G3_73102_3e-05,179,2,8019,27,0.23788966238498688,0.31600794196128845,False,{},{},0.09473808901384473,False,False,8132
G3_73102_3e-05,180,2,345,9,0.7465658783912659,0.9455000162124634,False,{},{},0.09368030301993713,False,False,8132
G3_73102_3e-05,181,2,350,14,0.5382423400878906,1.6140320301055908,True,{},{},0.09579421899979934,False,False,8132
G3_73102_3e-05,182,2,352,16,0.4821631610393524,0.8738514184951782,False,{},{},0.10180062198196538,False,False,8132
G3_73102_3e-05,183,2,15721,50,0.2650381922721863,0.13956858217716217,False,{},{},0.0974930829834193,False,False,8132
G3_73102_3e-05,184,2,15727,56,0.4036698639392853,0.15266938507556915,False,{},{},0.0951621140120551,False,False,8132
G3_73102_3e-05,185,2,15717,46,0.17038792371749878,0.09796277433633804,False,{},{},0.09311891399556771,False,False,8132
G3_73102_3e-05,186,2,15718,47,0.19246451556682587,0.11249689012765884,False,{},{},0.09846821599057876,False,False,8132
G3_73102_3e-05,187,2,337,1,0.8560095429420471,6.220328330993652,True,{},{},0.10027654501027428,False,False,8132
G3_73102_3e-05,188,2,15713,42,0.07273410260677338,0.11660715937614441,False,{},{},0.09493286002543755,False,False,8132
G3_73102_3e-05,189,2,8027,35,0.22687797248363495,0.3778246343135834,False,{},{},0.09751515899552032,False,False,8132
G3_73102_3e-05,190,2,15722,51,0.2874167859554291,0.1432151347398758,False,{},{},0.09600285900523886,False,False,8132
G3_73102_3e-05,191,2,15733,62,0.6215183734893799,0.23743268847465515,False,{},{},0.09933363000163808,False,False,8131
G3_73102_3e-05,192,2,8029,37,0.14259931445121765,0.9034639000892639,False,{},{},0.09841284400317818,False,False,8131
G3_73102_3e-05,193,3,15729,58,0.46418219804763794,0.18329009413719177,False,{},{},0.09441131001221947,False,False,8131
G3_73102_3e-05,194,3,340,4,0.6885271072387695,1.2133126258850098,True,{},{},0.096975588996429,False,False,8131
G3_73102_3e-05,195,3,8023,31,0.24164791405200958,0.2887504994869232,False,{},{},0.09644629299873486,False,False,8131
G3_73102_3e-05,196,3,339,3,0.6801838874816895,1.0729466676712036,True,{},{},0.09772922200500034,False,False,8131
G3_73102_3e-05,197,3,15721,50,0.2630302906036377,0.14048762619495392,False,{},{},0.09850218700012192,False,False,8131
G3_73102_3e-05,198,3,15723,52,0.3102657198905945,0.14580748975276947,False,{},{},0.09509357900242321,False,False,8131
G3_73102_3e-05,199,3,15731,60,0.5526961088180542,0.2100399285554886,False,{},{},0.09666628402192146,False,False,8131
G3_73102_3e-05,200,3,8022,30,0.24365924298763275,0.29948291182518005,False,{},{},0.10611017898190767,False,False,8130
G3_73102_3e-05,201,3,15733,62,0.6188236474990845,0.24715924263000488,False,{},{},0.09461748800822534,False,False,8130
G3_73102_3e-05,202,3,15725,54,0.3583984076976776,0.15397483110427856,False,{},{},0.09595935701509006,False,False,8130
G3_73102_3e-05,203,3,8021,29,0.24333108961582184,0.349310964345932,False,{},{},0.09537413198268041,False,False,8130
G3_73102_3e-05,204,3,346,10,0.7300658822059631,1.305005431175232,True,{},{},0.09577591199195012,False,False,8130
G3_73102_3e-05,205,3,338,2,0.7391664385795593,1.4894825220108032,True,{},{},0.10640051899827085,False,False,8131
G3_73102_3e-05,206,3,15717,46,0.16893739998340607,0.10416144132614136,False,{},{},0.09306243099854328,False,False,8131
G3_73102_3e-05,207,3,8024,32,0.2379552572965622,0.28964826464653015,False,{},{},0.09544617298524827,False,False,8131
G3_73102_3e-05,208,3,358,22,0.4642699062824249,1.0421580076217651,True,{},{},0.0978910269914195,False,False,8131
G3_73102_3e-05,209,3,15713,42,0.07328382879495621,0.13065952062606812,False,{},{},0.09647317198687233,False,False,8131
G3_73102_3e-05,210,3,15734,63,0.6484216451644897,0.2816626727581024,False,{},{},0.10322865698253736,False,False,8131
G3_73102_3e-05,211,3,8026,34,0.2192363739013672,0.3214802145957947,False,{},{},0.0953449500084389,False,False,8131
G3_73102_3e-05,212,3,337,1,0.7380204796791077,1.881481409072876,True,{},{},0.09322137100389227,False,False,8131
G3_73102_3e-05,213,3,351,15,0.4868261516094208,2.4658257961273193,True,{},{},0.09810674699838273,False,False,8131
G3_73102_3e-05,214,3,336,0,0.6902400255203247,2.023402452468872,True,{},{},0.10013688099570572,False,False,8131
G3_73102_3e-05,215,3,348,12,0.7211705446243286,0.9742100834846497,False,{},{},0.09648444401682355,False,False,8131
G3_73102_3e-05,216,3,15727,56,0.3988848328590393,0.16825924813747406,False,{},{},0.09860338401631452,False,False,8131
G3_73102_3e-05,217,3,8017,25,0.22632959485054016,0.365480899810791,False,{},{},0.09762831300031394,False,False,8131
G3_73102_3e-05,218,3,343,7,0.7474819421768188,2.2842845916748047,True,{},{},0.09547401199233718,False,False,8131
G3_73102_3e-05,219,3,359,23,0.45902687311172485,1.0688579082489014,True,{},{},0.10304782600724138,False,False,8131
G3_73102_3e-05,220,3,349,13,0.4988138675689697,1.3449069261550903,True,{},{},0.0936888300057035,False,False,8131
G3_73102_3e-05,221,3,8027,35,0.2197381854057312,0.41734492778778076,False,{},{},0.09541771598742343,False,False,8131
G3_73102_3e-05,222,3,341,5,0.6898243427276611,1.9021031856536865,True,{},{},0.0941770029894542,False,False,8131
G3_73102_3e-05,223,3,344,8,0.7251138687133789,1.4688464403152466,True,{},{},0.09747825399972498,False,False,8131
G3_73102_3e-05,224,3,8030,38,0.1369771957397461,0.405351459980011,False,{},{},0.10243667202303186,False,False,8131
G3_73102_3e-05,225,3,8020,28,0.23395821452140808,0.36303985118865967,False,{},{},0.0943151579995174,False,False,8131
G3_73102_3e-05,226,3,15722,51,0.2833784222602844,0.15641571581363678,False,{},{},0.09459345100913197,False,False,8131
G3_73102_3e-05,227,3,8019,27,0.2259107083082199,0.3781089186668396,False,{},{},0.0998338170174975,False,False,8131
G3_73102_3e-05,228,3,357,21,0.4341336190700531,1.255463719367981,True,{},{},0.09970358599093743,False,False,8131
G3_73102_3e-05,229,3,15714,43,0.09546875953674316,0.13410881161689758,False,{},{},0.101806847989792,False,False,8131
G3_73102_3e-05,230,3,347,11,0.7089051008224487,0.8731929659843445,False,{},{},0.09765718298149295,False,False,8131
G3_73102_3e-05,231,3,8031,39,0.14288140833377838,0.4131031036376953,False,{},{},0.09553669099113904,False,False,8131
G3_73102_3e-05,232,3,352,16,0.452007532119751,0.99040287733078,False,{},{},0.09885554100037552,False,False,8131
G3_73102_3e-05,233,3,15730,59,0.49102675914764404,0.2192596197128296,False,{},{},0.10025659401435405,False,False,8132
G3_73102_3e-05,234,3,15712,41,0.04925992712378502,0.1553351730108261,False,{},{},0.0993666040012613,False,False,8132
G3_73102_3e-05,235,3,15711,40,0.04888288304209709,0.15747196972370148,False,{},{},0.09849270901759155,False,False,8132
G3_73102_3e-05,236,3,15728,57,0.4265424311161041,0.17678625881671906,False,{},{},0.09604559099534526,False,False,8132
G3_73102_3e-05,237,3,8029,37,0.12027662992477417,0.5500099658966064,False,{},{},0.0990211280004587,False,False,8132
G3_73102_3e-05,238,3,15732,61,0.5813413858413696,0.25450754165649414,False,{},{},0.10199345499859191,False,False,8132
G3_73102_3e-05,239,3,15726,55,0.3750230371952057,0.20143237709999084,False,{},{},0.09855190000962466,False,False,8132
G3_73102_3e-05,240,3,353,17,0.43537309765815735,1.3463975191116333,True,{},{},0.10169832600513473,False,False,8132
G3_73102_3e-05,241,3,345,9,0.695332944393158,1.026194453239441,True,{},{},0.09849423100240529,False,False,8132
G3_73102_3e-05,242,3,350,14,0.4711841940879822,1.22128427028656,True,{},{},0.09557308099465445,False,False,8132
G3_73102_3e-05,243,3,15724,53,0.3268592953681946,0.17893590033054352,False,{},{},0.10098959400784224,False,False,8132
G3_73102_3e-05,244,3,355,19,0.4254038333892822,1.6132460832595825,True,{},{},0.09670028398977593,False,False,8132
G3_73102_3e-05,245,3,8018,26,0.21628844738006592,0.3807697892189026,False,{},{},0.09625770398997702,False,False,8132
G3_73102_3e-05,246,3,8016,24,0.21717607975006104,0.4247438907623291,False,{},{},0.10170229698996991,False,False,8132
G3_73102_3e-05,247,3,15719,48,0.21622419357299805,0.1713770478963852,False,{},{},0.09788492298685014,False,False,8132
G3_73102_3e-05,248,3,15720,49,0.23589429259300232,0.1585783064365387,False,{},{},0.09978863698779605,False,False,8132
G3_73102_3e-05,249,3,342,6,0.6825085282325745,1.6885870695114136,True,{},{},0.09636806399794295,False,False,8132
G3_73102_3e-05,250,3,15718,47,0.18968963623046875,0.15164795517921448,False,{},{},0.09726305899675936,False,False,8132
G3_73102_3e-05,251,3,356,20,0.40955284237861633,1.3938837051391602,True,{},{},0.09960055100964382,False,False,8132
G3_73102_3e-05,252,3,15716,45,0.14086700975894928,0.1139150932431221,False,{},{},0.09965967701282352,False,False,8132
G3_73102_3e-05,253,3,354,18,0.4386228621006012,2.1972224712371826,True,{},{},0.09469707799144089,False,False,8132
G3_73102_3e-05,254,3,15715,44,0.12235048413276672,0.16333173215389252,False,{},{},0.09591732799890451,False,False,8132
G3_73102_3e-05,255,3,8025,33,0.22628168761730194,0.3115612864494324,False,{},{},0.09935796799254604,False,False,8132
G3_73102_3e-05,256,3,8028,36,0.13194432854652405,0.9477051496505737,False,{},{},0.09517762801260687,False,False,8132
G3_73102_3e-05,257,4,8030,38,0.12368711829185486,0.46058744192123413,False,{},{},0.09843275300227106,False,False,8132
G3_73102_3e-05,258,4,347,11,0.6834186315536499,0.8976926207542419,False,{},{},0.09541791601805016,False,False,8132
G3_73102_3e-05,259,4,348,12,0.6787688136100769,0.76479172706604,False,{},{},0.10024401999544352,False,False,8132
G3_73102_3e-05,260,4,15734,63,0.6408658027648926,0.32548490166664124,False,{},{},0.09617262298706919,False,False,8132
G3_73102_3e-05,261,4,337,1,0.7215460538864136,2.0933005809783936,True,{},{},0.09645613099564798,False,False,8132
G3_73102_3e-05,262,4,8029,37,0.11002573370933533,0.9096865653991699,False,{},{},0.09500474299420603,False,False,8132
G3_73102_3e-05,263,4,342,6,0.6609083414077759,1.1846951246261597,True,{},{},0.09911928098881617,False,False,8132
G3_73102_3e-05,264,4,15714,43,0.0945008248090744,0.1446858048439026,False,{},{},0.09701966698048636,False,False,8132
G3_73102_3e-05,265,4,349,13,0.44354507327079773,1.0176128149032593,True,{},{},0.09699977800482884,False,False,8132
G3_73102_3e-05,266,4,8016,24,0.20935063064098358,0.4107533097267151,False,{},{},0.1002449810039252,False,False,8132
G3_73102_3e-05,267,4,15731,60,0.5426748991012573,0.2677347660064697,False,{},{},0.09629257099004462,False,False,8132
G3_73102_3e-05,268,4,15727,56,0.392469584941864,0.21516087651252747,False,{},{},0.09954264500993304,False,False,8132
G3_73102_3e-05,269,4,8020,28,0.2190806269645691,0.3840465545654297,False,{},{},0.0970520629780367,False,False,8132
G3_73102_3e-05,270,4,15717,46,0.16547337174415588,0.12353850901126862,False,{},{},0.09650171900284477,False,False,8132
G3_73102_3e-05,271,4,15716,45,0.13976091146469116,0.11742997169494629,False,{},{},0.10276091902051121,False,False,8132
G3_73102_3e-05,272,4,338,2,0.6888536810874939,1.8638060092926025,True,{},{},0.09783451099065132,False,False,8132
G3_73102_3e-05,273,4,357,21,0.40247416496276855,0.7954647541046143,False,{},{},0.0984082360228058,False,False,8132
G3_73102_3e-05,274,4,15719,48,0.21376115083694458,0.19943150877952576,False,{},{},0.0954527190187946,False,False,8132
G3_73102_3e-05,275,4,344,8,0.6575433015823364,1.0815637111663818,True,{},{},0.0966536530177109,False,False,8132
G3_73102_3e-05,276,4,15715,44,0.12119831144809723,0.18619579076766968,False,{},{},0.0996138539921958,False,False,8132
G3_73102_3e-05,277,4,15733,62,0.6044303774833679,0.30790701508522034,False,{},{},0.1011681699892506,False,False,8132
G3_73102_3e-05,278,4,15728,57,0.42144134640693665,0.21624641120433807,False,{},{},0.0954981209943071,False,False,8132
G3_73102_3e-05,279,4,8017,25,0.205021470785141,0.3601085841655731,False,{},{},0.09853834001114592,False,False,8132
G3_73102_3e-05,280,4,343,7,0.6593680381774902,1.6048901081085205,True,{},{},0.09905288301524706,False,False,8132
G3_73102_3e-05,281,4,15723,52,0.3011974096298218,0.2057781219482422,False,{},{},0.09600133300409652,False,False,8132
G3_73102_3e-05,282,4,345,9,0.6529533863067627,0.9512650966644287,False,{},{},0.09838393499376252,False,False,8132
G3_73102_3e-05,283,4,358,22,0.41377776861190796,1.5703644752502441,True,{},{},0.0928632139984984,False,False,8132
G3_73102_3e-05,284,4,8026,34,0.20568342506885529,0.4800257384777069,False,{},{},0.0939956920046825,False,False,8132
G3_73102_3e-05,285,4,353,17,0.41727253794670105,1.4939616918563843,True,{},{},0.09939026599749923,False,False,8132
G3_73102_3e-05,286,4,15725,54,0.34700390696525574,0.25260651111602783,False,{},{},0.10022571799345315,False,False,8132
G3_73102_3e-05,287,4,15718,47,0.18609388172626495,0.16154275834560394,False,{},{},0.09693960202275775,False,False,8132
G3_73102_3e-05,288,4,341,5,0.618984043598175,1.8929784297943115,True,{},{},0.09554356100852601,False,False,8132
G3_73102_3e-05,289,4,351,15,0.4201694130897522,0.7623827457427979,False,{},{},0.09468368699890561,False,False,8132
G3_73102_3e-05,290,4,336,0,0.6569300293922424,1.4966528415679932,True,{},{},0.10104906497872435,False,False,8132
G3_73102_3e-05,291,4,350,14,0.43055182695388794,1.2526099681854248,True,{},{},0.09786555499886163,False,False,8132
G3_73102_3e-05,292,4,8018,26,0.20220743119716644,0.49998611211776733,False,{},{},0.09559725000872277,False,False,8132
G3_73102_3e-05,293,4,8023,31,0.21877464652061462,0.32992905378341675,False,{},{},0.09722493300796486,False,False,8132
G3_73102_3e-05,294,4,15726,55,0.3645975887775421,0.2831248342990875,False,{},{},0.10140940401470289,False,False,8132
G3_73102_3e-05,295,4,15729,58,0.44658559560775757,0.2791968584060669,False,{},{},0.09877045801840723,False,False,8132
G3_73102_3e-05,296,4,8024,32,0.2181268185377121,0.4216653108596802,False,{},{},0.09525817897520028,False,False,8132
G3_73102_3e-05,297,4,8019,27,0.203202486038208,0.4931257665157318,False,{},{},0.09587351398658939,False,False,8132
G3_73102_3e-05,298,4,340,4,0.6046320199966431,1.0908453464508057,True,{},{},0.10478240399970673,False,False,8132
G3_73102_3e-05,299,4,8031,39,0.12103787809610367,0.4897169768810272,False,{},{},0.09919487201841548,False,False,8132
G3_73102_3e-05,300,4,356,20,0.38292545080184937,0.8012110590934753,False,{},{},0.09932650398695841,False,False,8132
G3_73102_3e-05,301,4,339,3,0.6181303262710571,1.7168809175491333,True,{},{},0.09531791799236089,False,False,8132
G3_73102_3e-05,302,4,352,16,0.4172520041465759,2.111321210861206,True,{},{},0.09844249600428157,False,False,8132
G3_73102_3e-05,303,4,8021,29,0.21226975321769714,0.38309192657470703,False,{},{},0.0998381840181537,False,False,8132
G3_73102_3e-05,304,4,346,10,0.6193747520446777,0.7966670989990234,False,{},{},0.10085132901440375,False,False,8132
G3_73102_3e-05,305,4,15713,42,0.07451746612787247,0.23025935888290405,False,{},{},0.09576233802363276,False,False,8132
G3_73102_3e-05,306,4,8025,33,0.21129421889781952,0.3885467052459717,False,{},{},0.10278963000746444,False,False,8132
G3_73102_3e-05,307,4,15724,53,0.316291868686676,0.2579917013645172,False,{},{},0.09883192999404855,False,False,8132
G3_73102_3e-05,308,4,355,19,0.392517626285553,1.2851016521453857,True,{},{},0.09996942497673444,False,False,8132
G3_73102_3e-05,309,4,8022,30,0.21302944421768188,0.3105360269546509,False,{},{},0.09947870098403655,False,False,8132
G3_73102_3e-05,310,4,8027,35,0.19308915734291077,0.5458319187164307,False,{},{},0.09740015197894536,False,False,8132
G3_73102_3e-05,311,4,15720,49,0.23026083409786224,0.22714228928089142,False,{},{},0.10301039900514297,False,False,8132
G3_73102_3e-05,312,4,15712,41,0.04965784400701523,0.2265806347131729,False,{},{},0.09662580900476314,False,False,8132
G3_73102_3e-05,313,4,359,23,0.408565491437912,1.6489335298538208,True,{},{},0.10426469598314725,False,False,8131
G3_73102_3e-05,314,4,15730,59,0.47840356826782227,0.32691270112991333,False,{},{},0.09809371799929067,False,False,8131
G3_73102_3e-05,315,4,15732,61,0.5671256184577942,0.35965001583099365,False,{},{},0.0951571409823373,False,False,8131
G3_73102_3e-05,316,4,15721,50,0.2517693042755127,0.2883368134498596,False,{},{},0.09777797799324617,False,False,8131
G3_73102_3e-05,317,4,15711,40,0.047580551356077194,0.23767562210559845,False,{},{},0.09937963201082312,False,False,8131
G3_73102_3e-05,318,4,15722,51,0.27549123764038086,0.2893083393573761,False,{},{},0.10276251001050696,False,False,8131
G3_73102_3e-05,319,4,354,18,0.4121021330356598,1.9502177238464355,True,{},{},0.09964234300423414,False,False,8131
G3_73102_3e-05,320,4,8028,36,0.10968032479286194,1.1798704862594604,True,{},{},0.09801210099249147,False,False,8131
G3_73102_3e-05,321,5,342,6,0.5918447375297546,1.251569151878357,True,{},{},0.09964919299818575,False,False,8131
G3_73102_3e-05,322,5,15728,57,0.41044408082962036,0.3174212574958801,False,{},{},0.11143400002038106,False,False,8131
G3_73102_3e-05,323,5,15732,61,0.5634068250656128,0.38281118869781494,False,{},{},0.10050700500141829,False,False,8131
G3_73102_3e-05,324,5,15713,42,0.07266612350940704,0.23939844965934753,False,{},{},0.10269508700002916,False,False,8131
G3_73102_3e-05,325,5,336,0,0.6211467981338501,1.8386867046356201,True,{},{},0.09613411899772473,False,False,8131
G3_73102_3e-05,326,5,8021,29,0.2013901025056839,0.3800961673259735,False,{},{},0.10346132799168117,False,False,8131
G3_73102_3e-05,327,5,348,12,0.6148975491523743,1.1780592203140259,True,{},{},0.09523755399277434,False,False,8131
G3_73102_3e-05,328,5,15723,52,0.2916768193244934,0.28379276394844055,False,{},{},0.10006102500483394,False,False,8131
G3_73102_3e-05,329,5,15712,41,0.04975292831659317,0.25763848423957825,False,{},{},0.09950253198621795,False,False,8131
G3_73102_3e-05,330,5,339,3,0.5699021816253662,1.129521131515503,True,{},{},0.09374488299363293,False,False,8131
G3_73102_3e-05,331,5,8027,35,0.179909348487854,0.5484349727630615,False,{},{},0.10154561200761236,False,False,8131
G3_73102_3e-05,332,5,8023,31,0.20529527962207794,0.341989129781723,False,{},{},0.09674307398381643,False,False,8131
G3_73102_3e-05,333,5,15715,44,0.12092314660549164,0.31271666288375854,False,{},{},0.09468914600438438,False,False,8131
G3_73102_3e-05,334,5,347,11,0.5982062816619873,1.0013279914855957,True,{},{},0.0945957770163659,False,False,8131
G3_73102_3e-05,335,5,15721,50,0.2470984011888504,0.3280111849308014,False,{},{},0.10150364300352521,False,False,8131
G3_73102_3e-05,336,5,357,21,0.3808608055114746,2.0370941162109375,True,{},{},0.09699303499655798,False,False,8131
G3_73102_3e-05,337,5,15724,53,0.3061215281486511,0.30179277062416077,False,{},{},0.09756861600908451,False,False,8131
G3_73102_3e-05,338,5,15716,45,0.1356823891401291,0.16565759479999542,False,{},{},0.09578538799542002,False,False,8131
G3_73102_3e-05,339,5,8030,38,0.08988983929157257,0.6867411136627197,False,{},{},0.09429132100194693,False,False,8131
G3_73102_3e-05,340,5,351,15,0.3950224816799164,1.8819236755371094,True,{},{},0.1002193089807406,False,False,8131
G3_73102_3e-05,341,5,358,22,0.37530577182769775,0.9139687418937683,False,{},{},0.09325286600505933,False,False,8131
G3_73102_3e-05,342,5,8016,24,0.19147905707359314,0.6595180630683899,False,{},{},0.09464638799545355,False,False,8131
G3_73102_3e-05,343,5,15729,58,0.42740529775619507,0.5261494517326355,False,{},{},0.0962520930042956,False,False,8131
G3_73102_3e-05,344,5,8017,25,0.18969330191612244,0.5418487191200256,False,{},{},0.09502564198919572,False,False,8131
G3_73102_3e-05,345,5,8018,26,0.18479537963867188,0.5198068022727966,False,{},{},0.09988673898624256,False,False,8131
G3_73102_3e-05,346,5,8019,27,0.17720259726047516,0.6186268329620361,False,{},{},0.09359405498253182,False,False,8131
G3_73102_3e-05,347,5,8024,32,0.2009311467409134,0.5045921802520752,False,{},{},0.09354538601473905,False,False,8131
G3_73102_3e-05,348,5,15722,51,0.2661646902561188,0.3458841145038605,False,{},{},0.09578442000201903,False,False,8131
G3_73102_3e-05,349,5,15719,48,0.2041107416152954,0.29867953062057495,False,{},{},0.09814779600128531,False,False,8131
G3_73102_3e-05,350,5,343,7,0.5642223954200745,1.3080880641937256,True,{},{},0.09883304801769555,False,False,8131
G3_73102_3e-05,351,5,15714,43,0.09245480597019196,0.26951634883880615,False,{},{},0.0953149709966965,False,False,8131
G3_73102_3e-05,352,5,356,20,0.36979323625564575,1.75740647315979,True,{},{},0.09441236898419447,False,False,8131
G3_73102_3e-05,353,5,354,18,0.3916838467121124,1.8814018964767456,True,{},{},0.09379829600220546,False,False,8131
G3_73102_3e-05,354,5,15718,47,0.18066053092479706,0.2335035353899002,False,{},{},0.09956431301543489,False,False,8131
G3_73102_3e-05,355,5,337,1,0.6068271398544312,3.625767707824707,True,{},{},0.09404975298093632,False,False,8131
G3_73102_3e-05,356,5,359,23,0.36913394927978516,1.3935433626174927,True,{},{},0.0951841109781526,False,False,8131
G3_73102_3e-05,357,5,15717,46,0.15878117084503174,0.19959013164043427,False,{},{},0.09426140700816177,False,False,8131
G3_73102_3e-05,358,5,352,16,0.3704538941383362,1.4664983749389648,True,{},{},0.09574511699611321,False,False,8131
G3_73102_3e-05,359,5,349,13,0.3662649691104889,1.5505399703979492,True,{},{},0.11065420298837125,False,False,8132
G3_73102_3e-05,360,5,15725,54,0.32157981395721436,0.5482490062713623,False,{},{},0.09547413000836968,False,False,8132
G3_73102_3e-05,361,5,8031,39,0.08817820996046066,1.048970341682434,True,{},{},0.09650470700580627,False,False,8132
G3_73102_3e-05,362,5,15731,60,0.5098814368247986,0.654911458492279,False,{},{},0.09662359801586717,False,False,8132
G3_73102_3e-05,363,5,8026,34,0.17621934413909912,0.6481772065162659,False,{},{},0.0965367780008819,False,False,8132
G3_73102_3e-05,364,5,15726,55,0.34015846252441406,0.6332674026489258,False,{},{},0.10070680899661966,False,False,8132
G3_73102_3e-05,365,5,8022,30,0.19658224284648895,0.4321783483028412,False,{},{},0.09544576602638699,False,False,8132
G3_73102_3e-05,366,5,8028,36,0.09691569209098816,1.8215934038162231,True,{},{},0.09562221000669524,False,False,8132
G3_73102_3e-05,367,5,344,8,0.565964937210083,1.6112077236175537,True,{},{},0.10019962399383076,False,False,8132
G3_73102_3e-05,368,5,345,9,0.5678040981292725,1.1786810159683228,True,{},{},0.09640683099860325,False,False,8132
G3_73102_3e-05,369,5,15727,56,0.3456382155418396,0.7936857342720032,False,{},{},0.09744712599785998,False,False,8132
G3_73102_3e-05,370,5,341,5,0.5419806241989136,2.843209743499756,True,{},{},0.10237764901830815,False,False,8132
G3_73102_3e-05,371,5,353,17,0.3516868054866791,1.7156434059143066,True,{},{},0.09899393600062467,False,False,8132
G3_73102_3e-05,372,5,346,10,0.5616446733474731,1.1632509231567383,True,{},{},0.09836207202170044,False,False,8132
G3_73102_3e-05,373,5,350,14,0.3558167815208435,1.3847450017929077,True,{},{},0.09975662699434906,False,False,8132
G3_73102_3e-05,374,5,338,2,0.5542967915534973,2.2066853046417236,True,{},{},0.09604901500279084,False,False,8132
G3_73102_3e-05,375,5,8025,33,0.18006232380867004,0.545183002948761,False,{},{},0.09672329999739304,False,False,8132
G3_73102_3e-05,376,5,8020,28,0.17509117722511292,0.7173388600349426,False,{},{},0.09700549498666078,False,False,8132
G3_73102_3e-05,377,5,8029,37,0.08667615056037903,1.8913923501968384,True,{},{},0.09536446401034482,False,False,8132
G3_73102_3e-05,378,5,15734,63,0.5813761353492737,1.0171884298324585,True,{},{},0.10044370498508215,False,False,8132
G3_73102_3e-05,379,5,355,19,0.3484779894351959,1.7771753072738647,True,{},{},0.09406101598870009,False,False,8132
G3_73102_3e-05,380,5,15730,59,0.42561572790145874,0.9653870463371277,False,{},{},0.09403899899916723,False,False,8132
G3_73102_3e-05,381,5,15720,49,0.21399424970149994,0.3842656910419464,False,{},{},0.09595400199759752,False,False,8132
G3_73102_3e-05,382,5,15733,62,0.5261331796646118,1.1848732233047485,True,{},{},0.09429413598263636,False,False,8132
G3_73102_3e-05,383,5,340,4,0.5166956186294556,1.986668348312378,True,{},{},0.10120746598113328,False,False,8132
G3_73102_3e-05,384,5,15711,40,0.06038067117333412,0.7208629846572876,False,{},{},0.09521111298818141,False,False,8132
G3_73102_3e-05,385,6,8030,38,0.07409605383872986,0.8546943068504333,False,{},{},0.09970207200967707,False,False,8132
G3_73102_3e-05,386,6,354,18,0.37129098176956177,3.1426503658294678,True,{},{},0.09436098800506443,False,False,8132
G3_73102_3e-05,387,6,8019,27,0.15200139582157135,0.876000702381134,False,{},{},0.09825156797887757,False,False,8132
G3_73102_3e-05,388,6,15714,43,0.09455007314682007,0.5237869620323181,False,{},{},0.09718333298224024,False,False,8132
G3_73102_3e-05,389,6,15717,46,0.15232646465301514,0.3330228924751282,False,{},{},0.09483733898377977,False,False,8132
G3_73102_3e-05,390,6,15712,41,0.064276784658432,0.8557262420654297,False,{},{},0.09590695801307447,False,False,8132
G3_73102_3e-05,391,6,355,19,0.3314683735370636,1.894357442855835,True,{},{},0.09563868198893033,False,False,8132
G3_73102_3e-05,392,6,346,10,0.5331317782402039,1.3154187202453613,True,{},{},0.09941747400444001,False,False,8132
G3_73102_3e-05,393,6,15728,57,0.3443859815597534,1.1706956624984741,True,{},{},0.09537069097859785,False,False,8132
G3_73102_3e-05,394,6,15722,51,0.246412456035614,0.6579089760780334,False,{},{},0.10784536399296485,False,False,8132
G3_73102_3e-05,395,6,347,11,0.5406291484832764,1.9322279691696167,True,{},{},0.09731436599395238,False,False,8132
G3_73102_3e-05,396,6,344,8,0.5144959688186646,1.770759105682373,True,{},{},0.1007414830091875,False,False,8132
G3_73102_3e-05,397,6,15720,49,0.20685818791389465,0.49620336294174194,False,{},{},0.09469635999994352,False,False,8132
G3_73102_3e-05,398,6,8028,36,0.0820906013250351,1.107964277267456,True,{},{},0.09620897297281772,False,False,8132
G3_73102_3e-05,399,6,15715,44,0.11814708262681961,0.37443748116493225,False,{},{},0.09793432499282062,False,False,8132
G3_73102_3e-05,400,6,15718,47,0.16889744997024536,0.3463567793369293,False,{},{},0.09301353798946366,False,False,8132
G3_73102_3e-05,401,6,351,15,0.33391982316970825,1.9596498012542725,True,{},{},0.09924154900363646,False,False,8132
G3_73102_3e-05,402,6,15725,54,0.27349260449409485,0.9907026290893555,False,{},{},0.1014561679912731,False,False,8132
G3_73102_3e-05,403,6,338,2,0.5226644277572632,2.263122081756592,True,{},{},0.09875301600550301,False,False,8132
G3_73102_3e-05,404,6,353,17,0.31103336811065674,1.6240789890289307,True,{},{},0.09823619300732389,False,False,8132
G3_73102_3e-05,405,6,8017,25,0.16159474849700928,1.0234711170196533,True,{},{},0.09501323199947365,False,False,8132
G3_73102_3e-05,406,6,359,23,0.3378208875656128,2.2500195503234863,True,{},{},0.09967498399782926,False,False,8132
G3_73102_3e-05,407,6,15724,53,0.2552126348018646,0.7359750866889954,False,{},{},0.0972535649780184,False,False,8132
G3_73102_3e-05,408,6,343,7,0.4879811406135559,2.2960891723632812,True,{},{},0.09646320700994693,False,False,8132
G3_73102_3e-05,409,6,8016,24,0.16028782725334167,0.8402610421180725,False,{},{},0.09276626497739926,False,False,8132
G3_73102_3e-05,410,6,357,21,0.3298971951007843,2.635751485824585,True,{},{},0.09887012100080028,False,False,8132
G3_73102_3e-05,411,6,8029,37,0.07069335877895355,1.3851795196533203,True,{},{},0.09601138698053546,False,False,8132
G3_73102_3e-05,412,6,8022,30,0.18251848220825195,0.8043282628059387,False,{},{},0.0975981350056827,False,False,8132
G3_73102_3e-05,413,6,15726,55,0.2642242908477783,1.0546759366989136,True,{},{},0.09420043698628433,False,False,8132
G3_73102_3e-05,414,6,358,22,0.3406820297241211,1.7291851043701172,True,{},{},0.0944818340067286,False,False,8132
G3_73102_3e-05,415,6,8025,33,0.16185308992862701,0.7583938241004944,False,{},{},0.09987442899728194,False,False,8132
G3_73102_3e-05,416,6,15734,63,0.4955003261566162,2.2419047355651855,True,{},{},0.09362176101421937,False,False,8132
G3_73102_3e-05,417,6,8024,32,0.17845050990581512,0.957687497138977,False,{},{},0.09783985701506026,False,False,8132
G3_73102_3e-05,418,6,8027,35,0.13214725255966187,1.2403467893600464,True,{},{},0.09606212997459807,False,False,8132
G3_73102_3e-05,419,6,8020,28,0.13800892233848572,1.1031434535980225,True,{},{},0.0938596689957194,False,False,8132
G3_73102_3e-05,420,6,349,13,0.31840622425079346,2.1194519996643066,True,{},{},0.10014658400905319,False,False,8132
G3_73102_3e-05,421,6,8021,29,0.14021441340446472,0.7157424688339233,False,{},{},0.09892835997743532,False,False,8132
G3_73102_3e-05,422,6,342,6,0.47337445616722107,3.322293519973755,True,{},{},0.09465527199790813,False,False,8132
G3_73102_3e-05,423,6,15731,60,0.39343124628067017,1.577392339706421,True,{},{},0.09548343898495659,False,False,8132
G3_73102_3e-05,424,6,8018,26,0.13832348585128784,0.9919005632400513,False,{},{},0.09264063197770156,False,False,8132
G3_73102_3e-05,425,6,348,12,0.5033819675445557,2.5363385677337646,True,{},{},0.09892192200641148,False,False,8132
G3_73102_3e-05,426,6,15716,45,0.13704629242420197,0.8060570359230042,False,{},{},0.09855175501434132,False,False,8132
G3_73102_3e-05,427,6,8023,31,0.15814989805221558,0.9665326476097107,False,{},{},0.09393367898883298,False,False,8132
G3_73102_3e-05,428,6,337,1,0.4944895803928375,3.7854154109954834,True,{},{},0.09385038499021903,False,False,8132
G3_73102_3e-05,429,6,356,20,0.30191951990127563,3.001948356628418,True,{},{},0.09970341200823896,False,False,8132
G3_73102_3e-05,430,6,15729,58,0.30060335993766785,1.8644425868988037,True,{},{},0.09533735600416549,False,False,8132
G3_73102_3e-05,431,6,340,4,0.43522173166275024,2.56461501121521,True,{},{},0.09764405401074328,False,False,8132
G3_73102_3e-05,432,6,350,14,0.31208014488220215,2.9106409549713135,True,{},{},0.09562046302016824,False,False,8132
G3_73102_3e-05,433,6,15732,61,0.3946031332015991,2.088719129562378,True,{},{},0.0934523559990339,False,False,8132
G3_73102_3e-05,434,6,341,5,0.4142691493034363,2.329547882080078,True,{},{},0.10094577699783258,False,False,8132
G3_73102_3e-05,435,6,15719,48,0.180558443069458,0.884168267250061,False,{},{},0.09700158599298447,False,False,8132
G3_73102_3e-05,436,6,339,3,0.4362660050392151,2.693922758102417,True,{},{},0.09556598498602398,False,False,8132
G3_73102_3e-05,437,6,345,9,0.434605211019516,2.320922613143921,True,{},{},0.09551292899413966,False,False,8132
G3_73102_3e-05,438,6,8031,39,0.05344831943511963,1.070976972579956,True,{},{},0.09492561698425561,False,False,8132
G3_73102_3e-05,439,6,15730,59,0.295115202665329,2.7088582515716553,True,{},{},0.09813816100358963,False,False,8132
G3_73102_3e-05,440,6,15723,52,0.22863860428333282,1.8157577514648438,True,{},{},0.09908322599949315,False,False,8132
G3_73102_3e-05,441,6,15733,62,0.3667241036891937,2.333864450454712,True,{},{},0.09428048602421768,False,False,8132
G3_73102_3e-05,442,6,15713,42,0.10377083718776703,2.2101550102233887,True,{},{},0.09513939000316896,False,False,8132
G3_73102_3e-05,443,6,15727,56,0.2062150090932846,1.9078936576843262,True,{},{},0.09347995099960826,False,False,8132
G3_73102_3e-05,444,6,15711,40,0.0899544358253479,2.4222419261932373,True,{},{},0.1016907209996134,False,False,8132
G3_73102_3e-05,445,6,336,0,0.4870336651802063,7.491443157196045,True,{},{},0.09801909798989072,False,False,8132
G3_73102_3e-05,446,6,15721,50,0.18867462873458862,1.1911628246307373,True,{},{},0.09618160399259068,False,False,8132
G3_73102_3e-05,447,6,352,16,0.31558501720428467,4.086868762969971,True,{},{},0.0946577109862119,False,False,8132
G3_73102_3e-05,448,6,8026,34,0.12895208597183228,1.4658560752868652,True,{},{},0.09814078902127221,False,False,8132
G3_73102_3e-05,449,7,15732,61,0.3381330370903015,3.4407968521118164,True,{},{},0.0952192269905936,False,False,8131
G3_73102_3e-05,450,7,338,2,0.4117698073387146,2.9489457607269287,True,{},{},0.09573120600543916,False,False,8131
G3_73102_3e-05,451,7,15720,49,0.17448261380195618,1.0746407508850098,True,{},{},0.0929624949931167,False,False,8131
G3_73102_3e-05,452,7,15716,45,0.11842004954814911,0.7201583981513977,False,{},{},0.0929903749783989,False,False,8131
G3_73102_3e-05,453,7,8016,24,0.13097581267356873,3.039869546890259,True,{},{},0.10395709000295028,False,False,8131
G3_73102_3e-05,454,7,346,10,0.41242754459381104,2.614591598510742,True,{},{},0.09481160901486874,False,False,8131
G3_73102_3e-05,455,7,8024,32,0.13127392530441284,1.656698226928711,True,{},{},0.09490757097955793,False,False,8131
G3_73102_3e-05,456,7,8023,31,0.1261640340089798,1.138280987739563,True,{},{},0.09530127001926303,False,False,8131
G3_73102_3e-05,457,7,15731,60,0.29080551862716675,4.717533588409424,True,{},{},0.09591811499558389,False,False,8131
G3_73102_3e-05,458,7,15713,42,0.07266628742218018,0.9438119530677795,False,{},{},0.10275713200098835,False,False,8131
G3_73102_3e-05,459,7,8025,33,0.10633058845996857,1.3786582946777344,True,{},{},0.09571252501336858,False,False,8131
G3_73102_3e-05,460,7,339,3,0.38640809059143066,5.158838748931885,True,{},{},0.09438443600083701,False,False,8131
G3_73102_3e-05,461,7,348,12,0.44574111700057983,3.3485240936279297,True,{},{},0.09573703599744476,False,False,8131
G3_73102_3e-05,462,7,15715,44,0.10591918230056763,0.7427697777748108,False,{},{},0.10122817201772705,False,False,8131
G3_73102_3e-05,463,7,15733,62,0.3098318576812744,4.691155910491943,True,{},{},0.0954562519909814,False,False,8131
G3_73102_3e-05,464,7,357,21,0.31666961312294006,4.327298641204834,True,{},{},0.09617583500221372,False,False,8131
G3_73102_3e-05,465,7,355,19,0.3171332776546478,4.768894195556641,True,{},{},0.10016403399640694,False,False,8131
G3_73102_3e-05,466,7,342,6,0.3846622705459595,2.369621753692627,True,{},{},0.10331195400794968,False,False,8131
G3_73102_3e-05,467,7,15718,47,0.1386633813381195,0.8708032965660095,False,{},{},0.10581393202301115,False,False,8128
G3_73102_3e-05,468,7,354,18,0.29029393196105957,3.193988800048828,True,{},{},0.09839241599547677,False,False,8128
G3_73102_3e-05,469,7,8028,36,0.07781927287578583,1.2225050926208496,True,{},{},0.1017865939938929,False,False,8128
G3_73102_3e-05,470,7,344,8,0.4124729037284851,3.642770767211914,True,{},{},0.0998722380027175,False,False,8128
G3_73102_3e-05,471,7,15721,50,0.15084049105644226,1.365601658821106,True,{},{},0.10988265599007718,False,False,8127
G3_73102_3e-05,472,7,15728,57,0.1669331043958664,2.9906654357910156,True,{},{},0.10113189497496933,False,False,8127
G3_73102_3e-05,473,7,345,9,0.3907931447029114,2.847395658493042,True,{},{},0.09798092799610458,False,False,8127
G3_73102_3e-05,474,7,340,4,0.3797869384288788,3.5080723762512207,True,{},{},0.09993658799794503,False,False,8127
G3_73102_3e-05,475,7,8021,29,0.10820470750331879,1.3722387552261353,True,{},{},0.09795505800866522,False,False,8127
G3_73102_3e-05,476,7,8029,37,0.0810365304350853,1.8236852884292603,True,{},{},0.10467617100221105,False,False,8127
G3_73102_3e-05,477,7,15729,58,0.15971139073371887,6.464751720428467,True,{},{},0.10398773700580932,False,False,8127
G3_73102_3e-05,478,7,15719,48,0.13651779294013977,1.581721305847168,True,{},{},0.10472726100124419,False,False,8127
G3_73102_3e-05,479,7,336,0,0.43089187145233154,4.3521037101745605,True,{},{},0.10373910798807628,False,False,8127
G3_73102_3e-05,480,7,347,11,0.37921467423439026,3.3028929233551025,True,{},{},0.10699820300214924,False,False,8127
G3_73102_3e-05,481,7,15734,63,0.27319443225860596,4.436996936798096,True,{},{},0.10279361001448706,False,False,8127
G3_73102_3e-05,482,7,15714,43,0.08164171129465103,0.8456429839134216,False,{},{},0.10247175701078959,False,False,8127
G3_73102_3e-05,483,7,8022,30,0.10609498620033264,1.5325403213500977,True,{},{},0.0973111740022432,False,False,8127
G3_73102_3e-05,484,7,8018,26,0.09977501630783081,0.8403743505477905,False,{},{},0.10043282402330078,False,False,8127
G3_73102_3e-05,485,7,15723,52,0.1439686268568039,3.5188791751861572,True,{},{},0.1025885019917041,False,False,8127
G3_73102_3e-05,486,7,353,17,0.2982105612754822,4.341543674468994,True,{},{},0.09533856200869195,False,False,8127
G3_73102_3e-05,487,7,351,15,0.3193609416484833,5.175881862640381,True,{},{},0.09848950899322517,False,False,8127
G3_73102_3e-05,488,7,8019,27,0.10235441476106644,1.4655882120132446,True,{},{},0.0965362360002473,False,False,8127
G3_73102_3e-05,489,7,352,16,0.27857062220573425,4.505269527435303,True,{},{},0.10168915201211348,False,False,8127
G3_73102_3e-05,490,7,15712,41,0.06097988039255142,1.4259406328201294,True,{},{},0.09819243199308403,False,False,8127
G3_73102_3e-05,491,7,8031,39,0.0443541444838047,1.0798763036727905,True,{},{},0.0954021469806321,False,False,8127
G3_73102_3e-05,492,7,358,22,0.33094000816345215,4.210123538970947,True,{},{},0.09995915301260538,False,False,8127
G3_73102_3e-05,493,7,359,23,0.338983416557312,4.631903171539307,True,{},{},0.09799130100873299,False,False,8127
G3_73102_3e-05,494,7,15727,56,0.1261550486087799,5.302121162414551,True,{},{},0.09969604900106788,False,False,8128
G3_73102_3e-05,495,7,15711,40,0.05178425461053848,0.9133495092391968,False,{},{},0.09829860497848131,False,False,8128
G3_73102_3e-05,496,7,8026,34,0.10830755531787872,1.7642879486083984,True,{},{},0.0944299140246585,False,False,8128
G3_73102_3e-05,497,7,15725,54,0.12114030867815018,3.378988027572632,True,{},{},0.09474960298393853,False,False,8128
G3_73102_3e-05,498,7,15722,51,0.18028998374938965,3.647571325302124,True,{},{},0.09704298799624667,False,False,8128
G3_73102_3e-05,499,7,337,1,0.37634316086769104,3.4854767322540283,True,{},{},0.09963918299763463,False,False,8128
G3_73102_3e-05,500,7,15717,46,0.0973452553153038,1.4355124235153198,True,{},{},0.09523747800267301,False,False,8128
G3_73102_3e-05,501,7,8027,35,0.07863929867744446,1.117890477180481,True,{},{},0.09622326900716871,False,False,8128
G3_73102_3e-05,502,7,8020,28,0.0831492617726326,0.8119246363639832,False,{},{},0.09755925499484874,False,False,8128
G3_73102_3e-05,503,7,350,14,0.2638542056083679,3.2057299613952637,True,{},{},0.0966518489876762,False,False,8128
G3_73102_3e-05,504,7,15724,53,0.14432331919670105,5.249715805053711,True,{},{},0.09845725298509933,False,False,8128
G3_73102_3e-05,505,7,343,7,0.3558614253997803,2.5241048336029053,True,{},{},0.09853801599820144,False,False,8128
G3_73102_3e-05,506,7,356,20,0.2501837909221649,2.9103012084960938,True,{},{},0.10197126999264583,False,False,8128
G3_73102_3e-05,507,7,15730,59,0.12311656773090363,2.831293821334839,True,{},{},0.09714294600416906,False,False,8128
G3_73102_3e-05,508,7,349,13,0.2333560436964035,2.7575175762176514,True,{},{},0.10006257001077756,False,False,8128
G3_73102_3e-05,509,7,8030,38,0.04405105113983154,1.0269984006881714,True,{},{},0.09744927601423115,False,False,8128
G3_73102_3e-05,510,7,8017,25,0.09803277254104614,1.7614480257034302,True,{},{},0.09515701999771409,False,False,8128
G3_73102_3e-05,511,7,15726,55,0.1992553472518921,18.019874572753906,True,{},{},0.0969619289971888,False,False,8128
G3_73102_3e-05,512,7,341,5,0.33904561400413513,3.249189615249634,True,{},{},0.09883719799108803,False,False,8128
