source,arm,seed,variant,step,lead,pinball,nmae,raw_mae,coverage,width,crossing
Electricity,PCA,92341,raw128,128,1,0.1080435192204132,0.13770530374721718,33.46929102409177,0.8719512195121951,0.5270357728004456,0.0
Electricity,PCA,92341,raw128,128,2,0.1378363195201294,0.17379116898906832,43.79205768864329,0.8399390243902439,0.5980284810066223,0.0
Electricity,PCA,92341,raw128,128,3,0.14785767758022286,0.18330890852156442,47.39000937996841,0.8384146341463414,0.6486092805862427,0.0007621951219512195
Electricity,PCA,92341,raw128,128,4,0.16140524909101422,0.20308206936500978,52.38053983595313,0.8246951219512195,0.6900088787078857,0.00038109756097560977
Electricity,PCA,92341,raw128,128,5,0.17689958846874687,0.22427298050678515,56.743590133946114,0.7972560975609756,0.6999948620796204,0.0005716463414634146
Electricity,PCA,92341,raw128,128,6,0.18907997862674186,0.23885629311078407,60.36743601357065,0.7789634146341463,0.7124567031860352,0.00038109756097560977
Electricity,PCA,92341,raw128,128,7,0.2194072401646392,0.27245668811834867,66.58830859021442,0.7804878048780488,0.721336841583252,0.0
Electricity,PCA,92341,raw128,128,8,0.195844163287956,0.24786144568579996,63.220271250096765,0.8109756097560976,0.7248614430427551,0.0
Electricity,PCA,92341,raw128,128,9,0.20035764397333097,0.2543472438106738,61.86811304092407,0.7972560975609756,0.7341692447662354,0.0
Electricity,PCA,92341,raw128,128,10,0.19537461395958372,0.24747891486361162,60.04088316894159,0.7957317073170732,0.7412981390953064,0.0
Electricity,PCA,92341,raw128,128,11,0.19146250326134345,0.2434297221161915,58.659927321643366,0.8185975609756098,0.7451656460762024,0.00019054878048780488
Electricity,PCA,92341,raw128,128,12,0.19140807449340627,0.23933911800606172,59.90031691295345,0.8125,0.7530926465988159,0.00019054878048780488
Electricity,PCA,92341,raw128,128,13,0.18946541182519172,0.23673434480360794,59.37634883275846,0.7942073170731707,0.7488100528717041,0.00019054878048780488
Electricity,PCA,92341,raw128,128,14,0.19814799383478596,0.24837520328967275,63.606585363062415,0.7682926829268293,0.7448655366897583,0.00019054878048780488
Electricity,PCA,92341,raw128,128,15,0.19302498647556077,0.24358884154399904,61.47166145138624,0.8262195121951219,0.750542163848877,0.00038109756097560977
Electricity,PCA,92341,raw128,128,16,0.19490183512256262,0.2449758545676554,61.655731003458904,0.8094512195121951,0.7583727836608887,0.00038109756097560977
Electricity,PCA,92341,raw128,128,17,0.19616316367131217,0.2449061181975257,60.96246758902945,0.7926829268292683,0.7618777751922607,0.0
Electricity,PCA,92341,raw128,128,18,0.1943117887448803,0.24519337594049093,61.469470163670984,0.823170731707317,0.7644503712654114,0.0
Electricity,PCA,92341,raw128,128,19,0.18453747227310643,0.23181511231563534,58.91844040010034,0.8277439024390244,0.7684016823768616,0.00019054878048780488
Electricity,PCA,92341,raw128,128,20,0.1809492023353044,0.22562552263801938,56.13674694154321,0.836890243902439,0.7666011452674866,0.00038109756097560977
Electricity,PCA,92341,raw128,128,21,0.18801305906253094,0.23608647271577515,59.17734984653752,0.8079268292682927,0.7566192150115967,0.0022865853658536584
Electricity,PCA,92341,raw128,128,22,0.20414239157988012,0.2521784210247619,64.99521331089299,0.7820121951219512,0.7552410364151001,0.002096036585365854
Electricity,PCA,92341,raw128,128,23,0.1966204832175141,0.24542423270714533,60.644339514941706,0.8125,0.763069212436676,0.00038109756097560977
Electricity,PCA,92341,raw128,128,24,0.20183138017949834,0.25225494821199046,65.3590411442082,0.8079268292682927,0.7661393284797668,0.0
Electricity,PCA,92341,raw128,128,25,0.19861153896334177,0.2490284994375639,64.54318195436059,0.8353658536585366,0.7837440967559814,0.00019054878048780488
Electricity,PCA,92341,raw128,128,26,0.19294899663360338,0.24435410344231226,60.93468521862495,0.8216463414634146,0.7954598665237427,0.00019054878048780488
Electricity,PCA,92341,raw128,128,27,0.19729692382334743,0.2524690795443392,61.783372588273956,0.8414634146341463,0.8053232431411743,0.00019054878048780488
Electricity,PCA,92341,raw128,128,28,0.18932545540319948,0.24146124300213245,60.044285844012,0.8475609756097561,0.8191075921058655,0.0005716463414634146
Electricity,PCA,92341,raw128,128,29,0.19788547653421595,0.2513321557729872,61.388008734075036,0.8155487804878049,0.8119503259658813,0.00038109756097560977
Electricity,PCA,92341,raw128,128,30,0.20455079530606815,0.25882974388903274,65.43862337019385,0.801829268292683,0.8144161105155945,0.00019054878048780488
Electricity,PCA,92341,raw128,128,31,0.20713647579963682,0.2574123310961558,66.46031572760606,0.8094512195121951,0.8193127512931824,0.0
Electricity,PCA,92341,raw128,128,32,0.20899661769472003,0.2619030296270809,70.421708397749,0.8079268292682927,0.8188778758049011,0.0
Electricity,PCA,92341,raw128,128,33,0.21036200414890524,0.2603271577071042,68.57422776338531,0.8155487804878049,0.8205037117004395,0.0
Electricity,PCA,92341,raw128,128,34,0.2062520455899491,0.2580090076542717,66.68109584436183,0.8094512195121951,0.8229444622993469,0.0
Electricity,PCA,92341,raw128,128,35,0.203644932100744,0.2526683072382111,64.4957925284781,0.8201219512195121,0.8208525776863098,0.0
Electricity,PCA,92341,raw128,128,36,0.20130007662465635,0.25014962980634287,64.4299393281704,0.8170731707317073,0.8193432688713074,0.0
Electricity,PCA,92341,raw128,128,37,0.1983635444768777,0.24616815262042094,64.20239526469533,0.7926829268292683,0.8121205568313599,0.0
Electricity,PCA,92341,raw128,128,38,0.2090499638218874,0.25883171892748286,67.68531516703163,0.7698170731707317,0.8122492432594299,0.0
Electricity,PCA,92341,raw128,128,39,0.19730168088215774,0.2472527681175978,63.64630079269409,0.8262195121951219,0.8231675028800964,0.0
Electricity,PCA,92341,raw128,128,40,0.20620350433055942,0.2595735577654127,66.08113086514356,0.7926829268292683,0.8260900974273682,0.0011432926829268292
Electricity,PCA,92341,raw128,128,41,0.20669126902620488,0.25431161155694654,66.28811250081877,0.7942073170731707,0.8326336741447449,0.0011432926829268292
Electricity,PCA,92341,raw128,128,42,0.1969693850987459,0.2438469218274979,63.803322291955716,0.7957317073170732,0.8356896638870239,0.0007621951219512195
Electricity,PCA,92341,raw128,128,43,0.19565681136269195,0.24120370628895627,62.36123564185166,0.823170731707317,0.8411805629730225,0.0013338414634146342
Electricity,PCA,92341,raw128,128,44,0.19976277368964832,0.2449746004786095,61.10812847788741,0.8277439024390244,0.8359804749488831,0.00038109756097560977
Electricity,PCA,92341,raw128,128,45,0.21231605717163302,0.2602439767502256,65.7575166399886,0.8094512195121951,0.8320070505142212,0.0024771341463414634
Electricity,PCA,92341,raw128,128,46,0.2328396184851508,0.28339408058510046,70.31869325405214,0.774390243902439,0.82616126537323,0.0013338414634146342
Electricity,PCA,92341,raw128,128,47,0.23377646601342436,0.2853879268113301,71.51325634049206,0.788109756097561,0.830505907535553,0.00019054878048780488
Electricity,PCA,92341,raw128,128,48,0.23638322844303838,0.2902528683377352,73.61306102101396,0.7896341463414634,0.8327731490135193,0.00019054878048780488
Electricity,PCA,92341,raw128,128,49,0.22449025580864967,0.2753784678114918,71.38108397693169,0.8079268292682927,0.8452662229537964,0.00019054878048780488
Electricity,PCA,92341,raw128,128,50,0.2212905074904113,0.2735902100101799,71.70399164571995,0.8048780487804879,0.8519315123558044,0.00019054878048780488
Electricity,PCA,92341,raw128,128,51,0.21600908945297523,0.26901139922222594,70.1149909205553,0.8338414634146342,0.8598329424858093,0.0
Electricity,PCA,92341,raw128,128,52,0.2119643756335086,0.25859089140269576,68.5312693642407,0.864329268292683,0.8659608364105225,0.0007621951219512195
Electricity,PCA,92341,raw128,128,53,0.226260757789697,0.2781080776985621,70.68490918089704,0.801829268292683,0.8545215725898743,0.0005716463414634146
Electricity,PCA,92341,raw128,128,54,0.23717223457068584,0.29523179110603115,75.82641422457812,0.7865853658536586,0.8553245067596436,0.0005716463414634146
Electricity,PCA,92341,raw128,128,55,0.22775036959836148,0.2841350063994743,72.96816687467621,0.8048780487804879,0.8584241271018982,0.0
Electricity,PCA,92341,raw128,128,56,0.24064353652248713,0.2991885546353003,77.3477322299306,0.788109756097561,0.863154411315918,0.0007621951219512195
Electricity,PCA,92341,raw128,128,57,0.23264359530816942,0.28466737712021245,74.89337747852977,0.8048780487804879,0.8684030175209045,0.0
Electricity,PCA,92341,raw128,128,58,0.22883155719805723,0.2833705859156095,74.24485733450913,0.7865853658536586,0.8695671558380127,0.00019054878048780488
Electricity,PCA,92341,raw128,128,59,0.2159480366821185,0.2684932131419296,69.92023541287678,0.8109756097560976,0.8632082939147949,0.0
Electricity,PCA,92341,raw128,128,60,0.20488443494562286,0.2535249421930544,66.77463045352843,0.8460365853658537,0.8611607551574707,0.0
Electricity,PCA,92341,raw128,128,61,0.2129685874126736,0.2633025186769429,69.43447915519157,0.8125,0.8575993180274963,0.001524390243902439
Electricity,PCA,92341,raw128,128,62,0.2198309847396358,0.270799342255186,69.21529725702797,0.7759146341463414,0.858723521232605,0.0022865853658536584
Electricity,PCA,92341,raw128,128,63,0.2209279188609426,0.2769351583970555,68.98641617705182,0.8064024390243902,0.8684551119804382,0.002096036585365854
Electricity,PCA,92341,raw128,128,64,0.221457422777087,0.2730559575488127,71.6623251845197,0.8155487804878049,0.8815211057662964,0.0022865853658536584
Electricity,PCA,92341,selected_raw,512,1,0.10809215222171453,0.13798590928844223,33.65713185798831,0.8765243902439024,0.5279998779296875,0.0005716463414634146
Electricity,PCA,92341,selected_raw,512,2,0.13723812272306818,0.1735856732227946,43.86485937165051,0.8414634146341463,0.6044753193855286,0.00019054878048780488
Electricity,PCA,92341,selected_raw,512,3,0.1484106338934695,0.18339433520464876,47.32058803046622,0.8414634146341463,0.6554753184318542,0.0007621951219512195
Electricity,PCA,92341,selected_raw,512,4,0.1614477708877999,0.20297177941125516,52.278721704715636,0.823170731707317,0.6944965124130249,0.00038109756097560977
Electricity,PCA,92341,selected_raw,512,5,0.17708789298561617,0.22399842417521296,56.63041785868203,0.7942073170731707,0.7059609293937683,0.0005716463414634146
Electricity,PCA,92341,selected_raw,512,6,0.19020393183840043,0.24002349529445155,60.60197592944634,0.7759146341463414,0.7213216423988342,0.00038109756097560977
Electricity,PCA,92341,selected_raw,512,7,0.21875433139296233,0.27084736538540305,66.08136085184609,0.7957317073170732,0.7290698289871216,0.0
Electricity,PCA,92341,selected_raw,512,8,0.19619110217964592,0.24799227666251944,63.15488626898789,0.8048780487804879,0.7332385182380676,0.0
Electricity,PCA,92341,selected_raw,512,9,0.20026002250969402,0.2538335102656769,61.42954713542287,0.8003048780487805,0.7426448464393616,0.0
Electricity,PCA,92341,selected_raw,512,10,0.19467893913997283,0.24626541253414388,59.48182216504725,0.8125,0.7509410977363586,0.00019054878048780488
Electricity,PCA,92341,selected_raw,512,11,0.1919102031163587,0.24327462656357168,58.292210718480554,0.8125,0.7534138560295105,0.0007621951219512195
Electricity,PCA,92341,selected_raw,512,12,0.19192247903967966,0.24022967861182126,59.945197896259586,0.8185975609756098,0.7590217590332031,0.00038109756097560977
Electricity,PCA,92341,selected_raw,512,13,0.19015575771625115,0.23742888992071504,59.46475772159855,0.7972560975609756,0.7553595900535583,0.00038109756097560977
Electricity,PCA,92341,selected_raw,512,14,0.19874254594353033,0.2494509883406193,63.54602447370203,0.7835365853658537,0.7552056908607483,0.001524390243902439
Electricity,PCA,92341,selected_raw,512,15,0.19352949976060638,0.24422971684301847,61.19869977671926,0.8292682926829268,0.7629616260528564,0.0007621951219512195
Electricity,PCA,92341,selected_raw,512,16,0.19422451262635101,0.24340063891498795,60.54837626945682,0.8201219512195121,0.7716740965843201,0.0011432926829268292
Electricity,PCA,92341,selected_raw,512,17,0.19545642755059342,0.2438891942147039,60.11823411104156,0.8140243902439024,0.7764440178871155,0.0
Electricity,PCA,92341,selected_raw,512,18,0.19317374579764346,0.2425733607124696,60.29579710378879,0.8338414634146342,0.7785787582397461,0.0
Electricity,PCA,92341,selected_raw,512,19,0.18401391579809942,0.23101729078998173,58.536725893253234,0.8338414634146342,0.7802959680557251,0.0
Electricity,PCA,92341,selected_raw,512,20,0.18074060950798954,0.2246385002580296,55.7410420441046,0.8490853658536586,0.7757704854011536,0.0
Electricity,PCA,92341,selected_raw,512,21,0.18882507798113612,0.2370595870474526,59.26804641397988,0.8048780487804879,0.7644943594932556,0.0022865853658536584
Electricity,PCA,92341,selected_raw,512,22,0.20354888808947283,0.25200677998936905,64.56856205405259,0.7789634146341463,0.7645384669303894,0.0022865853658536584
Electricity,PCA,92341,selected_raw,512,23,0.19412254063669318,0.24103965955635878,59.29554804359994,0.8170731707317073,0.7685770392417908,0.0013338414634146342
Electricity,PCA,92341,selected_raw,512,24,0.2008865669508839,0.2509203681075598,64.6518463623233,0.8048780487804879,0.7693350911140442,0.00019054878048780488
Electricity,PCA,92341,selected_raw,512,25,0.1981780707571302,0.24843455087659386,63.907944458286934,0.8353658536585366,0.7868167757987976,0.00019054878048780488
Electricity,PCA,92341,selected_raw,512,26,0.19325045866210416,0.24450290513627818,60.606427227578514,0.8185975609756098,0.7985067367553711,0.00019054878048780488
Electricity,PCA,92341,selected_raw,512,27,0.19721192010019653,0.2512812348384865,60.79480996946009,0.8353658536585366,0.8062475919723511,0.00019054878048780488
Electricity,PCA,92341,selected_raw,512,28,0.18939862782742375,0.23999410394771484,59.13912271871799,0.8460365853658537,0.8173093199729919,0.00038109756097560977
Electricity,PCA,92341,selected_raw,512,29,0.19627879094696493,0.24854082517883005,60.23684609808573,0.8185975609756098,0.8137853741645813,0.0007621951219512195
Electricity,PCA,92341,selected_raw,512,30,0.2031749031578061,0.25707364591994647,64.69101427822578,0.8079268292682927,0.8195322751998901,0.00038109756097560977
Electricity,PCA,92341,selected_raw,512,31,0.20564457757902752,0.2555230805623877,65.80933556905607,0.8048780487804879,0.8229653835296631,0.0
Electricity,PCA,92341,selected_raw,512,32,0.2083910204782491,0.26012849620660117,69.55732678204048,0.8125,0.8235911130905151,0.00038109756097560977
Electricity,PCA,92341,selected_raw,512,33,0.20961540975955112,0.25909261998270205,67.86938835934895,0.8277439024390244,0.8260506391525269,0.0
Electricity,PCA,92341,selected_raw,512,34,0.20517376456271857,0.25648614794034397,65.89211323203111,0.8155487804878049,0.8291279673576355,0.0
Electricity,PCA,92341,selected_raw,512,35,0.20266642470568685,0.25035898394553047,63.65106427960279,0.8323170731707317,0.8244753479957581,0.0
Electricity,PCA,92341,selected_raw,512,36,0.20040100280634807,0.24820889499474336,63.59478678354403,0.8201219512195121,0.8209962844848633,0.0
Electricity,PCA,92341,selected_raw,512,37,0.1991665321660957,0.24718218011407223,64.1032076347165,0.7987804878048781,0.8164139986038208,0.0007621951219512195
Electricity,PCA,92341,selected_raw,512,38,0.20897121286119885,0.25933322817193516,67.49772093935711,0.7789634146341463,0.8216686844825745,0.0
Electricity,PCA,92341,selected_raw,512,39,0.19507826176016985,0.24409003594055026,62.38572794053613,0.8338414634146342,0.8332229256629944,0.0
Electricity,PCA,92341,selected_raw,512,40,0.20411271961755206,0.2584032205084117,65.26360588538938,0.8064024390243902,0.8362637162208557,0.0011432926829268292
Electricity,PCA,92341,selected_raw,512,41,0.20405250243241776,0.2512966457950114,64.90243319767278,0.8033536585365854,0.8434129357337952,0.0011432926829268292
Electricity,PCA,92341,selected_raw,512,42,0.19480215826326547,0.24128891686063494,62.58889259943148,0.801829268292683,0.8458048105239868,0.0007621951219512195
Electricity,PCA,92341,selected_raw,512,43,0.19406306167017445,0.2379608589129595,61.219697452173,0.8292682926829268,0.8497685790061951,0.0011432926829268292
Electricity,PCA,92341,selected_raw,512,44,0.19839405638546279,0.24289710634425873,60.445248661971675,0.8307926829268293,0.8418942093849182,0.0007621951219512195
Electricity,PCA,92341,selected_raw,512,45,0.21118665552266283,0.2580862167683658,65.13689110918743,0.8109756097560976,0.8386497497558594,0.0024771341463414634
Electricity,PCA,92341,selected_raw,512,46,0.2319569870878885,0.2821501819785563,69.8904399522921,0.7835365853658537,0.8349661231040955,0.001714939024390244
Electricity,PCA,92341,selected_raw,512,47,0.23114914242025295,0.2816528183684698,70.56001696935515,0.788109756097561,0.8342949748039246,0.0005716463414634146
Electricity,PCA,92341,selected_raw,512,48,0.23567883443663176,0.289490540819336,73.51191983571867,0.7972560975609756,0.8339458703994751,0.0009527439024390244
Electricity,PCA,92341,selected_raw,512,49,0.22486963952873296,0.27536872488866704,71.28308759084562,0.801829268292683,0.8472827076911926,0.00019054878048780488
Electricity,PCA,92341,selected_raw,512,50,0.2206795644969509,0.27258409895852326,71.67446350469822,0.8079268292682927,0.8554311394691467,0.0005716463414634146
Electricity,PCA,92341,selected_raw,512,51,0.21592947232973214,0.2703003345333891,70.63425332743947,0.8353658536585366,0.8609322309494019,0.0007621951219512195
Electricity,PCA,92341,selected_raw,512,52,0.21143920508138522,0.25893530326606695,68.77526451901691,0.8597560975609756,0.86504065990448,0.0011432926829268292
Electricity,PCA,92341,selected_raw,512,53,0.2247084899360485,0.27764612114441267,70.87575401910921,0.7972560975609756,0.8556142449378967,0.0011432926829268292
Electricity,PCA,92341,selected_raw,512,54,0.23634782689065992,0.29578478210371056,75.99626066626573,0.788109756097561,0.8602678179740906,0.0005716463414634146
Electricity,PCA,92341,selected_raw,512,55,0.22567694151719264,0.2829474889938587,72.6846115996198,0.8109756097560976,0.8619822263717651,0.0
Electricity,PCA,92341,selected_raw,512,56,0.2385825963873434,0.2985014325610463,77.20889367126837,0.7911585365853658,0.8667055368423462,0.0011432926829268292
Electricity,PCA,92341,selected_raw,512,57,0.23071994996004883,0.2841750436987285,74.54510103783956,0.8109756097560976,0.8726257681846619,0.0
Electricity,PCA,92341,selected_raw,512,58,0.22712936492796362,0.28275404716432495,73.99522560398754,0.7942073170731707,0.8747175931930542,0.0
Electricity,PCA,92341,selected_raw,512,59,0.21433531767270184,0.2668341004523517,69.32773449362779,0.823170731707317,0.8664253950119019,0.0
Electricity,PCA,92341,selected_raw,512,60,0.20297285474750607,0.2522626072712668,66.25682714508801,0.8445121951219512,0.8630285263061523,0.0
Electricity,PCA,92341,selected_raw,512,61,0.2119784869779763,0.26318038747153805,68.99722537761781,0.8064024390243902,0.8604704737663269,0.0024771341463414634
Electricity,PCA,92341,selected_raw,512,62,0.2186389850318694,0.27032229859589335,68.6186153132741,0.7759146341463414,0.86597740650177,0.0026676829268292685
Electricity,PCA,92341,selected_raw,512,63,0.21912187673049566,0.27538111219970884,68.13537796532235,0.8094512195121951,0.8769078850746155,0.002096036585365854
Electricity,PCA,92341,selected_raw,512,64,0.21938660824428996,0.27048745050265527,70.49739872537008,0.8185975609756098,0.8899368643760681,0.0022865853658536584
Electricity,PCA,92341,selected_cal,512,1,0.10809215222171453,0.13798590928844223,33.65713185798831,0.8765243902439024,0.5279998779296875,0.0005716463414634146
Electricity,PCA,92341,selected_cal,512,2,0.13723812272306818,0.1735856732227946,43.86485937165051,0.8414634146341463,0.6044753193855286,0.00019054878048780488
Electricity,PCA,92341,selected_cal,512,3,0.1484106338934695,0.18339433520464876,47.32058803046622,0.8414634146341463,0.6554753184318542,0.0007621951219512195
Electricity,PCA,92341,selected_cal,512,4,0.16144777088901252,0.20297177941125516,52.278721704715636,0.823170731707317,0.6944965124130249,0.00038109756097560977
Electricity,PCA,92341,selected_cal,512,5,0.17708789298561617,0.22399842417521296,56.63041785868203,0.7942073170731707,0.7059609293937683,0.0005716463414634146
Electricity,PCA,92341,selected_cal,512,6,0.19020393183840043,0.24002349529445155,60.60197592944634,0.7759146341463414,0.7213216423988342,0.00038109756097560977
Electricity,PCA,92341,selected_cal,512,7,0.21875433139417494,0.27084736538540305,66.08136085184609,0.7957317073170732,0.7290698289871216,0.0
Electricity,PCA,92341,selected_cal,512,8,0.196191102174707,0.24799227666251944,63.15488626898789,0.8048780487804879,0.7332385182380676,0.0
Electricity,PCA,92341,selected_cal,512,9,0.2002600225085698,0.2538335102656769,61.42954713542287,0.8003048780487805,0.7426448464393616,0.0
Electricity,PCA,92341,selected_cal,512,10,0.19467893913745918,0.24626541253414388,59.48182216504725,0.8125,0.7509410977363586,0.00019054878048780488
Electricity,PCA,92341,selected_cal,512,11,0.19191020311272086,0.24327462656357168,58.292210718480554,0.8125,0.7534138560295105,0.0007621951219512195
Electricity,PCA,92341,selected_cal,512,12,0.19192247904098073,0.24022967861182126,59.945197896259586,0.8185975609756098,0.7590217590332031,0.00038109756097560977
Electricity,PCA,92341,selected_cal,512,13,0.19015575771252488,0.23742888992071504,59.46475772159855,0.7972560975609756,0.7553595900535583,0.00038109756097560977
Electricity,PCA,92341,selected_cal,512,14,0.1987425459423177,0.2494509883406193,63.54602447370203,0.7835365853658537,0.7552056908607483,0.001524390243902439
Electricity,PCA,92341,selected_cal,512,15,0.19352949975939376,0.24422971684301847,61.19869977671926,0.8292682926829268,0.7629616260528564,0.0007621951219512195
Electricity,PCA,92341,selected_cal,512,16,0.1942245126251384,0.24340063891498795,60.54837626945682,0.8201219512195121,0.7716740965843201,0.0011432926829268292
Electricity,PCA,92341,selected_cal,512,17,0.19545642755180603,0.2438891942147039,60.11823411104156,0.8140243902439024,0.7764440178871155,0.0
Electricity,PCA,92341,selected_cal,512,18,0.19317374580006869,0.2425733607124696,60.29579710378879,0.8338414634146342,0.7785787582397461,0.0
Electricity,PCA,92341,selected_cal,512,19,0.184013915799312,0.23101729078998173,58.536725893253234,0.8338414634146342,0.7802959680557251,0.0
Electricity,PCA,92341,selected_cal,512,20,0.18074060950798954,0.2246385002580296,55.7410420441046,0.8490853658536586,0.7757704854011536,0.0
Electricity,PCA,92341,selected_cal,512,21,0.18882507798234874,0.2370595870474526,59.26804641397988,0.8048780487804879,0.7644943594932556,0.0022865853658536584
Electricity,PCA,92341,selected_cal,512,22,0.20354888808947283,0.25200677998936905,64.56856205405259,0.7789634146341463,0.7645384669303894,0.0022865853658536584
Electricity,PCA,92341,selected_cal,512,23,0.19412254063426793,0.24103965955635878,59.29554804359994,0.8170731707317073,0.7685770392417908,0.0013338414634146342
Electricity,PCA,92341,selected_cal,512,24,0.2008865669508839,0.2509203681075598,64.6518463623233,0.8048780487804879,0.7693350911140442,0.00019054878048780488
Electricity,PCA,92341,selected_cal,512,25,0.1981780707571302,0.24843455087659386,63.907944458286934,0.8353658536585366,0.7868167757987976,0.00019054878048780488
Electricity,PCA,92341,selected_cal,512,26,0.19325045866089155,0.24450290513627818,60.606427227578514,0.8185975609756098,0.7985067367553711,0.00019054878048780488
Electricity,PCA,92341,selected_cal,512,27,0.1972119200977713,0.2512812348384865,60.79480996946009,0.8353658536585366,0.8062475919723511,0.00019054878048780488
Electricity,PCA,92341,selected_cal,512,28,0.18939862782621114,0.23999410394771484,59.13912271871799,0.8460365853658537,0.8173093199729919,0.00038109756097560977
Electricity,PCA,92341,selected_cal,512,29,0.19627879094575232,0.24854082517883005,60.23684609808573,0.8185975609756098,0.8137853741645813,0.0007621951219512195
Electricity,PCA,92341,selected_cal,512,30,0.2031749031359789,0.25707364591994647,64.69101427822578,0.8079268292682927,0.8195322751998901,0.00038109756097560977
Electricity,PCA,92341,selected_cal,512,31,0.20564457755477514,0.2555230805623877,65.80933556905607,0.8048780487804879,0.8229653835296631,0.0
Electricity,PCA,92341,selected_cal,512,32,0.20839102047461125,0.26012849620660117,69.55732678204048,0.8125,0.8235911130905151,0.00038109756097560977
Electricity,PCA,92341,selected_cal,512,33,0.20961540975106283,0.25909261998270205,67.86938835934895,0.8277439024390244,0.8260506391525269,0.0
Electricity,PCA,92341,selected_cal,512,34,0.20517376455777966,0.25648614794034397,65.89211323203111,0.8155487804878049,0.8291279673576355,0.0
Electricity,PCA,92341,selected_cal,512,35,0.20266642470698792,0.25035898394553047,63.65106427960279,0.8323170731707317,0.8244753479957581,0.0
Electricity,PCA,92341,selected_cal,512,36,0.20040100279300926,0.24820889499474336,63.59478678354403,0.8201219512195121,0.8209962844848633,0.0
Electricity,PCA,92341,selected_cal,512,37,0.1991665321660957,0.24718218011407223,64.1032076347165,0.7987804878048781,0.8164139986038208,0.0007621951219512195
Electricity,PCA,92341,selected_cal,512,38,0.2089712128733251,0.25933322817193516,67.49772093935711,0.7789634146341463,0.8216686844825745,0.0
Electricity,PCA,92341,selected_cal,512,39,0.19507826174925624,0.24409003594055026,62.38572794053613,0.8338414634146342,0.8332229256629944,0.0
Electricity,PCA,92341,selected_cal,512,40,0.20411271960785107,0.2584032205084117,65.26360588538938,0.8064024390243902,0.8362637162208557,0.0011432926829268292
Electricity,PCA,92341,selected_cal,512,41,0.20405250244454395,0.2512966457950114,64.90243319767278,0.8033536585365854,0.8434129357337952,0.0011432926829268292
Electricity,PCA,92341,selected_cal,512,42,0.19480215826326547,0.24128891686063494,62.58889259943148,0.801829268292683,0.8458048105239868,0.0007621951219512195
Electricity,PCA,92341,selected_cal,512,43,0.1940630616713871,0.2379608589129595,61.219697452173,0.8292682926829268,0.8497685790061951,0.0011432926829268292
Electricity,PCA,92341,selected_cal,512,44,0.19839405638667537,0.24289710634425873,60.445248661971675,0.8307926829268293,0.8418942093849182,0.0007621951219512195
Electricity,PCA,92341,selected_cal,512,45,0.21118665551053664,0.2580862167683658,65.13689110918743,0.8109756097560976,0.8386497497558594,0.0024771341463414634
Electricity,PCA,92341,selected_cal,512,46,0.23195698708546328,0.2821501819785563,69.8904399522921,0.7835365853658537,0.8349661231040955,0.001714939024390244
Electricity,PCA,92341,selected_cal,512,47,0.23114914242146556,0.2816528183684698,70.56001696935515,0.788109756097561,0.8342949748039246,0.0005716463414634146
Electricity,PCA,92341,selected_cal,512,48,0.23567883443663176,0.289490540819336,73.51191983571867,0.7972560975609756,0.8339458703994751,0.0009527439024390244
Electricity,PCA,92341,selected_cal,512,49,0.22486963954085915,0.27536872488866704,71.28308759084562,0.801829268292683,0.8472827076911926,0.00019054878048780488
Electricity,PCA,92341,selected_cal,512,50,0.22067956448846257,0.27258409895852326,71.67446350469822,0.8079268292682927,0.8554311394691467,0.0005716463414634146
Electricity,PCA,92341,selected_cal,512,51,0.21592947232973214,0.2703003345333891,70.63425332743947,0.8353658536585366,0.8609322309494019,0.0007621951219512195
Electricity,PCA,92341,selected_cal,512,52,0.21143920508138522,0.25893530326606695,68.77526451901691,0.8597560975609756,0.86504065990448,0.0011432926829268292
Electricity,PCA,92341,selected_cal,512,53,0.22470848993362325,0.27764612114441267,70.87575401910921,0.7972560975609756,0.8556142449378967,0.0011432926829268292
Electricity,PCA,92341,selected_cal,512,54,0.23634782689793563,0.29578478210371056,75.99626066626573,0.788109756097561,0.8602678179740906,0.0005716463414634146
Electricity,PCA,92341,selected_cal,512,55,0.22567694151840526,0.2829474889938587,72.6846115996198,0.8109756097560976,0.8619822263717651,0.0
Electricity,PCA,92341,selected_cal,512,56,0.23858259639098126,0.2985014325610463,77.20889367126837,0.7911585365853658,0.8667055368423462,0.0011432926829268292
Electricity,PCA,92341,selected_cal,512,57,0.23071994996126144,0.2841750436987285,74.54510103783956,0.8109756097560976,0.8726257681846619,0.0
Electricity,PCA,92341,selected_cal,512,58,0.22712936492796357,0.28275404716432495,73.99522560398754,0.7942073170731707,0.8747175931930542,0.0
Electricity,PCA,92341,selected_cal,512,59,0.21433531766421354,0.2668341004523517,69.32773449362779,0.823170731707317,0.8664253950119019,0.0
Electricity,PCA,92341,selected_cal,512,60,0.20297285474386825,0.2522626072712668,66.25682714508801,0.8445121951219512,0.8630285263061523,0.0
Electricity,PCA,92341,selected_cal,512,61,0.21197848697303742,0.26318038747153805,68.99722537761781,0.8064024390243902,0.8604704737663269,0.0024771341463414634
Electricity,PCA,92341,selected_cal,512,62,0.21863898503308205,0.27032229859589335,68.6186153132741,0.7759146341463414,0.86597740650177,0.0026676829268292685
Electricity,PCA,92341,selected_cal,512,63,0.2191218767280704,0.27538111219970884,68.13537796532235,0.8094512195121951,0.8769078850746155,0.002096036585365854
Electricity,PCA,92341,selected_cal,512,64,0.21938660823458903,0.27048745050265527,70.49739872537008,0.8185975609756098,0.8899368643760681,0.0022865853658536584
Electricity,PCA,92342,raw128,128,1,0.1074057351305696,0.13761981327296796,33.60789119906542,0.8795731707317073,0.5223984122276306,0.0
Electricity,PCA,92342,raw128,128,2,0.13745096845959748,0.17307103498590895,43.72132804917126,0.8384146341463414,0.5953757166862488,0.0
Electricity,PCA,92342,raw128,128,3,0.14673561592555073,0.1817997479917899,46.983636821188576,0.8445121951219512,0.6470555663108826,0.00038109756097560977
Electricity,PCA,92342,raw128,128,4,0.16087834031638973,0.20231390465690036,52.02397313932093,0.8277439024390244,0.6886433959007263,0.0
Electricity,PCA,92342,raw128,128,5,0.17743525769388394,0.2257994693784913,57.07000027633295,0.8033536585365854,0.698867917060852,0.0005716463414634146
Electricity,PCA,92342,raw128,128,6,0.18891550097630147,0.23875130374439826,60.26976021324716,0.7774390243902439,0.7161966562271118,0.00038109756097560977
Electricity,PCA,92342,raw128,128,7,0.21890015326251136,0.27203905637237397,66.59954045458538,0.7850609756097561,0.7272423505783081,0.0
Electricity,PCA,92342,raw128,128,8,0.19531377040878933,0.24691858271806016,63.01130563456838,0.8094512195121951,0.7325722575187683,0.0
Electricity,PCA,92342,raw128,128,9,0.1987632586547034,0.25316468508881274,61.733895441380945,0.8048780487804879,0.7429670691490173,0.0
Electricity,PCA,92342,raw128,128,10,0.19528910909793126,0.24755137541715758,60.08692242459553,0.801829268292683,0.750774085521698,0.0
Electricity,PCA,92342,raw128,128,11,0.1915882834647323,0.2440277903633733,58.91930890664822,0.8201219512195121,0.7547183036804199,0.00019054878048780488
Electricity,PCA,92342,raw128,128,12,0.1911904006587711,0.2392741816422588,59.90869738415974,0.8109756097560976,0.7623918652534485,0.00038109756097560977
Electricity,PCA,92342,raw128,128,13,0.18997017581729442,0.2380912372298704,59.786175867406335,0.7942073170731707,0.757167637348175,0.00038109756097560977
Electricity,PCA,92342,raw128,128,14,0.19857662553496777,0.24924723440728036,63.951102466118044,0.7682926829268293,0.7563039064407349,0.0005716463414634146
Electricity,PCA,92342,raw128,128,15,0.193759357172849,0.24470108766223975,61.8250980958706,0.823170731707317,0.7624723315238953,0.00019054878048780488
Electricity,PCA,92342,raw128,128,16,0.19521765142853006,0.24539837948660384,62.03413439960015,0.8170731707317073,0.7710216045379639,0.00038109756097560977
Electricity,PCA,92342,raw128,128,17,0.19578445641797337,0.24437725956359158,60.95395017251736,0.7987804878048781,0.775775671005249,0.0
Electricity,PCA,92342,raw128,128,18,0.19451937065773636,0.24525008602059928,61.47355355286017,0.8201219512195121,0.7777128219604492,0.0
Electricity,PCA,92342,raw128,128,19,0.18385803232872666,0.230820974633435,58.74742405589034,0.8307926829268293,0.7802131772041321,0.00019054878048780488
Electricity,PCA,92342,raw128,128,20,0.18110421598154672,0.22540144038966142,56.07037631476798,0.8384146341463414,0.7768970727920532,0.0
Electricity,PCA,92342,raw128,128,21,0.18867093424560927,0.2368711329191091,59.30039452343452,0.8079268292682927,0.7654680609703064,0.0024771341463414634
Electricity,PCA,92342,raw128,128,22,0.20460765025935423,0.25273711127523074,65.07725017826732,0.7850609756097561,0.766704797744751,0.0022865853658536584
Electricity,PCA,92342,raw128,128,23,0.1960945677816231,0.24455065745899102,60.2217662392593,0.8155487804878049,0.7761511206626892,0.00019054878048780488
Electricity,PCA,92342,raw128,128,24,0.2024502343209739,0.25298411439723173,65.51821445837254,0.8140243902439024,0.7810096740722656,0.0
Electricity,PCA,92342,raw128,128,25,0.1988201073176272,0.2495564353203823,64.77874562798476,0.8399390243902439,0.7995162606239319,0.00019054878048780488
Electricity,PCA,92342,raw128,128,26,0.193402020859132,0.24489543585373635,61.14179507697501,0.8307926829268293,0.8116924166679382,0.00019054878048780488
Electricity,PCA,92342,raw128,128,27,0.19730730039691238,0.25202252091563565,61.716935785805305,0.850609756097561,0.8211963176727295,0.00019054878048780488
Electricity,PCA,92342,raw128,128,28,0.18957492970945236,0.24146240615694056,60.05122506909254,0.8597560975609756,0.8337133526802063,0.00038109756097560977
Electricity,PCA,92342,raw128,128,29,0.2003589061092731,0.25458971095787275,62.454963532889764,0.8185975609756098,0.8259519338607788,0.00038109756097560977
Electricity,PCA,92342,raw128,128,30,0.20492319982257626,0.25923259897808576,65.5334630128814,0.8079268292682927,0.8329885601997375,0.0
Electricity,PCA,92342,raw128,128,31,0.20707998786135662,0.2573303898537896,66.39755460692615,0.8079268292682927,0.8387951850891113,0.0
Electricity,PCA,92342,raw128,128,32,0.20933602346671581,0.26217277571731973,70.56409695090318,0.8079268292682927,0.8390328288078308,0.0
Electricity,PCA,92342,raw128,128,33,0.21055150674100084,0.26000872557105587,68.62928297461534,0.8292682926829268,0.8409423828125,0.0
Electricity,PCA,92342,raw128,128,34,0.20693682909512962,0.25894651556811016,66.91282594494703,0.8185975609756098,0.8428322672843933,0.0
Electricity,PCA,92342,raw128,128,35,0.20448949894903648,0.2540192492998156,64.81453835091939,0.8277439024390244,0.8401371836662292,0.0
Electricity,PCA,92342,raw128,128,36,0.201245906000895,0.24976818965227549,64.36884039204296,0.8216463414634146,0.8381075263023376,0.0
Electricity,PCA,92342,raw128,128,37,0.19879198690346936,0.24695742336222684,64.45702389972966,0.8048780487804879,0.8302763104438782,0.00019054878048780488
Electricity,PCA,92342,raw128,128,38,0.21039754296185606,0.2611475700053641,68.45361296723529,0.7728658536585366,0.8325425982475281,0.0
Electricity,PCA,92342,raw128,128,39,0.19755832776557278,0.2482570913975168,63.960945187545406,0.8414634146341463,0.8433892130851746,0.0
Electricity,PCA,92342,raw128,128,40,0.20614725533130326,0.2598294797578719,66.22254039020073,0.7972560975609756,0.84710294008255,0.001524390243902439
Electricity,PCA,92342,raw128,128,41,0.20654758389345543,0.2542829624439931,66.37156352764222,0.801829268292683,0.8544104695320129,0.001524390243902439
Electricity,PCA,92342,raw128,128,42,0.19729340154725636,0.24484153282021823,64.18120991311422,0.8003048780487805,0.8563863039016724,0.0009527439024390244
Electricity,PCA,92342,raw128,128,43,0.19596125665780229,0.241889247663507,62.625213262511465,0.8353658536585366,0.860426664352417,0.0013338414634146342
Electricity,PCA,92342,raw128,128,44,0.2001666494408641,0.2455840494846694,61.37159937184031,0.8399390243902439,0.8543691635131836,0.00038109756097560977
Electricity,PCA,92342,raw128,128,45,0.21307937436323118,0.261416603404983,66.26991960478992,0.8140243902439024,0.8489781618118286,0.002096036585365854
Electricity,PCA,92342,raw128,128,46,0.23305404152305711,0.2841991574143929,70.67914747610325,0.7942073170731707,0.8453687429428101,0.001524390243902439
Electricity,PCA,92342,raw128,128,47,0.23169376120144755,0.28298938225493026,70.89680207647929,0.7987804878048781,0.8510775566101074,0.00019054878048780488
Electricity,PCA,92342,raw128,128,48,0.23619985520578754,0.2901642075943959,73.5940263678388,0.7972560975609756,0.854543924331665,0.00019054878048780488
Electricity,PCA,92342,raw128,128,49,0.22414442549557956,0.2749500598256664,71.28453268655916,0.8125,0.8669840097427368,0.00019054878048780488
Electricity,PCA,92342,raw128,128,50,0.22124545126072356,0.27437964879899646,71.86578772707684,0.8109756097560976,0.8735922574996948,0.0
Electricity,PCA,92342,raw128,128,51,0.21614561242208785,0.26921456019066015,70.05173287740568,0.8460365853658537,0.881240963935852,0.0
Electricity,PCA,92342,raw128,128,52,0.2118821807431439,0.2584305839500342,68.46763689925031,0.8673780487804879,0.8861418962478638,0.0005716463414634146
Electricity,PCA,92342,raw128,128,53,0.22734960509646207,0.28097925043087374,71.48728202028973,0.8155487804878049,0.8740777969360352,0.0005716463414634146
Electricity,PCA,92342,raw128,128,54,0.2384652353031862,0.29729695277147694,76.48074034946721,0.788109756097561,0.8791907429695129,0.0005716463414634146
Electricity,PCA,92342,raw128,128,55,0.227099316501744,0.2846771820751895,73.30225251360638,0.8170731707317073,0.883046567440033,0.0
Electricity,PCA,92342,raw128,128,56,0.24048255872569793,0.2992762696928069,77.47513154657875,0.8003048780487805,0.8883745074272156,0.0009527439024390244
Electricity,PCA,92342,raw128,128,57,0.23241948766766,0.284281958425876,74.92306927936833,0.8140243902439024,0.8943285346031189,0.0
Electricity,PCA,92342,raw128,128,58,0.22950014501297866,0.2840277690854178,74.52142779420062,0.7972560975609756,0.8952671885490417,0.00019054878048780488
Electricity,PCA,92342,raw128,128,59,0.21631344546792405,0.269410934628618,70.23137846225646,0.8109756097560976,0.8885692358016968,0.0
Electricity,PCA,92342,raw128,128,60,0.2047983232294725,0.25335625875782275,66.7605319604641,0.8551829268292683,0.8859239816665649,0.0
Electricity,PCA,92342,raw128,128,61,0.21400180250709588,0.26472388035715994,69.8378337301859,0.8155487804878049,0.8818576335906982,0.002096036585365854
Electricity,PCA,92342,raw128,128,62,0.22099088791844895,0.27148114633571296,69.42595776115975,0.788109756097561,0.8853091597557068,0.0026676829268292685
Electricity,PCA,92342,raw128,128,63,0.22120200179733698,0.2777245197040578,69.17223852436717,0.8185975609756098,0.8951364755630493,0.002096036585365854
Electricity,PCA,92342,raw128,128,64,0.2219881095136287,0.2746712515034342,72.17646681390157,0.8185975609756098,0.9082877039909363,0.002096036585365854
Electricity,PCA,92342,selected_raw,512,1,0.10686623257521144,0.13692461189226954,33.36682014930539,0.8765243902439024,0.5104894638061523,0.0
Electricity,PCA,92342,selected_raw,512,2,0.13661414606077446,0.1726677388342289,43.58445178008661,0.8277439024390244,0.5829021334648132,0.0
Electricity,PCA,92342,selected_raw,512,3,0.14664275859791387,0.1816558403251252,46.86357179502161,0.8323170731707317,0.6327614784240723,0.0009527439024390244
Electricity,PCA,92342,selected_raw,512,4,0.1610320507448566,0.202716937567884,52.153408445963045,0.8125,0.6723552942276001,0.00038109756097560977
Electricity,PCA,92342,selected_raw,512,5,0.17589245388402372,0.22251286741869952,56.182902894368986,0.7911585365853658,0.6831167936325073,0.0005716463414634146
Electricity,PCA,92342,selected_raw,512,6,0.18877601541393998,0.23772321256613022,60.02192977579629,0.760670731707317,0.6972390413284302,0.00038109756097560977
Electricity,PCA,92342,selected_raw,512,7,0.21769190801016483,0.26939225359248786,65.71754706778178,0.7774390243902439,0.7075151801109314,0.0
Electricity,PCA,92342,selected_raw,512,8,0.19401694884868478,0.24480218718632304,62.27498281292799,0.7972560975609756,0.7130266427993774,0.0
Electricity,PCA,92342,selected_raw,512,9,0.19791041248423216,0.25186649610626904,61.14142948243676,0.7957317073170732,0.7240170836448669,0.0
Electricity,PCA,92342,selected_raw,512,10,0.19385193092890582,0.24518571736696193,59.30453170218119,0.7926829268292683,0.7315675020217896,0.0
Electricity,PCA,92342,selected_raw,512,11,0.19002296260359175,0.2410042484098951,57.852503497426106,0.8155487804878049,0.7351163625717163,0.0005716463414634146
Electricity,PCA,92342,selected_raw,512,12,0.18949226030221958,0.23758111581608063,59.157449640878816,0.8109756097560976,0.7410069704055786,0.00038109756097560977
Electricity,PCA,92342,selected_raw,512,13,0.18877252726540908,0.23632323196348246,59.04320037655714,0.7926829268292683,0.7358052134513855,0.0011432926829268292
Electricity,PCA,92342,selected_raw,512,14,0.19862357556496785,0.24933603624498685,63.60134087539301,0.7667682926829268,0.7330226898193359,0.001524390243902439
Electricity,PCA,92342,selected_raw,512,15,0.193939512771764,0.2457823725343017,61.93492918479733,0.8185975609756098,0.7399922013282776,0.0007621951219512195
Electricity,PCA,92342,selected_raw,512,16,0.19437477208642498,0.2443373407649587,61.27801505530753,0.8079268292682927,0.7494584321975708,0.001524390243902439
Electricity,PCA,92342,selected_raw,512,17,0.19518085313352065,0.24358503500037795,60.407469295873874,0.7911585365853658,0.7543016076087952,0.0
Electricity,PCA,92342,selected_raw,512,18,0.19281403152222465,0.24235305090657294,60.481372705320034,0.8048780487804879,0.7553367018699646,0.0
Electricity,PCA,92342,selected_raw,512,19,0.18249810317748574,0.22913780766216543,58.13951656295032,0.8262195121951219,0.7567465305328369,0.0
Electricity,PCA,92342,selected_raw,512,20,0.1801232995675067,0.22453044110348994,55.69419388654755,0.8384146341463414,0.7527662515640259,0.00019054878048780488
Electricity,PCA,92342,selected_raw,512,21,0.18779372795744928,0.23594537747947694,58.977234177473115,0.7926829268292683,0.7425017952919006,0.0022865853658536584
Electricity,PCA,92342,selected_raw,512,22,0.20415653378285756,0.25215988905315484,64.77368619965344,0.7652439024390244,0.7399722933769226,0.0019054878048780487
Electricity,PCA,92342,selected_raw,512,23,0.19366113578681016,0.24070213115354283,59.20981902610965,0.8064024390243902,0.7487850189208984,0.0005716463414634146
Electricity,PCA,92342,selected_raw,512,24,0.2006780664006479,0.2504421706087119,64.68032014660719,0.7896341463414634,0.7521017789840698,0.00019054878048780488
Electricity,PCA,92342,selected_raw,512,25,0.19741249169309716,0.24750800783682195,63.98180125399334,0.8246951219512195,0.7711411118507385,0.00019054878048780488
Electricity,PCA,92342,selected_raw,512,26,0.19241198921134378,0.24353526748644735,60.49313601051889,0.8216463414634146,0.7832987904548645,0.00019054878048780488
Electricity,PCA,92342,selected_raw,512,27,0.196207899208152,0.25015537705453467,60.762427946416345,0.8384146341463414,0.7925383448600769,0.00038109756097560977
Electricity,PCA,92342,selected_raw,512,28,0.18880072814930213,0.23976202746346315,59.30761079090397,0.8399390243902439,0.8044796586036682,0.0005716463414634146
Electricity,PCA,92342,selected_raw,512,29,0.1974934893931324,0.2503196347855291,61.008766976798455,0.8094512195121951,0.7984992265701294,0.0005716463414634146
Electricity,PCA,92342,selected_raw,512,30,0.20409866694919196,0.2590911409412972,65.2770250483257,0.7987804878048781,0.8034030795097351,0.0
Electricity,PCA,92342,selected_raw,512,31,0.205546449983739,0.2551148234985055,65.89534593209987,0.7987804878048781,0.810049831867218,0.0
Electricity,PCA,92342,selected_raw,512,32,0.2072977609285854,0.25895976377699104,69.55954464470467,0.7972560975609756,0.811469316482544,0.0
Electricity,PCA,92342,selected_raw,512,33,0.20926644837401506,0.2589175674156264,68.26033567800755,0.8185975609756098,0.8143877387046814,0.0
Electricity,PCA,92342,selected_raw,512,34,0.2048372115974591,0.2562353420572595,66.17049937131928,0.8033536585365854,0.8162659406661987,0.0
Electricity,PCA,92342,selected_raw,512,35,0.20243250030295404,0.2516210370649249,64.17985317183704,0.823170731707317,0.8123021721839905,0.0
Electricity,PCA,92342,selected_raw,512,36,0.2002718636092671,0.2489166645654025,63.96225942053446,0.8170731707317073,0.8090753555297852,0.0
Electricity,PCA,92342,selected_raw,512,37,0.1980929425777317,0.24681266176726932,64.1969231745092,0.7926829268292683,0.8015826344490051,0.0007621951219512195
Electricity,PCA,92342,selected_raw,512,38,0.20849337284773298,0.2591383556211169,67.57325671358807,0.7591463414634146,0.8021963238716125,0.00038109756097560977
Electricity,PCA,92342,selected_raw,512,39,0.1950970446784387,0.2451183345859219,62.7273225202793,0.8262195121951219,0.8136155009269714,0.0007621951219512195
Electricity,PCA,92342,selected_raw,512,40,0.20470296733747187,0.25836465373859646,65.35496509365919,0.7957317073170732,0.8171103000640869,0.0024771341463414634
Electricity,PCA,92342,selected_raw,512,41,0.20509913714674805,0.2529445022432288,65.588127903822,0.7911585365853658,0.8242166042327881,0.001714939024390244
Electricity,PCA,92342,selected_raw,512,42,0.19590007133906023,0.24338557313146772,63.48099114255207,0.7942073170731707,0.8252993226051331,0.0007621951219512195
Electricity,PCA,92342,selected_raw,512,43,0.19450347154620992,0.2401857470469251,61.90062084430602,0.8140243902439024,0.828409731388092,0.0013338414634146342
Electricity,PCA,92342,selected_raw,512,44,0.1984323729622425,0.2435966486883972,60.745942650771724,0.8216463414634146,0.8222229480743408,0.0005716463414634146
Electricity,PCA,92342,selected_raw,512,45,0.2108630679440326,0.2578997935985553,65.25787908274953,0.8094512195121951,0.8190257549285889,0.0019054878048780487
Electricity,PCA,92342,selected_raw,512,46,0.2321769719491789,0.28198183733839166,69.96301570752772,0.7728658536585366,0.812857449054718,0.0013338414634146342
Electricity,PCA,92342,selected_raw,512,47,0.23081838313640934,0.2809194221489205,70.36137532024848,0.7835365853658537,0.8185328841209412,0.00038109756097560977
Electricity,PCA,92342,selected_raw,512,48,0.23523785832333233,0.2890499382723322,73.17044732628798,0.7850609756097561,0.8220818042755127,0.00019054878048780488
Electricity,PCA,92342,selected_raw,512,49,0.22357661240003093,0.27411060517268065,70.77410165275016,0.8003048780487805,0.8360574245452881,0.0
Electricity,PCA,92342,selected_raw,512,50,0.2195785027064238,0.27194788790479885,71.28698086157078,0.8048780487804879,0.8436598181724548,0.0
Electricity,PCA,92342,selected_raw,512,51,0.21484818541802492,0.2685198472007785,69.8897116009782,0.8399390243902439,0.8505744934082031,0.00019054878048780488
Electricity,PCA,92342,selected_raw,512,52,0.2116152491588336,0.25968043057520795,68.9269839147242,0.8536585365853658,0.8550736904144287,0.0007621951219512195
Electricity,PCA,92342,selected_raw,512,53,0.22614897316612081,0.2794860368985542,71.24766915018965,0.7942073170731707,0.8444857597351074,0.0011432926829268292
Electricity,PCA,92342,selected_raw,512,54,0.2381902426882178,0.29796992158660834,76.56305909738307,0.7698170731707317,0.8471968173980713,0.0005716463414634146
Electricity,PCA,92342,selected_raw,512,55,0.22573875243613042,0.28387725505863565,72.92192711481233,0.8064024390243902,0.8508340716362,0.0
Electricity,PCA,92342,selected_raw,512,56,0.23924390521102762,0.29826612814174486,77.20962812842393,0.7911585365853658,0.8569007515907288,0.0013338414634146342
Electricity,PCA,92342,selected_raw,512,57,0.23180904876033975,0.28389051623543193,74.58468907053877,0.8064024390243902,0.86381596326828,0.0
Electricity,PCA,92342,selected_raw,512,58,0.2284220319591715,0.28307601523928533,74.08977281756518,0.774390243902439,0.8651524782180786,0.00038109756097560977
Electricity,PCA,92342,selected_raw,512,59,0.21532597803198913,0.2674229677874367,69.59846898986072,0.8140243902439024,0.8581446409225464,0.0
Electricity,PCA,92342,selected_raw,512,60,0.20312478788664062,0.25227856764031964,66.26414109439385,0.8414634146341463,0.855170488357544,0.0
Electricity,PCA,92342,selected_raw,512,61,0.21265792608369966,0.2634082727841908,69.13225915955334,0.8033536585365854,0.8508328795433044,0.0024771341463414634
Electricity,PCA,92342,selected_raw,512,62,0.2188463944823419,0.26948877031755286,68.56204881900695,0.7728658536585366,0.8525946140289307,0.002858231707317073
Electricity,PCA,92342,selected_raw,512,63,0.2202603622253056,0.27696645758571325,68.90629432259536,0.801829268292683,0.8635408282279968,0.0024771341463414634
Electricity,PCA,92342,selected_raw,512,64,0.221343288596065,0.275517387207871,72.1324591520356,0.8155487804878049,0.8782393336296082,0.002096036585365854
Electricity,PCA,92342,selected_cal,512,1,0.10686623257521144,0.13692461189226954,33.36682014930539,0.8765243902439024,0.5104894638061523,0.0
Electricity,PCA,92342,selected_cal,512,2,0.13661414606077446,0.1726677388342289,43.58445178008661,0.8277439024390244,0.5829021334648132,0.0
Electricity,PCA,92342,selected_cal,512,3,0.14664275860761483,0.1816558403251252,46.86357179502161,0.8323170731707317,0.6327614784240723,0.0009527439024390244
Electricity,PCA,92342,selected_cal,512,4,0.161032050743644,0.202716937567884,52.153408445963045,0.8125,0.6723552942276001,0.00038109756097560977
Electricity,PCA,92342,selected_cal,512,5,0.17589245388281105,0.22251286741869952,56.182902894368986,0.7911585365853658,0.6831167936325073,0.0005716463414634146
Electricity,PCA,92342,selected_cal,512,6,0.18877601541393998,0.23772321256613022,60.02192977579629,0.760670731707317,0.6972390413284302,0.00038109756097560977
Electricity,PCA,92342,selected_cal,512,7,0.21769190801016483,0.26939225359248786,65.71754706778178,0.7774390243902439,0.7075151801109314,0.0
Electricity,PCA,92342,selected_cal,512,8,0.19401694884989742,0.24480218718632304,62.27498281292799,0.7972560975609756,0.7130266427993774,0.0
Electricity,PCA,92342,selected_cal,512,9,0.19791041248423216,0.25186649610626904,61.14142948243676,0.7957317073170732,0.7240170836448669,0.0
Electricity,PCA,92342,selected_cal,512,10,0.19385193092396694,0.24518571736696193,59.30453170218119,0.7926829268292683,0.7315675020217896,0.0
Electricity,PCA,92342,selected_cal,512,11,0.19002296260853066,0.2410042484098951,57.852503497426106,0.8155487804878049,0.7351163625717163,0.0005716463414634146
Electricity,PCA,92342,selected_cal,512,12,0.18949226030594588,0.23758111581608063,59.157449640878816,0.8109756097560976,0.7410069704055786,0.00038109756097560977
Electricity,PCA,92342,selected_cal,512,13,0.18877252726540908,0.23632323196348246,59.04320037655714,0.7926829268292683,0.7358052134513855,0.0011432926829268292
Electricity,PCA,92342,selected_cal,512,14,0.19862357556124158,0.24933603624498685,63.60134087539301,0.7667682926829268,0.7330226898193359,0.001524390243902439
Electricity,PCA,92342,selected_cal,512,15,0.193939512771764,0.2457823725343017,61.93492918479733,0.8185975609756098,0.7399922013282776,0.0007621951219512195
Electricity,PCA,92342,selected_cal,512,16,0.19437477208521237,0.2443373407649587,61.27801505530753,0.8079268292682927,0.7494584321975708,0.001524390243902439
Electricity,PCA,92342,selected_cal,512,17,0.19518085313352065,0.24358503500037795,60.407469295873874,0.7911585365853658,0.7543016076087952,0.0
Electricity,PCA,92342,selected_cal,512,18,0.19281403152222465,0.24235305090657294,60.481372705320034,0.8048780487804879,0.7553367018699646,0.0
Electricity,PCA,92342,selected_cal,512,19,0.18249810317748574,0.22913780766216543,58.13951656295032,0.8262195121951219,0.7567465305328369,0.0
Electricity,PCA,92342,selected_cal,512,20,0.1801232995675067,0.22453044110348994,55.69419388654755,0.8384146341463414,0.7527662515640259,0.00019054878048780488
Electricity,PCA,92342,selected_cal,512,21,0.18779372795744928,0.23594537747947694,58.977234177473115,0.7926829268292683,0.7425017952919006,0.0022865853658536584
Electricity,PCA,92342,selected_cal,512,22,0.20415653378285756,0.25215988905315484,64.77368619965344,0.7652439024390244,0.7399722933769226,0.0019054878048780487
Electricity,PCA,92342,selected_cal,512,23,0.19366113578681016,0.24070213115354283,59.20981902610965,0.8064024390243902,0.7487850189208984,0.0005716463414634146
Electricity,PCA,92342,selected_cal,512,24,0.20067806640307312,0.2504421706087119,64.68032014660719,0.7896341463414634,0.7521017789840698,0.00019054878048780488
Electricity,PCA,92342,selected_cal,512,25,0.19741249169188457,0.24750800783682195,63.98180125399334,0.8246951219512195,0.7711411118507385,0.00019054878048780488
Electricity,PCA,92342,selected_cal,512,26,0.19241198920891855,0.24353526748644735,60.49313601051889,0.8216463414634146,0.7832987904548645,0.00019054878048780488
Electricity,PCA,92342,selected_cal,512,27,0.19620789921057719,0.25015537705453467,60.762427946416345,0.8384146341463414,0.7925383448600769,0.00038109756097560977
Electricity,PCA,92342,selected_cal,512,28,0.18880072815172735,0.23976202746346315,59.30761079090397,0.8399390243902439,0.8044796586036682,0.0005716463414634146
Electricity,PCA,92342,selected_cal,512,29,0.19749348939434505,0.2503196347855291,61.008766976798455,0.8094512195121951,0.7984992265701294,0.0005716463414634146
Electricity,PCA,92342,selected_cal,512,30,0.20409866694919196,0.2590911409412972,65.2770250483257,0.7987804878048781,0.8034030795097351,0.0
Electricity,PCA,92342,selected_cal,512,31,0.205546449983739,0.2551148234985055,65.89534593209987,0.7987804878048781,0.810049831867218,0.0
Electricity,PCA,92342,selected_cal,512,32,0.2072977609285854,0.25895976377699104,69.55954464470467,0.7972560975609756,0.811469316482544,0.0
Electricity,PCA,92342,selected_cal,512,33,0.2092664483521879,0.2589175674156264,68.26033567800755,0.8185975609756098,0.8143877387046814,0.0
Electricity,PCA,92342,selected_cal,512,34,0.20483721159494545,0.2562353420572595,66.17049937131928,0.8033536585365854,0.8162659406661987,0.0
Electricity,PCA,92342,selected_cal,512,35,0.20243250030901713,0.2516210370649249,64.17985317183704,0.823170731707317,0.8123021721839905,0.0
Electricity,PCA,92342,selected_cal,512,36,0.20027186361420599,0.2489166645654025,63.96225942053446,0.8170731707317073,0.8090753555297852,0.0
Electricity,PCA,92342,selected_cal,512,37,0.19809294257894428,0.24681266176726932,64.1969231745092,0.7926829268292683,0.8015826344490051,0.0007621951219512195
Electricity,PCA,92342,selected_cal,512,38,0.20849337286479808,0.2591383556211169,67.57325671358807,0.7591463414634146,0.8021963238716125,0.00038109756097560977
Electricity,PCA,92342,selected_cal,512,39,0.19509704467592504,0.2451183345859219,62.7273225202793,0.8262195121951219,0.8136155009269714,0.0007621951219512195
Electricity,PCA,92342,selected_cal,512,40,0.20470296733747187,0.25836465373859646,65.35496509365919,0.7957317073170732,0.8171103000640869,0.0024771341463414634
Electricity,PCA,92342,selected_cal,512,41,0.20509913714553546,0.2529445022432288,65.588127903822,0.7911585365853658,0.8242166042327881,0.001714939024390244
Electricity,PCA,92342,selected_cal,512,42,0.19590007133906023,0.24338557313146772,63.48099114255207,0.7942073170731707,0.8252993226051331,0.0007621951219512195
Electricity,PCA,92342,selected_cal,512,43,0.19450347155469827,0.2401857470469251,61.90062084430602,0.8140243902439024,0.828409731388092,0.0013338414634146342
Electricity,PCA,92342,selected_cal,512,44,0.19843237296588032,0.2435966486883972,60.745942650771724,0.8216463414634146,0.8222229480743408,0.0005716463414634146
Electricity,PCA,92342,selected_cal,512,45,0.2108630679452452,0.2578997935985553,65.25787908274953,0.8094512195121951,0.8190257549285889,0.0019054878048780487
Electricity,PCA,92342,selected_cal,512,46,0.23217697195645468,0.28198183733839166,69.96301570752772,0.7728658536585366,0.812857449054718,0.0013338414634146342
Electricity,PCA,92342,selected_cal,512,47,0.23081838313883457,0.2809194221489205,70.36137532024848,0.7835365853658537,0.8185328841209412,0.00038109756097560977
Electricity,PCA,92342,selected_cal,512,48,0.23523785832333233,0.2890499382723322,73.17044732628798,0.7850609756097561,0.8220818042755127,0.00019054878048780488
Electricity,PCA,92342,selected_cal,512,49,0.22357661240003093,0.27411060517268065,70.77410165275016,0.8003048780487805,0.8360574245452881,0.0
Electricity,PCA,92342,selected_cal,512,50,0.21957850270157334,0.27194788790479885,71.28698086157078,0.8048780487804879,0.8436598181724548,0.0
Electricity,PCA,92342,selected_cal,512,51,0.21484818542408807,0.2685198472007785,69.8897116009782,0.8399390243902439,0.8505744934082031,0.00019054878048780488
Electricity,PCA,92342,selected_cal,512,52,0.21161524916853455,0.25968043057520795,68.9269839147242,0.8536585365853658,0.8550736904144287,0.0007621951219512195
Electricity,PCA,92342,selected_cal,512,53,0.22614897316248295,0.2794860368985542,71.24766915018965,0.7942073170731707,0.8444857597351074,0.0011432926829268292
Electricity,PCA,92342,selected_cal,512,54,0.2381902426857926,0.29796992158660834,76.56305909738307,0.7698170731707317,0.8471968173980713,0.0005716463414634146
Electricity,PCA,92342,selected_cal,512,55,0.22573875243127997,0.28387725505863565,72.92192711481233,0.8064024390243902,0.8508340716362,0.0
Electricity,PCA,92342,selected_cal,512,56,0.23924390521596653,0.29826612814174486,77.20962812842393,0.7911585365853658,0.8569007515907288,0.0013338414634146342
Electricity,PCA,92342,selected_cal,512,57,0.2318090487798301,0.28389051623543193,74.58468907053877,0.8064024390243902,0.86381596326828,0.0
Electricity,PCA,92342,selected_cal,512,58,0.22842203195068314,0.28307601523928533,74.08977281756518,0.774390243902439,0.8651524782180786,0.00038109756097560977
Electricity,PCA,92342,selected_cal,512,59,0.21532597803450282,0.2674229677874367,69.59846898986072,0.8140243902439024,0.8581446409225464,0.0
Electricity,PCA,92342,selected_cal,512,60,0.20312478788794167,0.25227856764031964,66.26414109439385,0.8414634146341463,0.855170488357544,0.0
Electricity,PCA,92342,selected_cal,512,61,0.21265792610804046,0.2634082727841908,69.13225915955334,0.8033536585365854,0.8508328795433044,0.0024771341463414634
Electricity,PCA,92342,selected_cal,512,62,0.2188463944593021,0.26948877031755286,68.56204881900695,0.7728658536585366,0.8525946140289307,0.002858231707317073
Electricity,PCA,92342,selected_cal,512,63,0.220260362224093,0.27696645758571325,68.90629432259536,0.801829268292683,0.8635408282279968,0.0024771341463414634
Electricity,PCA,92342,selected_cal,512,64,0.22134328859363975,0.275517387207871,72.1324591520356,0.8155487804878049,0.8782393336296082,0.002096036585365854
Electricity,RANDOM,92341,raw128,128,1,0.10810678960661486,0.13798554378812103,33.73443375564203,0.8826219512195121,0.5307626128196716,0.0
Electricity,RANDOM,92341,raw128,128,2,0.138047911604413,0.17420283067541473,43.97266184411398,0.8338414634146342,0.601043164730072,0.0
Electricity,RANDOM,92341,raw128,128,3,0.14753069875192748,0.1828185136420118,47.336336833674736,0.8353658536585366,0.6508772969245911,0.0005716463414634146
Electricity,RANDOM,92341,raw128,128,4,0.1613184384376608,0.2030583544757224,52.35789330412702,0.8277439024390244,0.691530168056488,0.00038109756097560977
Electricity,RANDOM,92341,raw128,128,5,0.177052599068715,0.22466793078348585,56.85048692982371,0.7911585365853658,0.700568675994873,0.0005716463414634146
Electricity,RANDOM,92341,raw128,128,6,0.18949326570428163,0.2393999437151672,60.522644996643066,0.7759146341463414,0.7132703065872192,0.00038109756097560977
Electricity,RANDOM,92341,raw128,128,7,0.21926217535245796,0.27245143743155265,66.60150219754475,0.7865853658536586,0.7221317887306213,0.0
Electricity,RANDOM,92341,raw128,128,8,0.19541837369950738,0.24739984221442451,63.10442930314599,0.8033536585365854,0.7253974080085754,0.0
Electricity,RANDOM,92341,raw128,128,9,0.1996697599161441,0.253814249441251,61.75137662887573,0.7987804878048781,0.7346925735473633,0.0
Electricity,RANDOM,92341,raw128,128,10,0.19520746217111815,0.24753197161253937,60.04672943673483,0.7987804878048781,0.7409870624542236,0.0
Electricity,RANDOM,92341,raw128,128,11,0.19133313784086953,0.2432615354375316,58.62538423770812,0.8109756097560976,0.7449656128883362,0.0
Electricity,RANDOM,92341,raw128,128,12,0.1910777517643569,0.2389971594393433,59.82373259707195,0.8094512195121951,0.7533167600631714,0.00019054878048780488
Electricity,RANDOM,92341,raw128,128,13,0.18971818187062295,0.23739528556153922,59.628266520616485,0.7911585365853658,0.7487955093383789,0.00038109756097560977
Electricity,RANDOM,92341,raw128,128,14,0.19868726373238185,0.24901020488557032,63.88578892917168,0.7652439024390244,0.7453809380531311,0.00019054878048780488
Electricity,RANDOM,92341,raw128,128,15,0.19303385924431027,0.24340221660785735,61.376853931240916,0.823170731707317,0.7512577176094055,0.0
Electricity,RANDOM,92341,raw128,128,16,0.1947552410439703,0.2450169462025994,61.75393137117712,0.8109756097560976,0.7591475248336792,0.00019054878048780488
Electricity,RANDOM,92341,raw128,128,17,0.195894044700334,0.24452636726073088,60.889028444522765,0.7957317073170732,0.7621423602104187,0.0
Electricity,RANDOM,92341,raw128,128,18,0.19459999925952498,0.24558824310883998,61.5559209730567,0.8216463414634146,0.7638315558433533,0.0
Electricity,RANDOM,92341,raw128,128,19,0.18400750604667113,0.23119627971753573,58.72303982478817,0.8292682926829268,0.7676352262496948,0.00019054878048780488
Electricity,RANDOM,92341,raw128,128,20,0.18073015511147955,0.22573662383709078,56.18990767874369,0.8353658536585366,0.7661350965499878,0.0005716463414634146
Electricity,RANDOM,92341,raw128,128,21,0.18833898062117188,0.23676191398985683,59.31909497191266,0.8079268292682927,0.7563220858573914,0.003048780487804878
Electricity,RANDOM,92341,raw128,128,22,0.20483419686463386,0.2531440808002873,65.27971409588325,0.7774390243902439,0.7561100721359253,0.0024771341463414634
Electricity,RANDOM,92341,raw128,128,23,0.1966180584456796,0.24577627478556685,60.68821003378891,0.8125,0.764613926410675,0.00019054878048780488
Electricity,RANDOM,92341,raw128,128,24,0.20214920455124438,0.2532386284152342,65.64528020998327,0.8033536585365854,0.7673742175102234,0.0
Electricity,RANDOM,92341,raw128,128,25,0.19880542226328574,0.2492906632864184,64.66828077595409,0.8338414634146342,0.7852569222450256,0.00038109756097560977
Electricity,RANDOM,92341,raw128,128,26,0.19345365119638483,0.24507929759697852,61.216183069275644,0.823170731707317,0.7971315979957581,0.00038109756097560977
Electricity,RANDOM,92341,raw128,128,27,0.1974213126567822,0.25248712913455285,61.819556166486045,0.8384146341463414,0.806886613368988,0.0005716463414634146
Electricity,RANDOM,92341,raw128,128,28,0.18943988952519228,0.24146215667636012,60.07556180256169,0.8490853658536586,0.8201731443405151,0.0005716463414634146
Electricity,RANDOM,92341,raw128,128,29,0.1992139574447023,0.25289190283941937,61.83209773970813,0.8125,0.8122286200523376,0.0007621951219512195
Electricity,RANDOM,92341,raw128,128,30,0.20543211159854552,0.25987719129414344,65.78765700503094,0.7926829268292683,0.8153850436210632,0.00019054878048780488
Electricity,RANDOM,92341,raw128,128,31,0.20735830397176777,0.25770843830006385,66.53666767259924,0.8109756097560976,0.8204221129417419,0.0
Electricity,RANDOM,92341,raw128,128,32,0.20924903830014996,0.26229516400283803,70.65728013108416,0.7987804878048781,0.8196885585784912,0.0
Electricity,RANDOM,92341,raw128,128,33,0.210459116762621,0.2604068584954375,68.66709696374288,0.8140243902439024,0.8209112882614136,0.0
Electricity,RANDOM,92341,raw128,128,34,0.20682747283896502,0.25887568685557616,67.01933470004943,0.8094512195121951,0.8226333260536194,0.0
Electricity,RANDOM,92341,raw128,128,35,0.20395171711948573,0.2530722877982961,64.5945908499927,0.8216463414634146,0.8206652998924255,0.0
Electricity,RANDOM,92341,raw128,128,36,0.20098741334061934,0.24963664964461127,64.3342497523238,0.8201219512195121,0.8196253776550293,0.0
Electricity,RANDOM,92341,raw128,128,37,0.19861866949259738,0.24634071727097895,64.26836692996142,0.7926829268292683,0.8123424649238586,0.00038109756097560977
Electricity,RANDOM,92341,raw128,128,38,0.20951993302937727,0.2590784108319862,67.82561482452765,0.7682926829268293,0.8127835988998413,0.0
Electricity,RANDOM,92341,raw128,128,39,0.19731043669726792,0.24713118996088956,63.626978746274624,0.8277439024390244,0.8238344788551331,0.0
Electricity,RANDOM,92341,raw128,128,40,0.2061603648499722,0.2594402229710898,66.01530461195038,0.7972560975609756,0.8266176581382751,0.0009527439024390244
Electricity,RANDOM,92341,raw128,128,41,0.20684021715116108,0.2544673198254395,66.34233508458952,0.7896341463414634,0.8328173756599426,0.0013338414634146342
Electricity,RANDOM,92341,raw128,128,42,0.19745989315513968,0.24436203852524097,63.98009777069092,0.7926829268292683,0.8351553678512573,0.0011432926829268292
Electricity,RANDOM,92341,raw128,128,43,0.19553604716634418,0.24118697846050674,62.440979062057124,0.8216463414634146,0.8404076099395752,0.001524390243902439
Electricity,RANDOM,92341,raw128,128,44,0.19962151255696214,0.24499460711004287,61.213575851626516,0.8307926829268293,0.8358196020126343,0.0005716463414634146
Electricity,RANDOM,92341,raw128,128,45,0.21242175032414506,0.2603754973973779,65.86554505185383,0.8079268292682927,0.8318524360656738,0.0026676829268292685
Electricity,RANDOM,92341,raw128,128,46,0.23298184385089918,0.2838511567544641,70.47150675843402,0.7804878048780488,0.8269013166427612,0.001524390243902439
Electricity,RANDOM,92341,raw128,128,47,0.2335447048972654,0.2854298723823208,71.51918803191766,0.7911585365853658,0.8316170573234558,0.00019054878048780488
Electricity,RANDOM,92341,raw128,128,48,0.23646915874412663,0.2904693540123582,73.6602080624278,0.7926829268292683,0.8336308002471924,0.00019054878048780488
Electricity,RANDOM,92341,raw128,128,49,0.22435281271550675,0.2752625395212874,71.3824700495092,0.8109756097560976,0.8459497690200806,0.00019054878048780488
Electricity,RANDOM,92341,raw128,128,50,0.221854858991473,0.27448785320437075,71.970569564075,0.8048780487804879,0.8524404168128967,0.0
Electricity,RANDOM,92341,raw128,128,51,0.21614354267333022,0.26909630688732855,70.17303083001113,0.8353658536585366,0.8602069616317749,0.0
Electricity,RANDOM,92341,raw128,128,52,0.211974682358034,0.2585399907399485,68.53031427104298,0.8628048780487805,0.866230309009552,0.0007621951219512195
Electricity,RANDOM,92341,raw128,128,53,0.2268033067404001,0.27882064278831975,70.87433209070345,0.7957317073170732,0.8542987704277039,0.0007621951219512195
Electricity,RANDOM,92341,raw128,128,54,0.23774286583662577,0.2957821351712373,76.07619962459657,0.7804878048780488,0.8553440570831299,0.0005716463414634146
Electricity,RANDOM,92341,raw128,128,55,0.22801152097398944,0.2845649606741977,73.1450842996923,0.8033536585365854,0.8585677742958069,0.0
Electricity,RANDOM,92341,raw128,128,56,0.2408393238951937,0.2995282540807174,77.48527061648485,0.7850609756097561,0.8629891276359558,0.0009527439024390244
Electricity,RANDOM,92341,raw128,128,57,0.2325930369545049,0.2844943941392501,74.93366852039244,0.8048780487804879,0.8680899739265442,0.0
Electricity,RANDOM,92341,raw128,128,58,0.2292305207145963,0.28383430992690295,74.41325452851086,0.7820121951219512,0.8687723875045776,0.00038109756097560977
Electricity,RANDOM,92341,raw128,128,59,0.2159509377278027,0.2684900582425546,69.89448200784078,0.8064024390243902,0.8628714680671692,0.0
Electricity,RANDOM,92341,raw128,128,60,0.20430737786766645,0.2524291474163901,66.5048780557586,0.8429878048780488,0.8615028858184814,0.0
Electricity,RANDOM,92341,raw128,128,61,0.2132756883419621,0.2638688179502053,69.5923148131952,0.8064024390243902,0.8579035401344299,0.001714939024390244
Electricity,RANDOM,92341,raw128,128,62,0.22005259497680368,0.2707492618120936,69.26214557740747,0.7713414634146342,0.8593610525131226,0.0022865853658536584
Electricity,RANDOM,92341,raw128,128,63,0.2208101820920058,0.27668295964934936,68.91337135361462,0.8064024390243902,0.8690908551216125,0.002096036585365854
Electricity,RANDOM,92341,raw128,128,64,0.2215128397612767,0.27354791015077384,71.8023328781128,0.8109756097560976,0.88172447681427,0.0022865853658536584
Electricity,RANDOM,92341,selected_raw,512,1,0.1078520480371443,0.13790767329932452,33.77522254571682,0.8810975609756098,0.5351818203926086,0.0005716463414634146
Electricity,RANDOM,92341,selected_raw,512,2,0.13750944327583867,0.17392763547570927,43.989202662212094,0.8475609756097561,0.6128952503204346,0.00019054878048780488
Electricity,RANDOM,92341,selected_raw,512,3,0.14834525116974717,0.18313110928329668,47.34750045218119,0.8414634146341463,0.6638166904449463,0.0009527439024390244
Electricity,RANDOM,92341,selected_raw,512,4,0.1614122441139691,0.20310209999385048,52.32126975641018,0.8246951219512195,0.7021496891975403,0.00038109756097560977
Electricity,RANDOM,92341,selected_raw,512,5,0.17709570493817564,0.22412019117283954,56.672878474724,0.7896341463414634,0.7114161849021912,0.0009527439024390244
Electricity,RANDOM,92341,selected_raw,512,6,0.18981572089646503,0.23906723495177876,60.34494318613192,0.7759146341463414,0.7256277799606323,0.0009527439024390244
Electricity,RANDOM,92341,selected_raw,512,7,0.2183952527141516,0.2704701998242281,66.03245042010052,0.801829268292683,0.733396053314209,0.0
Electricity,RANDOM,92341,selected_raw,512,8,0.1954840630232144,0.24725731626080236,62.9362202969993,0.8064024390243902,0.7371566295623779,0.0
Electricity,RANDOM,92341,selected_raw,512,9,0.1998049651731683,0.253549525431605,61.369085684055236,0.8048780487804879,0.7466772794723511,0.0
Electricity,RANDOM,92341,selected_raw,512,10,0.19454242739450361,0.24597586307157826,59.35927960930801,0.8064024390243902,0.7553209662437439,0.00019054878048780488
Electricity,RANDOM,92341,selected_raw,512,11,0.19148894394376537,0.2420951199345946,57.82116916703015,0.8170731707317073,0.758631706237793,0.0007621951219512195
Electricity,RANDOM,92341,selected_raw,512,12,0.19173908115716065,0.24005764629106352,59.87146929996769,0.823170731707317,0.7637247443199158,0.00038109756097560977
Electricity,RANDOM,92341,selected_raw,512,13,0.19082846766407027,0.23839955272924615,59.75040580005181,0.7972560975609756,0.7588162422180176,0.0007621951219512195
Electricity,RANDOM,92341,selected_raw,512,14,0.19905687238723624,0.2500825366085633,63.73277564165069,0.7774390243902439,0.7569856643676758,0.0013338414634146342
Electricity,RANDOM,92341,selected_raw,512,15,0.19331806065671148,0.24393785357494938,61.176626879994465,0.8323170731707317,0.7647193074226379,0.00038109756097560977
Electricity,RANDOM,92341,selected_raw,512,16,0.1940988727109734,0.2435642391362688,60.588343492368374,0.823170731707317,0.7731666564941406,0.0007621951219512195
Electricity,RANDOM,92341,selected_raw,512,17,0.19533756666711935,0.24368935432452415,60.01647092074883,0.8155487804878049,0.7767637968063354,0.0
Electricity,RANDOM,92341,selected_raw,512,18,0.1931907486139613,0.24285393625683754,60.28310771104766,0.8338414634146342,0.7792608737945557,0.0
Electricity,RANDOM,92341,selected_raw,512,19,0.1840337005153025,0.23120928459959258,58.508135516469075,0.8399390243902439,0.780371904373169,0.0
Electricity,RANDOM,92341,selected_raw,512,20,0.18071321460935896,0.22471565277754912,55.62510700923641,0.8475609756097561,0.776120126247406,0.00038109756097560977
Electricity,RANDOM,92341,selected_raw,512,21,0.18893243255870495,0.2369934615481068,59.125876124312235,0.8079268292682927,0.7646760940551758,0.0032393292682926828
Electricity,RANDOM,92341,selected_raw,512,22,0.2036844838396121,0.2520773516064129,64.46302470928285,0.7728658536585366,0.763905942440033,0.002096036585365854
Electricity,RANDOM,92341,selected_raw,512,23,0.19449372614995186,0.2418329493420227,59.47301126107937,0.8185975609756098,0.7697015404701233,0.0011432926829268292
Electricity,RANDOM,92341,selected_raw,512,24,0.20055158010749669,0.25045370443240067,64.46918129339451,0.8048780487804879,0.7702162265777588,0.00038109756097560977
Electricity,RANDOM,92341,selected_raw,512,25,0.19794150275495997,0.24847781287732018,63.950433579886834,0.8307926829268293,0.7885463833808899,0.00038109756097560977
Electricity,RANDOM,92341,selected_raw,512,26,0.1934263197996447,0.2448978255149188,60.74856798823287,0.8185975609756098,0.8013372421264648,0.00019054878048780488
Electricity,RANDOM,92341,selected_raw,512,27,0.1973138966142486,0.2514127385463158,60.946853393461645,0.8384146341463414,0.809592068195343,0.0005716463414634146
Electricity,RANDOM,92341,selected_raw,512,28,0.18949517441733432,0.23990252686208735,59.101441499663565,0.8490853658536586,0.8198262453079224,0.00038109756097560977
Electricity,RANDOM,92341,selected_raw,512,29,0.1969105038195736,0.24927449459619427,60.47912811651462,0.8155487804878049,0.8139132261276245,0.0007621951219512195
Electricity,RANDOM,92341,selected_raw,512,30,0.20348188517576002,0.25778153461350367,64.8883318901062,0.8125,0.8189047574996948,0.0005716463414634146
Electricity,RANDOM,92341,selected_raw,512,31,0.20612528185210752,0.2559904539620922,66.00643356834969,0.8079268292682927,0.82289057970047,0.0
Electricity,RANDOM,92341,selected_raw,512,32,0.20812605712182033,0.26021752099061735,69.62797995311458,0.801829268292683,0.8236264586448669,0.00038109756097560977
Electricity,RANDOM,92341,selected_raw,512,33,0.20998685685976146,0.2592568970163058,67.95124841317897,0.8323170731707317,0.8261694312095642,0.0
Electricity,RANDOM,92341,selected_raw,512,34,0.20536440977030146,0.25641383199690665,65.92952655001385,0.8155487804878049,0.8296489119529724,0.0
Electricity,RANDOM,92341,selected_raw,512,35,0.20239163838990198,0.2495279191697473,63.308758782177435,0.8323170731707317,0.826017439365387,0.0
Electricity,RANDOM,92341,selected_raw,512,36,0.20015400282862952,0.24783501182305032,63.46393901545827,0.8170731707317073,0.8225406408309937,0.0
Electricity,RANDOM,92341,selected_raw,512,37,0.19881658442830785,0.24674202461034023,63.99622620605841,0.801829268292683,0.8174573183059692,0.0007621951219512195
Electricity,RANDOM,92341,selected_raw,512,38,0.20871505612912825,0.259002458122895,67.29815849443762,0.7820121951219512,0.82109135389328,0.0007621951219512195
Electricity,RANDOM,92341,selected_raw,512,39,0.1948791966415816,0.24347551533143166,62.15810100043692,0.8353658536585366,0.832526445388794,0.0
Electricity,RANDOM,92341,selected_raw,512,40,0.2038976396179189,0.25824661683549077,65.0792148869212,0.8140243902439024,0.8355865478515625,0.0009527439024390244
Electricity,RANDOM,92341,selected_raw,512,41,0.20412469155434498,0.25137739799263437,64.81128201833586,0.8003048780487805,0.8423458337783813,0.0013338414634146342
Electricity,RANDOM,92341,selected_raw,512,42,0.195240621560175,0.24208672306569376,62.705072007528166,0.801829268292683,0.8448415398597717,0.0009527439024390244
Electricity,RANDOM,92341,selected_raw,512,43,0.1943767147219728,0.23834951866080342,61.36802900128248,0.8262195121951219,0.8476690649986267,0.001524390243902439
Electricity,RANDOM,92341,selected_raw,512,44,0.19850814004968,0.24304524946325504,60.522516111048255,0.8353658536585366,0.8392592668533325,0.0011432926829268292
Electricity,RANDOM,92341,selected_raw,512,45,0.2113583788917131,0.2582539804997181,65.18159367398518,0.8109756097560976,0.8356062769889832,0.0024771341463414634
Electricity,RANDOM,92341,selected_raw,512,46,0.23203314132622996,0.2814725275275042,69.64705582362849,0.7789634146341463,0.8313373327255249,0.0019054878048780487
Electricity,RANDOM,92341,selected_raw,512,47,0.23151979959789515,0.2819814584653046,70.60258868845497,0.7926829268292683,0.8320483565330505,0.0005716463414634146
Electricity,RANDOM,92341,selected_raw,512,48,0.23532850865537638,0.2891793862797635,73.33158041791218,0.7896341463414634,0.8321002125740051,0.0009527439024390244
Electricity,RANDOM,92341,selected_raw,512,49,0.22448109142137865,0.27502175962242364,71.08424436755297,0.7987804878048781,0.8465476632118225,0.00019054878048780488
Electricity,RANDOM,92341,selected_raw,512,50,0.22088482579854352,0.273089498369307,71.72825908660889,0.8064024390243902,0.8565244674682617,0.0005716463414634146
Electricity,RANDOM,92341,selected_raw,512,51,0.215763002099762,0.2699113384112105,70.53414927459345,0.8414634146341463,0.862403154373169,0.0005716463414634146
Electricity,RANDOM,92341,selected_raw,512,52,0.21147144911740348,0.2586471647149135,68.62715911865234,0.8673780487804879,0.8660600185394287,0.0009527439024390244
Electricity,RANDOM,92341,selected_raw,512,53,0.22500487768117516,0.27760047288669043,70.81666357924298,0.8003048780487805,0.8549017310142517,0.0011432926829268292
Electricity,RANDOM,92341,selected_raw,512,54,0.23619340206834966,0.2957006638122543,75.9228793469871,0.7804878048780488,0.8581068515777588,0.0005716463414634146
Electricity,RANDOM,92341,selected_raw,512,55,0.22596096753678932,0.2828434640245881,72.6395781796153,0.8094512195121951,0.8603785634040833,0.0
Electricity,RANDOM,92341,selected_raw,512,56,0.2384206875225968,0.2979954863818957,77.04149833539637,0.7911585365853658,0.864859402179718,0.0007621951219512195
Electricity,RANDOM,92341,selected_raw,512,57,0.23091968239451555,0.28401904002618766,74.42977969239398,0.8079268292682927,0.8707736730575562,0.0
Electricity,RANDOM,92341,selected_raw,512,58,0.22773827845547584,0.28328320002258484,74.0773405330937,0.788109756097561,0.8730431795120239,0.0
Electricity,RANDOM,92341,selected_raw,512,59,0.2144275282392901,0.2663875334463175,69.18486176467523,0.8216463414634146,0.8651087880134583,0.0
Electricity,RANDOM,92341,selected_raw,512,60,0.2028843954814123,0.2517206588721769,66.07854885008277,0.8475609756097561,0.8616397380828857,0.0
Electricity,RANDOM,92341,selected_raw,512,61,0.21238694257264537,0.26322499128394533,69.01410961151123,0.8109756097560976,0.857886791229248,0.002858231707317073
Electricity,RANDOM,92341,selected_raw,512,62,0.21867348466418812,0.27022562574222775,68.61048993831727,0.7713414634146342,0.8614715933799744,0.002858231707317073
Electricity,RANDOM,92341,selected_raw,512,63,0.21876684018002016,0.2751192625198088,68.13041611415584,0.8125,0.8726146221160889,0.002096036585365854
Electricity,RANDOM,92341,selected_raw,512,64,0.2192134692163506,0.2710201608197654,70.66550532782951,0.8216463414634146,0.885863721370697,0.0022865853658536584
Electricity,RANDOM,92341,selected_cal,512,1,0.1078520480371443,0.13790767329932452,33.77522254571682,0.8810975609756098,0.5351818203926086,0.0005716463414634146
Electricity,RANDOM,92341,selected_cal,512,2,0.13750944327583867,0.17392763547570927,43.989202662212094,0.8475609756097561,0.6128952503204346,0.00019054878048780488
Electricity,RANDOM,92341,selected_cal,512,3,0.14834525117217243,0.18313110928329668,47.34750045218119,0.8414634146341463,0.6638166904449463,0.0009527439024390244
Electricity,RANDOM,92341,selected_cal,512,4,0.16141224411518168,0.20310209999385048,52.32126975641018,0.8246951219512195,0.7021496891975403,0.00038109756097560977
Electricity,RANDOM,92341,selected_cal,512,5,0.17709570493817564,0.22412019117283954,56.672878474724,0.7896341463414634,0.7114161849021912,0.0009527439024390244
Electricity,RANDOM,92341,selected_cal,512,6,0.18981572089767765,0.23906723495177876,60.34494318613192,0.7759146341463414,0.7256277799606323,0.0009527439024390244
Electricity,RANDOM,92341,selected_cal,512,7,0.2183952527117264,0.2704701998242281,66.03245042010052,0.801829268292683,0.733396053314209,0.0
Electricity,RANDOM,92341,selected_cal,512,8,0.19548406301342502,0.24725731626080236,62.9362202969993,0.8064024390243902,0.7371566295623779,0.0
Electricity,RANDOM,92341,selected_cal,512,9,0.19980496516831778,0.253549525431605,61.369085684055236,0.8048780487804879,0.7466772794723511,0.0
Electricity,RANDOM,92341,selected_cal,512,10,0.1945424273994425,0.24597586307157826,59.35927960930801,0.8064024390243902,0.7553209662437439,0.00019054878048780488
Electricity,RANDOM,92341,selected_cal,512,11,0.19148894394627902,0.2420951199345946,57.82116916703015,0.8170731707317073,0.758631706237793,0.0007621951219512195
Electricity,RANDOM,92341,selected_cal,512,12,0.19173908116088692,0.24005764629106352,59.87146929996769,0.823170731707317,0.7637247443199158,0.00038109756097560977
Electricity,RANDOM,92341,selected_cal,512,13,0.19082846765921982,0.23839955272924615,59.75040580005181,0.7972560975609756,0.7588162422180176,0.0007621951219512195
Electricity,RANDOM,92341,selected_cal,512,14,0.19905687238229736,0.2500825366085633,63.73277564165069,0.7774390243902439,0.7569856643676758,0.0013338414634146342
Electricity,RANDOM,92341,selected_cal,512,15,0.19331806065671148,0.24393785357494938,61.176626879994465,0.8323170731707317,0.7647193074226379,0.00038109756097560977
Electricity,RANDOM,92341,selected_cal,512,16,0.19409887270733553,0.2435642391362688,60.588343492368374,0.823170731707317,0.7731666564941406,0.0007621951219512195
Electricity,RANDOM,92341,selected_cal,512,17,0.19533756666711935,0.24368935432452415,60.01647092074883,0.8155487804878049,0.7767637968063354,0.0
Electricity,RANDOM,92341,selected_cal,512,18,0.19319074860911079,0.24285393625683754,60.28310771104766,0.8338414634146342,0.7792608737945557,0.0
Electricity,RANDOM,92341,selected_cal,512,19,0.1840337005153025,0.23120928459959258,58.508135516469075,0.8399390243902439,0.780371904373169,0.0
Electricity,RANDOM,92341,selected_cal,512,20,0.18071321461057163,0.22471565277754912,55.62510700923641,0.8475609756097561,0.776120126247406,0.00038109756097560977
Electricity,RANDOM,92341,selected_cal,512,21,0.18893243255991754,0.2369934615481068,59.125876124312235,0.8079268292682927,0.7646760940551758,0.0032393292682926828
Electricity,RANDOM,92341,selected_cal,512,22,0.2036844838396121,0.2520773516064129,64.46302470928285,0.7728658536585366,0.763905942440033,0.002096036585365854
Electricity,RANDOM,92341,selected_cal,512,23,0.19449372614995186,0.2418329493420227,59.47301126107937,0.8185975609756098,0.7697015404701233,0.0011432926829268292
Electricity,RANDOM,92341,selected_cal,512,24,0.20055158010749669,0.25045370443240067,64.46918129339451,0.8048780487804879,0.7702162265777588,0.00038109756097560977
Electricity,RANDOM,92341,selected_cal,512,25,0.19794150275981037,0.24847781287732018,63.950433579886834,0.8307926829268293,0.7885463833808899,0.00038109756097560977
Electricity,RANDOM,92341,selected_cal,512,26,0.19342631979843208,0.2448978255149188,60.74856798823287,0.8185975609756098,0.8013372421264648,0.00019054878048780488
Electricity,RANDOM,92341,selected_cal,512,27,0.19731389661303597,0.2514127385463158,60.946853393461645,0.8384146341463414,0.809592068195343,0.0005716463414634146
Electricity,RANDOM,92341,selected_cal,512,28,0.18949517442218478,0.23990252686208735,59.101441499663565,0.8490853658536586,0.8198262453079224,0.00038109756097560977
Electricity,RANDOM,92341,selected_cal,512,29,0.19691050382199882,0.24927449459619427,60.47912811651462,0.8155487804878049,0.8139132261276245,0.0007621951219512195
Electricity,RANDOM,92341,selected_cal,512,30,0.20348188515272023,0.25778153461350367,64.8883318901062,0.8125,0.8189047574996948,0.0005716463414634146
Electricity,RANDOM,92341,selected_cal,512,31,0.2061252818096658,0.2559904539620922,66.00643356834969,0.8079268292682927,0.82289057970047,0.0
Electricity,RANDOM,92341,selected_cal,512,32,0.20812605712433396,0.26021752099061735,69.62797995311458,0.801829268292683,0.8236264586448669,0.00038109756097560977
Electricity,RANDOM,92341,selected_cal,512,33,0.20998685686348773,0.2592568970163058,67.95124841317897,0.8323170731707317,0.8261694312095642,0.0
Electricity,RANDOM,92341,selected_cal,512,34,0.2053644097727267,0.25641383199690665,65.92952655001385,0.8155487804878049,0.8296489119529724,0.0
Electricity,RANDOM,92341,selected_cal,512,35,0.20239163838860094,0.2495279191697473,63.308758782177435,0.8323170731707317,0.826017439365387,0.0
Electricity,RANDOM,92341,selected_cal,512,36,0.20015400281650333,0.24783501182305032,63.46393901545827,0.8170731707317073,0.8225406408309937,0.0
Electricity,RANDOM,92341,selected_cal,512,37,0.19881658442579417,0.24674202461034023,63.99622620605841,0.801829268292683,0.8174573183059692,0.0007621951219512195
Electricity,RANDOM,92341,selected_cal,512,38,0.20871505611821467,0.259002458122895,67.29815849443762,0.7820121951219512,0.82109135389328,0.0007621951219512195
Electricity,RANDOM,92341,selected_cal,512,39,0.19487919664045739,0.24347551533143166,62.15810100043692,0.8353658536585366,0.832526445388794,0.0
Electricity,RANDOM,92341,selected_cal,512,40,0.20389763960700535,0.25824661683549077,65.0792148869212,0.8140243902439024,0.8355865478515625,0.0009527439024390244
Electricity,RANDOM,92341,selected_cal,512,41,0.2041246915531324,0.25137739799263437,64.81128201833586,0.8003048780487805,0.8423458337783813,0.0013338414634146342
Electricity,RANDOM,92341,selected_cal,512,42,0.195240621560175,0.24208672306569376,62.705072007528166,0.801829268292683,0.8448415398597717,0.0009527439024390244
Electricity,RANDOM,92341,selected_cal,512,43,0.1943767147219728,0.23834951866080342,61.36802900128248,0.8262195121951219,0.8476690649986267,0.001524390243902439
Electricity,RANDOM,92341,selected_cal,512,44,0.19850814004968,0.24304524946325504,60.522516111048255,0.8353658536585366,0.8392592668533325,0.0011432926829268292
Electricity,RANDOM,92341,selected_cal,512,45,0.2113583788917131,0.2582539804997181,65.18159367398518,0.8109756097560976,0.8356062769889832,0.0024771341463414634
Electricity,RANDOM,92341,selected_cal,512,46,0.2320331413274426,0.2814725275275042,69.64705582362849,0.7789634146341463,0.8313373327255249,0.0019054878048780487
Electricity,RANDOM,92341,selected_cal,512,47,0.231519799601533,0.2819814584653046,70.60258868845497,0.7926829268292683,0.8320483565330505,0.0005716463414634146
Electricity,RANDOM,92341,selected_cal,512,48,0.23532850865780164,0.2891793862797635,73.33158041791218,0.7896341463414634,0.8321002125740051,0.0009527439024390244
Electricity,RANDOM,92341,selected_cal,512,49,0.2244810914225913,0.27502175962242364,71.08424436755297,0.7987804878048781,0.8465476632118225,0.00019054878048780488
Electricity,RANDOM,92341,selected_cal,512,50,0.22088482579005517,0.273089498369307,71.72825908660889,0.8064024390243902,0.8565244674682617,0.0005716463414634146
Electricity,RANDOM,92341,selected_cal,512,51,0.215763002099762,0.2699113384112105,70.53414927459345,0.8414634146341463,0.862403154373169,0.0005716463414634146
Electricity,RANDOM,92341,selected_cal,512,52,0.21147144911740348,0.2586471647149135,68.62715911865234,0.8673780487804879,0.8660600185394287,0.0009527439024390244
Electricity,RANDOM,92341,selected_cal,512,53,0.22500487768602562,0.27760047288669043,70.81666357924298,0.8003048780487805,0.8549017310142517,0.0011432926829268292
Electricity,RANDOM,92341,selected_cal,512,54,0.23619340206713707,0.2957006638122543,75.9228793469871,0.7804878048780488,0.8581068515777588,0.0005716463414634146
Electricity,RANDOM,92341,selected_cal,512,55,0.22596096754285241,0.2828434640245881,72.6395781796153,0.8094512195121951,0.8603785634040833,0.0
Electricity,RANDOM,92341,selected_cal,512,56,0.23842068752138415,0.2979954863818957,77.04149833539637,0.7911585365853658,0.864859402179718,0.0007621951219512195
Electricity,RANDOM,92341,selected_cal,512,57,0.2309196823726884,0.28401904002618766,74.42977969239398,0.8079268292682927,0.8707736730575562,0.0
Electricity,RANDOM,92341,selected_cal,512,58,0.22773827845192637,0.28328320002258484,74.0773405330937,0.788109756097561,0.8730431795120239,0.0
Electricity,RANDOM,92341,selected_cal,512,59,0.21442752823443958,0.2663875334463175,69.18486176467523,0.8216463414634146,0.8651087880134583,0.0
Electricity,RANDOM,92341,selected_cal,512,60,0.2028843954801997,0.2517206588721769,66.07854885008277,0.8475609756097561,0.8616397380828857,0.0
Electricity,RANDOM,92341,selected_cal,512,61,0.21238694258122212,0.26322499128394533,69.01410961151123,0.8109756097560976,0.857886791229248,0.002858231707317073
Electricity,RANDOM,92341,selected_cal,512,62,0.21867348466782602,0.27022562574222775,68.61048993831727,0.7713414634146342,0.8614715933799744,0.002858231707317073
Electricity,RANDOM,92341,selected_cal,512,63,0.21876684017880754,0.2751192625198088,68.13041611415584,0.8125,0.8726146221160889,0.002096036585365854
Electricity,RANDOM,92341,selected_cal,512,64,0.2192134692151379,0.2710201608197654,70.66550532782951,0.8216463414634146,0.885863721370697,0.0022865853658536584
Electricity,RANDOM,92342,raw128,128,1,0.10740998904751144,0.1374163141323039,33.65399542087462,0.8765243902439024,0.5236131548881531,0.0
Electricity,RANDOM,92342,raw128,128,2,0.13771821953930652,0.17346562159645348,43.9076012402046,0.836890243902439,0.5967737436294556,0.0
Electricity,RANDOM,92342,raw128,128,3,0.147033132310783,0.18213832424495996,47.168047858447565,0.8475609756097561,0.6484071016311646,0.00038109756097560977
Electricity,RANDOM,92342,raw128,128,4,0.16116723225820778,0.20283137725726155,52.22393412706329,0.8262195121951219,0.6898241639137268,0.00038109756097560977
Electricity,RANDOM,92342,raw128,128,5,0.17789522903125674,0.22621613652238498,57.20506807652915,0.7987804878048781,0.7003946304321289,0.0005716463414634146
Electricity,RANDOM,92342,raw128,128,6,0.18956974787650266,0.23939543651247597,60.463243868292835,0.7789634146341463,0.7170243859291077,0.00038109756097560977
Electricity,RANDOM,92342,raw128,128,7,0.21943404701865507,0.2729276588208838,66.86109691712915,0.7896341463414634,0.728671669960022,0.0
Electricity,RANDOM,92342,raw128,128,8,0.19553750752881566,0.24717454311110085,63.09079329560443,0.8079268292682927,0.7337334752082825,0.0
Electricity,RANDOM,92342,raw128,128,9,0.19889349725544475,0.25342934557502084,61.82359482602375,0.8033536585365854,0.7433570623397827,0.0
Electricity,RANDOM,92342,raw128,128,10,0.19544458489480823,0.24790089216283787,60.23127771005398,0.801829268292683,0.7513765692710876,0.0
Electricity,RANDOM,92342,raw128,128,11,0.19161886228656494,0.24419913574465407,59.04502879119501,0.823170731707317,0.7556447386741638,0.0005716463414634146
Electricity,RANDOM,92342,raw128,128,12,0.19063646945140456,0.23844910728142757,59.700479786570476,0.8109756097560976,0.7633997201919556,0.00019054878048780488
Electricity,RANDOM,92342,raw128,128,13,0.1902604549307902,0.23836524278708654,59.86899468956924,0.7926829268292683,0.759070098400116,0.00038109756097560977
Electricity,RANDOM,92342,raw128,128,14,0.19890082107834733,0.2494803560711818,64.07949646507821,0.7667682926829268,0.7576108574867249,0.00019054878048780488
Electricity,RANDOM,92342,raw128,128,15,0.1936373202430182,0.2443851572805386,61.74085009970316,0.8262195121951219,0.7641457319259644,0.0
Electricity,RANDOM,92342,raw128,128,16,0.19547240372561403,0.24593305476381952,62.20598826757291,0.8125,0.772344708442688,0.0
Electricity,RANDOM,92342,raw128,128,17,0.1960275994864436,0.2445580763001801,61.07095567191519,0.801829268292683,0.7759856581687927,0.0
Electricity,RANDOM,92342,raw128,128,18,0.19506720458568325,0.24609185017337148,61.74656214365145,0.8185975609756098,0.777851402759552,0.0
Electricity,RANDOM,92342,raw128,128,19,0.1839457511065489,0.23100480783346625,58.760334491729736,0.8338414634146342,0.7807753682136536,0.00019054878048780488
Electricity,RANDOM,92342,raw128,128,20,0.18101141584987177,0.22568168407153724,56.195287122959044,0.836890243902439,0.7783008813858032,0.00019054878048780488
Electricity,RANDOM,92342,raw128,128,21,0.18901113867743297,0.23757060961971008,59.53318466791293,0.8109756097560976,0.767450213432312,0.0026676829268292685
Electricity,RANDOM,92342,raw128,128,22,0.20516037615821606,0.2536282312093839,65.40019121402648,0.7865853658536586,0.7688338756561279,0.0022865853658536584
Electricity,RANDOM,92342,raw128,128,23,0.19639766912954454,0.2454465837743621,60.52107587674769,0.8170731707317073,0.7791017889976501,0.0
Electricity,RANDOM,92342,raw128,128,24,0.2025520880518788,0.25402871613755773,65.88114796615228,0.8109756097560976,0.7830397486686707,0.0
Electricity,RANDOM,92342,raw128,128,25,0.1989841026874055,0.24979176713771098,64.94245482654107,0.8414634146341463,0.8012363910675049,0.00019054878048780488
Electricity,RANDOM,92342,raw128,128,26,0.1940550923909997,0.2459495464966413,61.54953489070985,0.8292682926829268,0.8138505816459656,0.00019054878048780488
Electricity,RANDOM,92342,raw128,128,27,0.19765595340801667,0.2529512127486101,62.060746983784,0.8414634146341463,0.8233399987220764,0.00019054878048780488
Electricity,RANDOM,92342,raw128,128,28,0.18971320469981362,0.2413458190609207,60.11196834285085,0.8612804878048781,0.8358356952667236,0.00038109756097560977
Electricity,RANDOM,92342,raw128,128,29,0.20108011046265076,0.2556113711374059,62.777034084971355,0.8170731707317073,0.8282732367515564,0.00038109756097560977
Electricity,RANDOM,92342,raw128,128,30,0.20618289290507982,0.2608903773942523,66.02151024050829,0.8048780487804879,0.8343983888626099,0.0
Electricity,RANDOM,92342,raw128,128,31,0.20751359878260575,0.2576968602184539,66.52567979766101,0.8125,0.8407589197158813,0.0
Electricity,RANDOM,92342,raw128,128,32,0.2099081079006781,0.26278149243441085,70.86654349071223,0.8079268292682927,0.8406557440757751,0.0
Electricity,RANDOM,92342,raw128,128,33,0.21088385989533803,0.26048769214600226,68.82999763256166,0.8292682926829268,0.8417895436286926,0.0
Electricity,RANDOM,92342,raw128,128,34,0.20769979593119528,0.26008342386019906,67.37699302812902,0.8170731707317073,0.8443011045455933,0.0
Electricity,RANDOM,92342,raw128,128,35,0.2047460916060239,0.2542849877205975,64.9583543917028,0.8292682926829268,0.8423342108726501,0.0
Electricity,RANDOM,92342,raw128,128,36,0.20112547473987596,0.24975257490188635,64.43919102738543,0.823170731707317,0.8406254053115845,0.0
Electricity,RANDOM,92342,raw128,128,37,0.19940624996600095,0.24745350460839163,64.62172942045258,0.8048780487804879,0.8337525129318237,0.00038109756097560977
Electricity,RANDOM,92342,raw128,128,38,0.21069786155396106,0.26114469176947464,68.55797051220405,0.7759146341463414,0.8357514142990112,0.0
Electricity,RANDOM,92342,raw128,128,39,0.1978387992357617,0.24836013510181215,64.02715545747338,0.8429878048780488,0.8468812108039856,0.0
Electricity,RANDOM,92342,raw128,128,40,0.20626332577071166,0.2599788398225354,66.22480972801766,0.8033536585365854,0.8499618172645569,0.001714939024390244
Electricity,RANDOM,92342,raw128,128,41,0.20687708531034849,0.2546162205412369,66.45041700688805,0.8003048780487805,0.8559613823890686,0.001524390243902439
Electricity,RANDOM,92342,raw128,128,42,0.19777803826941157,0.24543600462683965,64.40032048341705,0.8003048780487805,0.8577044606208801,0.0009527439024390244
Electricity,RANDOM,92342,raw128,128,43,0.19597329201399188,0.24210468466382906,62.74707465055512,0.8292682926829268,0.8618356585502625,0.0013338414634146342
Electricity,RANDOM,92342,raw128,128,44,0.20030886116465363,0.24597686388698184,61.50111779934022,0.8399390243902439,0.8563172817230225,0.0005716463414634146
Electricity,RANDOM,92342,raw128,128,45,0.2133858515915691,0.26199071715393796,66.43341206341255,0.8094512195121951,0.8511813879013062,0.0022865853658536584
Electricity,RANDOM,92342,raw128,128,46,0.2336057035585505,0.28493535907598677,70.92069542117235,0.7926829268292683,0.8474844694137573,0.001524390243902439
Electricity,RANDOM,92342,raw128,128,47,0.2323191627602617,0.2839805817624753,71.23507978858018,0.7957317073170732,0.8540921807289124,0.00019054878048780488
Electricity,RANDOM,92342,raw128,128,48,0.2368470164311541,0.29099339287781856,73.8879876020478,0.801829268292683,0.8569626212120056,0.00019054878048780488
Electricity,RANDOM,92342,raw128,128,49,0.22456823287916788,0.27557199510112873,71.54211707231475,0.8185975609756098,0.8689448833465576,0.00019054878048780488
Electricity,RANDOM,92342,raw128,128,50,0.22261020769398568,0.2760032852461258,72.33083208595833,0.8125,0.875849187374115,0.0
Electricity,RANDOM,92342,raw128,128,51,0.2170139008397721,0.27019161236005246,70.4000143423313,0.8475609756097561,0.883546769618988,0.0
Electricity,RANDOM,92342,raw128,128,52,0.2122035996339179,0.2584857385400014,68.51590389158667,0.8673780487804879,0.8887777328491211,0.0005716463414634146
Electricity,RANDOM,92342,raw128,128,53,0.2282949639974659,0.2817492774354564,71.70518102878478,0.8140243902439024,0.87709641456604,0.0005716463414634146
Electricity,RANDOM,92342,raw128,128,54,0.23890743375062748,0.29750678037542944,76.65381943307271,0.7865853658536586,0.881162703037262,0.0005716463414634146
Electricity,RANDOM,92342,raw128,128,55,0.22781328281925678,0.2850712695783519,73.48188760803967,0.8170731707317073,0.8857818245887756,0.0
Electricity,RANDOM,92342,raw128,128,56,0.24075825674080575,0.299428388129758,77.54546472502918,0.7972560975609756,0.8907583951950073,0.0009527439024390244
Electricity,RANDOM,92342,raw128,128,57,0.2325523154304191,0.2842400888766305,74.99836015701294,0.8079268292682927,0.8955506086349487,0.0
Electricity,RANDOM,92342,raw128,128,58,0.2302278132852177,0.28500907928236874,74.76242745794902,0.7987804878048781,0.8967384696006775,0.00038109756097560977
Electricity,RANDOM,92342,raw128,128,59,0.21658222503569366,0.26969627988092093,70.27479636959913,0.8170731707317073,0.8907762169837952,0.0
Electricity,RANDOM,92342,raw128,128,60,0.20442491375895322,0.2522990922958441,66.49355899996874,0.8536585365853658,0.8883998394012451,0.0
Electricity,RANDOM,92342,raw128,128,61,0.21442466284737277,0.26521270122956875,70.06808883387868,0.8125,0.8851705193519592,0.001714939024390244
Electricity,RANDOM,92342,raw128,128,62,0.22134982016625623,0.27167886681422565,69.56878317856207,0.7850609756097561,0.8879271745681763,0.0022865853658536584
Electricity,RANDOM,92342,raw128,128,63,0.22138539995642884,0.27752097136977183,69.18269253940117,0.8216463414634146,0.8980206847190857,0.002096036585365854
Electricity,RANDOM,92342,raw128,128,64,0.22227841343822172,0.2751108851633902,72.30578062010974,0.8201219512195121,0.9105820059776306,0.002096036585365854
Electricity,RANDOM,92342,selected_raw,512,1,0.10720471394921538,0.13782363786732232,33.69295149314694,0.8780487804878049,0.5142370462417603,0.0005716463414634146
Electricity,RANDOM,92342,selected_raw,512,2,0.13710319797365153,0.17333896498814994,43.8098280022784,0.8262195121951219,0.5873143672943115,0.0
Electricity,RANDOM,92342,selected_raw,512,3,0.14704830434042665,0.18220334396716645,47.07415838939388,0.8353658536585366,0.6374722123146057,0.0007621951219512195
Electricity,RANDOM,92342,selected_raw,512,4,0.16092157153342174,0.202592908022495,52.1769985222235,0.8170731707317073,0.6771122813224792,0.00038109756097560977
Electricity,RANDOM,92342,selected_raw,512,5,0.17626514449487435,0.2231444086730863,56.37298585147393,0.7926829268292683,0.6881982684135437,0.0009527439024390244
Electricity,RANDOM,92342,selected_raw,512,6,0.189112790822563,0.23790397566980637,60.044664673688935,0.7621951219512195,0.7026793360710144,0.0007621951219512195
Electricity,RANDOM,92342,selected_raw,512,7,0.2178192407981425,0.2698607299330399,65.83058251404181,0.7820121951219512,0.7133216857910156,0.0
Electricity,RANDOM,92342,selected_raw,512,8,0.1941144780016177,0.2451866524373035,62.37959696606892,0.7896341463414634,0.718647837638855,0.0
Electricity,RANDOM,92342,selected_raw,512,9,0.1980043189711925,0.2524178188855102,61.30847578513913,0.7957317073170732,0.7284493446350098,0.00019054878048780488
Electricity,RANDOM,92342,selected_raw,512,10,0.19414684885238717,0.2456808732286013,59.35204082582055,0.7972560975609756,0.7354610562324524,0.0
Electricity,RANDOM,92342,selected_raw,512,11,0.19041530578759513,0.24190543614628407,58.09190616375062,0.8170731707317073,0.7394347190856934,0.0011432926829268292
Electricity,RANDOM,92342,selected_raw,512,12,0.18979077338443956,0.23799132429356484,59.33828921434356,0.8094512195121951,0.7443353533744812,0.00038109756097560977
Electricity,RANDOM,92342,selected_raw,512,13,0.18970282359299542,0.23765128972736202,59.42291397001685,0.7835365853658537,0.7391911745071411,0.0007621951219512195
Electricity,RANDOM,92342,selected_raw,512,14,0.19923506934636445,0.25001096244100135,63.85798104216413,0.7637195121951219,0.735769510269165,0.0024771341463414634
Electricity,RANDOM,92342,selected_raw,512,15,0.19291296929764795,0.24414014796247116,61.42915541951249,0.8185975609756098,0.7420474886894226,0.0005716463414634146
Electricity,RANDOM,92342,selected_raw,512,16,0.19438888340326785,0.24460215295876575,61.396547515217854,0.8079268292682927,0.7522827386856079,0.001714939024390244
Electricity,RANDOM,92342,selected_raw,512,17,0.1951428304294489,0.24358194291703786,60.408444230149435,0.7911585365853658,0.7569871544837952,0.0
Electricity,RANDOM,92342,selected_raw,512,18,0.1928691714012081,0.24240153785597224,60.56874390346248,0.8079268292682927,0.7577565312385559,0.0
Electricity,RANDOM,92342,selected_raw,512,19,0.18232786853515756,0.2292411249927602,58.1168076933884,0.8262195121951219,0.7591611742973328,0.0
Electricity,RANDOM,92342,selected_raw,512,20,0.17985012071667833,0.2242060953467661,55.56454942284561,0.8338414634146342,0.7551624178886414,0.0009527439024390244
Electricity,RANDOM,92342,selected_raw,512,21,0.18793224514323445,0.23619756300969114,59.020248227003144,0.8003048780487805,0.7449736595153809,0.0032393292682926828
Electricity,RANDOM,92342,selected_raw,512,22,0.20439576415411592,0.252574613567647,64.83582624574987,0.7576219512195121,0.7421790957450867,0.0024771341463414634
Electricity,RANDOM,92342,selected_raw,512,23,0.19385393647348942,0.2411759191879921,59.28077300001935,0.8094512195121951,0.7505096793174744,0.0007621951219512195
Electricity,RANDOM,92342,selected_raw,512,24,0.20051426411510667,0.2504002060256005,64.69619058981175,0.7926829268292683,0.7537305951118469,0.00019054878048780488
Electricity,RANDOM,92342,selected_raw,512,25,0.19728384980015634,0.24752797195691176,64.06909878660993,0.8262195121951219,0.7737593650817871,0.0005716463414634146
Electricity,RANDOM,92342,selected_raw,512,26,0.19253519265882557,0.24386598886438965,60.65942542145892,0.8170731707317073,0.786571204662323,0.00019054878048780488
Electricity,RANDOM,92342,selected_raw,512,27,0.1963302212655242,0.2502153383069331,60.83002948760986,0.8323170731707317,0.795864462852478,0.00038109756097560977
Electricity,RANDOM,92342,selected_raw,512,28,0.18885963446099557,0.23956017728364787,59.263477988359405,0.8475609756097561,0.8078820705413818,0.00038109756097560977
Electricity,RANDOM,92342,selected_raw,512,29,0.19759327114624,0.25016671948174607,60.958750689901954,0.8109756097560976,0.801994800567627,0.0007621951219512195
Electricity,RANDOM,92342,selected_raw,512,30,0.20431216957070397,0.25894334345103287,65.25626146502611,0.801829268292683,0.8069887757301331,0.00038109756097560977
Electricity,RANDOM,92342,selected_raw,512,31,0.20493785252399932,0.2541558493126391,65.56879522742295,0.8064024390243902,0.8138615489006042,0.0
Electricity,RANDOM,92342,selected_raw,512,32,0.20760570090648695,0.2597174469132644,69.77004555958074,0.8048780487804879,0.8151835799217224,0.00038109756097560977
Electricity,RANDOM,92342,selected_raw,512,33,0.21002811362842388,0.25963575753669976,68.4000791107736,0.8201219512195121,0.8176308870315552,0.0
Electricity,RANDOM,92342,selected_raw,512,34,0.2057330110587427,0.257056931588064,66.42876891392034,0.801829268292683,0.819153368473053,0.0
Electricity,RANDOM,92342,selected_raw,512,35,0.20312526404671508,0.25210379871750044,64.25192491019645,0.823170731707317,0.8152238726615906,0.0
Electricity,RANDOM,92342,selected_raw,512,36,0.20012173367004518,0.24867098752384256,63.86247613953381,0.8155487804878049,0.8116539716720581,0.0
Electricity,RANDOM,92342,selected_raw,512,37,0.1982773388927073,0.24700253152179447,64.24924900473619,0.7896341463414634,0.8048886656761169,0.0007621951219512195
Electricity,RANDOM,92342,selected_raw,512,38,0.20902980941464702,0.2596501707586405,67.7406878703978,0.7667682926829268,0.8052394986152649,0.0009527439024390244
Electricity,RANDOM,92342,selected_raw,512,39,0.195104386149843,0.2451149196323903,62.79570642331751,0.8292682926829268,0.815715491771698,0.0007621951219512195
Electricity,RANDOM,92342,selected_raw,512,40,0.20476401431998156,0.2583825886002424,65.39707021015447,0.8003048780487805,0.8197323679924011,0.0024771341463414634
Electricity,RANDOM,92342,selected_raw,512,41,0.20533798588513666,0.2530705201531708,65.57413257040629,0.7911585365853658,0.8267298340797424,0.001714939024390244
Electricity,RANDOM,92342,selected_raw,512,42,0.19604749223882795,0.24325573108693588,63.43928405715198,0.788109756097561,0.8270902633666992,0.0011432926829268292
Electricity,RANDOM,92342,selected_raw,512,43,0.19426198324250024,0.24009973610168053,61.938905436818196,0.8140243902439024,0.8294687271118164,0.001524390243902439
Electricity,RANDOM,92342,selected_raw,512,44,0.19835886872337916,0.24384187388728104,60.88946021475443,0.8201219512195121,0.8227261900901794,0.0011432926829268292
Electricity,RANDOM,92342,selected_raw,512,45,0.2112255188241909,0.25855536576455773,65.42469263076782,0.7972560975609756,0.8190045356750488,0.0024771341463414634
Electricity,RANDOM,92342,selected_raw,512,46,0.23248904885989136,0.2823753230760991,70.07572100802166,0.7698170731707317,0.8126327991485596,0.0013338414634146342
Electricity,RANDOM,92342,selected_raw,512,47,0.23082504895117364,0.28128582493008714,70.37381329187532,0.7835365853658537,0.8183512091636658,0.00019054878048780488
Electricity,RANDOM,92342,selected_raw,512,48,0.2356079816903888,0.2895922676101328,73.35445444758345,0.7850609756097561,0.8219254016876221,0.0005716463414634146
Electricity,RANDOM,92342,selected_raw,512,49,0.22369784954733907,0.27382918058116673,70.72779549621954,0.8033536585365854,0.8370245695114136,0.0
Electricity,RANDOM,92342,selected_raw,512,50,0.22013478510194215,0.2727026162597711,71.45908449917304,0.8064024390243902,0.8454959988594055,0.0
Electricity,RANDOM,92342,selected_raw,512,51,0.21511309829603986,0.2689648658347661,70.01181094239398,0.8399390243902439,0.8525453805923462,0.00038109756097560977
Electricity,RANDOM,92342,selected_raw,512,52,0.21142259502868196,0.2594653869467544,68.85575448012933,0.8597560975609756,0.8576062917709351,0.0007621951219512195
Electricity,RANDOM,92342,selected_raw,512,53,0.22614080600189748,0.2792721304100056,71.1862013514449,0.7987804878048781,0.8477928638458252,0.0009527439024390244
Electricity,RANDOM,92342,selected_raw,512,54,0.23775388068885359,0.2975132593196835,76.5072952479851,0.7759146341463414,0.8506884574890137,0.0005716463414634146
Electricity,RANDOM,92342,selected_raw,512,55,0.22569439471229202,0.2833113121665871,72.89536838996702,0.8064024390243902,0.8541489839553833,0.0
Electricity,RANDOM,92342,selected_raw,512,56,0.23889202430684486,0.29773492192879103,77.08709067833132,0.7926829268292683,0.8595412373542786,0.0013338414634146342
Electricity,RANDOM,92342,selected_raw,512,57,0.23178859840993343,0.2836200871051533,74.5599059477085,0.801829268292683,0.8647499084472656,0.0
Electricity,RANDOM,92342,selected_raw,512,58,0.22857549233404667,0.2830364491799677,74.13489106806313,0.7759146341463414,0.8650555610656738,0.00038109756097560977
Electricity,RANDOM,92342,selected_raw,512,59,0.21518081530420283,0.2669214092647554,69.40403872001463,0.8033536585365854,0.8581045866012573,0.0
Electricity,RANDOM,92342,selected_raw,512,60,0.2027930185132774,0.2513360757711289,66.09806400392114,0.8445121951219512,0.8544718027114868,0.0
Electricity,RANDOM,92342,selected_raw,512,61,0.21255491417339253,0.2631729033945987,69.16232819673492,0.8033536585365854,0.8507532477378845,0.002096036585365854
Electricity,RANDOM,92342,selected_raw,512,62,0.219145274462989,0.26944477607580875,68.6529634405927,0.7682926829268293,0.8515916466712952,0.002858231707317073
Electricity,RANDOM,92342,selected_raw,512,63,0.21919318734788185,0.2755941234518595,68.54583906545872,0.8079268292682927,0.861397922039032,0.0024771341463414634
Electricity,RANDOM,92342,selected_raw,512,64,0.22070563480600508,0.27442734752494075,71.88936078839185,0.8140243902439024,0.8765658736228943,0.0022865853658536584
Electricity,RANDOM,92342,selected_cal,512,1,0.10720471394921538,0.13782363786732232,33.69295149314694,0.8780487804878049,0.5142370462417603,0.0005716463414634146
Electricity,RANDOM,92342,selected_cal,512,2,0.13710319797365153,0.17333896498814994,43.8098280022784,0.8262195121951219,0.5873143672943115,0.0
Electricity,RANDOM,92342,selected_cal,512,3,0.14704830434285185,0.18220334396716645,47.07415838939388,0.8353658536585366,0.6374722123146057,0.0007621951219512195
Electricity,RANDOM,92342,selected_cal,512,4,0.16092157153342174,0.202592908022495,52.1769985222235,0.8170731707317073,0.6771122813224792,0.00038109756097560977
Electricity,RANDOM,92342,selected_cal,512,5,0.176265144496087,0.2231444086730863,56.37298585147393,0.7926829268292683,0.6881982684135437,0.0009527439024390244
Electricity,RANDOM,92342,selected_cal,512,6,0.189112790822563,0.23790397566980637,60.044664673688935,0.7621951219512195,0.7026793360710144,0.0007621951219512195
Electricity,RANDOM,92342,selected_cal,512,7,0.21781924079329198,0.2698607299330399,65.83058251404181,0.7820121951219512,0.7133216857910156,0.0
Electricity,RANDOM,92342,selected_cal,512,8,0.19411447800404294,0.2451866524373035,62.37959696606892,0.7896341463414634,0.718647837638855,0.0
Electricity,RANDOM,92342,selected_cal,512,9,0.19800431897613135,0.2524178188855102,61.30847578513913,0.7957317073170732,0.7284493446350098,0.00019054878048780488
Electricity,RANDOM,92342,selected_cal,512,10,0.19414684885117456,0.2456808732286013,59.35204082582055,0.7972560975609756,0.7354610562324524,0.0
Electricity,RANDOM,92342,selected_cal,512,11,0.19041530578638252,0.24190543614628407,58.09190616375062,0.8170731707317073,0.7394347190856934,0.0011432926829268292
Electricity,RANDOM,92342,selected_cal,512,12,0.18979077338443956,0.23799132429356484,59.33828921434356,0.8094512195121951,0.7443353533744812,0.00038109756097560977
Electricity,RANDOM,92342,selected_cal,512,13,0.18970282359299542,0.23765128972736202,59.42291397001685,0.7835365853658537,0.7391911745071411,0.0007621951219512195
Electricity,RANDOM,92342,selected_cal,512,14,0.1992350693451518,0.25001096244100135,63.85798104216413,0.7637195121951219,0.735769510269165,0.0024771341463414634
Electricity,RANDOM,92342,selected_cal,512,15,0.19291296929392165,0.24414014796247116,61.42915541951249,0.8185975609756098,0.7420474886894226,0.0005716463414634146
Electricity,RANDOM,92342,selected_cal,512,16,0.19438888340326782,0.24460215295876575,61.396547515217854,0.8079268292682927,0.7522827386856079,0.001714939024390244
Electricity,RANDOM,92342,selected_cal,512,17,0.1951428304294489,0.24358194291703786,60.408444230149435,0.7911585365853658,0.7569871544837952,0.0
Electricity,RANDOM,92342,selected_cal,512,18,0.1928691714012081,0.24240153785597224,60.56874390346248,0.8079268292682927,0.7577565312385559,0.0
Electricity,RANDOM,92342,selected_cal,512,19,0.18232786853515756,0.2292411249927602,58.1168076933884,0.8262195121951219,0.7591611742973328,0.0
Electricity,RANDOM,92342,selected_cal,512,20,0.17985012071667833,0.2242060953467661,55.56454942284561,0.8338414634146342,0.7551624178886414,0.0009527439024390244
Electricity,RANDOM,92342,selected_cal,512,21,0.1879322451444471,0.23619756300969114,59.020248227003144,0.8003048780487805,0.7449736595153809,0.0032393292682926828
Electricity,RANDOM,92342,selected_cal,512,22,0.20439576415411592,0.252574613567647,64.83582624574987,0.7576219512195121,0.7421790957450867,0.0024771341463414634
Electricity,RANDOM,92342,selected_cal,512,23,0.19385393647227678,0.2411759191879921,59.28077300001935,0.8094512195121951,0.7505096793174744,0.0007621951219512195
Electricity,RANDOM,92342,selected_cal,512,24,0.20051426411146878,0.2504002060256005,64.69619058981175,0.7926829268292683,0.7537305951118469,0.00019054878048780488
Electricity,RANDOM,92342,selected_cal,512,25,0.19728384979651845,0.24752797195691176,64.06909878660993,0.8262195121951219,0.7737593650817871,0.0005716463414634146
Electricity,RANDOM,92342,selected_cal,512,26,0.19253519265640034,0.24386598886438965,60.65942542145892,0.8170731707317073,0.786571204662323,0.00019054878048780488
Electricity,RANDOM,92342,selected_cal,512,27,0.19633022126794947,0.2502153383069331,60.83002948760986,0.8323170731707317,0.795864462852478,0.00038109756097560977
Electricity,RANDOM,92342,selected_cal,512,28,0.18885963445614506,0.23956017728364787,59.263477988359405,0.8475609756097561,0.8078820705413818,0.00038109756097560977
Electricity,RANDOM,92342,selected_cal,512,29,0.19759327114624,0.25016671948174607,60.958750689901954,0.8109756097560976,0.801994800567627,0.0007621951219512195
Electricity,RANDOM,92342,selected_cal,512,30,0.20431216956827872,0.25894334345103287,65.25626146502611,0.801829268292683,0.8069887757301331,0.00038109756097560977
Electricity,RANDOM,92342,selected_cal,512,31,0.20493785249974694,0.2541558493126391,65.56879522742295,0.8064024390243902,0.8138615489006042,0.0
Electricity,RANDOM,92342,selected_cal,512,32,0.20760570092467623,0.2597174469132644,69.77004555958074,0.8048780487804879,0.8151835799217224,0.00038109756097560977
Electricity,RANDOM,92342,selected_cal,512,33,0.21002811363327434,0.25963575753669976,68.4000791107736,0.8201219512195121,0.8176308870315552,0.0
Electricity,RANDOM,92342,selected_cal,512,34,0.20573301106731945,0.257056931588064,66.42876891392034,0.801829268292683,0.819153368473053,0.0
Electricity,RANDOM,92342,selected_cal,512,35,0.20312526404550246,0.25210379871750044,64.25192491019645,0.823170731707317,0.8152238726615906,0.0
Electricity,RANDOM,92342,selected_cal,512,36,0.20012173366510633,0.24867098752384256,63.86247613953381,0.8155487804878049,0.8116539716720581,0.0
Electricity,RANDOM,92342,selected_cal,512,37,0.1982773388683665,0.24700253152179447,64.24924900473619,0.7896341463414634,0.8048886656761169,0.0007621951219512195
Electricity,RANDOM,92342,selected_cal,512,38,0.2090298094268616,0.2596501707586405,67.7406878703978,0.7667682926829268,0.8052394986152649,0.0009527439024390244
Electricity,RANDOM,92342,selected_cal,512,39,0.195104386149843,0.2451149196323903,62.79570642331751,0.8292682926829268,0.815715491771698,0.0007621951219512195
Electricity,RANDOM,92342,selected_cal,512,40,0.20476401431876898,0.2583825886002424,65.39707021015447,0.8003048780487805,0.8197323679924011,0.0024771341463414634
Electricity,RANDOM,92342,selected_cal,512,41,0.20533798588392407,0.2530705201531708,65.57413257040629,0.7911585365853658,0.8267298340797424,0.001714939024390244
Electricity,RANDOM,92342,selected_cal,512,42,0.19604749222548915,0.24325573108693588,63.43928405715198,0.788109756097561,0.8270902633666992,0.0011432926829268292
Electricity,RANDOM,92342,selected_cal,512,43,0.19426198324250024,0.24009973610168053,61.938905436818196,0.8140243902439024,0.8294687271118164,0.001524390243902439
Electricity,RANDOM,92342,selected_cal,512,44,0.1983588687245918,0.24384187388728104,60.88946021475443,0.8201219512195121,0.8227261900901794,0.0011432926829268292
Electricity,RANDOM,92342,selected_cal,512,45,0.2112255188229783,0.25855536576455773,65.42469263076782,0.7972560975609756,0.8190045356750488,0.0024771341463414634
Electricity,RANDOM,92342,selected_cal,512,46,0.2324890488501904,0.2823753230760991,70.07572100802166,0.7698170731707317,0.8126327991485596,0.0013338414634146342
Electricity,RANDOM,92342,selected_cal,512,47,0.2308250489535989,0.28128582493008714,70.37381329187532,0.7835365853658537,0.8183512091636658,0.00019054878048780488
Electricity,RANDOM,92342,selected_cal,512,48,0.2356079816891762,0.2895922676101328,73.35445444758345,0.7850609756097561,0.8219254016876221,0.0005716463414634146
Electricity,RANDOM,92342,selected_cal,512,49,0.22369784954733907,0.27382918058116673,70.72779549621954,0.8033536585365854,0.8370245695114136,0.0
Electricity,RANDOM,92342,selected_cal,512,50,0.22013478509830428,0.2727026162597711,71.45908449917304,0.8064024390243902,0.8454959988594055,0.0
Electricity,RANDOM,92342,selected_cal,512,51,0.21511309830089032,0.2689648658347661,70.01181094239398,0.8399390243902439,0.8525453805923462,0.00038109756097560977
Electricity,RANDOM,92342,selected_cal,512,52,0.21142259502746935,0.2594653869467544,68.85575448012933,0.8597560975609756,0.8576062917709351,0.0007621951219512195
Electricity,RANDOM,92342,selected_cal,512,53,0.2261408060043227,0.2792721304100056,71.1862013514449,0.7987804878048781,0.8477928638458252,0.0009527439024390244
Electricity,RANDOM,92342,selected_cal,512,54,0.23775388069249143,0.2975132593196835,76.5072952479851,0.7759146341463414,0.8506884574890137,0.0005716463414634146
Electricity,RANDOM,92342,selected_cal,512,55,0.22569439470986677,0.2833113121665871,72.89536838996702,0.8064024390243902,0.8541489839553833,0.0
Electricity,RANDOM,92342,selected_cal,512,56,0.23889202431057113,0.29773492192879103,77.08709067833132,0.7926829268292683,0.8595412373542786,0.0013338414634146342
Electricity,RANDOM,92342,selected_cal,512,57,0.23178859842084704,0.2836200871051533,74.5599059477085,0.801829268292683,0.8647499084472656,0.0
Electricity,RANDOM,92342,selected_cal,512,58,0.22857549234365918,0.2830364491799677,74.13489106806313,0.7759146341463414,0.8650555610656738,0.00038109756097560977
Electricity,RANDOM,92342,selected_cal,512,59,0.21518081529198818,0.2669214092647554,69.40403872001463,0.8033536585365854,0.8581045866012573,0.0
Electricity,RANDOM,92342,selected_cal,512,60,0.20279301851449003,0.2513360757711289,66.09806400392114,0.8445121951219512,0.8544718027114868,0.0
Electricity,RANDOM,92342,selected_cal,512,61,0.2125549141708789,0.2631729033945987,69.16232819673492,0.8033536585365854,0.8507532477378845,0.002096036585365854
Electricity,RANDOM,92342,selected_cal,512,62,0.21914527446420165,0.26944477607580875,68.6529634405927,0.7682926829268293,0.8515916466712952,0.002858231707317073
Electricity,RANDOM,92342,selected_cal,512,63,0.2191931873659827,0.2755941234518595,68.54583906545872,0.8079268292682927,0.861397922039032,0.0024771341463414634
Electricity,RANDOM,92342,selected_cal,512,64,0.22070563480357988,0.27442734752494075,71.88936078839185,0.8140243902439024,0.8765658736228943,0.0022865853658536584
Electricity,SHUFFLE,92341,raw128,128,1,0.10773789117843247,0.13732574085842378,33.46929625767033,0.8810975609756098,0.5291812419891357,0.0
Electricity,SHUFFLE,92341,raw128,128,2,0.1380129716272977,0.17393582523255066,43.87169897265551,0.8338414634146342,0.5995382070541382,0.0
Electricity,SHUFFLE,92341,raw128,128,3,0.14778966795943882,0.18312487267420752,47.387623496171905,0.8384146341463414,0.6499616503715515,0.0007621951219512195
Electricity,SHUFFLE,92341,raw128,128,4,0.16127467798457026,0.20293599841210475,52.34649563998711,0.8277439024390244,0.6910910606384277,0.00038109756097560977
Electricity,SHUFFLE,92341,raw128,128,5,0.1769529661193178,0.22436915389664616,56.75416489345272,0.7896341463414634,0.7005516886711121,0.0005716463414634146
Electricity,SHUFFLE,92341,raw128,128,6,0.18938830687055214,0.2391952891428581,60.46107545713099,0.7759146341463414,0.7130414247512817,0.00038109756097560977
Electricity,SHUFFLE,92341,raw128,128,7,0.21931159682877474,0.2724201616262504,66.57315724070479,0.7820121951219512,0.7217352986335754,0.0
Electricity,SHUFFLE,92341,raw128,128,8,0.19575268404293605,0.24780347957663845,63.22147461263145,0.8094512195121951,0.7249748110771179,0.0
Electricity,SHUFFLE,92341,raw128,128,9,0.20004930347118055,0.2540705615223702,61.79989161142489,0.7972560975609756,0.7340849041938782,0.0
Electricity,SHUFFLE,92341,raw128,128,10,0.19561285268400075,0.24785670203063764,60.11673458611093,0.7957317073170732,0.7409899234771729,0.0
Electricity,SHUFFLE,92341,raw128,128,11,0.19139783026027257,0.24326628158472627,58.62545499569032,0.8170731707317073,0.745025098323822,0.00019054878048780488
Electricity,SHUFFLE,92341,raw128,128,12,0.19124586233108729,0.23916470854498428,59.88732065805575,0.8109756097560976,0.7533345222473145,0.00019054878048780488
Electricity,SHUFFLE,92341,raw128,128,13,0.1897092600298466,0.23718923282817134,59.54214308901531,0.7911585365853658,0.7490378022193909,0.00038109756097560977
Electricity,SHUFFLE,92341,raw128,128,14,0.19852062197504905,0.2489299607078289,63.83295262732157,0.7667682926829268,0.7453497052192688,0.00019054878048780488
Electricity,SHUFFLE,92341,raw128,128,15,0.192884321273203,0.24323730975441138,61.34977016216371,0.8262195121951219,0.7512860298156738,0.0
Electricity,SHUFFLE,92341,raw128,128,16,0.19484475794586878,0.2449838152617073,61.686270911519124,0.8109756097560976,0.7590057253837585,0.00038109756097560977
Electricity,SHUFFLE,92341,raw128,128,17,0.19590582751739452,0.2445810920697386,60.877084371520255,0.8003048780487805,0.7623330354690552,0.0
Electricity,SHUFFLE,92341,raw128,128,18,0.1945745430276007,0.24554785059888015,61.537565440666384,0.8201219512195121,0.7648701667785645,0.0
Electricity,SHUFFLE,92341,raw128,128,19,0.18430527898842758,0.2315522989099114,58.82632785890161,0.8292682926829268,0.7688714861869812,0.00019054878048780488
Electricity,SHUFFLE,92341,raw128,128,20,0.18068935186614996,0.22557168243976872,56.13614262604132,0.8353658536585366,0.7671677470207214,0.0005716463414634146
Electricity,SHUFFLE,92341,raw128,128,21,0.1879322260040266,0.2362391455098609,59.22788621158135,0.8125,0.7569798231124878,0.002858231707317073
Electricity,SHUFFLE,92341,raw128,128,22,0.20445811336996841,0.2525429775383264,65.11287825282027,0.7804878048780488,0.7559429407119751,0.002096036585365854
Electricity,SHUFFLE,92341,raw128,128,23,0.19649879273784554,0.24535208320834997,60.586442040234076,0.8125,0.7640169858932495,0.00019054878048780488
Electricity,SHUFFLE,92341,raw128,128,24,0.2019560043427049,0.2527537889456907,65.46271773082454,0.8094512195121951,0.7664696574211121,0.0
Electricity,SHUFFLE,92341,raw128,128,25,0.1986046941097906,0.24874490681035888,64.49087028968626,0.8307926829268293,0.7836341857910156,0.00038109756097560977
Electricity,SHUFFLE,92341,raw128,128,26,0.19334164296623735,0.24474037240963212,61.05063989685803,0.8216463414634146,0.7954355478286743,0.00019054878048780488
Electricity,SHUFFLE,92341,raw128,128,27,0.1974268486940785,0.2525367671316288,61.79336041938968,0.8399390243902439,0.8055158257484436,0.00038109756097560977
Electricity,SHUFFLE,92341,raw128,128,28,0.18934507253311025,0.2413466160322193,59.989744337593635,0.8490853658536586,0.8192145824432373,0.0005716463414634146
Electricity,SHUFFLE,92341,raw128,128,29,0.19834302162499917,0.2519001408285982,61.52223332335309,0.8140243902439024,0.8114930391311646,0.0007621951219512195
Electricity,SHUFFLE,92341,raw128,128,30,0.20499253255194289,0.2592691898742428,65.61166100385712,0.7972560975609756,0.8141841292381287,0.00038109756097560977
Electricity,SHUFFLE,92341,raw128,128,31,0.20699674709240715,0.25711444178049164,66.38546278418565,0.8094512195121951,0.8189312219619751,0.0
Electricity,SHUFFLE,92341,raw128,128,32,0.20904618163458816,0.26196159306322825,70.46841384143364,0.7987804878048781,0.8181836009025574,0.0
Electricity,SHUFFLE,92341,raw128,128,33,0.210248799765757,0.2601203644654586,68.5053881203256,0.8185975609756098,0.8193989992141724,0.0
Electricity,SHUFFLE,92341,raw128,128,34,0.2065673226249521,0.25859880697917853,66.90204798302999,0.8094512195121951,0.8215894103050232,0.0
Electricity,SHUFFLE,92341,raw128,128,35,0.20347400316424752,0.252351786275644,64.40618753433228,0.8216463414634146,0.8197280168533325,0.0
Electricity,SHUFFLE,92341,raw128,128,36,0.20096710459757516,0.24959639599872174,64.30563273080965,0.8185975609756098,0.81868577003479,0.0
Electricity,SHUFFLE,92341,raw128,128,37,0.19835753148328783,0.24606671209123798,64.19019544415357,0.7911585365853658,0.8115925788879395,0.00038109756097560977
Electricity,SHUFFLE,92341,raw128,128,38,0.2091645530866667,0.25862207746615845,67.66703595184698,0.7713414634146342,0.811988115310669,0.0
Electricity,SHUFFLE,92341,raw128,128,39,0.19723764441532565,0.24712967954793225,63.6017937311312,0.8246951219512195,0.8232306241989136,0.0
Electricity,SHUFFLE,92341,raw128,128,40,0.20620837719744348,0.2594656685421359,66.03180063061598,0.7926829268292683,0.8259164094924927,0.0009527439024390244
Electricity,SHUFFLE,92341,raw128,128,41,0.20659301586472065,0.25411177689990283,66.20659461835535,0.7926829268292683,0.8322621583938599,0.0011432926829268292
Electricity,SHUFFLE,92341,raw128,128,42,0.19732299160049596,0.24421336723327514,63.85313102675647,0.7942073170731707,0.8353299498558044,0.0009527439024390244
Electricity,SHUFFLE,92341,raw128,128,43,0.19552812196531047,0.24116627099941035,62.32963136347329,0.8201219512195121,0.8408498167991638,0.001524390243902439
Electricity,SHUFFLE,92341,raw128,128,44,0.19962557117344026,0.2446617329629792,61.03042217580283,0.8338414634146342,0.8358496427536011,0.0005716463414634146
Electricity,SHUFFLE,92341,raw128,128,45,0.21226624168639766,0.26005360753038126,65.7435665712124,0.8109756097560976,0.8316223621368408,0.0026676829268292685
Electricity,SHUFFLE,92341,raw128,128,46,0.2328995648819354,0.28324940672981597,70.2887957968363,0.7774390243902439,0.8259971141815186,0.001524390243902439
Electricity,SHUFFLE,92341,raw128,128,47,0.23351972460898449,0.285131402753297,71.41991020993488,0.7865853658536586,0.8306616544723511,0.00019054878048780488
Electricity,SHUFFLE,92341,raw128,128,48,0.23646741999516915,0.2903492509823047,73.62221036306242,0.7942073170731707,0.832406759262085,0.00019054878048780488
Electricity,SHUFFLE,92341,raw128,128,49,0.22434651171409192,0.2751128616357805,71.30725383758545,0.8094512195121951,0.8442245125770569,0.00019054878048780488
Electricity,SHUFFLE,92341,raw128,128,50,0.2217901942024515,0.27412380148265386,71.84358673560911,0.8003048780487805,0.8508380651473999,0.0
Electricity,SHUFFLE,92341,raw128,128,51,0.21613855576383323,0.2692063852980332,70.15829839939025,0.8338414634146342,0.8589404225349426,0.0
Electricity,SHUFFLE,92341,raw128,128,52,0.21189183116534965,0.25843755430829085,68.45684783051654,0.8628048780487805,0.8651061654090881,0.0007621951219512195
Electricity,SHUFFLE,92341,raw128,128,53,0.22641841664989043,0.27807988074890766,70.64421993348657,0.8003048780487805,0.8534250259399414,0.0007621951219512195
Electricity,SHUFFLE,92341,raw128,128,54,0.23740000075026743,0.2954058450012516,75.892142935497,0.7789634146341463,0.8543656468391418,0.0005716463414634146
Electricity,SHUFFLE,92341,raw128,128,55,0.22783416426432607,0.2841486065856841,72.96861471780916,0.8033536585365854,0.8575220108032227,0.0
Electricity,SHUFFLE,92341,raw128,128,56,0.24061592095789525,0.2991481509652554,77.34259815913875,0.7850609756097561,0.861992597579956,0.0009527439024390244
Electricity,SHUFFLE,92341,raw128,128,57,0.2323901432030952,0.2842635132156526,74.80375325970533,0.8033536585365854,0.8670443296432495,0.0
Electricity,SHUFFLE,92341,raw128,128,58,0.2290388008474489,0.2836915549139141,74.32235503778224,0.7850609756097561,0.8681096434593201,0.00019054878048780488
Electricity,SHUFFLE,92341,raw128,128,59,0.21579831970520225,0.2681959408631353,69.84097470306769,0.8094512195121951,0.8619809746742249,0.0
Electricity,SHUFFLE,92341,raw128,128,60,0.2044430147785708,0.2526910971984874,66.53376973547587,0.8429878048780488,0.8604514598846436,0.0
Electricity,SHUFFLE,92341,raw128,128,61,0.2130517236376346,0.26346162324847233,69.45992507004156,0.8094512195121951,0.8569932579994202,0.001524390243902439
Electricity,SHUFFLE,92341,raw128,128,62,0.21989752573630744,0.2707298789957756,69.23771990799322,0.774390243902439,0.8583199381828308,0.0022865853658536584
Electricity,SHUFFLE,92341,raw128,128,63,0.220693461059785,0.27663333246212884,68.89418063512663,0.8079268292682927,0.8682224750518799,0.002096036585365854
Electricity,SHUFFLE,92341,raw128,128,64,0.2212493905359989,0.27302608630311104,71.64624514230867,0.8170731707317073,0.8808756470680237,0.0022865853658536584
Electricity,SHUFFLE,92341,selected_raw,512,1,0.10783256534509633,0.13791656077635006,33.77607853819684,0.8826219512195121,0.5306842923164368,0.0005716463414634146
Electricity,SHUFFLE,92341,selected_raw,512,2,0.13729554479474582,0.1736656306926725,43.93896211065897,0.8384146341463414,0.6065751910209656,0.00038109756097560977
Electricity,SHUFFLE,92341,selected_raw,512,3,0.14835179670668538,0.18315128141946288,47.33397230287878,0.8353658536585366,0.657597541809082,0.0011432926829268292
Electricity,SHUFFLE,92341,selected_raw,512,4,0.16130997947712064,0.20268586091564722,52.20860137009039,0.8201219512195121,0.696943998336792,0.00038109756097560977
Electricity,SHUFFLE,92341,selected_raw,512,5,0.17680820019540322,0.22361904144462671,56.52784578974654,0.7911585365853658,0.7078043222427368,0.0007621951219512195
Electricity,SHUFFLE,92341,selected_raw,512,6,0.18983755998530563,0.23925375022655668,60.4199984015488,0.7759146341463414,0.7220447659492493,0.00038109756097560977
Electricity,SHUFFLE,92341,selected_raw,512,7,0.21835850221994468,0.27053148409806566,66.05688614961578,0.7972560975609756,0.729121208190918,0.0
Electricity,SHUFFLE,92341,selected_raw,512,8,0.19566254547857437,0.24738514635712747,63.036266245493074,0.8094512195121951,0.7330055832862854,0.0
Electricity,SHUFFLE,92341,selected_raw,512,9,0.19979848747619255,0.2533764014249717,61.32244493903183,0.8048780487804879,0.7425667643547058,0.0
Electricity,SHUFFLE,92341,selected_raw,512,10,0.19445922585426756,0.24598551281687545,59.439369096988585,0.8033536585365854,0.7506734132766724,0.00019054878048780488
Electricity,SHUFFLE,92341,selected_raw,512,11,0.19167221530101455,0.24274325429438462,58.16219650826803,0.8155487804878049,0.753211498260498,0.0007621951219512195
Electricity,SHUFFLE,92341,selected_raw,512,12,0.19158665816800333,0.23984751770199617,59.89824603243572,0.8170731707317073,0.7592542767524719,0.00038109756097560977
Electricity,SHUFFLE,92341,selected_raw,512,13,0.190177072696865,0.23748820649449429,59.549977337441796,0.7957317073170732,0.7554159164428711,0.0007621951219512195
Electricity,SHUFFLE,92341,selected_raw,512,14,0.1987714028675155,0.2494890101041164,63.60950894472076,0.7789634146341463,0.754298985004425,0.001714939024390244
Electricity,SHUFFLE,92341,selected_raw,512,15,0.19331165159159525,0.24408274241385983,61.27129936218262,0.8307926829268293,0.761982798576355,0.0007621951219512195
Electricity,SHUFFLE,92341,selected_raw,512,16,0.19422405470294302,0.2433834128317073,60.55267108358988,0.8216463414634146,0.7705299258232117,0.0011432926829268292
Electricity,SHUFFLE,92341,selected_raw,512,17,0.19529822669545074,0.24377390927027576,60.10989727625033,0.8155487804878049,0.7756704092025757,0.0
Electricity,SHUFFLE,92341,selected_raw,512,18,0.19312115798390916,0.24253425007678445,60.23447745020797,0.8323170731707317,0.7791956663131714,0.0
Electricity,SHUFFLE,92341,selected_raw,512,19,0.18390875954500377,0.2308390721394693,58.435806821032266,0.8384146341463414,0.7815582752227783,0.0
Electricity,SHUFFLE,92341,selected_raw,512,20,0.18065096237490197,0.22471882273738478,55.7596988910582,0.8475609756097561,0.7777206897735596,0.00019054878048780488
Electricity,SHUFFLE,92341,selected_raw,512,21,0.188733539845963,0.23683705907639654,59.18450621860783,0.8125,0.7666205167770386,0.0024771341463414634
Electricity,SHUFFLE,92341,selected_raw,512,22,0.20395648987539966,0.252328605736357,64.6191791673986,0.7774390243902439,0.7656498551368713,0.0019054878048780487
Electricity,SHUFFLE,92341,selected_raw,512,23,0.1945084619644092,0.2414909381215046,59.41509692261859,0.8155487804878049,0.7694185376167297,0.0009527439024390244
Electricity,SHUFFLE,92341,selected_raw,512,24,0.20086261246558926,0.2508273210887892,64.57547516939117,0.8048780487804879,0.7691382169723511,0.00038109756097560977
Electricity,SHUFFLE,92341,selected_raw,512,25,0.197974375830497,0.24815600524341394,63.84780191793674,0.8277439024390244,0.7865431308746338,0.00038109756097560977
Electricity,SHUFFLE,92341,selected_raw,512,26,0.193430908939908,0.24453543046021828,60.63119910402996,0.8185975609756098,0.7985484600067139,0.00019054878048780488
Electricity,SHUFFLE,92341,selected_raw,512,27,0.19734433803943774,0.2511992865341684,60.79721335666935,0.8353658536585366,0.8068928718566895,0.00038109756097560977
Electricity,SHUFFLE,92341,selected_raw,512,28,0.18946411416822848,0.23996877837152006,59.11325132556078,0.8475609756097561,0.8184711933135986,0.00038109756097560977
Electricity,SHUFFLE,92341,selected_raw,512,29,0.1964632592262241,0.2484102854305701,60.21936731803708,0.8201219512195121,0.8141016364097595,0.0007621951219512195
Electricity,SHUFFLE,92341,selected_raw,512,30,0.2032260262458261,0.2572648981383494,64.7213714180923,0.8125,0.8186872601509094,0.00038109756097560977
Electricity,SHUFFLE,92341,selected_raw,512,31,0.2057933778995819,0.25528801893843567,65.79588697014785,0.8064024390243902,0.8214265704154968,0.0
Electricity,SHUFFLE,92341,selected_raw,512,32,0.2081060438339213,0.2596390281721699,69.36711396240607,0.8079268292682927,0.8217402100563049,0.00038109756097560977
Electricity,SHUFFLE,92341,selected_raw,512,33,0.209679988073532,0.25897817968759895,67.81602187272979,0.8338414634146342,0.824422299861908,0.0
Electricity,SHUFFLE,92341,selected_raw,512,34,0.20513277501543847,0.2563172978688021,65.85711376841475,0.8155487804878049,0.827396035194397,0.0
Electricity,SHUFFLE,92341,selected_raw,512,35,0.20244386589739224,0.249741329079953,63.46381164178616,0.8323170731707317,0.8229515552520752,0.0
Electricity,SHUFFLE,92341,selected_raw,512,36,0.20014422691845934,0.24783107271829316,63.498479854769826,0.8185975609756098,0.8201363682746887,0.0
Electricity,SHUFFLE,92341,selected_raw,512,37,0.19882845023783824,0.24667428785135467,63.94898328548524,0.8003048780487805,0.8156471252441406,0.0007621951219512195
Electricity,SHUFFLE,92341,selected_raw,512,38,0.20868553641026458,0.258799877977912,67.29163492016676,0.7789634146341463,0.8197296857833862,0.00019054878048780488
Electricity,SHUFFLE,92341,selected_raw,512,39,0.19469203958930512,0.243382576067346,62.11049888192154,0.8338414634146342,0.8308643102645874,0.0
Electricity,SHUFFLE,92341,selected_raw,512,40,0.20397980426741166,0.2581442485430322,65.07755360952238,0.8048780487804879,0.8335790634155273,0.0007621951219512195
Electricity,SHUFFLE,92341,selected_raw,512,41,0.20411620013512125,0.2511570415630657,64.78667797693392,0.8033536585365854,0.8413069248199463,0.0011432926829268292
Electricity,SHUFFLE,92341,selected_raw,512,42,0.1950180981626592,0.24155306286495962,62.56897521600491,0.801829268292683,0.8445056080818176,0.0009527439024390244
Electricity,SHUFFLE,92341,selected_raw,512,43,0.19424946222878348,0.2382891273881671,61.27060690158751,0.823170731707317,0.848707914352417,0.0011432926829268292
Electricity,SHUFFLE,92341,selected_raw,512,44,0.19856508069120726,0.24286252072879005,60.48142587847826,0.8323170731707317,0.8412594795227051,0.0009527439024390244
Electricity,SHUFFLE,92341,selected_raw,512,45,0.2112178243744448,0.2581416099461607,65.14424991607666,0.8109756097560976,0.8380166888237,0.0022865853658536584
Electricity,SHUFFLE,92341,selected_raw,512,46,0.23191816978263177,0.2815761670211853,69.70480446699189,0.7804878048780488,0.8334484696388245,0.0019054878048780487
Electricity,SHUFFLE,92341,selected_raw,512,47,0.2313510322485471,0.28173003352724746,70.56434452242968,0.7942073170731707,0.8326987028121948,0.0005716463414634146
Electricity,SHUFFLE,92341,selected_raw,512,48,0.23559286451548814,0.2893521981181371,73.41469846120695,0.7926829268292683,0.8316674828529358,0.0009527439024390244
Electricity,SHUFFLE,92341,selected_raw,512,49,0.2245243438610429,0.2751073819816083,71.16426007340594,0.7987804878048781,0.8448866009712219,0.00019054878048780488
Electricity,SHUFFLE,92341,selected_raw,512,50,0.22072500837269568,0.27260838722322595,71.63755834393385,0.8048780487804879,0.8535985946655273,0.0005716463414634146
Electricity,SHUFFLE,92341,selected_raw,512,51,0.21564877951063163,0.2698791812313193,70.54425368657927,0.8353658536585366,0.8598573207855225,0.0005716463414634146
Electricity,SHUFFLE,92341,selected_raw,512,52,0.21127091212774796,0.25829422527285606,68.5527110797603,0.8658536585365854,0.8646265268325806,0.0009527439024390244
Electricity,SHUFFLE,92341,selected_raw,512,53,0.22453129442272227,0.2767456327897573,70.61150917192785,0.8003048780487805,0.8550630807876587,0.0011432926829268292
Electricity,SHUFFLE,92341,selected_raw,512,54,0.2358823874020154,0.2952327901321536,75.82712703797876,0.7835365853658537,0.8586465120315552,0.0005716463414634146
Electricity,SHUFFLE,92341,selected_raw,512,55,0.22561817574913481,0.28239285737977193,72.54352452115315,0.8094512195121951,0.8600914478302002,0.0
Electricity,SHUFFLE,92341,selected_raw,512,56,0.2382473708011458,0.29793713857883053,77.07018551012365,0.7896341463414634,0.864630937576294,0.0009527439024390244
Electricity,SHUFFLE,92341,selected_raw,512,57,0.23034146317334356,0.2834051770890206,74.34386190553991,0.8125,0.8707270622253418,0.0
Electricity,SHUFFLE,92341,selected_raw,512,58,0.2270853590978145,0.2826575484847053,73.95456041940828,0.7926829268292683,0.8724363446235657,0.0
Electricity,SHUFFLE,92341,selected_raw,512,59,0.21402370171406507,0.26606468360278607,69.13675480354124,0.8201219512195121,0.8637098670005798,0.0
Electricity,SHUFFLE,92341,selected_raw,512,60,0.20268155482571018,0.251727712858925,66.09372596042913,0.8475609756097561,0.8604890704154968,0.0
Electricity,SHUFFLE,92341,selected_raw,512,61,0.21201643494104924,0.2631228186364998,68.99219580394465,0.8064024390243902,0.8575432300567627,0.002858231707317073
Electricity,SHUFFLE,92341,selected_raw,512,62,0.21850106997739838,0.270131676498304,68.58856316310603,0.7759146341463414,0.8614286780357361,0.002858231707317073
Electricity,SHUFFLE,92341,selected_raw,512,63,0.21890509288182106,0.27494606118459797,68.05598854437108,0.8094512195121951,0.8719294667243958,0.002096036585365854
Electricity,SHUFFLE,92341,selected_raw,512,64,0.21916719973388682,0.2702903419369168,70.45371781325922,0.823170731707317,0.8847682476043701,0.0022865853658536584
Electricity,SHUFFLE,92341,selected_cal,512,1,0.10783256534509633,0.13791656077635006,33.77607853819684,0.8826219512195121,0.5306842923164368,0.0005716463414634146
Electricity,SHUFFLE,92341,selected_cal,512,2,0.13729554479474582,0.1736656306926725,43.93896211065897,0.8384146341463414,0.6065751910209656,0.00038109756097560977
Electricity,SHUFFLE,92341,selected_cal,512,3,0.14835179670668538,0.18315128141946288,47.33397230287878,0.8353658536585366,0.657597541809082,0.0011432926829268292
Electricity,SHUFFLE,92341,selected_cal,512,4,0.1613099794771206,0.20268586091564722,52.20860137009039,0.8201219512195121,0.696943998336792,0.00038109756097560977
Electricity,SHUFFLE,92341,selected_cal,512,5,0.17680820019661586,0.22361904144462671,56.52784578974654,0.7911585365853658,0.7078043222427368,0.0007621951219512195
Electricity,SHUFFLE,92341,selected_cal,512,6,0.18983755998651825,0.23925375022655668,60.4199984015488,0.7759146341463414,0.7220447659492493,0.00038109756097560977
Electricity,SHUFFLE,92341,selected_cal,512,7,0.2183585022138816,0.27053148409806566,66.05688614961578,0.7972560975609756,0.729121208190918,0.0
Electricity,SHUFFLE,92341,selected_cal,512,8,0.19566254547857437,0.24738514635712747,63.036266245493074,0.8094512195121951,0.7330055832862854,0.0
Electricity,SHUFFLE,92341,selected_cal,512,9,0.19979848747619255,0.2533764014249717,61.32244493903183,0.8048780487804879,0.7425667643547058,0.0
Electricity,SHUFFLE,92341,selected_cal,512,10,0.19445922585305495,0.24598551281687545,59.439369096988585,0.8033536585365854,0.7506734132766724,0.00019054878048780488
Electricity,SHUFFLE,92341,selected_cal,512,11,0.19167221530716608,0.24274325429438462,58.16219650826803,0.8155487804878049,0.753211498260498,0.0007621951219512195
Electricity,SHUFFLE,92341,selected_cal,512,12,0.1915866581717296,0.23984751770199617,59.89824603243572,0.8170731707317073,0.7592542767524719,0.00038109756097560977
Electricity,SHUFFLE,92341,selected_cal,512,13,0.190177072696865,0.23748820649449429,59.549977337441796,0.7957317073170732,0.7554159164428711,0.0007621951219512195
Electricity,SHUFFLE,92341,selected_cal,512,14,0.1987714028724544,0.2494890101041164,63.60950894472076,0.7789634146341463,0.754298985004425,0.001714939024390244
Electricity,SHUFFLE,92341,selected_cal,512,15,0.19331165159038266,0.24408274241385983,61.27129936218262,0.8307926829268293,0.761982798576355,0.0007621951219512195
Electricity,SHUFFLE,92341,selected_cal,512,16,0.19422405470415563,0.2433834128317073,60.55267108358988,0.8216463414634146,0.7705299258232117,0.0011432926829268292
Electricity,SHUFFLE,92341,selected_cal,512,17,0.19529822669666336,0.24377390927027576,60.10989727625033,0.8155487804878049,0.7756704092025757,0.0
Electricity,SHUFFLE,92341,selected_cal,512,18,0.19312115797905868,0.24253425007678445,60.23447745020797,0.8323170731707317,0.7791956663131714,0.0
Electricity,SHUFFLE,92341,selected_cal,512,19,0.1839087595462164,0.2308390721394693,58.435806821032266,0.8384146341463414,0.7815582752227783,0.0
Electricity,SHUFFLE,92341,selected_cal,512,20,0.18065096237490197,0.22471882273738478,55.7596988910582,0.8475609756097561,0.7777206897735596,0.00019054878048780488
Electricity,SHUFFLE,92341,selected_cal,512,21,0.188733539845963,0.23683705907639654,59.18450621860783,0.8125,0.7666205167770386,0.0024771341463414634
Electricity,SHUFFLE,92341,selected_cal,512,22,0.20395648987661227,0.252328605736357,64.6191791673986,0.7774390243902439,0.7656498551368713,0.0019054878048780487
Electricity,SHUFFLE,92341,selected_cal,512,23,0.1945084619644092,0.2414909381215046,59.41509692261859,0.8155487804878049,0.7694185376167297,0.0009527439024390244
Electricity,SHUFFLE,92341,selected_cal,512,24,0.20086261246558926,0.2508273210887892,64.57547516939117,0.8048780487804879,0.7691382169723511,0.00038109756097560977
Electricity,SHUFFLE,92341,selected_cal,512,25,0.19797437583170963,0.24815600524341394,63.84780191793674,0.8277439024390244,0.7865431308746338,0.00038109756097560977
Electricity,SHUFFLE,92341,selected_cal,512,26,0.19343090893505754,0.24453543046021828,60.63119910402996,0.8185975609756098,0.7985484600067139,0.00019054878048780488
Electricity,SHUFFLE,92341,selected_cal,512,27,0.19734433803943774,0.2511992865341684,60.79721335666935,0.8353658536585366,0.8068928718566895,0.00038109756097560977
Electricity,SHUFFLE,92341,selected_cal,512,28,0.18946411417186634,0.23996877837152006,59.11325132556078,0.8475609756097561,0.8184711933135986,0.00038109756097560977
Electricity,SHUFFLE,92341,selected_cal,512,29,0.19646325922501146,0.2484102854305701,60.21936731803708,0.8201219512195121,0.8141016364097595,0.0007621951219512195
Electricity,SHUFFLE,92341,selected_cal,512,30,0.20322602625431443,0.2572648981383494,64.7213714180923,0.8125,0.8186872601509094,0.00038109756097560977
Electricity,SHUFFLE,92341,selected_cal,512,31,0.20579337790079452,0.25528801893843567,65.79588697014785,0.8064024390243902,0.8214265704154968,0.0
Electricity,SHUFFLE,92341,selected_cal,512,32,0.20810604383279713,0.2596390281721699,69.36711396240607,0.8079268292682927,0.8217402100563049,0.00038109756097560977
Electricity,SHUFFLE,92341,selected_cal,512,33,0.2096799880736204,0.25897817968759895,67.81602187272979,0.8338414634146342,0.824422299861908,0.0
Electricity,SHUFFLE,92341,selected_cal,512,34,0.20513277501292485,0.2563172978688021,65.85711376841475,0.8155487804878049,0.827396035194397,0.0
Electricity,SHUFFLE,92341,selected_cal,512,35,0.20244386589617963,0.249741329079953,63.46381164178616,0.8323170731707317,0.8229515552520752,0.0
Electricity,SHUFFLE,92341,selected_cal,512,36,0.20014422691230782,0.24783107271829316,63.498479854769826,0.8185975609756098,0.8201363682746887,0.0
Electricity,SHUFFLE,92341,selected_cal,512,37,0.1988284502353246,0.24667428785135467,63.94898328548524,0.8003048780487805,0.8156471252441406,0.0007621951219512195
Electricity,SHUFFLE,92341,selected_cal,512,38,0.20868553641147716,0.258799877977912,67.29163492016676,0.7789634146341463,0.8197296857833862,0.00019054878048780488
Electricity,SHUFFLE,92341,selected_cal,512,39,0.19469203960021872,0.243382576067346,62.11049888192154,0.8338414634146342,0.8308643102645874,0.0
Electricity,SHUFFLE,92341,selected_cal,512,40,0.20397980425528547,0.2581442485430322,65.07755360952238,0.8048780487804879,0.8335790634155273,0.0007621951219512195
Electricity,SHUFFLE,92341,selected_cal,512,41,0.20411620013390866,0.2511570415630657,64.78667797693392,0.8033536585365854,0.8413069248199463,0.0011432926829268292
Electricity,SHUFFLE,92341,selected_cal,512,42,0.1950180981565961,0.24155306286495962,62.56897521600491,0.801829268292683,0.8445056080818176,0.0009527439024390244
Electricity,SHUFFLE,92341,selected_cal,512,43,0.1942494622299961,0.2382891273881671,61.27060690158751,0.823170731707317,0.848707914352417,0.0011432926829268292
Electricity,SHUFFLE,92341,selected_cal,512,44,0.19856508067908107,0.24286252072879005,60.48142587847826,0.8323170731707317,0.8412594795227051,0.0009527439024390244
Electricity,SHUFFLE,92341,selected_cal,512,45,0.21121782437808265,0.2581416099461607,65.14424991607666,0.8109756097560976,0.8380166888237,0.0022865853658536584
Electricity,SHUFFLE,92341,selected_cal,512,46,0.2319181697717182,0.2815761670211853,69.70480446699189,0.7804878048780488,0.8334484696388245,0.0019054878048780487
Electricity,SHUFFLE,92341,selected_cal,512,47,0.23135103224733447,0.28173003352724746,70.56434452242968,0.7942073170731707,0.8326987028121948,0.0005716463414634146
Electricity,SHUFFLE,92341,selected_cal,512,48,0.23559286451185027,0.2893521981181371,73.41469846120695,0.7926829268292683,0.8316674828529358,0.0009527439024390244
Electricity,SHUFFLE,92341,selected_cal,512,49,0.2245243438489167,0.2751073819816083,71.16426007340594,0.7987804878048781,0.8448866009712219,0.00019054878048780488
Electricity,SHUFFLE,92341,selected_cal,512,50,0.22072500836541994,0.27260838722322595,71.63755834393385,0.8048780487804879,0.8535985946655273,0.0005716463414634146
Electricity,SHUFFLE,92341,selected_cal,512,51,0.21564877950456854,0.2698791812313193,70.54425368657927,0.8353658536585366,0.8598573207855225,0.0005716463414634146
Electricity,SHUFFLE,92341,selected_cal,512,52,0.21127091211925964,0.25829422527285606,68.5527110797603,0.8658536585365854,0.8646265268325806,0.0009527439024390244
Electricity,SHUFFLE,92341,selected_cal,512,53,0.22453129442514752,0.2767456327897573,70.61150917192785,0.8003048780487805,0.8550630807876587,0.0011432926829268292
Electricity,SHUFFLE,92341,selected_cal,512,54,0.2358823874020154,0.2952327901321536,75.82712703797876,0.7835365853658537,0.8586465120315552,0.0005716463414634146
Electricity,SHUFFLE,92341,selected_cal,512,55,0.2256181757515601,0.28239285737977193,72.54352452115315,0.8094512195121951,0.8600914478302002,0.0
Electricity,SHUFFLE,92341,selected_cal,512,56,0.2382473708011458,0.29793713857883053,77.07018551012365,0.7896341463414634,0.864630937576294,0.0009527439024390244
Electricity,SHUFFLE,92341,selected_cal,512,57,0.2303414631758572,0.2834051770890206,74.34386190553991,0.8125,0.8707270622253418,0.0
Electricity,SHUFFLE,92341,selected_cal,512,58,0.2270853590978145,0.2826575484847053,73.95456041940828,0.7926829268292683,0.8724363446235657,0.0
Electricity,SHUFFLE,92341,selected_cal,512,59,0.2140237016957874,0.26606468360278607,69.13675480354124,0.8201219512195121,0.8637098670005798,0.0
Electricity,SHUFFLE,92341,selected_cal,512,60,0.20268155482449748,0.251727712858925,66.09372596042913,0.8475609756097561,0.8604890704154968,0.0
Electricity,SHUFFLE,92341,selected_cal,512,61,0.21201643494235026,0.2631228186364998,68.99219580394465,0.8064024390243902,0.8575432300567627,0.002858231707317073
Electricity,SHUFFLE,92341,selected_cal,512,62,0.21850106997367214,0.270131676498304,68.58856316310603,0.7759146341463414,0.8614286780357361,0.002858231707317073
Electricity,SHUFFLE,92341,selected_cal,512,63,0.21890509286969487,0.27494606118459797,68.05598854437108,0.8094512195121951,0.8719294667243958,0.002096036585365854
Electricity,SHUFFLE,92341,selected_cal,512,64,0.21916719973388682,0.2702903419369168,70.45371781325922,0.823170731707317,0.8847682476043701,0.0022865853658536584
Electricity,SHUFFLE,92342,raw128,128,1,0.10742686956480665,0.13751196939420263,33.645267032995456,0.8795731707317073,0.5222549438476562,0.0
Electricity,SHUFFLE,92342,raw128,128,2,0.1376669850349679,0.1734550336339398,43.866251259315305,0.8414634146341463,0.5952012538909912,0.0
Electricity,SHUFFLE,92342,raw128,128,3,0.1469448685226336,0.18217729833442395,47.10368015707993,0.8475609756097561,0.6466822028160095,0.00038109756097560977
Electricity,SHUFFLE,92342,raw128,128,4,0.16098568580875844,0.20262954913495704,52.1182931806983,0.8262195121951219,0.6881142854690552,0.0
Electricity,SHUFFLE,92342,raw128,128,5,0.17754159191113325,0.22595568607480254,57.10326944909445,0.7987804878048781,0.6984082460403442,0.0005716463414634146
Electricity,SHUFFLE,92342,raw128,128,6,0.1891765911380059,0.2389825231053937,60.33405508646151,0.7804878048780488,0.7155571579933167,0.00038109756097560977
Electricity,SHUFFLE,92342,raw128,128,7,0.21894628951522177,0.2721645504806706,66.63119602203369,0.7896341463414634,0.7269720435142517,0.0
Electricity,SHUFFLE,92342,raw128,128,8,0.1952791322814556,0.2468036692106394,62.973904051431795,0.8079268292682927,0.7320647835731506,0.0
Electricity,SHUFFLE,92342,raw128,128,9,0.19871560006260497,0.25330632335099,61.805811812238,0.8033536585365854,0.7421793341636658,0.0
Electricity,SHUFFLE,92342,raw128,128,10,0.19532403335561874,0.24759131841051862,60.12406552710184,0.8048780487804879,0.7502766847610474,0.0
Electricity,SHUFFLE,92342,raw128,128,11,0.19153502274245213,0.24392034253500874,58.96142897954801,0.8216463414634146,0.754561722278595,0.0
Electricity,SHUFFLE,92342,raw128,128,12,0.19093199545443218,0.23883344638733733,59.82712998041293,0.8125,0.7625486254692078,0.00019054878048780488
Electricity,SHUFFLE,92342,raw128,128,13,0.190062686550043,0.23814281986891,59.83389322932174,0.7926829268292683,0.7579841613769531,0.00038109756097560977
Electricity,SHUFFLE,92342,raw128,128,14,0.19877553686565996,0.24953175568712269,64.07412805789855,0.7667682926829268,0.7570340037345886,0.0005716463414634146
Electricity,SHUFFLE,92342,raw128,128,15,0.1935759354137895,0.24438165451402954,61.745623542041315,0.8246951219512195,0.7632653117179871,0.0
Electricity,SHUFFLE,92342,raw128,128,16,0.19525930301281388,0.24553580900730704,62.05664233463566,0.8155487804878049,0.7714978456497192,0.00019054878048780488
Electricity,SHUFFLE,92342,raw128,128,17,0.19586632662821943,0.24432461517391202,60.95284092135546,0.801829268292683,0.775886058807373,0.0
Electricity,SHUFFLE,92342,raw128,128,18,0.1947316569681229,0.24557217260137287,61.54856843483157,0.8201219512195121,0.7777197360992432,0.0
Electricity,SHUFFLE,92342,raw128,128,19,0.18386159158662727,0.23084904282564273,58.731995256935676,0.8307926829268293,0.7801694869995117,0.00019054878048780488
Electricity,SHUFFLE,92342,raw128,128,20,0.180863852144464,0.2252569468285487,56.03556902815656,0.836890243902439,0.7772471904754639,0.0
Electricity,SHUFFLE,92342,raw128,128,21,0.1886974851697723,0.23701732627397107,59.34263023516027,0.8079268292682927,0.7659434080123901,0.0024771341463414634
Electricity,SHUFFLE,92342,raw128,128,22,0.20485770941080425,0.2531509073612856,65.17271538478572,0.7911585365853658,0.7671763896942139,0.002096036585365854
Electricity,SHUFFLE,92342,raw128,128,23,0.19629056884745066,0.24492364047932746,60.304916079451395,0.8170731707317073,0.7771211862564087,0.0
Electricity,SHUFFLE,92342,raw128,128,24,0.2024876103956612,0.253532316631351,65.66071136986336,0.8109756097560976,0.7812678813934326,0.0
Electricity,SHUFFLE,92342,raw128,128,25,0.19887118777461718,0.24949912661569354,64.81045988129407,0.8414634146341463,0.7994563579559326,0.00019054878048780488
Electricity,SHUFFLE,92342,raw128,128,26,0.19371274024458163,0.24544154389057596,61.32454110354912,0.8307926829268293,0.8117163181304932,0.00019054878048780488
Electricity,SHUFFLE,92342,raw128,128,27,0.19735588581352403,0.25228423877556405,61.78170439092124,0.8445121951219512,0.8210047483444214,0.00019054878048780488
Electricity,SHUFFLE,92342,raw128,128,28,0.18960195267106408,0.24135616712406127,60.03797678831147,0.8597560975609756,0.8334222435951233,0.00019054878048780488
Electricity,SHUFFLE,92342,raw128,128,29,0.20053499961466337,0.25484667939820105,62.49495642359664,0.8185975609756098,0.8255011439323425,0.00038109756097560977
Electricity,SHUFFLE,92342,raw128,128,30,0.205446952555827,0.2599187186913301,65.72848891048896,0.8048780487804879,0.8320768475532532,0.0
Electricity,SHUFFLE,92342,raw128,128,31,0.20710224193742097,0.2572886777444164,66.38900690543943,0.8094512195121951,0.8382270336151123,0.0
Electricity,SHUFFLE,92342,raw128,128,32,0.20949843278679264,0.262351148984043,70.62998851915685,0.8064024390243902,0.8381964564323425,0.0
Electricity,SHUFFLE,92342,raw128,128,33,0.21053406625960308,0.2600061763338813,68.66713534331903,0.8277439024390244,0.839811384677887,0.0
Electricity,SHUFFLE,92342,raw128,128,34,0.2070899983226534,0.2591847116726434,67.06279767431865,0.8125,0.8420705795288086,0.0
Electricity,SHUFFLE,92342,raw128,128,35,0.20433819087214158,0.25381827261309825,64.81839460279883,0.8307926829268293,0.8399029970169067,0.0
Electricity,SHUFFLE,92342,raw128,128,36,0.20096548794094096,0.2494730972605184,64.32067375648313,0.8216463414634146,0.8383852243423462,0.0
Electricity,SHUFFLE,92342,raw128,128,37,0.1988529015490944,0.24689008419920647,64.44983935937648,0.8048780487804879,0.8314416408538818,0.00038109756097560977
Electricity,SHUFFLE,92342,raw128,128,38,0.21031803661039933,0.2607741096602626,68.38325815666013,0.774390243902439,0.8339616656303406,0.0
Electricity,SHUFFLE,92342,raw128,128,39,0.19747501938420672,0.2480470751103259,63.895336406986885,0.8445121951219512,0.844918429851532,0.0
Electricity,SHUFFLE,92342,raw128,128,40,0.20606658267444244,0.2597192769233203,66.14421800287758,0.8003048780487805,0.8481332659721375,0.001524390243902439
Electricity,SHUFFLE,92342,raw128,128,41,0.20655141066447932,0.25409174271192947,66.27523882796125,0.8003048780487805,0.8550172448158264,0.001524390243902439
Electricity,SHUFFLE,92342,raw128,128,42,0.19742740554534685,0.24494292905567766,64.18469912831377,0.801829268292683,0.8568120002746582,0.0009527439024390244
Electricity,SHUFFLE,92342,raw128,128,43,0.19580913263565136,0.24175500206643377,62.588365717632016,0.8323170731707317,0.8606880903244019,0.0013338414634146342
Electricity,SHUFFLE,92342,raw128,128,44,0.20007950060063573,0.24544340358644798,61.32053886971823,0.8414634146341463,0.8548400402069092,0.0005716463414634146
Electricity,SHUFFLE,92342,raw128,128,45,0.21305601332828797,0.2614240013425459,66.24222561208214,0.8140243902439024,0.8493223190307617,0.0022865853658536584
Electricity,SHUFFLE,92342,raw128,128,46,0.23325775276888983,0.28426401265453427,70.69003473840108,0.7926829268292683,0.8456500172615051,0.001524390243902439
Electricity,SHUFFLE,92342,raw128,128,47,0.23196126274399925,0.28344256698389314,71.04143483464311,0.8003048780487805,0.8520823121070862,0.00019054878048780488
Electricity,SHUFFLE,92342,raw128,128,48,0.2364609009549021,0.2905793235998848,73.71382649351911,0.7987804878048781,0.8550131916999817,0.00019054878048780488
Electricity,SHUFFLE,92342,raw128,128,49,0.2241585031482245,0.27497750097518203,71.32626386968101,0.8170731707317073,0.8670864701271057,0.00019054878048780488
Electricity,SHUFFLE,92342,raw128,128,50,0.22177016146477135,0.2749632158551571,72.0361868230308,0.8125,0.8737000226974487,0.0
Electricity,SHUFFLE,92342,raw128,128,51,0.21638452385927118,0.2694619575733117,70.14464708653892,0.8460365853658537,0.8811835050582886,0.0
Electricity,SHUFFLE,92342,raw128,128,52,0.21188558080785544,0.25822239350669596,68.39284972446721,0.8673780487804879,0.8862116932868958,0.0005716463414634146
Electricity,SHUFFLE,92342,raw128,128,53,0.22762726442679576,0.281083329505315,71.50049902753132,0.8140243902439024,0.8742005825042725,0.0005716463414634146
Electricity,SHUFFLE,92342,raw128,128,54,0.2385235983890094,0.2971885274198479,76.48187795499476,0.7865853658536586,0.8789145946502686,0.0005716463414634146
Electricity,SHUFFLE,92342,raw128,128,55,0.2273560086785829,0.28467591707664547,73.31794687596764,0.8185975609756098,0.8832758665084839,0.0
Electricity,SHUFFLE,92342,raw128,128,56,0.24039653494674063,0.2990194222988313,77.39356009553119,0.801829268292683,0.8883078694343567,0.0009527439024390244
Electricity,SHUFFLE,92342,raw128,128,57,0.23214236269244692,0.2838123981225869,74.80815543198004,0.8140243902439024,0.8937560319900513,0.0
Electricity,SHUFFLE,92342,raw128,128,58,0.2296457608263968,0.28430063398049965,74.57909513101345,0.7987804878048781,0.8949681520462036,0.00019054878048780488
Electricity,SHUFFLE,92342,raw128,128,59,0.2161955549860159,0.2691451004087766,70.13115950328547,0.8140243902439024,0.8887279033660889,0.0
Electricity,SHUFFLE,92342,raw128,128,60,0.2043718604487184,0.2525643690815192,66.50604129419094,0.8551829268292683,0.8863656520843506,0.0
Electricity,SHUFFLE,92342,raw128,128,61,0.2139822624052,0.2645912301398134,69.80105311696123,0.8140243902439024,0.8828660845756531,0.002096036585365854
Electricity,SHUFFLE,92342,raw128,128,62,0.22084006403329118,0.27119693477409484,69.36345788909168,0.7865853658536586,0.8862414360046387,0.0024771341463414634
Electricity,SHUFFLE,92342,raw128,128,63,0.22099464310850506,0.2773115440273783,69.08257379764464,0.8201219512195121,0.8961226344108582,0.002096036585365854
Electricity,SHUFFLE,92342,raw128,128,64,0.2217958223328235,0.2744063257036652,72.0996769346842,0.8246951219512195,0.9088648557662964,0.002096036585365854
Electricity,SHUFFLE,92342,selected_raw,512,1,0.10679639231541752,0.13671381804799007,33.38192994420121,0.875,0.5115068554878235,0.00019054878048780488
Electricity,SHUFFLE,92342,selected_raw,512,2,0.137022387775584,0.17319855574594872,43.726374568008794,0.8246951219512195,0.5833866000175476,0.0
Electricity,SHUFFLE,92342,selected_raw,512,3,0.14706471684116745,0.1822968694077577,47.026989576293204,0.8323170731707317,0.633224368095398,0.0009527439024390244
Electricity,SHUFFLE,92342,selected_raw,512,4,0.16110198395473263,0.20283387036659173,52.173480685164286,0.8094512195121951,0.6729801893234253,0.00038109756097560977
Electricity,SHUFFLE,92342,selected_raw,512,5,0.1759131938307735,0.22261030843382132,56.21039939508206,0.7865853658536586,0.6836773753166199,0.0005716463414634146
Electricity,SHUFFLE,92342,selected_raw,512,6,0.18882014365955044,0.23774290499826356,60.030648022163206,0.7637195121951219,0.6975846886634827,0.00038109756097560977
Electricity,SHUFFLE,92342,selected_raw,512,7,0.21734983361437157,0.26912674096320693,65.67082523718113,0.7759146341463414,0.7079313397407532,0.0
Electricity,SHUFFLE,92342,selected_raw,512,8,0.19379546233636663,0.24462219548913808,62.2325546567033,0.7957317073170732,0.7131322622299194,0.0
Electricity,SHUFFLE,92342,selected_raw,512,9,0.19779865717200149,0.2520472170099969,61.22340554725833,0.7926829268292683,0.7235949635505676,0.0
Electricity,SHUFFLE,92342,selected_raw,512,10,0.1940802074595755,0.24543663040565786,59.37892346265839,0.7972560975609756,0.7312164902687073,0.0
Electricity,SHUFFLE,92342,selected_raw,512,11,0.19015880403621965,0.24143592953449897,58.081598595875064,0.8140243902439024,0.7351741194725037,0.0005716463414634146
Electricity,SHUFFLE,92342,selected_raw,512,12,0.18936682905023958,0.23756225500827957,59.3060692694129,0.8094512195121951,0.7412219047546387,0.00038109756097560977
Electricity,SHUFFLE,92342,selected_raw,512,13,0.18878482296502286,0.23625220651083956,59.13197923288113,0.7896341463414634,0.736310601234436,0.0005716463414634146
Electricity,SHUFFLE,92342,selected_raw,512,14,0.19870610354318838,0.24938975537131602,63.672981122644934,0.7667682926829268,0.7326978445053101,0.002096036585365854
Electricity,SHUFFLE,92342,selected_raw,512,15,0.1929859948347522,0.24442830934063284,61.52330288072912,0.8216463414634146,0.7393317818641663,0.0007621951219512195
Electricity,SHUFFLE,92342,selected_raw,512,16,0.19416331607478632,0.2440240584027546,61.15999983578193,0.8094512195121951,0.7486557364463806,0.002096036585365854
Electricity,SHUFFLE,92342,selected_raw,512,17,0.19500083724575706,0.24315405223354672,60.294884286275725,0.7942073170731707,0.7536664009094238,0.0
Electricity,SHUFFLE,92342,selected_raw,512,18,0.19289511704292192,0.24254918019238342,60.552671095220056,0.8064024390243902,0.754935085773468,0.0
Electricity,SHUFFLE,92342,selected_raw,512,19,0.18253704475493032,0.22931922119523446,58.16864435847213,0.8277439024390244,0.7569596171379089,0.00019054878048780488
Electricity,SHUFFLE,92342,selected_raw,512,20,0.17996021496196052,0.224631012133511,55.71589209393757,0.8353658536585366,0.7540190815925598,0.00038109756097560977
Electricity,SHUFFLE,92342,selected_raw,512,21,0.18749022187029993,0.23557395247746127,58.86657041456641,0.7987804878048781,0.7438822388648987,0.0026676829268292685
Electricity,SHUFFLE,92342,selected_raw,512,22,0.20424503563250895,0.25234808695625366,64.78397989273071,0.7667682926829268,0.7411099672317505,0.0022865853658536584
Electricity,SHUFFLE,92342,selected_raw,512,23,0.19389534806548853,0.24103249589249395,59.26936682259164,0.8079268292682927,0.7497947216033936,0.0009527439024390244
Electricity,SHUFFLE,92342,selected_raw,512,24,0.20064470140161073,0.2503233463312741,64.64354596486906,0.7926829268292683,0.7526815533638,0.00019054878048780488
Electricity,SHUFFLE,92342,selected_raw,512,25,0.1973695674286682,0.24736445402630458,63.93697098987858,0.8246951219512195,0.7715093493461609,0.00019054878048780488
Electricity,SHUFFLE,92342,selected_raw,512,26,0.19282613537954138,0.24410563824868672,60.632435147355245,0.8216463414634146,0.783576488494873,0.00019054878048780488
Electricity,SHUFFLE,92342,selected_raw,512,27,0.19654166951686786,0.25048141575492466,60.801049499976926,0.8277439024390244,0.7927674055099487,0.00038109756097560977
Electricity,SHUFFLE,92342,selected_raw,512,28,0.18899535585684551,0.23975305584691237,59.21261532713727,0.8475609756097561,0.8048915266990662,0.00038109756097560977
Electricity,SHUFFLE,92342,selected_raw,512,29,0.19739104198418306,0.24997048906894162,60.84660052090156,0.8109756097560976,0.7985098958015442,0.0007621951219512195
Electricity,SHUFFLE,92342,selected_raw,512,30,0.20417338629559043,0.2590286953222906,65.1930184713224,0.801829268292683,0.8028811812400818,0.00019054878048780488
Electricity,SHUFFLE,92342,selected_raw,512,31,0.2050068374234675,0.2542292755789313,65.6113174601299,0.801829268292683,0.8092697858810425,0.0
Electricity,SHUFFLE,92342,selected_raw,512,32,0.20729509554424141,0.2590384609581679,69.52010744373973,0.7987804878048781,0.8100902438163757,0.0
Electricity,SHUFFLE,92342,selected_raw,512,33,0.20939132903321903,0.2589907747002496,68.21133287941537,0.8185975609756098,0.8125548958778381,0.0
Electricity,SHUFFLE,92342,selected_raw,512,34,0.20502408970422975,0.25640202056849243,66.26482580929267,0.8048780487804879,0.8143126368522644,0.0
Electricity,SHUFFLE,92342,selected_raw,512,35,0.20240480938076263,0.25120881101884496,64.06430420061437,0.8170731707317073,0.8106284737586975,0.0
Electricity,SHUFFLE,92342,selected_raw,512,36,0.20006066248843307,0.24855571153030223,63.8572998512082,0.8140243902439024,0.8080899119377136,0.0
Electricity,SHUFFLE,92342,selected_raw,512,37,0.19814939584937533,0.24673673085028383,64.18116690472858,0.7865853658536586,0.8014206290245056,0.0007621951219512195
Electricity,SHUFFLE,92342,selected_raw,512,38,0.208866931790312,0.25914732730350526,67.55638883172011,0.7530487804878049,0.8013423085212708,0.0007621951219512195
Electricity,SHUFFLE,92342,selected_raw,512,39,0.19495990338808078,0.24486869002916153,62.651624156207575,0.8246951219512195,0.8122940063476562,0.0007621951219512195
Electricity,SHUFFLE,92342,selected_raw,512,40,0.20470885123397403,0.25803096036404893,65.26109386071926,0.7957317073170732,0.8155728578567505,0.0024771341463414634
Electricity,SHUFFLE,92342,selected_raw,512,41,0.2052383733886582,0.25283645821764694,65.5319648952019,0.7911585365853658,0.823170006275177,0.001714939024390244
Electricity,SHUFFLE,92342,selected_raw,512,42,0.19604235657625887,0.24349014568850677,63.45748974637287,0.788109756097561,0.8245501518249512,0.0011432926829268292
Electricity,SHUFFLE,92342,selected_raw,512,43,0.19447715526732468,0.2401096123220817,61.90397619619602,0.8140243902439024,0.8279504776000977,0.0011432926829268292
Electricity,SHUFFLE,92342,selected_raw,512,44,0.19831360092683095,0.24328984115815588,60.742697169141074,0.823170731707317,0.8222669363021851,0.0009527439024390244
Electricity,SHUFFLE,92342,selected_raw,512,45,0.21084909474310576,0.2580037366977505,65.29266926137413,0.801829268292683,0.8186229467391968,0.0022865853658536584
Electricity,SHUFFLE,92342,selected_raw,512,46,0.23215922699569372,0.2817470012427673,69.90180445880425,0.7713414634146342,0.8125200867652893,0.0013338414634146342
Electricity,SHUFFLE,92342,selected_raw,512,47,0.230476761821167,0.28079022282819893,70.26869072565218,0.7865853658536586,0.8187956213951111,0.00019054878048780488
Electricity,SHUFFLE,92342,selected_raw,512,48,0.2352413278657182,0.2889650381910836,73.15418025923938,0.788109756097561,0.8216638565063477,0.00038109756097560977
Electricity,SHUFFLE,92342,selected_raw,512,49,0.2235268579461176,0.27370300738376735,70.66536968510326,0.801829268292683,0.8353291153907776,0.0
Electricity,SHUFFLE,92342,selected_raw,512,50,0.21996059297246406,0.27227295112929967,71.38275821034502,0.8048780487804879,0.842997133731842,0.0
Electricity,SHUFFLE,92342,selected_raw,512,51,0.21511228514617312,0.268750801759408,69.97054496625574,0.8384146341463414,0.8500266671180725,0.00019054878048780488
Electricity,SHUFFLE,92342,selected_raw,512,52,0.21146252497840462,0.2593520982329692,68.82477197414491,0.8551829268292683,0.8549877405166626,0.0007621951219512195
Electricity,SHUFFLE,92342,selected_raw,512,53,0.22615397795614145,0.27908149272003663,71.14144721845301,0.7926829268292683,0.8445797562599182,0.0009527439024390244
Electricity,SHUFFLE,92342,selected_raw,512,54,0.23796514926950893,0.2977171880303415,76.48963550241982,0.774390243902439,0.846984326839447,0.0005716463414634146
Electricity,SHUFFLE,92342,selected_raw,512,55,0.22570736773062278,0.2835239052129508,72.8545304972951,0.8064024390243902,0.8504010438919067,0.0
Electricity,SHUFFLE,92342,selected_raw,512,56,0.23901697156035373,0.29780847145523676,77.07956492028585,0.7896341463414634,0.8559741377830505,0.001714939024390244
Electricity,SHUFFLE,92342,selected_raw,512,57,0.23163932256173161,0.2831714211354345,74.3877781077129,0.8003048780487805,0.8621537089347839,0.0
Electricity,SHUFFLE,92342,selected_raw,512,58,0.22867935627121744,0.28349263327355184,74.19767409999196,0.7759146341463414,0.8634247183799744,0.00038109756097560977
Electricity,SHUFFLE,92342,selected_raw,512,59,0.21526434518597362,0.2668964210872864,69.4151154960074,0.8094512195121951,0.8563021421432495,0.0
Electricity,SHUFFLE,92342,selected_raw,512,60,0.20281382768605166,0.25155520873320003,66.08779251284716,0.8414634146341463,0.8531802296638489,0.0
Electricity,SHUFFLE,92342,selected_raw,512,61,0.21258340875975126,0.26311224007961254,69.01545631594774,0.8003048780487805,0.8492442965507507,0.0024771341463414634
Electricity,SHUFFLE,92342,selected_raw,512,62,0.21893273516736292,0.26947102587533767,68.56368701050921,0.7713414634146342,0.8501255512237549,0.0032393292682926828
Electricity,SHUFFLE,92342,selected_raw,512,63,0.21938919989630729,0.2757642863993527,68.5447105547277,0.8079268292682927,0.8605086207389832,0.0024771341463414634
Electricity,SHUFFLE,92342,selected_raw,512,64,0.22065908208340437,0.2743943655438746,71.82785545907369,0.8155487804878049,0.8749069571495056,0.0024771341463414634
Electricity,SHUFFLE,92342,selected_cal,512,1,0.10679639231541752,0.13671381804799007,33.38192994420121,0.875,0.5115068554878235,0.00019054878048780488
Electricity,SHUFFLE,92342,selected_cal,512,2,0.137022387775584,0.17319855574594872,43.726374568008794,0.8246951219512195,0.5833866000175476,0.0
Electricity,SHUFFLE,92342,selected_cal,512,3,0.14706471682904126,0.1822968694077577,47.026989576293204,0.8323170731707317,0.633224368095398,0.0009527439024390244
Electricity,SHUFFLE,92342,selected_cal,512,4,0.16110198395594524,0.20283387036659173,52.173480685164286,0.8094512195121951,0.6729801893234253,0.00038109756097560977
Electricity,SHUFFLE,92342,selected_cal,512,5,0.17591319383198611,0.22261030843382132,56.21039939508206,0.7865853658536586,0.6836773753166199,0.0005716463414634146
Electricity,SHUFFLE,92342,selected_cal,512,6,0.18882014366197566,0.23774290499826356,60.030648022163206,0.7637195121951219,0.6975846886634827,0.00038109756097560977
Electricity,SHUFFLE,92342,selected_cal,512,7,0.21734983361315896,0.26912674096320693,65.67082523718113,0.7759146341463414,0.7079313397407532,0.0
Electricity,SHUFFLE,92342,selected_cal,512,8,0.19379546233757927,0.24462219548913808,62.2325546567033,0.7957317073170732,0.7131322622299194,0.0
Electricity,SHUFFLE,92342,selected_cal,512,9,0.19779865716948786,0.2520472170099969,61.22340554725833,0.7926829268292683,0.7235949635505676,0.0
Electricity,SHUFFLE,92342,selected_cal,512,10,0.1940802074595755,0.24543663040565786,59.37892346265839,0.7972560975609756,0.7312164902687073,0.0
Electricity,SHUFFLE,92342,selected_cal,512,11,0.19015880402885554,0.24143592953449897,58.081598595875064,0.8140243902439024,0.7351741194725037,0.0005716463414634146
Electricity,SHUFFLE,92342,selected_cal,512,12,0.18936682905023958,0.23756225500827957,59.3060692694129,0.8094512195121951,0.7412219047546387,0.00038109756097560977
Electricity,SHUFFLE,92342,selected_cal,512,13,0.1887848229638102,0.23625220651083956,59.13197923288113,0.7896341463414634,0.736310601234436,0.0005716463414634146
Electricity,SHUFFLE,92342,selected_cal,512,14,0.19870610353946208,0.24938975537131602,63.672981122644934,0.7667682926829268,0.7326978445053101,0.002096036585365854
Electricity,SHUFFLE,92342,selected_cal,512,15,0.1929859948347522,0.24442830934063284,61.52330288072912,0.8216463414634146,0.7393317818641663,0.0007621951219512195
Electricity,SHUFFLE,92342,selected_cal,512,16,0.19416331607357373,0.2440240584027546,61.15999983578193,0.8094512195121951,0.7486557364463806,0.002096036585365854
Electricity,SHUFFLE,92342,selected_cal,512,17,0.19500083724575706,0.24315405223354672,60.294884286275725,0.7942073170731707,0.7536664009094238,0.0
Electricity,SHUFFLE,92342,selected_cal,512,18,0.19289511704292192,0.24254918019238342,60.552671095220056,0.8064024390243902,0.754935085773468,0.0
Electricity,SHUFFLE,92342,selected_cal,512,19,0.18253704475493032,0.22931922119523446,58.16864435847213,0.8277439024390244,0.7569596171379089,0.00019054878048780488
Electricity,SHUFFLE,92342,selected_cal,512,20,0.1799602149595353,0.224631012133511,55.71589209393757,0.8353658536585366,0.7540190815925598,0.00038109756097560977
Electricity,SHUFFLE,92342,selected_cal,512,21,0.1874902218690873,0.23557395247746127,58.86657041456641,0.7987804878048781,0.7438822388648987,0.0026676829268292685
Electricity,SHUFFLE,92342,selected_cal,512,22,0.20424503563250895,0.25234808695625366,64.78397989273071,0.7667682926829268,0.7411099672317505,0.0022865853658536584
Electricity,SHUFFLE,92342,selected_cal,512,23,0.19389534806548853,0.24103249589249395,59.26936682259164,0.8079268292682927,0.7497947216033936,0.0009527439024390244
Electricity,SHUFFLE,92342,selected_cal,512,24,0.20064470140161073,0.2503233463312741,64.64354596486906,0.7926829268292683,0.7526815533638,0.00019054878048780488
Electricity,SHUFFLE,92342,selected_cal,512,25,0.19736956742745562,0.24736445402630458,63.93697098987858,0.8246951219512195,0.7715093493461609,0.00019054878048780488
Electricity,SHUFFLE,92342,selected_cal,512,26,0.19282613538075402,0.24410563824868672,60.632435147355245,0.8216463414634146,0.783576488494873,0.00019054878048780488
Electricity,SHUFFLE,92342,selected_cal,512,27,0.19654166951565527,0.25048141575492466,60.801049499976926,0.8277439024390244,0.7927674055099487,0.00038109756097560977
Electricity,SHUFFLE,92342,selected_cal,512,28,0.1889953558544203,0.23975305584691237,59.21261532713727,0.8475609756097561,0.8048915266990662,0.00038109756097560977
Electricity,SHUFFLE,92342,selected_cal,512,29,0.19739104200479765,0.24997048906894162,60.84660052090156,0.8109756097560976,0.7985098958015442,0.0007621951219512195
Electricity,SHUFFLE,92342,selected_cal,512,30,0.20417338631499235,0.2590286953222906,65.1930184713224,0.801829268292683,0.8028811812400818,0.00019054878048780488
Electricity,SHUFFLE,92342,selected_cal,512,31,0.2050068374234675,0.2542292755789313,65.6113174601299,0.801829268292683,0.8092697858810425,0.0
Electricity,SHUFFLE,92342,selected_cal,512,32,0.2072950955491803,0.2590384609581679,69.52010744373973,0.7987804878048781,0.8100902438163757,0.0
Electricity,SHUFFLE,92342,selected_cal,512,33,0.20939132901009078,0.2589907747002496,68.21133287941537,0.8185975609756098,0.8125548958778381,0.0
Electricity,SHUFFLE,92342,selected_cal,512,34,0.20502408970171607,0.25640202056849243,66.26482580929267,0.8048780487804879,0.8143126368522644,0.0
Electricity,SHUFFLE,92342,selected_cal,512,35,0.20240480937712474,0.25120881101884496,64.06430420061437,0.8170731707317073,0.8106284737586975,0.0
Electricity,SHUFFLE,92342,selected_cal,512,36,0.20006066248591944,0.24855571153030223,63.8572998512082,0.8140243902439024,0.8080899119377136,0.0
Electricity,SHUFFLE,92342,selected_cal,512,37,0.19814939582391033,0.24673673085028383,64.18116690472858,0.7865853658536586,0.8014206290245056,0.0007621951219512195
Electricity,SHUFFLE,92342,selected_cal,512,38,0.2088669317927372,0.25914732730350526,67.55638883172011,0.7530487804878049,0.8013423085212708,0.0007621951219512195
Electricity,SHUFFLE,92342,selected_cal,512,39,0.1949599033930197,0.24486869002916153,62.651624156207575,0.8246951219512195,0.8122940063476562,0.0007621951219512195
Electricity,SHUFFLE,92342,selected_cal,512,40,0.2047088512315488,0.25803096036404893,65.26109386071926,0.7957317073170732,0.8155728578567505,0.0024771341463414634
Electricity,SHUFFLE,92342,selected_cal,512,41,0.20523837339108345,0.25283645821764694,65.5319648952019,0.7911585365853658,0.823170006275177,0.001714939024390244
Electricity,SHUFFLE,92342,selected_cal,512,42,0.19604235657625887,0.24349014568850677,63.45748974637287,0.788109756097561,0.8245501518249512,0.0011432926829268292
Electricity,SHUFFLE,92342,selected_cal,512,43,0.19447715526611206,0.2401096123220817,61.90397619619602,0.8140243902439024,0.8279504776000977,0.0011432926829268292
Electricity,SHUFFLE,92342,selected_cal,512,44,0.19831360092683095,0.24328984115815588,60.742697169141074,0.823170731707317,0.8222669363021851,0.0009527439024390244
Electricity,SHUFFLE,92342,selected_cal,512,45,0.21084909474310576,0.2580037366977505,65.29266926137413,0.801829268292683,0.8186229467391968,0.0022865853658536584
Electricity,SHUFFLE,92342,selected_cal,512,46,0.23215922698599276,0.2817470012427673,69.90180445880425,0.7713414634146342,0.8125200867652893,0.0013338414634146342
Electricity,SHUFFLE,92342,selected_cal,512,47,0.2304767618175291,0.28079022282819893,70.26869072565218,0.7865853658536586,0.8187956213951111,0.00019054878048780488
Electricity,SHUFFLE,92342,selected_cal,512,48,0.2352413278657182,0.2889650381910836,73.15418025923938,0.788109756097561,0.8216638565063477,0.00038109756097560977
Electricity,SHUFFLE,92342,selected_cal,512,49,0.2235268579364166,0.27370300738376735,70.66536968510326,0.801829268292683,0.8353291153907776,0.0
Electricity,SHUFFLE,92342,selected_cal,512,50,0.21996059297125145,0.27227295112929967,71.38275821034502,0.8048780487804879,0.842997133731842,0.0
Electricity,SHUFFLE,92342,selected_cal,512,51,0.21511228513889738,0.268750801759408,69.97054496625574,0.8384146341463414,0.8500266671180725,0.00019054878048780488
Electricity,SHUFFLE,92342,selected_cal,512,52,0.21146252498204246,0.2593520982329692,68.82477197414491,0.8551829268292683,0.8549877405166626,0.0007621951219512195
Electricity,SHUFFLE,92342,selected_cal,512,53,0.22615397795250355,0.27908149272003663,71.14144721845301,0.7926829268292683,0.8445797562599182,0.0009527439024390244
Electricity,SHUFFLE,92342,selected_cal,512,54,0.2379651492743594,0.2977171880303415,76.48963550241982,0.774390243902439,0.846984326839447,0.0005716463414634146
Electricity,SHUFFLE,92342,selected_cal,512,55,0.2257073677294101,0.2835239052129508,72.8545304972951,0.8064024390243902,0.8504010438919067,0.0
Electricity,SHUFFLE,92342,selected_cal,512,56,0.23901697155914114,0.29780847145523676,77.07956492028585,0.7896341463414634,0.8559741377830505,0.001714939024390244
Electricity,SHUFFLE,92342,selected_cal,512,57,0.23163932253990444,0.2831714211354345,74.3877781077129,0.8003048780487805,0.8621537089347839,0.0
Electricity,SHUFFLE,92342,selected_cal,512,58,0.22867935625909125,0.28349263327355184,74.19767409999196,0.7759146341463414,0.8634247183799744,0.00038109756097560977
Electricity,SHUFFLE,92342,selected_cal,512,59,0.21526434516769585,0.2668964210872864,69.4151154960074,0.8094512195121951,0.8563021421432495,0.0
Electricity,SHUFFLE,92342,selected_cal,512,60,0.20281382768483905,0.25155520873320003,66.08779251284716,0.8414634146341463,0.8531802296638489,0.0
Electricity,SHUFFLE,92342,selected_cal,512,61,0.21258340876347756,0.26311224007961254,69.01545631594774,0.8003048780487805,0.8492442965507507,0.0024771341463414634
Electricity,SHUFFLE,92342,selected_cal,512,62,0.21893273516857556,0.26947102587533767,68.56368701050921,0.7713414634146342,0.8501255512237549,0.0032393292682926828
Electricity,SHUFFLE,92342,selected_cal,512,63,0.21938919989630729,0.2757642863993527,68.5447105547277,0.8079268292682927,0.8605086207389832,0.0024771341463414634
Electricity,SHUFFLE,92342,selected_cal,512,64,0.22065908208340437,0.2743943655438746,71.82785545907369,0.8155487804878049,0.8749069571495056,0.0024771341463414634
Electricity,TEMP,92341,raw128,128,1,0.10822483586342492,0.1382255613039887,33.713499441379454,0.8765243902439024,0.5261120796203613,0.0
Electricity,TEMP,92341,raw128,128,2,0.13793829805339472,0.17402281160585145,43.90415390526376,0.8353658536585366,0.5972726345062256,0.0
Electricity,TEMP,92341,raw128,128,3,0.14762159783159592,0.18299285619094288,47.34748560044824,0.8399390243902439,0.6479462385177612,0.00038109756097560977
Electricity,TEMP,92341,raw128,128,4,0.16126554072689306,0.2029947616122419,52.33899903878933,0.8307926829268293,0.6888896226882935,0.00019054878048780488
Electricity,TEMP,92341,raw128,128,5,0.17724144424978736,0.224938034257409,56.97756837053997,0.7911585365853658,0.6984878182411194,0.0005716463414634146
Electricity,TEMP,92341,raw128,128,6,0.18953179778887014,0.23923121852974738,60.48667165709705,0.7774390243902439,0.7119105458259583,0.00038109756097560977
Electricity,TEMP,92341,raw128,128,7,0.21931906731115117,0.272531065374133,66.65224509122895,0.7835365853658537,0.7207986116409302,0.0
Electricity,TEMP,92341,raw128,128,8,0.19571668547530352,0.24763820906628792,63.217939935079436,0.8003048780487805,0.7237857580184937,0.0
Electricity,TEMP,92341,raw128,128,9,0.20009302437390336,0.25409373537473345,61.795240216138886,0.7957317073170732,0.7327983975410461,0.0
Electricity,TEMP,92341,raw128,128,10,0.19512526123093127,0.24715638296119186,59.89967850940983,0.7972560975609756,0.7389419078826904,0.0
Electricity,TEMP,92341,raw128,128,11,0.19140469794162068,0.24315852880097472,58.53088459154455,0.8140243902439024,0.742651104927063,0.0
Electricity,TEMP,92341,raw128,128,12,0.19123185801037762,0.2390439113259578,59.77672107045243,0.8094512195121951,0.7504665851593018,0.00019054878048780488
Electricity,TEMP,92341,raw128,128,13,0.18978981490994096,0.2374732576244268,59.608529125771874,0.7972560975609756,0.745884895324707,0.00038109756097560977
Electricity,TEMP,92341,raw128,128,14,0.1984483461442782,0.24891015279041565,63.79488455376974,0.7637195121951219,0.7428138256072998,0.00019054878048780488
Electricity,TEMP,92341,raw128,128,15,0.19314735639680522,0.24374787630928985,61.48793919493512,0.8262195121951219,0.7485703825950623,0.0
Electricity,TEMP,92341,raw128,128,16,0.1945879828468954,0.2446240223522003,61.62233009570983,0.8094512195121951,0.7562464475631714,0.00019054878048780488
Electricity,TEMP,92341,raw128,128,17,0.19603059426356184,0.24486505493206634,60.93377024952958,0.7957317073170732,0.7594994306564331,0.0
Electricity,TEMP,92341,raw128,128,18,0.19448249145122193,0.2454000776863436,61.457665385269536,0.8216463414634146,0.7611742615699768,0.0
Electricity,TEMP,92341,raw128,128,19,0.18412783365390156,0.23163338526057517,58.84940916154443,0.8277439024390244,0.7650057077407837,0.00019054878048780488
Electricity,TEMP,92341,raw128,128,20,0.18077840901463166,0.22583477879818442,56.14816333026421,0.8353658536585366,0.7634291648864746,0.0005716463414634146
Electricity,TEMP,92341,raw128,128,21,0.18815889949290815,0.23649914114584755,59.225438397105144,0.8048780487804879,0.7534552216529846,0.003048780487804878
Electricity,TEMP,92341,raw128,128,22,0.2042195359257431,0.2524179026080261,65.01285829776671,0.7820121951219512,0.7535215616226196,0.0022865853658536584
Electricity,TEMP,92341,raw128,128,23,0.19602165107561675,0.24494477619476557,60.44134819216845,0.8125,0.7616573572158813,0.0
Electricity,TEMP,92341,raw128,128,24,0.20148194857206908,0.25203871815473883,65.217437569688,0.8064024390243902,0.7637174129486084,0.0
Electricity,TEMP,92341,raw128,128,25,0.19849330265886822,0.2488445105231228,64.5041886538994,0.8292682926829268,0.7814502120018005,0.00038109756097560977
Electricity,TEMP,92341,raw128,128,26,0.19303355148358275,0.24460292084079374,61.058173749505016,0.823170731707317,0.7933240532875061,0.00019054878048780488
Electricity,TEMP,92341,raw128,128,27,0.19722320042303565,0.2520150485838863,61.646182444037464,0.8414634146341463,0.8035970330238342,0.00019054878048780488
Electricity,TEMP,92341,raw128,128,28,0.18921202317833125,0.2413164760914417,59.9846419822879,0.850609756097561,0.8170796036720276,0.0005716463414634146
Electricity,TEMP,92341,raw128,128,29,0.19863549228086347,0.2521621694733448,61.62848866858133,0.8094512195121951,0.809524416923523,0.0005716463414634146
Electricity,TEMP,92341,raw128,128,30,0.2049252950058698,0.25937896351588363,65.64266411851092,0.7926829268292683,0.8131725788116455,0.00019054878048780488
Electricity,TEMP,92341,raw128,128,31,0.20724537270436613,0.25741459814790085,66.50121673723547,0.8094512195121951,0.8182298541069031,0.0
Electricity,TEMP,92341,raw128,128,32,0.20913462237476116,0.262368398737538,70.55938550902576,0.8003048780487805,0.817448616027832,0.0
Electricity,TEMP,92341,raw128,128,33,0.21024545942343373,0.26001007681683586,68.47967094328345,0.8155487804878049,0.8190024495124817,0.0
Electricity,TEMP,92341,raw128,128,34,0.20607218573527875,0.25774029151558203,66.61896941719985,0.8048780487804879,0.8208522200584412,0.0
Electricity,TEMP,92341,raw128,128,35,0.20343539674560063,0.2522014639239333,64.31852757058492,0.8216463414634146,0.8185693025588989,0.0
Electricity,TEMP,92341,raw128,128,36,0.20069621722204292,0.24914377560511058,64.14463166492742,0.8185975609756098,0.8168208599090576,0.0
Electricity,TEMP,92341,raw128,128,37,0.19817576130312925,0.24577718345245403,64.00146906550337,0.7911585365853658,0.8094794750213623,0.00038109756097560977
Electricity,TEMP,92341,raw128,128,38,0.20887532997819291,0.2582450358806969,67.47275154765059,0.774390243902439,0.8102826476097107,0.0
Electricity,TEMP,92341,raw128,128,39,0.1968532364986794,0.246525552156607,63.391163209589514,0.8292682926829268,0.8209909796714783,0.0
Electricity,TEMP,92341,raw128,128,40,0.20575086754586697,0.2587099238284387,65.7490537806255,0.7957317073170732,0.8232747316360474,0.0009527439024390244
Electricity,TEMP,92341,raw128,128,41,0.20665498002046884,0.25417740776890396,66.20345807657009,0.7896341463414634,0.8292204737663269,0.0011432926829268292
Electricity,TEMP,92341,raw128,128,42,0.19685392445896635,0.24348650288338816,63.62357944395484,0.788109756097561,0.8317784667015076,0.0009527439024390244
Electricity,TEMP,92341,raw128,128,43,0.1952015820464777,0.24081432981560194,62.19200195917269,0.8216463414634146,0.8375061750411987,0.001524390243902439
Electricity,TEMP,92341,raw128,128,44,0.19969678084251466,0.24502096580799732,61.103402393620186,0.8277439024390244,0.8327441215515137,0.0005716463414634146
Electricity,TEMP,92341,raw128,128,45,0.21221837682376687,0.25993322506952315,65.69187286423474,0.8094512195121951,0.8285267353057861,0.0026676829268292685
Electricity,TEMP,92341,raw128,128,46,0.23251796719995627,0.2829105429502823,70.12319636926418,0.7774390243902439,0.8236492276191711,0.001714939024390244
Electricity,TEMP,92341,raw128,128,47,0.233531128766794,0.2850323687775049,71.3365577372109,0.7865853658536586,0.8282152414321899,0.00019054878048780488
Electricity,TEMP,92341,raw128,128,48,0.23645436967952466,0.29040036493078153,73.57522268993098,0.7896341463414634,0.8297303318977356,0.00019054878048780488
Electricity,TEMP,92341,raw128,128,49,0.2244047194864697,0.27526698367577096,71.34495306015015,0.8094512195121951,0.8417090177536011,0.00019054878048780488
Electricity,TEMP,92341,raw128,128,50,0.221166109868764,0.2735737247753114,71.7448995520429,0.8064024390243902,0.848216712474823,0.00019054878048780488
Electricity,TEMP,92341,raw128,128,51,0.21579688683357792,0.2687154432086397,69.97820352926487,0.8353658536585366,0.8564237952232361,0.0
Electricity,TEMP,92341,raw128,128,52,0.21174154179013632,0.25811700118930514,68.29827162114586,0.8658536585365854,0.8623014092445374,0.0011432926829268292
Electricity,TEMP,92341,raw128,128,53,0.2259921655043716,0.2776843598745133,70.55119642397253,0.7987804878048781,0.8504921793937683,0.0005716463414634146
Electricity,TEMP,92341,raw128,128,54,0.23714702376858857,0.29525993518073695,75.7732512543841,0.7804878048780488,0.8522151708602905,0.0005716463414634146
Electricity,TEMP,92341,raw128,128,55,0.227779718676289,0.28412729189413466,72.95302887660701,0.8094512195121951,0.8556421995162964,0.0
Electricity,TEMP,92341,raw128,128,56,0.24049807120955313,0.2989752379566815,77.24542051408349,0.7850609756097561,0.8597864508628845,0.0007621951219512195
Electricity,TEMP,92341,raw128,128,57,0.2324410114092631,0.2843503876104356,74.75853312887797,0.8064024390243902,0.8649245500564575,0.0
Electricity,TEMP,92341,raw128,128,58,0.2284569970303779,0.28255108577688665,74.00858425512547,0.7820121951219512,0.8656952977180481,0.00019054878048780488
Electricity,TEMP,92341,raw128,128,59,0.21557784301153202,0.26757179607176834,69.65001036481159,0.8033536585365854,0.8597255945205688,0.0
Electricity,TEMP,92341,raw128,128,60,0.2044231510615326,0.2527942118817546,66.5295281991726,0.8399390243902439,0.857787549495697,0.0
Electricity,TEMP,92341,raw128,128,61,0.21292394597094305,0.2633137430352854,69.39878739380255,0.8079268292682927,0.8539744019508362,0.001714939024390244
Electricity,TEMP,92341,raw128,128,62,0.21957988109126308,0.27026765712131867,69.06309860508617,0.774390243902439,0.8557218313217163,0.002096036585365854
Electricity,TEMP,92341,raw128,128,63,0.2205742530256462,0.2764958316632499,68.820659625821,0.8064024390243902,0.8653982281684875,0.002096036585365854
Electricity,TEMP,92341,raw128,128,64,0.22110754085042705,0.2728466646911801,71.5558046247901,0.8155487804878049,0.8779780864715576,0.0022865853658536584
Electricity,TEMP,92341,selected_raw,512,1,0.10794994042154826,0.1383483306844375,33.81634258642429,0.8841463414634146,0.5305474400520325,0.0007621951219512195
Electricity,TEMP,92341,selected_raw,512,2,0.13732887886838624,0.17360197158107507,43.86233093680405,0.8384146341463414,0.6072483658790588,0.0
Electricity,TEMP,92341,selected_raw,512,3,0.1481637527287494,0.1831927799489242,47.35525847644341,0.8429878048780488,0.6582384705543518,0.0007621951219512195
Electricity,TEMP,92341,selected_raw,512,4,0.16133518451080286,0.20282506432254588,52.22998914486024,0.8216463414634146,0.6979801058769226,0.00038109756097560977
Electricity,TEMP,92341,selected_raw,512,5,0.1770116439467252,0.22400034791269743,56.6522444748297,0.7957317073170732,0.7083399891853333,0.0007621951219512195
Electricity,TEMP,92341,selected_raw,512,6,0.18955667194072456,0.23892886228036664,60.308826632616,0.7774390243902439,0.7230001091957092,0.00038109756097560977
Electricity,TEMP,92341,selected_raw,512,7,0.2182884103917422,0.27073351034752063,66.16748927279217,0.8003048780487805,0.7306047677993774,0.0
Electricity,TEMP,92341,selected_raw,512,8,0.1953167435825833,0.24688648846280076,62.89621592731011,0.8079268292682927,0.7342492341995239,0.0
Electricity,TEMP,92341,selected_raw,512,9,0.1995136258814071,0.2529888671046103,61.20296266602307,0.8048780487804879,0.7431834936141968,0.0
Electricity,TEMP,92341,selected_raw,512,10,0.19434728946569882,0.24571407107496576,59.2644964776388,0.801829268292683,0.7511276602745056,0.0
Electricity,TEMP,92341,selected_raw,512,11,0.19111114858344155,0.24194175951723093,57.81857713838903,0.8170731707317073,0.7534905672073364,0.0005716463414634146
Electricity,TEMP,92341,selected_raw,512,12,0.19139073510676982,0.23972374114584527,59.765690094087184,0.8201219512195121,0.7588135600090027,0.00038109756097560977
Electricity,TEMP,92341,selected_raw,512,13,0.19027135870120276,0.2376605934026601,59.56650973529351,0.7911585365853658,0.7547726631164551,0.00038109756097560977
Electricity,TEMP,92341,selected_raw,512,14,0.19816064597430227,0.248783580493489,63.360965507786446,0.7759146341463414,0.7533243298530579,0.0007621951219512195
Electricity,TEMP,92341,selected_raw,512,15,0.192941746765492,0.24367153046527829,61.18664576367634,0.8307926829268293,0.7604714632034302,0.00038109756097560977
Electricity,TEMP,92341,selected_raw,512,16,0.1935370548894542,0.24223410008348753,60.32041576432019,0.8216463414634146,0.7694448232650757,0.00038109756097560977
Electricity,TEMP,92341,selected_raw,512,17,0.19506064091627845,0.24330510954309126,59.90284014911187,0.8109756097560976,0.7737239599227905,0.0
Electricity,TEMP,92341,selected_raw,512,18,0.19307423435763796,0.24275334231804382,60.200258231744534,0.8277439024390244,0.7760084867477417,0.0
Electricity,TEMP,92341,selected_raw,512,19,0.18396780162797774,0.23122276790521906,58.564836630007115,0.836890243902439,0.7767820358276367,0.0
Electricity,TEMP,92341,selected_raw,512,20,0.18020278558788674,0.2245103569491818,55.59647991599106,0.8475609756097561,0.773253321647644,0.0
Electricity,TEMP,92341,selected_raw,512,21,0.18828452001890444,0.2363423111385883,59.03141569509739,0.8094512195121951,0.7621907591819763,0.001524390243902439
Electricity,TEMP,92341,selected_raw,512,22,0.20292784837202882,0.2511181934310935,64.22313923952056,0.7789634146341463,0.7615912556648254,0.001714939024390244
Electricity,TEMP,92341,selected_raw,512,23,0.19364840891791676,0.24048612468427824,59.099367351066775,0.8109756097560976,0.7665390968322754,0.00038109756097560977
Electricity,TEMP,92341,selected_raw,512,24,0.2001153143777463,0.25009662465952676,64.34805237374654,0.8094512195121951,0.7663764953613281,0.00019054878048780488
Electricity,TEMP,92341,selected_raw,512,25,0.19771767642463314,0.2479761766701348,63.87691148897497,0.8292682926829268,0.7838709950447083,0.00038109756097560977
Electricity,TEMP,92341,selected_raw,512,26,0.19284036689860923,0.24415400828949713,60.57645733763532,0.8155487804878049,0.7965219020843506,0.00019054878048780488
Electricity,TEMP,92341,selected_raw,512,27,0.19701670679973476,0.25108235411228513,60.83506605101795,0.8353658536585366,0.8049744367599487,0.00019054878048780488
Electricity,TEMP,92341,selected_raw,512,28,0.18934913301494688,0.2401683285003856,59.244841168566445,0.850609756097561,0.8166648149490356,0.0005716463414634146
Electricity,TEMP,92341,selected_raw,512,29,0.19658282742758829,0.24913624231366352,60.42860040432069,0.8201219512195121,0.8116390109062195,0.0007621951219512195
Electricity,TEMP,92341,selected_raw,512,30,0.20295963466345635,0.2568227947722511,64.62481342873922,0.8125,0.8172760009765625,0.00038109756097560977
Electricity,TEMP,92341,selected_raw,512,31,0.20613757454215742,0.2560806213819604,66.08889306463847,0.801829268292683,0.8211048245429993,0.0
Electricity,TEMP,92341,selected_raw,512,32,0.208177156080589,0.2598210088161704,69.46268853908632,0.8064024390243902,0.8213123083114624,0.0
Electricity,TEMP,92341,selected_raw,512,33,0.20946312616191542,0.25863600879742016,67.82979520937292,0.8277439024390244,0.8233778476715088,0.0
Electricity,TEMP,92341,selected_raw,512,34,0.20491736451788412,0.255855507860607,65.74742859165843,0.8170731707317073,0.8264105916023254,0.0
Electricity,TEMP,92341,selected_raw,512,35,0.20195883821708055,0.24897065773800803,63.237519648016956,0.8338414634146342,0.821804404258728,0.0
Electricity,TEMP,92341,selected_raw,512,36,0.2000489557019138,0.24762479170686996,63.46196911974651,0.8185975609756098,0.8181142807006836,0.0
Electricity,TEMP,92341,selected_raw,512,37,0.19844090675867512,0.24592764121256802,63.755400273858044,0.8003048780487805,0.8129023909568787,0.0007621951219512195
Electricity,TEMP,92341,selected_raw,512,38,0.20808520450433493,0.25748331135970237,66.82948586998916,0.7789634146341463,0.8168007731437683,0.0
Electricity,TEMP,92341,selected_raw,512,39,0.1944110899988943,0.24256406304617473,61.86740836864564,0.8338414634146342,0.8277868628501892,0.0
Electricity,TEMP,92341,selected_raw,512,40,0.20350117507624804,0.25727267431363504,64.7881829215259,0.8155487804878049,0.8309458494186401,0.0007621951219512195
Electricity,TEMP,92341,selected_raw,512,41,0.2042195339934468,0.2513478637085557,64.840891989266,0.7972560975609756,0.837509036064148,0.0013338414634146342
Electricity,TEMP,92341,selected_raw,512,42,0.1949495320525434,0.24147026893360035,62.48413098730692,0.8033536585365854,0.8402708172798157,0.0009527439024390244
Electricity,TEMP,92341,selected_raw,512,43,0.19418763943140713,0.23829066774239294,61.25771380633843,0.8185975609756098,0.8435425162315369,0.0011432926829268292
Electricity,TEMP,92341,selected_raw,512,44,0.19866949182152252,0.24317383957332608,60.56469623053946,0.8307926829268293,0.83643639087677,0.0009527439024390244
Electricity,TEMP,92341,selected_raw,512,45,0.21111621879455,0.25790011051738976,65.02136132775283,0.8109756097560976,0.8323882222175598,0.0026676829268292685
Electricity,TEMP,92341,selected_raw,512,46,0.23147651425715404,0.2808316028063823,69.47044367906524,0.7789634146341463,0.8278405070304871,0.0019054878048780487
Electricity,TEMP,92341,selected_raw,512,47,0.23208076092220933,0.2826273667788299,70.86480593099827,0.7865853658536586,0.828181266784668,0.0005716463414634146
Electricity,TEMP,92341,selected_raw,512,48,0.23605032306040993,0.28978944386605254,73.51772359522377,0.7896341463414634,0.8273983597755432,0.0005716463414634146
Electricity,TEMP,92341,selected_raw,512,49,0.22455658081691168,0.2752217518577046,71.25542980287133,0.801829268292683,0.8405346870422363,0.00019054878048780488
Electricity,TEMP,92341,selected_raw,512,50,0.22090692174273144,0.2729443861612188,71.74059409630007,0.8003048780487805,0.849473237991333,0.0005716463414634146
Electricity,TEMP,92341,selected_raw,512,51,0.21597091144021371,0.27023848486792357,70.59669481835714,0.836890243902439,0.8556625843048096,0.00038109756097560977
Electricity,TEMP,92341,selected_raw,512,52,0.21177263154578466,0.2589898132581286,68.68461368142104,0.8597560975609756,0.8609210848808289,0.0009527439024390244
Electricity,TEMP,92341,selected_raw,512,53,0.2246409651840226,0.27707787958465807,70.6184322310657,0.7987804878048781,0.8505786657333374,0.0011432926829268292
Electricity,TEMP,92341,selected_raw,512,54,0.23598167525791083,0.29511307726253894,75.66877722158665,0.774390243902439,0.8545422554016113,0.0005716463414634146
Electricity,TEMP,92341,selected_raw,512,55,0.22660638889779838,0.28360372479772655,72.8178953077735,0.8079268292682927,0.8570125102996826,0.0
Electricity,TEMP,92341,selected_raw,512,56,0.2387321149005189,0.29850042954248796,77.13110672555318,0.7850609756097561,0.8612375259399414,0.0011432926829268292
Electricity,TEMP,92341,selected_raw,512,57,0.23076034219076544,0.2833472574888439,74.24156550663274,0.8064024390243902,0.8668970465660095,0.0
Electricity,TEMP,92341,selected_raw,512,58,0.2272715459922354,0.282277960009474,73.79684427307873,0.7865853658536586,0.8690265417098999,0.0
Electricity,TEMP,92341,selected_raw,512,59,0.21409662253112924,0.2657265079422575,68.91944834081139,0.8170731707317073,0.8606532216072083,0.0
Electricity,TEMP,92341,selected_raw,512,60,0.20300962379049142,0.2516937510462108,65.98891381519597,0.8384146341463414,0.8572132587432861,0.0
Electricity,TEMP,92341,selected_raw,512,61,0.2117361479122877,0.26270615199663316,68.87327833873469,0.8048780487804879,0.8539413809776306,0.0024771341463414634
Electricity,TEMP,92341,selected_raw,512,62,0.21790563647031425,0.26899114076039554,68.25770494414539,0.7804878048780488,0.8577625751495361,0.002096036585365854
Electricity,TEMP,92341,selected_raw,512,63,0.21887378211226058,0.2750319465636451,68.03817853695008,0.8109756097560976,0.8682504892349243,0.002096036585365854
Electricity,TEMP,92341,selected_raw,512,64,0.21925772711957708,0.27049080889090754,70.4821302716325,0.8125,0.8816541433334351,0.0022865853658536584
Electricity,TEMP,92341,selected_cal,512,1,0.10794994042154826,0.1383483306844375,33.81634258642429,0.8841463414634146,0.5305474400520325,0.0007621951219512195
Electricity,TEMP,92341,selected_cal,512,2,0.13732887886838624,0.17360197158107507,43.86233093680405,0.8384146341463414,0.6072483658790588,0.0
Electricity,TEMP,92341,selected_cal,512,3,0.14816375273117466,0.1831927799489242,47.35525847644341,0.8429878048780488,0.6582384705543518,0.0007621951219512195
Electricity,TEMP,92341,selected_cal,512,4,0.16133518451201548,0.20282506432254588,52.22998914486024,0.8216463414634146,0.6979801058769226,0.00038109756097560977
Electricity,TEMP,92341,selected_cal,512,5,0.1770116439467252,0.22400034791269743,56.6522444748297,0.7957317073170732,0.7083399891853333,0.0007621951219512195
Electricity,TEMP,92341,selected_cal,512,6,0.18955667194072456,0.23892886228036664,60.308826632616,0.7774390243902439,0.7230001091957092,0.00038109756097560977
Electricity,TEMP,92341,selected_cal,512,7,0.2182884103905296,0.27073351034752063,66.16748927279217,0.8003048780487805,0.7306047677993774,0.0
Electricity,TEMP,92341,selected_cal,512,8,0.1953167435837075,0.24688648846280076,62.89621592731011,0.8079268292682927,0.7342492341995239,0.0
Electricity,TEMP,92341,selected_cal,512,9,0.1995136258862576,0.2529888671046103,61.20296266602307,0.8048780487804879,0.7431834936141968,0.0
Electricity,TEMP,92341,selected_cal,512,10,0.19434728946691143,0.24571407107496576,59.2644964776388,0.801829268292683,0.7511276602745056,0.0
Electricity,TEMP,92341,selected_cal,512,11,0.19111114859556774,0.24194175951723093,57.81857713838903,0.8170731707317073,0.7534905672073364,0.0005716463414634146
Electricity,TEMP,92341,selected_cal,512,12,0.19139073510304355,0.23972374114584527,59.765690094087184,0.8201219512195121,0.7588135600090027,0.00038109756097560977
Electricity,TEMP,92341,selected_cal,512,13,0.19027135870241538,0.2376605934026601,59.56650973529351,0.7911585365853658,0.7547726631164551,0.00038109756097560977
Electricity,TEMP,92341,selected_cal,512,14,0.19816064596815075,0.248783580493489,63.360965507786446,0.7759146341463414,0.7533243298530579,0.0007621951219512195
Electricity,TEMP,92341,selected_cal,512,15,0.19294174676306675,0.24367153046527829,61.18664576367634,0.8307926829268293,0.7604714632034302,0.00038109756097560977
Electricity,TEMP,92341,selected_cal,512,16,0.1935370548906668,0.24223410008348753,60.32041576432019,0.8216463414634146,0.7694448232650757,0.00038109756097560977
Electricity,TEMP,92341,selected_cal,512,17,0.19506064091627845,0.24330510954309126,59.90284014911187,0.8109756097560976,0.7737239599227905,0.0
Electricity,TEMP,92341,selected_cal,512,18,0.19307423435763796,0.24275334231804382,60.200258231744534,0.8277439024390244,0.7760084867477417,0.0
Electricity,TEMP,92341,selected_cal,512,19,0.18396780162797774,0.23122276790521906,58.564836630007115,0.836890243902439,0.7767820358276367,0.0
Electricity,TEMP,92341,selected_cal,512,20,0.18020278558788674,0.2245103569491818,55.59647991599106,0.8475609756097561,0.773253321647644,0.0
Electricity,TEMP,92341,selected_cal,512,21,0.18828452002011703,0.2363423111385883,59.03141569509739,0.8094512195121951,0.7621907591819763,0.001524390243902439
Electricity,TEMP,92341,selected_cal,512,22,0.20292784837202882,0.2511181934310935,64.22313923952056,0.7789634146341463,0.7615912556648254,0.001714939024390244
Electricity,TEMP,92341,selected_cal,512,23,0.19364840891791676,0.24048612468427824,59.099367351066775,0.8109756097560976,0.7665390968322754,0.00038109756097560977
Electricity,TEMP,92341,selected_cal,512,24,0.2001153143825968,0.25009662465952676,64.34805237374654,0.8094512195121951,0.7663764953613281,0.00019054878048780488
Electricity,TEMP,92341,selected_cal,512,25,0.19771767642463314,0.2479761766701348,63.87691148897497,0.8292682926829268,0.7838709950447083,0.00038109756097560977
Electricity,TEMP,92341,selected_cal,512,26,0.1928403668949714,0.24415400828949713,60.57645733763532,0.8155487804878049,0.7965219020843506,0.00019054878048780488
Electricity,TEMP,92341,selected_cal,512,27,0.19701670679730954,0.25108235411228513,60.83506605101795,0.8353658536585366,0.8049744367599487,0.00019054878048780488
Electricity,TEMP,92341,selected_cal,512,28,0.1893491330100964,0.2401683285003856,59.244841168566445,0.850609756097561,0.8166648149490356,0.0005716463414634146
Electricity,TEMP,92341,selected_cal,512,29,0.19658282742758823,0.24913624231366352,60.42860040432069,0.8201219512195121,0.8116390109062195,0.0007621951219512195
Electricity,TEMP,92341,selected_cal,512,30,0.20295963466466893,0.2568227947722511,64.62481342873922,0.8125,0.8172760009765625,0.00038109756097560977
Electricity,TEMP,92341,selected_cal,512,31,0.20613757453730694,0.2560806213819604,66.08889306463847,0.801829268292683,0.8211048245429993,0.0
Electricity,TEMP,92341,selected_cal,512,32,0.20817715607443754,0.2598210088161704,69.46268853908632,0.8064024390243902,0.8213123083114624,0.0
Electricity,TEMP,92341,selected_cal,512,33,0.20946312615697654,0.25863600879742016,67.82979520937292,0.8277439024390244,0.8233778476715088,0.0
Electricity,TEMP,92341,selected_cal,512,34,0.20491736451909673,0.255855507860607,65.74742859165843,0.8170731707317073,0.8264105916023254,0.0
Electricity,TEMP,92341,selected_cal,512,35,0.20195883821456687,0.24897065773800803,63.237519648016956,0.8338414634146342,0.821804404258728,0.0
Electricity,TEMP,92341,selected_cal,512,36,0.20004895570312642,0.24762479170686996,63.46196911974651,0.8185975609756098,0.8181142807006836,0.0
Electricity,TEMP,92341,selected_cal,512,37,0.19844090675503726,0.24592764121256802,63.755400273858044,0.8003048780487805,0.8129023909568787,0.0007621951219512195
Electricity,TEMP,92341,selected_cal,512,38,0.20808520450368445,0.25748331135970237,66.82948586998916,0.7789634146341463,0.8168007731437683,0.0
Electricity,TEMP,92341,selected_cal,512,39,0.19441108999646906,0.24256406304617473,61.86740836864564,0.8338414634146342,0.8277868628501892,0.0
Electricity,TEMP,92341,selected_cal,512,40,0.20350117508837423,0.25727267431363504,64.7881829215259,0.8155487804878049,0.8309458494186401,0.0007621951219512195
Electricity,TEMP,92341,selected_cal,512,41,0.2042195339934468,0.2513478637085557,64.840891989266,0.7972560975609756,0.837509036064148,0.0013338414634146342
Electricity,TEMP,92341,selected_cal,512,42,0.1949495320525434,0.24147026893360035,62.48413098730692,0.8033536585365854,0.8402708172798157,0.0009527439024390244
Electricity,TEMP,92341,selected_cal,512,43,0.19418763943019451,0.23829066774239294,61.25771380633843,0.8185975609756098,0.8435425162315369,0.0011432926829268292
Electricity,TEMP,92341,selected_cal,512,44,0.19866949182273516,0.24317383957332608,60.56469623053946,0.8307926829268293,0.83643639087677,0.0009527439024390244
Electricity,TEMP,92341,selected_cal,512,45,0.21111621878969952,0.25790011051738976,65.02136132775283,0.8109756097560976,0.8323882222175598,0.0026676829268292685
Electricity,TEMP,92341,selected_cal,512,46,0.23147651425715404,0.2808316028063823,69.47044367906524,0.7789634146341463,0.8278405070304871,0.0019054878048780487
Electricity,TEMP,92341,selected_cal,512,47,0.2320807609246346,0.2826273667788299,70.86480593099827,0.7865853658536586,0.828181266784668,0.0005716463414634146
Electricity,TEMP,92341,selected_cal,512,48,0.23605032305919726,0.28978944386605254,73.51772359522377,0.7896341463414634,0.8273983597755432,0.0005716463414634146
Electricity,TEMP,92341,selected_cal,512,49,0.22455658081812427,0.2752217518577046,71.25542980287133,0.801829268292683,0.8405346870422363,0.00019054878048780488
Electricity,TEMP,92341,selected_cal,512,50,0.22090692175364507,0.2729443861612188,71.74059409630007,0.8003048780487805,0.849473237991333,0.0005716463414634146
Electricity,TEMP,92341,selected_cal,512,51,0.21597091144385155,0.27023848486792357,70.59669481835714,0.836890243902439,0.8556625843048096,0.00038109756097560977
Electricity,TEMP,92341,selected_cal,512,52,0.21177263154214676,0.2589898132581286,68.68461368142104,0.8597560975609756,0.8609210848808289,0.0009527439024390244
Electricity,TEMP,92341,selected_cal,512,53,0.2246409651876605,0.27707787958465807,70.6184322310657,0.7987804878048781,0.8505786657333374,0.0011432926829268292
Electricity,TEMP,92341,selected_cal,512,54,0.2359816752566982,0.29511307726253894,75.66877722158665,0.774390243902439,0.8545422554016113,0.0005716463414634146
Electricity,TEMP,92341,selected_cal,512,55,0.22660638888809748,0.28360372479772655,72.8178953077735,0.8079268292682927,0.8570125102996826,0.0
Electricity,TEMP,92341,selected_cal,512,56,0.2387321149036831,0.29850042954248796,77.13110672555318,0.7850609756097561,0.8612375259399414,0.0011432926829268292
Electricity,TEMP,92341,selected_cal,512,57,0.23076034219691696,0.2833472574888439,74.24156550663274,0.8064024390243902,0.8668970465660095,0.0
Electricity,TEMP,92341,selected_cal,512,58,0.22727154600081217,0.282277960009474,73.79684427307873,0.7865853658536586,0.8690265417098999,0.0
Electricity,TEMP,92341,selected_cal,512,59,0.21409662252861558,0.2657265079422575,68.91944834081139,0.8170731707317073,0.8606532216072083,0.0
Electricity,TEMP,92341,selected_cal,512,60,0.20300962379291662,0.2516937510462108,65.98891381519597,0.8384146341463414,0.8572132587432861,0.0
Electricity,TEMP,92341,selected_cal,512,61,0.21173614791098666,0.26270615199663316,68.87327833873469,0.8048780487804879,0.8539413809776306,0.0024771341463414634
Electricity,TEMP,92341,selected_cal,512,62,0.21790563646780062,0.26899114076039554,68.25770494414539,0.7804878048780488,0.8577625751495361,0.002096036585365854
Electricity,TEMP,92341,selected_cal,512,63,0.21887378211226058,0.2750319465636451,68.03817853695008,0.8109756097560976,0.8682504892349243,0.002096036585365854
Electricity,TEMP,92341,selected_cal,512,64,0.21925772711715183,0.27049080889090754,70.4821302716325,0.8125,0.8816541433334351,0.0022865853658536584
Electricity,TEMP,92342,raw128,128,1,0.10761597406533126,0.1378440633468288,33.76559991371341,0.8780487804878049,0.5230374336242676,0.0
Electricity,TEMP,92342,raw128,128,2,0.1377237387169416,0.17345954637115454,43.846482125724236,0.8399390243902439,0.5960084795951843,0.0
Electricity,TEMP,92342,raw128,128,3,0.1469844267847114,0.18214333842329328,47.112305106186284,0.8460365853658537,0.6474830508232117,0.00038109756097560977
Electricity,TEMP,92342,raw128,128,4,0.16129326022520596,0.2031116287341077,52.242543290301064,0.823170731707317,0.6885396242141724,0.0
Electricity,TEMP,92342,raw128,128,5,0.17771118542077047,0.225825381858212,57.04198454647529,0.8003048780487805,0.6991169452667236,0.0005716463414634146
Electricity,TEMP,92342,raw128,128,6,0.18931367308380423,0.23936981680675057,60.43412790065858,0.7820121951219512,0.7156639099121094,0.00038109756097560977
Electricity,TEMP,92342,raw128,128,7,0.21913154196310922,0.2726409790980557,66.79693023169914,0.7926829268292683,0.7273572683334351,0.0
Electricity,TEMP,92342,raw128,128,8,0.19532572732389566,0.2471079409336416,63.08072292513964,0.8094512195121951,0.7323921322822571,0.0
Electricity,TEMP,92342,raw128,128,9,0.1988019977842669,0.2532898375942099,61.72229573784805,0.8033536585365854,0.7415260672569275,0.0
Electricity,TEMP,92342,raw128,128,10,0.195155670967485,0.2474376002318402,60.03625440597534,0.8064024390243902,0.7492415308952332,0.0
Electricity,TEMP,92342,raw128,128,11,0.19138819314137848,0.24380185199004106,58.853028064820826,0.8201219512195121,0.7535133361816406,0.0005716463414634146
Electricity,TEMP,92342,raw128,128,12,0.19049091892872067,0.23821537303525583,59.57462959754758,0.8109756097560976,0.7607889771461487,0.00038109756097560977
Electricity,TEMP,92342,raw128,128,13,0.19010379860635573,0.23822150848144336,59.83151409102649,0.7926829268292683,0.756331205368042,0.00019054878048780488
Electricity,TEMP,92342,raw128,128,14,0.1984576091244094,0.2492488750940171,63.951563032661994,0.7728658536585366,0.7547747492790222,0.00019054878048780488
Electricity,TEMP,92342,raw128,128,15,0.19327493859966177,0.2442506375245971,61.71161398073522,0.8338414634146342,0.7613437175750732,0.0
Electricity,TEMP,92342,raw128,128,16,0.1952478734942182,0.24560004434910418,62.090079261035456,0.8140243902439024,0.7694685459136963,0.0
Electricity,TEMP,92342,raw128,128,17,0.19592818852294125,0.2446830453643576,61.05096271561413,0.7972560975609756,0.7731204032897949,0.0
Electricity,TEMP,92342,raw128,128,18,0.19467539347731966,0.24575539786980474,61.58458173565748,0.8185975609756098,0.7751213908195496,0.0
Electricity,TEMP,92342,raw128,128,19,0.1836715410265125,0.23090941638126333,58.740332312700225,0.8353658536585366,0.7781093120574951,0.0
Electricity,TEMP,92342,raw128,128,20,0.18066482606405782,0.2251484368025671,55.95328519402481,0.8353658536585366,0.7752804160118103,0.0
Electricity,TEMP,92342,raw128,128,21,0.18829156239362407,0.2365046526411858,59.139489359971954,0.8094512195121951,0.7644434571266174,0.0022865853658536584
Electricity,TEMP,92342,raw128,128,22,0.20402927506378202,0.25212167076187714,64.8750859586204,0.7850609756097561,0.7656831741333008,0.002096036585365854
Electricity,TEMP,92342,raw128,128,23,0.1956898589406806,0.24440433491012098,60.14859890356296,0.8170731707317073,0.7759184837341309,0.0
Electricity,TEMP,92342,raw128,128,24,0.20196237189359176,0.2528692092879351,65.42281960278022,0.8140243902439024,0.7796222567558289,0.0
Electricity,TEMP,92342,raw128,128,25,0.19873408780223292,0.24968150463970556,64.78535443980519,0.8414634146341463,0.7975957989692688,0.00019054878048780488
Electricity,TEMP,92342,raw128,128,26,0.19339102838639077,0.2452972618531708,61.233038216102415,0.8262195121951219,0.8102794885635376,0.00019054878048780488
Electricity,TEMP,92342,raw128,128,27,0.19704735736371054,0.2518850761834856,61.66143641820768,0.8429878048780488,0.8199993371963501,0.00019054878048780488
Electricity,TEMP,92342,raw128,128,28,0.18939860751797827,0.24117872329708936,59.975634144573675,0.8612804878048781,0.8320637941360474,0.00019054878048780488
Electricity,TEMP,92342,raw128,128,29,0.20039219307940215,0.2546541175111817,62.41776797829605,0.8170731707317073,0.8245519399642944,0.00038109756097560977
Electricity,TEMP,92342,raw128,128,30,0.20519126106585392,0.2597364659798148,65.65995922321227,0.801829268292683,0.8307889699935913,0.0
Electricity,TEMP,92342,raw128,128,31,0.20688208216507087,0.2569516915267336,66.35378864334851,0.8079268292682927,0.8375003933906555,0.0
Electricity,TEMP,92342,raw128,128,32,0.20925815235300133,0.26227214855352626,70.5857238885833,0.8048780487804879,0.8375173211097717,0.0
Electricity,TEMP,92342,raw128,128,33,0.2103417262275871,0.25988721136241233,68.63492406286845,0.8262195121951219,0.8382367491722107,0.0
Electricity,TEMP,92342,raw128,128,34,0.20671468644182442,0.25875410279659417,66.8876007940711,0.8185975609756098,0.8407390117645264,0.0
Electricity,TEMP,92342,raw128,128,35,0.20397153633471776,0.25326876615759863,64.6103486782167,0.8323170731707317,0.8389289379119873,0.0
Electricity,TEMP,92342,raw128,128,36,0.20057941948495045,0.2492124809326306,64.20032033687684,0.8246951219512195,0.8368851542472839,0.0
Electricity,TEMP,92342,raw128,128,37,0.1986763035557317,0.2469185393995725,64.35199193256658,0.8048780487804879,0.8300572633743286,0.00038109756097560977
Electricity,TEMP,92342,raw128,128,38,0.20978915180106059,0.259863807983362,68.01813416364716,0.7728658536585366,0.8322405815124512,0.0
Electricity,TEMP,92342,raw128,128,39,0.19725003185184753,0.24770474585603275,63.78497159771803,0.8399390243902439,0.8434444665908813,0.0
Electricity,TEMP,92342,raw128,128,40,0.20578418031910045,0.25961122911700674,66.07327514741479,0.8064024390243902,0.8464981913566589,0.0007621951219512195
Electricity,TEMP,92342,raw128,128,41,0.20648155061548587,0.2543550791557903,66.29222002262023,0.801829268292683,0.8526298999786377,0.001524390243902439
Electricity,TEMP,92342,raw128,128,42,0.19694904516284092,0.2443620245026561,63.95731132786448,0.801829268292683,0.8545734882354736,0.0009527439024390244
Electricity,TEMP,92342,raw128,128,43,0.19544902394212327,0.24152141767915172,62.46174605299787,0.8323170731707317,0.8588492274284363,0.0013338414634146342
Electricity,TEMP,92342,raw128,128,44,0.19999644963951677,0.24564683632959464,61.31982983612433,0.8384146341463414,0.8530094027519226,0.0005716463414634146
Electricity,TEMP,92342,raw128,128,45,0.21280585327887272,0.26115417703191873,66.08117814180328,0.8155487804878049,0.8478497862815857,0.002096036585365854
Electricity,TEMP,92342,raw128,128,46,0.23294498836771516,0.28380184881965903,70.51664893220111,0.7896341463414634,0.8438493609428406,0.0013338414634146342
Electricity,TEMP,92342,raw128,128,47,0.23172672972685196,0.28294344196289356,70.89869638768639,0.7957317073170732,0.8501683473587036,0.00019054878048780488
Electricity,TEMP,92342,raw128,128,48,0.23667067948122747,0.29089648638608945,73.80358900674959,0.7942073170731707,0.8527204990386963,0.00019054878048780488
Electricity,TEMP,92342,raw128,128,49,0.22445903625500843,0.2754520075498182,71.49737078969072,0.8125,0.8643032908439636,0.00019054878048780488
Electricity,TEMP,92342,raw128,128,50,0.2216954981251455,0.27519360475951227,72.1263103717711,0.8125,0.871235728263855,0.0
Electricity,TEMP,92342,raw128,128,51,0.21635988015792953,0.26940732107954946,70.13141575092223,0.8429878048780488,0.8789733052253723,0.0
Electricity,TEMP,92342,raw128,128,52,0.2118339369373246,0.258073081524125,68.33778679080126,0.864329268292683,0.8838247656822205,0.0005716463414634146
Electricity,TEMP,92342,raw128,128,53,0.2274050175940729,0.280727782254267,71.40822628067761,0.8125,0.8724246025085449,0.0005716463414634146
Electricity,TEMP,92342,raw128,128,54,0.23821507959154703,0.2971305275769049,76.37298436281158,0.7835365853658537,0.8766289949417114,0.0005716463414634146
Electricity,TEMP,92342,raw128,128,55,0.22726786821995612,0.2847602974092238,73.30516024333674,0.8185975609756098,0.8815426826477051,0.0
Electricity,TEMP,92342,raw128,128,56,0.2404351331846855,0.2990532570064588,77.3298730268711,0.7987804878048781,0.8865883350372314,0.0009527439024390244
Electricity,TEMP,92342,raw128,128,57,0.23226935496795317,0.2841032290026899,74.83058320022211,0.8170731707317073,0.891011118888855,0.0
Electricity,TEMP,92342,raw128,128,58,0.22933289234697318,0.28387172946021505,74.42668470522253,0.7957317073170732,0.8920934796333313,0.00019054878048780488
Electricity,TEMP,92342,raw128,128,59,0.21597264181566592,0.2686853918013352,69.99677355696515,0.8140243902439024,0.886122465133667,0.0
Electricity,TEMP,92342,raw128,128,60,0.20443210631462078,0.25265813046518126,66.52894683000518,0.8536585365853658,0.8832857012748718,0.0
Electricity,TEMP,92342,raw128,128,61,0.21414631958639255,0.26490509923115446,69.90205547286243,0.8125,0.8799105286598206,0.001714939024390244
Electricity,TEMP,92342,raw128,128,62,0.22107776685278827,0.2716291346467145,69.43401379701568,0.7835365853658537,0.8825839161872864,0.0019054878048780487
Electricity,TEMP,92342,raw128,128,63,0.22111816149074331,0.27757355592707633,69.14041942503394,0.823170731707317,0.8926485776901245,0.002096036585365854
Electricity,TEMP,92342,raw128,128,64,0.22185689120072993,0.27456137388079843,72.09622237740493,0.8246951219512195,0.9050171971321106,0.002096036585365854
Electricity,TEMP,92342,selected_raw,512,1,0.10741590146823943,0.13803369706103438,33.709574827333775,0.8734756097560976,0.5142642855644226,0.00038109756097560977
Electricity,TEMP,92342,selected_raw,512,2,0.13720283424586363,0.17335909601927624,43.75953152121567,0.8262195121951219,0.585698127746582,0.0
Electricity,TEMP,92342,selected_raw,512,3,0.14711966475699342,0.18243234654456286,47.04393187964835,0.8307926829268293,0.6350517272949219,0.0007621951219512195
Electricity,TEMP,92342,selected_raw,512,4,0.1608711074900685,0.20253074727124404,52.13572564939173,0.8170731707317073,0.6748083829879761,0.00038109756097560977
Electricity,TEMP,92342,selected_raw,512,5,0.17615875918678375,0.2234421891447914,56.475939308724755,0.7911585365853658,0.6860554218292236,0.0009527439024390244
Electricity,TEMP,92342,selected_raw,512,6,0.1888120410339371,0.23770658847486228,59.97570490255588,0.7667682926829268,0.7004938721656799,0.00038109756097560977
Electricity,TEMP,92342,selected_raw,512,7,0.21775721834948816,0.26990824908068495,65.8850914676015,0.7835365853658537,0.7111036777496338,0.0
Electricity,TEMP,92342,selected_raw,512,8,0.19399110114479004,0.24495147200508444,62.33075229133048,0.7896341463414634,0.7163295149803162,0.0
Electricity,TEMP,92342,selected_raw,512,9,0.1979536900825741,0.2522432934680093,61.23985665018966,0.8003048780487805,0.726090669631958,0.00019054878048780488
Electricity,TEMP,92342,selected_raw,512,10,0.19397732144047944,0.24536960463120686,59.264560525010275,0.7911585365853658,0.73211270570755,0.0
Electricity,TEMP,92342,selected_raw,512,11,0.1902417410376419,0.24154917527514858,57.96941739756887,0.8109756097560976,0.735436201095581,0.0007621951219512195
Electricity,TEMP,92342,selected_raw,512,12,0.1897973206589608,0.23778607668881707,59.29624233013246,0.8094512195121951,0.7410427927970886,0.00038109756097560977
Electricity,TEMP,92342,selected_raw,512,13,0.18946738485954323,0.23734151036827994,59.339914880147795,0.7850609756097561,0.736730694770813,0.00038109756097560977
Electricity,TEMP,92342,selected_raw,512,14,0.19891437496505399,0.24962491619920868,63.7440014350705,0.7698170731707317,0.7337532639503479,0.0011432926829268292
Electricity,TEMP,92342,selected_raw,512,15,0.19228959971984727,0.24336058464423788,61.186194919958346,0.8216463414634146,0.7398353219032288,0.00038109756097560977
Electricity,TEMP,92342,selected_raw,512,16,0.19379222076679944,0.24369282857719737,61.20349789828789,0.8109756097560976,0.7494645118713379,0.0007621951219512195
Electricity,TEMP,92342,selected_raw,512,17,0.19489937797687376,0.24332807341139454,60.342021465301514,0.7896341463414634,0.754206657409668,0.0
Electricity,TEMP,92342,selected_raw,512,18,0.1926936698036781,0.2425010504525411,60.562345818775455,0.8079268292682927,0.7544111013412476,0.0
Electricity,TEMP,92342,selected_raw,512,19,0.18204565242039442,0.22910640340840385,58.114532528854,0.823170731707317,0.7556379437446594,0.00019054878048780488
Electricity,TEMP,92342,selected_raw,512,20,0.17944487623667604,0.22377519005046054,55.40438372914384,0.8323170731707317,0.7519800662994385,0.00019054878048780488
Electricity,TEMP,92342,selected_raw,512,21,0.1872914574235465,0.23532628027656435,58.75218572849181,0.7987804878048781,0.7422167062759399,0.002096036585365854
Electricity,TEMP,92342,selected_raw,512,22,0.2034920403735282,0.25146497613487007,64.48935371491967,0.7621951219512195,0.7402552366256714,0.002096036585365854
Electricity,TEMP,92342,selected_raw,512,23,0.19322342309082013,0.24051580781435997,59.035367930807716,0.8064024390243902,0.7490977048873901,0.0005716463414634146
Electricity,TEMP,92342,selected_raw,512,24,0.1999575642818689,0.24970887685035245,64.43407270384998,0.7987804878048781,0.7520707249641418,0.00019054878048780488
Electricity,TEMP,92342,selected_raw,512,25,0.19704038876276841,0.24712568382420555,63.84302376537788,0.8277439024390244,0.7709776759147644,0.00019054878048780488
Electricity,TEMP,92342,selected_raw,512,26,0.19200344773375397,0.24319104396692853,60.34606731228712,0.8201219512195121,0.7829113602638245,0.00019054878048780488
Electricity,TEMP,92342,selected_raw,512,27,0.19603511955038763,0.25014828004677875,60.7016813929488,0.8277439024390244,0.7921271920204163,0.00038109756097560977
Electricity,TEMP,92342,selected_raw,512,28,0.18880757695702977,0.23981189186292465,59.27132784448019,0.8414634146341463,0.8045755624771118,0.0005716463414634146
Electricity,TEMP,92342,selected_raw,512,29,0.19702442185735475,0.2500170859709522,60.82537469631288,0.8109756097560976,0.7988816499710083,0.0005716463414634146
Electricity,TEMP,92342,selected_raw,512,30,0.20356110220238188,0.2581004700434155,64.97050521431899,0.8064024390243902,0.8039143085479736,0.0
Electricity,TEMP,92342,selected_raw,512,31,0.20480392166954997,0.25422109092596346,65.60777043133247,0.8033536585365854,0.8109261989593506,0.0
Electricity,TEMP,92342,selected_raw,512,32,0.20740454104387945,0.259564489504273,69.65010346435919,0.8033536585365854,0.8124432563781738,0.0
Electricity,TEMP,92342,selected_raw,512,33,0.20953538281815412,0.25918109877042544,68.30594231442707,0.8185975609756098,0.8149256706237793,0.0
Electricity,TEMP,92342,selected_raw,512,34,0.20484010044893483,0.25607340624503744,66.15274450255603,0.8064024390243902,0.8156190514564514,0.0
Electricity,TEMP,92342,selected_raw,512,35,0.2023381397993687,0.251103892128213,63.973568520894865,0.8246951219512195,0.8114348649978638,0.0
Electricity,TEMP,92342,selected_raw,512,36,0.2001501060345027,0.2487741967591207,63.8986958759587,0.8155487804878049,0.8083796501159668,0.0
Electricity,TEMP,92342,selected_raw,512,37,0.19831286675045715,0.24730457679049708,64.21188016054107,0.7896341463414634,0.8020728230476379,0.0007621951219512195
Electricity,TEMP,92342,selected_raw,512,38,0.20853872703130877,0.25860572142427657,67.42757964715724,0.7637195121951219,0.8028461933135986,0.00038109756097560977
Electricity,TEMP,92342,selected_raw,512,39,0.19485410902822733,0.24451905760656847,62.632758954676184,0.8277439024390244,0.8137320280075073,0.00038109756097560977
Electricity,TEMP,92342,selected_raw,512,40,0.2045385368816026,0.2580614279200814,65.32775561402484,0.7987804878048781,0.8173962235450745,0.0019054878048780487
Electricity,TEMP,92342,selected_raw,512,41,0.2053823481151382,0.25334313468237546,65.66011527689491,0.7942073170731707,0.8243577480316162,0.001524390243902439
Electricity,TEMP,92342,selected_raw,512,42,0.19554248220010143,0.24292073676936726,63.28575690199689,0.788109756097561,0.8248686194419861,0.0011432926829268292
Electricity,TEMP,92342,selected_raw,512,43,0.1941022118129745,0.23993481638475067,61.75073801598898,0.8170731707317073,0.8277650475502014,0.0013338414634146342
Electricity,TEMP,92342,selected_raw,512,44,0.1986987911310105,0.24392510945237164,60.76878134797259,0.8201219512195121,0.8217725157737732,0.0009527439024390244
Electricity,TEMP,92342,selected_raw,512,45,0.21088786607642696,0.25815147665692906,65.26075110784392,0.8033536585365854,0.8179029226303101,0.0019054878048780487
Electricity,TEMP,92342,selected_raw,512,46,0.23209790536222943,0.28151398486864965,69.76826547994847,0.7667682926829268,0.8118524551391602,0.0013338414634146342
Electricity,TEMP,92342,selected_raw,512,47,0.2312601757046203,0.281694763552383,70.46804069891209,0.7804878048780488,0.8176547884941101,0.0
Electricity,TEMP,92342,selected_raw,512,48,0.2362960238672921,0.29018906975056225,73.44947821919511,0.7804878048780488,0.8208134174346924,0.00019054878048780488
Electricity,TEMP,92342,selected_raw,512,49,0.22418366625013142,0.27453322486903076,70.87379580009275,0.8033536585365854,0.8344517946243286,0.0
Electricity,TEMP,92342,selected_raw,512,50,0.22037030720422265,0.27289228166092266,71.51910627179029,0.8033536585365854,0.8415799140930176,0.0
Electricity,TEMP,92342,selected_raw,512,51,0.2155785145541512,0.26948861660549456,70.08066099445995,0.8414634146341463,0.8484125137329102,0.00019054878048780488
Electricity,TEMP,92342,selected_raw,512,52,0.21153034973969384,0.2595064331083187,68.6893378699698,0.8536585365853658,0.8537425398826599,0.0007621951219512195
Electricity,TEMP,92342,selected_raw,512,53,0.22556328434807266,0.27837200917165045,70.84110320486674,0.7972560975609756,0.843943178653717,0.0009527439024390244
Electricity,TEMP,92342,selected_raw,512,54,0.23742618659269818,0.2967223995799878,76.06719861379484,0.7713414634146342,0.8468140363693237,0.0005716463414634146
Electricity,TEMP,92342,selected_raw,512,55,0.22618793464481154,0.28391148673825856,72.91689361014018,0.8125,0.8507850170135498,0.0
Electricity,TEMP,92342,selected_raw,512,56,0.23907553102836596,0.29800916457397203,76.95771246421629,0.788109756097561,0.8564998507499695,0.0013338414634146342
Electricity,TEMP,92342,selected_raw,512,57,0.2314759764990799,0.2833757031688923,74.37725695168099,0.801829268292683,0.8619951605796814,0.0
Electricity,TEMP,92342,selected_raw,512,58,0.22769472612911296,0.2819924422824121,73.74944061186255,0.7804878048780488,0.8617857098579407,0.00038109756097560977
Electricity,TEMP,92342,selected_raw,512,59,0.2144554894091618,0.2660412304516166,69.01695781800805,0.8125,0.8546323776245117,0.0
Electricity,TEMP,92342,selected_raw,512,60,0.2028810361001049,0.25153816874550167,66.02215657583098,0.8414634146341463,0.8519576191902161,0.0
Electricity,TEMP,92342,selected_raw,512,61,0.21187196228951893,0.2625633237760227,68.90963952134295,0.8048780487804879,0.848785936832428,0.0024771341463414634
Electricity,TEMP,92342,selected_raw,512,62,0.21860201007666066,0.26897138916551505,68.42051807264002,0.774390243902439,0.849914014339447,0.002858231707317073
Electricity,TEMP,92342,selected_raw,512,63,0.2194227345355935,0.27587698336223304,68.50253027241405,0.8048780487804879,0.8598865270614624,0.002096036585365854
Electricity,TEMP,92342,selected_raw,512,64,0.220854836994948,0.2740184975959866,71.69546497158888,0.8140243902439024,0.8744412064552307,0.002096036585365854
Electricity,TEMP,92342,selected_cal,512,1,0.10741590146823943,0.13803369706103438,33.709574827333775,0.8734756097560976,0.5142642855644226,0.00038109756097560977
Electricity,TEMP,92342,selected_cal,512,2,0.13720283424586363,0.17335909601927624,43.75953152121567,0.8262195121951219,0.585698127746582,0.0
Electricity,TEMP,92342,selected_cal,512,3,0.14711966475699342,0.18243234654456286,47.04393187964835,0.8307926829268293,0.6350517272949219,0.0007621951219512195
Electricity,TEMP,92342,selected_cal,512,4,0.1608711074900685,0.20253074727124404,52.13572564939173,0.8170731707317073,0.6748083829879761,0.00038109756097560977
Electricity,TEMP,92342,selected_cal,512,5,0.17615875918799634,0.2234421891447914,56.475939308724755,0.7911585365853658,0.6860554218292236,0.0009527439024390244
Electricity,TEMP,92342,selected_cal,512,6,0.18881204103021082,0.23770658847486228,59.97570490255588,0.7667682926829268,0.7004938721656799,0.00038109756097560977
Electricity,TEMP,92342,selected_cal,512,7,0.21775721834221243,0.26990824908068495,65.8850914676015,0.7835365853658537,0.7111036777496338,0.0
Electricity,TEMP,92342,selected_cal,512,8,0.19399110114479004,0.24495147200508444,62.33075229133048,0.7896341463414634,0.7163295149803162,0.0
Electricity,TEMP,92342,selected_cal,512,9,0.19795369008378674,0.2522432934680093,61.23985665018966,0.8003048780487805,0.726090669631958,0.00019054878048780488
Electricity,TEMP,92342,selected_cal,512,10,0.19397732143675317,0.24536960463120686,59.264560525010275,0.7911585365853658,0.73211270570755,0.0
Electricity,TEMP,92342,selected_cal,512,11,0.19024174104734287,0.24154917527514858,57.96941739756887,0.8109756097560976,0.735436201095581,0.0007621951219512195
Electricity,TEMP,92342,selected_cal,512,12,0.18979732066268706,0.23778607668881707,59.29624233013246,0.8094512195121951,0.7410427927970886,0.00038109756097560977
Electricity,TEMP,92342,selected_cal,512,13,0.18946738486075584,0.23734151036827994,59.339914880147795,0.7850609756097561,0.736730694770813,0.00038109756097560977
Electricity,TEMP,92342,selected_cal,512,14,0.19891437496878028,0.24962491619920868,63.7440014350705,0.7698170731707317,0.7337532639503479,0.0011432926829268292
Electricity,TEMP,92342,selected_cal,512,15,0.19228959971984727,0.24336058464423788,61.186194919958346,0.8216463414634146,0.7398353219032288,0.00038109756097560977
Electricity,TEMP,92342,selected_cal,512,16,0.19379222076801209,0.24369282857719737,61.20349789828789,0.8109756097560976,0.7494645118713379,0.0007621951219512195
Electricity,TEMP,92342,selected_cal,512,17,0.19489937797687376,0.24332807341139454,60.342021465301514,0.7896341463414634,0.754206657409668,0.0
Electricity,TEMP,92342,selected_cal,512,18,0.19269366979276453,0.2425010504525411,60.562345818775455,0.8079268292682927,0.7544111013412476,0.0
Electricity,TEMP,92342,selected_cal,512,19,0.18204565242039442,0.22910640340840385,58.114532528854,0.823170731707317,0.7556379437446594,0.00019054878048780488
Electricity,TEMP,92342,selected_cal,512,20,0.1794448762391013,0.22377519005046054,55.40438372914384,0.8323170731707317,0.7519800662994385,0.00019054878048780488
Electricity,TEMP,92342,selected_cal,512,21,0.18729145742112124,0.23532628027656435,58.75218572849181,0.7987804878048781,0.7422167062759399,0.002096036585365854
Electricity,TEMP,92342,selected_cal,512,22,0.2034920403735282,0.25146497613487007,64.48935371491967,0.7621951219512195,0.7402552366256714,0.002096036585365854
Electricity,TEMP,92342,selected_cal,512,23,0.19322342309082013,0.24051580781435997,59.035367930807716,0.8064024390243902,0.7490977048873901,0.0005716463414634146
Electricity,TEMP,92342,selected_cal,512,24,0.1999575642818689,0.24970887685035245,64.43407270384998,0.7987804878048781,0.7520707249641418,0.00019054878048780488
Electricity,TEMP,92342,selected_cal,512,25,0.19704038876276841,0.24712568382420555,63.84302376537788,0.8277439024390244,0.7709776759147644,0.00019054878048780488
Electricity,TEMP,92342,selected_cal,512,26,0.19200344773496658,0.24319104396692853,60.34606731228712,0.8201219512195121,0.7829113602638245,0.00019054878048780488
Electricity,TEMP,92342,selected_cal,512,27,0.19603511955038763,0.25014828004677875,60.7016813929488,0.8277439024390244,0.7921271920204163,0.00038109756097560977
Electricity,TEMP,92342,selected_cal,512,28,0.18880757695460454,0.23981189186292465,59.27132784448019,0.8414634146341463,0.8045755624771118,0.0005716463414634146
Electricity,TEMP,92342,selected_cal,512,29,0.1970244218549295,0.2500170859709522,60.82537469631288,0.8109756097560976,0.7988816499710083,0.0005716463414634146
Electricity,TEMP,92342,selected_cal,512,30,0.2035611022048071,0.2581004700434155,64.97050521431899,0.8064024390243902,0.8039143085479736,0.0
Electricity,TEMP,92342,selected_cal,512,31,0.20480392166954997,0.25422109092596346,65.60777043133247,0.8033536585365854,0.8109261989593506,0.0
Electricity,TEMP,92342,selected_cal,512,32,0.20740454104015318,0.259564489504273,69.65010346435919,0.8033536585365854,0.8124432563781738,0.0
Electricity,TEMP,92342,selected_cal,512,33,0.2095353828000532,0.25918109877042544,68.30594231442707,0.8185975609756098,0.8149256706237793,0.0
Electricity,TEMP,92342,selected_cal,512,34,0.20484010044650963,0.25607340624503744,66.15274450255603,0.8064024390243902,0.8156190514564514,0.0
Electricity,TEMP,92342,selected_cal,512,35,0.20233813980300658,0.251103892128213,63.973568520894865,0.8246951219512195,0.8114348649978638,0.0
Electricity,TEMP,92342,selected_cal,512,36,0.2001501060381406,0.2487741967591207,63.8986958759587,0.8155487804878049,0.8083796501159668,0.0
Electricity,TEMP,92342,selected_cal,512,37,0.1983128667517582,0.24730457679049708,64.21188016054107,0.7896341463414634,0.8020728230476379,0.0007621951219512195
Electricity,TEMP,92342,selected_cal,512,38,0.20853872704940968,0.25860572142427657,67.42757964715724,0.7637195121951219,0.8028461933135986,0.00038109756097560977
Electricity,TEMP,92342,selected_cal,512,39,0.19485410902822733,0.24451905760656847,62.632758954676184,0.8277439024390244,0.8137320280075073,0.00038109756097560977
Electricity,TEMP,92342,selected_cal,512,40,0.20453853688160265,0.2580614279200814,65.32775561402484,0.7987804878048781,0.8173962235450745,0.0019054878048780487
Electricity,TEMP,92342,selected_cal,512,41,0.2053823481175634,0.25334313468237546,65.66011527689491,0.7942073170731707,0.8243577480316162,0.001524390243902439
Electricity,TEMP,92342,selected_cal,512,42,0.19554248218918785,0.24292073676936726,63.28575690199689,0.788109756097561,0.8248686194419861,0.0011432926829268292
Electricity,TEMP,92342,selected_cal,512,43,0.1941022118129745,0.23993481638475067,61.75073801598898,0.8170731707317073,0.8277650475502014,0.0013338414634146342
Electricity,TEMP,92342,selected_cal,512,44,0.1986987911297979,0.24392510945237164,60.76878134797259,0.8201219512195121,0.8217725157737732,0.0009527439024390244
Electricity,TEMP,92342,selected_cal,512,45,0.21088786608734056,0.25815147665692906,65.26075110784392,0.8033536585365854,0.8179029226303101,0.0019054878048780487
Electricity,TEMP,92342,selected_cal,512,46,0.23209790537556824,0.28151398486864965,69.76826547994847,0.7667682926829268,0.8118524551391602,0.0013338414634146342
Electricity,TEMP,92342,selected_cal,512,47,0.23126017570704552,0.281694763552383,70.46804069891209,0.7804878048780488,0.8176547884941101,0.0
Electricity,TEMP,92342,selected_cal,512,48,0.2362960238685047,0.29018906975056225,73.44947821919511,0.7804878048780488,0.8208134174346924,0.00019054878048780488
Electricity,TEMP,92342,selected_cal,512,49,0.22418366624770622,0.27453322486903076,70.87379580009275,0.8033536585365854,0.8344517946243286,0.0
Electricity,TEMP,92342,selected_cal,512,50,0.22037030720664788,0.27289228166092266,71.51910627179029,0.8033536585365854,0.8415799140930176,0.0
Electricity,TEMP,92342,selected_cal,512,51,0.21557851456506474,0.26948861660549456,70.08066099445995,0.8414634146341463,0.8484125137329102,0.00019054878048780488
Electricity,TEMP,92342,selected_cal,512,52,0.2115303497384812,0.2595064331083187,68.6893378699698,0.8536585365853658,0.8537425398826599,0.0007621951219512195
Electricity,TEMP,92342,selected_cal,512,53,0.2255632843504979,0.27837200917165045,70.84110320486674,0.7972560975609756,0.843943178653717,0.0009527439024390244
Electricity,TEMP,92342,selected_cal,512,54,0.2374261865939108,0.2967223995799878,76.06719861379484,0.7713414634146342,0.8468140363693237,0.0005716463414634146
Electricity,TEMP,92342,selected_cal,512,55,0.2261879346423863,0.28391148673825856,72.91689361014018,0.8125,0.8507850170135498,0.0
Electricity,TEMP,92342,selected_cal,512,56,0.2390755310307912,0.29800916457397203,76.95771246421629,0.788109756097561,0.8564998507499695,0.0013338414634146342
Electricity,TEMP,92342,selected_cal,512,57,0.23147597649535362,0.2833757031688923,74.37725695168099,0.801829268292683,0.8619951605796814,0.0
Electricity,TEMP,92342,selected_cal,512,58,0.2276947261485149,0.2819924422824121,73.74944061186255,0.7804878048780488,0.8617857098579407,0.00038109756097560977
Electricity,TEMP,92342,selected_cal,512,59,0.21445548941765014,0.2660412304516166,69.01695781800805,0.8125,0.8546323776245117,0.0
Electricity,TEMP,92342,selected_cal,512,60,0.2028810361038312,0.25153816874550167,66.02215657583098,0.8414634146341463,0.8519576191902161,0.0
Electricity,TEMP,92342,selected_cal,512,61,0.21187196231013347,0.2625633237760227,68.90963952134295,0.8048780487804879,0.848785936832428,0.0024771341463414634
Electricity,TEMP,92342,selected_cal,512,62,0.21860201005240823,0.26897138916551505,68.42051807264002,0.774390243902439,0.849914014339447,0.002858231707317073
Electricity,TEMP,92342,selected_cal,512,63,0.21942273451497893,0.27587698336223304,68.50253027241405,0.8048780487804879,0.8598865270614624,0.002096036585365854
Electricity,TEMP,92342,selected_cal,512,64,0.220854836994948,0.2740184975959866,71.69546497158888,0.8140243902439024,0.8744412064552307,0.002096036585365854
Electricity,F0,0,raw128,0,1,0.10846333082347129,0.13898569571061226,34.2556833871981,0.8841463414634146,0.533926248550415,0.0
Electricity,F0,0,raw128,0,2,0.1381277572387046,0.17386542053220622,44.09468046048792,0.8429878048780488,0.6080986857414246,0.0
Electricity,F0,0,raw128,0,3,0.14788264516528757,0.18327042313907915,47.65308016102488,0.8490853658536586,0.6609082818031311,0.00019054878048780488
Electricity,F0,0,raw128,0,4,0.16190583372417586,0.20350213762909258,52.46392088401608,0.8353658536585366,0.7025588154792786,0.0
Electricity,F0,0,raw128,0,5,0.17820062665465813,0.2267807745053583,57.30630543173813,0.8064024390243902,0.7140081524848938,0.0005716463414634146
Electricity,F0,0,raw128,0,6,0.19047881317559515,0.2404334344366638,60.70318872172658,0.7820121951219512,0.7298617959022522,0.00038109756097560977
Electricity,F0,0,raw128,0,7,0.2196313233477213,0.2729777710049955,66.71567590062212,0.7987804878048781,0.7415128350257874,0.0
Electricity,F0,0,raw128,0,8,0.19589694400611363,0.24741651882976745,63.04497329200186,0.8170731707317073,0.7462847828865051,0.0
Electricity,F0,0,raw128,0,9,0.19884725396129932,0.25333162231857814,61.78067926081216,0.8170731707317073,0.7560274004936218,0.0
Electricity,F0,0,raw128,0,10,0.19565880330330976,0.2484410113860329,60.41780443889339,0.8125,0.7632754445075989,0.0
Electricity,F0,0,raw128,0,11,0.19206002922193605,0.2449836142110395,59.454640097734405,0.8307926829268293,0.7674344778060913,0.00019054878048780488
Electricity,F0,0,raw128,0,12,0.19018692865817158,0.23756630471102477,59.41485926000083,0.8277439024390244,0.7756685614585876,0.00038109756097560977
Electricity,F0,0,raw128,0,13,0.1902790300726243,0.2383855844363226,59.831940278774354,0.8048780487804879,0.7728778719902039,0.00019054878048780488
Electricity,F0,0,raw128,0,14,0.20004462370541523,0.25075832475202975,64.42761218838575,0.7804878048780488,0.7706874012947083,0.00019054878048780488
Electricity,F0,0,raw128,0,15,0.19416192013611971,0.244735685415581,61.81722088557918,0.8307926829268293,0.7768330574035645,0.0
Electricity,F0,0,raw128,0,16,0.19664349459462022,0.24749648500463464,62.73168487083621,0.8246951219512195,0.7848526835441589,0.0
Electricity,F0,0,raw128,0,17,0.19713756660902804,0.2458535121752185,61.49721691085071,0.8109756097560976,0.7887343168258667,0.0
Electricity,F0,0,raw128,0,18,0.1961776077296557,0.24769565866268142,62.29121996716755,0.8338414634146342,0.7909819483757019,0.0
Electricity,F0,0,raw128,0,19,0.1850319155378988,0.23226475116298742,59.19881949773649,0.8399390243902439,0.7955124974250793,0.0
Electricity,F0,0,raw128,0,20,0.18213602946675606,0.22706745868820344,56.787251705076635,0.8384146341463414,0.793506920337677,0.0
Electricity,F0,0,raw128,0,21,0.190079912598073,0.238708923762609,60.01527999087078,0.8216463414634146,0.783987820148468,0.0019054878048780487
Electricity,F0,0,raw128,0,22,0.2068794860922306,0.25609925490844654,66.26332458635656,0.7926829268292683,0.7849152684211731,0.0019054878048780487
Electricity,F0,0,raw128,0,23,0.19749081212766978,0.24742336154828107,61.22672151937717,0.823170731707317,0.7954471111297607,0.0
Electricity,F0,0,raw128,0,24,0.20394791324388883,0.25597709215771797,66.60194665629689,0.8170731707317073,0.7995832562446594,0.0
Electricity,F0,0,raw128,0,25,0.20017348504426147,0.25136796514266196,65.68378590374458,0.8429878048780488,0.8184329867362976,0.0
Electricity,F0,0,raw128,0,26,0.19550474968890488,0.24786666397596832,62.41214254425793,0.8292682926829268,0.8308415412902832,0.00019054878048780488
Electricity,F0,0,raw128,0,27,0.19899417172202985,0.2550631591026358,62.88359903707737,0.8475609756097561,0.8410760164260864,0.00019054878048780488
Electricity,F0,0,raw128,0,28,0.19051401536486168,0.242008829693537,60.50553027594962,0.8612804878048781,0.8539658784866333,0.00019054878048780488
Electricity,F0,0,raw128,0,29,0.2025041723715363,0.25668212261781,63.27159047708279,0.8277439024390244,0.847278892993927,0.00038109756097560977
Electricity,F0,0,raw128,0,30,0.20850678892483676,0.26347991641146495,66.87874892862831,0.801829268292683,0.8521273732185364,0.0
Electricity,F0,0,raw128,0,31,0.20818090820923388,0.2582494070219863,66.73469485306158,0.8170731707317073,0.8585121631622314,0.0
Electricity,F0,0,raw128,0,32,0.2109768416089646,0.2637980722481445,71.37976904613215,0.8140243902439024,0.8581363558769226,0.0
Electricity,F0,0,raw128,0,33,0.2120801983902807,0.2622613844165882,69.55147987458764,0.8277439024390244,0.8595401644706726,0.0
Electricity,F0,0,raw128,0,34,0.20922330868374797,0.2615298751294687,68.02134547582487,0.8185975609756098,0.8616254925727844,0.0
Electricity,F0,0,raw128,0,35,0.20630690878918634,0.2564233034585147,65.81298583891333,0.8399390243902439,0.8602080941200256,0.0
Electricity,F0,0,raw128,0,36,0.20225222590411882,0.2510873331114116,65.05199278854742,0.8445121951219512,0.8590165972709656,0.0
Electricity,F0,0,raw128,0,37,0.20116412729014552,0.24945689767158835,65.34651301546795,0.8109756097560976,0.8536489605903625,0.0
Electricity,F0,0,raw128,0,38,0.21274456166361133,0.26339574803275145,69.36399816885228,0.7804878048780488,0.8543680906295776,0.0
Electricity,F0,0,raw128,0,39,0.19900306783153043,0.25008687089124404,64.65352211928949,0.8551829268292683,0.8650013208389282,0.0
Electricity,F0,0,raw128,0,40,0.2075819348756491,0.2614569598262117,66.74739580619627,0.8109756097560976,0.8678315281867981,0.00038109756097560977
Electricity,F0,0,raw128,0,41,0.2082375526255084,0.25616449859639445,67.03428663858553,0.8079268292682927,0.8737272024154663,0.0011432926829268292
Electricity,F0,0,raw128,0,42,0.1998261476815297,0.24808763446715518,65.3463234552523,0.7987804878048781,0.8760213851928711,0.0009527439024390244
Electricity,F0,0,raw128,0,43,0.19802744744783857,0.24448782532918964,63.6868300554229,0.8262195121951219,0.8815009593963623,0.0011432926829268292
Electricity,F0,0,raw128,0,44,0.20164782016097973,0.24743516895754936,62.07026925901087,0.8521341463414634,0.8770244121551514,0.0005716463414634146
Electricity,F0,0,raw128,0,45,0.2145551207664347,0.26345716934633867,66.96833033678008,0.8262195121951219,0.8732463717460632,0.0019054878048780487
Electricity,F0,0,raw128,0,46,0.23507987503573885,0.286848467007183,71.69841473277022,0.8003048780487805,0.868812084197998,0.0013338414634146342
Electricity,F0,0,raw128,0,47,0.2329218536436441,0.2848194543726765,71.6194784117908,0.8033536585365854,0.8752724528312683,0.00019054878048780488
Electricity,F0,0,raw128,0,48,0.23780459435301685,0.2923997127384827,74.39755445573388,0.8079268292682927,0.8780719637870789,0.00019054878048780488
Electricity,F0,0,raw128,0,49,0.2255401659214489,0.2764696506628082,71.97727410386248,0.8277439024390244,0.8900723457336426,0.0
Electricity,F0,0,raw128,0,50,0.2242401000035721,0.27768758386904235,72.93952334799418,0.8262195121951219,0.8959206342697144,0.0
Electricity,F0,0,raw128,0,51,0.21889175526164117,0.27217623690042225,71.09414841489094,0.8551829268292683,0.904036819934845,0.0
Electricity,F0,0,raw128,0,52,0.2133776377122378,0.25937561323157976,68.92817404212022,0.8673780487804879,0.9091562628746033,0.00038109756097560977
Electricity,F0,0,raw128,0,53,0.22992510102781322,0.2829869659161358,72.13627748954588,0.8185975609756098,0.8982711434364319,0.0005716463414634146
Electricity,F0,0,raw128,0,54,0.24056027245180334,0.29945925344594093,77.39147884089772,0.7987804878048781,0.9011693596839905,0.0005716463414634146
Electricity,F0,0,raw128,0,55,0.22837089287048462,0.28575463484343966,73.86044291752141,0.8307926829268293,0.9056798219680786,0.0
Electricity,F0,0,raw128,0,56,0.24158279983501785,0.30038608866152294,78.01457221333574,0.8094512195121951,0.9104843139648438,0.00038109756097560977
Electricity,F0,0,raw128,0,57,0.23335404677494623,0.28487845364376035,75.38910412206883,0.8216463414634146,0.9157143831253052,0.0
Electricity,F0,0,raw128,0,58,0.2311962586080742,0.2859834153645621,75.2712820215923,0.801829268292683,0.9160889387130737,0.00019054878048780488
Electricity,F0,0,raw128,0,59,0.2175802176411485,0.2709406707776776,70.73871618363916,0.823170731707317,0.9101847410202026,0.0
Electricity,F0,0,raw128,0,60,0.20489924487878103,0.2517898885124004,66.3934689614831,0.8658536585365854,0.9081006050109863,0.0
Electricity,F0,0,raw128,0,61,0.21572102408549176,0.26650943637246677,70.53610742382887,0.8246951219512195,0.9063337445259094,0.001714939024390244
Electricity,F0,0,raw128,0,62,0.22287170213798205,0.272723733645183,70.01507070587903,0.7926829268292683,0.9074642062187195,0.0022865853658536584
Electricity,F0,0,raw128,0,63,0.22220148307464635,0.2777167337023896,69.31544184103245,0.8292682926829268,0.9170249104499817,0.001524390243902439
Electricity,F0,0,raw128,0,64,0.22339653976999285,0.276457447842066,72.79733243802698,0.8246951219512195,0.9289647340774536,0.001714939024390244
Electricity,F0,0,selected_raw,0,1,0.10846333082347129,0.13898569571061226,34.2556833871981,0.8841463414634146,0.533926248550415,0.0
Electricity,F0,0,selected_raw,0,2,0.1381277572387046,0.17386542053220622,44.09468046048792,0.8429878048780488,0.6080986857414246,0.0
Electricity,F0,0,selected_raw,0,3,0.14788264516528757,0.18327042313907915,47.65308016102488,0.8490853658536586,0.6609082818031311,0.00019054878048780488
Electricity,F0,0,selected_raw,0,4,0.16190583372417586,0.20350213762909258,52.46392088401608,0.8353658536585366,0.7025588154792786,0.0
Electricity,F0,0,selected_raw,0,5,0.17820062665465813,0.2267807745053583,57.30630543173813,0.8064024390243902,0.7140081524848938,0.0005716463414634146
Electricity,F0,0,selected_raw,0,6,0.19047881317559515,0.2404334344366638,60.70318872172658,0.7820121951219512,0.7298617959022522,0.00038109756097560977
Electricity,F0,0,selected_raw,0,7,0.2196313233477213,0.2729777710049955,66.71567590062212,0.7987804878048781,0.7415128350257874,0.0
Electricity,F0,0,selected_raw,0,8,0.19589694400611363,0.24741651882976745,63.04497329200186,0.8170731707317073,0.7462847828865051,0.0
Electricity,F0,0,selected_raw,0,9,0.19884725396129932,0.25333162231857814,61.78067926081216,0.8170731707317073,0.7560274004936218,0.0
Electricity,F0,0,selected_raw,0,10,0.19565880330330976,0.2484410113860329,60.41780443889339,0.8125,0.7632754445075989,0.0
Electricity,F0,0,selected_raw,0,11,0.19206002922193605,0.2449836142110395,59.454640097734405,0.8307926829268293,0.7674344778060913,0.00019054878048780488
Electricity,F0,0,selected_raw,0,12,0.19018692865817158,0.23756630471102477,59.41485926000083,0.8277439024390244,0.7756685614585876,0.00038109756097560977
Electricity,F0,0,selected_raw,0,13,0.1902790300726243,0.2383855844363226,59.831940278774354,0.8048780487804879,0.7728778719902039,0.00019054878048780488
Electricity,F0,0,selected_raw,0,14,0.20004462370541523,0.25075832475202975,64.42761218838575,0.7804878048780488,0.7706874012947083,0.00019054878048780488
Electricity,F0,0,selected_raw,0,15,0.19416192013611971,0.244735685415581,61.81722088557918,0.8307926829268293,0.7768330574035645,0.0
Electricity,F0,0,selected_raw,0,16,0.19664349459462022,0.24749648500463464,62.73168487083621,0.8246951219512195,0.7848526835441589,0.0
Electricity,F0,0,selected_raw,0,17,0.19713756660902804,0.2458535121752185,61.49721691085071,0.8109756097560976,0.7887343168258667,0.0
Electricity,F0,0,selected_raw,0,18,0.1961776077296557,0.24769565866268142,62.29121996716755,0.8338414634146342,0.7909819483757019,0.0
Electricity,F0,0,selected_raw,0,19,0.1850319155378988,0.23226475116298742,59.19881949773649,0.8399390243902439,0.7955124974250793,0.0
Electricity,F0,0,selected_raw,0,20,0.18213602946675606,0.22706745868820344,56.787251705076635,0.8384146341463414,0.793506920337677,0.0
Electricity,F0,0,selected_raw,0,21,0.190079912598073,0.238708923762609,60.01527999087078,0.8216463414634146,0.783987820148468,0.0019054878048780487
Electricity,F0,0,selected_raw,0,22,0.2068794860922306,0.25609925490844654,66.26332458635656,0.7926829268292683,0.7849152684211731,0.0019054878048780487
Electricity,F0,0,selected_raw,0,23,0.19749081212766978,0.24742336154828107,61.22672151937717,0.823170731707317,0.7954471111297607,0.0
Electricity,F0,0,selected_raw,0,24,0.20394791324388883,0.25597709215771797,66.60194665629689,0.8170731707317073,0.7995832562446594,0.0
Electricity,F0,0,selected_raw,0,25,0.20017348504426147,0.25136796514266196,65.68378590374458,0.8429878048780488,0.8184329867362976,0.0
Electricity,F0,0,selected_raw,0,26,0.19550474968890488,0.24786666397596832,62.41214254425793,0.8292682926829268,0.8308415412902832,0.00019054878048780488
Electricity,F0,0,selected_raw,0,27,0.19899417172202985,0.2550631591026358,62.88359903707737,0.8475609756097561,0.8410760164260864,0.00019054878048780488
Electricity,F0,0,selected_raw,0,28,0.19051401536486168,0.242008829693537,60.50553027594962,0.8612804878048781,0.8539658784866333,0.00019054878048780488
Electricity,F0,0,selected_raw,0,29,0.2025041723715363,0.25668212261781,63.27159047708279,0.8277439024390244,0.847278892993927,0.00038109756097560977
Electricity,F0,0,selected_raw,0,30,0.20850678892483676,0.26347991641146495,66.87874892862831,0.801829268292683,0.8521273732185364,0.0
Electricity,F0,0,selected_raw,0,31,0.20818090820923388,0.2582494070219863,66.73469485306158,0.8170731707317073,0.8585121631622314,0.0
Electricity,F0,0,selected_raw,0,32,0.2109768416089646,0.2637980722481445,71.37976904613215,0.8140243902439024,0.8581363558769226,0.0
Electricity,F0,0,selected_raw,0,33,0.2120801983902807,0.2622613844165882,69.55147987458764,0.8277439024390244,0.8595401644706726,0.0
Electricity,F0,0,selected_raw,0,34,0.20922330868374797,0.2615298751294687,68.02134547582487,0.8185975609756098,0.8616254925727844,0.0
Electricity,F0,0,selected_raw,0,35,0.20630690878918634,0.2564233034585147,65.81298583891333,0.8399390243902439,0.8602080941200256,0.0
Electricity,F0,0,selected_raw,0,36,0.20225222590411882,0.2510873331114116,65.05199278854742,0.8445121951219512,0.8590165972709656,0.0
Electricity,F0,0,selected_raw,0,37,0.20116412729014552,0.24945689767158835,65.34651301546795,0.8109756097560976,0.8536489605903625,0.0
Electricity,F0,0,selected_raw,0,38,0.21274456166361133,0.26339574803275145,69.36399816885228,0.7804878048780488,0.8543680906295776,0.0
Electricity,F0,0,selected_raw,0,39,0.19900306783153043,0.25008687089124404,64.65352211928949,0.8551829268292683,0.8650013208389282,0.0
Electricity,F0,0,selected_raw,0,40,0.2075819348756491,0.2614569598262117,66.74739580619627,0.8109756097560976,0.8678315281867981,0.00038109756097560977
Electricity,F0,0,selected_raw,0,41,0.2082375526255084,0.25616449859639445,67.03428663858553,0.8079268292682927,0.8737272024154663,0.0011432926829268292
Electricity,F0,0,selected_raw,0,42,0.1998261476815297,0.24808763446715518,65.3463234552523,0.7987804878048781,0.8760213851928711,0.0009527439024390244
Electricity,F0,0,selected_raw,0,43,0.19802744744783857,0.24448782532918964,63.6868300554229,0.8262195121951219,0.8815009593963623,0.0011432926829268292
Electricity,F0,0,selected_raw,0,44,0.20164782016097973,0.24743516895754936,62.07026925901087,0.8521341463414634,0.8770244121551514,0.0005716463414634146
Electricity,F0,0,selected_raw,0,45,0.2145551207664347,0.26345716934633867,66.96833033678008,0.8262195121951219,0.8732463717460632,0.0019054878048780487
Electricity,F0,0,selected_raw,0,46,0.23507987503573885,0.286848467007183,71.69841473277022,0.8003048780487805,0.868812084197998,0.0013338414634146342
Electricity,F0,0,selected_raw,0,47,0.2329218536436441,0.2848194543726765,71.6194784117908,0.8033536585365854,0.8752724528312683,0.00019054878048780488
Electricity,F0,0,selected_raw,0,48,0.23780459435301685,0.2923997127384827,74.39755445573388,0.8079268292682927,0.8780719637870789,0.00019054878048780488
Electricity,F0,0,selected_raw,0,49,0.2255401659214489,0.2764696506628082,71.97727410386248,0.8277439024390244,0.8900723457336426,0.0
Electricity,F0,0,selected_raw,0,50,0.2242401000035721,0.27768758386904235,72.93952334799418,0.8262195121951219,0.8959206342697144,0.0
Electricity,F0,0,selected_raw,0,51,0.21889175526164117,0.27217623690042225,71.09414841489094,0.8551829268292683,0.904036819934845,0.0
Electricity,F0,0,selected_raw,0,52,0.2133776377122378,0.25937561323157976,68.92817404212022,0.8673780487804879,0.9091562628746033,0.00038109756097560977
Electricity,F0,0,selected_raw,0,53,0.22992510102781322,0.2829869659161358,72.13627748954588,0.8185975609756098,0.8982711434364319,0.0005716463414634146
Electricity,F0,0,selected_raw,0,54,0.24056027245180334,0.29945925344594093,77.39147884089772,0.7987804878048781,0.9011693596839905,0.0005716463414634146
Electricity,F0,0,selected_raw,0,55,0.22837089287048462,0.28575463484343966,73.86044291752141,0.8307926829268293,0.9056798219680786,0.0
Electricity,F0,0,selected_raw,0,56,0.24158279983501785,0.30038608866152294,78.01457221333574,0.8094512195121951,0.9104843139648438,0.00038109756097560977
Electricity,F0,0,selected_raw,0,57,0.23335404677494623,0.28487845364376035,75.38910412206883,0.8216463414634146,0.9157143831253052,0.0
Electricity,F0,0,selected_raw,0,58,0.2311962586080742,0.2859834153645621,75.2712820215923,0.801829268292683,0.9160889387130737,0.00019054878048780488
Electricity,F0,0,selected_raw,0,59,0.2175802176411485,0.2709406707776776,70.73871618363916,0.823170731707317,0.9101847410202026,0.0
Electricity,F0,0,selected_raw,0,60,0.20489924487878103,0.2517898885124004,66.3934689614831,0.8658536585365854,0.9081006050109863,0.0
Electricity,F0,0,selected_raw,0,61,0.21572102408549176,0.26650943637246677,70.53610742382887,0.8246951219512195,0.9063337445259094,0.001714939024390244
Electricity,F0,0,selected_raw,0,62,0.22287170213798205,0.272723733645183,70.01507070587903,0.7926829268292683,0.9074642062187195,0.0022865853658536584
Electricity,F0,0,selected_raw,0,63,0.22220148307464635,0.2777167337023896,69.31544184103245,0.8292682926829268,0.9170249104499817,0.001524390243902439
Electricity,F0,0,selected_raw,0,64,0.22339653976999285,0.276457447842066,72.79733243802698,0.8246951219512195,0.9289647340774536,0.001714939024390244
Electricity,F0,0,selected_cal,0,1,0.10846333082347129,0.13898569571061226,34.2556833871981,0.8841463414634146,0.533926248550415,0.0
Electricity,F0,0,selected_cal,0,2,0.1381277572387046,0.17386542053220622,44.09468046048792,0.8429878048780488,0.6080986857414246,0.0
Electricity,F0,0,selected_cal,0,3,0.14788264516407496,0.18327042313907915,47.65308016102488,0.8490853658536586,0.6609082818031311,0.00019054878048780488
Electricity,F0,0,selected_cal,0,4,0.16190583372296327,0.20350213762909258,52.46392088401608,0.8353658536585366,0.7025588154792786,0.0
Electricity,F0,0,selected_cal,0,5,0.1782006266522329,0.2267807745053583,57.30630543173813,0.8064024390243902,0.7140081524848938,0.0005716463414634146
Electricity,F0,0,selected_cal,0,6,0.190478813179233,0.2404334344366638,60.70318872172658,0.7820121951219512,0.7298617959022522,0.00038109756097560977
Electricity,F0,0,selected_cal,0,7,0.21963132334893393,0.2729777710049955,66.71567590062212,0.7987804878048781,0.7415128350257874,0.0
Electricity,F0,0,selected_cal,0,8,0.19589694401217672,0.24741651882976745,63.04497329200186,0.8170731707317073,0.7462847828865051,0.0
Electricity,F0,0,selected_cal,0,9,0.19884725398564013,0.25333162231857814,61.78067926081216,0.8170731707317073,0.7560274004936218,0.0
Electricity,F0,0,selected_cal,0,10,0.19565880330330976,0.2484410113860329,60.41780443889339,0.8125,0.7632754445075989,0.0
Electricity,F0,0,selected_cal,0,11,0.19206002922072343,0.2449836142110395,59.454640097734405,0.8307926829268293,0.7674344778060913,0.00019054878048780488
Electricity,F0,0,selected_cal,0,12,0.19018692865817158,0.23756630471102477,59.41485926000083,0.8277439024390244,0.7756685614585876,0.00038109756097560977
Electricity,F0,0,selected_cal,0,13,0.19027903007019906,0.2383855844363226,59.831940278774354,0.8048780487804879,0.7728778719902039,0.00019054878048780488
Electricity,F0,0,selected_cal,0,14,0.2000446237017774,0.25075832475202975,64.42761218838575,0.7804878048780488,0.7706874012947083,0.00019054878048780488
Electricity,F0,0,selected_cal,0,15,0.1941619201336061,0.244735685415581,61.81722088557918,0.8307926829268293,0.7768330574035645,0.0
Electricity,F0,0,selected_cal,0,16,0.1966434945958328,0.24749648500463464,62.73168487083621,0.8246951219512195,0.7848526835441589,0.0
Electricity,F0,0,selected_cal,0,17,0.19713756660772697,0.2458535121752185,61.49721691085071,0.8109756097560976,0.7887343168258667,0.0
Electricity,F0,0,selected_cal,0,18,0.19617760771874213,0.24769565866268142,62.29121996716755,0.8338414634146342,0.7909819483757019,0.0
Electricity,F0,0,selected_cal,0,19,0.18503191553591145,0.23226475116298742,59.19881949773649,0.8399390243902439,0.7955124974250793,0.0
Electricity,F0,0,selected_cal,0,20,0.18213602946796864,0.22706745868820344,56.787251705076635,0.8384146341463414,0.793506920337677,0.0
Electricity,F0,0,selected_cal,0,21,0.19007991260049822,0.238708923762609,60.01527999087078,0.8216463414634146,0.783987820148468,0.0019054878048780487
Electricity,F0,0,selected_cal,0,22,0.2068794860922306,0.25609925490844654,66.26332458635656,0.7926829268292683,0.7849152684211731,0.0019054878048780487
Electricity,F0,0,selected_cal,0,23,0.19749081212766978,0.24742336154828107,61.22672151937717,0.823170731707317,0.7954471111297607,0.0
Electricity,F0,0,selected_cal,0,24,0.20394791324388883,0.25597709215771797,66.60194665629689,0.8170731707317073,0.7995832562446594,0.0
Electricity,F0,0,selected_cal,0,25,0.2001734850406236,0.25136796514266196,65.68378590374458,0.8429878048780488,0.8184329867362976,0.0
Electricity,F0,0,selected_cal,0,26,0.19550474968769224,0.24786666397596832,62.41214254425793,0.8292682926829268,0.8308415412902832,0.00019054878048780488
Electricity,F0,0,selected_cal,0,27,0.19899417171960457,0.2550631591026358,62.88359903707737,0.8475609756097561,0.8410760164260864,0.00019054878048780488
Electricity,F0,0,selected_cal,0,28,0.19051401536486165,0.242008829693537,60.50553027594962,0.8612804878048781,0.8539658784866333,0.00019054878048780488
Electricity,F0,0,selected_cal,0,29,0.20250417237032367,0.25668212261781,63.27159047708279,0.8277439024390244,0.847278892993927,0.00038109756097560977
Electricity,F0,0,selected_cal,0,30,0.20850678892362412,0.26347991641146495,66.87874892862831,0.801829268292683,0.8521273732185364,0.0
Electricity,F0,0,selected_cal,0,31,0.2081809082140843,0.2582494070219863,66.73469485306158,0.8170731707317073,0.8585121631622314,0.0
Electricity,F0,0,selected_cal,0,32,0.21097684158098595,0.2637980722481445,71.37976904613215,0.8140243902439024,0.8581363558769226,0.0
Electricity,F0,0,selected_cal,0,33,0.2120801983999816,0.2622613844165882,69.55147987458764,0.8277439024390244,0.8595401644706726,0.0
Electricity,F0,0,selected_cal,0,34,0.20922330868374797,0.2615298751294687,68.02134547582487,0.8185975609756098,0.8616254925727844,0.0
Electricity,F0,0,selected_cal,0,35,0.20630690878676114,0.2564233034585147,65.81298583891333,0.8399390243902439,0.8602080941200256,0.0
Electricity,F0,0,selected_cal,0,36,0.20225222589571887,0.2510873331114116,65.05199278854742,0.8445121951219512,0.8590165972709656,0.0
Electricity,F0,0,selected_cal,0,37,0.20116412729135816,0.24945689767158835,65.34651301546795,0.8109756097560976,0.8536489605903625,0.0
Electricity,F0,0,selected_cal,0,38,0.21274456164897151,0.26339574803275145,69.36399816885228,0.7804878048780488,0.8543680906295776,0.0
Electricity,F0,0,selected_cal,0,39,0.19900306782901675,0.25008687089124404,64.65352211928949,0.8551829268292683,0.8650013208389282,0.0
Electricity,F0,0,selected_cal,0,40,0.2075819348889879,0.2614569598262117,66.74739580619627,0.8109756097560976,0.8678315281867981,0.00038109756097560977
Electricity,F0,0,selected_cal,0,41,0.2082375526255084,0.25616449859639445,67.03428663858553,0.8079268292682927,0.8737272024154663,0.0011432926829268292
Electricity,F0,0,selected_cal,0,42,0.1998261476815297,0.24808763446715518,65.3463234552523,0.7987804878048781,0.8760213851928711,0.0009527439024390244
Electricity,F0,0,selected_cal,0,43,0.1980274474442007,0.24448782532918964,63.6868300554229,0.8262195121951219,0.8815009593963623,0.0011432926829268292
Electricity,F0,0,selected_cal,0,44,0.2016478201718933,0.24743516895754936,62.07026925901087,0.8521341463414634,0.8770244121551514,0.0005716463414634146
Electricity,F0,0,selected_cal,0,45,0.2145551207664347,0.26345716934633867,66.96833033678008,0.8262195121951219,0.8732463717460632,0.0019054878048780487
Electricity,F0,0,selected_cal,0,46,0.23507987504665243,0.286848467007183,71.69841473277022,0.8003048780487805,0.868812084197998,0.0013338414634146342
Electricity,F0,0,selected_cal,0,47,0.2329218536424315,0.2848194543726765,71.6194784117908,0.8033536585365854,0.8752724528312683,0.00019054878048780488
Electricity,F0,0,selected_cal,0,48,0.23780459435422946,0.2923997127384827,74.39755445573388,0.8079268292682927,0.8780719637870789,0.00019054878048780488
Electricity,F0,0,selected_cal,0,49,0.2255401659105353,0.2764696506628082,71.97727410386248,0.8277439024390244,0.8900723457336426,0.0
Electricity,F0,0,selected_cal,0,50,0.22424010000235953,0.27768758386904235,72.93952334799418,0.8262195121951219,0.8959206342697144,0.0
Electricity,F0,0,selected_cal,0,51,0.21889175525679072,0.27217623690042225,71.09414841489094,0.8551829268292683,0.904036819934845,0.0
Electricity,F0,0,selected_cal,0,52,0.21337763770738735,0.25937561323157976,68.92817404212022,0.8673780487804879,0.9091562628746033,0.00038109756097560977
Electricity,F0,0,selected_cal,0,53,0.2299251010290258,0.2829869659161358,72.13627748954588,0.8185975609756098,0.8982711434364319,0.0005716463414634146
Electricity,F0,0,selected_cal,0,54,0.24056027245422856,0.29945925344594093,77.39147884089772,0.7987804878048781,0.9011693596839905,0.0005716463414634146
Electricity,F0,0,selected_cal,0,55,0.22837089286927198,0.28575463484343966,73.86044291752141,0.8307926829268293,0.9056798219680786,0.0
Electricity,F0,0,selected_cal,0,56,0.24158279983623046,0.30038608866152294,78.01457221333574,0.8094512195121951,0.9104843139648438,0.00038109756097560977
Electricity,F0,0,selected_cal,0,57,0.23335404678100935,0.28487845364376035,75.38910412206883,0.8216463414634146,0.9157143831253052,0.0
Electricity,F0,0,selected_cal,0,58,0.23119625859837323,0.2859834153645621,75.2712820215923,0.801829268292683,0.9160889387130737,0.00019054878048780488
Electricity,F0,0,selected_cal,0,59,0.21758021764236107,0.2709406707776776,70.73871618363916,0.823170731707317,0.9101847410202026,0.0
Electricity,F0,0,selected_cal,0,60,0.2048992448788694,0.2517898885124004,66.3934689614831,0.8658536585365854,0.9081006050109863,0.0
Electricity,F0,0,selected_cal,0,61,0.21572102409891902,0.26650943637246677,70.53610742382887,0.8246951219512195,0.9063337445259094,0.001714939024390244
Electricity,F0,0,selected_cal,0,62,0.2228717021538345,0.272723733645183,70.01507070587903,0.7926829268292683,0.9074642062187195,0.0022865853658536584
Electricity,F0,0,selected_cal,0,63,0.22220148307464635,0.2777167337023896,69.31544184103245,0.8292682926829268,0.9170249104499817,0.001524390243902439
Electricity,F0,0,selected_cal,0,64,0.22339653976878027,0.276457447842066,72.79733243802698,0.8246951219512195,0.9289647340774536,0.001714939024390244
ETTh1,PCA,92341,raw128,128,1,0.21137634730365157,0.2666206477614615,0.8971709585970357,0.7804232804232805,0.801794171333313,0.0
ETTh1,PCA,92341,raw128,128,2,0.24324350128882957,0.3100171777981042,1.1389038817828925,0.798941798941799,0.9273335933685303,0.0
ETTh1,PCA,92341,raw128,128,3,0.23192813659564793,0.29330132729252895,1.1061653237612474,0.828042328042328,0.9811858534812927,0.0
ETTh1,PCA,92341,raw128,128,4,0.2629126741775418,0.3371864156418031,1.2607074888649756,0.7804232804232805,1.0032833814620972,0.0
ETTh1,PCA,92341,raw128,128,5,0.26448885206307887,0.33330576920047167,1.3135854040307027,0.8148148148148148,1.0182708501815796,0.0
ETTh1,PCA,92341,raw128,128,6,0.2842787320270035,0.35235684572740966,1.325856806877902,0.7857142857142857,1.053865909576416,0.0
ETTh1,PCA,92341,raw128,128,7,0.2797617455854626,0.35411439523765786,1.3587364491134408,0.8174603174603174,1.0991737842559814,0.0
ETTh1,PCA,92341,raw128,128,8,0.3079121873233919,0.38551574500191865,1.3204199601378706,0.8121693121693122,1.1366913318634033,0.0
ETTh1,PCA,92341,raw128,128,9,0.285008391797653,0.35445514414007845,1.2667619545978528,0.8015873015873016,1.1584826707839966,0.0
ETTh1,PCA,92341,raw128,128,10,0.2789652957451519,0.34621939585958034,1.2853163247583088,0.8386243386243386,1.1575942039489746,0.0
ETTh1,PCA,92341,raw128,128,11,0.2798288765887438,0.3435190773660927,1.3381549536432855,0.8148148148148148,1.1348220109939575,0.0
ETTh1,PCA,92341,raw128,128,12,0.29875960955369074,0.3655812519774353,1.4815195774038632,0.8227513227513228,1.1206064224243164,0.0
ETTh1,PCA,92341,raw128,128,13,0.2833209119248279,0.35904120788348726,1.4355194489594805,0.8333333333333334,1.1096450090408325,0.0
ETTh1,PCA,92341,raw128,128,14,0.28932619328199244,0.35895398057410194,1.44326242719772,0.8042328042328042,1.1290706396102905,0.0
ETTh1,PCA,92341,raw128,128,15,0.30644689860287877,0.38285402263955076,1.5427814577780072,0.7962962962962963,1.1700292825698853,0.0
ETTh1,PCA,92341,raw128,128,16,0.28899287343146846,0.3591436469875656,1.3528500707455413,0.8227513227513228,1.2002696990966797,0.0
ETTh1,PCA,92341,raw128,128,17,0.3043007844661083,0.3837305303591099,1.4627396595028659,0.7777777777777778,1.2119684219360352,0.0
ETTh1,PCA,92341,raw128,128,18,0.30175437057479143,0.3818782550709193,1.587476830160807,0.8015873015873016,1.1922098398208618,0.0
ETTh1,PCA,92341,raw128,128,19,0.3159350913432174,0.38712299296916775,1.6798180218529764,0.7724867724867724,1.1670148372650146,0.0
ETTh1,PCA,92341,raw128,128,20,0.3107772418597021,0.383502043625272,1.6617586104563935,0.8095238095238095,1.1530462503433228,0.00033068783068783067
ETTh1,PCA,92341,raw128,128,21,0.3443712930574347,0.4232482434276616,1.8113117294100227,0.7619047619047619,1.1349890232086182,0.0
ETTh1,PCA,92341,raw128,128,22,0.32350700085354245,0.40755267072568946,1.7037569831012103,0.7883597883597884,1.1502583026885986,0.0
ETTh1,PCA,92341,raw128,128,23,0.3231672985065092,0.41253084263394324,1.6643330280585265,0.783068783068783,1.194464921951294,0.00033068783068783067
ETTh1,PCA,92341,raw128,128,24,0.34161948364374217,0.43774374400819915,1.6179628341443955,0.7698412698412699,1.2471436262130737,0.0
ETTh1,PCA,92341,raw128,128,25,0.30777716037337455,0.39770219820811925,1.5072387247173875,0.8095238095238095,1.299379587173462,0.0
ETTh1,PCA,92341,raw128,128,26,0.26890966931828275,0.3412327008724381,1.345373448950273,0.8544973544973545,1.318872094154358,0.0
ETTh1,PCA,92341,raw128,128,27,0.26298710949465365,0.3205018914830984,1.2585747647616599,0.8306878306878307,1.3075697422027588,0.0
ETTh1,PCA,92341,raw128,128,28,0.28783579314689434,0.3606871946457499,1.45329791183273,0.8227513227513228,1.2949738502502441,0.0
ETTh1,PCA,92341,raw128,128,29,0.29458529254488514,0.3669697317329308,1.437288907036264,0.8465608465608465,1.2877788543701172,0.0
ETTh1,PCA,92341,raw128,128,30,0.28782445812125845,0.3657366253187591,1.4708448821708324,0.8492063492063492,1.29987370967865,0.0
ETTh1,PCA,92341,raw128,128,31,0.2885782105647134,0.3709207882929491,1.4255075518968243,0.8333333333333334,1.3325731754302979,0.0
ETTh1,PCA,92341,raw128,128,32,0.31401969364472876,0.39656532021734353,1.4526134895348044,0.8095238095238095,1.363871455192566,0.0
ETTh1,PCA,92341,raw128,128,33,0.3138909761382803,0.39650261255235,1.5576400357500586,0.798941798941799,1.366263747215271,0.0
ETTh1,PCA,92341,raw128,128,34,0.3113082258098623,0.3833037126440245,1.5267810489213656,0.828042328042328,1.353553056716919,0.0
ETTh1,PCA,92341,raw128,128,35,0.32280039539298,0.39893952397717125,1.6922866222719666,0.8386243386243386,1.3199093341827393,0.0
ETTh1,PCA,92341,raw128,128,36,0.3199224187861348,0.39201193792784006,1.7156842480063754,0.8306878306878307,1.2926585674285889,0.0
ETTh1,PCA,92341,raw128,128,37,0.3501962357317175,0.43170543734224914,1.856672709935872,0.791005291005291,1.2735563516616821,0.0
ETTh1,PCA,92341,raw128,128,38,0.3587256612053201,0.4426375947702387,1.8394927130272938,0.8068783068783069,1.2874724864959717,0.0
ETTh1,PCA,92341,raw128,128,39,0.3555165853342449,0.4413845461129959,1.7609287178409951,0.7804232804232805,1.3260859251022339,0.0006613756613756613
ETTh1,PCA,92341,raw128,128,40,0.3724787830375137,0.46290498050884793,1.7187375551060078,0.7433862433862434,1.3654817342758179,0.0
ETTh1,PCA,92341,raw128,128,41,0.32958270536797696,0.414984193503094,1.6150985398384,0.7936507936507936,1.386292576789856,0.0
ETTh1,PCA,92341,raw128,128,42,0.34825996903435574,0.43760454696869194,1.7975545923506457,0.7777777777777778,1.3745536804199219,0.0
ETTh1,PCA,92341,raw128,128,43,0.3472592156698205,0.43356750190071547,1.8412289324182052,0.7962962962962963,1.349827766418457,0.0
ETTh1,PCA,92341,raw128,128,44,0.38681994724562585,0.48206938739480676,2.0517704755402906,0.7407407407407407,1.3369249105453491,0.0
ETTh1,PCA,92341,raw128,128,45,0.36860702936644796,0.45855940051060134,1.9364209914648975,0.7857142857142857,1.324155330657959,0.0
ETTh1,PCA,92341,raw128,128,46,0.35379838215567194,0.44195996377796865,1.83876772035682,0.8015873015873016,1.333345651626587,0.000992063492063492
ETTh1,PCA,92341,raw128,128,47,0.35512723448782374,0.4473798990836142,1.8249738523490215,0.8148148148148148,1.3725625276565552,0.0013227513227513227
ETTh1,PCA,92341,raw128,128,48,0.3691123371872225,0.4747000448757281,1.8627171870222483,0.7936507936507936,1.425548791885376,0.000992063492063492
ETTh1,PCA,92341,raw128,128,49,0.3751854082448658,0.47765231575862666,1.9038636781886298,0.7698412698412699,1.458065152168274,0.0
ETTh1,PCA,92341,raw128,128,50,0.36373937906600495,0.467461116365823,1.859772349456473,0.7724867724867724,1.4530812501907349,0.0
ETTh1,PCA,92341,raw128,128,51,0.3649598778731997,0.4596781375396458,1.8111869245964698,0.753968253968254,1.431423306465149,0.0
ETTh1,PCA,92341,raw128,128,52,0.3827289943782099,0.48080066618463485,1.8849311942461306,0.7671957671957672,1.410672664642334,0.0
ETTh1,PCA,92341,raw128,128,53,0.39768748487270794,0.4992587917461049,2.0216389825104404,0.7433862433862434,1.3989994525909424,0.0
ETTh1,PCA,92341,raw128,128,54,0.41433597313212356,0.5243485176621865,2.0817822522863194,0.746031746031746,1.4088819026947021,0.0
ETTh1,PCA,92341,raw128,128,55,0.41033347174622786,0.5189604010345851,2.0252462789100947,0.7513227513227513,1.4338188171386719,0.0
ETTh1,PCA,92341,raw128,128,56,0.38125894150080314,0.4902576985882389,1.8506090720258062,0.7592592592592593,1.4608467817306519,0.0
ETTh1,PCA,92341,raw128,128,57,0.36509522903535135,0.46263635443607204,1.7708283966830956,0.7777777777777778,1.4684914350509644,0.0
ETTh1,PCA,92341,raw128,128,58,0.3155341454374257,0.3926761858451129,1.581923565438027,0.8333333333333334,1.456733226776123,0.0
ETTh1,PCA,92341,raw128,128,59,0.3140305731796215,0.37630271604145094,1.5313362692083632,0.8121693121693122,1.418497920036316,0.0
ETTh1,PCA,92341,raw128,128,60,0.31172961888337675,0.37560703391475453,1.472671681551864,0.8544973544973545,1.3943562507629395,0.0
ETTh1,PCA,92341,raw128,128,61,0.34046070457871275,0.41839079370023585,1.6865977300577377,0.8095238095238095,1.3729370832443237,0.0
ETTh1,PCA,92341,raw128,128,62,0.33607624677038767,0.41705493486429646,1.6926252108126405,0.8227513227513228,1.3834697008132935,0.0
ETTh1,PCA,92341,raw128,128,63,0.3461777994975617,0.43554712487967223,1.6569619250813963,0.7936507936507936,1.4227385520935059,0.0
ETTh1,PCA,92341,raw128,128,64,0.38875533554436764,0.48641232786719646,1.729173447483431,0.7671957671957672,1.4561793804168701,0.0
ETTh1,PCA,92341,selected_raw,512,1,0.21320869242038487,0.26760786144932114,0.9051160450295481,0.783068783068783,0.8385697603225708,0.0
ETTh1,PCA,92341,selected_raw,512,2,0.23861741268367456,0.3056790339704406,1.1330358078259797,0.8227513227513228,0.9611062407493591,0.0
ETTh1,PCA,92341,selected_raw,512,3,0.23076033402174234,0.29104975385620274,1.1034278364448005,0.843915343915344,1.014119029045105,0.0
ETTh1,PCA,92341,selected_raw,512,4,0.255830804707914,0.32935207852873616,1.2204393300390433,0.8015873015873016,1.0292112827301025,0.0
ETTh1,PCA,92341,selected_raw,512,5,0.25755234916019915,0.3246161319642493,1.2692127256757684,0.8227513227513228,1.03850257396698,0.0
ETTh1,PCA,92341,selected_raw,512,6,0.2838147899669374,0.3561366260631285,1.3432372704187714,0.8042328042328042,1.0709730386734009,0.0
ETTh1,PCA,92341,selected_raw,512,7,0.2699449403935604,0.34330645883383276,1.3053747195375975,0.8333333333333334,1.1125309467315674,0.0
ETTh1,PCA,92341,selected_raw,512,8,0.30213445088351987,0.3783010318140228,1.278886835627928,0.8095238095238095,1.1434439420700073,0.0
ETTh1,PCA,92341,selected_raw,512,9,0.2831445476168243,0.352220462831647,1.2613897188197052,0.8042328042328042,1.15859854221344,0.0
ETTh1,PCA,92341,selected_raw,512,10,0.27751780313825786,0.3424690233957175,1.256240685406343,0.843915343915344,1.153823971748352,0.0
ETTh1,PCA,92341,selected_raw,512,11,0.2761802138833675,0.3382807999593948,1.3097336510856632,0.8121693121693122,1.1293013095855713,0.0
ETTh1,PCA,92341,selected_raw,512,12,0.29363857847869484,0.35842473825651255,1.44785072256333,0.8306878306878307,1.1120014190673828,0.0
ETTh1,PCA,92341,selected_raw,512,13,0.2785047912138379,0.3512972765943289,1.3934349539300437,0.8227513227513228,1.1009410619735718,0.0
ETTh1,PCA,92341,selected_raw,512,14,0.28398944888006505,0.3554278866291038,1.4158517719300652,0.8015873015873016,1.1225274801254272,0.0
ETTh1,PCA,92341,selected_raw,512,15,0.3025902562937029,0.38156923267343695,1.5308637696283836,0.8068783068783069,1.164125680923462,0.0
ETTh1,PCA,92341,selected_raw,512,16,0.2881827837933069,0.35881534705552975,1.3522073777106705,0.8306878306878307,1.1950504779815674,0.0
ETTh1,PCA,92341,selected_raw,512,17,0.3020178064808344,0.38314074935141074,1.4671334005182697,0.7804232804232805,1.2054888010025024,0.0
ETTh1,PCA,92341,selected_raw,512,18,0.30219765163782764,0.38251049707037854,1.587464584796517,0.8042328042328042,1.1779292821884155,0.0
ETTh1,PCA,92341,selected_raw,512,19,0.31350039264145096,0.3859333305513072,1.6651242193839852,0.7751322751322751,1.1455917358398438,0.0
ETTh1,PCA,92341,selected_raw,512,20,0.3089798563363077,0.3820114266296621,1.6546904300807646,0.8095238095238095,1.1265157461166382,0.0
ETTh1,PCA,92341,selected_raw,512,21,0.3397581813072737,0.41920503157547656,1.7958647645812817,0.746031746031746,1.1056585311889648,0.0
ETTh1,PCA,92341,selected_raw,512,22,0.31871718691998835,0.4027253244013341,1.6770575370777536,0.7804232804232805,1.117461085319519,0.0
ETTh1,PCA,92341,selected_raw,512,23,0.32127080646741796,0.41354439012510763,1.6683146480924238,0.7724867724867724,1.158280611038208,0.0
ETTh1,PCA,92341,selected_raw,512,24,0.3361358758299777,0.4315761588759209,1.604790411475632,0.7513227513227513,1.2091119289398193,0.0
ETTh1,PCA,92341,selected_raw,512,25,0.3056661990344869,0.39499651779014483,1.4827676845330096,0.791005291005291,1.265641689300537,0.0
ETTh1,PCA,92341,selected_raw,512,26,0.2667010575294677,0.3391892981219192,1.325384274716415,0.8544973544973545,1.2850652933120728,0.0
ETTh1,PCA,92341,selected_raw,512,27,0.26037916841091563,0.3201515480363352,1.247469847617799,0.8306878306878307,1.2786215543746948,0.0
ETTh1,PCA,92341,selected_raw,512,28,0.28071230894942134,0.35256417147313757,1.3932188401422487,0.8227513227513228,1.2685136795043945,0.0
ETTh1,PCA,92341,selected_raw,512,29,0.2904337051741362,0.365714272169872,1.432013772920799,0.8306878306878307,1.261704683303833,0.0
ETTh1,PCA,92341,selected_raw,512,30,0.2853963793394089,0.3664138967775344,1.4682412431944931,0.8306878306878307,1.273244857788086,0.0
ETTh1,PCA,92341,selected_raw,512,31,0.284703075083408,0.366833403559481,1.4206813543877275,0.8253968253968254,1.300976276397705,0.0
ETTh1,PCA,92341,selected_raw,512,32,0.31195885908018045,0.3939715395471776,1.4446746338769871,0.8068783068783069,1.3223994970321655,0.0
ETTh1,PCA,92341,selected_raw,512,33,0.3113581341808788,0.3954868103473879,1.5545555919251115,0.7857142857142857,1.319140911102295,0.0
ETTh1,PCA,92341,selected_raw,512,34,0.30650058646106104,0.3808819283709934,1.518597451664468,0.8201058201058201,1.3045222759246826,0.0
ETTh1,PCA,92341,selected_raw,512,35,0.3169188113590121,0.3958077398806301,1.6686013725108255,0.828042328042328,1.2690740823745728,0.0
ETTh1,PCA,92341,selected_raw,512,36,0.31246726909151207,0.38722097278632234,1.6870547331692207,0.8095238095238095,1.240278720855713,0.0
ETTh1,PCA,92341,selected_raw,512,37,0.34233558533196307,0.4252578123504948,1.823135718811678,0.7645502645502645,1.2209705114364624,0.0006613756613756613
ETTh1,PCA,92341,selected_raw,512,38,0.3527672615184978,0.44095313877987485,1.8143323239274125,0.7936507936507936,1.2381387948989868,0.000992063492063492
ETTh1,PCA,92341,selected_raw,512,39,0.34875659297979306,0.4359262160989347,1.7422684776404547,0.7804232804232805,1.2808223962783813,0.0016534391534391533
ETTh1,PCA,92341,selected_raw,512,40,0.36547058907713187,0.45730227951350955,1.7017246574833595,0.7486772486772487,1.322858452796936,0.0
ETTh1,PCA,92341,selected_raw,512,41,0.3244533429122064,0.411155228927334,1.5939048282289632,0.7883597883597884,1.345586895942688,0.0
ETTh1,PCA,92341,selected_raw,512,42,0.34384347737787513,0.43181994984199695,1.7780073328663117,0.7619047619047619,1.3313645124435425,0.0
ETTh1,PCA,92341,selected_raw,512,43,0.33929306513672064,0.42256187645724774,1.7943507793246123,0.791005291005291,1.303521752357483,0.0
ETTh1,PCA,92341,selected_raw,512,44,0.37910646138298704,0.473664369481085,2.0117516381636498,0.7407407407407407,1.2877471446990967,0.0
ETTh1,PCA,92341,selected_raw,512,45,0.35971340152271547,0.4478975096735035,1.887969960966123,0.783068783068783,1.2738713026046753,0.0
ETTh1,PCA,92341,selected_raw,512,46,0.35010807292934565,0.4374337935313277,1.8062778330511517,0.7751322751322751,1.2835909128189087,0.000992063492063492
ETTh1,PCA,92341,selected_raw,512,47,0.3524864892620338,0.44661442303967236,1.8188918649992616,0.798941798941799,1.319287657737732,0.000992063492063492
ETTh1,PCA,92341,selected_raw,512,48,0.3649236984367213,0.4727399380552473,1.8424337968407642,0.7724867724867724,1.3704723119735718,0.0006613756613756613
ETTh1,PCA,92341,selected_raw,512,49,0.36838379833675805,0.4765138810114524,1.9003041597901198,0.7619047619047619,1.4097208976745605,0.0
ETTh1,PCA,92341,selected_raw,512,50,0.3565642305315903,0.4583753936823144,1.8033305684094707,0.7645502645502645,1.4116042852401733,0.0
ETTh1,PCA,92341,selected_raw,512,51,0.35306703629789365,0.44794335375492633,1.7400726284536103,0.7566137566137566,1.3960981369018555,0.0
ETTh1,PCA,92341,selected_raw,512,52,0.3663263462942055,0.46355858816524875,1.789819277369629,0.7592592592592593,1.3766885995864868,0.0
ETTh1,PCA,92341,selected_raw,512,53,0.3805841013089985,0.4826995721392667,1.941237558290441,0.7619047619047619,1.366766095161438,0.0
ETTh1,PCA,92341,selected_raw,512,54,0.3991854964970646,0.5080665011416786,2.0027696330829587,0.7328042328042328,1.3801738023757935,0.0
ETTh1,PCA,92341,selected_raw,512,55,0.3954839969685171,0.5040633259804729,1.9637594696863618,0.753968253968254,1.4024940729141235,0.0
ETTh1,PCA,92341,selected_raw,512,56,0.3724276552937203,0.48203702424143585,1.8006949831963217,0.7513227513227513,1.4226629734039307,0.0
ETTh1,PCA,92341,selected_raw,512,57,0.3599610817901833,0.45686135744377393,1.7405660933169422,0.7724867724867724,1.4263099431991577,0.0
ETTh1,PCA,92341,selected_raw,512,58,0.3121834663070712,0.3894667258621856,1.5569744746461904,0.8227513227513228,1.4129351377487183,0.0
ETTh1,PCA,92341,selected_raw,512,59,0.30810589089324814,0.37014931403266904,1.5046966485777702,0.798941798941799,1.3739862442016602,0.0
ETTh1,PCA,92341,selected_raw,512,60,0.30483432327996,0.36907010562644144,1.4488662047380652,0.8306878306878307,1.350422978401184,0.0
ETTh1,PCA,92341,selected_raw,512,61,0.3305105184836641,0.40783613831696985,1.6434732602229194,0.791005291005291,1.3291372060775757,0.0
ETTh1,PCA,92341,selected_raw,512,62,0.3263338498121375,0.40490993061566855,1.6331943049041366,0.7962962962962963,1.3410983085632324,0.0
ETTh1,PCA,92341,selected_raw,512,63,0.34130348652958165,0.4304967274858322,1.618177328027154,0.7857142857142857,1.3835833072662354,0.0
ETTh1,PCA,92341,selected_raw,512,64,0.38098963120866086,0.47849841262971454,1.6920367545157513,0.7486772486772487,1.4193801879882812,0.0
ETTh1,PCA,92341,selected_cal,512,1,0.2132086924318334,0.26760786144932114,0.9051160450295481,0.783068783068783,0.8385697603225708,0.0
ETTh1,PCA,92341,selected_cal,512,2,0.23861741275836018,0.3056790339704406,1.1330358078259797,0.8227513227513228,0.9611062407493591,0.0
ETTh1,PCA,92341,selected_cal,512,3,0.23076033397989715,0.29104975385620274,1.1034278364448005,0.843915343915344,1.014119029045105,0.0
ETTh1,PCA,92341,selected_cal,512,4,0.25583080472405184,0.32935207852873616,1.2204393300390433,0.8015873015873016,1.0292112827301025,0.0
ETTh1,PCA,92341,selected_cal,512,5,0.2575523492103768,0.3246161319642493,1.2692127256757684,0.8227513227513228,1.03850257396698,0.0
ETTh1,PCA,92341,selected_cal,512,6,0.2838147899691247,0.3561366260631285,1.3432372704187714,0.8042328042328042,1.0709730386734009,0.0
ETTh1,PCA,92341,selected_cal,512,7,0.26994494030442284,0.34330645883383276,1.3053747195375975,0.8333333333333334,1.1125309467315674,0.0
ETTh1,PCA,92341,selected_cal,512,8,0.30213445082874557,0.3783010318140228,1.278886835627928,0.8095238095238095,1.1434439420700073,0.0
ETTh1,PCA,92341,selected_cal,512,9,0.28314454766324554,0.352220462831647,1.2613897188197052,0.8042328042328042,1.15859854221344,0.0
ETTh1,PCA,92341,selected_cal,512,10,0.2775178031196799,0.3424690233957175,1.256240685406343,0.843915343915344,1.153823971748352,0.0
ETTh1,PCA,92341,selected_cal,512,11,0.27618021388819186,0.3382807999593948,1.3097336510856632,0.8121693121693122,1.1293013095855713,0.0
ETTh1,PCA,92341,selected_cal,512,12,0.2936385785687056,0.35842473825651255,1.44785072256333,0.8306878306878307,1.1120014190673828,0.0
ETTh1,PCA,92341,selected_cal,512,13,0.2785047911031095,0.3512972765943289,1.3934349539300437,0.8227513227513228,1.1009410619735718,0.0
ETTh1,PCA,92341,selected_cal,512,14,0.2839894488526042,0.3554278866291038,1.4158517719300652,0.8015873015873016,1.1225274801254272,0.0
ETTh1,PCA,92341,selected_cal,512,15,0.30259025628550223,0.38156923267343695,1.5308637696283836,0.8068783068783069,1.164125680923462,0.0
ETTh1,PCA,92341,selected_cal,512,16,0.2881827836861258,0.35881534705552975,1.3522073777106705,0.8306878306878307,1.1950504779815674,0.0
ETTh1,PCA,92341,selected_cal,512,17,0.30201780641602066,0.38314074935141074,1.4671334005182697,0.7804232804232805,1.2054888010025024,0.0
ETTh1,PCA,92341,selected_cal,512,18,0.30219765172564017,0.38251049707037854,1.587464584796517,0.8042328042328042,1.1779292821884155,0.0
ETTh1,PCA,92341,selected_cal,512,19,0.3135003928568366,0.3859333305513072,1.6651242193839852,0.7751322751322751,1.1455917358398438,0.0
ETTh1,PCA,92341,selected_cal,512,20,0.3089798563655963,0.3820114266296621,1.6546904300807646,0.8095238095238095,1.1265157461166382,0.0
ETTh1,PCA,92341,selected_cal,512,21,0.33975818136159963,0.41920503157547656,1.7958647645812817,0.746031746031746,1.1056585311889648,0.0
ETTh1,PCA,92341,selected_cal,512,22,0.31871718688448386,0.4027253244013341,1.6770575370777536,0.7804232804232805,1.117461085319519,0.0
ETTh1,PCA,92341,selected_cal,512,23,0.32127080632935834,0.41354439012510763,1.6683146480924238,0.7724867724867724,1.158280611038208,0.0
ETTh1,PCA,92341,selected_cal,512,24,0.336135875728773,0.4315761588759209,1.604790411475632,0.7513227513227513,1.2091119289398193,0.0
ETTh1,PCA,92341,selected_cal,512,25,0.3056661989636239,0.39499651779014483,1.4827676845330096,0.791005291005291,1.265641689300537,0.0
ETTh1,PCA,92341,selected_cal,512,26,0.2667010574467591,0.3391892981219192,1.325384274716415,0.8544973544973545,1.2850652933120728,0.0
ETTh1,PCA,92341,selected_cal,512,27,0.2603791684303659,0.3201515480363352,1.247469847617799,0.8306878306878307,1.2786215543746948,0.0
ETTh1,PCA,92341,selected_cal,512,28,0.28071230897344934,0.35256417147313757,1.3932188401422487,0.8227513227513228,1.2685136795043945,0.0
ETTh1,PCA,92341,selected_cal,512,29,0.2904337052021849,0.365714272169872,1.432013772920799,0.8306878306878307,1.261704683303833,0.0
ETTh1,PCA,92341,selected_cal,512,30,0.28539637938806733,0.3664138967775344,1.4682412431944931,0.8306878306878307,1.273244857788086,0.0
ETTh1,PCA,92341,selected_cal,512,31,0.2847030750401535,0.366833403559481,1.4206813543877275,0.8253968253968254,1.300976276397705,0.0
ETTh1,PCA,92341,selected_cal,512,32,0.3119588590938726,0.3939715395471776,1.4446746338769871,0.8068783068783069,1.3223994970321655,0.0
ETTh1,PCA,92341,selected_cal,512,33,0.3113581342211627,0.3954868103473879,1.5545555919251115,0.7857142857142857,1.319140911102295,0.0
ETTh1,PCA,92341,selected_cal,512,34,0.30650058651465634,0.3808819283709934,1.518597451664468,0.8201058201058201,1.3045222759246826,0.0
ETTh1,PCA,92341,selected_cal,512,35,0.31691881121921184,0.3958077398806301,1.6686013725108255,0.828042328042328,1.2690740823745728,0.0
ETTh1,PCA,92341,selected_cal,512,36,0.31246726903076866,0.38722097278632234,1.6870547331692207,0.8095238095238095,1.240278720855713,0.0
ETTh1,PCA,92341,selected_cal,512,37,0.34233558532342606,0.4252578123504948,1.823135718811678,0.7645502645502645,1.2209705114364624,0.0006613756613756613
ETTh1,PCA,92341,selected_cal,512,38,0.352767261267945,0.44095313877987485,1.8143323239274125,0.7936507936507936,1.2381387948989868,0.000992063492063492
ETTh1,PCA,92341,selected_cal,512,39,0.34875659289391925,0.4359262160989347,1.7422684776404547,0.7804232804232805,1.2808223962783813,0.0016534391534391533
ETTh1,PCA,92341,selected_cal,512,40,0.3654705889353361,0.45730227951350955,1.7017246574833595,0.7486772486772487,1.322858452796936,0.0
ETTh1,PCA,92341,selected_cal,512,41,0.3244533430227818,0.411155228927334,1.5939048282289632,0.7883597883597884,1.345586895942688,0.0
ETTh1,PCA,92341,selected_cal,512,42,0.3438434773829446,0.43181994984199695,1.7780073328663117,0.7619047619047619,1.3313645124435425,0.0
ETTh1,PCA,92341,selected_cal,512,43,0.3392930651252544,0.42256187645724774,1.7943507793246123,0.791005291005291,1.303521752357483,0.0
ETTh1,PCA,92341,selected_cal,512,44,0.3791064615254939,0.473664369481085,2.0117516381636498,0.7407407407407407,1.2877471446990967,0.0
ETTh1,PCA,92341,selected_cal,512,45,0.3597134015394181,0.4478975096735035,1.887969960966123,0.783068783068783,1.2738713026046753,0.0
ETTh1,PCA,92341,selected_cal,512,46,0.3501080730170905,0.4374337935313277,1.8062778330511517,0.7751322751322751,1.2835909128189087,0.000992063492063492
ETTh1,PCA,92341,selected_cal,512,47,0.3524864892227801,0.44661442303967236,1.8188918649992616,0.798941798941799,1.319287657737732,0.000992063492063492
ETTh1,PCA,92341,selected_cal,512,48,0.3649236983715823,0.4727399380552473,1.8424337968407642,0.7724867724867724,1.3704723119735718,0.0006613756613756613
ETTh1,PCA,92341,selected_cal,512,49,0.3683837982590482,0.4765138810114524,1.9003041597901198,0.7619047619047619,1.4097208976745605,0.0
ETTh1,PCA,92341,selected_cal,512,50,0.35656423051491687,0.4583753936823144,1.8033305684094707,0.7645502645502645,1.4116042852401733,0.0
ETTh1,PCA,92341,selected_cal,512,51,0.3530670362729534,0.44794335375492633,1.7400726284536103,0.7566137566137566,1.3960981369018555,0.0
ETTh1,PCA,92341,selected_cal,512,52,0.3663263463630269,0.46355858816524875,1.789819277369629,0.7592592592592593,1.3766885995864868,0.0
ETTh1,PCA,92341,selected_cal,512,53,0.3805841012720543,0.4826995721392667,1.941237558290441,0.7619047619047619,1.366766095161438,0.0
ETTh1,PCA,92341,selected_cal,512,54,0.3991854963722352,0.5080665011416786,2.0027696330829587,0.7328042328042328,1.3801738023757935,0.0
ETTh1,PCA,92341,selected_cal,512,55,0.39548399691541075,0.5040633259804729,1.9637594696863618,0.753968253968254,1.4024940729141235,0.0
ETTh1,PCA,92341,selected_cal,512,56,0.37242765535283573,0.48203702424143585,1.8006949831963217,0.7513227513227513,1.4226629734039307,0.0
ETTh1,PCA,92341,selected_cal,512,57,0.3599610818222616,0.45686135744377393,1.7405660933169422,0.7724867724867724,1.4263099431991577,0.0
ETTh1,PCA,92341,selected_cal,512,58,0.3121834663316114,0.3894667258621856,1.5569744746461904,0.8227513227513228,1.4129351377487183,0.0
ETTh1,PCA,92341,selected_cal,512,59,0.3081058909152837,0.37014931403266904,1.5046966485777702,0.798941798941799,1.3739862442016602,0.0
ETTh1,PCA,92341,selected_cal,512,60,0.30483432319410336,0.36907010562644144,1.4488662047380652,0.8306878306878307,1.350422978401184,0.0
ETTh1,PCA,92341,selected_cal,512,61,0.3305105184730632,0.40783613831696985,1.6434732602229194,0.791005291005291,1.3291372060775757,0.0
ETTh1,PCA,92341,selected_cal,512,62,0.3263338498123905,0.40490993061566855,1.6331943049041366,0.7962962962962963,1.3410983085632324,0.0
ETTh1,PCA,92341,selected_cal,512,63,0.3413034863532144,0.4304967274858322,1.618177328027154,0.7857142857142857,1.3835833072662354,0.0
ETTh1,PCA,92341,selected_cal,512,64,0.38098963119014684,0.47849841262971454,1.6920367545157513,0.7486772486772487,1.4193801879882812,0.0
ETTh1,PCA,92342,raw128,128,1,0.21113440334424574,0.2661164872348956,0.8953752902252649,0.783068783068783,0.8035385012626648,0.0
ETTh1,PCA,92342,raw128,128,2,0.2433036344570336,0.3102177636445455,1.1414765697465372,0.7883597883597884,0.9244998097419739,0.0
ETTh1,PCA,92342,raw128,128,3,0.23195506007674482,0.2931973418501402,1.10594755594456,0.8253968253968254,0.9751569032669067,0.0
ETTh1,PCA,92342,raw128,128,4,0.2628871554350925,0.33763179562117007,1.263128249161931,0.7777777777777778,0.9944471120834351,0.0
ETTh1,PCA,92342,raw128,128,5,0.26463440836720464,0.33354986150232674,1.3172444910717704,0.8042328042328042,1.0066300630569458,0.0
ETTh1,PCA,92342,raw128,128,6,0.2843414312958606,0.35264964398110127,1.330205054569339,0.7857142857142857,1.0403164625167847,0.0
ETTh1,PCA,92342,raw128,128,7,0.27924677652181046,0.353136810398426,1.3559974887501942,0.8174603174603174,1.0853101015090942,0.0
ETTh1,PCA,92342,raw128,128,8,0.3060697016400101,0.3833286097173486,1.3146502032442382,0.8068783068783069,1.1234180927276611,0.0
ETTh1,PCA,92342,raw128,128,9,0.2842800979198622,0.35303428454994373,1.2637527241080841,0.798941798941799,1.1455682516098022,0.0
ETTh1,PCA,92342,raw128,128,10,0.2775541269648358,0.343747558521276,1.2747310055666183,0.8386243386243386,1.1429544687271118,0.0
ETTh1,PCA,92342,raw128,128,11,0.2777084333355399,0.34088214814469286,1.3264670143564228,0.8068783068783069,1.1196229457855225,0.0
ETTh1,PCA,92342,raw128,128,12,0.2977803747923796,0.3652250871386972,1.4819882956367951,0.8227513227513228,1.1053739786148071,0.0
ETTh1,PCA,92342,raw128,128,13,0.28311003434402526,0.3589866888992692,1.4360386176951347,0.8412698412698413,1.093671202659607,0.0
ETTh1,PCA,92342,raw128,128,14,0.2870804673656793,0.3562610798927704,1.4308508256716388,0.798941798941799,1.1123745441436768,0.0
ETTh1,PCA,92342,raw128,128,15,0.3058102776399717,0.38212154630047407,1.5403888099802234,0.791005291005291,1.1540071964263916,0.0
ETTh1,PCA,92342,raw128,128,16,0.2883096453469642,0.35877939674645626,1.3494281918993072,0.8201058201058201,1.1864092350006104,0.0
ETTh1,PCA,92342,raw128,128,17,0.30335276104959136,0.3823017986725613,1.456712413855173,0.7777777777777778,1.199222445487976,0.0
ETTh1,PCA,92342,raw128,128,18,0.3011359802465954,0.3809135714353046,1.5847069144485488,0.7962962962962963,1.1766895055770874,0.0
ETTh1,PCA,92342,raw128,128,19,0.3151357059733528,0.38595742744589806,1.6780034078768007,0.7751322751322751,1.1487420797348022,0.0
ETTh1,PCA,92342,raw128,128,20,0.3112994584411173,0.3838873434458087,1.6661470229663546,0.8121693121693122,1.1326220035552979,0.0
ETTh1,PCA,92342,raw128,128,21,0.34522051946216487,0.42376066335067186,1.8136410348945193,0.7592592592592593,1.113385558128357,0.0
ETTh1,PCA,92342,raw128,128,22,0.3238683651573123,0.40749823398642737,1.704056604730862,0.7751322751322751,1.1281777620315552,0.0
ETTh1,PCA,92342,raw128,128,23,0.32389650678821263,0.41300654048210417,1.6660081070685198,0.7777777777777778,1.172746181488037,0.00033068783068783067
ETTh1,PCA,92342,raw128,128,24,0.3419351769462137,0.43789751463246523,1.619538035480276,0.7671957671957672,1.2266744375228882,0.0
ETTh1,PCA,92342,raw128,128,25,0.3072163389456237,0.39602910517846424,1.5021951614272973,0.8015873015873016,1.28069007396698,0.0
ETTh1,PCA,92342,raw128,128,26,0.26889586873237825,0.3406340226254247,1.3415020026227154,0.8492063492063492,1.2988255023956299,0.0
ETTh1,PCA,92342,raw128,128,27,0.2633178547029361,0.32131849239075955,1.259408589748163,0.8306878306878307,1.2872003316879272,0.0
ETTh1,PCA,92342,raw128,128,28,0.28786704787981626,0.3608514659919536,1.45289818428102,0.8227513227513228,1.2733625173568726,0.0
ETTh1,PCA,92342,raw128,128,29,0.2936898940297186,0.3653599769953934,1.4297895856477596,0.843915343915344,1.2639448642730713,0.0
ETTh1,PCA,92342,raw128,128,30,0.286579872349647,0.36352536428624005,1.4583471311975724,0.8386243386243386,1.2745863199234009,0.0
ETTh1,PCA,92342,raw128,128,31,0.2877166538482781,0.3688460362170804,1.4156756093971943,0.828042328042328,1.3076032400131226,0.0
ETTh1,PCA,92342,raw128,128,32,0.31365984921341583,0.3949921705407999,1.4461906150614143,0.8068783068783069,1.3398269414901733,0.0
ETTh1,PCA,92342,raw128,128,33,0.31410369383152076,0.395498604796715,1.552033216589027,0.783068783068783,1.3429899215698242,0.0
ETTh1,PCA,92342,raw128,128,34,0.3119217868165834,0.3844497886944676,1.5312611468175732,0.8201058201058201,1.3295223712921143,0.0
ETTh1,PCA,92342,raw128,128,35,0.32335324839060997,0.40040587405196365,1.701202133108699,0.828042328042328,1.2961182594299316,0.0
ETTh1,PCA,92342,raw128,128,36,0.3203503733077888,0.3933770025670936,1.7253498306704893,0.8227513227513228,1.2702234983444214,0.0
ETTh1,PCA,92342,raw128,128,37,0.35069298917451935,0.431639773567757,1.8576869976228823,0.7883597883597884,1.250894546508789,0.0
ETTh1,PCA,92342,raw128,128,38,0.3588306003378585,0.4419910612576661,1.8383396208266576,0.7962962962962963,1.2640568017959595,0.0
ETTh1,PCA,92342,raw128,128,39,0.3553561151696535,0.44122380478961953,1.7611450349626245,0.7804232804232805,1.3038562536239624,0.0006613756613756613
ETTh1,PCA,92342,raw128,128,40,0.3713744765182726,0.4610187199653946,1.7084418765648648,0.7486772486772487,1.3451292514801025,0.0
ETTh1,PCA,92342,raw128,128,41,0.3288609425150566,0.41495237195559764,1.614180628308859,0.791005291005291,1.3670111894607544,0.0
ETTh1,PCA,92342,raw128,128,42,0.3475550080266966,0.4357301429291829,1.7887021245425025,0.7671957671957672,1.3528302907943726,0.0
ETTh1,PCA,92342,raw128,128,43,0.3468186420259839,0.43262614407027705,1.837294531562341,0.783068783068783,1.325745701789856,0.0
ETTh1,PCA,92342,raw128,128,44,0.3862141952589001,0.4817681023642489,2.050131393488122,0.7380952380952381,1.3108601570129395,0.0
ETTh1,PCA,92342,raw128,128,45,0.3684735240357989,0.4579777304350016,1.934070041851589,0.7777777777777778,1.2969036102294922,0.0
ETTh1,PCA,92342,raw128,128,46,0.3532397356840041,0.44127504385192995,1.8350520018764116,0.7962962962962963,1.3054530620574951,0.000992063492063492
ETTh1,PCA,92342,raw128,128,47,0.3548743120699214,0.44587501363803067,1.8183259729039731,0.8148148148148148,1.3448741436004639,0.000992063492063492
ETTh1,PCA,92342,raw128,128,48,0.3698981081188385,0.47565878519886623,1.8646911184978547,0.7883597883597884,1.3988760709762573,0.00033068783068783067
ETTh1,PCA,92342,raw128,128,49,0.3754154746528915,0.4773937170431608,1.9023982182874408,0.7619047619047619,1.4329715967178345,0.0
ETTh1,PCA,92342,raw128,128,50,0.36372392640409185,0.4668110262880107,1.8565560119453246,0.7619047619047619,1.4271053075790405,0.0
ETTh1,PCA,92342,raw128,128,51,0.3650786684500166,0.4602261697992104,1.8124250318244022,0.7433862433862434,1.4050434827804565,0.0
ETTh1,PCA,92342,raw128,128,52,0.3829916455811405,0.4814443933551064,1.885074387368544,0.753968253968254,1.383233666419983,0.0
ETTh1,PCA,92342,raw128,128,53,0.39821480259362707,0.49982243370931223,2.018580525995247,0.7328042328042328,1.3695987462997437,0.0
ETTh1,PCA,92342,raw128,128,54,0.4148733559892653,0.5242829454958513,2.0795301584300225,0.7328042328042328,1.3782187700271606,0.0
ETTh1,PCA,92342,raw128,128,55,0.4110687737513013,0.5198923022253235,2.0279742834508103,0.7486772486772487,1.4040322303771973,0.0
ETTh1,PCA,92342,raw128,128,56,0.38153860736182615,0.4897474154447659,1.849735512107453,0.7513227513227513,1.4324700832366943,0.0
ETTh1,PCA,92342,raw128,128,57,0.36540031698862946,0.46235634167095074,1.7654033832488552,0.7724867724867724,1.4412245750427246,0.0
ETTh1,PCA,92342,raw128,128,58,0.31698839790648337,0.3923847048510893,1.5748458889229273,0.8253968253968254,1.4285013675689697,0.0
ETTh1,PCA,92342,raw128,128,59,0.31518757355979016,0.3793773825035801,1.543870777364761,0.8015873015873016,1.3908275365829468,0.0
ETTh1,PCA,92342,raw128,128,60,0.3139626818110594,0.3786741494607266,1.4847102203657703,0.8492063492063492,1.3674206733703613,0.0
ETTh1,PCA,92342,raw128,128,61,0.3410467596996331,0.4196727800552064,1.6901849722933202,0.8015873015873016,1.3462449312210083,0.0
ETTh1,PCA,92342,raw128,128,62,0.33426947818923025,0.4143522030732923,1.6750289296938314,0.8174603174603174,1.3567934036254883,0.0
ETTh1,PCA,92342,raw128,128,63,0.3454538811180779,0.4335629190890713,1.6445630300967466,0.7883597883597884,1.3973690271377563,0.0
ETTh1,PCA,92342,raw128,128,64,0.3890140550301521,0.4866941733493397,1.725585563325141,0.7619047619047619,1.4331464767456055,0.0
ETTh1,PCA,92342,selected_raw,512,1,0.2123539096423351,0.2683628209496917,0.9066165253795959,0.7777777777777778,0.8139960169792175,0.0
ETTh1,PCA,92342,selected_raw,512,2,0.240455324678419,0.30693288368766963,1.13832848302271,0.798941798941799,0.9489846229553223,0.0
ETTh1,PCA,92342,selected_raw,512,3,0.2317864040532456,0.2928321395837191,1.110300521824568,0.8359788359788359,1.0152033567428589,0.0
ETTh1,PCA,92342,selected_raw,512,4,0.2629223566833668,0.34093124691147053,1.2945763187867307,0.7962962962962963,1.0404819250106812,0.0
ETTh1,PCA,92342,selected_raw,512,5,0.26957395529274375,0.34112366298675684,1.3616534841084291,0.8121693121693122,1.0593345165252686,0.0
ETTh1,PCA,92342,selected_raw,512,6,0.29125085154723174,0.36349970718833674,1.393737383364212,0.7857142857142857,1.09597647190094,0.0
ETTh1,PCA,92342,selected_raw,512,7,0.2804077810018956,0.3556339794564389,1.3817300419446337,0.8253968253968254,1.1334601640701294,0.0
ETTh1,PCA,92342,selected_raw,512,8,0.31074435229409353,0.39162912677768547,1.3628754508361298,0.8042328042328042,1.1573832035064697,0.0
ETTh1,PCA,92342,selected_raw,512,9,0.28715754875562743,0.3572939938411633,1.2947327071041972,0.7962962962962963,1.1728847026824951,0.0
ETTh1,PCA,92342,selected_raw,512,10,0.27709254311812326,0.3466557251133952,1.2879675625375024,0.8386243386243386,1.1706033945083618,0.0
ETTh1,PCA,92342,selected_raw,512,11,0.275491798567681,0.34143511552175204,1.3276816860590346,0.8148148148148148,1.1504303216934204,0.0
ETTh1,PCA,92342,selected_raw,512,12,0.2918937270257253,0.3604909601167827,1.455934831448806,0.8253968253968254,1.135844111442566,0.0
ETTh1,PCA,92342,selected_raw,512,13,0.27825578217776736,0.35593187598368137,1.417509035931693,0.8095238095238095,1.1286430358886719,0.0
ETTh1,PCA,92342,selected_raw,512,14,0.2845891280643258,0.359089902312761,1.4287492029723667,0.8015873015873016,1.1509159803390503,0.0
ETTh1,PCA,92342,selected_raw,512,15,0.3014005427270149,0.38115988823545593,1.5248981695326547,0.8068783068783069,1.1863607168197632,0.0
ETTh1,PCA,92342,selected_raw,512,16,0.2878183163563707,0.36027974163225135,1.357059053721882,0.8227513227513228,1.2069876194000244,0.0
ETTh1,PCA,92342,selected_raw,512,17,0.30158832817960995,0.38298038871861023,1.4583696703076678,0.783068783068783,1.215909719467163,0.0
ETTh1,PCA,92342,selected_raw,512,18,0.30171097632620597,0.38199177642753224,1.583936047104616,0.8042328042328042,1.1895109415054321,0.0
ETTh1,PCA,92342,selected_raw,512,19,0.3120882806503741,0.3858191664900139,1.6604254936217946,0.7857142857142857,1.1600675582885742,0.0
ETTh1,PCA,92342,selected_raw,512,20,0.3077861267331818,0.38244456564935286,1.6495474578921125,0.8068783068783069,1.145447850227356,0.0
ETTh1,PCA,92342,selected_raw,512,21,0.33545913292868046,0.4156894225045454,1.7732550456883416,0.746031746031746,1.1280713081359863,0.0
ETTh1,PCA,92342,selected_raw,512,22,0.31663507509111244,0.4021791685199055,1.6704732011905108,0.7777777777777778,1.1421154737472534,0.0
ETTh1,PCA,92342,selected_raw,512,23,0.31886832504907014,0.4096665120361175,1.6404779547500232,0.7857142857142857,1.1817212104797363,0.0
ETTh1,PCA,92342,selected_raw,512,24,0.3372263526041585,0.4315178995982729,1.6049811020099296,0.7619047619047619,1.226404070854187,0.0
ETTh1,PCA,92342,selected_raw,512,25,0.30619758625976357,0.39454935721644574,1.489972407047553,0.8015873015873016,1.282965898513794,0.0
ETTh1,PCA,92342,selected_raw,512,26,0.2710915265326399,0.34660137250403994,1.3684877791496182,0.8650793650793651,1.3073272705078125,0.0
ETTh1,PCA,92342,selected_raw,512,27,0.26952817452594013,0.33213065540571785,1.30678590166348,0.828042328042328,1.3078739643096924,0.0
ETTh1,PCA,92342,selected_raw,512,28,0.28879695041538106,0.3659577737113175,1.4704971505260025,0.828042328042328,1.3024485111236572,0.0
ETTh1,PCA,92342,selected_raw,512,29,0.29918467427457757,0.37305506588860454,1.4649044023777442,0.8359788359788359,1.3014850616455078,0.0
ETTh1,PCA,92342,selected_raw,512,30,0.2919307853807571,0.3742008578863763,1.5161142201019973,0.8359788359788359,1.3148747682571411,0.0
ETTh1,PCA,92342,selected_raw,512,31,0.2862830409876299,0.36309433455323187,1.3996368767644363,0.8253968253968254,1.337152123451233,0.0
ETTh1,PCA,92342,selected_raw,512,32,0.31633346172803767,0.3990125263523003,1.464032392574366,0.8015873015873016,1.352592945098877,0.0
ETTh1,PCA,92342,selected_raw,512,33,0.3133194160616383,0.3988222184581704,1.5740107713789535,0.8015873015873016,1.3506646156311035,0.0
ETTh1,PCA,92342,selected_raw,512,34,0.306004033496774,0.3817098639440878,1.5216957715847506,0.8201058201058201,1.34169340133667,0.0
ETTh1,PCA,92342,selected_raw,512,35,0.31320839300153835,0.39300444510122545,1.645131574362201,0.8201058201058201,1.3102741241455078,0.0
ETTh1,PCA,92342,selected_raw,512,36,0.31037499257486006,0.38715431648300225,1.677798073610695,0.8201058201058201,1.2831615209579468,0.0
ETTh1,PCA,92342,selected_raw,512,37,0.33929330413765596,0.4260265398107338,1.8198242098506954,0.7724867724867724,1.2678899765014648,0.0
ETTh1,PCA,92342,selected_raw,512,38,0.3489611854060302,0.4411059328886778,1.8099410803594365,0.7962962962962963,1.287909746170044,0.000992063492063492
ETTh1,PCA,92342,selected_raw,512,39,0.3455150053767066,0.432767480453944,1.72167234414469,0.791005291005291,1.3253304958343506,0.000992063492063492
ETTh1,PCA,92342,selected_raw,512,40,0.3662798851866662,0.45930140860260577,1.7162333570184216,0.7354497354497355,1.360872745513916,0.00033068783068783067
ETTh1,PCA,92342,selected_raw,512,41,0.3229729108923576,0.40669163972114153,1.5742471362784427,0.7857142857142857,1.3820056915283203,0.0
ETTh1,PCA,92342,selected_raw,512,42,0.3410126347758119,0.427224369732149,1.761958792628277,0.7592592592592593,1.366625428199768,0.0
ETTh1,PCA,92342,selected_raw,512,43,0.3386588743689519,0.42240085746112604,1.793186517619582,0.7751322751322751,1.339998483657837,0.0
ETTh1,PCA,92342,selected_raw,512,44,0.37943817516547607,0.4742971771530555,2.0150043740080146,0.7486772486772487,1.3281761407852173,0.0
ETTh1,PCA,92342,selected_raw,512,45,0.3582720841690727,0.445534351219928,1.8756532324527306,0.7751322751322751,1.318192958831787,0.0
ETTh1,PCA,92342,selected_raw,512,46,0.34883643760836797,0.43577961749933125,1.7995566060894697,0.7698412698412699,1.3269262313842773,0.00033068783068783067
ETTh1,PCA,92342,selected_raw,512,47,0.35008454830641617,0.44310065821969163,1.802857785244231,0.791005291005291,1.3586403131484985,0.000992063492063492
ETTh1,PCA,92342,selected_raw,512,48,0.3648835285999409,0.47310944742569916,1.8455816084844252,0.7804232804232805,1.4025933742523193,0.00033068783068783067
ETTh1,PCA,92342,selected_raw,512,49,0.3664634343574274,0.47365215726959314,1.8883311691935416,0.7698412698412699,1.439624547958374,0.0
ETTh1,PCA,92342,selected_raw,512,50,0.35841216461333264,0.4661894841784984,1.847593879731244,0.753968253968254,1.4464107751846313,0.0
ETTh1,PCA,92342,selected_raw,512,51,0.3578171166965289,0.45793029019110065,1.8075210077776795,0.7566137566137566,1.4370911121368408,0.0
ETTh1,PCA,92342,selected_raw,512,52,0.3681606821088947,0.46889486141509307,1.8382760020830329,0.7724867724867724,1.4220854043960571,0.0
ETTh1,PCA,92342,selected_raw,512,53,0.38502219300382695,0.48868934876476333,1.980541401518085,0.7566137566137566,1.4171984195709229,0.0
ETTh1,PCA,92342,selected_raw,512,54,0.4043529290517016,0.5175595512026389,2.0680407076561576,0.7407407407407407,1.431038498878479,0.0
ETTh1,PCA,92342,selected_raw,512,55,0.39934377812164995,0.5100583114433778,2.003578232157798,0.7619047619047619,1.446679711341858,0.0
ETTh1,PCA,92342,selected_raw,512,56,0.37733433530332117,0.49123721885083627,1.8585581398278317,0.7513227513227513,1.4586873054504395,0.0
ETTh1,PCA,92342,selected_raw,512,57,0.363955303141435,0.4633362317813458,1.7798202983719646,0.7619047619047619,1.4617565870285034,0.0
ETTh1,PCA,92342,selected_raw,512,58,0.31554482123097244,0.3936645817553999,1.5797149780447837,0.8306878306878307,1.4520829916000366,0.0
ETTh1,PCA,92342,selected_raw,512,59,0.3110293187238777,0.37520795707225735,1.5277458261944865,0.7962962962962963,1.4183425903320312,0.0
ETTh1,PCA,92342,selected_raw,512,60,0.3062443302392297,0.37071637521451184,1.4534287562386856,0.8359788359788359,1.396578073501587,0.0
ETTh1,PCA,92342,selected_raw,512,61,0.33560846191514615,0.4164808840052289,1.686509341977182,0.8042328042328042,1.3795548677444458,0.0
ETTh1,PCA,92342,selected_raw,512,62,0.3311599793928284,0.4136154104774306,1.6801393195080063,0.8095238095238095,1.3926640748977661,0.0
ETTh1,PCA,92342,selected_raw,512,63,0.3464767054769878,0.43983439234880445,1.6661680393196918,0.7883597883597884,1.4277253150939941,0.0
ETTh1,PCA,92342,selected_raw,512,64,0.3863223474263034,0.48489542947515357,1.7254500291531993,0.753968253968254,1.450903296470642,0.0
ETTh1,PCA,92342,selected_cal,512,1,0.2123539096115813,0.2683628209496917,0.9066165253795959,0.7777777777777778,0.8139960169792175,0.0
ETTh1,PCA,92342,selected_cal,512,2,0.2404553246309079,0.30693288368766963,1.13832848302271,0.798941798941799,0.9489846229553223,0.0
ETTh1,PCA,92342,selected_cal,512,3,0.23178640407239162,0.2928321395837191,1.110300521824568,0.8359788359788359,1.0152033567428589,0.0
ETTh1,PCA,92342,selected_cal,512,4,0.26292235675127373,0.34093124691147053,1.2945763187867307,0.7962962962962963,1.0404819250106812,0.0
ETTh1,PCA,92342,selected_cal,512,5,0.26957395537466794,0.34112366298675684,1.3616534841084291,0.8121693121693122,1.0593345165252686,0.0
ETTh1,PCA,92342,selected_cal,512,6,0.29125085158198966,0.36349970718833674,1.393737383364212,0.7857142857142857,1.09597647190094,0.0
ETTh1,PCA,92342,selected_cal,512,7,0.28040778114017695,0.3556339794564389,1.3817300419446337,0.8253968253968254,1.1334601640701294,0.0
ETTh1,PCA,92342,selected_cal,512,8,0.3107443521095533,0.39162912677768547,1.3628754508361298,0.8042328042328042,1.1573832035064697,0.0
ETTh1,PCA,92342,selected_cal,512,9,0.2871575487743884,0.3572939938411633,1.2947327071041972,0.7962962962962963,1.1728847026824951,0.0
ETTh1,PCA,92342,selected_cal,512,10,0.2770925431041771,0.3466557251133952,1.2879675625375024,0.8386243386243386,1.1706033945083618,0.0
ETTh1,PCA,92342,selected_cal,512,11,0.27549179859552775,0.34143511552175204,1.3276816860590346,0.8148148148148148,1.1504303216934204,0.0
ETTh1,PCA,92342,selected_cal,512,12,0.29189372697957905,0.3604909601167827,1.455934831448806,0.8253968253968254,1.135844111442566,0.0
ETTh1,PCA,92342,selected_cal,512,13,0.2782557822741812,0.35593187598368137,1.417509035931693,0.8095238095238095,1.1286430358886719,0.0
ETTh1,PCA,92342,selected_cal,512,14,0.28458912810843534,0.359089902312761,1.4287492029723667,0.8015873015873016,1.1509159803390503,0.0
ETTh1,PCA,92342,selected_cal,512,15,0.3014005427115465,0.38115988823545593,1.5248981695326547,0.8068783068783069,1.1863607168197632,0.0
ETTh1,PCA,92342,selected_cal,512,16,0.2878183162451157,0.36027974163225135,1.357059053721882,0.8227513227513228,1.2069876194000244,0.0
ETTh1,PCA,92342,selected_cal,512,17,0.3015883283616023,0.38298038871861023,1.4583696703076678,0.783068783068783,1.215909719467163,0.0
ETTh1,PCA,92342,selected_cal,512,18,0.30171097626479115,0.38199177642753224,1.583936047104616,0.8042328042328042,1.1895109415054321,0.0
ETTh1,PCA,92342,selected_cal,512,19,0.312088280702823,0.3858191664900139,1.6604254936217946,0.7857142857142857,1.1600675582885742,0.0
ETTh1,PCA,92342,selected_cal,512,20,0.3077861265569999,0.38244456564935286,1.6495474578921125,0.8068783068783069,1.145447850227356,0.0
ETTh1,PCA,92342,selected_cal,512,21,0.33545913298949165,0.4156894225045454,1.7732550456883416,0.746031746031746,1.1280713081359863,0.0
ETTh1,PCA,92342,selected_cal,512,22,0.31663507517296163,0.4021791685199055,1.6704732011905108,0.7777777777777778,1.1421154737472534,0.0
ETTh1,PCA,92342,selected_cal,512,23,0.3188683252039726,0.4096665120361175,1.6404779547500232,0.7857142857142857,1.1817212104797363,0.0
ETTh1,PCA,92342,selected_cal,512,24,0.33722635259927153,0.4315178995982729,1.6049811020099296,0.7619047619047619,1.226404070854187,0.0
ETTh1,PCA,92342,selected_cal,512,25,0.30619758613543424,0.39454935721644574,1.489972407047553,0.8015873015873016,1.282965898513794,0.0
ETTh1,PCA,92342,selected_cal,512,26,0.27109152654189195,0.34660137250403994,1.3684877791496182,0.8650793650793651,1.3073272705078125,0.0
ETTh1,PCA,92342,selected_cal,512,27,0.26952817464506895,0.33213065540571785,1.30678590166348,0.828042328042328,1.3078739643096924,0.0
ETTh1,PCA,92342,selected_cal,512,28,0.2887969504218746,0.3659577737113175,1.4704971505260025,0.828042328042328,1.3024485111236572,0.0
ETTh1,PCA,92342,selected_cal,512,29,0.29918467435111945,0.37305506588860454,1.4649044023777442,0.8359788359788359,1.3014850616455078,0.0
ETTh1,PCA,92342,selected_cal,512,30,0.2919307853511604,0.3742008578863763,1.5161142201019973,0.8359788359788359,1.3148747682571411,0.0
ETTh1,PCA,92342,selected_cal,512,31,0.28628304100744506,0.36309433455323187,1.3996368767644363,0.8253968253968254,1.337152123451233,0.0
ETTh1,PCA,92342,selected_cal,512,32,0.3163334617292254,0.3990125263523003,1.464032392574366,0.8015873015873016,1.352592945098877,0.0
ETTh1,PCA,92342,selected_cal,512,33,0.3133194160334619,0.3988222184581704,1.5740107713789535,0.8015873015873016,1.3506646156311035,0.0
ETTh1,PCA,92342,selected_cal,512,34,0.30600403339010057,0.3817098639440878,1.5216957715847506,0.8201058201058201,1.34169340133667,0.0
ETTh1,PCA,92342,selected_cal,512,35,0.31320839299732717,0.39300444510122545,1.645131574362201,0.8201058201058201,1.3102741241455078,0.0
ETTh1,PCA,92342,selected_cal,512,36,0.3103749925389087,0.38715431648300225,1.677798073610695,0.8201058201058201,1.2831615209579468,0.0
ETTh1,PCA,92342,selected_cal,512,37,0.3392933043012776,0.4260265398107338,1.8198242098506954,0.7724867724867724,1.2678898572921753,0.0
ETTh1,PCA,92342,selected_cal,512,38,0.3489611852299611,0.4411059328886778,1.8099410803594365,0.7962962962962963,1.287909746170044,0.000992063492063492
ETTh1,PCA,92342,selected_cal,512,39,0.3455150054131681,0.432767480453944,1.72167234414469,0.791005291005291,1.3253304958343506,0.000992063492063492
ETTh1,PCA,92342,selected_cal,512,40,0.36627988508330006,0.45930140860260577,1.7162333570184216,0.7354497354497355,1.360872745513916,0.00033068783068783067
ETTh1,PCA,92342,selected_cal,512,41,0.3229729109645881,0.40669163972114153,1.5742471362784427,0.7857142857142857,1.3820056915283203,0.0
ETTh1,PCA,92342,selected_cal,512,42,0.3410126347944647,0.427224369732149,1.761958792628277,0.7592592592592593,1.366625428199768,0.0
ETTh1,PCA,92342,selected_cal,512,43,0.3386588741758646,0.42240085746112604,1.793186517619582,0.7751322751322751,1.339998483657837,0.0
ETTh1,PCA,92342,selected_cal,512,44,0.3794381752887436,0.4742971771530555,2.0150043740080146,0.7486772486772487,1.3281761407852173,0.0
ETTh1,PCA,92342,selected_cal,512,45,0.358272084114337,0.445534351219928,1.8756532324527306,0.7751322751322751,1.318192958831787,0.0
ETTh1,PCA,92342,selected_cal,512,46,0.348836437390292,0.43577961749933125,1.7995566060894697,0.7698412698412699,1.326926350593567,0.00033068783068783067
ETTh1,PCA,92342,selected_cal,512,47,0.35008454837850195,0.44310065821969163,1.802857785244231,0.791005291005291,1.3586403131484985,0.000992063492063492
ETTh1,PCA,92342,selected_cal,512,48,0.36488352877446434,0.47310944742569916,1.8455816084844252,0.7804232804232805,1.4025933742523193,0.00033068783068783067
ETTh1,PCA,92342,selected_cal,512,49,0.36646343429470574,0.47365215726959314,1.8883311691935416,0.7698412698412699,1.439624547958374,0.0
ETTh1,PCA,92342,selected_cal,512,50,0.3584121646422316,0.4661894841784984,1.847593879731244,0.753968253968254,1.4464107751846313,0.0
ETTh1,PCA,92342,selected_cal,512,51,0.35781711676173683,0.45793029019110065,1.8075210077776795,0.7566137566137566,1.4370909929275513,0.0
ETTh1,PCA,92342,selected_cal,512,52,0.3681606820439247,0.46889486141509307,1.8382760020830329,0.7724867724867724,1.4220854043960571,0.0
ETTh1,PCA,92342,selected_cal,512,53,0.38502219295894496,0.48868934876476333,1.980541401518085,0.7566137566137566,1.4171984195709229,0.0
ETTh1,PCA,92342,selected_cal,512,54,0.4043529290968958,0.5175595512026389,2.0680407076561576,0.7407407407407407,1.431038498878479,0.0
ETTh1,PCA,92342,selected_cal,512,55,0.3993437780012786,0.5100583114433778,2.003578232157798,0.7619047619047619,1.446679711341858,0.0
ETTh1,PCA,92342,selected_cal,512,56,0.37733433535854516,0.49123721885083627,1.8585581398278317,0.7513227513227513,1.4586873054504395,0.0
ETTh1,PCA,92342,selected_cal,512,57,0.36395530322820563,0.4633362317813458,1.7798202983719646,0.7619047619047619,1.4617565870285034,0.0
ETTh1,PCA,92342,selected_cal,512,58,0.3155448211643619,0.3936645817553999,1.5797149780447837,0.8306878306878307,1.4520829916000366,0.0
ETTh1,PCA,92342,selected_cal,512,59,0.3110293187280707,0.37520795707225735,1.5277458261944865,0.7962962962962963,1.4183425903320312,0.0
ETTh1,PCA,92342,selected_cal,512,60,0.30624433007323315,0.37071637521451184,1.4534287562386856,0.8359788359788359,1.396578073501587,0.0
ETTh1,PCA,92342,selected_cal,512,61,0.33560846166161934,0.4164808840052289,1.686509341977182,0.8042328042328042,1.3795549869537354,0.0
ETTh1,PCA,92342,selected_cal,512,62,0.3311599793172454,0.4136154104774306,1.6801393195080063,0.8095238095238095,1.3926640748977661,0.0
ETTh1,PCA,92342,selected_cal,512,63,0.3464767054796907,0.43983439234880445,1.6661680393196918,0.7883597883597884,1.4277253150939941,0.0
ETTh1,PCA,92342,selected_cal,512,64,0.386322347409393,0.48489542947515357,1.7254500291531993,0.753968253968254,1.450903296470642,0.0
ETTh1,RANDOM,92341,raw128,128,1,0.21092262322303118,0.26638034518680337,0.8942350636990297,0.7804232804232805,0.8032037615776062,0.0
ETTh1,RANDOM,92341,raw128,128,2,0.24419596341526467,0.3110366322634354,1.1394341212928927,0.7936507936507936,0.9306178689002991,0.0
ETTh1,RANDOM,92341,raw128,128,3,0.23260722061524713,0.2943543156697858,1.107843233775052,0.8306878306878307,0.9856948256492615,0.0
ETTh1,RANDOM,92341,raw128,128,4,0.26412530873124535,0.33854339909438097,1.2680060352400813,0.7857142857142857,1.008240818977356,0.0
ETTh1,RANDOM,92341,raw128,128,5,0.26641310391516343,0.33524123919008175,1.3221954490260157,0.8095238095238095,1.0235999822616577,0.0
ETTh1,RANDOM,92341,raw128,128,6,0.2854167164904295,0.35387839676454547,1.3345460144891625,0.7857142857142857,1.0596414804458618,0.0
ETTh1,RANDOM,92341,raw128,128,7,0.28124667077090526,0.3557369593583586,1.3654181520262407,0.8174603174603174,1.105715036392212,0.0
ETTh1,RANDOM,92341,raw128,128,8,0.3090403483149902,0.3870492587524534,1.3269748627627023,0.8095238095238095,1.1441937685012817,0.0
ETTh1,RANDOM,92341,raw128,128,9,0.2853066385634031,0.35484811229584284,1.267394724957369,0.8042328042328042,1.1659694910049438,0.0
ETTh1,RANDOM,92341,raw128,128,10,0.2792544289019147,0.34679076463229813,1.289340072700744,0.8412698412698413,1.165046215057373,0.0
ETTh1,RANDOM,92341,raw128,128,11,0.280306666490111,0.3442891980938681,1.3423523069728935,0.8174603174603174,1.1423499584197998,0.0
ETTh1,RANDOM,92341,raw128,128,12,0.29920358747804554,0.3652231492484391,1.4795177995212494,0.8227513227513228,1.1277058124542236,0.0
ETTh1,RANDOM,92341,raw128,128,13,0.28342286522986254,0.35887630246839763,1.4359699368043235,0.8386243386243386,1.117354154586792,0.0
ETTh1,RANDOM,92341,raw128,128,14,0.2895601148831987,0.3585821343930452,1.4420949104956533,0.8121693121693122,1.1372722387313843,0.0
ETTh1,RANDOM,92341,raw128,128,15,0.30632979095890994,0.382061316934805,1.539250799666637,0.7962962962962963,1.1793477535247803,0.0
ETTh1,RANDOM,92341,raw128,128,16,0.2889845287371896,0.35905642015863726,1.3517322487853192,0.828042328042328,1.2110300064086914,0.0
ETTh1,RANDOM,92341,raw128,128,17,0.30427432578357694,0.38301649915283303,1.460068618868867,0.7751322751322751,1.222158670425415,0.0
ETTh1,RANDOM,92341,raw128,128,18,0.30161529586603336,0.38197974370033877,1.5882744136310758,0.8068783068783069,1.2019513845443726,0.0
ETTh1,RANDOM,92341,raw128,128,19,0.31595087638183017,0.3870133738569546,1.6801304046715062,0.7777777777777778,1.1757417917251587,0.0
ETTh1,RANDOM,92341,raw128,128,20,0.31052102776218854,0.38316988093341686,1.6602398433461392,0.8121693121693122,1.1611915826797485,0.00033068783068783067
ETTh1,RANDOM,92341,raw128,128,21,0.3447865425946943,0.42385441224651416,1.8137954970595067,0.7724867724867724,1.1436671018600464,0.0
ETTh1,RANDOM,92341,raw128,128,22,0.32397146942366356,0.407844419349598,1.7050736879427282,0.7883597883597884,1.1585103273391724,0.0
ETTh1,RANDOM,92341,raw128,128,23,0.32290058217732465,0.41178500460692347,1.6601257793723592,0.783068783068783,1.2034751176834106,0.00033068783068783067
ETTh1,RANDOM,92341,raw128,128,24,0.3416721142673775,0.4375867858601366,1.6170858703750781,0.7724867724867724,1.2574049234390259,0.0
ETTh1,RANDOM,92341,raw128,128,25,0.3079962672484935,0.39794126851937767,1.5090467849421123,0.8121693121693122,1.3104106187820435,0.0
ETTh1,RANDOM,92341,raw128,128,26,0.26980415433351806,0.342626045931526,1.3503347342961995,0.8518518518518519,1.3294836282730103,0.0
ETTh1,RANDOM,92341,raw128,128,27,0.264320137108282,0.32224661101654617,1.2663664342392058,0.8306878306878307,1.3176642656326294,0.0
ETTh1,RANDOM,92341,raw128,128,28,0.2891688049291033,0.36273553354418836,1.461886233221444,0.828042328042328,1.304257869720459,0.0
ETTh1,RANDOM,92341,raw128,128,29,0.2961469089646103,0.3687294515670738,1.44455636552875,0.8492063492063492,1.2970114946365356,0.0
ETTh1,RANDOM,92341,raw128,128,30,0.28910802730469964,0.36718873861926454,1.4768414433710475,0.8571428571428571,1.3091580867767334,0.0
ETTh1,RANDOM,92341,raw128,128,31,0.28916107529056134,0.37130396188517545,1.42680486961805,0.828042328042328,1.342462182044983,0.0
ETTh1,RANDOM,92341,raw128,128,32,0.31455664697982244,0.3977004892839845,1.4561798469651313,0.8095238095238095,1.3747090101242065,0.0
ETTh1,RANDOM,92341,raw128,128,33,0.3144166482764976,0.3970277640510375,1.5610767555221048,0.7936507936507936,1.3773834705352783,0.0
ETTh1,RANDOM,92341,raw128,128,34,0.3114761470011765,0.38273523857241665,1.5256039228625398,0.8306878306878307,1.364984154701233,0.0
ETTh1,RANDOM,92341,raw128,128,35,0.3227468406500498,0.3982760773273174,1.6886762770474273,0.8412698412698413,1.331801176071167,0.0
ETTh1,RANDOM,92341,raw128,128,36,0.3204627170148913,0.39180978262552174,1.7138592044394168,0.8333333333333334,1.3044427633285522,0.0
ETTh1,RANDOM,92341,raw128,128,37,0.3506738091994278,0.4315310865616599,1.8553150700277121,0.7936507936507936,1.2855968475341797,0.0
ETTh1,RANDOM,92341,raw128,128,38,0.3588238444352619,0.44194486069635747,1.8357534246844431,0.8095238095238095,1.2997809648513794,0.0
ETTh1,RANDOM,92341,raw128,128,39,0.3553861940724214,0.4404300469549396,1.75525729441966,0.7857142857142857,1.3387850522994995,0.00033068783068783067
ETTh1,RANDOM,92341,raw128,128,40,0.37235464485912395,0.46190147800586795,1.712611150508993,0.7486772486772487,1.3790251016616821,0.0
ETTh1,RANDOM,92341,raw128,128,41,0.330013531733958,0.41474813688368756,1.612763898555564,0.7962962962962963,1.3988360166549683,0.0
ETTh1,RANDOM,92341,raw128,128,42,0.34819805197562725,0.4373190682433403,1.7963771203720065,0.7751322751322751,1.3861470222473145,0.0
ETTh1,RANDOM,92341,raw128,128,43,0.3471520146195383,0.43262139465133154,1.8365789197937206,0.791005291005291,1.3601378202438354,0.0
ETTh1,RANDOM,92341,raw128,128,44,0.3872620493144659,0.48259481934933857,2.0550231356173754,0.746031746031746,1.3464618921279907,0.0
ETTh1,RANDOM,92341,raw128,128,45,0.36914749649833045,0.45901844486008975,1.9391790716982786,0.7804232804232805,1.3340556621551514,0.0
ETTh1,RANDOM,92341,raw128,128,46,0.35426998475148086,0.44183946937980434,1.8371218082509817,0.8015873015873016,1.3428384065628052,0.000992063492063492
ETTh1,RANDOM,92341,raw128,128,47,0.35521795709361687,0.4469979800448354,1.8229598982269486,0.8148148148148148,1.3830065727233887,0.000992063492063492
ETTh1,RANDOM,92341,raw128,128,48,0.3696898896227515,0.4750737999255067,1.8642820139174108,0.7936507936507936,1.4370217323303223,0.0006613756613756613
ETTh1,RANDOM,92341,raw128,128,49,0.37602907395320956,0.4780959491412461,1.9046078257302128,0.7698412698412699,1.470374345779419,0.0
ETTh1,RANDOM,92341,raw128,128,50,0.36505311485354086,0.46960240698952754,1.8670195478492628,0.7698412698412699,1.464934229850769,0.0
ETTh1,RANDOM,92341,raw128,128,51,0.3664161967420775,0.4621279046114291,1.821878673084987,0.7566137566137566,1.4427480697631836,0.0
ETTh1,RANDOM,92341,raw128,128,52,0.3842840133431382,0.48331299080709256,1.8970966812558274,0.7619047619047619,1.4210059642791748,0.0
ETTh1,RANDOM,92341,raw128,128,53,0.3990657290604241,0.5012413171869805,2.029648770533857,0.7407407407407407,1.408705234527588,0.0
ETTh1,RANDOM,92341,raw128,128,54,0.4159249331369972,0.5265075664892355,2.0895502701519972,0.746031746031746,1.4183837175369263,0.0
ETTh1,RANDOM,92341,raw128,128,55,0.4116710859705343,0.5202509874828105,2.0302559442463375,0.7645502645502645,1.443767786026001,0.0
ETTh1,RANDOM,92341,raw128,128,56,0.3821065880929272,0.4918311234893192,1.8578904497796895,0.7645502645502645,1.4717096090316772,0.0
ETTh1,RANDOM,92341,raw128,128,57,0.3654163856527858,0.4624341269808144,1.7716041815876173,0.7777777777777778,1.4796161651611328,0.0
ETTh1,RANDOM,92341,raw128,128,58,0.31631789378106484,0.39290362988771627,1.5847790266076724,0.8359788359788359,1.4677612781524658,0.0
ETTh1,RANDOM,92341,raw128,128,59,0.31492414380041733,0.3771283354155743,1.537206292418497,0.8121693121693122,1.429388403892517,0.0
ETTh1,RANDOM,92341,raw128,128,60,0.31257833222513987,0.37657872530533976,1.4784553527201294,0.8544973544973545,1.4048292636871338,0.0
ETTh1,RANDOM,92341,raw128,128,61,0.3410180573867598,0.4187085671814389,1.689275654614287,0.8121693121693122,1.384066104888916,0.0
ETTh1,RANDOM,92341,raw128,128,62,0.3367354871084249,0.4178833431722932,1.6982872786700094,0.8174603174603174,1.3949103355407715,0.0
ETTh1,RANDOM,92341,raw128,128,63,0.3466084061215229,0.4360845345003192,1.6619268558998272,0.8042328042328042,1.435096025466919,0.0
ETTh1,RANDOM,92341,raw128,128,64,0.3891728188462155,0.4868096225351659,1.7339620867340022,0.7645502645502645,1.4696723222732544,0.0
ETTh1,RANDOM,92341,selected_raw,512,1,0.2120217491381119,0.26654313354615106,0.8997778190625092,0.783068783068783,0.8404943346977234,0.0
ETTh1,RANDOM,92341,selected_raw,512,2,0.23896718939427286,0.30336329120379146,1.1257383685223956,0.8227513227513228,0.9701733589172363,0.0
ETTh1,RANDOM,92341,selected_raw,512,3,0.23162077239079729,0.29157657923797736,1.1112230718332938,0.8386243386243386,1.027491807937622,0.0
ETTh1,RANDOM,92341,selected_raw,512,4,0.259029755886012,0.331145388688616,1.2388126448624663,0.791005291005291,1.041565179824829,0.0
ETTh1,RANDOM,92341,selected_raw,512,5,0.2629013292690426,0.3298090662302137,1.3006398691820404,0.8121693121693122,1.0470240116119385,0.0
ETTh1,RANDOM,92341,selected_raw,512,6,0.28635061195931577,0.35813820712218747,1.3646312787064485,0.798941798941799,1.07598078250885,0.0
ETTh1,RANDOM,92341,selected_raw,512,7,0.2714627727229976,0.34537957818765763,1.3223613499609566,0.8359788359788359,1.1162358522415161,0.0
ETTh1,RANDOM,92341,selected_raw,512,8,0.30352925042140005,0.3810683254056118,1.2974784099669368,0.8068783068783069,1.1461647748947144,0.0
ETTh1,RANDOM,92341,selected_raw,512,9,0.2834709123158157,0.35245345298649594,1.2587689811156855,0.8042328042328042,1.1602052450180054,0.0
ETTh1,RANDOM,92341,selected_raw,512,10,0.27856205839698506,0.34418871025522346,1.2687577215570307,0.8333333333333334,1.1539018154144287,0.0
ETTh1,RANDOM,92341,selected_raw,512,11,0.2775965352329098,0.34053570639543196,1.3222475012655928,0.8095238095238095,1.127859115600586,0.0
ETTh1,RANDOM,92341,selected_raw,512,12,0.2947928948980237,0.3577792724101532,1.441640494164651,0.8227513227513228,1.106382966041565,0.0
ETTh1,RANDOM,92341,selected_raw,512,13,0.2783477601340366,0.3495732773157758,1.3859113541742165,0.8201058201058201,1.0962073802947998,0.0
ETTh1,RANDOM,92341,selected_raw,512,14,0.2844921934879589,0.3551732656584915,1.4121083658799607,0.8042328042328042,1.1201671361923218,0.0
ETTh1,RANDOM,92341,selected_raw,512,15,0.30238519422011273,0.3814348065165374,1.527695991217144,0.8174603174603174,1.1654084920883179,0.0
ETTh1,RANDOM,92341,selected_raw,512,16,0.2874179846671086,0.35867636479018045,1.3526172350954127,0.8306878306878307,1.2000285387039185,0.0
ETTh1,RANDOM,92341,selected_raw,512,17,0.3027292499123835,0.38332876019958156,1.4640550292712986,0.7857142857142857,1.2090657949447632,0.0
ETTh1,RANDOM,92341,selected_raw,512,18,0.303518741700569,0.38428205756418876,1.5894292663763125,0.798941798941799,1.180000901222229,0.0
ETTh1,RANDOM,92341,selected_raw,512,19,0.3151372573975552,0.38832344589488177,1.6689992790066062,0.7751322751322751,1.1426596641540527,0.0
ETTh1,RANDOM,92341,selected_raw,512,20,0.31069263384518253,0.38351117078010855,1.6541468622902082,0.8042328042328042,1.1207659244537354,0.0
ETTh1,RANDOM,92341,selected_raw,512,21,0.3416231221657952,0.42018487176455765,1.7973201229931817,0.7433862433862434,1.0998609066009521,0.0
ETTh1,RANDOM,92341,selected_raw,512,22,0.3196426963429481,0.4029197977252201,1.6799678529105173,0.7698412698412699,1.1089363098144531,0.0
ETTh1,RANDOM,92341,selected_raw,512,23,0.3206271216220176,0.4117890434169084,1.6592244881564977,0.7698412698412699,1.151221513748169,0.0
ETTh1,RANDOM,92341,selected_raw,512,24,0.33614175685972486,0.4305420693301978,1.601672796542367,0.7566137566137566,1.202646255493164,0.0
ETTh1,RANDOM,92341,selected_raw,512,25,0.3054639477706613,0.39553959100579317,1.486798245380953,0.791005291005291,1.2628642320632935,0.0
ETTh1,RANDOM,92341,selected_raw,512,26,0.26734783963160275,0.3408369030217603,1.3299396070380691,0.8544973544973545,1.281444787979126,0.0
ETTh1,RANDOM,92341,selected_raw,512,27,0.26312799627208705,0.32345506963676807,1.264630593044102,0.8227513227513228,1.2758780717849731,0.0
ETTh1,RANDOM,92341,selected_raw,512,28,0.28309955238944506,0.3545492901615765,1.4036365445486452,0.8121693121693122,1.2642841339111328,0.0
ETTh1,RANDOM,92341,selected_raw,512,29,0.29505419046895853,0.3717400873472056,1.463444560687378,0.8201058201058201,1.2556581497192383,0.0
ETTh1,RANDOM,92341,selected_raw,512,30,0.2891727196799305,0.37099061416973345,1.4903697557353153,0.8174603174603174,1.2628333568572998,0.0
ETTh1,RANDOM,92341,selected_raw,512,31,0.28656059396435213,0.36837575873758105,1.424242683188625,0.8253968253968254,1.2898210287094116,0.0
ETTh1,RANDOM,92341,selected_raw,512,32,0.3140112845893392,0.3983763881597921,1.4575051480815524,0.798941798941799,1.3117495775222778,0.0
ETTh1,RANDOM,92341,selected_raw,512,33,0.31241702534903637,0.3979002564083443,1.5680414491071903,0.7883597883597884,1.310674786567688,0.0
ETTh1,RANDOM,92341,selected_raw,512,34,0.3071254892565724,0.3815720491433167,1.522237777749382,0.8174603174603174,1.3001234531402588,0.0
ETTh1,RANDOM,92341,selected_raw,512,35,0.3165511672619619,0.39423952532431683,1.6567408544203592,0.8201058201058201,1.266525149345398,0.0
ETTh1,RANDOM,92341,selected_raw,512,36,0.31253967503538826,0.38615155916568644,1.6765477834811444,0.8121693121693122,1.236270785331726,0.0
ETTh1,RANDOM,92341,selected_raw,512,37,0.3426303851956387,0.4234898167231596,1.811567884111018,0.7698412698412699,1.2165889739990234,0.0006613756613756613
ETTh1,RANDOM,92341,selected_raw,512,38,0.3539582828034096,0.4406299176756945,1.8049656736748243,0.798941798941799,1.2365299463272095,0.0006613756613756613
ETTh1,RANDOM,92341,selected_raw,512,39,0.34977057094468333,0.43589221224463126,1.7369600261054026,0.791005291005291,1.2813359498977661,0.00033068783068783067
ETTh1,RANDOM,92341,selected_raw,512,40,0.3658352187617661,0.4559599575967181,1.6973631267076132,0.753968253968254,1.3239623308181763,0.0
ETTh1,RANDOM,92341,selected_raw,512,41,0.3260470846012125,0.4123008866622576,1.5951715806725795,0.7857142857142857,1.3438327312469482,0.0
ETTh1,RANDOM,92341,selected_raw,512,42,0.3446524903909548,0.4332733331032217,1.7811043676599938,0.7619047619047619,1.327660322189331,0.0
ETTh1,RANDOM,92341,selected_raw,512,43,0.3410369316107094,0.42485072874771074,1.8019847478816118,0.7804232804232805,1.2955090999603271,0.0
ETTh1,RANDOM,92341,selected_raw,512,44,0.3814046877668816,0.47502305431687536,2.0184314457118195,0.7328042328042328,1.2779982089996338,0.0
ETTh1,RANDOM,92341,selected_raw,512,45,0.360937104811962,0.448219983332572,1.889225160673497,0.7698412698412699,1.2651243209838867,0.0
ETTh1,RANDOM,92341,selected_raw,512,46,0.3522131868886802,0.438261612274979,1.8107785992127248,0.7724867724867724,1.2741340398788452,0.00033068783068783067
ETTh1,RANDOM,92341,selected_raw,512,47,0.35424859746489246,0.44785481633552754,1.8238805435873844,0.7936507936507936,1.313090443611145,0.0006613756613756613
ETTh1,RANDOM,92341,selected_raw,512,48,0.36739025783034396,0.4755154547182309,1.8520336066663423,0.7671957671957672,1.3650916814804077,0.00033068783068783067
ETTh1,RANDOM,92341,selected_raw,512,49,0.369543778687846,0.4774572233795377,1.907352872429386,0.7724867724867724,1.411813735961914,0.0
ETTh1,RANDOM,92341,selected_raw,512,50,0.3587603631226763,0.4623735572398592,1.8187840976333491,0.7486772486772487,1.4152272939682007,0.0
ETTh1,RANDOM,92341,selected_raw,512,51,0.3554356037155967,0.4518671161756035,1.7587971697270712,0.746031746031746,1.3996440172195435,0.0
ETTh1,RANDOM,92341,selected_raw,512,52,0.36783105628853313,0.4649931966355374,1.804880903885951,0.7619047619047619,1.3781851530075073,0.0
ETTh1,RANDOM,92341,selected_raw,512,53,0.382690943110205,0.4860045000271051,1.9604424903632471,0.7619047619047619,1.3641284704208374,0.0
ETTh1,RANDOM,92341,selected_raw,512,54,0.4013004835400606,0.5100858652394373,2.0143594811399463,0.7354497354497355,1.3738690614700317,0.0
ETTh1,RANDOM,92341,selected_raw,512,55,0.3968681908189193,0.50502316133965,1.9710025894184593,0.7433862433862434,1.395166277885437,0.0
ETTh1,RANDOM,92341,selected_raw,512,56,0.37241772863128997,0.4822010729381763,1.8045909092934043,0.7592592592592593,1.415795087814331,0.0
ETTh1,RANDOM,92341,selected_raw,512,57,0.3613070482820013,0.45780712676766944,1.7429819187671733,0.7645502645502645,1.4207582473754883,0.0
ETTh1,RANDOM,92341,selected_raw,512,58,0.3141454487410481,0.3923146819368804,1.5664625111277457,0.8148148148148148,1.4080759286880493,0.0
ETTh1,RANDOM,92341,selected_raw,512,59,0.3086676481097318,0.3705661819821896,1.5022125652542822,0.7962962962962963,1.3685431480407715,0.0
ETTh1,RANDOM,92341,selected_raw,512,60,0.30542454609301,0.37025806136897765,1.451246341542592,0.8201058201058201,1.3411991596221924,0.0
ETTh1,RANDOM,92341,selected_raw,512,61,0.3308874418392647,0.40798081406210585,1.6445191875790004,0.791005291005291,1.3216360807418823,0.0
ETTh1,RANDOM,92341,selected_raw,512,62,0.32947588353577273,0.40932688469891887,1.655921070733004,0.798941798941799,1.3367974758148193,0.0
ETTh1,RANDOM,92341,selected_raw,512,63,0.3448332469565205,0.4365928386601287,1.6437181354988188,0.7804232804232805,1.3831722736358643,0.0
ETTh1,RANDOM,92341,selected_raw,512,64,0.3819829148311581,0.4801648887211992,1.7015501735781235,0.7433862433862434,1.4208523035049438,0.0
ETTh1,RANDOM,92341,selected_cal,512,1,0.21202174916859684,0.26654313354615106,0.8997778190625092,0.783068783068783,0.8404943346977234,0.0
ETTh1,RANDOM,92341,selected_cal,512,2,0.23896718937952335,0.30336329120379146,1.1257383685223956,0.8227513227513228,0.9701733589172363,0.0
ETTh1,RANDOM,92341,selected_cal,512,3,0.23162077229816538,0.29157657923797736,1.1112230718332938,0.8386243386243386,1.027491807937622,0.0
ETTh1,RANDOM,92341,selected_cal,512,4,0.2590297558553644,0.331145388688616,1.2388126448624663,0.791005291005291,1.041565179824829,0.0
ETTh1,RANDOM,92341,selected_cal,512,5,0.2629013292745165,0.3298090662302137,1.3006398691820404,0.8121693121693122,1.0470240116119385,0.0
ETTh1,RANDOM,92341,selected_cal,512,6,0.2863506119977134,0.35813820712218747,1.3646312787064485,0.798941798941799,1.07598078250885,0.0
ETTh1,RANDOM,92341,selected_cal,512,7,0.27146277273689384,0.34537957818765763,1.3223613499609566,0.8359788359788359,1.1162358522415161,0.0
ETTh1,RANDOM,92341,selected_cal,512,8,0.30352925032556605,0.3810683254056118,1.2974784099669368,0.8068783068783069,1.1461646556854248,0.0
ETTh1,RANDOM,92341,selected_cal,512,9,0.2834709123301087,0.35245345298649594,1.2587689811156855,0.8042328042328042,1.1602052450180054,0.0
ETTh1,RANDOM,92341,selected_cal,512,10,0.2785620584869166,0.34418871025522346,1.2687577215570307,0.8333333333333334,1.1539018154144287,0.0
ETTh1,RANDOM,92341,selected_cal,512,11,0.27759653515578137,0.34053570639543196,1.3222475012655928,0.8095238095238095,1.127859115600586,0.0
ETTh1,RANDOM,92341,selected_cal,512,12,0.2947928948597479,0.3577792724101532,1.441640494164651,0.8227513227513228,1.106382966041565,0.0
ETTh1,RANDOM,92341,selected_cal,512,13,0.27834776013893203,0.3495732773157758,1.3859113541742165,0.8201058201058201,1.0962073802947998,0.0
ETTh1,RANDOM,92341,selected_cal,512,14,0.28449219356484323,0.3551732656584915,1.4121083658799607,0.8042328042328042,1.1201671361923218,0.0
ETTh1,RANDOM,92341,selected_cal,512,15,0.302385194305595,0.3814348065165374,1.527695991217144,0.8174603174603174,1.1654084920883179,0.0
ETTh1,RANDOM,92341,selected_cal,512,16,0.28741798468126856,0.35867636479018045,1.3526172350954127,0.8306878306878307,1.2000285387039185,0.0
ETTh1,RANDOM,92341,selected_cal,512,17,0.3027292500289156,0.38332876019958156,1.4640550292712986,0.7857142857142857,1.2090657949447632,0.0
ETTh1,RANDOM,92341,selected_cal,512,18,0.3035187418056048,0.38428205756418876,1.5894292663763125,0.798941798941799,1.180000901222229,0.0
ETTh1,RANDOM,92341,selected_cal,512,19,0.3151372573616138,0.38832344589488177,1.6689992790066062,0.7751322751322751,1.1426596641540527,0.0
ETTh1,RANDOM,92341,selected_cal,512,20,0.3106926337359164,0.38351117078010855,1.6541468622902082,0.8042328042328042,1.1207659244537354,0.0
ETTh1,RANDOM,92341,selected_cal,512,21,0.3416231222291646,0.42018487176455765,1.7973201229931817,0.7433862433862434,1.0998609066009521,0.0
ETTh1,RANDOM,92341,selected_cal,512,22,0.3196426963686337,0.4029197977252201,1.6799678529105173,0.7698412698412699,1.1089363098144531,0.0
ETTh1,RANDOM,92341,selected_cal,512,23,0.3206271216129799,0.4117890434169084,1.6592244881564977,0.7698412698412699,1.151221513748169,0.0
ETTh1,RANDOM,92341,selected_cal,512,24,0.3361417567759376,0.4305420693301978,1.601672796542367,0.7566137566137566,1.202646255493164,0.0
ETTh1,RANDOM,92341,selected_cal,512,25,0.30546394773470875,0.39553959100579317,1.486798245380953,0.791005291005291,1.2628642320632935,0.0
ETTh1,RANDOM,92341,selected_cal,512,26,0.267347839766928,0.3408369030217603,1.3299396070380691,0.8544973544973545,1.281444787979126,0.0
ETTh1,RANDOM,92341,selected_cal,512,27,0.26312799624750294,0.32345506963676807,1.264630593044102,0.8227513227513228,1.2758780717849731,0.0
ETTh1,RANDOM,92341,selected_cal,512,28,0.28309955225245426,0.3545492901615765,1.4036365445486452,0.8121693121693122,1.2642841339111328,0.0
ETTh1,RANDOM,92341,selected_cal,512,29,0.29505419053951837,0.3717400873472056,1.463444560687378,0.8201058201058201,1.2556581497192383,0.0
ETTh1,RANDOM,92341,selected_cal,512,30,0.2891727196297374,0.37099061416973345,1.4903697557353153,0.8174603174603174,1.2628333568572998,0.0
ETTh1,RANDOM,92341,selected_cal,512,31,0.2865605939361764,0.36837575873758105,1.424242683188625,0.8253968253968254,1.2898210287094116,0.0
ETTh1,RANDOM,92341,selected_cal,512,32,0.3140112846461939,0.3983763881597921,1.4575051480815524,0.798941798941799,1.3117495775222778,0.0
ETTh1,RANDOM,92341,selected_cal,512,33,0.31241702536411475,0.3979002564083443,1.5680414491071903,0.7883597883597884,1.310674786567688,0.0
ETTh1,RANDOM,92341,selected_cal,512,34,0.30712548926603944,0.3815720491433167,1.522237777749382,0.8174603174603174,1.3001234531402588,0.0
ETTh1,RANDOM,92341,selected_cal,512,35,0.3165511673082492,0.39423952532431683,1.6567408544203592,0.8201058201058201,1.266525149345398,0.0
ETTh1,RANDOM,92341,selected_cal,512,36,0.3125396749844232,0.38615155916568644,1.6765477834811444,0.8121693121693122,1.236270785331726,0.0
ETTh1,RANDOM,92341,selected_cal,512,37,0.3426303852336151,0.4234898167231596,1.811567884111018,0.7698412698412699,1.2165889739990234,0.0006613756613756613
ETTh1,RANDOM,92341,selected_cal,512,38,0.35395828285324177,0.4406299176756945,1.8049656736748243,0.798941798941799,1.2365299463272095,0.0006613756613756613
ETTh1,RANDOM,92341,selected_cal,512,39,0.34977057096588765,0.43589221224463126,1.7369600261054026,0.791005291005291,1.2813359498977661,0.00033068783068783067
ETTh1,RANDOM,92341,selected_cal,512,40,0.365835218907778,0.4559599575967181,1.6973631267076132,0.753968253968254,1.3239623308181763,0.0
ETTh1,RANDOM,92341,selected_cal,512,41,0.32604708458955306,0.4123008866622576,1.5951715806725795,0.7857142857142857,1.3438327312469482,0.0
ETTh1,RANDOM,92341,selected_cal,512,42,0.3446524904135193,0.4332733331032217,1.7811043676599938,0.7619047619047619,1.327660322189331,0.0
ETTh1,RANDOM,92341,selected_cal,512,43,0.3410369315041402,0.42485072874771074,1.8019847478816118,0.7804232804232805,1.2955092191696167,0.0
ETTh1,RANDOM,92341,selected_cal,512,44,0.3814046878258196,0.47502305431687536,2.0184314457118195,0.7328042328042328,1.2779982089996338,0.0
ETTh1,RANDOM,92341,selected_cal,512,45,0.36093710480469604,0.448219983332572,1.889225160673497,0.7698412698412699,1.2651243209838867,0.0
ETTh1,RANDOM,92341,selected_cal,512,46,0.3522131868354043,0.438261612274979,1.8107785992127248,0.7724867724867724,1.2741340398788452,0.00033068783068783067
ETTh1,RANDOM,92341,selected_cal,512,47,0.35424859740525155,0.44785481633552754,1.8238805435873844,0.7936507936507936,1.313090443611145,0.0006613756613756613
ETTh1,RANDOM,92341,selected_cal,512,48,0.3673902578377966,0.4755154547182309,1.8520336066663423,0.7671957671957672,1.3650916814804077,0.00033068783068783067
ETTh1,RANDOM,92341,selected_cal,512,49,0.36954377864428783,0.4774572233795377,1.907352872429386,0.7724867724867724,1.411813735961914,0.0
ETTh1,RANDOM,92341,selected_cal,512,50,0.3587603632318299,0.4623735572398592,1.8187840976333491,0.7486772486772487,1.4152272939682007,0.0
ETTh1,RANDOM,92341,selected_cal,512,51,0.3554356036581997,0.4518671161756035,1.7587971697270712,0.746031746031746,1.3996440172195435,0.0
ETTh1,RANDOM,92341,selected_cal,512,52,0.3678310562915469,0.4649931966355374,1.804880903885951,0.7619047619047619,1.3781851530075073,0.0
ETTh1,RANDOM,92341,selected_cal,512,53,0.38269094292516753,0.4860045000271051,1.9604424903632471,0.7619047619047619,1.3641284704208374,0.0
ETTh1,RANDOM,92341,selected_cal,512,54,0.4013004838358506,0.5100858652394373,2.0143594811399463,0.7354497354497355,1.3738690614700317,0.0
ETTh1,RANDOM,92341,selected_cal,512,55,0.396868190908768,0.50502316133965,1.9710025894184593,0.7433862433862434,1.395166277885437,0.0
ETTh1,RANDOM,92341,selected_cal,512,56,0.3724177286405,0.4822010729381763,1.8045909092934043,0.7592592592592593,1.415795087814331,0.0
ETTh1,RANDOM,92341,selected_cal,512,57,0.36130704824173226,0.45780712676766944,1.7429819187671733,0.7645502645502645,1.4207582473754883,0.0
ETTh1,RANDOM,92341,selected_cal,512,58,0.314145448708791,0.3923146819368804,1.5664625111277457,0.8148148148148148,1.4080759286880493,0.0
ETTh1,RANDOM,92341,selected_cal,512,59,0.30866764815562275,0.3705661819821896,1.5022125652542822,0.7962962962962963,1.3685431480407715,0.0
ETTh1,RANDOM,92341,selected_cal,512,60,0.3054245459340345,0.37025806136897765,1.451246341542592,0.8201058201058201,1.3411991596221924,0.0
ETTh1,RANDOM,92341,selected_cal,512,61,0.3308874418887381,0.40798081406210585,1.6445191875790004,0.791005291005291,1.3216360807418823,0.0
ETTh1,RANDOM,92341,selected_cal,512,62,0.3294758837375658,0.40932688469891887,1.655921070733004,0.798941798941799,1.3367974758148193,0.0
ETTh1,RANDOM,92341,selected_cal,512,63,0.3448332468716523,0.4365928386601287,1.6437181354988188,0.7804232804232805,1.3831722736358643,0.0
ETTh1,RANDOM,92341,selected_cal,512,64,0.3819829148269712,0.4801648887211992,1.7015501735781235,0.7433862433862434,1.4208523035049438,0.0
ETTh1,RANDOM,92342,raw128,128,1,0.21102216637856233,0.26634531165980724,0.8949630798762123,0.7857142857142857,0.8076452612876892,0.0
ETTh1,RANDOM,92342,raw128,128,2,0.2438839943430007,0.31074769585594014,1.1411039526943887,0.7962962962962963,0.9304513931274414,0.0
ETTh1,RANDOM,92342,raw128,128,3,0.2328775511215379,0.29430310784532526,1.1104499794463947,0.8306878306878307,0.981880784034729,0.0
ETTh1,RANDOM,92342,raw128,128,4,0.2639475282569408,0.33820482799803026,1.2662106714354306,0.7804232804232805,1.0009078979492188,0.0
ETTh1,RANDOM,92342,raw128,128,5,0.26612151094303477,0.3347161490784197,1.3225018761105953,0.8015873015873016,1.0132302045822144,0.0
ETTh1,RANDOM,92342,raw128,128,6,0.285159323598249,0.35338210234410794,1.3328699599458742,0.783068783068783,1.0469707250595093,0.0
ETTh1,RANDOM,92342,raw128,128,7,0.28071904557960364,0.35482911386325083,1.361773855609711,0.8174603174603174,1.0927393436431885,0.0
ETTh1,RANDOM,92342,raw128,128,8,0.3076144201080642,0.3852946515197007,1.3219364826128912,0.8042328042328042,1.131868600845337,0.0
ETTh1,RANDOM,92342,raw128,128,9,0.28475452623689684,0.35396645719306885,1.2638886592020748,0.7936507936507936,1.1540486812591553,0.0
ETTh1,RANDOM,92342,raw128,128,10,0.2781541909073144,0.3450203381524611,1.2793978919624966,0.8412698412698413,1.152028203010559,0.0
ETTh1,RANDOM,92342,raw128,128,11,0.2791446942559795,0.34295213199754204,1.3353367209946982,0.8095238095238095,1.1290152072906494,0.0
ETTh1,RANDOM,92342,raw128,128,12,0.2984208434279354,0.36554785275675344,1.4828490741629765,0.8174603174603174,1.114847183227539,0.0
ETTh1,RANDOM,92342,raw128,128,13,0.2832763838820237,0.359143251959291,1.4377593556961055,0.8386243386243386,1.1036818027496338,0.0
ETTh1,RANDOM,92342,raw128,128,14,0.2887652326482537,0.35795799277472623,1.438364118593868,0.8068783068783069,1.122423529624939,0.0
ETTh1,RANDOM,92342,raw128,128,15,0.3063950865736322,0.3825392508555262,1.5409828688969056,0.7936507936507936,1.164795994758606,0.0
ETTh1,RANDOM,92342,raw128,128,16,0.2887128458932063,0.359054477145334,1.348394389702845,0.8174603174603174,1.1974551677703857,0.0
ETTh1,RANDOM,92342,raw128,128,17,0.3037696589169333,0.3827078386229605,1.4570071063147336,0.7724867724867724,1.208689570426941,0.0
ETTh1,RANDOM,92342,raw128,128,18,0.3009147417451075,0.38132933434354543,1.586516112089157,0.8042328042328042,1.18702232837677,0.0
ETTh1,RANDOM,92342,raw128,128,19,0.3154982841539591,0.3860960843865234,1.6776893249067364,0.7724867724867724,1.159401535987854,0.0
ETTh1,RANDOM,92342,raw128,128,20,0.3112226124644152,0.383838415623139,1.6649359709055966,0.8068783068783069,1.1427603960037231,0.00033068783068783067
ETTh1,RANDOM,92342,raw128,128,21,0.3455031625200535,0.4243759832184907,1.8158781206008618,0.7592592592592593,1.1240142583847046,0.0
ETTh1,RANDOM,92342,raw128,128,22,0.3242770939868052,0.40754624264336214,1.7042868165939888,0.7777777777777778,1.138669490814209,0.0
ETTh1,RANDOM,92342,raw128,128,23,0.3235870053662708,0.41209010607922864,1.6620804132529037,0.783068783068783,1.1840665340423584,0.00033068783068783067
ETTh1,RANDOM,92342,raw128,128,24,0.34272283139620985,0.43870977431693536,1.617740821546663,0.7671957671957672,1.238898754119873,0.0
ETTh1,RANDOM,92342,raw128,128,25,0.3085471296179926,0.39848596980450457,1.509725638285831,0.7936507936507936,1.2923049926757812,0.0
ETTh1,RANDOM,92342,raw128,128,26,0.2700365928678974,0.34279909106669615,1.348375634718982,0.8492063492063492,1.310317873954773,0.0
ETTh1,RANDOM,92342,raw128,128,27,0.2644005393939841,0.32291983325699875,1.2650739213934652,0.8306878306878307,1.2980320453643799,0.0
ETTh1,RANDOM,92342,raw128,128,28,0.2895186748749937,0.3628070261199178,1.458664222507092,0.8253968253968254,1.283248782157898,0.0
ETTh1,RANDOM,92342,raw128,128,29,0.2962661682901937,0.36851810109703115,1.440308941340951,0.8412698412698413,1.2739866971969604,0.0
ETTh1,RANDOM,92342,raw128,128,30,0.28877697900291294,0.3662797557241841,1.468702861694274,0.8465608465608465,1.2846733331680298,0.0
ETTh1,RANDOM,92342,raw128,128,31,0.28886760314754395,0.3707344151568438,1.4205400393043877,0.828042328042328,1.3186036348342896,0.0
ETTh1,RANDOM,92342,raw128,128,32,0.3143962247513447,0.3973451775689071,1.4524757356318847,0.8121693121693122,1.3520073890686035,0.0
ETTh1,RANDOM,92342,raw128,128,33,0.31400921405095955,0.3961426450593104,1.5542308602620054,0.791005291005291,1.3556164503097534,0.0
ETTh1,RANDOM,92342,raw128,128,34,0.31076014134023805,0.3825501583683112,1.5226192706949497,0.8201058201058201,1.3426518440246582,0.0
ETTh1,RANDOM,92342,raw128,128,35,0.3224783496646028,0.3988315554066873,1.6935591460180976,0.8359788359788359,1.3096222877502441,0.0
ETTh1,RANDOM,92342,raw128,128,36,0.3202613345327433,0.39257286631022414,1.7202757396316402,0.8253968253968254,1.2835294008255005,0.0
ETTh1,RANDOM,92342,raw128,128,37,0.3503755320800144,0.4315685928278046,1.8562553268931214,0.798941798941799,1.2643098831176758,0.0
ETTh1,RANDOM,92342,raw128,128,38,0.3589996430734435,0.4424550795590263,1.838262665494488,0.8015873015873016,1.2776203155517578,0.0
ETTh1,RANDOM,92342,raw128,128,39,0.35544496926495767,0.4406921219857616,1.755185536379931,0.7857142857142857,1.317789912223816,0.0006613756613756613
ETTh1,RANDOM,92342,raw128,128,40,0.37119812942551417,0.4600503096441542,1.700901530958988,0.753968253968254,1.3591318130493164,0.0
ETTh1,RANDOM,92342,raw128,128,41,0.32902056125565626,0.4142230531796508,1.610742792841934,0.7962962962962963,1.3792624473571777,0.0
ETTh1,RANDOM,92342,raw128,128,42,0.34743573879051165,0.43612120086018774,1.7898733250639112,0.7671957671957672,1.3654416799545288,0.0
ETTh1,RANDOM,92342,raw128,128,43,0.34699438632339263,0.43266496061298365,1.8356788713859502,0.7857142857142857,1.3384290933609009,0.0
ETTh1,RANDOM,92342,raw128,128,44,0.3871927607905779,0.4829714811788909,2.055490634773695,0.7354497354497355,1.3231000900268555,0.0
ETTh1,RANDOM,92342,raw128,128,45,0.36927531935933383,0.459085856162793,1.9384194511289476,0.7751322751322751,1.3094961643218994,0.0
ETTh1,RANDOM,92342,raw128,128,46,0.35411743336007934,0.4423331277046673,1.8394411466818639,0.7962962962962963,1.3180367946624756,0.000992063492063492
ETTh1,RANDOM,92342,raw128,128,47,0.35533983979345524,0.44642115396605275,1.820719415686591,0.8121693121693122,1.3585377931594849,0.000992063492063492
ETTh1,RANDOM,92342,raw128,128,48,0.37020861970150065,0.47608939190389105,1.8647367067871585,0.7883597883597884,1.4134787321090698,0.00033068783068783067
ETTh1,RANDOM,92342,raw128,128,49,0.37662399543685404,0.47897068482863703,1.9078167963910986,0.7645502645502645,1.4467928409576416,0.0
ETTh1,RANDOM,92342,raw128,128,50,0.36562519641330904,0.47007783402134906,1.8697319708409763,0.7645502645502645,1.4403862953186035,0.0
ETTh1,RANDOM,92342,raw128,128,51,0.3669576711484228,0.46307327604577275,1.8241141352743384,0.7433862433862434,1.4175454378128052,0.0
ETTh1,RANDOM,92342,raw128,128,52,0.3854105397154951,0.4845009271162153,1.8992860499946844,0.7486772486772487,1.394482135772705,0.0
ETTh1,RANDOM,92342,raw128,128,53,0.3999997517109412,0.5020474008561581,2.030214527572589,0.7328042328042328,1.3803106546401978,0.0
ETTh1,RANDOM,92342,raw128,128,54,0.41732079865620814,0.5272487705931893,2.0917447865915992,0.7354497354497355,1.388844609260559,0.0
ETTh1,RANDOM,92342,raw128,128,55,0.41279623321194076,0.5213495929149158,2.0333819480011703,0.7433862433862434,1.4151207208633423,0.0
ETTh1,RANDOM,92342,raw128,128,56,0.3826855479205461,0.4913316028809295,1.8570097593009156,0.7513227513227513,1.4443200826644897,0.0
ETTh1,RANDOM,92342,raw128,128,57,0.36578157738044864,0.46291958889997403,1.7711542083650196,0.7724867724867724,1.4529597759246826,0.0
ETTh1,RANDOM,92342,raw128,128,58,0.31652941137620894,0.39299305476377366,1.5826790315646029,0.8253968253968254,1.4406577348709106,0.0
ETTh1,RANDOM,92342,raw128,128,59,0.3153507483056596,0.379572449549931,1.547735696431821,0.8068783068783069,1.4030483961105347,0.0
ETTh1,RANDOM,92342,raw128,128,60,0.3137908861848327,0.37851874020447945,1.4853709694687967,0.8492063492063492,1.3795080184936523,0.0
ETTh1,RANDOM,92342,raw128,128,61,0.3414431941240289,0.4198207494247274,1.6920666409429734,0.8095238095238095,1.358681321144104,0.0
ETTh1,RANDOM,92342,raw128,128,62,0.33572138564664156,0.41639531847583366,1.6864235884258671,0.8174603174603174,1.3690472841262817,0.0
ETTh1,RANDOM,92342,raw128,128,63,0.3463887810276336,0.43507634277740115,1.6527520603840313,0.7962962962962963,1.4102482795715332,0.0
ETTh1,RANDOM,92342,raw128,128,64,0.3895961038397705,0.4874008037948926,1.7306637198679031,0.7645502645502645,1.4462157487869263,0.0
ETTh1,RANDOM,92342,selected_raw,512,1,0.21239869330033836,0.2689548388296775,0.9121081186310639,0.7698412698412699,0.8119395971298218,0.0
ETTh1,RANDOM,92342,selected_raw,512,2,0.24109402967389182,0.30654333204046663,1.1365105491230096,0.8068783068783069,0.9506992697715759,0.0
ETTh1,RANDOM,92342,selected_raw,512,3,0.23292959416370185,0.2946724608565018,1.1216784093785224,0.828042328042328,1.019533634185791,0.0
ETTh1,RANDOM,92342,selected_raw,512,4,0.2659317619785167,0.3435585392323456,1.3108884905657125,0.7804232804232805,1.0410469770431519,0.0
ETTh1,RANDOM,92342,selected_raw,512,5,0.27358237567031085,0.3431703940611565,1.3715190254940242,0.798941798941799,1.0553582906723022,0.0
ETTh1,RANDOM,92342,selected_raw,512,6,0.29198558563124083,0.3633608820732077,1.3930005379730748,0.7777777777777778,1.089370608329773,0.0
ETTh1,RANDOM,92342,selected_raw,512,7,0.2821329928025666,0.3577793237797724,1.3910620623913708,0.8253968253968254,1.129475474357605,0.0
ETTh1,RANDOM,92342,selected_raw,512,8,0.3113000727033068,0.3919337411705916,1.3616474848536273,0.8068783068783069,1.1565887928009033,0.0
ETTh1,RANDOM,92342,selected_raw,512,9,0.28640216376971844,0.3566102736753116,1.2888519441285147,0.8068783068783069,1.1751307249069214,0.0
ETTh1,RANDOM,92342,selected_raw,512,10,0.27799253545320823,0.3478626874837896,1.293092094578598,0.8306878306878307,1.172200083732605,0.0
ETTh1,RANDOM,92342,selected_raw,512,11,0.2769538520931098,0.34311778016040945,1.3384906760954036,0.8121693121693122,1.1505838632583618,0.0
ETTh1,RANDOM,92342,selected_raw,512,12,0.2931265349776223,0.36001800392944555,1.452383036257098,0.8148148148148148,1.131716251373291,0.0
ETTh1,RANDOM,92342,selected_raw,512,13,0.27894719817484903,0.3553651443032989,1.4168376794291868,0.8227513227513228,1.124518632888794,0.0
ETTh1,RANDOM,92342,selected_raw,512,14,0.28579825371611983,0.3586056640125096,1.42445280002775,0.8042328042328042,1.1486133337020874,0.0
ETTh1,RANDOM,92342,selected_raw,512,15,0.302615037029141,0.3821372400760072,1.523588019743483,0.8042328042328042,1.1893680095672607,0.0
ETTh1,RANDOM,92342,selected_raw,512,16,0.2881644289738037,0.3606979046692177,1.3605844250747137,0.8227513227513228,1.2140421867370605,0.0
ETTh1,RANDOM,92342,selected_raw,512,17,0.3023138077752782,0.3829021979516922,1.4557199994762424,0.7751322751322751,1.222569227218628,0.0
ETTh1,RANDOM,92342,selected_raw,512,18,0.30245850848887224,0.3833526121401275,1.583899415871769,0.798941798941799,1.1947662830352783,0.0
ETTh1,RANDOM,92342,selected_raw,512,19,0.3129788547279643,0.38745190412807684,1.6610382999337854,0.783068783068783,1.1603327989578247,0.0
ETTh1,RANDOM,92342,selected_raw,512,20,0.30809145753837874,0.3823730021961017,1.64221101782467,0.8042328042328042,1.139868140220642,0.0
ETTh1,RANDOM,92342,selected_raw,512,21,0.33681368903019093,0.41712320515940404,1.7783826207200055,0.753968253968254,1.1228917837142944,0.0
ETTh1,RANDOM,92342,selected_raw,512,22,0.3178447584564102,0.4027519299334214,1.6742426881753893,0.7777777777777778,1.1379777193069458,0.0
ETTh1,RANDOM,92342,selected_raw,512,23,0.31859463943895955,0.4098809079208756,1.6404174346299398,0.783068783068783,1.1816920042037964,0.0
ETTh1,RANDOM,92342,selected_raw,512,24,0.33704759871214784,0.43082679437827304,1.6019942508961158,0.7592592592592593,1.2292646169662476,0.0
ETTh1,RANDOM,92342,selected_raw,512,25,0.3073877245450408,0.39786068233104904,1.5017984817937884,0.798941798941799,1.2911505699157715,0.0
ETTh1,RANDOM,92342,selected_raw,512,26,0.27297663396949234,0.34993600386902185,1.3775614749581095,0.8571428571428571,1.3146389722824097,0.0
ETTh1,RANDOM,92342,selected_raw,512,27,0.27250386185065745,0.3343148729297919,1.3150896128296616,0.8201058201058201,1.3148914575576782,0.0
ETTh1,RANDOM,92342,selected_raw,512,28,0.29193087660674744,0.3676717122067526,1.4725616525996614,0.8174603174603174,1.3056095838546753,0.0
ETTh1,RANDOM,92342,selected_raw,512,29,0.30399998945900664,0.3789253185970778,1.49194980649248,0.8201058201058201,1.3022593259811401,0.0
ETTh1,RANDOM,92342,selected_raw,512,30,0.29461008571516356,0.3772275601154633,1.527130053156898,0.8306878306878307,1.3134018182754517,0.0
ETTh1,RANDOM,92342,selected_raw,512,31,0.2892148193756494,0.36746783925376375,1.4154161305102722,0.8253968253968254,1.337395429611206,0.0
ETTh1,RANDOM,92342,selected_raw,512,32,0.31837612018790507,0.40279171579700956,1.4738873290637182,0.798941798941799,1.3553283214569092,0.0
ETTh1,RANDOM,92342,selected_raw,512,33,0.3134092431103176,0.39946376670747735,1.5783847495125085,0.8121693121693122,1.358405351638794,0.0
ETTh1,RANDOM,92342,selected_raw,512,34,0.30616355225203534,0.3808675326267216,1.5212064369251488,0.8253968253968254,1.3521568775177002,0.0
ETTh1,RANDOM,92342,selected_raw,512,35,0.31364219772095614,0.39241058712796784,1.6429440625918605,0.8253968253968254,1.3209773302078247,0.0
ETTh1,RANDOM,92342,selected_raw,512,36,0.3111284216819473,0.3867300273553452,1.676549404347069,0.8201058201058201,1.2911012172698975,0.0
ETTh1,RANDOM,92342,selected_raw,512,37,0.3403358303467083,0.4250240551146211,1.8170173919744907,0.7751322751322751,1.2748537063598633,0.0
ETTh1,RANDOM,92342,selected_raw,512,38,0.3510501599310703,0.44113448376822556,1.8049953191753023,0.8015873015873016,1.2975845336914062,0.00033068783068783067
ETTh1,RANDOM,92342,selected_raw,512,39,0.3474615761670225,0.4342900198922931,1.7271511431231543,0.7857142857142857,1.339443325996399,0.0006613756613756613
ETTh1,RANDOM,92342,selected_raw,512,40,0.3665063987031828,0.458315801910124,1.714153331916326,0.753968253968254,1.3773044347763062,0.00033068783068783067
ETTh1,RANDOM,92342,selected_raw,512,41,0.32386621159890033,0.407444028048876,1.5754625929332284,0.798941798941799,1.3982172012329102,0.0
ETTh1,RANDOM,92342,selected_raw,512,42,0.3417915417844442,0.4294934826883237,1.7701221707833823,0.7671957671957672,1.3823453187942505,0.0
ETTh1,RANDOM,92342,selected_raw,512,43,0.3391928983318174,0.4234021883930647,1.7973451360508248,0.791005291005291,1.3516947031021118,0.0
ETTh1,RANDOM,92342,selected_raw,512,44,0.3810404224646734,0.47531034482206147,2.019300488094804,0.7513227513227513,1.3351739645004272,0.0
ETTh1,RANDOM,92342,selected_raw,512,45,0.3597386539701249,0.44659105253130865,1.879960113574588,0.7804232804232805,1.3257477283477783,0.0
ETTh1,RANDOM,92342,selected_raw,512,46,0.35146007726083855,0.4371499836534709,1.8053003797534282,0.7751322751322751,1.3372489213943481,0.0
ETTh1,RANDOM,92342,selected_raw,512,47,0.3522899526216582,0.4457024186492554,1.813310215634013,0.8068783068783069,1.3735510110855103,0.0
ETTh1,RANDOM,92342,selected_raw,512,48,0.3669828628224971,0.47556280414238744,1.8555215171750181,0.783068783068783,1.419085144996643,0.0
ETTh1,RANDOM,92342,selected_raw,512,49,0.3669095051048137,0.4746322142096569,1.8955003442193465,0.7751322751322751,1.4622082710266113,0.0
ETTh1,RANDOM,92342,selected_raw,512,50,0.360746407856721,0.4692801679611487,1.8532654027301798,0.7566137566137566,1.4686096906661987,0.0
ETTh1,RANDOM,92342,selected_raw,512,51,0.35982333819924284,0.4607420952725107,1.8132603626363177,0.7566137566137566,1.4575408697128296,0.0
ETTh1,RANDOM,92342,selected_raw,512,52,0.36936696491059806,0.46976583402112065,1.8437872095989487,0.7751322751322751,1.4365540742874146,0.0
ETTh1,RANDOM,92342,selected_raw,512,53,0.386583899139993,0.4904663153282729,1.989420226760327,0.7566137566137566,1.4263211488723755,0.0
ETTh1,RANDOM,92342,selected_raw,512,54,0.40575562540588633,0.5173830101760439,2.0621693106121803,0.7433862433862434,1.4376674890518188,0.0
ETTh1,RANDOM,92342,selected_raw,512,55,0.400205179520328,0.5102720545449458,2.003385519815816,0.7671957671957672,1.4543088674545288,0.0
ETTh1,RANDOM,92342,selected_raw,512,56,0.37690793930272004,0.4903243551083498,1.8529280452895416,0.7486772486772487,1.4687644243240356,0.0
ETTh1,RANDOM,92342,selected_raw,512,57,0.3635504211674738,0.4616000500978384,1.7729123959110842,0.7698412698412699,1.4763716459274292,0.0
ETTh1,RANDOM,92342,selected_raw,512,58,0.31520240510493513,0.3928762471638647,1.578222241922819,0.8253968253968254,1.4666976928710938,0.0
ETTh1,RANDOM,92342,selected_raw,512,59,0.31051466821811924,0.3735555184145093,1.5232930747230375,0.8042328042328042,1.4307018518447876,0.0
ETTh1,RANDOM,92342,selected_raw,512,60,0.306086688711885,0.3711242145548719,1.4581006712442826,0.8306878306878307,1.4052871465682983,0.0
ETTh1,RANDOM,92342,selected_raw,512,61,0.33540255689601717,0.4157643709317226,1.6902573432221457,0.8042328042328042,1.388338327407837,0.0
ETTh1,RANDOM,92342,selected_raw,512,62,0.33283690355246115,0.41630141864850445,1.6976450588849803,0.8174603174603174,1.4027563333511353,0.0
ETTh1,RANDOM,92342,selected_raw,512,63,0.348187185553562,0.44339284695625714,1.681208701459346,0.791005291005291,1.443052053451538,0.0
ETTh1,RANDOM,92342,selected_raw,512,64,0.3854238802271296,0.4847562644765519,1.727321703302324,0.7619047619047619,1.4679620265960693,0.0
ETTh1,RANDOM,92342,selected_cal,512,1,0.21239869328596866,0.2689548388296775,0.9121081186310639,0.7698412698412699,0.8119395971298218,0.0
ETTh1,RANDOM,92342,selected_cal,512,2,0.24109402980491212,0.30654333204046663,1.1365105491230096,0.8068783068783069,0.9506992697715759,0.0
ETTh1,RANDOM,92342,selected_cal,512,3,0.23292959406683528,0.2946724608565018,1.1216784093785224,0.828042328042328,1.019533634185791,0.0
ETTh1,RANDOM,92342,selected_cal,512,4,0.26593176208938946,0.3435585392323456,1.3108884905657125,0.7804232804232805,1.0410469770431519,0.0
ETTh1,RANDOM,92342,selected_cal,512,5,0.27358237563047544,0.3431703940611565,1.3715190254940242,0.798941798941799,1.0553582906723022,0.0
ETTh1,RANDOM,92342,selected_cal,512,6,0.29198558553762893,0.3633608820732077,1.3930005379730748,0.7777777777777778,1.089370608329773,0.0
ETTh1,RANDOM,92342,selected_cal,512,7,0.2821329928857121,0.3577793237797724,1.3910620623913708,0.8253968253968254,1.129475474357605,0.0
ETTh1,RANDOM,92342,selected_cal,512,8,0.31130007272848764,0.3919337411705916,1.3616474848536273,0.8068783068783069,1.1565887928009033,0.0
ETTh1,RANDOM,92342,selected_cal,512,9,0.28640216378512484,0.3566102736753116,1.2888519441285147,0.8068783068783069,1.1751307249069214,0.0
ETTh1,RANDOM,92342,selected_cal,512,10,0.2779925354207112,0.3478626874837896,1.293092094578598,0.8306878306878307,1.172200083732605,0.0
ETTh1,RANDOM,92342,selected_cal,512,11,0.2769538521306566,0.34311778016040945,1.3384906760954036,0.8121693121693122,1.1505838632583618,0.0
ETTh1,RANDOM,92342,selected_cal,512,12,0.29312653492447965,0.36001800392944555,1.452383036257098,0.8148148148148148,1.131716251373291,0.0
ETTh1,RANDOM,92342,selected_cal,512,13,0.27894719816354696,0.3553651443032989,1.4168376794291868,0.8227513227513228,1.124518632888794,0.0
ETTh1,RANDOM,92342,selected_cal,512,14,0.28579825376148577,0.3586056640125096,1.42445280002775,0.8042328042328042,1.1486133337020874,0.0
ETTh1,RANDOM,92342,selected_cal,512,15,0.3026150369883386,0.3821372400760072,1.523588019743483,0.8042328042328042,1.1893680095672607,0.0
ETTh1,RANDOM,92342,selected_cal,512,16,0.2881644289893717,0.3606979046692177,1.3605844250747137,0.8227513227513228,1.2140421867370605,0.0
ETTh1,RANDOM,92342,selected_cal,512,17,0.30231380757783355,0.3829021979516922,1.4557199994762424,0.7751322751322751,1.2225693464279175,0.0
ETTh1,RANDOM,92342,selected_cal,512,18,0.30245850858063855,0.3833526121401275,1.583899415871769,0.798941798941799,1.1947662830352783,0.0
ETTh1,RANDOM,92342,selected_cal,512,19,0.3129788547271523,0.38745190412807684,1.6610382999337854,0.783068783068783,1.1603327989578247,0.0
ETTh1,RANDOM,92342,selected_cal,512,20,0.30809145759042095,0.3823730021961017,1.64221101782467,0.8042328042328042,1.139868140220642,0.0
ETTh1,RANDOM,92342,selected_cal,512,21,0.33681368908873216,0.41712320515940404,1.7783826207200055,0.753968253968254,1.1228917837142944,0.0
ETTh1,RANDOM,92342,selected_cal,512,22,0.3178447585244807,0.4027519299334214,1.6742426881753893,0.7777777777777778,1.1379777193069458,0.0
ETTh1,RANDOM,92342,selected_cal,512,23,0.31859463953893497,0.4098809079208756,1.6404174346299398,0.783068783068783,1.1816920042037964,0.0
ETTh1,RANDOM,92342,selected_cal,512,24,0.33704759871233186,0.43082679437827304,1.6019942508961158,0.7592592592592593,1.2292646169662476,0.0
ETTh1,RANDOM,92342,selected_cal,512,25,0.30738772461286296,0.39786068233104904,1.5017984817937884,0.798941798941799,1.2911505699157715,0.0
ETTh1,RANDOM,92342,selected_cal,512,26,0.2729766338341544,0.34993600386902185,1.3775614749581095,0.8571428571428571,1.3146389722824097,0.0
ETTh1,RANDOM,92342,selected_cal,512,27,0.2725038619485695,0.3343148729297919,1.3150896128296616,0.8201058201058201,1.3148914575576782,0.0
ETTh1,RANDOM,92342,selected_cal,512,28,0.29193087648798066,0.3676717122067526,1.4725616525996614,0.8174603174603174,1.3056095838546753,0.0
ETTh1,RANDOM,92342,selected_cal,512,29,0.303999989437765,0.3789253185970778,1.49194980649248,0.8201058201058201,1.3022593259811401,0.0
ETTh1,RANDOM,92342,selected_cal,512,30,0.2946100857406112,0.3772275601154633,1.527130053156898,0.8306878306878307,1.3134018182754517,0.0
ETTh1,RANDOM,92342,selected_cal,512,31,0.28921481924282333,0.36746783925376375,1.4154161305102722,0.8253968253968254,1.337395429611206,0.0
ETTh1,RANDOM,92342,selected_cal,512,32,0.3183761201486217,0.40279171579700956,1.4738873290637182,0.798941798941799,1.3553283214569092,0.0
ETTh1,RANDOM,92342,selected_cal,512,33,0.31340924313005775,0.39946376670747735,1.5783847495125085,0.8121693121693122,1.358405351638794,0.0
ETTh1,RANDOM,92342,selected_cal,512,34,0.30616355228872244,0.3808675326267216,1.5212064369251488,0.8253968253968254,1.3521568775177002,0.0
ETTh1,RANDOM,92342,selected_cal,512,35,0.3136421976065139,0.39241058712796784,1.6429440625918605,0.8253968253968254,1.3209773302078247,0.0
ETTh1,RANDOM,92342,selected_cal,512,36,0.31112842160222826,0.3867300273553452,1.676549404347069,0.8201058201058201,1.2911012172698975,0.0
ETTh1,RANDOM,92342,selected_cal,512,37,0.3403358303594714,0.4250240551146211,1.8170173919744907,0.7751322751322751,1.2748537063598633,0.0
ETTh1,RANDOM,92342,selected_cal,512,38,0.351050160011912,0.44113448376822556,1.8049953191753023,0.8015873015873016,1.2975845336914062,0.00033068783068783067
ETTh1,RANDOM,92342,selected_cal,512,39,0.3474615761804189,0.4342900198922931,1.7271511431231543,0.7857142857142857,1.339443325996399,0.0006613756613756613
ETTh1,RANDOM,92342,selected_cal,512,40,0.3665063986160079,0.458315801910124,1.714153331916326,0.753968253968254,1.3773044347763062,0.00033068783068783067
ETTh1,RANDOM,92342,selected_cal,512,41,0.3238662114968026,0.407444028048876,1.5754625929332284,0.798941798941799,1.3982172012329102,0.0
ETTh1,RANDOM,92342,selected_cal,512,42,0.34179154192729894,0.4294934826883237,1.7701221707833823,0.7671957671957672,1.3823453187942505,0.0
ETTh1,RANDOM,92342,selected_cal,512,43,0.3391928983263977,0.4234021883930647,1.7973451360508248,0.791005291005291,1.3516947031021118,0.0
ETTh1,RANDOM,92342,selected_cal,512,44,0.3810404225698563,0.47531034482206147,2.019300488094804,0.7513227513227513,1.3351739645004272,0.0
ETTh1,RANDOM,92342,selected_cal,512,45,0.35973865390630166,0.44659105253130865,1.879960113574588,0.7804232804232805,1.3257477283477783,0.0
ETTh1,RANDOM,92342,selected_cal,512,46,0.3514600773505009,0.4371499836534709,1.8053003797534282,0.7751322751322751,1.3372489213943481,0.0
ETTh1,RANDOM,92342,selected_cal,512,47,0.3522899525194796,0.4457024186492554,1.813310215634013,0.8068783068783069,1.3735510110855103,0.0
ETTh1,RANDOM,92342,selected_cal,512,48,0.3669828627993837,0.47556280414238744,1.8555215171750181,0.783068783068783,1.419085144996643,0.0
ETTh1,RANDOM,92342,selected_cal,512,49,0.3669095050038808,0.4746322142096569,1.8955003442193465,0.7751322751322751,1.4622082710266113,0.0
ETTh1,RANDOM,92342,selected_cal,512,50,0.36074640783660034,0.4692801679611487,1.8532654027301798,0.7566137566137566,1.4686096906661987,0.0
ETTh1,RANDOM,92342,selected_cal,512,51,0.35982333819133366,0.4607420952725107,1.8132603626363177,0.7566137566137566,1.4575408697128296,0.0
ETTh1,RANDOM,92342,selected_cal,512,52,0.36936696472631386,0.46976583402112065,1.8437872095989487,0.7751322751322751,1.4365540742874146,0.0
ETTh1,RANDOM,92342,selected_cal,512,53,0.38658389915122127,0.4904663153282729,1.989420226760327,0.7566137566137566,1.4263211488723755,0.0
ETTh1,RANDOM,92342,selected_cal,512,54,0.40575562546270877,0.5173830101760439,2.0621693106121803,0.7433862433862434,1.4376672506332397,0.0
ETTh1,RANDOM,92342,selected_cal,512,55,0.4002051796920282,0.5102720545449458,2.003385519815816,0.7671957671957672,1.4543088674545288,0.0
ETTh1,RANDOM,92342,selected_cal,512,56,0.37690793938752126,0.4903243551083498,1.8529280452895416,0.7486772486772487,1.4687644243240356,0.0
ETTh1,RANDOM,92342,selected_cal,512,57,0.3635504211325169,0.4616000500978384,1.7729123959110842,0.7698412698412699,1.4763716459274292,0.0
ETTh1,RANDOM,92342,selected_cal,512,58,0.31520240504646774,0.3928762471638647,1.578222241922819,0.8253968253968254,1.4666976928710938,0.0
ETTh1,RANDOM,92342,selected_cal,512,59,0.3105146682634889,0.3735555184145093,1.5232930747230375,0.8042328042328042,1.4307018518447876,0.0
ETTh1,RANDOM,92342,selected_cal,512,60,0.3060866887184033,0.3711242145548719,1.4581006712442826,0.8306878306878307,1.4052871465682983,0.0
ETTh1,RANDOM,92342,selected_cal,512,61,0.3354025569691232,0.4157643709317226,1.6902573432221457,0.8042328042328042,1.388338327407837,0.0
ETTh1,RANDOM,92342,selected_cal,512,62,0.3328369035067251,0.41630141864850445,1.6976450588849803,0.8174603174603174,1.4027563333511353,0.0
ETTh1,RANDOM,92342,selected_cal,512,63,0.3481871856566228,0.44339284695625714,1.681208701459346,0.791005291005291,1.443052053451538,0.0
ETTh1,RANDOM,92342,selected_cal,512,64,0.38542388015533874,0.4847562644765519,1.727321703302324,0.7619047619047619,1.4679620265960693,0.0
ETTh1,SHUFFLE,92341,raw128,128,1,0.2111477018044449,0.26654809750379227,0.8963311358537308,0.783068783068783,0.8028435111045837,0.0
ETTh1,SHUFFLE,92341,raw128,128,2,0.24393953522379946,0.3109073895664081,1.1408811721694532,0.7962962962962963,0.9288554787635803,0.0
ETTh1,SHUFFLE,92341,raw128,128,3,0.23245770296524818,0.29400891667988466,1.1079550372663314,0.8306878306878307,0.9830858111381531,0.0
ETTh1,SHUFFLE,92341,raw128,128,4,0.2634782483704548,0.3376999295005308,1.2640011072671287,0.7857142857142857,1.0049912929534912,0.0
ETTh1,SHUFFLE,92341,raw128,128,5,0.26556074041713484,0.33443689145686417,1.3193414073890795,0.8095238095238095,1.0203022956848145,0.0
ETTh1,SHUFFLE,92341,raw128,128,6,0.28493930085216596,0.3531120513473128,1.3309850497023454,0.7883597883597884,1.0562725067138672,0.0
ETTh1,SHUFFLE,92341,raw128,128,7,0.2807699969436844,0.35521614758004666,1.363333235164641,0.8174603174603174,1.1022518873214722,0.0
ETTh1,SHUFFLE,92341,raw128,128,8,0.3085348329920843,0.386383148487048,1.3240427652166948,0.8042328042328042,1.1403661966323853,0.0
ETTh1,SHUFFLE,92341,raw128,128,9,0.2851958941882356,0.35480861500198285,1.2674106743245843,0.8015873015873016,1.1622700691223145,0.0
ETTh1,SHUFFLE,92341,raw128,128,10,0.2790626698750125,0.34641845031250573,1.2862802189060305,0.843915343915344,1.1614208221435547,0.0
ETTh1,SHUFFLE,92341,raw128,128,11,0.2801267710261064,0.34402015268370023,1.3412780068105175,0.8148148148148148,1.1390225887298584,0.0
ETTh1,SHUFFLE,92341,raw128,128,12,0.29926663381381335,0.36584749530645777,1.4831074815066088,0.8201058201058201,1.1243515014648438,0.0
ETTh1,SHUFFLE,92341,raw128,128,13,0.28359573693012746,0.35930340775416025,1.438241157759592,0.8333333333333334,1.1138076782226562,0.0
ETTh1,SHUFFLE,92341,raw128,128,14,0.2895014713409345,0.3588652908868476,1.4437838525723212,0.8015873015873016,1.1334949731826782,0.0
ETTh1,SHUFFLE,92341,raw128,128,15,0.3065817897470114,0.38266930653487646,1.5422916637841986,0.798941798941799,1.174877405166626,0.0
ETTh1,SHUFFLE,92341,raw128,128,16,0.28908837632472867,0.3590702273296437,1.3519163141569133,0.8201058201058201,1.2058461904525757,0.0
ETTh1,SHUFFLE,92341,raw128,128,17,0.30424841496238386,0.3834551972154743,1.4616378166333392,0.7724867724867724,1.2169139385223389,0.0
ETTh1,SHUFFLE,92341,raw128,128,18,0.3016948995607325,0.38205501095101396,1.5885305197308304,0.8042328042328042,1.1967676877975464,0.0
ETTh1,SHUFFLE,92341,raw128,128,19,0.31590135031843275,0.3868882473486046,1.6793278131101812,0.7777777777777778,1.1714316606521606,0.0
ETTh1,SHUFFLE,92341,raw128,128,20,0.310564879811108,0.38325202210784864,1.660739153032265,0.8095238095238095,1.1568515300750732,0.00033068783068783067
ETTh1,SHUFFLE,92341,raw128,128,21,0.3444771269717978,0.4234493175646921,1.8123126327991486,0.7645502645502645,1.1394002437591553,0.0
ETTh1,SHUFFLE,92341,raw128,128,22,0.3236884758639861,0.4075477918338818,1.7036944658707374,0.7883597883597884,1.1547775268554688,0.0
ETTh1,SHUFFLE,92341,raw128,128,23,0.32293376019785147,0.4119728272490386,1.661437855570247,0.7857142857142857,1.1995497941970825,0.00033068783068783067
ETTh1,SHUFFLE,92341,raw128,128,24,0.3417650768633783,0.4378007904538999,1.6171170984784131,0.7751322751322751,1.2528268098831177,0.0
ETTh1,SHUFFLE,92341,raw128,128,25,0.3079902994161902,0.39793740482390977,1.507992642128436,0.8121693121693122,1.305098056793213,0.0
ETTh1,SHUFFLE,92341,raw128,128,26,0.26939892049688957,0.3420498895166537,1.3475870986582426,0.8518518518518519,1.324134349822998,0.0
ETTh1,SHUFFLE,92341,raw128,128,27,0.2636749671377561,0.32148127998951787,1.262566870916142,0.8306878306878307,1.3124864101409912,0.0
ETTh1,SHUFFLE,92341,raw128,128,28,0.28850281907152386,0.36176935421199424,1.4572194158518441,0.8253968253968254,1.299143671989441,0.0
ETTh1,SHUFFLE,92341,raw128,128,29,0.2954761027679476,0.367715208615824,1.4399904366286973,0.8492063492063492,1.2920708656311035,0.0
ETTh1,SHUFFLE,92341,raw128,128,30,0.2885507201260112,0.3665077693794581,1.4735620465898325,0.8518518518518519,1.3044521808624268,0.0
ETTh1,SHUFFLE,92341,raw128,128,31,0.2891006446262642,0.3713409297989353,1.426290179331782,0.8306878306878307,1.3379031419754028,0.0
ETTh1,SHUFFLE,92341,raw128,128,32,0.31440223776207743,0.39727743237115504,1.4549192244965563,0.8095238095238095,1.3699387311935425,0.0
ETTh1,SHUFFLE,92341,raw128,128,33,0.31420082365677876,0.39681714325428025,1.5592607632673607,0.7962962962962963,1.3726693391799927,0.0
ETTh1,SHUFFLE,92341,raw128,128,34,0.31145131434813933,0.3830049501876749,1.525568600960825,0.828042328042328,1.3600295782089233,0.0
ETTh1,SHUFFLE,92341,raw128,128,35,0.32270967349536056,0.39845099028882325,1.690480264347224,0.8412698412698413,1.3266735076904297,0.0
ETTh1,SHUFFLE,92341,raw128,128,36,0.320409563371959,0.39201672257096043,1.7157383765532541,0.8333333333333334,1.2990390062332153,0.0
ETTh1,SHUFFLE,92341,raw128,128,37,0.3504177466557696,0.43161182830636924,1.8564213856305711,0.791005291005291,1.280197262763977,0.0
ETTh1,SHUFFLE,92341,raw128,128,38,0.3587773125161737,0.44230039719280906,1.8383404409621285,0.8068783068783069,1.2943581342697144,0.0
ETTh1,SHUFFLE,92341,raw128,128,39,0.35559506718049433,0.44104081986933336,1.7587771424875847,0.7857142857142857,1.3330485820770264,0.0006613756613756613
ETTh1,SHUFFLE,92341,raw128,128,40,0.3724974855878658,0.4624390637296906,1.7151876394907948,0.7433862433862434,1.3728049993515015,0.0
ETTh1,SHUFFLE,92341,raw128,128,41,0.3297908043304493,0.4149198404277078,1.6139214837913791,0.7936507936507936,1.3927453756332397,0.0
ETTh1,SHUFFLE,92341,raw128,128,42,0.3484565329463182,0.437764511710246,1.797708581738844,0.7751322751322751,1.3803993463516235,0.0
ETTh1,SHUFFLE,92341,raw128,128,43,0.347371253426084,0.43311808256423195,1.8385579189058965,0.7962962962962963,1.3554563522338867,0.0
ETTh1,SHUFFLE,92341,raw128,128,44,0.38733841704631916,0.4825697840719119,2.0541924176905204,0.7407407407407407,1.3418256044387817,0.0
ETTh1,SHUFFLE,92341,raw128,128,45,0.3690063764880911,0.45908489692986415,1.93868114712042,0.7857142857142857,1.3294289112091064,0.0
ETTh1,SHUFFLE,92341,raw128,128,46,0.3541488291476908,0.4420218736880942,1.8387624342191629,0.8015873015873016,1.3387165069580078,0.000992063492063492
ETTh1,SHUFFLE,92341,raw128,128,47,0.35522030640368435,0.44731125723406057,1.824208198460164,0.8148148148148148,1.3786146640777588,0.0013227513227513227
ETTh1,SHUFFLE,92341,raw128,128,48,0.36934160218966283,0.4749048596678502,1.8633433649188311,0.791005291005291,1.4319648742675781,0.000992063492063492
ETTh1,SHUFFLE,92341,raw128,128,49,0.37567629359564164,0.4779720270050378,1.9046881054601972,0.7698412698412699,1.4645873308181763,0.0
ETTh1,SHUFFLE,92341,raw128,128,50,0.36458871590924513,0.46858318252086284,1.863763011223267,0.7698412698412699,1.4589688777923584,0.0
ETTh1,SHUFFLE,92341,raw128,128,51,0.3658601284598269,0.46098318466069516,1.8167619471236196,0.7566137566137566,1.4368667602539062,0.0
ETTh1,SHUFFLE,92341,raw128,128,52,0.3837880197028705,0.4822218478509273,1.8910866427240234,0.7645502645502645,1.4151175022125244,0.0
ETTh1,SHUFFLE,92341,raw128,128,53,0.3985240355012795,0.5003597360749164,2.026358284135029,0.7380952380952381,1.4032392501831055,0.0
ETTh1,SHUFFLE,92341,raw128,128,54,0.4153427687225777,0.5255323116256374,2.086135704267435,0.746031746031746,1.4131956100463867,0.0
ETTh1,SHUFFLE,92341,raw128,128,55,0.4113895485091726,0.5199952299371732,2.029321038060718,0.7566137566137566,1.438655138015747,0.0
ETTh1,SHUFFLE,92341,raw128,128,56,0.3818984025228013,0.4912682359756815,1.855320633049049,0.7619047619047619,1.4662754535675049,0.0
ETTh1,SHUFFLE,92341,raw128,128,57,0.3652622161726728,0.4626107367082449,1.771122449171291,0.7777777777777778,1.4742127656936646,0.0
ETTh1,SHUFFLE,92341,raw128,128,58,0.3157685723011843,0.39257070746648,1.5818744316775963,0.8359788359788359,1.4623571634292603,0.0
ETTh1,SHUFFLE,92341,raw128,128,59,0.31443079012231945,0.3767889679560026,1.5340891437476905,0.8095238095238095,1.4243707656860352,0.0
ETTh1,SHUFFLE,92341,raw128,128,60,0.31214658002289397,0.3761900334985294,1.4755511059568673,0.8518518518518519,1.399686336517334,0.0
ETTh1,SHUFFLE,92341,raw128,128,61,0.3408114421476106,0.41875561147457735,1.6895882107080922,0.8121693121693122,1.378808617591858,0.0
ETTh1,SHUFFLE,92341,raw128,128,62,0.3363483204616842,0.4175318109337884,1.6957124627180515,0.8174603174603174,1.389658808708191,0.0
ETTh1,SHUFFLE,92341,raw128,128,63,0.34633121292760294,0.4356434969223026,1.6584658576027742,0.798941798941799,1.429477572441101,0.0
ETTh1,SHUFFLE,92341,raw128,128,64,0.38883334355993443,0.4864609973888575,1.7307548631160032,0.7698412698412699,1.4636224508285522,0.0
ETTh1,SHUFFLE,92341,selected_raw,512,1,0.21328820182638514,0.2681511401732275,0.9072931015657054,0.783068783068783,0.8391889929771423,0.0
ETTh1,SHUFFLE,92341,selected_raw,512,2,0.2394559312301511,0.3056017993474051,1.1333026274171456,0.8227513227513228,0.9661179780960083,0.0
ETTh1,SHUFFLE,92341,selected_raw,512,3,0.2311283272600596,0.2917730541669196,1.10741820239595,0.8465608465608465,1.0217983722686768,0.0
ETTh1,SHUFFLE,92341,selected_raw,512,4,0.2574049809168026,0.33023399221505284,1.2288624648812903,0.798941798941799,1.0363463163375854,0.0
ETTh1,SHUFFLE,92341,selected_raw,512,5,0.2608405698602886,0.32762219738607506,1.2863745246890677,0.8174603174603174,1.0443228483200073,0.0
ETTh1,SHUFFLE,92341,selected_raw,512,6,0.28525931309113656,0.35714592687473995,1.3517063287476068,0.798941798941799,1.0753992795944214,0.0
ETTh1,SHUFFLE,92341,selected_raw,512,7,0.2715074450729747,0.345653446189432,1.3179781806492616,0.8333333333333334,1.116935133934021,0.0
ETTh1,SHUFFLE,92341,selected_raw,512,8,0.3031355942472101,0.37979353428873563,1.2869626047710578,0.8121693121693122,1.1478605270385742,0.0
ETTh1,SHUFFLE,92341,selected_raw,512,9,0.28305419635863993,0.35186303300136035,1.2567604834795314,0.8015873015873016,1.162485957145691,0.0
ETTh1,SHUFFLE,92341,selected_raw,512,10,0.2783269890933868,0.3433277325905212,1.26234111404687,0.8386243386243386,1.1573210954666138,0.0
ETTh1,SHUFFLE,92341,selected_raw,512,11,0.27733828526674387,0.339593282380273,1.3169463234485457,0.8148148148148148,1.1321375370025635,0.0
ETTh1,SHUFFLE,92341,selected_raw,512,12,0.29458415563308715,0.3590225398422263,1.4497116652154733,0.8253968253968254,1.113162875175476,0.0
ETTh1,SHUFFLE,92341,selected_raw,512,13,0.27907447576956435,0.3518455838327366,1.398159315642068,0.8201058201058201,1.1024008989334106,0.0
ETTh1,SHUFFLE,92341,selected_raw,512,14,0.28484441227112556,0.35602109926920955,1.4180414058346913,0.8015873015873016,1.124312400817871,0.0
ETTh1,SHUFFLE,92341,selected_raw,512,15,0.30353936457729375,0.3826307376603154,1.535191443467897,0.8095238095238095,1.1669762134552002,0.0
ETTh1,SHUFFLE,92341,selected_raw,512,16,0.28869428522578783,0.35970319857593885,1.35689377784729,0.828042328042328,1.1990716457366943,0.0
ETTh1,SHUFFLE,92341,selected_raw,512,17,0.30258092855443797,0.3833896519177056,1.4671224008200976,0.783068783068783,1.2090330123901367,0.0
ETTh1,SHUFFLE,92341,selected_raw,512,18,0.30260476973160555,0.382884451003876,1.5872823764328603,0.8015873015873016,1.181256890296936,0.0
ETTh1,SHUFFLE,92341,selected_raw,512,19,0.31394072088999564,0.386838561782925,1.6682113293735754,0.7698412698412699,1.147498607635498,0.0
ETTh1,SHUFFLE,92341,selected_raw,512,20,0.3091168755998363,0.3822916082847993,1.6537308016860928,0.8095238095238095,1.1272521018981934,0.0
ETTh1,SHUFFLE,92341,selected_raw,512,21,0.34013413735192277,0.41980247747617067,1.796154968637638,0.7433862433862434,1.1073153018951416,0.0
ETTh1,SHUFFLE,92341,selected_raw,512,22,0.3189950889649035,0.4029425983364232,1.678068676579093,0.7751322751322751,1.1199164390563965,0.0
ETTh1,SHUFFLE,92341,selected_raw,512,23,0.3207464948612679,0.4128710648812787,1.663947772372652,0.7698412698412699,1.1626582145690918,0.0
ETTh1,SHUFFLE,92341,selected_raw,512,24,0.3359229570711937,0.4314999669248073,1.6045635718674887,0.7566137566137566,1.2139976024627686,0.0
ETTh1,SHUFFLE,92341,selected_raw,512,25,0.3060185028723678,0.396167836245985,1.4871406816734523,0.791005291005291,1.271300196647644,0.0
ETTh1,SHUFFLE,92341,selected_raw,512,26,0.2670720968232081,0.339884757437972,1.3264117641029534,0.8571428571428571,1.2909551858901978,0.0
ETTh1,SHUFFLE,92341,selected_raw,512,27,0.2619496879092225,0.32219145712629155,1.2561655609459472,0.8253968253968254,1.284372329711914,0.0
ETTh1,SHUFFLE,92341,selected_raw,512,28,0.2819816799762007,0.3534825522592195,1.3964547620563912,0.8253968253968254,1.272925853729248,0.0
ETTh1,SHUFFLE,92341,selected_raw,512,29,0.293015566038128,0.3693055182122964,1.4484540260736904,0.828042328042328,1.2654386758804321,0.0
ETTh1,SHUFFLE,92341,selected_raw,512,30,0.286979306855326,0.3682964727872985,1.4766520552297748,0.828042328042328,1.276008129119873,0.0
ETTh1,SHUFFLE,92341,selected_raw,512,31,0.285633488545148,0.36747722182440135,1.4221419093233567,0.828042328042328,1.303739309310913,0.0
ETTh1,SHUFFLE,92341,selected_raw,512,32,0.31264316117454016,0.3957297349256759,1.450665453833247,0.8015873015873016,1.3255537748336792,0.0
ETTh1,SHUFFLE,92341,selected_raw,512,33,0.3115679301800755,0.3964583750471562,1.5603127757865916,0.7804232804232805,1.3228660821914673,0.0
ETTh1,SHUFFLE,92341,selected_raw,512,34,0.3071971854913493,0.3812861058267753,1.5199169734561886,0.8174603174603174,1.3098185062408447,0.0
ETTh1,SHUFFLE,92341,selected_raw,512,35,0.3173627287565841,0.39569343042736443,1.665615139716359,0.8201058201058201,1.2745881080627441,0.0
ETTh1,SHUFFLE,92341,selected_raw,512,36,0.3129437590464024,0.3872100226125083,1.684017857852042,0.8095238095238095,1.2448713779449463,0.0
ETTh1,SHUFFLE,92341,selected_raw,512,37,0.3429073180821891,0.425219862224296,1.822600713783195,0.7671957671957672,1.2255229949951172,0.0006613756613756613
ETTh1,SHUFFLE,92341,selected_raw,512,38,0.35367023385650564,0.441493104622599,1.8153384788425038,0.7962962962962963,1.243813395500183,0.000992063492063492
ETTh1,SHUFFLE,92341,selected_raw,512,39,0.3500344112604841,0.43718045100678443,1.748077770685235,0.7857142857142857,1.2869614362716675,0.0013227513227513227
ETTh1,SHUFFLE,92341,selected_raw,512,40,0.3665359980357359,0.4583298810363814,1.7078252357268144,0.746031746031746,1.329185962677002,0.0
ETTh1,SHUFFLE,92341,selected_raw,512,41,0.3255344557427003,0.41223699188696933,1.5985818955869902,0.7857142857142857,1.3507866859436035,0.0
ETTh1,SHUFFLE,92341,selected_raw,512,42,0.3448938090067501,0.4335796783219504,1.7854184167922804,0.7619047619047619,1.3364936113357544,0.0
ETTh1,SHUFFLE,92341,selected_raw,512,43,0.3400660621643554,0.4236394496048181,1.7988659935811209,0.7857142857142857,1.3073852062225342,0.0
ETTh1,SHUFFLE,92341,selected_raw,512,44,0.38018518513477184,0.47489251754746964,2.0167203115486596,0.7380952380952381,1.2908128499984741,0.0
ETTh1,SHUFFLE,92341,selected_raw,512,45,0.36042857297704906,0.4487067041978827,1.8910542348468746,0.783068783068783,1.2779128551483154,0.0
ETTh1,SHUFFLE,92341,selected_raw,512,46,0.3511110594034043,0.4380387617876333,1.8089477022094702,0.7751322751322751,1.2888431549072266,0.0006613756613756613
ETTh1,SHUFFLE,92341,selected_raw,512,47,0.35298290519148234,0.4476197098972862,1.8235757160123693,0.7883597883597884,1.3263579607009888,0.000992063492063492
ETTh1,SHUFFLE,92341,selected_raw,512,48,0.36538420578287184,0.4736988820991882,1.8460804020305948,0.7777777777777778,1.3775736093521118,0.00033068783068783067
ETTh1,SHUFFLE,92341,selected_raw,512,49,0.36850504628833813,0.47702635514140207,1.9027627281765773,0.7724867724867724,1.418815016746521,0.0
ETTh1,SHUFFLE,92341,selected_raw,512,50,0.3579038523224777,0.4606187639492398,1.811603070271236,0.7619047619047619,1.4217274188995361,0.0
ETTh1,SHUFFLE,92341,selected_raw,512,51,0.35467885302327723,0.45046724916209824,1.752045568808046,0.7486772486772487,1.4059456586837769,0.0
ETTh1,SHUFFLE,92341,selected_raw,512,52,0.36737179032448275,0.4649966449619348,1.8004963472288438,0.7513227513227513,1.3842253684997559,0.0
ETTh1,SHUFFLE,92341,selected_raw,512,53,0.38237120228904975,0.48547473705666644,1.9559727028485328,0.7619047619047619,1.3724615573883057,0.0
ETTh1,SHUFFLE,92341,selected_raw,512,54,0.400979424833343,0.5100908014119705,2.013495442511701,0.7328042328042328,1.3841193914413452,0.0
ETTh1,SHUFFLE,92341,selected_raw,512,55,0.3970952825266081,0.5061255542106855,1.9739994316623009,0.746031746031746,1.4052860736846924,0.0
ETTh1,SHUFFLE,92341,selected_raw,512,56,0.3733781526331934,0.4838065074390393,1.8105937324109531,0.7486772486772487,1.4254014492034912,0.0
ETTh1,SHUFFLE,92341,selected_raw,512,57,0.3606784581609332,0.4578240514121845,1.7455053994698184,0.7698412698412699,1.4290616512298584,0.0
ETTh1,SHUFFLE,92341,selected_raw,512,58,0.31293781330181336,0.3904684929471838,1.5620970384035475,0.8227513227513228,1.4157747030258179,0.0
ETTh1,SHUFFLE,92341,selected_raw,512,59,0.30822327343190664,0.3697189243474997,1.501092020195549,0.7936507936507936,1.3763878345489502,0.0
ETTh1,SHUFFLE,92341,selected_raw,512,60,0.3047093875014248,0.3690688444160431,1.4468520889107985,0.828042328042328,1.3515383005142212,0.0
ETTh1,SHUFFLE,92341,selected_raw,512,61,0.33060710928997533,0.4079376879486174,1.6453762684490472,0.7883597883597884,1.330947756767273,0.0
ETTh1,SHUFFLE,92341,selected_raw,512,62,0.32813191869691416,0.4077630079717321,1.6510198680122221,0.8015873015873016,1.3436689376831055,0.0
ETTh1,SHUFFLE,92341,selected_raw,512,63,0.3431561878464271,0.4338198977800102,1.6350674509075742,0.783068783068783,1.3879507780075073,0.0
ETTh1,SHUFFLE,92341,selected_raw,512,64,0.3816866946082845,0.4792386997137292,1.696388003194616,0.7486772486772487,1.4250081777572632,0.0
ETTh1,SHUFFLE,92341,selected_cal,512,1,0.21328820183013028,0.2681511401732275,0.9072931015657054,0.783068783068783,0.8391889929771423,0.0
ETTh1,SHUFFLE,92341,selected_cal,512,2,0.23945593121153463,0.3056017993474051,1.1333026274171456,0.8227513227513228,0.9661179780960083,0.0
ETTh1,SHUFFLE,92341,selected_cal,512,3,0.23112832730399074,0.2917730541669196,1.10741820239595,0.8465608465608465,1.0217983722686768,0.0
ETTh1,SHUFFLE,92341,selected_cal,512,4,0.25740498102266673,0.33023399221505284,1.2288624648812903,0.798941798941799,1.0363463163375854,0.0
ETTh1,SHUFFLE,92341,selected_cal,512,5,0.26084056991327065,0.32762219738607506,1.2863745246890677,0.8174603174603174,1.0443228483200073,0.0
ETTh1,SHUFFLE,92341,selected_cal,512,6,0.28525931306483726,0.35714592687473995,1.3517063287476068,0.798941798941799,1.075399398803711,0.0
ETTh1,SHUFFLE,92341,selected_cal,512,7,0.27150744501265833,0.345653446189432,1.3179781806492616,0.8333333333333334,1.116935133934021,0.0
ETTh1,SHUFFLE,92341,selected_cal,512,8,0.303135594217586,0.37979353428873563,1.2869626047710578,0.8121693121693122,1.1478605270385742,0.0
ETTh1,SHUFFLE,92341,selected_cal,512,9,0.2830541963795917,0.35186303300136035,1.2567604834795314,0.8015873015873016,1.162485957145691,0.0
ETTh1,SHUFFLE,92341,selected_cal,512,10,0.2783269891032285,0.3433277325905212,1.26234111404687,0.8386243386243386,1.1573210954666138,0.0
ETTh1,SHUFFLE,92341,selected_cal,512,11,0.27733828522166865,0.339593282380273,1.3169463234485457,0.8148148148148148,1.1321375370025635,0.0
ETTh1,SHUFFLE,92341,selected_cal,512,12,0.29458415561457807,0.3590225398422263,1.4497116652154733,0.8253968253968254,1.113162875175476,0.0
ETTh1,SHUFFLE,92341,selected_cal,512,13,0.2790744758262408,0.3518455838327366,1.398159315642068,0.8201058201058201,1.1024008989334106,0.0
ETTh1,SHUFFLE,92341,selected_cal,512,14,0.2848444122265779,0.35602109926920955,1.4180414058346913,0.8015873015873016,1.124312400817871,0.0
ETTh1,SHUFFLE,92341,selected_cal,512,15,0.3035393647187067,0.3826307376603154,1.535191443467897,0.8095238095238095,1.1669762134552002,0.0
ETTh1,SHUFFLE,92341,selected_cal,512,16,0.28869428521912927,0.35970319857593885,1.35689377784729,0.828042328042328,1.1990716457366943,0.0
ETTh1,SHUFFLE,92341,selected_cal,512,17,0.30258092861058683,0.3833896519177056,1.4671224008200976,0.783068783068783,1.2090330123901367,0.0
ETTh1,SHUFFLE,92341,selected_cal,512,18,0.3026047698344077,0.382884451003876,1.5872823764328603,0.8015873015873016,1.181256890296936,0.0
ETTh1,SHUFFLE,92341,selected_cal,512,19,0.3139407208822226,0.386838561782925,1.6682113293735754,0.7698412698412699,1.147498607635498,0.0
ETTh1,SHUFFLE,92341,selected_cal,512,20,0.30911687560086576,0.3822916082847993,1.6537308016860928,0.8095238095238095,1.1272521018981934,0.0
ETTh1,SHUFFLE,92341,selected_cal,512,21,0.3401341373606702,0.41980247747617067,1.796154968637638,0.7433862433862434,1.1073153018951416,0.0
ETTh1,SHUFFLE,92341,selected_cal,512,22,0.31899508893230744,0.4029425983364232,1.678068676579093,0.7751322751322751,1.1199164390563965,0.0
ETTh1,SHUFFLE,92341,selected_cal,512,23,0.32074649476523964,0.4128710648812787,1.663947772372652,0.7698412698412699,1.1626582145690918,0.0
ETTh1,SHUFFLE,92341,selected_cal,512,24,0.3359229571538394,0.4314999669248073,1.6045635718674887,0.7566137566137566,1.2139976024627686,0.0
ETTh1,SHUFFLE,92341,selected_cal,512,25,0.30601850282428933,0.396167836245985,1.4871406816734523,0.791005291005291,1.271300196647644,0.0
ETTh1,SHUFFLE,92341,selected_cal,512,26,0.26707209693498035,0.339884757437972,1.3264117641029534,0.8571428571428571,1.2909551858901978,0.0
ETTh1,SHUFFLE,92341,selected_cal,512,27,0.2619496878670969,0.32219145712629155,1.2561655609459472,0.8253968253968254,1.284372329711914,0.0
ETTh1,SHUFFLE,92341,selected_cal,512,28,0.2819816799985865,0.3534825522592195,1.3964547620563912,0.8253968253968254,1.272925853729248,0.0
ETTh1,SHUFFLE,92341,selected_cal,512,29,0.29301556605970575,0.3693055182122964,1.4484540260736904,0.828042328042328,1.2654386758804321,0.0
ETTh1,SHUFFLE,92341,selected_cal,512,30,0.28697930679000866,0.3682964727872985,1.4766520552297748,0.828042328042328,1.276008129119873,0.0
ETTh1,SHUFFLE,92341,selected_cal,512,31,0.285633488555024,0.36747722182440135,1.4221419093233567,0.828042328042328,1.303739309310913,0.0
ETTh1,SHUFFLE,92341,selected_cal,512,32,0.31264316122065167,0.3957297349256759,1.450665453833247,0.8015873015873016,1.3255537748336792,0.0
ETTh1,SHUFFLE,92341,selected_cal,512,33,0.311567930271794,0.3964583750471562,1.5603127757865916,0.7804232804232805,1.3228660821914673,0.0
ETTh1,SHUFFLE,92341,selected_cal,512,34,0.30719718549733344,0.3812861058267753,1.5199169734561886,0.8174603174603174,1.3098185062408447,0.0
ETTh1,SHUFFLE,92341,selected_cal,512,35,0.3173627287631957,0.39569343042736443,1.665615139716359,0.8201058201058201,1.2745881080627441,0.0
ETTh1,SHUFFLE,92341,selected_cal,512,36,0.31294375904317295,0.3872100226125083,1.684017857852042,0.8095238095238095,1.2448713779449463,0.0
ETTh1,SHUFFLE,92341,selected_cal,512,37,0.34290731807324293,0.425219862224296,1.822600713783195,0.7671957671957672,1.2255229949951172,0.0006613756613756613
ETTh1,SHUFFLE,92341,selected_cal,512,38,0.35367023366798933,0.441493104622599,1.8153384788425038,0.7962962962962963,1.243813395500183,0.000992063492063492
ETTh1,SHUFFLE,92341,selected_cal,512,39,0.3500344111495966,0.43718045100678443,1.748077770685235,0.7857142857142857,1.2869614362716675,0.0013227513227513227
ETTh1,SHUFFLE,92341,selected_cal,512,40,0.3665359980602268,0.4583298810363814,1.7078252357268144,0.746031746031746,1.329185962677002,0.0
ETTh1,SHUFFLE,92341,selected_cal,512,41,0.32553445582534585,0.41223699188696933,1.5985818955869902,0.7857142857142857,1.3507866859436035,0.0
ETTh1,SHUFFLE,92341,selected_cal,512,42,0.3448938090011974,0.4335796783219504,1.7854184167922804,0.7619047619047619,1.3364936113357544,0.0
ETTh1,SHUFFLE,92341,selected_cal,512,43,0.3400660621998593,0.4236394496048181,1.7988659935811209,0.7857142857142857,1.3073852062225342,0.0
ETTh1,SHUFFLE,92341,selected_cal,512,44,0.38018518513380123,0.47489251754746964,2.0167203115486596,0.7380952380952381,1.2908128499984741,0.0
ETTh1,SHUFFLE,92341,selected_cal,512,45,0.3604285728776991,0.4487067041978827,1.8910542348468746,0.783068783068783,1.2779128551483154,0.0
ETTh1,SHUFFLE,92341,selected_cal,512,46,0.35111105934290376,0.4380387617876333,1.8089477022094702,0.7751322751322751,1.2888431549072266,0.0006613756613756613
ETTh1,SHUFFLE,92341,selected_cal,512,47,0.3529829052052342,0.4476197098972862,1.8235757160123693,0.7883597883597884,1.3263579607009888,0.000992063492063492
ETTh1,SHUFFLE,92341,selected_cal,512,48,0.3653842057777178,0.4736988820991882,1.8460804020305948,0.7777777777777778,1.3775736093521118,0.00033068783068783067
ETTh1,SHUFFLE,92341,selected_cal,512,49,0.3685050462534566,0.47702635514140207,1.9027627281765773,0.7724867724867724,1.418815016746521,0.0
ETTh1,SHUFFLE,92341,selected_cal,512,50,0.3579038522527446,0.4606187639492398,1.811603070271236,0.7619047619047619,1.4217274188995361,0.0
ETTh1,SHUFFLE,92341,selected_cal,512,51,0.35467885296584456,0.45046724916209824,1.752045568808046,0.7486772486772487,1.4059456586837769,0.0
ETTh1,SHUFFLE,92341,selected_cal,512,52,0.3673717902323906,0.4649966449619348,1.8004963472288438,0.7513227513227513,1.3842253684997559,0.0
ETTh1,SHUFFLE,92341,selected_cal,512,53,0.3823712022202606,0.48547473705666644,1.9559727028485328,0.7619047619047619,1.3724615573883057,0.0
ETTh1,SHUFFLE,92341,selected_cal,512,54,0.40097942478471144,0.5100908014119705,2.013495442511701,0.7328042328042328,1.3841193914413452,0.0
ETTh1,SHUFFLE,92341,selected_cal,512,55,0.3970952825054765,0.5061255542106855,1.9739994316623009,0.746031746031746,1.4052860736846924,0.0
ETTh1,SHUFFLE,92341,selected_cal,512,56,0.3733781527015394,0.4838065074390393,1.8105937324109531,0.7486772486772487,1.4254013299942017,0.0
ETTh1,SHUFFLE,92341,selected_cal,512,57,0.3606784580908117,0.4578240514121845,1.7455053994698184,0.7698412698412699,1.4290616512298584,0.0
ETTh1,SHUFFLE,92341,selected_cal,512,58,0.31293781320620095,0.3904684929471838,1.5620970384035475,0.8227513227513228,1.4157747030258179,0.0
ETTh1,SHUFFLE,92341,selected_cal,512,59,0.30822327339530026,0.3697189243474997,1.501092020195549,0.7936507936507936,1.3763878345489502,0.0
ETTh1,SHUFFLE,92341,selected_cal,512,60,0.3047093874065729,0.3690688444160431,1.4468520889107985,0.828042328042328,1.3515383005142212,0.0
ETTh1,SHUFFLE,92341,selected_cal,512,61,0.3306071092943518,0.4079376879486174,1.6453762684490472,0.7883597883597884,1.330947756767273,0.0
ETTh1,SHUFFLE,92341,selected_cal,512,62,0.32813191855360035,0.4077630079717321,1.6510198680122221,0.8015873015873016,1.3436689376831055,0.0
ETTh1,SHUFFLE,92341,selected_cal,512,63,0.34315618779801355,0.4338198977800102,1.6350674509075742,0.783068783068783,1.3879507780075073,0.0
ETTh1,SHUFFLE,92341,selected_cal,512,64,0.38168669444859316,0.4792386997137292,1.696388003194616,0.7486772486772487,1.4250081777572632,0.0
ETTh1,SHUFFLE,92342,raw128,128,1,0.21090847257893627,0.26608316256774817,0.8945233289487463,0.783068783068783,0.8060817718505859,0.0
ETTh1,SHUFFLE,92342,raw128,128,2,0.24360519558546115,0.3105105082618253,1.1404760819835165,0.7936507936507936,0.9283812046051025,0.0
ETTh1,SHUFFLE,92342,raw128,128,3,0.23248210866932786,0.2938110557679169,1.108270893829367,0.828042328042328,0.9792831540107727,0.0
ETTh1,SHUFFLE,92342,raw128,128,4,0.26339406171756596,0.3379717452269489,1.2653909639982635,0.783068783068783,0.9986445307731628,0.0
ETTh1,SHUFFLE,92342,raw128,128,5,0.2654208157922018,0.3343702890988788,1.321853475103145,0.8015873015873016,1.0111881494522095,0.0
ETTh1,SHUFFLE,92342,raw128,128,6,0.284601287228345,0.3528432785041595,1.3317378802550217,0.7857142857142857,1.0447618961334229,0.0
ETTh1,SHUFFLE,92342,raw128,128,7,0.27992099904753437,0.3539281391178304,1.3590154413468938,0.8201058201058201,1.089922547340393,0.0
ETTh1,SHUFFLE,92342,raw128,128,8,0.3065404863980522,0.38406560970939196,1.3179228374212193,0.8042328042328042,1.127858281135559,0.0
ETTh1,SHUFFLE,92342,raw128,128,9,0.284298888432945,0.3533132743796118,1.2637432723961495,0.798941798941799,1.1498565673828125,0.0
ETTh1,SHUFFLE,92342,raw128,128,10,0.2776987286036647,0.3441210710966257,1.2752532511358223,0.8412698412698413,1.1476120948791504,0.0
ETTh1,SHUFFLE,92342,raw128,128,11,0.27841264911803854,0.3418493827554719,1.33135605696096,0.8095238095238095,1.1244845390319824,0.0
ETTh1,SHUFFLE,92342,raw128,128,12,0.2981964409109762,0.3655589611343858,1.4845240855658497,0.8174603174603174,1.1098886728286743,0.0
ETTh1,SHUFFLE,92342,raw128,128,13,0.28345864259298637,0.3594297197428224,1.440149674793242,0.8333333333333334,1.0985078811645508,0.0
ETTh1,SHUFFLE,92342,raw128,128,14,0.28792832143802727,0.35731516375361627,1.4370704526820826,0.8068783068783069,1.1173136234283447,0.0
ETTh1,SHUFFLE,92342,raw128,128,15,0.30628598060821816,0.38257252684927573,1.5422258989678488,0.798941798941799,1.1591238975524902,0.0
ETTh1,SHUFFLE,92342,raw128,128,16,0.2884776483995346,0.35878810990612636,1.349124261035175,0.8148148148148148,1.1912503242492676,0.0
ETTh1,SHUFFLE,92342,raw128,128,17,0.3033699974322421,0.3824662839521036,1.45712076567074,0.7724867724867724,1.2032924890518188,0.0
ETTh1,SHUFFLE,92342,raw128,128,18,0.3009981971303654,0.38126310638354444,1.586667539541999,0.8042328042328042,1.1815738677978516,0.0
ETTh1,SHUFFLE,92342,raw128,128,19,0.3153251767485903,0.38559243718851277,1.676513854059435,0.7698412698412699,1.153924584388733,0.0
ETTh1,SHUFFLE,92342,raw128,128,20,0.31116279246663403,0.38359372152438026,1.6647287057269187,0.8095238095238095,1.137589931488037,0.00033068783068783067
ETTh1,SHUFFLE,92342,raw128,128,21,0.34519611765455266,0.4237106531231351,1.8139480115875366,0.7619047619047619,1.1188182830810547,0.0
ETTh1,SHUFFLE,92342,raw128,128,22,0.32401333776678115,0.4074005205105377,1.703848617279498,0.7804232804232805,1.1339396238327026,0.0
ETTh1,SHUFFLE,92342,raw128,128,23,0.3238277854970199,0.4125949927107035,1.6639782694912462,0.783068783068783,1.179482102394104,0.00033068783068783067
ETTh1,SHUFFLE,92342,raw128,128,24,0.3420593109869452,0.4379743670682927,1.6165148745138178,0.7698412698412699,1.2334990501403809,0.0
ETTh1,SHUFFLE,92342,raw128,128,25,0.3079036611673217,0.39730690796672946,1.5056121047960702,0.7962962962962963,1.2870217561721802,0.0
ETTh1,SHUFFLE,92342,raw128,128,26,0.26932553294455913,0.3414579903748055,1.3432150909864398,0.8518518518518519,1.3051772117614746,0.0
ETTh1,SHUFFLE,92342,raw128,128,27,0.2636412334315916,0.3219009912919274,1.2599004075009987,0.8333333333333334,1.2930597066879272,0.0
ETTh1,SHUFFLE,92342,raw128,128,28,0.28852904215227154,0.36164071371706225,1.4546868702367184,0.8253968253968254,1.278993844985962,0.0
ETTh1,SHUFFLE,92342,raw128,128,29,0.2949941668821481,0.36685496909182025,1.434112658694623,0.843915343915344,1.2700574398040771,0.0
ETTh1,SHUFFLE,92342,raw128,128,30,0.2873298346270952,0.36426361027527043,1.460228568800385,0.843915343915344,1.2807848453521729,0.0
ETTh1,SHUFFLE,92342,raw128,128,31,0.2881867301060939,0.3694658767733764,1.4167235712446864,0.828042328042328,1.3141872882843018,0.0
ETTh1,SHUFFLE,92342,raw128,128,32,0.31393573834177396,0.39623941327673645,1.4498760114823068,0.8095238095238095,1.3464524745941162,0.0
ETTh1,SHUFFLE,92342,raw128,128,33,0.31350835220840684,0.3951284294419526,1.550519001546991,0.791005291005291,1.349646806716919,0.0
ETTh1,SHUFFLE,92342,raw128,128,34,0.3111944107240481,0.38323712619576317,1.5249190099892163,0.8201058201058201,1.3363910913467407,0.0
ETTh1,SHUFFLE,92342,raw128,128,35,0.32270702126521705,0.39923942849699495,1.6963553356115149,0.8333333333333334,1.3029881715774536,0.0
ETTh1,SHUFFLE,92342,raw128,128,36,0.32008883478053735,0.392375251640847,1.720331518659516,0.8253968253968254,1.276652455329895,0.0
ETTh1,SHUFFLE,92342,raw128,128,37,0.35029317762887574,0.43119319196600847,1.8559555152342433,0.791005291005291,1.2573970556259155,0.0
ETTh1,SHUFFLE,92342,raw128,128,38,0.3587490067163833,0.44224234862778855,1.839156773168022,0.798941798941799,1.2707903385162354,0.0
ETTh1,SHUFFLE,92342,raw128,128,39,0.35517176504861625,0.44073646989767545,1.7579092667117793,0.7804232804232805,1.3106766939163208,0.0006613756613756613
ETTh1,SHUFFLE,92342,raw128,128,40,0.3710211554685029,0.46037454952676127,1.704934465388457,0.746031746031746,1.351672649383545,0.0
ETTh1,SHUFFLE,92342,raw128,128,41,0.32861562272189454,0.4141936787105617,1.6112578802953952,0.7936507936507936,1.3727933168411255,0.0
ETTh1,SHUFFLE,92342,raw128,128,42,0.34753333810091686,0.43606163520485713,1.7898128047467223,0.7671957671957672,1.3592135906219482,0.0
ETTh1,SHUFFLE,92342,raw128,128,43,0.346892832185701,0.4325304608347277,1.835976907973567,0.783068783068783,1.3322629928588867,0.0
ETTh1,SHUFFLE,92342,raw128,128,44,0.386697418751424,0.4823127727744212,2.052666636371108,0.7328042328042328,1.3171395063400269,0.0
ETTh1,SHUFFLE,92342,raw128,128,45,0.3687259942928757,0.45836437222588866,1.935856871026021,0.7751322751322751,1.3035176992416382,0.0
ETTh1,SHUFFLE,92342,raw128,128,46,0.3535886144521586,0.44174779063188446,1.83801888540466,0.7936507936507936,1.312279224395752,0.000992063492063492
ETTh1,SHUFFLE,92342,raw128,128,47,0.35503194076109723,0.44629605578967513,1.8209812767291196,0.8148148148148148,1.3525168895721436,0.000992063492063492
ETTh1,SHUFFLE,92342,raw128,128,48,0.36991528803162776,0.4760410243587887,1.865614971688027,0.791005291005291,1.4064892530441284,0.0006613756613756613
ETTh1,SHUFFLE,92342,raw128,128,49,0.3758844995330585,0.47821895794456004,1.905608650237795,0.7645502645502645,1.4399652481079102,0.0
ETTh1,SHUFFLE,92342,raw128,128,50,0.36497293573363154,0.46898164307845064,1.865669049578842,0.7619047619047619,1.4339427947998047,0.0
ETTh1,SHUFFLE,92342,raw128,128,51,0.36604749370757217,0.4617516172045216,1.818275618825167,0.7433862433862434,1.411344051361084,0.0
ETTh1,SHUFFLE,92342,raw128,128,52,0.38427303597589774,0.4830837398133716,1.8925756709797987,0.7513227513227513,1.3892053365707397,0.0
ETTh1,SHUFFLE,92342,raw128,128,53,0.39915883074216796,0.5012515407056322,2.0250576242568,0.7328042328042328,1.3757810592651367,0.0
ETTh1,SHUFFLE,92342,raw128,128,54,0.41625925109447376,0.5259242099576291,2.0859380158837193,0.7301587301587301,1.3844168186187744,0.0
ETTh1,SHUFFLE,92342,raw128,128,55,0.41210843420960236,0.5210896878133452,2.0321091605084285,0.7486772486772487,1.4102824926376343,0.0
ETTh1,SHUFFLE,92342,raw128,128,56,0.38215859346617315,0.4909010798429875,1.8551344175739264,0.7513227513227513,1.4385464191436768,0.0
ETTh1,SHUFFLE,92342,raw128,128,57,0.3653910671516112,0.46253766432991966,1.7678469990887655,0.7724867724867724,1.4472852945327759,0.0
ETTh1,SHUFFLE,92342,raw128,128,58,0.3164842273708843,0.39248851024553544,1.5775324582225747,0.8253968253968254,1.4349628686904907,0.0
ETTh1,SHUFFLE,92342,raw128,128,59,0.3150660358651631,0.37914480843652826,1.5435939061519488,0.8042328042328042,1.3973630666732788,0.0
ETTh1,SHUFFLE,92342,raw128,128,60,0.31353740114993217,0.37791524570361523,1.481679351793395,0.8492063492063492,1.3735638856887817,0.0
ETTh1,SHUFFLE,92342,raw128,128,61,0.34100688113569255,0.41968531576303547,1.6917167593128781,0.8042328042328042,1.3526159524917603,0.0
ETTh1,SHUFFLE,92342,raw128,128,62,0.3345464912611398,0.41497897703577213,1.6793559751222058,0.8174603174603174,1.3633103370666504,0.0
ETTh1,SHUFFLE,92342,raw128,128,63,0.3456694335945446,0.43402527540447167,1.64743258214738,0.7857142857142857,1.4042896032333374,0.0
ETTh1,SHUFFLE,92342,raw128,128,64,0.3888963543909106,0.4865271715552079,1.726449523032421,0.7645502645502645,1.440087080001831,0.0
ETTh1,SHUFFLE,92342,selected_raw,512,1,0.2125683467443698,0.26877330313803854,0.9101960024939327,0.7698412698412699,0.8125255703926086,0.0
ETTh1,SHUFFLE,92342,selected_raw,512,2,0.24171993603440808,0.3080881338103014,1.1429413207190693,0.8042328042328042,0.9489573240280151,0.0
ETTh1,SHUFFLE,92342,selected_raw,512,3,0.2323712044401597,0.29374419880518526,1.11659182586446,0.8253968253968254,1.013523817062378,0.0
ETTh1,SHUFFLE,92342,selected_raw,512,4,0.26493887470608324,0.3429396420753928,1.3079210403695625,0.783068783068783,1.0367287397384644,0.0
ETTh1,SHUFFLE,92342,selected_raw,512,5,0.2715858642540485,0.3418282652362901,1.3664766951173386,0.8042328042328042,1.0529937744140625,0.0
ETTh1,SHUFFLE,92342,selected_raw,512,6,0.2913392069966027,0.3629400026439503,1.392671451189373,0.783068783068783,1.087623119354248,0.0
ETTh1,SHUFFLE,92342,selected_raw,512,7,0.2813966350548909,0.35705689162373566,1.3893745243352242,0.8227513227513228,1.1267436742782593,0.0
ETTh1,SHUFFLE,92342,selected_raw,512,8,0.3107504666135487,0.3917832484979579,1.3653734057313867,0.8015873015873016,1.1524677276611328,0.0
ETTh1,SHUFFLE,92342,selected_raw,512,9,0.2866226398542892,0.3566414792240467,1.290677446241259,0.8015873015873016,1.1693567037582397,0.0
ETTh1,SHUFFLE,92342,selected_raw,512,10,0.2779230464688565,0.3476024239205773,1.2937165845835965,0.828042328042328,1.1668673753738403,0.0
ETTh1,SHUFFLE,92342,selected_raw,512,11,0.27715864628850867,0.3434970298288996,1.3401514952657398,0.8121693121693122,1.144869089126587,0.0
ETTh1,SHUFFLE,92342,selected_raw,512,12,0.293644738170719,0.3615813325285172,1.4627131682145533,0.8174603174603174,1.1274913549423218,0.0
ETTh1,SHUFFLE,92342,selected_raw,512,13,0.279713969834628,0.35692226478421957,1.426143318079609,0.8148148148148148,1.1188898086547852,0.0
ETTh1,SHUFFLE,92342,selected_raw,512,14,0.2860183026282205,0.3593324188329187,1.4307001136322186,0.8015873015873016,1.1410452127456665,0.0
ETTh1,SHUFFLE,92342,selected_raw,512,15,0.30321136425107836,0.3827299072482891,1.5306977980114795,0.8015873015873016,1.179123044013977,0.0
ETTh1,SHUFFLE,92342,selected_raw,512,16,0.28834387486079766,0.36093440912669417,1.3626424511746755,0.8201058201058201,1.202904462814331,0.0
ETTh1,SHUFFLE,92342,selected_raw,512,17,0.30214415147137647,0.3829763991774265,1.4582510433066143,0.7751322751322751,1.2126787900924683,0.0
ETTh1,SHUFFLE,92342,selected_raw,512,18,0.30203494716695856,0.38278124157039656,1.5846634531423214,0.8042328042328042,1.1873317956924438,0.0
ETTh1,SHUFFLE,92342,selected_raw,512,19,0.31298492107138304,0.38680563885485264,1.6631703970648308,0.7777777777777778,1.1555514335632324,0.0
ETTh1,SHUFFLE,92342,selected_raw,512,20,0.3079778613309411,0.38244176736635993,1.6472390631125087,0.8042328042328042,1.139290452003479,0.0
ETTh1,SHUFFLE,92342,selected_raw,512,21,0.33660483019860166,0.41654289118484356,1.7769138219337615,0.746031746031746,1.122342586517334,0.0
ETTh1,SHUFFLE,92342,selected_raw,512,22,0.3175431314778733,0.4025560429071563,1.6741472260543593,0.7777777777777778,1.1376031637191772,0.0
ETTh1,SHUFFLE,92342,selected_raw,512,23,0.3187091596887286,0.409457491893908,1.6397622973515242,0.7857142857142857,1.1799870729446411,0.0
ETTh1,SHUFFLE,92342,selected_raw,512,24,0.3370313989124349,0.43105858246016526,1.602242713567441,0.7645502645502645,1.225555419921875,0.0
ETTh1,SHUFFLE,92342,selected_raw,512,25,0.30692198715549923,0.39649879823964884,1.4963940615179363,0.798941798941799,1.2830866575241089,0.0
ETTh1,SHUFFLE,92342,selected_raw,512,26,0.2719059886250147,0.34828744299890574,1.3734250259068277,0.8544973544973545,1.3072255849838257,0.0
ETTh1,SHUFFLE,92342,selected_raw,512,27,0.2703856939892478,0.33295247522756366,1.309535976873819,0.8227513227513228,1.3051296472549438,0.0
ETTh1,SHUFFLE,92342,selected_raw,512,28,0.29080731549865824,0.36800241572533365,1.4787897096858138,0.8227513227513228,1.2975467443466187,0.0
ETTh1,SHUFFLE,92342,selected_raw,512,29,0.3015933192779379,0.37600706181375104,1.4770701904066657,0.828042328042328,1.2947200536727905,0.0
ETTh1,SHUFFLE,92342,selected_raw,512,30,0.2925910964929084,0.3750404626455427,1.5176959193493955,0.8386243386243386,1.3067117929458618,0.0
ETTh1,SHUFFLE,92342,selected_raw,512,31,0.2876842102586749,0.3651509477918076,1.4084718145784878,0.8174603174603174,1.3305546045303345,0.0
ETTh1,SHUFFLE,92342,selected_raw,512,32,0.3174425841532267,0.40102007769690795,1.470450886106365,0.7936507936507936,1.3478562831878662,0.0
ETTh1,SHUFFLE,92342,selected_raw,512,33,0.3132194289100097,0.3987619112134126,1.5752501824387797,0.8068783068783069,1.3479522466659546,0.0
ETTh1,SHUFFLE,92342,selected_raw,512,34,0.30677948905162805,0.38203515445866626,1.524578439613814,0.8174603174603174,1.3401530981063843,0.0
ETTh1,SHUFFLE,92342,selected_raw,512,35,0.31477745698938947,0.39400884242166834,1.6519395350306123,0.8253968253968254,1.307472586631775,0.0
ETTh1,SHUFFLE,92342,selected_raw,512,36,0.3116871014985067,0.38764737675041905,1.6797483932502844,0.8227513227513228,1.2783030271530151,0.0
ETTh1,SHUFFLE,92342,selected_raw,512,37,0.3412898342641315,0.4264102515570073,1.8232358518948473,0.7724867724867724,1.2616369724273682,0.0
ETTh1,SHUFFLE,92342,selected_raw,512,38,0.3512504626656573,0.44201723557450934,1.8138592798243125,0.7936507936507936,1.2820758819580078,0.0006613756613756613
ETTh1,SHUFFLE,92342,selected_raw,512,39,0.3477542984443342,0.43496556680454773,1.7330064820076423,0.7804232804232805,1.3218121528625488,0.000992063492063492
ETTh1,SHUFFLE,92342,selected_raw,512,40,0.3673386895172053,0.4598189470805719,1.7208462978205668,0.7407407407407407,1.3595448732376099,0.0006613756613756613
ETTh1,SHUFFLE,92342,selected_raw,512,41,0.3239095791266213,0.40772238764511454,1.5798617351070914,0.7936507936507936,1.3816406726837158,0.0
ETTh1,SHUFFLE,92342,selected_raw,512,42,0.34170595804342296,0.42863879627575907,1.7675765475465193,0.7566137566137566,1.3679065704345703,0.0
ETTh1,SHUFFLE,92342,selected_raw,512,43,0.3391008509315948,0.4230995248183882,1.7978442968633124,0.7777777777777778,1.3393168449401855,0.0
ETTh1,SHUFFLE,92342,selected_raw,512,44,0.3800495980962224,0.47456890845307514,2.0176667537559907,0.7433862433862434,1.3262684345245361,0.0
ETTh1,SHUFFLE,92342,selected_raw,512,45,0.3591805988614031,0.4462845075009411,1.879568964755409,0.7857142857142857,1.3165161609649658,0.0
ETTh1,SHUFFLE,92342,selected_raw,512,46,0.3502281886430701,0.43652839963396434,1.8052695703411858,0.7671957671957672,1.3269057273864746,0.00033068783068783067
ETTh1,SHUFFLE,92342,selected_raw,512,47,0.3511351595737882,0.44444801947902074,1.8093210319303488,0.8042328042328042,1.3614130020141602,0.0006613756613756613
ETTh1,SHUFFLE,92342,selected_raw,512,48,0.36563261043398065,0.4741294116272972,1.8504991395172303,0.783068783068783,1.4057594537734985,0.00033068783068783067
ETTh1,SHUFFLE,92342,selected_raw,512,49,0.367043630029126,0.4745773790896017,1.8937558723741739,0.7698412698412699,1.4439470767974854,0.0
ETTh1,SHUFFLE,92342,selected_raw,512,50,0.35971724326561383,0.4681561322344007,1.8536990548252428,0.753968253968254,1.4502437114715576,0.0
ETTh1,SHUFFLE,92342,selected_raw,512,51,0.3587493100973702,0.4590430560467843,1.81001078339402,0.7486772486772487,1.437767505645752,0.0
ETTh1,SHUFFLE,92342,selected_raw,512,52,0.36966252043655373,0.4702095683673397,1.8459552447828982,0.7671957671957672,1.4198740720748901,0.0
ETTh1,SHUFFLE,92342,selected_raw,512,53,0.3863798612128773,0.4899970046583034,1.9872214594294155,0.753968253968254,1.4126018285751343,0.0
ETTh1,SHUFFLE,92342,selected_raw,512,54,0.40558278622221755,0.5175197430206977,2.0663314834828417,0.7380952380952381,1.4251835346221924,0.0
ETTh1,SHUFFLE,92342,selected_raw,512,55,0.4004314345653929,0.5111542478300223,2.0086904224106874,0.7619047619047619,1.4422625303268433,0.0
ETTh1,SHUFFLE,92342,selected_raw,512,56,0.3772371778305846,0.49098994593825296,1.8584843497900736,0.746031746031746,1.4566845893859863,0.0
ETTh1,SHUFFLE,92342,selected_raw,512,57,0.36371320070808666,0.4625492143973494,1.7764822042217014,0.7698412698412699,1.4625803232192993,0.0
ETTh1,SHUFFLE,92342,selected_raw,512,58,0.3151738194984717,0.39306877943723745,1.5776706709078065,0.828042328042328,1.4536752700805664,0.0
ETTh1,SHUFFLE,92342,selected_raw,512,59,0.3107710907597652,0.37431900701114795,1.524502348815086,0.7936507936507936,1.4180843830108643,0.0
ETTh1,SHUFFLE,92342,selected_raw,512,60,0.3058195795129449,0.37062705133977686,1.454922416843671,0.8333333333333334,1.3945057392120361,0.0
ETTh1,SHUFFLE,92342,selected_raw,512,61,0.335294891481735,0.4159106396877385,1.6866011413494273,0.8068783068783069,1.3766742944717407,0.0
ETTh1,SHUFFLE,92342,selected_raw,512,62,0.33200297052729805,0.4154722019852649,1.693054723223208,0.8095238095238095,1.3901323080062866,0.0
ETTh1,SHUFFLE,92342,selected_raw,512,63,0.34701799658949994,0.4412761014166919,1.6736880707795974,0.7883597883597884,1.428247094154358,0.0
ETTh1,SHUFFLE,92342,selected_raw,512,64,0.3853522122914251,0.4840511272930799,1.7240141530043234,0.7592592592592593,1.4542042016983032,0.0
ETTh1,SHUFFLE,92342,selected_cal,512,1,0.21256834676075959,0.26877330313803854,0.9101960024939327,0.7698412698412699,0.8125255703926086,0.0
ETTh1,SHUFFLE,92342,selected_cal,512,2,0.24171993606456152,0.3080881338103014,1.1429413207190693,0.8042328042328042,0.9489573240280151,0.0
ETTh1,SHUFFLE,92342,selected_cal,512,3,0.23237120437659584,0.29374419880518526,1.11659182586446,0.8253968253968254,1.013523817062378,0.0
ETTh1,SHUFFLE,92342,selected_cal,512,4,0.2649388745895122,0.3429396420753928,1.3079210403695625,0.783068783068783,1.0367287397384644,0.0
ETTh1,SHUFFLE,92342,selected_cal,512,5,0.27158586438734156,0.3418282652362901,1.3664766951173386,0.8042328042328042,1.0529937744140625,0.0
ETTh1,SHUFFLE,92342,selected_cal,512,6,0.2913392070099822,0.3629400026439503,1.392671451189373,0.783068783068783,1.087623119354248,0.0
ETTh1,SHUFFLE,92342,selected_cal,512,7,0.2813966350772279,0.35705689162373566,1.3893745243352242,0.8227513227513228,1.1267436742782593,0.0
ETTh1,SHUFFLE,92342,selected_cal,512,8,0.31075046663763123,0.3917832484979579,1.3653734057313867,0.8015873015873016,1.1524677276611328,0.0
ETTh1,SHUFFLE,92342,selected_cal,512,9,0.28662263982659125,0.3566414792240467,1.290677446241259,0.8015873015873016,1.1693567037582397,0.0
ETTh1,SHUFFLE,92342,selected_cal,512,10,0.2779230463395929,0.3476024239205773,1.2937165845835965,0.828042328042328,1.1668673753738403,0.0
ETTh1,SHUFFLE,92342,selected_cal,512,11,0.2771586462485824,0.3434970298288996,1.3401514952657398,0.8121693121693122,1.144869089126587,0.0
ETTh1,SHUFFLE,92342,selected_cal,512,12,0.2936447382797483,0.3615813325285172,1.4627131682145533,0.8174603174603174,1.1274913549423218,0.0
ETTh1,SHUFFLE,92342,selected_cal,512,13,0.27971396981381885,0.35692226478421957,1.426143318079609,0.8148148148148148,1.1188898086547852,0.0
ETTh1,SHUFFLE,92342,selected_cal,512,14,0.2860183025742616,0.3593324188329187,1.4307001136322186,0.8015873015873016,1.1410452127456665,0.0
ETTh1,SHUFFLE,92342,selected_cal,512,15,0.3032113642277178,0.3827299072482891,1.5306977980114795,0.8015873015873016,1.179123044013977,0.0
ETTh1,SHUFFLE,92342,selected_cal,512,16,0.2883438748434452,0.36093440912669417,1.3626424511746755,0.8201058201058201,1.202904462814331,0.0
ETTh1,SHUFFLE,92342,selected_cal,512,17,0.30214415140680734,0.3829763991774265,1.4582510433066143,0.7751322751322751,1.2126787900924683,0.0
ETTh1,SHUFFLE,92342,selected_cal,512,18,0.302034947138925,0.38278124157039656,1.5846634531423214,0.8042328042328042,1.1873317956924438,0.0
ETTh1,SHUFFLE,92342,selected_cal,512,19,0.3129849209811418,0.38680563885485264,1.6631703970648308,0.7777777777777778,1.1555514335632324,0.0
ETTh1,SHUFFLE,92342,selected_cal,512,20,0.3079778612609652,0.38244176736635993,1.6472390631125087,0.8042328042328042,1.139290452003479,0.0
ETTh1,SHUFFLE,92342,selected_cal,512,21,0.3366048302106874,0.41654289118484356,1.7769138219337615,0.746031746031746,1.122342586517334,0.0
ETTh1,SHUFFLE,92342,selected_cal,512,22,0.31754313151718166,0.4025560429071563,1.6741472260543593,0.7777777777777778,1.1376031637191772,0.0
ETTh1,SHUFFLE,92342,selected_cal,512,23,0.31870915992029464,0.409457491893908,1.6397622973515242,0.7857142857142857,1.1799870729446411,0.0
ETTh1,SHUFFLE,92342,selected_cal,512,24,0.3370313987691481,0.43105858246016526,1.602242713567441,0.7645502645502645,1.225555419921875,0.0
ETTh1,SHUFFLE,92342,selected_cal,512,25,0.30692198709512925,0.39649879823964884,1.4963940615179363,0.798941798941799,1.2830866575241089,0.0
ETTh1,SHUFFLE,92342,selected_cal,512,26,0.27190598862981186,0.34828744299890574,1.3734250259068277,0.8544973544973545,1.3072255849838257,0.0
ETTh1,SHUFFLE,92342,selected_cal,512,27,0.2703856940098922,0.33295247522756366,1.309535976873819,0.8227513227513228,1.3051296472549438,0.0
ETTh1,SHUFFLE,92342,selected_cal,512,28,0.29080731525922776,0.36800241572533365,1.4787897096858138,0.8227513227513228,1.2975467443466187,0.0
ETTh1,SHUFFLE,92342,selected_cal,512,29,0.30159331923710375,0.37600706181375104,1.4770701904066657,0.828042328042328,1.2947200536727905,0.0
ETTh1,SHUFFLE,92342,selected_cal,512,30,0.29259109644609516,0.3750404626455427,1.5176959193493955,0.8386243386243386,1.3067117929458618,0.0
ETTh1,SHUFFLE,92342,selected_cal,512,31,0.28768421034150343,0.3651509477918076,1.4084718145784878,0.8174603174603174,1.3305546045303345,0.0
ETTh1,SHUFFLE,92342,selected_cal,512,32,0.3174425841747302,0.40102007769690795,1.470450886106365,0.7936507936507936,1.3478562831878662,0.0
ETTh1,SHUFFLE,92342,selected_cal,512,33,0.31321942886066784,0.3987619112134126,1.5752501824387797,0.8068783068783069,1.3479522466659546,0.0
ETTh1,SHUFFLE,92342,selected_cal,512,34,0.30677948894440654,0.38203515445866626,1.524578439613814,0.8174603174603174,1.3401530981063843,0.0
ETTh1,SHUFFLE,92342,selected_cal,512,35,0.3147774570822881,0.39400884242166834,1.6519395350306123,0.8253968253968254,1.307472586631775,0.0
ETTh1,SHUFFLE,92342,selected_cal,512,36,0.31168710145592854,0.38764737675041905,1.6797483932502844,0.8227513227513228,1.2783030271530151,0.0
ETTh1,SHUFFLE,92342,selected_cal,512,37,0.3412898342136149,0.4264102515570073,1.8232358518948473,0.7724867724867724,1.2616369724273682,0.0
ETTh1,SHUFFLE,92342,selected_cal,512,38,0.35125046258814946,0.44201723557450934,1.8138592798243125,0.7936507936507936,1.2820758819580078,0.0006613756613756613
ETTh1,SHUFFLE,92342,selected_cal,512,39,0.34775429836768,0.43496556680454773,1.7330064820076423,0.7804232804232805,1.3218121528625488,0.000992063492063492
ETTh1,SHUFFLE,92342,selected_cal,512,40,0.3673386894029799,0.4598189470805719,1.7208462978205668,0.7407407407407407,1.3595448732376099,0.0006613756613756613
ETTh1,SHUFFLE,92342,selected_cal,512,41,0.32390957903545803,0.40772238764511454,1.5798617351070914,0.7936507936507936,1.3816406726837158,0.0
ETTh1,SHUFFLE,92342,selected_cal,512,42,0.34170595781566593,0.42863879627575907,1.7675765475465193,0.7566137566137566,1.3679065704345703,0.0
ETTh1,SHUFFLE,92342,selected_cal,512,43,0.33910085115012223,0.4230995248183882,1.7978442968633124,0.7777777777777778,1.3393168449401855,0.0
ETTh1,SHUFFLE,92342,selected_cal,512,44,0.380049598066741,0.47456890845307514,2.0176667537559907,0.7433862433862434,1.3262684345245361,0.0
ETTh1,SHUFFLE,92342,selected_cal,512,45,0.35918059895390303,0.4462845075009411,1.879568964755409,0.7857142857142857,1.3165161609649658,0.0
ETTh1,SHUFFLE,92342,selected_cal,512,46,0.35022818857439714,0.43652839963396434,1.8052695703411858,0.7671957671957672,1.3269057273864746,0.00033068783068783067
ETTh1,SHUFFLE,92342,selected_cal,512,47,0.3511351594765966,0.44444801947902074,1.8093210319303488,0.8042328042328042,1.3614130020141602,0.0006613756613756613
ETTh1,SHUFFLE,92342,selected_cal,512,48,0.3656326104351146,0.4741294116272972,1.8504991395172303,0.783068783068783,1.4057594537734985,0.00033068783068783067
ETTh1,SHUFFLE,92342,selected_cal,512,49,0.3670436299054499,0.4745773790896017,1.8937558723741739,0.7698412698412699,1.4439470767974854,0.0
ETTh1,SHUFFLE,92342,selected_cal,512,50,0.3597172435144224,0.4681561322344007,1.8536990548252428,0.753968253968254,1.4502437114715576,0.0
ETTh1,SHUFFLE,92342,selected_cal,512,51,0.35874931002541177,0.4590430560467843,1.81001078339402,0.7486772486772487,1.437767505645752,0.0
ETTh1,SHUFFLE,92342,selected_cal,512,52,0.36966252037409436,0.4702095683673397,1.8459552447828982,0.7671957671957672,1.4198740720748901,0.0
ETTh1,SHUFFLE,92342,selected_cal,512,53,0.3863798612222736,0.4899970046583034,1.9872214594294155,0.753968253968254,1.4126018285751343,0.0
ETTh1,SHUFFLE,92342,selected_cal,512,54,0.4055827864030906,0.5175197430206977,2.0663314834828417,0.7380952380952381,1.4251832962036133,0.0
ETTh1,SHUFFLE,92342,selected_cal,512,55,0.40043143442570345,0.5111542478300223,2.0086904224106874,0.7619047619047619,1.4422625303268433,0.0
ETTh1,SHUFFLE,92342,selected_cal,512,56,0.37723717784118427,0.49098994593825296,1.8584843497900736,0.746031746031746,1.4566845893859863,0.0
ETTh1,SHUFFLE,92342,selected_cal,512,57,0.3637132007347754,0.4625492143973494,1.7764822042217014,0.7698412698412699,1.4625803232192993,0.0
ETTh1,SHUFFLE,92342,selected_cal,512,58,0.31517381955212626,0.39306877943723745,1.5776706709078065,0.828042328042328,1.4536752700805664,0.0
ETTh1,SHUFFLE,92342,selected_cal,512,59,0.3107710906448693,0.37431900701114795,1.524502348815086,0.7936507936507936,1.4180843830108643,0.0
ETTh1,SHUFFLE,92342,selected_cal,512,60,0.30581957951225813,0.37062705133977686,1.454922416843671,0.8333333333333334,1.3945057392120361,0.0
ETTh1,SHUFFLE,92342,selected_cal,512,61,0.3352948912924283,0.4159106396877385,1.6866011413494273,0.8068783068783069,1.3766742944717407,0.0
ETTh1,SHUFFLE,92342,selected_cal,512,62,0.33200297044511723,0.4154722019852649,1.693054723223208,0.8095238095238095,1.3901323080062866,0.0
ETTh1,SHUFFLE,92342,selected_cal,512,63,0.34701799651065107,0.4412761014166919,1.6736880707795974,0.7883597883597884,1.428247094154358,0.0
ETTh1,SHUFFLE,92342,selected_cal,512,64,0.3853522122744552,0.4840511272930799,1.7240141530043234,0.7592592592592593,1.4542042016983032,0.0
ETTh1,TEMP,92341,raw128,128,1,0.21093772004535857,0.26623080203951843,0.8961053058386795,0.783068783068783,0.8041276931762695,0.0
ETTh1,TEMP,92341,raw128,128,2,0.24380298981227427,0.31042081633061125,1.1394328027963638,0.7936507936507936,0.9300220012664795,0.0
ETTh1,TEMP,92341,raw128,128,3,0.23202711682882476,0.29342308150734436,1.1038908933796896,0.828042328042328,0.9841021299362183,0.0
ETTh1,TEMP,92341,raw128,128,4,0.26342727837930274,0.33753878277344246,1.2623488258708406,0.7857142857142857,1.0059105157852173,0.0
ETTh1,TEMP,92341,raw128,128,5,0.26583838564427836,0.33439713055131504,1.3183455149293262,0.8068783068783069,1.0212124586105347,0.0
ETTh1,TEMP,92341,raw128,128,6,0.2851868264630613,0.35349156472769544,1.3329814442842411,0.791005291005291,1.0569860935211182,0.0
ETTh1,TEMP,92341,raw128,128,7,0.28103934573196615,0.3554671820925494,1.3647864472574343,0.8174603174603174,1.1028960943222046,0.0
ETTh1,TEMP,92341,raw128,128,8,0.30915882712577375,0.3869179586079338,1.3254089240162146,0.8068783068783069,1.1409579515457153,0.0
ETTh1,TEMP,92341,raw128,128,9,0.28530533293154087,0.3547924330266878,1.2667256509540257,0.8015873015873016,1.1632094383239746,0.0
ETTh1,TEMP,92341,raw128,128,10,0.27906321247790544,0.3463802775437138,1.2865937533714469,0.843915343915344,1.1618977785110474,0.0
ETTh1,TEMP,92341,raw128,128,11,0.2802077184748779,0.34409606789381286,1.3416651541948634,0.8148148148148148,1.1388492584228516,0.0
ETTh1,TEMP,92341,raw128,128,12,0.2992030054751603,0.3651179482532761,1.4797490378891034,0.8201058201058201,1.1237351894378662,0.0
ETTh1,TEMP,92341,raw128,128,13,0.28349644362376064,0.3590832744930424,1.4364928405475679,0.8386243386243386,1.1133679151535034,0.0
ETTh1,TEMP,92341,raw128,128,14,0.28913360310749797,0.3581369640124906,1.4414491646543697,0.8095238095238095,1.1331653594970703,0.0
ETTh1,TEMP,92341,raw128,128,15,0.3063321124363228,0.382201095501531,1.5403132944826097,0.798941798941799,1.175152063369751,0.0
ETTh1,TEMP,92341,raw128,128,16,0.2891648724816924,0.3588420140364325,1.3510930148303193,0.8201058201058201,1.2065082788467407,0.0
ETTh1,TEMP,92341,raw128,128,17,0.3045016388841833,0.3832272830489497,1.4614711674078116,0.7777777777777778,1.218227505683899,0.0
ETTh1,TEMP,92341,raw128,128,18,0.3019622128407812,0.382177573659272,1.5885073856386558,0.8068783068783069,1.1977109909057617,0.0
ETTh1,TEMP,92341,raw128,128,19,0.31604517107982083,0.38677768306560284,1.6789918916999662,0.7777777777777778,1.1716222763061523,0.0
ETTh1,TEMP,92341,raw128,128,20,0.31063514322220476,0.3832572156427966,1.6600488479490634,0.8121693121693122,1.1565853357315063,0.00033068783068783067
ETTh1,TEMP,92341,raw128,128,21,0.34477291375069297,0.42349305111695407,1.8115880300916691,0.7671957671957672,1.1393721103668213,0.0
ETTh1,TEMP,92341,raw128,128,22,0.3239285668504602,0.40786908033589425,1.704130429932207,0.7857142857142857,1.154360055923462,0.0
ETTh1,TEMP,92341,raw128,128,23,0.3230157063785743,0.41208389344022167,1.6591721168428502,0.783068783068783,1.1991193294525146,0.00033068783068783067
ETTh1,TEMP,92341,raw128,128,24,0.3411089555812307,0.4373244883611132,1.6192163687258485,0.7619047619047619,1.2525906562805176,0.0
ETTh1,TEMP,92341,raw128,128,25,0.30753501049074,0.3974922980099462,1.5094357914040013,0.8121693121693122,1.3059659004211426,0.0
ETTh1,TEMP,92341,raw128,128,26,0.2692185604159263,0.3418359010648461,1.348811254082691,0.8492063492063492,1.3249257802963257,0.0
ETTh1,TEMP,92341,raw128,128,27,0.2639077011909108,0.32179627635210334,1.2664128422500596,0.8333333333333334,1.313188076019287,0.0
ETTh1,TEMP,92341,raw128,128,28,0.28813428521593526,0.36120035958699287,1.456959076797363,0.8306878306878307,1.299623966217041,0.0
ETTh1,TEMP,92341,raw128,128,29,0.2951406398208219,0.3673518722956525,1.4405043934861188,0.8492063492063492,1.2926853895187378,0.0
ETTh1,TEMP,92341,raw128,128,30,0.28836940002894557,0.36613928331979656,1.4746101357279315,0.8518518518518519,1.304947018623352,0.0
ETTh1,TEMP,92341,raw128,128,31,0.2889333468151963,0.3710098097558291,1.4270335704324737,0.8333333333333334,1.338295578956604,0.0
ETTh1,TEMP,92341,raw128,128,32,0.3143953070516031,0.397118170754468,1.4559824644494308,0.8095238095238095,1.3703726530075073,0.0
ETTh1,TEMP,92341,raw128,128,33,0.3140283068818189,0.3966553045201615,1.5591770031307108,0.7936507936507936,1.3736326694488525,0.0
ETTh1,TEMP,92341,raw128,128,34,0.31146285649028893,0.3829499005821011,1.524696489254003,0.828042328042328,1.36106538772583,0.0
ETTh1,TEMP,92341,raw128,128,35,0.32259586401862433,0.3982549464236941,1.6880347782538996,0.8412698412698413,1.3275175094604492,0.0
ETTh1,TEMP,92341,raw128,128,36,0.3202471638145907,0.39174472854008474,1.7130514243568378,0.8306878306878307,1.2998014688491821,0.0
ETTh1,TEMP,92341,raw128,128,37,0.35070215697484153,0.431490076823488,1.8548517815926402,0.7857142857142857,1.2812727689743042,0.0
ETTh1,TEMP,92341,raw128,128,38,0.3587342238350375,0.4420564859788954,1.835969505338836,0.8068783068783069,1.2955793142318726,0.0
ETTh1,TEMP,92341,raw128,128,39,0.35525315336262697,0.44057355631345746,1.7565529196764584,0.7857142857142857,1.3346891403198242,0.00033068783068783067
ETTh1,TEMP,92341,raw128,128,40,0.37236732143889567,0.46210774463921556,1.7147984142223047,0.7486772486772487,1.374443531036377,0.0
ETTh1,TEMP,92341,raw128,128,41,0.32969047811386026,0.4144435805665643,1.6131054144451227,0.7936507936507936,1.3948160409927368,0.0
ETTh1,TEMP,92341,raw128,128,42,0.3481596402764809,0.43704358950865,1.795756603418677,0.7751322751322751,1.3818774223327637,0.0
ETTh1,TEMP,92341,raw128,128,43,0.3469399883476518,0.43228990432956066,1.8362761386645534,0.791005291005291,1.3560374975204468,0.0
ETTh1,TEMP,92341,raw128,128,44,0.38696697166451416,0.48205706520398167,2.05190718816544,0.746031746031746,1.3418430089950562,0.0
ETTh1,TEMP,92341,raw128,128,45,0.36872665534810173,0.45849008981491834,1.93664346796968,0.783068783068783,1.3296267986297607,0.0
ETTh1,TEMP,92341,raw128,128,46,0.35385233779050645,0.4414609157694141,1.8353370407093612,0.8015873015873016,1.3387691974639893,0.000992063492063492
ETTh1,TEMP,92341,raw128,128,47,0.35472801479268873,0.44651191414963615,1.8207810551282906,0.8148148148148148,1.378747820854187,0.000992063492063492
ETTh1,TEMP,92341,raw128,128,48,0.3691861881629034,0.4747856127849065,1.8635777266567977,0.7962962962962963,1.4326393604278564,0.0006613756613756613
ETTh1,TEMP,92341,raw128,128,49,0.3755400036801353,0.47788987432226715,1.9036927464856672,0.7698412698412699,1.4666177034378052,0.0
ETTh1,TEMP,92341,raw128,128,50,0.36433889961122196,0.46867329282735865,1.8633808907042577,0.7724867724867724,1.4612181186676025,0.0
ETTh1,TEMP,92341,raw128,128,51,0.36588082678740325,0.46119316588401793,1.817596036605734,0.753968253968254,1.439036250114441,0.0
ETTh1,TEMP,92341,raw128,128,52,0.38359168879774386,0.4821277635081358,1.8905851764298935,0.7619047619047619,1.4170836210250854,0.0
ETTh1,TEMP,92341,raw128,128,53,0.3982561925328189,0.5003374657642806,2.0246676752176236,0.7380952380952381,1.4052646160125732,0.0
ETTh1,TEMP,92341,raw128,128,54,0.41525645415486906,0.5255687584482727,2.0859072766803877,0.7513227513227513,1.4148708581924438,0.0
ETTh1,TEMP,92341,raw128,128,55,0.4113829228988182,0.5199697164755835,2.0290225491558433,0.7592592592592593,1.4402633905410767,0.0
ETTh1,TEMP,92341,raw128,128,56,0.38211025016125144,0.492084778556193,1.8576956622341954,0.7671957671957672,1.4679791927337646,0.0
ETTh1,TEMP,92341,raw128,128,57,0.36550976350370884,0.46277341098604446,1.7721658838942411,0.7777777777777778,1.4765928983688354,0.0
ETTh1,TEMP,92341,raw128,128,58,0.31634139142418316,0.3933003070655363,1.5842601297590784,0.8333333333333334,1.4645566940307617,0.0
ETTh1,TEMP,92341,raw128,128,59,0.31490418444506607,0.3773667732326163,1.5364207115970434,0.8095238095238095,1.4258368015289307,0.0
ETTh1,TEMP,92341,raw128,128,60,0.3125362582228847,0.3762769231380866,1.4752281285704127,0.8518518518518519,1.4007744789123535,0.0
ETTh1,TEMP,92341,raw128,128,61,0.3408159203278426,0.418410237637365,1.6872276737103387,0.8095238095238095,1.380056381225586,0.0
ETTh1,TEMP,92341,raw128,128,62,0.3361926546872283,0.4171076602029961,1.6939130023555466,0.8174603174603174,1.3909993171691895,0.0
ETTh1,TEMP,92341,raw128,128,63,0.3463645092340174,0.4359505784440111,1.6584803315283603,0.8015873015873016,1.431349515914917,0.0
ETTh1,TEMP,92341,raw128,128,64,0.3890244152880433,0.48660287770613925,1.7314277613860747,0.7671957671957672,1.4656898975372314,0.0
ETTh1,TEMP,92341,selected_raw,512,1,0.2123166351134271,0.26706992352931963,0.9019938138702874,0.783068783068783,0.8395991325378418,0.0
ETTh1,TEMP,92341,selected_raw,512,2,0.23948243247534004,0.30546483164042876,1.131530560888153,0.8227513227513228,0.9637157320976257,0.0
ETTh1,TEMP,92341,selected_raw,512,3,0.23083062668163298,0.29085382221720724,1.103116466944653,0.8359788359788359,1.0168310403823853,0.0
ETTh1,TEMP,92341,selected_raw,512,4,0.2574144523668201,0.3301866994075592,1.226611356236159,0.7857142857142857,1.0307351350784302,0.0
ETTh1,TEMP,92341,selected_raw,512,5,0.26085362373297954,0.3278573481268304,1.2875073371386085,0.8174603174603174,1.0385948419570923,0.0
ETTh1,TEMP,92341,selected_raw,512,6,0.28575530714214165,0.35767446997675906,1.35363123110599,0.8015873015873016,1.068803310394287,0.0
ETTh1,TEMP,92341,selected_raw,512,7,0.27189910350770047,0.3457528294191957,1.3195836131495458,0.8333333333333334,1.1111791133880615,0.0
ETTh1,TEMP,92341,selected_raw,512,8,0.3037945683646124,0.3804463209298144,1.289757895150355,0.8068783068783069,1.1426661014556885,0.0
ETTh1,TEMP,92341,selected_raw,512,9,0.2827142686265108,0.35109502124530045,1.2537086092566372,0.798941798941799,1.1595618724822998,0.0
ETTh1,TEMP,92341,selected_raw,512,10,0.27773537449924,0.3423098752103636,1.2577021487214892,0.8359788359788359,1.1540544033050537,0.0
ETTh1,TEMP,92341,selected_raw,512,11,0.27711691873539906,0.33882160803153993,1.313005918962142,0.8121693121693122,1.128167986869812,0.0
ETTh1,TEMP,92341,selected_raw,512,12,0.2955160974802213,0.3595609654547887,1.4523943901535064,0.8253968253968254,1.1079128980636597,0.0
ETTh1,TEMP,92341,selected_raw,512,13,0.27952761374920876,0.3518783512992911,1.4004727186704125,0.8227513227513228,1.0964778661727905,0.0
ETTh1,TEMP,92341,selected_raw,512,14,0.28451808332608125,0.3549553330790224,1.4148819699449828,0.8068783068783069,1.1175537109375,0.0
ETTh1,TEMP,92341,selected_raw,512,15,0.3033518255742292,0.3823702337095736,1.533223996717463,0.8042328042328042,1.1616501808166504,0.0
ETTh1,TEMP,92341,selected_raw,512,16,0.2888135603426543,0.35935316516608695,1.3539411237946264,0.8253968253968254,1.1942485570907593,0.0
ETTh1,TEMP,92341,selected_raw,512,17,0.3028632311298071,0.38297570859559493,1.4651825658819349,0.7777777777777778,1.2050074338912964,0.0
ETTh1,TEMP,92341,selected_raw,512,18,0.3026847554685309,0.3828356967676987,1.5860504571880614,0.8095238095238095,1.176611304283142,0.0
ETTh1,TEMP,92341,selected_raw,512,19,0.3137316898897694,0.3857825932347126,1.6625388718589589,0.7751322751322751,1.1427959203720093,0.0
ETTh1,TEMP,92341,selected_raw,512,20,0.30911042208712586,0.38152391500072685,1.6493610967955892,0.8068783068783069,1.122839331626892,0.0
ETTh1,TEMP,92341,selected_raw,512,21,0.3404822184429916,0.4193342016907239,1.792101149757703,0.746031746031746,1.1035661697387695,0.0
ETTh1,TEMP,92341,selected_raw,512,22,0.31896079965937374,0.40251227478005724,1.6753257626776026,0.7804232804232805,1.114094853401184,0.0
ETTh1,TEMP,92341,selected_raw,512,23,0.3204220168637361,0.41161783174680644,1.657413145655362,0.7724867724867724,1.1569604873657227,0.0
ETTh1,TEMP,92341,selected_raw,512,24,0.3361995495489498,0.43214576357989154,1.6091761836220349,0.7566137566137566,1.2086455821990967,0.0
ETTh1,TEMP,92341,selected_raw,512,25,0.3057846919801813,0.39607131641413307,1.4912645196512577,0.7857142857142857,1.26791512966156,0.0
ETTh1,TEMP,92341,selected_raw,512,26,0.26697609775897485,0.33905140572529063,1.3249494474203813,0.8544973544973545,1.2862898111343384,0.0
ETTh1,TEMP,92341,selected_raw,512,27,0.2623552579826659,0.32231648757590736,1.2586896056654278,0.828042328042328,1.278082013130188,0.0
ETTh1,TEMP,92341,selected_raw,512,28,0.2820852300355386,0.35369638705192685,1.3987711653428734,0.8201058201058201,1.2656365633010864,0.0
ETTh1,TEMP,92341,selected_raw,512,29,0.2926186891586932,0.3685795845473826,1.4458687445395206,0.8253968253968254,1.2574745416641235,0.0
ETTh1,TEMP,92341,selected_raw,512,30,0.28710331207141454,0.368118495605445,1.476798101254399,0.8306878306878307,1.2666888236999512,0.0
ETTh1,TEMP,92341,selected_raw,512,31,0.2858230090280498,0.3678144880963004,1.4216888911588481,0.8253968253968254,1.2964078187942505,0.0
ETTh1,TEMP,92341,selected_raw,512,32,0.31298054539710085,0.39590744500166813,1.4507340053244242,0.8015873015873016,1.320542573928833,0.0
ETTh1,TEMP,92341,selected_raw,512,33,0.3116542494940463,0.39627146466544705,1.55741677531805,0.783068783068783,1.3212798833847046,0.0
ETTh1,TEMP,92341,selected_raw,512,34,0.30737818802045297,0.38099524838754945,1.5193184741511547,0.8148148148148148,1.309065580368042,0.0
ETTh1,TEMP,92341,selected_raw,512,35,0.3174103211105485,0.3953648352793426,1.6646867628411326,0.8227513227513228,1.2741913795471191,0.0
ETTh1,TEMP,92341,selected_raw,512,36,0.31380685569311534,0.3878178024652628,1.687748912243892,0.8174603174603174,1.2436373233795166,0.0
ETTh1,TEMP,92341,selected_raw,512,37,0.34424839822722714,0.42558869040811204,1.8253249723326277,0.7698412698412699,1.2240676879882812,0.0006613756613756613
ETTh1,TEMP,92341,selected_raw,512,38,0.3551210609025466,0.44186511005499757,1.8173621570859007,0.7962962962962963,1.2411401271820068,0.0006613756613756613
ETTh1,TEMP,92341,selected_raw,512,39,0.35073053482778443,0.4371991777449247,1.7442944786417736,0.7857142857142857,1.2849026918411255,0.0006613756613756613
ETTh1,TEMP,92341,selected_raw,512,40,0.36716288114372037,0.45816679816437894,1.7035557037347524,0.746031746031746,1.3261396884918213,0.0
ETTh1,TEMP,92341,selected_raw,512,41,0.3263902848481919,0.41289313410091566,1.6036558221020396,0.7883597883597884,1.3472442626953125,0.0
ETTh1,TEMP,92341,selected_raw,512,42,0.3440936331771404,0.4314251888512013,1.7736934920349134,0.7671957671957672,1.3311553001403809,0.0
ETTh1,TEMP,92341,selected_raw,512,43,0.34006979516775515,0.423311945025581,1.7983865799806105,0.7804232804232805,1.3014158010482788,0.0
ETTh1,TEMP,92341,selected_raw,512,44,0.3802631018089898,0.4736680714928088,2.012495877447898,0.7354497354497355,1.2846999168395996,0.0
ETTh1,TEMP,92341,selected_raw,512,45,0.3607058408526598,0.44855755558472515,1.8933738983339734,0.783068783068783,1.2723908424377441,0.0
ETTh1,TEMP,92341,selected_raw,512,46,0.3508218550357881,0.4373807844421297,1.8079195581967868,0.7724867724867724,1.2818392515182495,0.0006613756613756613
ETTh1,TEMP,92341,selected_raw,512,47,0.35228291680772267,0.44456541979264846,1.8104910298827148,0.8015873015873016,1.3211030960083008,0.000992063492063492
ETTh1,TEMP,92341,selected_raw,512,48,0.36605423747159205,0.47321903666673376,1.8460149680160813,0.7724867724867724,1.3740917444229126,0.00033068783068783067
ETTh1,TEMP,92341,selected_raw,512,49,0.3697248616315112,0.47680641610433394,1.9008966544790873,0.7751322751322751,1.4182054996490479,0.0
ETTh1,TEMP,92341,selected_raw,512,50,0.35803730363362957,0.4602670543628659,1.81175515968254,0.7566137566137566,1.419488787651062,0.0
ETTh1,TEMP,92341,selected_raw,512,51,0.35547857865151417,0.4513067521418062,1.7561383782910607,0.7513227513227513,1.4020494222640991,0.0
ETTh1,TEMP,92341,selected_raw,512,52,0.36908643685202,0.4666455847595213,1.8061100996873052,0.753968253968254,1.379914402961731,0.0
ETTh1,TEMP,92341,selected_raw,512,53,0.38296360181046146,0.48629373131053566,1.9587161891438343,0.7645502645502645,1.3679120540618896,0.0
ETTh1,TEMP,92341,selected_raw,512,54,0.40212034745971603,0.5109804721966024,2.01678259952595,0.7222222222222222,1.3781719207763672,0.0
ETTh1,TEMP,92341,selected_raw,512,55,0.398198646861313,0.5066568195830897,1.9750189056235647,0.746031746031746,1.4013184309005737,0.0
ETTh1,TEMP,92341,selected_raw,512,56,0.3736783716861405,0.48409396194220333,1.8114571126680525,0.753968253968254,1.4230375289916992,0.0
ETTh1,TEMP,92341,selected_raw,512,57,0.36091857178932235,0.45797457060930674,1.7464984513267323,0.7671957671957672,1.429789423942566,0.0
ETTh1,TEMP,92341,selected_raw,512,58,0.3136048149694916,0.3905706445332283,1.5605891956183962,0.8148148148148148,1.4162232875823975,0.0
ETTh1,TEMP,92341,selected_raw,512,59,0.3095459357932422,0.3715441942909954,1.509248838006031,0.7936507936507936,1.3760353326797485,0.0
ETTh1,TEMP,92341,selected_raw,512,60,0.3064407464375102,0.37076563792309836,1.4531834045789702,0.8306878306878307,1.3495219945907593,0.0
ETTh1,TEMP,92341,selected_raw,512,61,0.3316043614250673,0.40966251082090177,1.6508888859774857,0.791005291005291,1.3284443616867065,0.0
ETTh1,TEMP,92341,selected_raw,512,62,0.3283127611687547,0.4076426283896835,1.64594320347779,0.798941798941799,1.3404921293258667,0.0
ETTh1,TEMP,92341,selected_raw,512,63,0.34318235203229647,0.4335260850746834,1.628483154638498,0.7883597883597884,1.385728359222412,0.0
ETTh1,TEMP,92341,selected_raw,512,64,0.38228473314084915,0.48005820686872824,1.6979172733765115,0.7407407407407407,1.4226266145706177,0.0
ETTh1,TEMP,92341,selected_cal,512,1,0.2123166350827799,0.26706992352931963,0.9019938138702874,0.783068783068783,0.8395991325378418,0.0
ETTh1,TEMP,92341,selected_cal,512,2,0.23948243243842945,0.30546483164042876,1.131530560888153,0.8227513227513228,0.9637157320976257,0.0
ETTh1,TEMP,92341,selected_cal,512,3,0.23083062666682744,0.29085382221720724,1.103116466944653,0.8359788359788359,1.0168310403823853,0.0
ETTh1,TEMP,92341,selected_cal,512,4,0.2574144523290801,0.3301866994075592,1.226611356236159,0.7857142857142857,1.0307351350784302,0.0
ETTh1,TEMP,92341,selected_cal,512,5,0.2608536237273341,0.3278573481268304,1.2875073371386085,0.8174603174603174,1.0385948419570923,0.0
ETTh1,TEMP,92341,selected_cal,512,6,0.2857553072121427,0.35767446997675906,1.35363123110599,0.8015873015873016,1.068803310394287,0.0
ETTh1,TEMP,92341,selected_cal,512,7,0.2718991034492745,0.3457528294191957,1.3195836131495458,0.8333333333333334,1.1111791133880615,0.0
ETTh1,TEMP,92341,selected_cal,512,8,0.3037945683447168,0.3804463209298144,1.289757895150355,0.8068783068783069,1.1426661014556885,0.0
ETTh1,TEMP,92341,selected_cal,512,9,0.28271426859875276,0.35109502124530045,1.2537086092566372,0.798941798941799,1.1595618724822998,0.0
ETTh1,TEMP,92341,selected_cal,512,10,0.27773537457714786,0.3423098752103636,1.2577021487214892,0.8359788359788359,1.1540544033050537,0.0
ETTh1,TEMP,92341,selected_cal,512,11,0.27711691872094196,0.33882160803153993,1.313005918962142,0.8121693121693122,1.128167986869812,0.0
ETTh1,TEMP,92341,selected_cal,512,12,0.2955160974986719,0.3595609654547887,1.4523943901535064,0.8253968253968254,1.1079128980636597,0.0
ETTh1,TEMP,92341,selected_cal,512,13,0.27952761374749086,0.3518783512992911,1.4004727186704125,0.8227513227513228,1.0964778661727905,0.0
ETTh1,TEMP,92341,selected_cal,512,14,0.2845180832790465,0.3549553330790224,1.4148819699449828,0.8068783068783069,1.1175537109375,0.0
ETTh1,TEMP,92341,selected_cal,512,15,0.3033518255410924,0.3823702337095736,1.533223996717463,0.8042328042328042,1.1616501808166504,0.0
ETTh1,TEMP,92341,selected_cal,512,16,0.288813560364397,0.35935316516608695,1.3539411237946264,0.8253968253968254,1.1942485570907593,0.0
ETTh1,TEMP,92341,selected_cal,512,17,0.3028632311008189,0.38297570859559493,1.4651825658819349,0.7777777777777778,1.2050074338912964,0.0
ETTh1,TEMP,92341,selected_cal,512,18,0.3026847554236216,0.3828356967676987,1.5860504571880614,0.8095238095238095,1.176611304283142,0.0
ETTh1,TEMP,92341,selected_cal,512,19,0.31373168995618583,0.3857825932347126,1.6625388718589589,0.7751322751322751,1.1427959203720093,0.0
ETTh1,TEMP,92341,selected_cal,512,20,0.3091104220237321,0.38152391500072685,1.6493610967955892,0.8068783068783069,1.122839331626892,0.0
ETTh1,TEMP,92341,selected_cal,512,21,0.3404822183339523,0.4193342016907239,1.792101149757703,0.746031746031746,1.1035661697387695,0.0
ETTh1,TEMP,92341,selected_cal,512,22,0.31896079963660245,0.40251227478005724,1.6753257626776026,0.7804232804232805,1.114094853401184,0.0
ETTh1,TEMP,92341,selected_cal,512,23,0.32042201678077936,0.41161783174680644,1.657413145655362,0.7724867724867724,1.1569604873657227,0.0
ETTh1,TEMP,92341,selected_cal,512,24,0.3361995494320353,0.43214576357989154,1.6091761836220349,0.7566137566137566,1.2086455821990967,0.0
ETTh1,TEMP,92341,selected_cal,512,25,0.3057846918871096,0.39607131641413307,1.4912645196512577,0.7857142857142857,1.26791512966156,0.0
ETTh1,TEMP,92341,selected_cal,512,26,0.2669760978314012,0.33905140572529063,1.3249494474203813,0.8544973544973545,1.2862898111343384,0.0
ETTh1,TEMP,92341,selected_cal,512,27,0.26235525804299903,0.32231648757590736,1.2586896056654278,0.828042328042328,1.278082013130188,0.0
ETTh1,TEMP,92341,selected_cal,512,28,0.2820852300421443,0.35369638705192685,1.3987711653428734,0.8201058201058201,1.2656365633010864,0.0
ETTh1,TEMP,92341,selected_cal,512,29,0.292618689152904,0.3685795845473826,1.4458687445395206,0.8253968253968254,1.2574745416641235,0.0
ETTh1,TEMP,92341,selected_cal,512,30,0.2871033120939558,0.368118495605445,1.476798101254399,0.8306878306878307,1.2666888236999512,0.0
ETTh1,TEMP,92341,selected_cal,512,31,0.28582300908972985,0.3678144880963004,1.4216888911588481,0.8253968253968254,1.2964078187942505,0.0
ETTh1,TEMP,92341,selected_cal,512,32,0.3129805452624104,0.39590744500166813,1.4507340053244242,0.8015873015873016,1.3205426931381226,0.0
ETTh1,TEMP,92341,selected_cal,512,33,0.31165424955914117,0.39627146466544705,1.55741677531805,0.783068783068783,1.3212798833847046,0.0
ETTh1,TEMP,92341,selected_cal,512,34,0.3073781880069495,0.38099524838754945,1.5193184741511547,0.8148148148148148,1.309065580368042,0.0
ETTh1,TEMP,92341,selected_cal,512,35,0.31741032119010876,0.3953648352793426,1.6646867628411326,0.8227513227513228,1.2741913795471191,0.0
ETTh1,TEMP,92341,selected_cal,512,36,0.3138068558719036,0.3878178024652628,1.687748912243892,0.8174603174603174,1.2436373233795166,0.0
ETTh1,TEMP,92341,selected_cal,512,37,0.3442483981520416,0.42558869040811204,1.8253249723326277,0.7698412698412699,1.2240676879882812,0.0006613756613756613
ETTh1,TEMP,92341,selected_cal,512,38,0.3551210609227825,0.44186511005499757,1.8173621570859007,0.7962962962962963,1.2411401271820068,0.0006613756613756613
ETTh1,TEMP,92341,selected_cal,512,39,0.3507305348628368,0.4371991777449247,1.7442944786417736,0.7857142857142857,1.2849026918411255,0.0006613756613756613
ETTh1,TEMP,92341,selected_cal,512,40,0.36716288112195183,0.45816679816437894,1.7035557037347524,0.746031746031746,1.3261396884918213,0.0
ETTh1,TEMP,92341,selected_cal,512,41,0.3263902848638452,0.41289313410091566,1.6036558221020396,0.7883597883597884,1.3472442626953125,0.0
ETTh1,TEMP,92341,selected_cal,512,42,0.3440936332556641,0.4314251888512013,1.7736934920349134,0.7671957671957672,1.3311553001403809,0.0
ETTh1,TEMP,92341,selected_cal,512,43,0.340069795107914,0.423311945025581,1.7983865799806105,0.7804232804232805,1.3014158010482788,0.0
ETTh1,TEMP,92341,selected_cal,512,44,0.38026310190182366,0.4736680714928088,2.012495877447898,0.7354497354497355,1.2846999168395996,0.0
ETTh1,TEMP,92341,selected_cal,512,45,0.36070584075851186,0.44855755558472515,1.8933738983339734,0.783068783068783,1.2723908424377441,0.0
ETTh1,TEMP,92341,selected_cal,512,46,0.35082185507295344,0.4373807844421297,1.8079195581967868,0.7724867724867724,1.2818392515182495,0.0006613756613756613
ETTh1,TEMP,92341,selected_cal,512,47,0.35228291682877594,0.44456541979264846,1.8104910298827148,0.8015873015873016,1.3211030960083008,0.000992063492063492
ETTh1,TEMP,92341,selected_cal,512,48,0.36605423757417427,0.47321903666673376,1.8460149680160813,0.7724867724867724,1.3740917444229126,0.00033068783068783067
ETTh1,TEMP,92341,selected_cal,512,49,0.36972486168464536,0.47680641610433394,1.9008966544790873,0.7751322751322751,1.4182054996490479,0.0
ETTh1,TEMP,92341,selected_cal,512,50,0.3580373036056264,0.4602670543628659,1.81175515968254,0.7566137566137566,1.419488787651062,0.0
ETTh1,TEMP,92341,selected_cal,512,51,0.3554785786324259,0.4513067521418062,1.7561383782910607,0.7513227513227513,1.4020494222640991,0.0
ETTh1,TEMP,92341,selected_cal,512,52,0.36908643711375694,0.4666455847595213,1.8061100996873052,0.753968253968254,1.3799142837524414,0.0
ETTh1,TEMP,92341,selected_cal,512,53,0.3829636018137724,0.48629373131053566,1.9587161891438343,0.7645502645502645,1.3679120540618896,0.0
ETTh1,TEMP,92341,selected_cal,512,54,0.40212034742556374,0.5109804721966024,2.01678259952595,0.7222222222222222,1.3781719207763672,0.0
ETTh1,TEMP,92341,selected_cal,512,55,0.39819864672594635,0.5066568195830897,1.9750189056235647,0.746031746031746,1.4013184309005737,0.0
ETTh1,TEMP,92341,selected_cal,512,56,0.37367837166007856,0.48409396194220333,1.8114571126680525,0.753968253968254,1.4230375289916992,0.0
ETTh1,TEMP,92341,selected_cal,512,57,0.36091857175691505,0.45797457060930674,1.7464984513267323,0.7671957671957672,1.429789423942566,0.0
ETTh1,TEMP,92341,selected_cal,512,58,0.31360481485920877,0.3905706445332283,1.5605891956183962,0.8148148148148148,1.416223406791687,0.0
ETTh1,TEMP,92341,selected_cal,512,59,0.30954593580004175,0.3715441942909954,1.509248838006031,0.7936507936507936,1.3760353326797485,0.0
ETTh1,TEMP,92341,selected_cal,512,60,0.3064407464362686,0.37076563792309836,1.4531834045789702,0.8306878306878307,1.3495219945907593,0.0
ETTh1,TEMP,92341,selected_cal,512,61,0.331604361296699,0.40966251082090177,1.6508888859774857,0.791005291005291,1.3284443616867065,0.0
ETTh1,TEMP,92341,selected_cal,512,62,0.32831276133081,0.4076426283896835,1.64594320347779,0.798941798941799,1.3404921293258667,0.0
ETTh1,TEMP,92341,selected_cal,512,63,0.34318235214525517,0.4335260850746834,1.628483154638498,0.7883597883597884,1.385728359222412,0.0
ETTh1,TEMP,92341,selected_cal,512,64,0.38228473317875206,0.48005820686872824,1.6979172733765115,0.7407407407407407,1.4226266145706177,0.0
ETTh1,TEMP,92342,raw128,128,1,0.21077396916460794,0.26597403642503636,0.8953458221146354,0.7777777777777778,0.8066551685333252,0.0
ETTh1,TEMP,92342,raw128,128,2,0.24301527752218383,0.30952636534208167,1.1381392588139212,0.7883597883597884,0.9288448095321655,0.0
ETTh1,TEMP,92342,raw128,128,3,0.23246319914599728,0.2936668556913488,1.1088794953332692,0.8253968253968254,0.9799520373344421,0.0
ETTh1,TEMP,92342,raw128,128,4,0.26309771799183845,0.3372389094839198,1.2616996189392118,0.7698412698412699,0.9986853003501892,0.0
ETTh1,TEMP,92342,raw128,128,5,0.26538576287123705,0.3338967910832901,1.3189988872479825,0.8015873015873016,1.0109039545059204,0.0
ETTh1,TEMP,92342,raw128,128,6,0.28482104353759025,0.3527831720722498,1.330770938070836,0.7804232804232805,1.0443953275680542,0.0
ETTh1,TEMP,92342,raw128,128,7,0.2799184058527744,0.3536333413788668,1.356457367992748,0.8174603174603174,1.0902048349380493,0.0
ETTh1,TEMP,92342,raw128,128,8,0.3071140039520769,0.38431773955540804,1.3175645232318887,0.8068783068783069,1.1293315887451172,0.0
ETTh1,TEMP,92342,raw128,128,9,0.2841850303316655,0.3532098947515984,1.2605326208212073,0.798941798941799,1.151429295539856,0.0
ETTh1,TEMP,92342,raw128,128,10,0.27746262446823794,0.34410128393729195,1.2729413708248152,0.8412698412698413,1.1493066549301147,0.0
ETTh1,TEMP,92342,raw128,128,11,0.27845087985057554,0.3417019107841531,1.3289409090010893,0.8095238095238095,1.1263201236724854,0.0
ETTh1,TEMP,92342,raw128,128,12,0.297952609760629,0.36485584630530404,1.4790266729970143,0.8148148148148148,1.1118807792663574,0.0
ETTh1,TEMP,92342,raw128,128,13,0.283007589710702,0.3588846617487613,1.4346875294293993,0.8359788359788359,1.1004987955093384,0.0
ETTh1,TEMP,92342,raw128,128,14,0.2876699802437988,0.3571344360438917,1.4344082785149415,0.8068783068783069,1.118648648262024,0.0
ETTh1,TEMP,92342,raw128,128,15,0.30588402139834486,0.3818049531394651,1.536349890763482,0.798941798941799,1.1607364416122437,0.0
ETTh1,TEMP,92342,raw128,128,16,0.288106865858433,0.35797505439426264,1.344053543236836,0.8201058201058201,1.1931195259094238,0.0
ETTh1,TEMP,92342,raw128,128,17,0.3038939095040813,0.38272684689103736,1.4585535921865986,0.7724867724867724,1.2043993473052979,0.0
ETTh1,TEMP,92342,raw128,128,18,0.301428684466254,0.3818107319095547,1.5877327701007877,0.8042328042328042,1.1823302507400513,0.0
ETTh1,TEMP,92342,raw128,128,19,0.31559262690109785,0.38615258375729683,1.6774250812749698,0.7724867724867724,1.1544958353042603,0.0
ETTh1,TEMP,92342,raw128,128,20,0.3115567752158565,0.38385866268268637,1.6646323145697357,0.8042328042328042,1.137361764907837,0.0
ETTh1,TEMP,92342,raw128,128,21,0.34580315218972896,0.42413668094104756,1.8146152226697831,0.7592592592592593,1.1178995370864868,0.0
ETTh1,TEMP,92342,raw128,128,22,0.32459773454530266,0.40799122722762815,1.7052772378046361,0.7751322751322751,1.132330298423767,0.0
ETTh1,TEMP,92342,raw128,128,23,0.3242494591227289,0.4128140889189812,1.6642402367144036,0.7777777777777778,1.1779536008834839,0.00033068783068783067
ETTh1,TEMP,92342,raw128,128,24,0.34197669293296223,0.43801273973589044,1.6205082490015281,0.7671957671957672,1.2326287031173706,0.0
ETTh1,TEMP,92342,raw128,128,25,0.3076978774258096,0.3973044742057303,1.508457512924911,0.798941798941799,1.2862244844436646,0.0
ETTh1,TEMP,92342,raw128,128,26,0.268982227736122,0.34094806973726677,1.3435377778790931,0.8492063492063492,1.304343581199646,0.0
ETTh1,TEMP,92342,raw128,128,27,0.2634783198076089,0.32134824013048946,1.2612672357489823,0.8333333333333334,1.2925208806991577,0.0
ETTh1,TEMP,92342,raw128,128,28,0.2879722431798214,0.3604427816742878,1.451862497442456,0.828042328042328,1.277953863143921,0.0
ETTh1,TEMP,92342,raw128,128,29,0.29461465676605597,0.36678390150108237,1.4380115965213724,0.8359788359788359,1.268836498260498,0.0
ETTh1,TEMP,92342,raw128,128,30,0.2873546340314586,0.3642598115061792,1.464101645307093,0.843915343915344,1.279632568359375,0.0
ETTh1,TEMP,92342,raw128,128,31,0.28784563780880024,0.36913041311068717,1.419453268446935,0.8306878306878307,1.3138495683670044,0.0
ETTh1,TEMP,92342,raw128,128,32,0.31376138095631223,0.39577806152671274,1.450480432461494,0.8068783068783069,1.3473564386367798,0.0
ETTh1,TEMP,92342,raw128,128,33,0.3132060627894916,0.3948787663890636,1.5502861916388153,0.7936507936507936,1.3508118391036987,0.0
ETTh1,TEMP,92342,raw128,128,34,0.310643636199325,0.3825404840412069,1.5209320558520851,0.8201058201058201,1.3380848169326782,0.0
ETTh1,TEMP,92342,raw128,128,35,0.3219470600352474,0.3983963432042306,1.6908687563445517,0.8306878306878307,1.3051624298095703,0.0
ETTh1,TEMP,92342,raw128,128,36,0.31959622946771127,0.3918978367318529,1.7166278831581905,0.8174603174603174,1.2790600061416626,0.0
ETTh1,TEMP,92342,raw128,128,37,0.349952763839679,0.43095108433897467,1.8526265805478765,0.7857142857142857,1.25997793674469,0.0
ETTh1,TEMP,92342,raw128,128,38,0.35855794896599125,0.44220492824393287,1.835745427284449,0.8015873015873016,1.2730106115341187,0.0
ETTh1,TEMP,92342,raw128,128,39,0.3546795523854851,0.44006972549324347,1.7534723228444813,0.783068783068783,1.3131800889968872,0.0006613756613756613
ETTh1,TEMP,92342,raw128,128,40,0.37037305160756673,0.45901584574333143,1.6989971365208032,0.7486772486772487,1.354268193244934,0.0
ETTh1,TEMP,92342,raw128,128,41,0.32871351759776296,0.4143160784958794,1.6134562684745384,0.791005291005291,1.3744521141052246,0.0
ETTh1,TEMP,92342,raw128,128,42,0.34748938875539753,0.43635661149411253,1.7920775521329786,0.7671957671957672,1.3603702783584595,0.0
ETTh1,TEMP,92342,raw128,128,43,0.34670171345716566,0.4322754557818752,1.8366133609500828,0.7857142857142857,1.3332901000976562,0.0
ETTh1,TEMP,92342,raw128,128,44,0.3865620825705525,0.4821842657284327,2.0519594421817198,0.7380952380952381,1.3175262212753296,0.0
ETTh1,TEMP,92342,raw128,128,45,0.3685217774907478,0.458223750581757,1.9358239073513284,0.7751322751322751,1.3033926486968994,0.0
ETTh1,TEMP,92342,raw128,128,46,0.3534297719177837,0.4414527101506143,1.8363105902132928,0.791005291005291,1.3116108179092407,0.000992063492063492
ETTh1,TEMP,92342,raw128,128,47,0.3546767587827065,0.44558506669748493,1.8180732940318722,0.8121693121693122,1.3520365953445435,0.000992063492063492
ETTh1,TEMP,92342,raw128,128,48,0.36969458161206736,0.475811948489239,1.8657037235165714,0.7883597883597884,1.4069172143936157,0.00033068783068783067
ETTh1,TEMP,92342,raw128,128,49,0.37610878969244443,0.47875640874941644,1.9089850830259147,0.7671957671957672,1.4406602382659912,0.0
ETTh1,TEMP,92342,raw128,128,50,0.36497173898622465,0.4692003799076548,1.8663151078911686,0.7592592592592593,1.4347529411315918,0.0
ETTh1,TEMP,92342,raw128,128,51,0.3663335742475074,0.462302949492795,1.8215711640499572,0.7407407407407407,1.4124797582626343,0.0
ETTh1,TEMP,92342,raw128,128,52,0.3844960567568906,0.483588664000074,1.8961820997218921,0.7513227513227513,1.3897017240524292,0.0
ETTh1,TEMP,92342,raw128,128,53,0.3991446313098958,0.5016533329643262,2.027375444651596,0.7328042328042328,1.3757843971252441,0.0
ETTh1,TEMP,92342,raw128,128,54,0.4165978822113392,0.5264773660583097,2.088925836243169,0.7301587301587301,1.384255051612854,0.0
ETTh1,TEMP,92342,raw128,128,55,0.4124729043110599,0.5213843204987036,2.0343472570890473,0.746031746031746,1.4108775854110718,0.0
ETTh1,TEMP,92342,raw128,128,56,0.3827188675415713,0.49183236894667326,1.8580709334324907,0.7513227513227513,1.4401859045028687,0.0
ETTh1,TEMP,92342,raw128,128,57,0.36628233927716874,0.46372709705780246,1.7739176415498294,0.7751322751322751,1.4489296674728394,0.0
ETTh1,TEMP,92342,raw128,128,58,0.3172877555465759,0.39411514107729617,1.5853885149080602,0.8306878306878307,1.4369597434997559,0.0
ETTh1,TEMP,92342,raw128,128,59,0.3156652082107097,0.38017329550872386,1.5492496722668567,0.8042328042328042,1.3996580839157104,0.0
ETTh1,TEMP,92342,raw128,128,60,0.3140996231701762,0.37850210192590955,1.484283231356472,0.8518518518518519,1.3760014772415161,0.0
ETTh1,TEMP,92342,raw128,128,61,0.3414281506367434,0.41981413100077764,1.691817823009043,0.8068783068783069,1.3550636768341064,0.0
ETTh1,TEMP,92342,raw128,128,62,0.33491454136819165,0.4151965921007952,1.679907376547812,0.8174603174603174,1.3651584386825562,0.0
ETTh1,TEMP,92342,raw128,128,63,0.3458843883597142,0.4346354500461986,1.6485298210705714,0.7936507936507936,1.4062021970748901,0.0
ETTh1,TEMP,92342,raw128,128,64,0.38915120819257853,0.4869756208404365,1.729520124782409,0.7645502645502645,1.4419331550598145,0.0
ETTh1,TEMP,92342,selected_raw,512,1,0.21181531444228233,0.2681357714893811,0.9079443553965243,0.7777777777777778,0.8099547624588013,0.0
ETTh1,TEMP,92342,selected_raw,512,2,0.24139747437694686,0.30779608098643524,1.1412719426844171,0.798941798941799,0.94598388671875,0.0
ETTh1,TEMP,92342,selected_raw,512,3,0.23320924704107912,0.294466605664738,1.12063543681824,0.8306878306878307,1.0108546018600464,0.0
ETTh1,TEMP,92342,selected_raw,512,4,0.26469963268476815,0.3421397515525216,1.3011192846353408,0.7804232804232805,1.0325284004211426,0.0
ETTh1,TEMP,92342,selected_raw,512,5,0.2718033323465773,0.3417055810938195,1.3652078632915776,0.8042328042328042,1.0479832887649536,0.0
ETTh1,TEMP,92342,selected_raw,512,6,0.2913365396677629,0.3622968440944029,1.3893978118541694,0.7883597883597884,1.0826678276062012,0.0
ETTh1,TEMP,92342,selected_raw,512,7,0.2807322627532495,0.35576428831084145,1.382684588649128,0.8201058201058201,1.1227785348892212,0.0
ETTh1,TEMP,92342,selected_raw,512,8,0.3105321590015127,0.3909520549552378,1.3577744841536201,0.8042328042328042,1.1504453420639038,0.0
ETTh1,TEMP,92342,selected_raw,512,9,0.2860859450519985,0.3552999560102219,1.279967456366177,0.798941798941799,1.1693378686904907,0.0
ETTh1,TEMP,92342,selected_raw,512,10,0.2772533590052591,0.3461468873928009,1.2819209342635183,0.8359788359788359,1.1679816246032715,0.0
ETTh1,TEMP,92342,selected_raw,512,11,0.2771047840746754,0.3429258843071772,1.335225208036641,0.8068783068783069,1.1468093395233154,0.0
ETTh1,TEMP,92342,selected_raw,512,12,0.2942411712423398,0.3619369386766867,1.462585629097053,0.8227513227513228,1.1297250986099243,0.0
ETTh1,TEMP,92342,selected_raw,512,13,0.2800674388636963,0.35750064393665726,1.4283300602917002,0.8174603174603174,1.12174654006958,0.0
ETTh1,TEMP,92342,selected_raw,512,14,0.2858832100505116,0.35923074214162914,1.4290700490394281,0.798941798941799,1.1436606645584106,0.0
ETTh1,TEMP,92342,selected_raw,512,15,0.3035889683088258,0.38358496853164076,1.531484329590091,0.8015873015873016,1.1824153661727905,0.0
ETTh1,TEMP,92342,selected_raw,512,16,0.288994845366316,0.3613926909587259,1.3614056963453849,0.8201058201058201,1.2062315940856934,0.0
ETTh1,TEMP,92342,selected_raw,512,17,0.3027227020365534,0.38285783080038577,1.4564726486131943,0.7724867724867724,1.2152997255325317,0.0
ETTh1,TEMP,92342,selected_raw,512,18,0.30206860030658905,0.38225855987924967,1.5809142241086909,0.8042328042328042,1.188422441482544,0.0
ETTh1,TEMP,92342,selected_raw,512,19,0.3123266857139937,0.3854710529751893,1.6561910530365018,0.7751322751322751,1.1552172899246216,0.0
ETTh1,TEMP,92342,selected_raw,512,20,0.30802971950927027,0.3816710551315583,1.6425601012571147,0.8015873015873016,1.1361325979232788,0.0
ETTh1,TEMP,92342,selected_raw,512,21,0.3364863086235334,0.4154843150411931,1.7705304304127971,0.7486772486772487,1.1189286708831787,0.0
ETTh1,TEMP,92342,selected_raw,512,22,0.3174117347990865,0.4016481054221652,1.6683294002222953,0.7751322751322751,1.1345791816711426,0.0
ETTh1,TEMP,92342,selected_raw,512,23,0.31868318541182844,0.40951001365616685,1.6408057757037342,0.7777777777777778,1.1776862144470215,0.0
ETTh1,TEMP,92342,selected_raw,512,24,0.336814390995372,0.43144220991737436,1.6060206936228842,0.7645502645502645,1.2251278162002563,0.0
ETTh1,TEMP,92342,selected_raw,512,25,0.3065380627439627,0.3967806947403455,1.4988776775343078,0.8015873015873016,1.2837650775909424,0.0
ETTh1,TEMP,92342,selected_raw,512,26,0.2715119318255364,0.3469507261591744,1.3695307411056348,0.8571428571428571,1.3073774576187134,0.0
ETTh1,TEMP,92342,selected_raw,512,27,0.2704760872816141,0.33226044498594276,1.3095068535989238,0.8227513227513228,1.3049442768096924,0.0
ETTh1,TEMP,92342,selected_raw,512,28,0.2900406529071781,0.3663481284813878,1.471877723478924,0.8227513227513228,1.2951446771621704,0.0
ETTh1,TEMP,92342,selected_raw,512,29,0.30153064207087077,0.3751899955549117,1.475036719331035,0.8227513227513228,1.2913818359375,0.0
ETTh1,TEMP,92342,selected_raw,512,30,0.29243809258618353,0.37389591643721615,1.5140479319586009,0.8359788359788359,1.3033599853515625,0.0
ETTh1,TEMP,92342,selected_raw,512,31,0.2883043195117867,0.36648479010892215,1.4151855286151644,0.8174603174603174,1.3283021450042725,0.0
ETTh1,TEMP,92342,selected_raw,512,32,0.3176594591194856,0.40046654473557297,1.466984008118589,0.7936507936507936,1.3474246263504028,0.0
ETTh1,TEMP,92342,selected_raw,512,33,0.31298993118672785,0.39821770768468034,1.5695251209474115,0.8042328042328042,1.349319338798523,0.0
ETTh1,TEMP,92342,selected_raw,512,34,0.30651828019729993,0.38146758174002376,1.5225132412459486,0.8201058201058201,1.3430782556533813,0.0
ETTh1,TEMP,92342,selected_raw,512,35,0.3147075311262664,0.3938394048276403,1.650592793804155,0.828042328042328,1.31124746799469,0.0
ETTh1,TEMP,92342,selected_raw,512,36,0.3124130801126079,0.3884015855886656,1.684406525351935,0.8227513227513228,1.2819722890853882,0.0
ETTh1,TEMP,92342,selected_raw,512,37,0.34213067609367487,0.4268946888333493,1.827486975532439,0.7751322751322751,1.2654953002929688,0.0
ETTh1,TEMP,92342,selected_raw,512,38,0.3524681625175139,0.4429793019864995,1.8181480669943744,0.798941798941799,1.285988450050354,0.00033068783068783067
ETTh1,TEMP,92342,selected_raw,512,39,0.3488822498596437,0.4363978252467957,1.7392046645914436,0.7777777777777778,1.3261364698410034,0.0006613756613756613
ETTh1,TEMP,92342,selected_raw,512,40,0.3678134422418567,0.45984208303052954,1.7195022436322043,0.7486772486772487,1.3628383874893188,0.00033068783068783067
ETTh1,TEMP,92342,selected_raw,512,41,0.3248721391090623,0.4090363065564237,1.5862567413342061,0.7883597883597884,1.3831850290298462,0.0
ETTh1,TEMP,92342,selected_raw,512,42,0.3412593193543151,0.4278919533890841,1.7624147917346034,0.7645502645502645,1.367490530014038,0.0
ETTh1,TEMP,92342,selected_raw,512,43,0.338608086481287,0.4225318881586357,1.7936189863338041,0.7751322751322751,1.337656855583191,0.0
ETTh1,TEMP,92342,selected_raw,512,44,0.38013457823340063,0.47377960194496327,2.010592178416946,0.7380952380952381,1.321885108947754,0.0
ETTh1,TEMP,92342,selected_raw,512,45,0.35877820596655574,0.44574887659030066,1.8777008571479685,0.7777777777777778,1.3118622303009033,0.0
ETTh1,TEMP,92342,selected_raw,512,46,0.35006750584243657,0.4358218464087976,1.8020123857117833,0.7671957671957672,1.3231385946273804,0.00033068783068783067
ETTh1,TEMP,92342,selected_raw,512,47,0.3508390428391565,0.44319480741573697,1.8017589235924696,0.7962962962962963,1.35891854763031,0.0006613756613756613
ETTh1,TEMP,92342,selected_raw,512,48,0.3652111560584896,0.4729306431673026,1.8458071450490958,0.7883597883597884,1.4056031703948975,0.0
ETTh1,TEMP,92342,selected_raw,512,49,0.3668489699140837,0.47348328840692383,1.889240470246742,0.7671957671957672,1.4452391862869263,0.0
ETTh1,TEMP,92342,selected_raw,512,50,0.3599962563098969,0.4676772255501565,1.8518645229636046,0.7513227513227513,1.4507678747177124,0.0
ETTh1,TEMP,92342,selected_raw,512,51,0.3593410916228283,0.4597692024795127,1.8137053224657262,0.753968253968254,1.438051700592041,0.0
ETTh1,TEMP,92342,selected_raw,512,52,0.37056758219187613,0.47108003324043357,1.8503352920253757,0.7619047619047619,1.4175208806991577,0.0
ETTh1,TEMP,92342,selected_raw,512,53,0.3866375907601922,0.49059295727681157,1.990189270288856,0.7592592592592593,1.408722996711731,0.0
ETTh1,TEMP,92342,selected_raw,512,54,0.406381314403698,0.5180464284175488,2.0672825754832025,0.7354497354497355,1.4203358888626099,0.0
ETTh1,TEMP,92342,selected_raw,512,55,0.40124367295059515,0.5118236841211194,2.0116504329852956,0.7592592592592593,1.4381554126739502,0.0
ETTh1,TEMP,92342,selected_raw,512,56,0.3776096609964658,0.4914355181523847,1.8599004858227635,0.746031746031746,1.4539371728897095,0.0
ETTh1,TEMP,92342,selected_raw,512,57,0.36425361089955843,0.4627335622870364,1.7761023232033328,0.7671957671957672,1.4611546993255615,0.0
ETTh1,TEMP,92342,selected_raw,512,58,0.3155597018094207,0.3930911462558324,1.5762678131500565,0.8227513227513228,1.4531511068344116,0.0
ETTh1,TEMP,92342,selected_raw,512,59,0.31181741825163334,0.3753587599862951,1.5308463311650686,0.7962962962962963,1.4181209802627563,0.0
ETTh1,TEMP,92342,selected_raw,512,60,0.3076771144033619,0.3720507718734684,1.458719581020651,0.8227513227513228,1.3942086696624756,0.0
ETTh1,TEMP,92342,selected_raw,512,61,0.3364815655849375,0.4176159956739297,1.6949802225150128,0.8068783068783069,1.3766920566558838,0.0
ETTh1,TEMP,92342,selected_raw,512,62,0.3323932901881143,0.41550868282928755,1.6902132992430654,0.8042328042328042,1.3900200128555298,0.0
ETTh1,TEMP,92342,selected_raw,512,63,0.34763330709637474,0.44194517265671457,1.6703263773982013,0.7936507936507936,1.4286977052688599,0.0
ETTh1,TEMP,92342,selected_raw,512,64,0.38554102843613136,0.48477605754123493,1.7253402833427702,0.7566137566137566,1.4541752338409424,0.0
ETTh1,TEMP,92342,selected_cal,512,1,0.21181531447674815,0.2681357714893811,0.9079443553965243,0.7777777777777778,0.8099547624588013,0.0
ETTh1,TEMP,92342,selected_cal,512,2,0.2413974743238564,0.30779608098643524,1.1412719426844171,0.798941798941799,0.94598388671875,0.0
ETTh1,TEMP,92342,selected_cal,512,3,0.23320924705096924,0.294466605664738,1.12063543681824,0.8306878306878307,1.0108546018600464,0.0
ETTh1,TEMP,92342,selected_cal,512,4,0.2646996326704239,0.3421397515525216,1.3011192846353408,0.7804232804232805,1.0325284004211426,0.0
ETTh1,TEMP,92342,selected_cal,512,5,0.27180333230307335,0.3417055810938195,1.3652078632915776,0.8042328042328042,1.0479832887649536,0.0
ETTh1,TEMP,92342,selected_cal,512,6,0.2913365395078528,0.3622968440944029,1.3893978118541694,0.7883597883597884,1.0826678276062012,0.0
ETTh1,TEMP,92342,selected_cal,512,7,0.2807322627465699,0.35576428831084145,1.382684588649128,0.8201058201058201,1.1227785348892212,0.0
ETTh1,TEMP,92342,selected_cal,512,8,0.31053215898689007,0.3909520549552378,1.3577744841536201,0.8042328042328042,1.1504453420639038,0.0
ETTh1,TEMP,92342,selected_cal,512,9,0.2860859449642439,0.3552999560102219,1.279967456366177,0.798941798941799,1.1693378686904907,0.0
ETTh1,TEMP,92342,selected_cal,512,10,0.2772533589327367,0.3461468873928009,1.2819209342635183,0.8359788359788359,1.1679816246032715,0.0
ETTh1,TEMP,92342,selected_cal,512,11,0.2771047840768122,0.3429258843071772,1.335225208036641,0.8068783068783069,1.1468093395233154,0.0
ETTh1,TEMP,92342,selected_cal,512,12,0.2942411712105853,0.3619369386766867,1.462585629097053,0.8227513227513228,1.1297250986099243,0.0
ETTh1,TEMP,92342,selected_cal,512,13,0.28006743894050395,0.35750064393665726,1.4283300602917002,0.8174603174603174,1.12174654006958,0.0
ETTh1,TEMP,92342,selected_cal,512,14,0.28588321004839756,0.35923074214162914,1.4290700490394281,0.798941798941799,1.1436606645584106,0.0
ETTh1,TEMP,92342,selected_cal,512,15,0.3035889683408451,0.38358496853164076,1.531484329590091,0.8015873015873016,1.1824153661727905,0.0
ETTh1,TEMP,92342,selected_cal,512,16,0.2889948454221611,0.3613926909587259,1.3614056963453849,0.8201058201058201,1.2062315940856934,0.0
ETTh1,TEMP,92342,selected_cal,512,17,0.3027227020066199,0.38285783080038577,1.4564726486131943,0.7724867724867724,1.2152997255325317,0.0
ETTh1,TEMP,92342,selected_cal,512,18,0.30206860025638005,0.38225855987924967,1.5809142241086909,0.8042328042328042,1.188422441482544,0.0
ETTh1,TEMP,92342,selected_cal,512,19,0.31232668564818333,0.3854710529751893,1.6561910530365018,0.7751322751322751,1.1552172899246216,0.0
ETTh1,TEMP,92342,selected_cal,512,20,0.3080297195333684,0.3816710551315583,1.6425601012571147,0.8015873015873016,1.1361325979232788,0.0
ETTh1,TEMP,92342,selected_cal,512,21,0.33648630868480855,0.4154843150411931,1.7705304304127971,0.7486772486772487,1.1189286708831787,0.0
ETTh1,TEMP,92342,selected_cal,512,22,0.3174117346135116,0.4016481054221652,1.6683294002222953,0.7751322751322751,1.1345791816711426,0.0
ETTh1,TEMP,92342,selected_cal,512,23,0.31868318530092204,0.40951001365616685,1.6408057757037342,0.7777777777777778,1.1776862144470215,0.0
ETTh1,TEMP,92342,selected_cal,512,24,0.3368143909904429,0.43144220991737436,1.6060206936228842,0.7645502645502645,1.2251278162002563,0.0
ETTh1,TEMP,92342,selected_cal,512,25,0.30653806282043045,0.3967806947403455,1.4988776775343078,0.8015873015873016,1.2837649583816528,0.0
ETTh1,TEMP,92342,selected_cal,512,26,0.27151193179847183,0.3469507261591744,1.3695307411056348,0.8571428571428571,1.307377576828003,0.0
ETTh1,TEMP,92342,selected_cal,512,27,0.27047608727241096,0.33226044498594276,1.3095068535989238,0.8227513227513228,1.3049442768096924,0.0
ETTh1,TEMP,92342,selected_cal,512,28,0.2900406527975639,0.3663481284813878,1.471877723478924,0.8227513227513228,1.2951446771621704,0.0
ETTh1,TEMP,92342,selected_cal,512,29,0.30153064205545255,0.3751899955549117,1.475036719331035,0.8227513227513228,1.2913819551467896,0.0
ETTh1,TEMP,92342,selected_cal,512,30,0.29243809248957015,0.37389591643721615,1.5140479319586009,0.8359788359788359,1.3033599853515625,0.0
ETTh1,TEMP,92342,selected_cal,512,31,0.28830431945508156,0.36648479010892215,1.4151855286151644,0.8174603174603174,1.3283021450042725,0.0
ETTh1,TEMP,92342,selected_cal,512,32,0.31765945907855303,0.40046654473557297,1.466984008118589,0.7936507936507936,1.3474246263504028,0.0
ETTh1,TEMP,92342,selected_cal,512,33,0.31298993114098606,0.39821770768468034,1.5695251209474115,0.8042328042328042,1.349319338798523,0.0
ETTh1,TEMP,92342,selected_cal,512,34,0.30651828026459205,0.38146758174002376,1.5225132412459486,0.8201058201058201,1.3430782556533813,0.0
ETTh1,TEMP,92342,selected_cal,512,35,0.31470753119862294,0.3938394048276403,1.650592793804155,0.828042328042328,1.31124746799469,0.0
ETTh1,TEMP,92342,selected_cal,512,36,0.3124130800156179,0.3884015855886656,1.684406525351935,0.8227513227513228,1.2819722890853882,0.0
ETTh1,TEMP,92342,selected_cal,512,37,0.3421306760216258,0.4268946888333493,1.827486975532439,0.7751322751322751,1.2654953002929688,0.0
ETTh1,TEMP,92342,selected_cal,512,38,0.35246816249032364,0.4429793019864995,1.8181480669943744,0.798941798941799,1.285988450050354,0.00033068783068783067
ETTh1,TEMP,92342,selected_cal,512,39,0.3488822497875444,0.4363978252467957,1.7392046645914436,0.7777777777777778,1.3261364698410034,0.0006613756613756613
ETTh1,TEMP,92342,selected_cal,512,40,0.3678134423003121,0.45984208303052954,1.7195022436322043,0.7486772486772487,1.3628383874893188,0.00033068783068783067
ETTh1,TEMP,92342,selected_cal,512,41,0.3248721390244901,0.4090363065564237,1.5862567413342061,0.7883597883597884,1.3831850290298462,0.0
ETTh1,TEMP,92342,selected_cal,512,42,0.34125931934148734,0.4278919533890841,1.7624147917346034,0.7645502645502645,1.367490530014038,0.0
ETTh1,TEMP,92342,selected_cal,512,43,0.33860808656546576,0.4225318881586357,1.7936189863338041,0.7751322751322751,1.337656855583191,0.0
ETTh1,TEMP,92342,selected_cal,512,44,0.38013457805416623,0.47377960194496327,2.010592178416946,0.7380952380952381,1.321885108947754,0.0
ETTh1,TEMP,92342,selected_cal,512,45,0.3587782060419171,0.44574887659030066,1.8777008571479685,0.7777777777777778,1.3118622303009033,0.0
ETTh1,TEMP,92342,selected_cal,512,46,0.3500675058473698,0.4358218464087976,1.8020123857117833,0.7671957671957672,1.3231385946273804,0.00033068783068783067
ETTh1,TEMP,92342,selected_cal,512,47,0.350839042772434,0.44319480741573697,1.8017589235924696,0.7962962962962963,1.35891854763031,0.0006613756613756613
ETTh1,TEMP,92342,selected_cal,512,48,0.3652111558795293,0.4729306431673026,1.8458071450490958,0.7883597883597884,1.4056031703948975,0.0
ETTh1,TEMP,92342,selected_cal,512,49,0.3668489699655735,0.47348328840692383,1.889240470246742,0.7671957671957672,1.4452391862869263,0.0
ETTh1,TEMP,92342,selected_cal,512,50,0.35999625625889564,0.4676772255501565,1.8518645229636046,0.7513227513227513,1.4507678747177124,0.0
ETTh1,TEMP,92342,selected_cal,512,51,0.3593410916026681,0.4597692024795127,1.8137053224657262,0.753968253968254,1.438051700592041,0.0
ETTh1,TEMP,92342,selected_cal,512,52,0.37056758222681974,0.47108003324043357,1.8503352920253757,0.7619047619047619,1.4175208806991577,0.0
ETTh1,TEMP,92342,selected_cal,512,53,0.3866375907587733,0.49059295727681157,1.990189270288856,0.7592592592592593,1.408722996711731,0.0
ETTh1,TEMP,92342,selected_cal,512,54,0.4063813143709541,0.5180464284175488,2.0672825754832025,0.7354497354497355,1.4203358888626099,0.0
ETTh1,TEMP,92342,selected_cal,512,55,0.4012436730707096,0.5118236841211194,2.0116504329852956,0.7592592592592593,1.4381554126739502,0.0
ETTh1,TEMP,92342,selected_cal,512,56,0.37760966083472447,0.4914355181523847,1.8599004858227635,0.746031746031746,1.4539371728897095,0.0
ETTh1,TEMP,92342,selected_cal,512,57,0.36425361081323615,0.4627335622870364,1.7761023232033328,0.7671957671957672,1.4611546993255615,0.0
ETTh1,TEMP,92342,selected_cal,512,58,0.3155597019364961,0.3930911462558324,1.5762678131500565,0.8227513227513228,1.453150987625122,0.0
ETTh1,TEMP,92342,selected_cal,512,59,0.31181741840161603,0.3753587599862951,1.5308463311650686,0.7962962962962963,1.4181209802627563,0.0
ETTh1,TEMP,92342,selected_cal,512,60,0.30767711438293394,0.3720507718734684,1.458719581020651,0.8227513227513228,1.3942086696624756,0.0
ETTh1,TEMP,92342,selected_cal,512,61,0.33648156559602377,0.4176159956739297,1.6949802225150128,0.8068783068783069,1.3766920566558838,0.0
ETTh1,TEMP,92342,selected_cal,512,62,0.33239329033097104,0.41550868282928755,1.6902132992430654,0.8042328042328042,1.3900200128555298,0.0
ETTh1,TEMP,92342,selected_cal,512,63,0.3476333072226908,0.44194517265671457,1.6703263773982013,0.7936507936507936,1.4286975860595703,0.0
ETTh1,TEMP,92342,selected_cal,512,64,0.3855410285948662,0.48477605754123493,1.7253402833427702,0.7566137566137566,1.4541749954223633,0.0
ETTh1,F0,0,raw128,0,1,0.21129731170261967,0.2674529824640806,0.8944360977088017,0.7804232804232805,0.8000235557556152,0.0
ETTh1,F0,0,raw128,0,2,0.24536174337104127,0.3124441189449355,1.1411216910829936,0.7936507936507936,0.9239064455032349,0.0
ETTh1,F0,0,raw128,0,3,0.23323229876847984,0.29523944753313797,1.1103189605529662,0.828042328042328,0.9770179390907288,0.0
ETTh1,F0,0,raw128,0,4,0.26460968505980353,0.337974422839156,1.261321954370018,0.7804232804232805,0.9990284442901611,0.0
ETTh1,F0,0,raw128,0,5,0.26527204025560147,0.33317372810078993,1.311198555189308,0.7962962962962963,1.0143171548843384,0.0
ETTh1,F0,0,raw128,0,6,0.28463964230869887,0.35235078685996074,1.3239006275734888,0.7857142857142857,1.0503398180007935,0.0
ETTh1,F0,0,raw128,0,7,0.2825526804740821,0.3574616272974589,1.3643013459467699,0.8095238095238095,1.0976803302764893,0.0
ETTh1,F0,0,raw128,0,8,0.30880476954880093,0.38736422884796534,1.3258913849830312,0.7962962962962963,1.1377885341644287,0.0
ETTh1,F0,0,raw128,0,9,0.2865986556088476,0.3566033038432448,1.271399937235016,0.7936507936507936,1.1601704359054565,0.0
ETTh1,F0,0,raw128,0,10,0.2798069141666486,0.347316828677469,1.2868217019531778,0.8306878306878307,1.1593369245529175,0.0
ETTh1,F0,0,raw128,0,11,0.28138924387747777,0.34673172345322256,1.347843751567539,0.8121693121693122,1.137266755104065,0.0
ETTh1,F0,0,raw128,0,12,0.301173839636865,0.36927200934067567,1.4955905423199058,0.8253968253968254,1.1244863271713257,0.0
ETTh1,F0,0,raw128,0,13,0.2852445994935292,0.36156444211628747,1.4458695381051965,0.8359788359788359,1.1138561964035034,0.0
ETTh1,F0,0,raw128,0,14,0.2917448572696353,0.36260083959197914,1.4564700056675566,0.8121693121693122,1.132962703704834,0.0
ETTh1,F0,0,raw128,0,15,0.3083308341824296,0.3847206502065788,1.5519827374074824,0.7883597883597884,1.1750510931015015,0.0
ETTh1,F0,0,raw128,0,16,0.2912030552444202,0.3629952201381646,1.3622373068143452,0.8201058201058201,1.2069848775863647,0.0
ETTh1,F0,0,raw128,0,17,0.3064223825253223,0.38588403216670747,1.4672109454515434,0.7724867724867724,1.2173722982406616,0.0
ETTh1,F0,0,raw128,0,18,0.3028562210988631,0.383760701237254,1.5938873864197858,0.8121693121693122,1.1967318058013916,0.0
ETTh1,F0,0,raw128,0,19,0.3180649274432798,0.3900676281474127,1.6920411187623228,0.7751322751322751,1.1709877252578735,0.0
ETTh1,F0,0,raw128,0,20,0.31250985429767425,0.386167079493786,1.6706695297644252,0.8121693121693122,1.1552999019622803,0.00033068783068783067
ETTh1,F0,0,raw128,0,21,0.3476996274903356,0.42781698827613335,1.8288208057798405,0.7698412698412699,1.1364179849624634,0.00033068783068783067
ETTh1,F0,0,raw128,0,22,0.3266156401630998,0.4104166347135792,1.7170097836781115,0.7857142857142857,1.1515889167785645,0.0
ETTh1,F0,0,raw128,0,23,0.32481571288695693,0.4127684566251308,1.6658800650565397,0.783068783068783,1.1970561742782593,0.00033068783068783067
ETTh1,F0,0,raw128,0,24,0.346896827827121,0.443662100256521,1.629601761403065,0.7645502645502645,1.2526895999908447,0.0
ETTh1,F0,0,raw128,0,25,0.3118273744894847,0.4017920338292877,1.5156148627558081,0.791005291005291,1.3042711019515991,0.0
ETTh1,F0,0,raw128,0,26,0.27205757524700536,0.3448086363526234,1.34821552308227,0.8544973544973545,1.321526050567627,0.0
ETTh1,F0,0,raw128,0,27,0.26582966784776135,0.3240355013018638,1.262728113306578,0.8306878306878307,1.308467984199524,0.0
ETTh1,F0,0,raw128,0,28,0.29221032129564145,0.3651779807010644,1.4606557720040203,0.8253968253968254,1.294206142425537,0.0
ETTh1,F0,0,raw128,0,29,0.29874214423751994,0.3703348193419137,1.436989660498011,0.8492063492063492,1.2860527038574219,0.0
ETTh1,F0,0,raw128,0,30,0.2931788893636617,0.3710667912940703,1.4771382164348055,0.828042328042328,1.2979828119277954,0.0
ETTh1,F0,0,raw128,0,31,0.29465954775348735,0.3786630059610242,1.4419101312677696,0.8253968253968254,1.3333849906921387,0.0
ETTh1,F0,0,raw128,0,32,0.3180973700222208,0.40250983932754114,1.462530205765414,0.8095238095238095,1.3678960800170898,0.0
ETTh1,F0,0,raw128,0,33,0.3180792736518574,0.40003169040864306,1.5618484262278471,0.791005291005291,1.3706483840942383,0.0
ETTh1,F0,0,raw128,0,34,0.3129715996612106,0.3835054876745458,1.5267014505450056,0.828042328042328,1.357561707496643,0.0
ETTh1,F0,0,raw128,0,35,0.3256140397929776,0.4019828224213602,1.7107351210618775,0.8359788359788359,1.3251266479492188,0.0
ETTh1,F0,0,raw128,0,36,0.3239983320917968,0.39694407805340326,1.7399175997094187,0.828042328042328,1.2992877960205078,0.0
ETTh1,F0,0,raw128,0,37,0.3531506766063854,0.43414140338524576,1.8683690765981005,0.8015873015873016,1.2805614471435547,0.0
ETTh1,F0,0,raw128,0,38,0.36179318145650285,0.4438689525141553,1.8479007593597527,0.8042328042328042,1.294191837310791,0.0
ETTh1,F0,0,raw128,0,39,0.35818423155835155,0.4440374078154986,1.7669463920845556,0.7857142857142857,1.3335061073303223,0.0006613756613756613
ETTh1,F0,0,raw128,0,40,0.37505902544559405,0.464612990716247,1.7167060114837513,0.7513227513227513,1.373968482017517,0.0
ETTh1,F0,0,raw128,0,41,0.3326592122480064,0.4188520203292764,1.6296156444167964,0.7962962962962963,1.393015742301941,0.0
ETTh1,F0,0,raw128,0,42,0.3504081633126257,0.4396991660827735,1.8019190914140493,0.7751322751322751,1.3792624473571777,0.0
ETTh1,F0,0,raw128,0,43,0.35050350051157986,0.43781597550528906,1.854893568173918,0.7883597883597884,1.3533985614776611,0.0
ETTh1,F0,0,raw128,0,44,0.38998012954954114,0.48635507556398355,2.0692750932796606,0.7486772486772487,1.3382519483566284,0.0
ETTh1,F0,0,raw128,0,45,0.3733346321486387,0.46438327011525027,1.9604564762363832,0.7857142857142857,1.3248742818832397,0.0
ETTh1,F0,0,raw128,0,46,0.3556626381586723,0.4440134304017139,1.8489224896544503,0.8042328042328042,1.3337751626968384,0.000992063492063492
ETTh1,F0,0,raw128,0,47,0.3568069532498464,0.44679792866454243,1.8236221192729851,0.8148148148148148,1.3748185634613037,0.000992063492063492
ETTh1,F0,0,raw128,0,48,0.3730093923916759,0.4797286731863507,1.8810804780158732,0.798941798941799,1.431281566619873,0.0006613756613756613
ETTh1,F0,0,raw128,0,49,0.38013596865190435,0.48104155444360747,1.9185470106701057,0.7619047619047619,1.4633678197860718,0.0
ETTh1,F0,0,raw128,0,50,0.3692303831168849,0.4720521140014456,1.8846037713909354,0.753968253968254,1.4550784826278687,0.0
ETTh1,F0,0,raw128,0,51,0.3714590443122805,0.4673295179064186,1.8419779675702255,0.7513227513227513,1.431171178817749,0.0
ETTh1,F0,0,raw128,0,52,0.3912518935525024,0.49106953617059157,1.927478128147346,0.7486772486772487,1.4085241556167603,0.0
ETTh1,F0,0,raw128,0,53,0.4045514129261763,0.506618172982912,2.052328748835458,0.7328042328042328,1.3952672481536865,0.0
ETTh1,F0,0,raw128,0,54,0.4212861384408853,0.5314852126638049,2.1133296595166917,0.7248677248677249,1.404125452041626,0.0
ETTh1,F0,0,raw128,0,55,0.41723189404359473,0.5266520299722335,2.055953459055335,0.7513227513227513,1.431732177734375,0.0
ETTh1,F0,0,raw128,0,56,0.38601446483426305,0.4953482064092043,1.8781972815671926,0.7513227513227513,1.4622886180877686,0.0
ETTh1,F0,0,raw128,0,57,0.36920182648298133,0.46691573151456917,1.784185428773521,0.7751322751322751,1.4707176685333252,0.0
ETTh1,F0,0,raw128,0,58,0.3197204924289917,0.3972728304572609,1.6007518376662302,0.828042328042328,1.4582746028900146,0.0
ETTh1,F0,0,raw128,0,59,0.31978925935965297,0.38552604043842637,1.5729918537474183,0.8121693121693122,1.4208028316497803,0.0
ETTh1,F0,0,raw128,0,60,0.3180714526920383,0.3828251319939481,1.5046365415017124,0.8518518518518519,1.3968322277069092,0.0
ETTh1,F0,0,raw128,0,61,0.34590483133667416,0.4227600001183668,1.704310176233766,0.8121693121693122,1.3761757612228394,0.0
ETTh1,F0,0,raw128,0,62,0.33909334222137677,0.4199788675569812,1.703375006912562,0.8201058201058201,1.3867756128311157,0.0
ETTh1,F0,0,raw128,0,63,0.34950452282483163,0.43852895075198295,1.670390909567239,0.7962962962962963,1.4275161027908325,0.0
ETTh1,F0,0,raw128,0,64,0.39366757075639297,0.49231163601437417,1.7510815734073284,0.7619047619047619,1.4633793830871582,0.0
ETTh1,F0,0,selected_raw,0,1,0.21129731170261967,0.2674529824640806,0.8944360977088017,0.7804232804232805,0.8000235557556152,0.0
ETTh1,F0,0,selected_raw,0,2,0.24536174337104127,0.3124441189449355,1.1411216910829936,0.7936507936507936,0.9239064455032349,0.0
ETTh1,F0,0,selected_raw,0,3,0.23323229876847984,0.29523944753313797,1.1103189605529662,0.828042328042328,0.9770179390907288,0.0
ETTh1,F0,0,selected_raw,0,4,0.26460968505980353,0.337974422839156,1.261321954370018,0.7804232804232805,0.9990284442901611,0.0
ETTh1,F0,0,selected_raw,0,5,0.26527204025560147,0.33317372810078993,1.311198555189308,0.7962962962962963,1.0143171548843384,0.0
ETTh1,F0,0,selected_raw,0,6,0.28463964230869887,0.35235078685996074,1.3239006275734888,0.7857142857142857,1.0503398180007935,0.0
ETTh1,F0,0,selected_raw,0,7,0.2825526804740821,0.3574616272974589,1.3643013459467699,0.8095238095238095,1.0976803302764893,0.0
ETTh1,F0,0,selected_raw,0,8,0.30880476954880093,0.38736422884796534,1.3258913849830312,0.7962962962962963,1.1377885341644287,0.0
ETTh1,F0,0,selected_raw,0,9,0.2865986556088476,0.3566033038432448,1.271399937235016,0.7936507936507936,1.1601704359054565,0.0
ETTh1,F0,0,selected_raw,0,10,0.2798069141666486,0.347316828677469,1.2868217019531778,0.8306878306878307,1.1593369245529175,0.0
ETTh1,F0,0,selected_raw,0,11,0.28138924387747777,0.34673172345322256,1.347843751567539,0.8121693121693122,1.137266755104065,0.0
ETTh1,F0,0,selected_raw,0,12,0.301173839636865,0.36927200934067567,1.4955905423199058,0.8253968253968254,1.1244863271713257,0.0
ETTh1,F0,0,selected_raw,0,13,0.2852445994935292,0.36156444211628747,1.4458695381051965,0.8359788359788359,1.1138561964035034,0.0
ETTh1,F0,0,selected_raw,0,14,0.2917448572696353,0.36260083959197914,1.4564700056675566,0.8121693121693122,1.132962703704834,0.0
ETTh1,F0,0,selected_raw,0,15,0.3083308341824296,0.3847206502065788,1.5519827374074824,0.7883597883597884,1.1750510931015015,0.0
ETTh1,F0,0,selected_raw,0,16,0.2912030552444202,0.3629952201381646,1.3622373068143452,0.8201058201058201,1.2069848775863647,0.0
ETTh1,F0,0,selected_raw,0,17,0.3064223825253223,0.38588403216670747,1.4672109454515434,0.7724867724867724,1.2173722982406616,0.0
ETTh1,F0,0,selected_raw,0,18,0.3028562210988631,0.383760701237254,1.5938873864197858,0.8121693121693122,1.1967318058013916,0.0
ETTh1,F0,0,selected_raw,0,19,0.3180649274432798,0.3900676281474127,1.6920411187623228,0.7751322751322751,1.1709877252578735,0.0
ETTh1,F0,0,selected_raw,0,20,0.31250985429767425,0.386167079493786,1.6706695297644252,0.8121693121693122,1.1552999019622803,0.00033068783068783067
ETTh1,F0,0,selected_raw,0,21,0.3476996274903356,0.42781698827613335,1.8288208057798405,0.7698412698412699,1.1364179849624634,0.00033068783068783067
ETTh1,F0,0,selected_raw,0,22,0.3266156401630998,0.4104166347135792,1.7170097836781115,0.7857142857142857,1.1515889167785645,0.0
ETTh1,F0,0,selected_raw,0,23,0.32481571288695693,0.4127684566251308,1.6658800650565397,0.783068783068783,1.1970561742782593,0.00033068783068783067
ETTh1,F0,0,selected_raw,0,24,0.346896827827121,0.443662100256521,1.629601761403065,0.7645502645502645,1.2526895999908447,0.0
ETTh1,F0,0,selected_raw,0,25,0.3118273744894847,0.4017920338292877,1.5156148627558081,0.791005291005291,1.3042711019515991,0.0
ETTh1,F0,0,selected_raw,0,26,0.27205757524700536,0.3448086363526234,1.34821552308227,0.8544973544973545,1.321526050567627,0.0
ETTh1,F0,0,selected_raw,0,27,0.26582966784776135,0.3240355013018638,1.262728113306578,0.8306878306878307,1.308467984199524,0.0
ETTh1,F0,0,selected_raw,0,28,0.29221032129564145,0.3651779807010644,1.4606557720040203,0.8253968253968254,1.294206142425537,0.0
ETTh1,F0,0,selected_raw,0,29,0.29874214423751994,0.3703348193419137,1.436989660498011,0.8492063492063492,1.2860527038574219,0.0
ETTh1,F0,0,selected_raw,0,30,0.2931788893636617,0.3710667912940703,1.4771382164348055,0.828042328042328,1.2979828119277954,0.0
ETTh1,F0,0,selected_raw,0,31,0.29465954775348735,0.3786630059610242,1.4419101312677696,0.8253968253968254,1.3333849906921387,0.0
ETTh1,F0,0,selected_raw,0,32,0.3180973700222208,0.40250983932754114,1.462530205765414,0.8095238095238095,1.3678960800170898,0.0
ETTh1,F0,0,selected_raw,0,33,0.3180792736518574,0.40003169040864306,1.5618484262278471,0.791005291005291,1.3706483840942383,0.0
ETTh1,F0,0,selected_raw,0,34,0.3129715996612106,0.3835054876745458,1.5267014505450056,0.828042328042328,1.357561707496643,0.0
ETTh1,F0,0,selected_raw,0,35,0.3256140397929776,0.4019828224213602,1.7107351210618775,0.8359788359788359,1.3251266479492188,0.0
ETTh1,F0,0,selected_raw,0,36,0.3239983320917968,0.39694407805340326,1.7399175997094187,0.828042328042328,1.2992877960205078,0.0
ETTh1,F0,0,selected_raw,0,37,0.3531506766063854,0.43414140338524576,1.8683690765981005,0.8015873015873016,1.2805614471435547,0.0
ETTh1,F0,0,selected_raw,0,38,0.36179318145650285,0.4438689525141553,1.8479007593597527,0.8042328042328042,1.294191837310791,0.0
ETTh1,F0,0,selected_raw,0,39,0.35818423155835155,0.4440374078154986,1.7669463920845556,0.7857142857142857,1.3335061073303223,0.0006613756613756613
ETTh1,F0,0,selected_raw,0,40,0.37505902544559405,0.464612990716247,1.7167060114837513,0.7513227513227513,1.373968482017517,0.0
ETTh1,F0,0,selected_raw,0,41,0.3326592122480064,0.4188520203292764,1.6296156444167964,0.7962962962962963,1.393015742301941,0.0
ETTh1,F0,0,selected_raw,0,42,0.3504081633126257,0.4396991660827735,1.8019190914140493,0.7751322751322751,1.3792624473571777,0.0
ETTh1,F0,0,selected_raw,0,43,0.35050350051157986,0.43781597550528906,1.854893568173918,0.7883597883597884,1.3533985614776611,0.0
ETTh1,F0,0,selected_raw,0,44,0.38998012954954114,0.48635507556398355,2.0692750932796606,0.7486772486772487,1.3382519483566284,0.0
ETTh1,F0,0,selected_raw,0,45,0.3733346321486387,0.46438327011525027,1.9604564762363832,0.7857142857142857,1.3248742818832397,0.0
ETTh1,F0,0,selected_raw,0,46,0.3556626381586723,0.4440134304017139,1.8489224896544503,0.8042328042328042,1.3337751626968384,0.000992063492063492
ETTh1,F0,0,selected_raw,0,47,0.3568069532498464,0.44679792866454243,1.8236221192729851,0.8148148148148148,1.3748185634613037,0.000992063492063492
ETTh1,F0,0,selected_raw,0,48,0.3730093923916759,0.4797286731863507,1.8810804780158732,0.798941798941799,1.431281566619873,0.0006613756613756613
ETTh1,F0,0,selected_raw,0,49,0.38013596865190435,0.48104155444360747,1.9185470106701057,0.7619047619047619,1.4633678197860718,0.0
ETTh1,F0,0,selected_raw,0,50,0.3692303831168849,0.4720521140014456,1.8846037713909354,0.753968253968254,1.4550784826278687,0.0
ETTh1,F0,0,selected_raw,0,51,0.3714590443122805,0.4673295179064186,1.8419779675702255,0.7513227513227513,1.431171178817749,0.0
ETTh1,F0,0,selected_raw,0,52,0.3912518935525024,0.49106953617059157,1.927478128147346,0.7486772486772487,1.4085241556167603,0.0
ETTh1,F0,0,selected_raw,0,53,0.4045514129261763,0.506618172982912,2.052328748835458,0.7328042328042328,1.3952672481536865,0.0
ETTh1,F0,0,selected_raw,0,54,0.4212861384408853,0.5314852126638049,2.1133296595166917,0.7248677248677249,1.404125452041626,0.0
ETTh1,F0,0,selected_raw,0,55,0.41723189404359473,0.5266520299722335,2.055953459055335,0.7513227513227513,1.431732177734375,0.0
ETTh1,F0,0,selected_raw,0,56,0.38601446483426305,0.4953482064092043,1.8781972815671926,0.7513227513227513,1.4622886180877686,0.0
ETTh1,F0,0,selected_raw,0,57,0.36920182648298133,0.46691573151456917,1.784185428773521,0.7751322751322751,1.4707176685333252,0.0
ETTh1,F0,0,selected_raw,0,58,0.3197204924289917,0.3972728304572609,1.6007518376662302,0.828042328042328,1.4582746028900146,0.0
ETTh1,F0,0,selected_raw,0,59,0.31978925935965297,0.38552604043842637,1.5729918537474183,0.8121693121693122,1.4208028316497803,0.0
ETTh1,F0,0,selected_raw,0,60,0.3180714526920383,0.3828251319939481,1.5046365415017124,0.8518518518518519,1.3968322277069092,0.0
ETTh1,F0,0,selected_raw,0,61,0.34590483133667416,0.4227600001183668,1.704310176233766,0.8121693121693122,1.3761757612228394,0.0
ETTh1,F0,0,selected_raw,0,62,0.33909334222137677,0.4199788675569812,1.703375006912562,0.8201058201058201,1.3867756128311157,0.0
ETTh1,F0,0,selected_raw,0,63,0.34950452282483163,0.43852895075198295,1.670390909567239,0.7962962962962963,1.4275161027908325,0.0
ETTh1,F0,0,selected_raw,0,64,0.39366757075639297,0.49231163601437417,1.7510815734073284,0.7619047619047619,1.4633793830871582,0.0
ETTh1,F0,0,selected_cal,0,1,0.2112973117043338,0.2674529824640806,0.8944360977088017,0.7804232804232805,0.8000235557556152,0.0
ETTh1,F0,0,selected_cal,0,2,0.24536174339763506,0.3124441189449355,1.1411216910829936,0.7936507936507936,0.9239064455032349,0.0
ETTh1,F0,0,selected_cal,0,3,0.23323229878359789,0.29523944753313797,1.1103189605529662,0.828042328042328,0.9770179390907288,0.0
ETTh1,F0,0,selected_cal,0,4,0.2646096850210953,0.337974422839156,1.261321954370018,0.7804232804232805,0.9990284442901611,0.0
ETTh1,F0,0,selected_cal,0,5,0.2652720403758358,0.33317372810078993,1.311198555189308,0.7962962962962963,1.0143171548843384,0.0
ETTh1,F0,0,selected_cal,0,6,0.2846396423247215,0.35235078685996074,1.3239006275734888,0.7857142857142857,1.0503398180007935,0.0
ETTh1,F0,0,selected_cal,0,7,0.2825526804664774,0.3574616272974589,1.3643013459467699,0.8095238095238095,1.0976803302764893,0.0
ETTh1,F0,0,selected_cal,0,8,0.30880476968488774,0.38736422884796534,1.3258913849830312,0.7962962962962963,1.1377885341644287,0.0
ETTh1,F0,0,selected_cal,0,9,0.286598655605692,0.3566033038432448,1.271399937235016,0.7936507936507936,1.1601704359054565,0.0
ETTh1,F0,0,selected_cal,0,10,0.2798069142562112,0.347316828677469,1.2868217019531778,0.8306878306878307,1.1593369245529175,0.0
ETTh1,F0,0,selected_cal,0,11,0.2813892438111147,0.34673172345322256,1.347843751567539,0.8121693121693122,1.137266755104065,0.0
ETTh1,F0,0,selected_cal,0,12,0.3011738396448224,0.36927200934067567,1.4955905423199058,0.8253968253968254,1.1244863271713257,0.0
ETTh1,F0,0,selected_cal,0,13,0.2852445994921823,0.36156444211628747,1.4458695381051965,0.8359788359788359,1.1138561964035034,0.0
ETTh1,F0,0,selected_cal,0,14,0.2917448572715743,0.36260083959197914,1.4564700056675566,0.8121693121693122,1.132962703704834,0.0
ETTh1,F0,0,selected_cal,0,15,0.3083308340818059,0.3847206502065788,1.5519827374074824,0.7883597883597884,1.1750510931015015,0.0
ETTh1,F0,0,selected_cal,0,16,0.2912030553053853,0.3629952201381646,1.3622373068143452,0.8201058201058201,1.2069848775863647,0.0
ETTh1,F0,0,selected_cal,0,17,0.30642238250383963,0.38588403216670747,1.4672109454515434,0.7724867724867724,1.2173722982406616,0.0
ETTh1,F0,0,selected_cal,0,18,0.30285622102989435,0.383760701237254,1.5938873864197858,0.8121693121693122,1.1967318058013916,0.0
ETTh1,F0,0,selected_cal,0,19,0.3180649272732867,0.3900676281474127,1.6920411187623228,0.7751322751322751,1.1709877252578735,0.0
ETTh1,F0,0,selected_cal,0,20,0.3125098543359976,0.386167079493786,1.6706695297644252,0.8121693121693122,1.1552999019622803,0.00033068783068783067
ETTh1,F0,0,selected_cal,0,21,0.34769962749554806,0.42781698827613335,1.8288208057798405,0.7698412698412699,1.1364179849624634,0.00033068783068783067
ETTh1,F0,0,selected_cal,0,22,0.3266156400841939,0.4104166347135792,1.7170097836781115,0.7857142857142857,1.1515889167785645,0.0
ETTh1,F0,0,selected_cal,0,23,0.32481571274957405,0.4127684566251308,1.6658800650565397,0.783068783068783,1.1970561742782593,0.00033068783068783067
ETTh1,F0,0,selected_cal,0,24,0.3468968280038884,0.443662100256521,1.629601761403065,0.7645502645502645,1.2526897192001343,0.0
ETTh1,F0,0,selected_cal,0,25,0.31182737434565894,0.4017920338292877,1.5156148627558081,0.791005291005291,1.3042711019515991,0.0
ETTh1,F0,0,selected_cal,0,26,0.27205757519272045,0.3448086363526234,1.34821552308227,0.8544973544973545,1.321526050567627,0.0
ETTh1,F0,0,selected_cal,0,27,0.2658296677974691,0.3240355013018638,1.262728113306578,0.8306878306878307,1.308467984199524,0.0
ETTh1,F0,0,selected_cal,0,28,0.2922103211671462,0.3651779807010644,1.4606557720040203,0.8253968253968254,1.294206142425537,0.0
ETTh1,F0,0,selected_cal,0,29,0.2987421442425507,0.3703348193419137,1.436989660498011,0.8492063492063492,1.2860527038574219,0.0
ETTh1,F0,0,selected_cal,0,30,0.2931788893501836,0.3710667912940703,1.4771382164348055,0.828042328042328,1.2979828119277954,0.0
ETTh1,F0,0,selected_cal,0,31,0.29465954773181025,0.3786630059610242,1.4419101312677696,0.8253968253968254,1.3333849906921387,0.0
ETTh1,F0,0,selected_cal,0,32,0.31809737008671757,0.40250983932754114,1.462530205765414,0.8095238095238095,1.3678960800170898,0.0
ETTh1,F0,0,selected_cal,0,33,0.3180792735476863,0.40003169040864306,1.5618484262278471,0.791005291005291,1.3706483840942383,0.0
ETTh1,F0,0,selected_cal,0,34,0.31297159969042654,0.3835054876745458,1.5267014505450056,0.828042328042328,1.357561707496643,0.0
ETTh1,F0,0,selected_cal,0,35,0.32561403972151126,0.4019828224213602,1.7107351210618775,0.8359788359788359,1.3251266479492188,0.0
ETTh1,F0,0,selected_cal,0,36,0.3239983319846483,0.39694407805340326,1.7399175997094187,0.828042328042328,1.2992877960205078,0.0
ETTh1,F0,0,selected_cal,0,37,0.3531506765551475,0.43414140338524576,1.8683690765981005,0.8015873015873016,1.2805614471435547,0.0
ETTh1,F0,0,selected_cal,0,38,0.36179318141859185,0.4438689525141553,1.8479007593597527,0.8042328042328042,1.294191837310791,0.0
ETTh1,F0,0,selected_cal,0,39,0.3581842316171822,0.4440374078154986,1.7669463920845556,0.7857142857142857,1.3335061073303223,0.0006613756613756613
ETTh1,F0,0,selected_cal,0,40,0.3750590254391366,0.464612990716247,1.7167060114837513,0.7513227513227513,1.373968482017517,0.0
ETTh1,F0,0,selected_cal,0,41,0.332659212334828,0.4188520203292764,1.6296156444167964,0.7962962962962963,1.393015742301941,0.0
ETTh1,F0,0,selected_cal,0,42,0.35040816339141406,0.4396991660827735,1.8019190914140493,0.7751322751322751,1.3792624473571777,0.0
ETTh1,F0,0,selected_cal,0,43,0.35050350053686863,0.43781597550528906,1.854893568173918,0.7883597883597884,1.3533985614776611,0.0
ETTh1,F0,0,selected_cal,0,44,0.389980129439484,0.48635507556398355,2.0692750932796606,0.7486772486772487,1.3382519483566284,0.0
ETTh1,F0,0,selected_cal,0,45,0.3733346322596598,0.46438327011525027,1.9604564762363832,0.7857142857142857,1.3248742818832397,0.0
ETTh1,F0,0,selected_cal,0,46,0.3556626381994496,0.4440134304017139,1.8489224896544503,0.8042328042328042,1.3337751626968384,0.000992063492063492
ETTh1,F0,0,selected_cal,0,47,0.3568069532768179,0.44679792866454243,1.8236221192729851,0.8148148148148148,1.3748185634613037,0.000992063492063492
ETTh1,F0,0,selected_cal,0,48,0.373009392438871,0.4797286731863507,1.8810804780158732,0.798941798941799,1.431281566619873,0.0006613756613756613
ETTh1,F0,0,selected_cal,0,49,0.3801359686884233,0.48104155444360747,1.9185470106701057,0.7619047619047619,1.4633678197860718,0.0
ETTh1,F0,0,selected_cal,0,50,0.3692303831010337,0.4720521140014456,1.8846037713909354,0.753968253968254,1.4550784826278687,0.0
ETTh1,F0,0,selected_cal,0,51,0.37145904417792636,0.4673295179064186,1.8419779675702255,0.7513227513227513,1.431171178817749,0.0
ETTh1,F0,0,selected_cal,0,52,0.39125189358627144,0.49106953617059157,1.927478128147346,0.7486772486772487,1.4085241556167603,0.0
ETTh1,F0,0,selected_cal,0,53,0.40455141296692004,0.506618172982912,2.052328748835458,0.7328042328042328,1.3952672481536865,0.0
ETTh1,F0,0,selected_cal,0,54,0.4212861385067436,0.5314852126638049,2.1133296595166917,0.7248677248677249,1.404125452041626,0.0
ETTh1,F0,0,selected_cal,0,55,0.4172318941135738,0.5266520299722335,2.055953459055335,0.7513227513227513,1.431732177734375,0.0
ETTh1,F0,0,selected_cal,0,56,0.38601446495812314,0.4953482064092043,1.8781972815671926,0.7513227513227513,1.4622886180877686,0.0
ETTh1,F0,0,selected_cal,0,57,0.3692018264769727,0.46691573151456917,1.784185428773521,0.7751322751322751,1.4707176685333252,0.0
ETTh1,F0,0,selected_cal,0,58,0.3197204924360451,0.3972728304572609,1.6007518376662302,0.828042328042328,1.4582746028900146,0.0
ETTh1,F0,0,selected_cal,0,59,0.31978925945770825,0.38552604043842637,1.5729918537474183,0.8121693121693122,1.4208028316497803,0.0
ETTh1,F0,0,selected_cal,0,60,0.31807145264335923,0.3828251319939481,1.5046365415017124,0.8518518518518519,1.3968322277069092,0.0
ETTh1,F0,0,selected_cal,0,61,0.3459048312442403,0.4227600001183668,1.704310176233766,0.8121693121693122,1.3761757612228394,0.0
ETTh1,F0,0,selected_cal,0,62,0.3390933422856781,0.4199788675569812,1.703375006912562,0.8201058201058201,1.3867756128311157,0.0
ETTh1,F0,0,selected_cal,0,63,0.3495045230511119,0.43852895075198295,1.670390909567239,0.7962962962962963,1.4275161027908325,0.0
ETTh1,F0,0,selected_cal,0,64,0.39366757064162056,0.49231163601437417,1.7510815734073284,0.7619047619047619,1.4633793830871582,0.0
