panel,kind,condition,new,baseline,new_nmae,baseline_nmae,gain_pct,ci_low_pct,ci_high_pct,common_draw_sha256,new_seed_count,baseline_seed_count,origin_count,exploratory
electricity,shape,PAIRED_SHIFT8_D32,C0,F0,0.2113712441049302,0.3239126702860632,34.744372945257766,28.749364450857403,39.83513199009244,78e12fd70a7511db82a764e277950bb4fce2d47c4eff082c9206e43494f9c9df,3,1,64,True
electricity,shape,PAIRED_SHIFT8_D32,C0,PERSISTENCE,0.2113712441049302,0.5094778212370088,58.512179471969496,52.80416032918785,63.67504544314574,78e12fd70a7511db82a764e277950bb4fce2d47c4eff082c9206e43494f9c9df,3,1,64,True
electricity,shape,PAIRED_SHIFT8_D32,C0,SEASONAL,0.2113712441049302,0.2360542075962939,10.456481052681388,6.429395982238454,14.599224901510702,78e12fd70a7511db82a764e277950bb4fce2d47c4eff082c9206e43494f9c9df,3,1,64,True
electricity,shape,PAIRED_SHIFT8_D32,C3,C0,0.2049341952827362,0.2113712441049302,3.0453758501787886,2.337115987689278,3.842851606011663,78e12fd70a7511db82a764e277950bb4fce2d47c4eff082c9206e43494f9c9df,3,3,64,True
electricity,shape,PAIRED_SHIFT8_D32,C3,C2,0.2049341952827362,0.2066448621003469,0.8278293494565325,0.4411664700301765,1.2789380402791402,78e12fd70a7511db82a764e277950bb4fce2d47c4eff082c9206e43494f9c9df,3,3,64,True
electricity,shape,PAIRED_SHIFT8_D32,C3,M_RECENCY,0.2049341952827362,0.2051140284180462,0.0876747127911969,-0.0119344343263683,0.1927065861272619,78e12fd70a7511db82a764e277950bb4fce2d47c4eff082c9206e43494f9c9df,3,3,64,True
electricity,shape,PAIRED_SHIFT8_D32,C3,F0,0.2049341952827362,0.3239126702860632,36.73165205246563,30.5979639688766,41.89308024193327,78e12fd70a7511db82a764e277950bb4fce2d47c4eff082c9206e43494f9c9df,3,1,64,True
electricity,shape,PAIRED_SHIFT8_D32,C3,PERSISTENCE,0.2049341952827362,0.5094778212370088,59.77563953909566,53.9812787230755,64.89699331000318,78e12fd70a7511db82a764e277950bb4fce2d47c4eff082c9206e43494f9c9df,3,1,64,True
electricity,shape,PAIRED_SHIFT8_D32,C3,SEASONAL,0.2049341952827362,0.2360542075962939,13.1834177541033,9.022476896118487,17.499772872016266,78e12fd70a7511db82a764e277950bb4fce2d47c4eff082c9206e43494f9c9df,3,1,64,True
electricity,shape,PAIRED_SHIFT8_D32,FIX_C3_GC3,FIX_C2_GC2,0.2055011929683311,0.2078941596668044,1.1510504683289624,0.6987425013415582,1.708246291079077,78e12fd70a7511db82a764e277950bb4fce2d47c4eff082c9206e43494f9c9df,3,3,64,True
electricity,shape,PAIRED_SHIFT8_D32,FIX_C3_GC3,FIX_C3_GC2,0.2055011929683311,0.2070804061450608,0.7626086920186292,0.1622946616567644,1.4450699161980944,78e12fd70a7511db82a764e277950bb4fce2d47c4eff082c9206e43494f9c9df,3,3,64,True
electricity,shape,PAIRED_SHIFT8_D32,FIX_C3_GC3,FIX_C2_GC3,0.2055011929683311,0.2076796428019199,1.0489472170686076,0.4707885434212688,1.6131642359695535,78e12fd70a7511db82a764e277950bb4fce2d47c4eff082c9206e43494f9c9df,3,3,64,True
electricity,shape,PULSE8_D32,C0,F0,2.99348744864939,2.886527138233591,-3.7055016389436535,-4.4840092822417805,-3.0105590417467867,78e12fd70a7511db82a764e277950bb4fce2d47c4eff082c9206e43494f9c9df,3,1,64,True
electricity,shape,PULSE8_D32,C0,PERSISTENCE,2.99348744864939,3.02114045594799,0.9153168381879406,0.6483438953273463,1.200209066455693,78e12fd70a7511db82a764e277950bb4fce2d47c4eff082c9206e43494f9c9df,3,1,64,True
electricity,shape,PULSE8_D32,C0,SEASONAL,2.99348744864939,3.023139405424771,0.980833259695968,0.7087401051696379,1.2859076464182675,78e12fd70a7511db82a764e277950bb4fce2d47c4eff082c9206e43494f9c9df,3,1,64,True
electricity,shape,PULSE8_D32,C3,C0,3.0033453833773063,2.99348744864939,-0.3293127129149642,-0.3614550458084459,-0.2974501845283217,78e12fd70a7511db82a764e277950bb4fce2d47c4eff082c9206e43494f9c9df,3,3,64,True
electricity,shape,PULSE8_D32,C3,C2,3.0033453833773063,2.984664841385204,-0.6258840769348462,-0.6514672611435018,-0.599957552853327,78e12fd70a7511db82a764e277950bb4fce2d47c4eff082c9206e43494f9c9df,3,3,64,True
electricity,shape,PULSE8_D32,C3,M_RECENCY,3.0033453833773063,3.001933512072459,-0.047032064473429,-0.0604902013280062,-0.0350422140006284,78e12fd70a7511db82a764e277950bb4fce2d47c4eff082c9206e43494f9c9df,3,3,64,True
electricity,shape,PULSE8_D32,C3,F0,3.0033453833773063,2.886527138233591,-4.047017039832945,-4.851349414333167,-3.3283133131845,78e12fd70a7511db82a764e277950bb4fce2d47c4eff082c9206e43494f9c9df,3,1,64,True
electricity,shape,PULSE8_D32,C3,PERSISTENCE,3.0033453833773063,3.02114045594799,0.589018379984585,0.3241878255294245,0.8682419316339001,78e12fd70a7511db82a764e277950bb4fce2d47c4eff082c9206e43494f9c9df,3,1,64,True
electricity,shape,PULSE8_D32,C3,SEASONAL,3.0033453833773063,3.023139405424771,0.6547505553976762,0.3895552796141741,0.9506821519848988,78e12fd70a7511db82a764e277950bb4fce2d47c4eff082c9206e43494f9c9df,3,1,64,True
electricity,shape,PULSE8_D32,FIX_C3_GC3,FIX_C2_GC2,2.9957914481944687,2.9771403033003474,-0.6264785328875977,-0.6624209723467711,-0.5921662453002164,78e12fd70a7511db82a764e277950bb4fce2d47c4eff082c9206e43494f9c9df,3,3,64,True
electricity,shape,PULSE8_D32,FIX_C3_GC3,FIX_C3_GC2,2.9957914481944687,2.988668500866774,-0.2383317964380849,-0.2768875034552298,-0.1939972401664436,78e12fd70a7511db82a764e277950bb4fce2d47c4eff082c9206e43494f9c9df,3,3,64,True
electricity,shape,PULSE8_D32,FIX_C3_GC3,FIX_C2_GC3,2.9957914481944687,2.993239392601788,-0.0852606577004255,-0.1095374703733492,-0.0623299545243511,78e12fd70a7511db82a764e277950bb4fce2d47c4eff082c9206e43494f9c9df,3,3,64,True
electricity,shape,RAMP8_D32,C0,F0,0.4856188009238579,0.4696372074946976,-3.402965773179445,-7.619305570491154,0.9058762679554442,78e12fd70a7511db82a764e277950bb4fce2d47c4eff082c9206e43494f9c9df,3,1,64,True
electricity,shape,RAMP8_D32,C0,PERSISTENCE,0.4856188009238579,0.5094778212370088,4.683034141745623,-0.353057445467333,9.420262381295151,78e12fd70a7511db82a764e277950bb4fce2d47c4eff082c9206e43494f9c9df,3,1,64,True
electricity,shape,RAMP8_D32,C0,SEASONAL,0.4856188009238579,1.266680987899082,61.66210706854409,59.57836893193892,63.44003007755576,78e12fd70a7511db82a764e277950bb4fce2d47c4eff082c9206e43494f9c9df,3,1,64,True
electricity,shape,RAMP8_D32,C3,C0,0.4848126867766813,0.4856188009238579,0.1659973101624245,-0.1877908008816614,0.5161097199204735,78e12fd70a7511db82a764e277950bb4fce2d47c4eff082c9206e43494f9c9df,3,3,64,True
electricity,shape,RAMP8_D32,C3,C2,0.4848126867766813,0.4966149975330916,2.3765514160944856,2.0312472463356546,2.7282642068418417,78e12fd70a7511db82a764e277950bb4fce2d47c4eff082c9206e43494f9c9df,3,3,64,True
electricity,shape,RAMP8_D32,C3,M_RECENCY,0.4848126867766813,0.4854955316767903,0.1406490596835397,-0.0114102585331826,0.2878909056603118,78e12fd70a7511db82a764e277950bb4fce2d47c4eff082c9206e43494f9c9df,3,3,64,True
electricity,shape,RAMP8_D32,C3,F0,0.4848126867766813,0.4696372074946976,-3.2313196313678016,-7.595838347495786,1.2553738513225765,78e12fd70a7511db82a764e277950bb4fce2d47c4eff082c9206e43494f9c9df,3,1,64,True
electricity,shape,RAMP8_D32,C3,PERSISTENCE,0.4848126867766813,0.5094778212370088,4.841257741198756,-0.0776009489643403,9.44567438237726,78e12fd70a7511db82a764e277950bb4fce2d47c4eff082c9206e43494f9c9df,3,1,64,True
electricity,shape,RAMP8_D32,C3,SEASONAL,0.4848126867766813,1.266680987899082,61.72574693958326,59.619798043910464,63.50517526162262,78e12fd70a7511db82a764e277950bb4fce2d47c4eff082c9206e43494f9c9df,3,1,64,True
electricity,shape,RAMP8_D32,FIX_C3_GC3,FIX_C2_GC2,0.4896126794891377,0.4994161834940065,1.9629928562350016,1.610223990064843,2.319305543724546,78e12fd70a7511db82a764e277950bb4fce2d47c4eff082c9206e43494f9c9df,3,3,64,True
electricity,shape,RAMP8_D32,FIX_C3_GC3,FIX_C3_GC2,0.4896126794891377,0.507106158339882,3.449667996147565,3.028394680586332,3.881670940989185,78e12fd70a7511db82a764e277950bb4fce2d47c4eff082c9206e43494f9c9df,3,3,64,True
electricity,shape,RAMP8_D32,FIX_C3_GC3,FIX_C2_GC3,0.4896126794891377,0.4868406488251769,-0.5693917857208852,-0.8611854707515071,-0.2730298679413219,78e12fd70a7511db82a764e277950bb4fce2d47c4eff082c9206e43494f9c9df,3,3,64,True
electricity,shape,STEP12_D17,C0,F0,0.312314335096184,0.501817537388361,37.76336779268811,32.82324919752448,42.02044863381053,78e12fd70a7511db82a764e277950bb4fce2d47c4eff082c9206e43494f9c9df,3,1,64,True
electricity,shape,STEP12_D17,C0,PERSISTENCE,0.312314335096184,0.5094778238051496,38.69913065821113,33.33692040359386,43.80174409076498,78e12fd70a7511db82a764e277950bb4fce2d47c4eff082c9206e43494f9c9df,3,1,64,True
electricity,shape,STEP12_D17,C0,SEASONAL,0.312314335096184,1.6378293744702783,80.93120443653079,78.59907956681525,82.70330307229648,78e12fd70a7511db82a764e277950bb4fce2d47c4eff082c9206e43494f9c9df,3,1,64,True
electricity,shape,STEP12_D17,C3,C0,0.2932223505117901,0.312314335096184,6.113067009400696,5.193956523993836,7.098298005292885,78e12fd70a7511db82a764e277950bb4fce2d47c4eff082c9206e43494f9c9df,3,3,64,True
electricity,shape,STEP12_D17,C3,C2,0.2932223505117901,0.3000365400670849,2.2711198955205014,1.662324140662253,2.939912097909982,78e12fd70a7511db82a764e277950bb4fce2d47c4eff082c9206e43494f9c9df,3,3,64,True
electricity,shape,STEP12_D17,C3,M_RECENCY,0.2932223505117901,0.294891612079579,0.5660593585613549,0.2806445942922694,0.8363298258463965,78e12fd70a7511db82a764e277950bb4fce2d47c4eff082c9206e43494f9c9df,3,3,64,True
electricity,shape,STEP12_D17,C3,F0,0.2932223505117901,0.501817537388361,41.567934823915344,36.417363869517175,45.887083044418375,78e12fd70a7511db82a764e277950bb4fce2d47c4eff082c9206e43494f9c9df,3,1,64,True
electricity,shape,STEP12_D17,C3,PERSISTENCE,0.2932223505117901,0.5094778238051496,42.44649387841986,37.07104444676799,47.60808740661278,78e12fd70a7511db82a764e277950bb4fce2d47c4eff082c9206e43494f9c9df,3,1,64,True
electricity,shape,STEP12_D17,C3,SEASONAL,0.2932223505117901,1.6378293744702783,82.09689268721128,79.76493488838322,83.89440371663618,78e12fd70a7511db82a764e277950bb4fce2d47c4eff082c9206e43494f9c9df,3,1,64,True
electricity,shape,STEP12_D17,FIX_C3_GC3,FIX_C2_GC2,0.2932891544589209,0.3025760504626048,3.069276629622597,2.3458874092612296,3.832408999949506,78e12fd70a7511db82a764e277950bb4fce2d47c4eff082c9206e43494f9c9df,3,3,64,True
electricity,shape,STEP12_D17,FIX_C3_GC3,FIX_C3_GC2,0.2932891544589209,0.2968264626170786,1.1917091646646671,0.3322941771609472,2.1376459404329413,78e12fd70a7511db82a764e277950bb4fce2d47c4eff082c9206e43494f9c9df,3,3,64,True
electricity,shape,STEP12_D17,FIX_C3_GC3,FIX_C2_GC3,0.2932891544589209,0.3009038549901283,2.530609164663977,2.001161209115784,3.106965651889914,78e12fd70a7511db82a764e277950bb4fce2d47c4eff082c9206e43494f9c9df,3,3,64,True
electricity,shape,STEP12_D63,C0,F0,0.2236479937318215,0.2817304384803514,20.616318585178615,16.981993271278927,23.920841193895946,78e12fd70a7511db82a764e277950bb4fce2d47c4eff082c9206e43494f9c9df,3,1,64,True
electricity,shape,STEP12_D63,C0,PERSISTENCE,0.2236479937318215,0.5094778238051496,56.1025066682086,50.75159184368392,60.868418367919645,78e12fd70a7511db82a764e277950bb4fce2d47c4eff082c9206e43494f9c9df,3,1,64,True
electricity,shape,STEP12_D63,C0,SEASONAL,0.2236479937318215,0.2360542104436501,5.255664234292579,0.4002180934291472,9.579458272889724,78e12fd70a7511db82a764e277950bb4fce2d47c4eff082c9206e43494f9c9df,3,1,64,True
electricity,shape,STEP12_D63,C3,C0,0.2213221966892454,0.2236479937318215,1.039936466125857,0.4907934243556058,1.552730482208698,78e12fd70a7511db82a764e277950bb4fce2d47c4eff082c9206e43494f9c9df,3,3,64,True
electricity,shape,STEP12_D63,C3,C2,0.2213221966892454,0.2189994590319351,-1.0606134223242858,-1.5315674188817934,-0.6511277247259041,78e12fd70a7511db82a764e277950bb4fce2d47c4eff082c9206e43494f9c9df,3,3,64,True
electricity,shape,STEP12_D63,C3,M_RECENCY,0.2213221966892454,0.2209144992128206,-0.1845498950397095,-0.2679436310698413,-0.108302688626084,78e12fd70a7511db82a764e277950bb4fce2d47c4eff082c9206e43494f9c9df,3,3,64,True
electricity,shape,STEP12_D63,C3,F0,0.2213221966892454,0.2817304384803514,21.441858436364512,17.838769688127115,24.689264768761745,78e12fd70a7511db82a764e277950bb4fce2d47c4eff082c9206e43494f9c9df,3,1,64,True
electricity,shape,STEP12_D63,C3,PERSISTENCE,0.2213221966892454,0.5094778238051496,56.55901270908106,51.30222089471779,61.25931895493275,78e12fd70a7511db82a764e277950bb4fce2d47c4eff082c9206e43494f9c9df,3,1,64,True
electricity,shape,STEP12_D63,C3,SEASONAL,0.2213221966892454,0.2360542104436501,6.240945131508879,1.2287834290889383,10.507527604283446,78e12fd70a7511db82a764e277950bb4fce2d47c4eff082c9206e43494f9c9df,3,1,64,True
electricity,shape,STEP12_D63,FIX_C3_GC3,FIX_C2_GC2,0.2183394510245025,0.217545517501016,-0.3649505320112212,-0.8135771334450953,0.0358497778506907,78e12fd70a7511db82a764e277950bb4fce2d47c4eff082c9206e43494f9c9df,3,3,64,True
electricity,shape,STEP12_D63,FIX_C3_GC3,FIX_C3_GC2,0.2183394510245025,0.2234138231031711,2.2712883241451154,1.6900524435095086,2.951635722263287,78e12fd70a7511db82a764e277950bb4fce2d47c4eff082c9206e43494f9c9df,3,3,64,True
electricity,shape,STEP12_D63,FIX_C3_GC3,FIX_C2_GC3,0.2183394510245025,0.222817905893335,2.009916954778479,1.353847407059264,2.6670315563669016,78e12fd70a7511db82a764e277950bb4fce2d47c4eff082c9206e43494f9c9df,3,3,64,True
electricity,shape,STEP6_D17,C0,F0,0.2416610230590653,0.389304054995092,37.92486362308453,32.17170244545586,43.30619017720576,78e12fd70a7511db82a764e277950bb4fce2d47c4eff082c9206e43494f9c9df,3,1,64,True
electricity,shape,STEP6_D17,C0,PERSISTENCE,0.2416610230590653,0.5094778156042685,52.5669193716625,47.38026704091746,57.4992484659408,78e12fd70a7511db82a764e277950bb4fce2d47c4eff082c9206e43494f9c9df,3,1,64,True
electricity,shape,STEP6_D17,C0,SEASONAL,0.2416610230590653,0.900949861313044,73.17708416016973,69.7278540585801,75.97697993406716,78e12fd70a7511db82a764e277950bb4fce2d47c4eff082c9206e43494f9c9df,3,1,64,True
electricity,shape,STEP6_D17,C3,C0,0.2360590337483938,0.2416610230590653,2.318118677045522,1.8212378931212336,2.885843172679626,78e12fd70a7511db82a764e277950bb4fce2d47c4eff082c9206e43494f9c9df,3,3,64,True
electricity,shape,STEP6_D17,C3,C2,0.2360590337483938,0.2373972406912864,0.5636994511797333,0.1145204069544053,1.0638231507317089,78e12fd70a7511db82a764e277950bb4fce2d47c4eff082c9206e43494f9c9df,3,3,64,True
electricity,shape,STEP6_D17,C3,M_RECENCY,0.2360590337483938,0.2366581631597157,0.2531623685921969,0.0613160150333666,0.4552676469252485,78e12fd70a7511db82a764e277950bb4fce2d47c4eff082c9206e43494f9c9df,3,3,64,True
electricity,shape,STEP6_D17,C3,F0,0.2360590337483938,0.389304054995092,39.363838953239295,33.513338957778146,44.88484519463883,78e12fd70a7511db82a764e277950bb4fce2d47c4eff082c9206e43494f9c9df,3,1,64,True
electricity,shape,STEP6_D17,C3,PERSISTENCE,0.2360590337483938,0.5094778156042685,53.66647447280606,48.37422354056997,58.66849397734303,78e12fd70a7511db82a764e277950bb4fce2d47c4eff082c9206e43494f9c9df,3,1,64,True
electricity,shape,STEP6_D17,C3,SEASONAL,0.2360590337483938,0.900949861313044,73.79887118198103,70.3725857686617,76.59405709113899,78e12fd70a7511db82a764e277950bb4fce2d47c4eff082c9206e43494f9c9df,3,1,64,True
electricity,shape,STEP6_D17,FIX_C3_GC3,FIX_C2_GC2,0.2358467609695614,0.2380841709218514,0.93975586181424,0.3923276136601328,1.551419531873318,78e12fd70a7511db82a764e277950bb4fce2d47c4eff082c9206e43494f9c9df,3,3,64,True
electricity,shape,STEP6_D17,FIX_C3_GC3,FIX_C3_GC2,0.2358467609695614,0.2396949427328867,1.6054497101399612,0.879892966411846,2.4813270414921247,78e12fd70a7511db82a764e277950bb4fce2d47c4eff082c9206e43494f9c9df,3,3,64,True
electricity,shape,STEP6_D17,FIX_C3_GC3,FIX_C2_GC3,0.2358467609695614,0.237088491654669,0.5237414420419029,0.2069409197513524,0.8389190005684618,78e12fd70a7511db82a764e277950bb4fce2d47c4eff082c9206e43494f9c9df,3,3,64,True
electricity,shape,STEP6_D63,C0,F0,0.1976786981675145,0.2333500424590055,15.286624298668238,11.10190041666826,18.98769557965768,78e12fd70a7511db82a764e277950bb4fce2d47c4eff082c9206e43494f9c9df,3,1,64,True
electricity,shape,STEP6_D63,C0,PERSISTENCE,0.1976786981675145,0.5094778156042685,61.19974371542423,55.53202793652225,66.17162325448078,78e12fd70a7511db82a764e277950bb4fce2d47c4eff082c9206e43494f9c9df,3,1,64,True
electricity,shape,STEP6_D63,C0,SEASONAL,0.1976786981675145,0.2360542039078453,16.257073631830956,11.651341668821855,20.864114481444663,78e12fd70a7511db82a764e277950bb4fce2d47c4eff082c9206e43494f9c9df,3,1,64,True
electricity,shape,STEP6_D63,C3,C0,0.1960496176297994,0.1976786981675145,0.8241052540393867,0.5396008108584225,1.1293018291765575,78e12fd70a7511db82a764e277950bb4fce2d47c4eff082c9206e43494f9c9df,3,3,64,True
electricity,shape,STEP6_D63,C3,C2,0.1960496176297994,0.1945055160296176,-0.7938600568770715,-1.1395264708667086,-0.4888178277245271,78e12fd70a7511db82a764e277950bb4fce2d47c4eff082c9206e43494f9c9df,3,3,64,True
electricity,shape,STEP6_D63,C3,M_RECENCY,0.1960496176297994,0.1957739272873246,-0.1408207652033866,-0.2295458118146986,-0.054302185418062,78e12fd70a7511db82a764e277950bb4fce2d47c4eff082c9206e43494f9c9df,3,3,64,True
electricity,shape,STEP6_D63,C3,F0,0.1960496176297994,0.2333500424590055,15.98475167869704,11.709181494169924,19.693814308621224,78e12fd70a7511db82a764e277950bb4fce2d47c4eff082c9206e43494f9c9df,3,1,64,True
electricity,shape,STEP6_D63,C3,PERSISTENCE,0.1960496176297994,0.5094778156042685,61.51949866604616,55.89718769892883,66.4893329789917,78e12fd70a7511db82a764e277950bb4fce2d47c4eff082c9206e43494f9c9df,3,1,64,True
electricity,shape,STEP6_D63,C3,SEASONAL,0.1960496176297994,0.2360542039078453,16.947203487917374,12.265519065224646,21.53554222996118,78e12fd70a7511db82a764e277950bb4fce2d47c4eff082c9206e43494f9c9df,3,1,64,True
electricity,shape,STEP6_D63,FIX_C3_GC3,FIX_C2_GC2,0.1950978123143447,0.1942788387936892,-0.421545406458379,-0.7770306959853157,-0.0656768826146083,78e12fd70a7511db82a764e277950bb4fce2d47c4eff082c9206e43494f9c9df,3,3,64,True
electricity,shape,STEP6_D63,FIX_C3_GC3,FIX_C3_GC2,0.1950978123143447,0.1948345555710894,-0.1351180967275933,-0.4266759191006752,0.1500434631440532,78e12fd70a7511db82a764e277950bb4fce2d47c4eff082c9206e43494f9c9df,3,3,64,True
electricity,shape,STEP6_D63,FIX_C3_GC3,FIX_C2_GC3,0.1950978123143447,0.1971701702612154,1.0510504424301017,0.6908038330120806,1.4265433487413297,78e12fd70a7511db82a764e277950bb4fce2d47c4eff082c9206e43494f9c9df,3,3,64,True
electricity,shape,STEP8_D31,C0,F0,0.211856044429594,0.3327955427855968,36.340480207067536,30.19788320964697,41.42556813674238,78e12fd70a7511db82a764e277950bb4fce2d47c4eff082c9206e43494f9c9df,3,1,64,True
electricity,shape,STEP8_D31,C0,PERSISTENCE,0.211856044429594,0.5094778212370088,58.41702315613878,52.75976773559346,63.474588673125126,78e12fd70a7511db82a764e277950bb4fce2d47c4eff082c9206e43494f9c9df,3,1,64,True
electricity,shape,STEP8_D31,C0,SEASONAL,0.211856044429594,0.2360542075962939,10.251104359929164,6.344207092270718,14.228148736424622,78e12fd70a7511db82a764e277950bb4fce2d47c4eff082c9206e43494f9c9df,3,1,64,True
electricity,shape,STEP8_D31,C3,C0,0.2077163966597886,0.211856044429594,1.9539908719390489,1.3026736745003094,2.67062336724538,78e12fd70a7511db82a764e277950bb4fce2d47c4eff082c9206e43494f9c9df,3,3,64,True
electricity,shape,STEP8_D31,C3,C2,0.2077163966597886,0.2079774126812952,0.1255021005125312,-0.2163913722086874,0.4995177583774329,78e12fd70a7511db82a764e277950bb4fce2d47c4eff082c9206e43494f9c9df,3,3,64,True
electricity,shape,STEP8_D31,C3,M_RECENCY,0.2077163966597886,0.207925015016698,0.1003334576614833,-0.0137486554229804,0.2202641235200643,78e12fd70a7511db82a764e277950bb4fce2d47c4eff082c9206e43494f9c9df,3,3,64,True
electricity,shape,STEP8_D31,C3,F0,0.2077163966597886,0.3327955427855968,37.58438141294167,31.465308330994382,42.81777296753062,78e12fd70a7511db82a764e277950bb4fce2d47c4eff082c9206e43494f9c9df,3,1,64,True
electricity,shape,STEP8_D31,C3,PERSISTENCE,0.2077163966597886,0.5094778212370088,59.22955072794836,53.55319416535545,64.22895537485313,78e12fd70a7511db82a764e277950bb4fce2d47c4eff082c9206e43494f9c9df,3,1,64,True
electricity,shape,STEP8_D31,C3,SEASONAL,0.2077163966597886,0.2360542075962939,12.004789588402254,7.986253780250755,16.06222263780906,78e12fd70a7511db82a764e277950bb4fce2d47c4eff082c9206e43494f9c9df,3,1,64,True
electricity,shape,STEP8_D31,FIX_C3_GC3,FIX_C2_GC2,0.208145770041815,0.2088778584190497,0.3504863477516107,-0.0286410573320655,0.7574407531436321,78e12fd70a7511db82a764e277950bb4fce2d47c4eff082c9206e43494f9c9df,3,3,64,True
electricity,shape,STEP8_D31,FIX_C3_GC3,FIX_C3_GC2,0.208145770041815,0.2101601052490374,0.9584764933551536,0.4428127456873301,1.5594405280709178,78e12fd70a7511db82a764e277950bb4fce2d47c4eff082c9206e43494f9c9df,3,3,64,True
electricity,shape,STEP8_D31,FIX_C3_GC3,FIX_C2_GC3,0.208145770041815,0.2083827153525345,0.113706796803481,-0.5083405326107959,0.6976986026457495,78e12fd70a7511db82a764e277950bb4fce2d47c4eff082c9206e43494f9c9df,3,3,64,True
electricity,shape,STEP8_D33,C0,F0,0.2140976661354736,0.3177113739947312,32.61252707338574,26.56047466992816,37.73604602263615,78e12fd70a7511db82a764e277950bb4fce2d47c4eff082c9206e43494f9c9df,3,1,64,True
electricity,shape,STEP8_D33,C0,PERSISTENCE,0.2140976661354736,0.5094778212370088,57.97703899737069,52.293247069314354,63.08964978096361,78e12fd70a7511db82a764e277950bb4fce2d47c4eff082c9206e43494f9c9df,3,1,64,True
electricity,shape,STEP8_D33,C0,SEASONAL,0.2140976661354736,0.2360542075962939,9.30148277567283,5.018217076870967,13.357315352910064,78e12fd70a7511db82a764e277950bb4fce2d47c4eff082c9206e43494f9c9df,3,1,64,True
electricity,shape,STEP8_D33,C3,C0,0.2068839389482375,0.2140976661354736,3.369362832134526,2.6569210187713166,4.212491793932665,78e12fd70a7511db82a764e277950bb4fce2d47c4eff082c9206e43494f9c9df,3,3,64,True
electricity,shape,STEP8_D33,C3,C2,0.2068839389482375,0.2094917599290482,1.244832246239136,0.8267506196741142,1.7476487844357638,78e12fd70a7511db82a764e277950bb4fce2d47c4eff082c9206e43494f9c9df,3,3,64,True
electricity,shape,STEP8_D33,C3,M_RECENCY,0.2068839389482375,0.2073073197312648,0.2042285740687432,0.0991086923194858,0.3196324387799554,78e12fd70a7511db82a764e277950bb4fce2d47c4eff082c9206e43494f9c9df,3,3,64,True
electricity,shape,STEP8_D33,C3,F0,0.2068839389482375,0.3177113739947312,34.8830555396898,28.700890335387623,40.08624808400708,78e12fd70a7511db82a764e277950bb4fce2d47c4eff082c9206e43494f9c9df,3,1,64,True
electricity,shape,STEP8_D33,C3,PERSISTENCE,0.2068839389482375,0.5094778212370088,59.39294502635567,53.67412380899568,64.52703965894378,78e12fd70a7511db82a764e277950bb4fce2d47c4eff082c9206e43494f9c9df,3,1,64,True
electricity,shape,STEP8_D33,C3,SEASONAL,0.2068839389482375,0.2360542075962939,12.357444904326442,8.115504060688451,16.625057800119293,78e12fd70a7511db82a764e277950bb4fce2d47c4eff082c9206e43494f9c9df,3,1,64,True
electricity,shape,STEP8_D33,FIX_C3_GC3,FIX_C2_GC2,0.2083501895588521,0.2111110715118679,1.3077864335791611,0.8350892163697247,1.856965869533585,78e12fd70a7511db82a764e277950bb4fce2d47c4eff082c9206e43494f9c9df,3,3,64,True
electricity,shape,STEP8_D33,FIX_C3_GC3,FIX_C3_GC2,0.2083501895588521,0.2098739203512392,0.7260219801665024,0.1532447368534439,1.355023516004543,78e12fd70a7511db82a764e277950bb4fce2d47c4eff082c9206e43494f9c9df,3,3,64,True
electricity,shape,STEP8_D33,FIX_C3_GC3,FIX_C2_GC3,0.2083501895588521,0.2106502803249281,1.0919001686245822,0.5596569662297655,1.613647567413442,78e12fd70a7511db82a764e277950bb4fce2d47c4eff082c9206e43494f9c9df,3,3,64,True
electricity,standard,FAULT,C0,F0,0.1722505623451945,0.1742156529984482,1.1279644621090434,-1.928797900150463,4.713859758193462,78e12fd70a7511db82a764e277950bb4fce2d47c4eff082c9206e43494f9c9df,3,1,128,True
electricity,standard,FAULT,C0,PERSISTENCE,0.1722505623451945,0.510649238661781,66.26832093266246,61.498651114071976,70.69826616768621,78e12fd70a7511db82a764e277950bb4fce2d47c4eff082c9206e43494f9c9df,3,1,128,True
electricity,standard,FAULT,C0,SEASONAL,0.1722505623451945,0.2586279657083687,33.39832300292467,27.09313534376235,38.79029755562126,78e12fd70a7511db82a764e277950bb4fce2d47c4eff082c9206e43494f9c9df,3,1,128,True
electricity,standard,FAULT,C3,C0,0.1728932741191997,0.1722505623451945,-0.3731260817118498,-0.5665929404401426,-0.1810734649667023,78e12fd70a7511db82a764e277950bb4fce2d47c4eff082c9206e43494f9c9df,3,3,128,True
electricity,standard,FAULT,C3,C2,0.1728932741191997,0.1728123468907851,-0.0468295407536567,-0.1631849130608031,0.0715029023916444,78e12fd70a7511db82a764e277950bb4fce2d47c4eff082c9206e43494f9c9df,3,3,128,True
electricity,standard,FAULT,C3,M_RECENCY,0.1728932741191997,0.1727199066514013,-0.1003749198106529,-0.21102887966432,-0.0039522309707557,78e12fd70a7511db82a764e277950bb4fce2d47c4eff082c9206e43494f9c9df,3,3,128,True
electricity,standard,FAULT,C3,F0,0.1728932741191997,0.1742156529984482,0.759047109997768,-2.346014910540791,4.423273833811631,78e12fd70a7511db82a764e277950bb4fce2d47c4eff082c9206e43494f9c9df,3,1,128,True
electricity,standard,FAULT,C3,PERSISTENCE,0.1728932741191997,0.510649238661781,66.1424592402629,61.38453723326296,70.5684359129688,78e12fd70a7511db82a764e277950bb4fce2d47c4eff082c9206e43494f9c9df,3,1,128,True
electricity,standard,FAULT,C3,SEASONAL,0.1728932741191997,0.2586279657083687,33.14981477519111,26.793238945609698,38.52830134426593,78e12fd70a7511db82a764e277950bb4fce2d47c4eff082c9206e43494f9c9df,3,1,128,True
electricity,standard,FAULT,FIX_C3_GC3,FIX_C2_GC2,0.1730853579943995,0.1729556628604655,-0.0749875036116787,-0.1745816792430127,0.0400108004471208,78e12fd70a7511db82a764e277950bb4fce2d47c4eff082c9206e43494f9c9df,3,3,128,True
electricity,standard,FAULT,FIX_C3_GC3,FIX_C3_GC2,0.1730853579943995,0.1731651538242938,0.0460807663274165,-0.0694150009859106,0.1791942770922064,78e12fd70a7511db82a764e277950bb4fce2d47c4eff082c9206e43494f9c9df,3,3,128,True
electricity,standard,FAULT,FIX_C3_GC3,FIX_C2_GC3,0.1730853579943995,0.1728666863532998,-0.1264972712283318,-0.1975274360392603,-0.0554961595551007,78e12fd70a7511db82a764e277950bb4fce2d47c4eff082c9206e43494f9c9df,3,3,128,True
electricity,standard,REFERENCE,C0,F0,0.1671103645114686,0.169059089762371,1.1526888342067498,-1.8342335845107596,4.506713107595837,78e12fd70a7511db82a764e277950bb4fce2d47c4eff082c9206e43494f9c9df,3,1,128,True
electricity,standard,REFERENCE,C0,PERSISTENCE,0.1671103645114686,0.5054572181200413,66.9387717652928,62.34065994738151,71.20980079436174,78e12fd70a7511db82a764e277950bb4fce2d47c4eff082c9206e43494f9c9df,3,1,128,True
electricity,standard,REFERENCE,C0,SEASONAL,0.1671103645114686,0.2313878522279091,27.779110743086623,21.222802320955516,33.51253263364141,78e12fd70a7511db82a764e277950bb4fce2d47c4eff082c9206e43494f9c9df,3,1,128,True
electricity,standard,REFERENCE,C3,C0,0.1674955548362826,0.1671103645114686,-0.2305005592801112,-0.4110762585706928,-0.0542296059755999,78e12fd70a7511db82a764e277950bb4fce2d47c4eff082c9206e43494f9c9df,3,3,128,True
electricity,standard,REFERENCE,C3,C2,0.1674955548362826,0.1673380529731881,-0.0941219646673374,-0.1859238004989899,-0.006282607732127,78e12fd70a7511db82a764e277950bb4fce2d47c4eff082c9206e43494f9c9df,3,3,128,True
electricity,standard,REFERENCE,C3,M_RECENCY,0.1674955548362826,0.1673959045723356,-0.0595296905271158,-0.1683938598414291,0.0332832342458805,78e12fd70a7511db82a764e277950bb4fce2d47c4eff082c9206e43494f9c9df,3,3,128,True
electricity,standard,REFERENCE,C3,F0,0.1674955548362826,0.169059089762371,0.9248452291362508,-2.053357353081497,4.28635778744711,78e12fd70a7511db82a764e277950bb4fce2d47c4eff082c9206e43494f9c9df,3,1,128,True
electricity,standard,REFERENCE,C3,PERSISTENCE,0.1674955548362826,0.5054572181200413,66.86256544930693,62.25625843805787,71.11553562265856,78e12fd70a7511db82a764e277950bb4fce2d47c4eff082c9206e43494f9c9df,3,1,128,True
electricity,standard,REFERENCE,C3,SEASONAL,0.1674955548362826,0.2313878522279091,27.61264118943237,21.006136285716515,33.372342234372326,78e12fd70a7511db82a764e277950bb4fce2d47c4eff082c9206e43494f9c9df,3,1,128,True
electricity,standard,REFERENCE,FIX_C3_GC3,FIX_C2_GC2,0.1676364336554988,0.1674518615795615,-0.110223961797895,-0.2071146488590486,-0.0114267793509771,78e12fd70a7511db82a764e277950bb4fce2d47c4eff082c9206e43494f9c9df,3,3,128,True
electricity,standard,REFERENCE,FIX_C3_GC3,FIX_C3_GC2,0.1676364336554988,0.1676734612847208,0.0220831781835295,-0.0884097666636835,0.1291526616547741,78e12fd70a7511db82a764e277950bb4fce2d47c4eff082c9206e43494f9c9df,3,3,128,True
electricity,standard,REFERENCE,FIX_C3_GC3,FIX_C2_GC3,0.1676364336554988,0.1673923162486812,-0.1458354913106641,-0.2197375101074572,-0.0796500165348602,78e12fd70a7511db82a764e277950bb4fce2d47c4eff082c9206e43494f9c9df,3,3,128,True
electricity,standard,SHIFT4,C0,F0,0.191848251200561,0.2650688531778308,27.62323867910168,23.209045522986724,31.55379719067892,78e12fd70a7511db82a764e277950bb4fce2d47c4eff082c9206e43494f9c9df,3,1,128,True
electricity,standard,SHIFT4,C0,PERSISTENCE,0.191848251200561,0.5054572241307559,62.04461187977163,57.71364339640563,66.30830855456489,78e12fd70a7511db82a764e277950bb4fce2d47c4eff082c9206e43494f9c9df,3,1,128,True
electricity,standard,SHIFT4,C0,SEASONAL,0.191848251200561,0.2313878580552171,17.088021466200097,12.775782320706249,21.00907780783573,78e12fd70a7511db82a764e277950bb4fce2d47c4eff082c9206e43494f9c9df,3,1,128,True
electricity,standard,SHIFT4,C3,C0,0.1894954045683174,0.191848251200561,1.2264102578573133,0.8879290055115935,1.5958824916160308,78e12fd70a7511db82a764e277950bb4fce2d47c4eff082c9206e43494f9c9df,3,3,128,True
electricity,standard,SHIFT4,C3,C2,0.1894954045683174,0.1894630137214127,-0.0170961319935214,-0.226508000744795,0.1957900323377403,78e12fd70a7511db82a764e277950bb4fce2d47c4eff082c9206e43494f9c9df,3,3,128,True
electricity,standard,SHIFT4,C3,M_RECENCY,0.1894954045683174,0.1895749440555755,0.0419567510117624,-0.0958168649844509,0.1899288169266077,78e12fd70a7511db82a764e277950bb4fce2d47c4eff082c9206e43494f9c9df,3,3,128,True
electricity,standard,SHIFT4,C3,F0,0.1894954045683174,0.2650688531778308,28.51087470424608,23.98340781120966,32.5047615201251,78e12fd70a7511db82a764e277950bb4fce2d47c4eff082c9206e43494f9c9df,3,1,128,True
electricity,standard,SHIFT4,C3,PERSISTENCE,0.1894954045683174,0.5054572241307559,62.51010065308766,58.15524229701991,66.79740966360401,78e12fd70a7511db82a764e277950bb4fce2d47c4eff082c9206e43494f9c9df,3,1,128,True
electricity,standard,SHIFT4,C3,SEASONAL,0.1894954045683174,0.2313878580552171,18.10486247593107,13.742754901233518,22.16280269489137,78e12fd70a7511db82a764e277950bb4fce2d47c4eff082c9206e43494f9c9df,3,1,128,True
electricity,standard,SHIFT4,FIX_C3_GC3,FIX_C2_GC2,0.1894722662545647,0.1898173710670705,0.1818088674212514,-0.0372946506484989,0.4169278073017834,78e12fd70a7511db82a764e277950bb4fce2d47c4eff082c9206e43494f9c9df,3,3,128,True
electricity,standard,SHIFT4,FIX_C3_GC3,FIX_C3_GC2,0.1894722662545647,0.1895931877749006,0.0637794647345146,-0.2214534460868206,0.361080080069625,78e12fd70a7511db82a764e277950bb4fce2d47c4eff082c9206e43494f9c9df,3,3,128,True
electricity,standard,SHIFT4,FIX_C3_GC3,FIX_C2_GC3,0.1894722662545647,0.1903244572181136,0.4477569388637747,0.2105000895681011,0.6840016124678244,78e12fd70a7511db82a764e277950bb4fce2d47c4eff082c9206e43494f9c9df,3,3,128,True
electricity,standard,SHIFT8,C0,F0,0.2075439630376591,0.3212262977680397,35.39010831936044,30.96973917499252,39.29070439196183,78e12fd70a7511db82a764e277950bb4fce2d47c4eff082c9206e43494f9c9df,3,1,128,True
electricity,standard,SHIFT8,C0,PERSISTENCE,0.2075439630376591,0.5054572252959345,58.9393617004591,54.80975328178743,63.10061668553305,78e12fd70a7511db82a764e277950bb4fce2d47c4eff082c9206e43494f9c9df,3,1,128,True
electricity,standard,SHIFT8,C0,SEASONAL,0.2075439630376591,0.2313878590470733,10.30473081328065,6.268269858354362,13.765040168040638,78e12fd70a7511db82a764e277950bb4fce2d47c4eff082c9206e43494f9c9df,3,1,128,True
electricity,standard,SHIFT8,C3,C0,0.2008912272209722,0.2075439630376591,3.205458602272049,2.6235867692033983,3.855406193567105,78e12fd70a7511db82a764e277950bb4fce2d47c4eff082c9206e43494f9c9df,3,3,128,True
electricity,standard,SHIFT8,C3,C2,0.2008912272209722,0.2028959995690425,0.9880787952096348,0.6293488437175987,1.3878846424331537,78e12fd70a7511db82a764e277950bb4fce2d47c4eff082c9206e43494f9c9df,3,3,128,True
electricity,standard,SHIFT8,C3,M_RECENCY,0.2008912272209722,0.2011755002532902,0.1413059900236879,0.0457083068981825,0.2578301767881308,78e12fd70a7511db82a764e277950bb4fce2d47c4eff082c9206e43494f9c9df,3,3,128,True
electricity,standard,SHIFT8,C3,F0,0.2008912272209722,0.3212262977680397,37.46115165015615,32.928626373112586,41.47688215158416,78e12fd70a7511db82a764e277950bb4fce2d47c4eff082c9206e43494f9c9df,3,1,128,True
electricity,standard,SHIFT8,C3,PERSISTENCE,0.2008912272209722,0.5054572252959345,60.255543462979546,56.16188361799576,64.38542763014613,78e12fd70a7511db82a764e277950bb4fce2d47c4eff082c9206e43494f9c9df,3,1,128,True
electricity,standard,SHIFT8,C3,SEASONAL,0.2008912272209722,0.2313878590470733,13.179875535257413,9.11124980147144,16.7577177894652,78e12fd70a7511db82a764e277950bb4fce2d47c4eff082c9206e43494f9c9df,3,1,128,True
electricity,standard,SHIFT8,FIX_C3_GC3,FIX_C2_GC2,0.2014825202585415,0.2043332281834225,1.3951269454432702,0.9923844566471066,1.8531583318153144,78e12fd70a7511db82a764e277950bb4fce2d47c4eff082c9206e43494f9c9df,3,3,128,True
electricity,standard,SHIFT8,FIX_C3_GC3,FIX_C3_GC2,0.2014825202585415,0.20336666642474,0.9264773816291648,0.4438332559341487,1.4844190546829077,78e12fd70a7511db82a764e277950bb4fce2d47c4eff082c9206e43494f9c9df,3,3,128,True
electricity,standard,SHIFT8,FIX_C3_GC3,FIX_C2_GC3,0.2014825202585415,0.2041152306253396,1.289815737283484,0.8631314822741535,1.73444305447573,78e12fd70a7511db82a764e277950bb4fce2d47c4eff082c9206e43494f9c9df,3,3,128,True
electricity,standard,SHIFT_POINT,C0,F0,0.19657725572749,0.2853536832246022,31.11101510725417,27.424053365698867,34.68685302637809,78e12fd70a7511db82a764e277950bb4fce2d47c4eff082c9206e43494f9c9df,3,1,128,True
electricity,standard,SHIFT_POINT,C0,PERSISTENCE,0.19657725572749,0.5101961056375844,61.47025554383048,57.39501108683166,65.45826713432332,78e12fd70a7511db82a764e277950bb4fce2d47c4eff082c9206e43494f9c9df,3,1,128,True
electricity,standard,SHIFT_POINT,C0,SEASONAL,0.19657725572749,0.241129037612046,18.47632384957124,14.147939811748946,22.31002674369305,78e12fd70a7511db82a764e277950bb4fce2d47c4eff082c9206e43494f9c9df,3,1,128,True
electricity,standard,SHIFT_POINT,C3,C0,0.1936299913685862,0.19657725572749,1.4992906213878163,1.226578716506648,1.7991220088044544,78e12fd70a7511db82a764e277950bb4fce2d47c4eff082c9206e43494f9c9df,3,3,128,True
electricity,standard,SHIFT_POINT,C3,C2,0.1936299913685862,0.1937528736275663,0.0634221607553331,-0.1030706067799103,0.227779890133041,78e12fd70a7511db82a764e277950bb4fce2d47c4eff082c9206e43494f9c9df,3,3,128,True
electricity,standard,SHIFT_POINT,C3,M_RECENCY,0.1936299913685862,0.1937649572637544,0.0696544396232123,-0.0310642034174307,0.1685514953054203,78e12fd70a7511db82a764e277950bb4fce2d47c4eff082c9206e43494f9c9df,3,3,128,True
electricity,standard,SHIFT_POINT,C3,F0,0.1936299913685862,0.2853536832246022,32.143861196920376,28.365169022621988,35.74272369269291,78e12fd70a7511db82a764e277950bb4fce2d47c4eff082c9206e43494f9c9df,3,1,128,True
electricity,standard,SHIFT_POINT,C3,PERSISTENCE,0.1936299913685862,0.5101961056375844,62.04792838890651,58.01882676648999,66.02257352081087,78e12fd70a7511db82a764e277950bb4fce2d47c4eff082c9206e43494f9c9df,3,1,128,True
electricity,standard,SHIFT_POINT,C3,SEASONAL,0.1936299913685862,0.241129037612046,19.6986006803052,15.48117161720099,23.543357977777823,78e12fd70a7511db82a764e277950bb4fce2d47c4eff082c9206e43494f9c9df,3,1,128,True
electricity,standard,SHIFT_POINT,FIX_C3_GC3,FIX_C2_GC2,0.1937413098005095,0.1941606886089937,0.2159957360517439,0.0096777953734258,0.4267142340934835,78e12fd70a7511db82a764e277950bb4fce2d47c4eff082c9206e43494f9c9df,3,3,128,True
electricity,standard,SHIFT_POINT,FIX_C3_GC3,FIX_C3_GC2,0.1937413098005095,0.1939070284742663,0.0854629535921192,-0.1740131533338207,0.3518605314317267,78e12fd70a7511db82a764e277950bb4fce2d47c4eff082c9206e43494f9c9df,3,3,128,True
electricity,standard,SHIFT_POINT,FIX_C3_GC3,FIX_C2_GC3,0.1937413098005095,0.1945893941176082,0.4358327548859675,0.2329126206797852,0.6343378952599716,78e12fd70a7511db82a764e277950bb4fce2d47c4eff082c9206e43494f9c9df,3,3,128,True
electricity_transfer,shape,PAIRED_SHIFT8_D32,C0,F0,0.3898545279133605,0.5715110118216132,31.78529899699526,30.05238362096265,33.37106610431345,4ff26765fb88ba273db3c7fef021f11551ae34f8a4ed720167c20f144716d15c,3,1,64,True
electricity_transfer,shape,PAIRED_SHIFT8_D32,C0,PERSISTENCE,0.3898545279133605,1.0592806905822545,63.19629618670106,61.49443966389565,64.77599639444924,4ff26765fb88ba273db3c7fef021f11551ae34f8a4ed720167c20f144716d15c,3,1,64,True
electricity_transfer,shape,PAIRED_SHIFT8_D32,C0,SEASONAL,0.3898545279133605,0.3760006155157847,-3.6845451379305514,-7.556565097313747,0.156084300461983,4ff26765fb88ba273db3c7fef021f11551ae34f8a4ed720167c20f144716d15c,3,1,64,True
electricity_transfer,shape,PAIRED_SHIFT8_D32,C3,C0,0.3597110265832809,0.3898545279133605,7.731986977660177,6.57902741268792,8.905193627544055,4ff26765fb88ba273db3c7fef021f11551ae34f8a4ed720167c20f144716d15c,3,3,64,True
electricity_transfer,shape,PAIRED_SHIFT8_D32,C3,C2,0.3597110265832809,0.3674250259185141,2.099475754529556,1.7297950809741958,2.4528878784077777,4ff26765fb88ba273db3c7fef021f11551ae34f8a4ed720167c20f144716d15c,3,3,64,True
electricity_transfer,shape,PAIRED_SHIFT8_D32,C3,M_RECENCY,0.3597110265832809,0.3602949464344547,0.1620671777254445,0.1132054188789435,0.2156106408572549,4ff26765fb88ba273db3c7fef021f11551ae34f8a4ed720167c20f144716d15c,3,3,64,True
electricity_transfer,shape,PAIRED_SHIFT8_D32,C3,F0,0.3597110265832809,0.5715110118216132,37.0596507953974,35.03341642906489,38.8304326306463,4ff26765fb88ba273db3c7fef021f11551ae34f8a4ed720167c20f144716d15c,3,1,64,True
electricity_transfer,shape,PAIRED_SHIFT8_D32,C3,PERSISTENCE,0.3597110265832809,1.0592806905822545,66.04195377284195,64.31778891880619,67.53704372234395,4ff26765fb88ba273db3c7fef021f11551ae34f8a4ed720167c20f144716d15c,3,1,64,True
electricity_transfer,shape,PAIRED_SHIFT8_D32,C3,SEASONAL,0.3597110265832809,0.3760006155157847,4.332330389980421,0.993093435493762,7.75826376757488,4ff26765fb88ba273db3c7fef021f11551ae34f8a4ed720167c20f144716d15c,3,1,64,True
electricity_transfer,shape,PAIRED_SHIFT8_D32,FIX_C3_GC3,FIX_C2_GC2,0.3600065071228042,0.3704882917544657,2.829181073988718,2.4255926642944945,3.2210911546354897,4ff26765fb88ba273db3c7fef021f11551ae34f8a4ed720167c20f144716d15c,3,3,64,True
electricity_transfer,shape,PAIRED_SHIFT8_D32,FIX_C3_GC3,FIX_C3_GC2,0.3600065071228042,0.3629098116513615,0.8000071740541514,0.1132781677963335,1.5138459940530986,4ff26765fb88ba273db3c7fef021f11551ae34f8a4ed720167c20f144716d15c,3,3,64,True
electricity_transfer,shape,PAIRED_SHIFT8_D32,FIX_C3_GC3,FIX_C2_GC3,0.3600065071228042,0.3720165997905421,3.2283754742395754,2.36186486817033,4.038858225005722,4ff26765fb88ba273db3c7fef021f11551ae34f8a4ed720167c20f144716d15c,3,3,64,True
electricity_transfer,shape,PULSE8_D32,C0,F0,7.028734092214794,6.839169212716374,-2.771753024416368,-3.2182801016147806,-2.3133433861037624,4ff26765fb88ba273db3c7fef021f11551ae34f8a4ed720167c20f144716d15c,3,1,64,True
electricity_transfer,shape,PULSE8_D32,C0,PERSISTENCE,7.028734092214794,7.154429887166992,1.7568946363938798,1.5112610401640438,2.008565274170764,4ff26765fb88ba273db3c7fef021f11551ae34f8a4ed720167c20f144716d15c,3,1,64,True
electricity_transfer,shape,PULSE8_D32,C0,SEASONAL,7.028734092214794,7.128441734759485,1.3987298522550762,1.2601120632986782,1.5299590073043916,4ff26765fb88ba273db3c7fef021f11551ae34f8a4ed720167c20f144716d15c,3,1,64,True
electricity_transfer,shape,PULSE8_D32,C3,C0,7.064277312020451,7.028734092214794,-0.5056845135886556,-0.527781917031605,-0.4829263237611009,4ff26765fb88ba273db3c7fef021f11551ae34f8a4ed720167c20f144716d15c,3,3,64,True
electricity_transfer,shape,PULSE8_D32,C3,C2,7.064277312020451,7.019591465076174,-0.6365875730318216,-0.6461003813105193,-0.6266862290872621,4ff26765fb88ba273db3c7fef021f11551ae34f8a4ed720167c20f144716d15c,3,3,64,True
electricity_transfer,shape,PULSE8_D32,C3,M_RECENCY,7.064277312020451,7.06049709704671,-0.053540351646375,-0.0560456918868884,-0.0510384023282067,4ff26765fb88ba273db3c7fef021f11551ae34f8a4ed720167c20f144716d15c,3,3,64,True
electricity_transfer,shape,PULSE8_D32,C3,F0,7.064277312020451,6.839169212716374,-3.291453863804428,-3.7512007428549983,-2.813124730204144,4ff26765fb88ba273db3c7fef021f11551ae34f8a4ed720167c20f144716d15c,3,1,64,True
electricity_transfer,shape,PULSE8_D32,C3,PERSISTENCE,7.064277312020451,7.154429887166992,1.260094466901529,1.0127302664006534,1.511466452612199,4ff26765fb88ba273db3c7fef021f11551ae34f8a4ed720167c20f144716d15c,3,1,64,True
electricity_transfer,shape,PULSE8_D32,C3,SEASONAL,7.064277312020451,7.128441734759485,0.9001184989162136,0.7648173767970748,1.031703545606555,4ff26765fb88ba273db3c7fef021f11551ae34f8a4ed720167c20f144716d15c,3,1,64,True
electricity_transfer,shape,PULSE8_D32,FIX_C3_GC3,FIX_C2_GC2,7.050438556609067,7.002570902114168,-0.6835725787574409,-0.6964687892242022,-0.6708817544009066,4ff26765fb88ba273db3c7fef021f11551ae34f8a4ed720167c20f144716d15c,3,3,64,True
electricity_transfer,shape,PULSE8_D32,FIX_C3_GC3,FIX_C3_GC2,7.050438556609067,7.046313220102931,-0.0585460279336702,-0.0854897400175486,-0.0328218011803583,4ff26765fb88ba273db3c7fef021f11551ae34f8a4ed720167c20f144716d15c,3,3,64,True
electricity_transfer,shape,PULSE8_D32,FIX_C3_GC3,FIX_C2_GC3,7.050438556609067,7.037077349374901,-0.1898686993308862,-0.2031496544643851,-0.175803859725907,4ff26765fb88ba273db3c7fef021f11551ae34f8a4ed720167c20f144716d15c,3,3,64,True
electricity_transfer,shape,RAMP8_D32,C0,F0,0.8834031746798603,0.96550967954928,8.50395460641563,4.44478639853915,11.858752283880756,4ff26765fb88ba273db3c7fef021f11551ae34f8a4ed720167c20f144716d15c,3,1,64,True
electricity_transfer,shape,RAMP8_D32,C0,PERSISTENCE,0.8834031746798603,1.0592806905822545,16.6034855035184,14.279180492569196,19.106867312434616,4ff26765fb88ba273db3c7fef021f11551ae34f8a4ed720167c20f144716d15c,3,1,64,True
electricity_transfer,shape,RAMP8_D32,C0,SEASONAL,0.8834031746798603,2.9292909910727998,69.84242339282483,68.98951460056442,70.58388557300643,4ff26765fb88ba273db3c7fef021f11551ae34f8a4ed720167c20f144716d15c,3,1,64,True
electricity_transfer,shape,RAMP8_D32,C3,C0,0.882371702003193,0.8834031746798603,0.1167612598903189,-0.2046402485383969,0.4382645410176468,4ff26765fb88ba273db3c7fef021f11551ae34f8a4ed720167c20f144716d15c,3,3,64,True
electricity_transfer,shape,RAMP8_D32,C3,C2,0.882371702003193,0.9141843998364416,3.4798994424910745,3.2689197232742764,3.706100646242084,4ff26765fb88ba273db3c7fef021f11551ae34f8a4ed720167c20f144716d15c,3,3,64,True
electricity_transfer,shape,RAMP8_D32,C3,M_RECENCY,0.882371702003193,0.8818883463369657,-0.0548091681033202,-0.1572597730356123,0.0525243906119621,4ff26765fb88ba273db3c7fef021f11551ae34f8a4ed720167c20f144716d15c,3,3,64,True
electricity_transfer,shape,RAMP8_D32,C3,F0,0.882371702003193,0.96550967954928,8.610786541767002,4.497275961765798,12.07832108171904,4ff26765fb88ba273db3c7fef021f11551ae34f8a4ed720167c20f144716d15c,3,1,64,True
electricity_transfer,shape,RAMP8_D32,C3,PERSISTENCE,0.882371702003193,1.0592806905822545,16.700860324549105,14.32742727097986,19.3089253594368,4ff26765fb88ba273db3c7fef021f11551ae34f8a4ed720167c20f144716d15c,3,1,64,True
electricity_transfer,shape,RAMP8_D32,C3,SEASONAL,0.882371702003193,2.9292909910727998,69.87763575922375,69.0333272447422,70.63680892769828,4ff26765fb88ba273db3c7fef021f11551ae34f8a4ed720167c20f144716d15c,3,1,64,True
electricity_transfer,shape,RAMP8_D32,FIX_C3_GC3,FIX_C2_GC2,0.8918787027860454,0.9237879018110692,3.454169399974427,3.232445671736644,3.677763698322552,4ff26765fb88ba273db3c7fef021f11551ae34f8a4ed720167c20f144716d15c,3,3,64,True
electricity_transfer,shape,RAMP8_D32,FIX_C3_GC3,FIX_C3_GC2,0.8918787027860454,0.9171495289336806,2.7553659845430234,2.444839473752417,3.0704162150998178,4ff26765fb88ba273db3c7fef021f11551ae34f8a4ed720167c20f144716d15c,3,3,64,True
electricity_transfer,shape,RAMP8_D32,FIX_C3_GC3,FIX_C2_GC3,0.8918787027860454,0.8895577884781759,-0.2609065243349695,-0.4766150219425519,-0.0434224501271368,4ff26765fb88ba273db3c7fef021f11551ae34f8a4ed720167c20f144716d15c,3,3,64,True
electricity_transfer,shape,STEP12_D17,C0,F0,0.6049852131765038,0.79122791874142,23.53843957644547,20.842688995666737,26.13443017800267,4ff26765fb88ba273db3c7fef021f11551ae34f8a4ed720167c20f144716d15c,3,1,64,True
electricity_transfer,shape,STEP12_D17,C0,PERSISTENCE,0.6049852131765038,1.0592806918328497,42.88716693875431,41.07187593606502,44.78630187188947,4ff26765fb88ba273db3c7fef021f11551ae34f8a4ed720167c20f144716d15c,3,1,64,True
electricity_transfer,shape,STEP12_D17,C0,SEASONAL,0.6049852131765038,3.7435097091032703,83.83909058108404,83.26620502669928,84.29580281410247,4ff26765fb88ba273db3c7fef021f11551ae34f8a4ed720167c20f144716d15c,3,1,64,True
electricity_transfer,shape,STEP12_D17,C3,C0,0.5416414193416108,0.6049852131765038,10.47030447278262,9.757757014098626,11.1355822506338,4ff26765fb88ba273db3c7fef021f11551ae34f8a4ed720167c20f144716d15c,3,3,64,True
electricity_transfer,shape,STEP12_D17,C3,C2,0.5416414193416108,0.5633163925544377,3.847744091830641,3.292323478447504,4.370847165657926,4ff26765fb88ba273db3c7fef021f11551ae34f8a4ed720167c20f144716d15c,3,3,64,True
electricity_transfer,shape,STEP12_D17,C3,M_RECENCY,0.5416414193416108,0.5485645878391959,1.262051661930197,1.1682691233248867,1.3581275517215037,4ff26765fb88ba273db3c7fef021f11551ae34f8a4ed720167c20f144716d15c,3,3,64,True
electricity_transfer,shape,STEP12_D17,C3,F0,0.5416414193416108,0.79122791874142,31.54419775743229,29.19792831828905,33.83890476443237,4ff26765fb88ba273db3c7fef021f11551ae34f8a4ed720167c20f144716d15c,3,1,64,True
electricity_transfer,shape,STEP12_D17,C3,PERSISTENCE,0.5416414193416108,1.0592806918328497,48.86705445329879,47.05904270434852,50.61896329799609,4ff26765fb88ba273db3c7fef021f11551ae34f8a4ed720167c20f144716d15c,3,1,64,True
electricity_transfer,shape,STEP12_D17,C3,SEASONAL,0.5416414193416108,3.7435097091032703,85.53118700281514,84.93993906520366,85.98916155068866,4ff26765fb88ba273db3c7fef021f11551ae34f8a4ed720167c20f144716d15c,3,1,64,True
electricity_transfer,shape,STEP12_D17,FIX_C3_GC3,FIX_C2_GC2,0.5396881494579832,0.5716275405459708,5.587447913633026,5.045754315275611,6.113566722020809,4ff26765fb88ba273db3c7fef021f11551ae34f8a4ed720167c20f144716d15c,3,3,64,True
electricity_transfer,shape,STEP12_D17,FIX_C3_GC3,FIX_C3_GC2,0.5396881494579832,0.5415067131552911,0.3358340078023047,-0.369884663567277,1.085915215884545,4ff26765fb88ba273db3c7fef021f11551ae34f8a4ed720167c20f144716d15c,3,3,64,True
electricity_transfer,shape,STEP12_D17,FIX_C3_GC3,FIX_C2_GC3,0.5396881494579832,0.5646622498177425,4.422838673529228,3.980407028325169,4.826090624430956,4ff26765fb88ba273db3c7fef021f11551ae34f8a4ed720167c20f144716d15c,3,3,64,True
electricity_transfer,shape,STEP12_D63,C0,F0,0.4155945065896523,0.4840861564200094,14.14864873163848,12.241103502480629,16.11720119332047,4ff26765fb88ba273db3c7fef021f11551ae34f8a4ed720167c20f144716d15c,3,1,64,True
electricity_transfer,shape,STEP12_D63,C0,PERSISTENCE,0.4155945065896523,1.0592806918328497,60.766347409716445,59.12267433101964,62.34072227650695,4ff26765fb88ba273db3c7fef021f11551ae34f8a4ed720167c20f144716d15c,3,1,64,True
electricity_transfer,shape,STEP12_D63,C0,SEASONAL,0.4155945065896523,0.3760006160985907,-10.530272769733884,-14.647694105914931,-6.320164148809812,4ff26765fb88ba273db3c7fef021f11551ae34f8a4ed720167c20f144716d15c,3,1,64,True
electricity_transfer,shape,STEP12_D63,C3,C0,0.4168587470309435,0.4155945065896523,-0.3042004697476619,-0.992674944051613,0.3661509893567157,4ff26765fb88ba273db3c7fef021f11551ae34f8a4ed720167c20f144716d15c,3,3,64,True
electricity_transfer,shape,STEP12_D63,C3,C2,0.4168587470309435,0.4114215128248006,-1.3215726539944406,-1.7683553090844928,-0.9156980223961548,4ff26765fb88ba273db3c7fef021f11551ae34f8a4ed720167c20f144716d15c,3,3,64,True
electricity_transfer,shape,STEP12_D63,C3,M_RECENCY,0.4168587470309435,0.4154463630641183,-0.3399678255474825,-0.3880189315200216,-0.2917475121086189,4ff26765fb88ba273db3c7fef021f11551ae34f8a4ed720167c20f144716d15c,3,3,64,True
electricity_transfer,shape,STEP12_D63,C3,F0,0.4168587470309435,0.4840861564200094,13.88748851779541,11.85783048326423,16.106931165500065,4ff26765fb88ba273db3c7fef021f11551ae34f8a4ed720167c20f144716d15c,3,1,64,True
electricity_transfer,shape,STEP12_D63,C3,PERSISTENCE,0.4168587470309435,1.0592806918328497,60.64699845423765,59.01354530127768,62.23121568085825,4ff26765fb88ba273db3c7fef021f11551ae34f8a4ed720167c20f144716d15c,3,1,64,True
electricity_transfer,shape,STEP12_D63,C3,SEASONAL,0.4168587470309435,0.3760006160985907,-10.86650637871278,-15.226422214003229,-6.475465791108038,4ff26765fb88ba273db3c7fef021f11551ae34f8a4ed720167c20f144716d15c,3,1,64,True
electricity_transfer,shape,STEP12_D63,FIX_C3_GC3,FIX_C2_GC2,0.4082293692120811,0.4047733914585539,-0.85380556786947,-1.401063607089558,-0.3548980078796778,4ff26765fb88ba273db3c7fef021f11551ae34f8a4ed720167c20f144716d15c,3,3,64,True
electricity_transfer,shape,STEP12_D63,FIX_C3_GC3,FIX_C3_GC2,0.4082293692120811,0.4331854348658082,5.761058347092851,5.142321347321714,6.344511366705907,4ff26765fb88ba273db3c7fef021f11551ae34f8a4ed720167c20f144716d15c,3,3,64,True
electricity_transfer,shape,STEP12_D63,FIX_C3_GC3,FIX_C2_GC3,0.4082293692120811,0.4126910960674106,1.0811299051144865,0.329742816446949,1.8300257969711249,4ff26765fb88ba273db3c7fef021f11551ae34f8a4ed720167c20f144716d15c,3,3,64,True
electricity_transfer,shape,STEP6_D17,C0,F0,0.4233043061467829,0.6244479367972997,32.21143329933196,29.602798198574582,34.75602054844154,4ff26765fb88ba273db3c7fef021f11551ae34f8a4ed720167c20f144716d15c,3,1,64,True
electricity_transfer,shape,STEP6_D17,C0,PERSISTENCE,0.4233043061467829,1.0592806889749686,60.03851381861773,58.3121636158425,61.56127346752732,4ff26765fb88ba273db3c7fef021f11551ae34f8a4ed720167c20f144716d15c,3,1,64,True
electricity_transfer,shape,STEP6_D17,C0,SEASONAL,0.4233043061467829,1.9992083609723184,78.82640377009487,77.78508560828864,79.6791937449376,4ff26765fb88ba273db3c7fef021f11551ae34f8a4ed720167c20f144716d15c,3,1,64,True
electricity_transfer,shape,STEP6_D17,C3,C0,0.3983451829792126,0.4233043061467829,5.896260162048906,5.2659938732949865,6.538414907354737,4ff26765fb88ba273db3c7fef021f11551ae34f8a4ed720167c20f144716d15c,3,3,64,True
electricity_transfer,shape,STEP6_D17,C3,C2,0.3983451829792126,0.4056255225567581,1.7948425758950617,1.4699521966412683,2.1016788162006903,4ff26765fb88ba273db3c7fef021f11551ae34f8a4ed720167c20f144716d15c,3,3,64,True
electricity_transfer,shape,STEP6_D17,C3,M_RECENCY,0.3983451829792126,0.4007366569610137,0.5967694595091055,0.51531120416271,0.6768329506225831,4ff26765fb88ba273db3c7fef021f11551ae34f8a4ed720167c20f144716d15c,3,3,64,True
electricity_transfer,shape,STEP6_D17,C3,F0,0.3983451829792126,0.6244479367972997,36.2084235521274,33.811426621708506,38.525629844579015,4ff26765fb88ba273db3c7fef021f11551ae34f8a4ed720167c20f144716d15c,3,1,64,True
electricity_transfer,shape,STEP6_D17,C3,PERSISTENCE,0.3983451829792126,1.0592806889749686,62.394747008493255,60.59445111458236,63.95249041132959,4ff26765fb88ba273db3c7fef021f11551ae34f8a4ed720167c20f144716d15c,3,1,64,True
electricity_transfer,shape,STEP6_D17,C3,SEASONAL,0.3983451829792126,1.9992083609723184,80.07485408947186,78.99665975260716,80.9712989742136,4ff26765fb88ba273db3c7fef021f11551ae34f8a4ed720167c20f144716d15c,3,1,64,True
electricity_transfer,shape,STEP6_D17,FIX_C3_GC3,FIX_C2_GC2,0.3966547336708687,0.4082626612859472,2.8432498770560533,2.46910741027326,3.1987746253803024,4ff26765fb88ba273db3c7fef021f11551ae34f8a4ed720167c20f144716d15c,3,3,64,True
electricity_transfer,shape,STEP6_D17,FIX_C3_GC3,FIX_C3_GC2,0.3966547336708687,0.4015558251209867,1.2205255517439673,0.6455381449113354,1.7961919932331964,4ff26765fb88ba273db3c7fef021f11551ae34f8a4ed720167c20f144716d15c,3,3,64,True
electricity_transfer,shape,STEP6_D17,FIX_C3_GC3,FIX_C2_GC3,0.3966547336708687,0.4065670449449372,2.4380508448270666,1.9975623707302232,2.867765159920138,4ff26765fb88ba273db3c7fef021f11551ae34f8a4ed720167c20f144716d15c,3,3,64,True
electricity_transfer,shape,STEP6_D63,C0,F0,0.351813113863278,0.38781247108728,9.282671370281982,6.48394019063001,12.085754849032684,4ff26765fb88ba273db3c7fef021f11551ae34f8a4ed720167c20f144716d15c,3,1,64,True
electricity_transfer,shape,STEP6_D63,C0,PERSISTENCE,0.351813113863278,1.0592806889749686,66.78754578225,65.0774166803113,68.35964468755994,4ff26765fb88ba273db3c7fef021f11551ae34f8a4ed720167c20f144716d15c,3,1,64,True
electricity_transfer,shape,STEP6_D63,C0,SEASONAL,0.351813113863278,0.3760006131530068,6.4328350655870175,2.6450446361643745,10.059633837611711,4ff26765fb88ba273db3c7fef021f11551ae34f8a4ed720167c20f144716d15c,3,1,64,True
electricity_transfer,shape,STEP6_D63,C3,C0,0.3488012095671705,0.351813113863278,0.8561091606374971,0.4745404096692554,1.230562515307399,4ff26765fb88ba273db3c7fef021f11551ae34f8a4ed720167c20f144716d15c,3,3,64,True
electricity_transfer,shape,STEP6_D63,C3,C2,0.3488012095671705,0.3438000995997678,-1.4546563462967566,-1.723146752831386,-1.200742999558287,4ff26765fb88ba273db3c7fef021f11551ae34f8a4ed720167c20f144716d15c,3,3,64,True
electricity_transfer,shape,STEP6_D63,C3,M_RECENCY,0.3488012095671705,0.3487129182850121,-0.0253191888022419,-0.0783358442234299,0.0245645830468021,4ff26765fb88ba273db3c7fef021f11551ae34f8a4ed720167c20f144716d15c,3,3,64,True
electricity_transfer,shape,STEP6_D63,C3,F0,0.3488012095671705,0.38781247108728,10.05931073096662,7.36965745874102,12.68675275535907,4ff26765fb88ba273db3c7fef021f11551ae34f8a4ed720167c20f144716d15c,3,1,64,True
electricity_transfer,shape,STEP6_D63,C3,PERSISTENCE,0.3488012095671705,1.0592806889749686,67.07188064528071,65.38803480531182,68.61286044564783,4ff26765fb88ba273db3c7fef021f11551ae34f8a4ed720167c20f144716d15c,3,1,64,True
electricity_transfer,shape,STEP6_D63,C3,SEASONAL,0.3488012095671705,0.3760006131530068,7.233872135939312,3.512341804995636,10.908004904152962,4ff26765fb88ba273db3c7fef021f11551ae34f8a4ed720167c20f144716d15c,3,1,64,True
electricity_transfer,shape,STEP6_D63,FIX_C3_GC3,FIX_C2_GC2,0.3448443757234904,0.3409046042960857,-1.1556814949859051,-1.4523808571528771,-0.8584376631439308,4ff26765fb88ba273db3c7fef021f11551ae34f8a4ed720167c20f144716d15c,3,3,64,True
electricity_transfer,shape,STEP6_D63,FIX_C3_GC3,FIX_C3_GC2,0.3448443757234904,0.3458799094866512,0.2993911281801931,0.017172220248077,0.5897949272748698,4ff26765fb88ba273db3c7fef021f11551ae34f8a4ed720167c20f144716d15c,3,3,64,True
electricity_transfer,shape,STEP6_D63,FIX_C3_GC3,FIX_C2_GC3,0.3448443757234904,0.3509133921248874,1.7294912470131818,1.2543618876653848,2.1811252771207554,4ff26765fb88ba273db3c7fef021f11551ae34f8a4ed720167c20f144716d15c,3,3,64,True
electricity_transfer,shape,STEP8_D31,C0,F0,0.3877983235660431,0.5831398960377601,33.49823495168095,31.599385518595987,35.13493312775619,4ff26765fb88ba273db3c7fef021f11551ae34f8a4ed720167c20f144716d15c,3,1,64,True
electricity_transfer,shape,STEP8_D31,C0,PERSISTENCE,0.3877983235660431,1.0592806905822545,63.39040945295791,61.670522344933296,64.93419656437376,4ff26765fb88ba273db3c7fef021f11551ae34f8a4ed720167c20f144716d15c,3,1,64,True
electricity_transfer,shape,STEP8_D31,C0,SEASONAL,0.3877983235660431,0.3760006155157847,-3.137683174819994,-6.944936179156517,0.5886916271684108,4ff26765fb88ba273db3c7fef021f11551ae34f8a4ed720167c20f144716d15c,3,1,64,True
electricity_transfer,shape,STEP8_D31,C3,C0,0.3635699481355571,0.3877983235660431,6.247674102273382,5.059742090046612,7.485218720579088,4ff26765fb88ba273db3c7fef021f11551ae34f8a4ed720167c20f144716d15c,3,3,64,True
electricity_transfer,shape,STEP8_D31,C3,C2,0.3635699481355571,0.368929317730707,1.4526819468063557,1.090036780507225,1.81756704239312,4ff26765fb88ba273db3c7fef021f11551ae34f8a4ed720167c20f144716d15c,3,3,64,True
electricity_transfer,shape,STEP8_D31,C3,M_RECENCY,0.3635699481355571,0.3641829104147882,0.1683116537601781,0.1106549175850055,0.2310974930727352,4ff26765fb88ba273db3c7fef021f11551ae34f8a4ed720167c20f144716d15c,3,3,64,True
electricity_transfer,shape,STEP8_D31,C3,F0,0.3635699481355571,0.5831398960377601,37.65304850415947,35.365648269744014,39.65183560762578,4ff26765fb88ba273db3c7fef021f11551ae34f8a4ed720167c20f144716d15c,3,1,64,True
electricity_transfer,shape,STEP8_D31,C3,PERSISTENCE,0.3635699481355571,1.0592806905822545,65.67765736051379,63.90701092776129,67.14219539675723,4ff26765fb88ba273db3c7fef021f11551ae34f8a4ed720167c20f144716d15c,3,1,64,True
electricity_transfer,shape,STEP8_D31,C3,SEASONAL,0.3635699481355571,0.3760006155157847,3.306023146577997,-0.3272839194567367,6.891415384459665,4ff26765fb88ba273db3c7fef021f11551ae34f8a4ed720167c20f144716d15c,3,1,64,True
electricity_transfer,shape,STEP8_D31,FIX_C3_GC3,FIX_C2_GC2,0.3643668376589842,0.3721352711682413,2.087529484875139,1.7047654878651608,2.4646467704943498,4ff26765fb88ba273db3c7fef021f11551ae34f8a4ed720167c20f144716d15c,3,3,64,True
electricity_transfer,shape,STEP8_D31,FIX_C3_GC3,FIX_C3_GC2,0.3643668376589842,0.3706125082984797,1.685229316239223,1.107361809401466,2.266636079863929,4ff26765fb88ba273db3c7fef021f11551ae34f8a4ed720167c20f144716d15c,3,3,64,True
electricity_transfer,shape,STEP8_D31,FIX_C3_GC3,FIX_C2_GC3,0.3643668376589842,0.3716480922783877,1.959179872218864,0.9952303923047572,2.874435293199059,4ff26765fb88ba273db3c7fef021f11551ae34f8a4ed720167c20f144716d15c,3,3,64,True
electricity_transfer,shape,STEP8_D33,C0,F0,0.4017845877258547,0.5722290247923281,29.78605238144475,28.078506847343156,31.412578697969067,4ff26765fb88ba273db3c7fef021f11551ae34f8a4ed720167c20f144716d15c,3,1,64,True
electricity_transfer,shape,STEP8_D33,C0,PERSISTENCE,0.4017845877258547,1.0592806905822545,62.07005458534263,60.42308907935801,63.58528566936872,4ff26765fb88ba273db3c7fef021f11551ae34f8a4ed720167c20f144716d15c,3,1,64,True
electricity_transfer,shape,STEP8_D33,C0,SEASONAL,0.4017845877258547,0.3760006155157847,-6.857428191892834,-10.813780264628203,-2.9447622495122934,4ff26765fb88ba273db3c7fef021f11551ae34f8a4ed720167c20f144716d15c,3,1,64,True
electricity_transfer,shape,STEP8_D33,C3,C0,0.3707726164369542,0.4017845877258547,7.718556718273273,6.668177728183558,8.772313510866104,4ff26765fb88ba273db3c7fef021f11551ae34f8a4ed720167c20f144716d15c,3,3,64,True
electricity_transfer,shape,STEP8_D33,C3,C2,0.3707726164369542,0.3823290178560461,3.022632570212891,2.613829337773007,3.420403170453532,4ff26765fb88ba273db3c7fef021f11551ae34f8a4ed720167c20f144716d15c,3,3,64,True
electricity_transfer,shape,STEP8_D33,C3,M_RECENCY,0.3707726164369542,0.3719881450636976,0.3267654205849291,0.2689335537080967,0.3940746745081455,4ff26765fb88ba273db3c7fef021f11551ae34f8a4ed720167c20f144716d15c,3,3,64,True
electricity_transfer,shape,STEP8_D33,C3,F0,0.3707726164369542,0.5722290247923281,35.20555575252163,33.24659016781907,36.92742922970812,4ff26765fb88ba273db3c7fef021f11551ae34f8a4ed720167c20f144716d15c,3,1,64,True
electricity_transfer,shape,STEP8_D33,C3,PERSISTENCE,0.3707726164369542,1.0592806905822545,64.99769893538306,63.30787829861456,66.45551524059056,4ff26765fb88ba273db3c7fef021f11551ae34f8a4ed720167c20f144716d15c,3,1,64,True
electricity_transfer,shape,STEP8_D33,C3,SEASONAL,0.3707726164369542,0.3760006155157847,1.3904230107865456,-2.021390567701536,4.866897074601505,4ff26765fb88ba273db3c7fef021f11551ae34f8a4ed720167c20f144716d15c,3,1,64,True
electricity_transfer,shape,STEP8_D33,FIX_C3_GC3,FIX_C2_GC2,0.3739069175435569,0.3865243442751185,3.264329121422893,2.880151207583734,3.64220907315568,4ff26765fb88ba273db3c7fef021f11551ae34f8a4ed720167c20f144716d15c,3,3,64,True
electricity_transfer,shape,STEP8_D33,FIX_C3_GC3,FIX_C3_GC2,0.3739069175435569,0.3786032606438254,1.2404391584695418,0.6154308074811504,1.891026460822825,4ff26765fb88ba273db3c7fef021f11551ae34f8a4ed720167c20f144716d15c,3,3,64,True
electricity_transfer,shape,STEP8_D33,FIX_C3_GC3,FIX_C2_GC3,0.3739069175435569,0.3843777800067791,2.724107117491936,1.9250179742268525,3.464902366583676,4ff26765fb88ba273db3c7fef021f11551ae34f8a4ed720167c20f144716d15c,3,3,64,True
electricity_transfer,standard,FAULT,C0,F0,0.2579599371347375,0.2472609283909716,-4.327011474634812,-5.252519371716164,-3.418986019253465,4ff26765fb88ba273db3c7fef021f11551ae34f8a4ed720167c20f144716d15c,3,1,128,True
electricity_transfer,standard,FAULT,C0,PERSISTENCE,0.2579599371347375,1.0695644040836148,75.88177615580304,74.13468733689446,77.28853563401722,4ff26765fb88ba273db3c7fef021f11551ae34f8a4ed720167c20f144716d15c,3,1,128,True
electricity_transfer,standard,FAULT,C0,SEASONAL,0.2579599371347375,0.4520073537101627,42.93014593294709,40.33802549637499,45.35192942888261,4ff26765fb88ba273db3c7fef021f11551ae34f8a4ed720167c20f144716d15c,3,1,128,True
electricity_transfer,standard,FAULT,C3,C0,0.2584063917043224,0.2579599371347375,-0.1730712817439306,-0.2950589092285599,-0.0454951584886704,4ff26765fb88ba273db3c7fef021f11551ae34f8a4ed720167c20f144716d15c,3,3,128,True
electricity_transfer,standard,FAULT,C3,C2,0.2584063917043224,0.2582942394370422,-0.0434203517371001,-0.1023929325004069,0.0161102872676088,4ff26765fb88ba273db3c7fef021f11551ae34f8a4ed720167c20f144716d15c,3,3,128,True
electricity_transfer,standard,FAULT,C3,M_RECENCY,0.2584063917043224,0.2580030258303449,-0.1563415284294933,-0.189575523729733,-0.1224606547121531,4ff26765fb88ba273db3c7fef021f11551ae34f8a4ed720167c20f144716d15c,3,3,128,True
electricity_transfer,standard,FAULT,C3,F0,0.2584063917043224,0.2472609283909716,-4.507571570599112,-5.442981886298172,-3.6186089125470073,4ff26765fb88ba273db3c7fef021f11551ae34f8a4ed720167c20f144716d15c,3,1,128,True
electricity_transfer,standard,FAULT,C3,PERSISTENCE,0.2584063917043224,1.0695644040836148,75.84003443666202,74.08640129897104,77.24593994161326,4ff26765fb88ba273db3c7fef021f11551ae34f8a4ed720167c20f144716d15c,3,1,128,True
electricity_transfer,standard,FAULT,C3,SEASONAL,0.2584063917043224,0.4520073537101627,42.83137440502385,40.218585559638136,45.27308170423968,4ff26765fb88ba273db3c7fef021f11551ae34f8a4ed720167c20f144716d15c,3,1,128,True
electricity_transfer,standard,FAULT,FIX_C3_GC3,FIX_C2_GC2,0.2585603916963739,0.25841823243652,-0.05501131190071,-0.1200314286660253,0.0120790632286895,4ff26765fb88ba273db3c7fef021f11551ae34f8a4ed720167c20f144716d15c,3,3,128,True
electricity_transfer,standard,FAULT,FIX_C3_GC3,FIX_C3_GC2,0.2585603916963739,0.2584657102982162,-0.0366320925311525,-0.0672239530313029,-0.002284265551663,4ff26765fb88ba273db3c7fef021f11551ae34f8a4ed720167c20f144716d15c,3,3,128,True
electricity_transfer,standard,FAULT,FIX_C3_GC3,FIX_C2_GC3,0.2585603916963739,0.2584937081163559,-0.0257969838043381,-0.0895839938076092,0.0399173282392303,4ff26765fb88ba273db3c7fef021f11551ae34f8a4ed720167c20f144716d15c,3,3,128,True
electricity_transfer,standard,REFERENCE,C0,F0,0.2420054927538973,0.2311095252002853,-4.71463369766747,-5.751144124724656,-3.6821309017239057,4ff26765fb88ba273db3c7fef021f11551ae34f8a4ed720167c20f144716d15c,3,1,128,True
electricity_transfer,standard,REFERENCE,C0,PERSISTENCE,0.2420054927538973,1.050650065171189,76.96611833222836,75.14871329976981,78.3656764194494,4ff26765fb88ba273db3c7fef021f11551ae34f8a4ed720167c20f144716d15c,3,1,128,True
electricity_transfer,standard,REFERENCE,C0,SEASONAL,0.2420054927538973,0.3781131577850996,35.996542894325565,33.47884479901488,38.5261109528943,4ff26765fb88ba273db3c7fef021f11551ae34f8a4ed720167c20f144716d15c,3,1,128,True
electricity_transfer,standard,REFERENCE,C3,C0,0.2422930695004038,0.2420054927538973,-0.1188306691860763,-0.257767496943147,0.0184490077765183,4ff26765fb88ba273db3c7fef021f11551ae34f8a4ed720167c20f144716d15c,3,3,128,True
electricity_transfer,standard,REFERENCE,C3,C2,0.2422930695004038,0.2421893396502441,-0.0428300644072621,-0.1135648185412718,0.0301481008161008,4ff26765fb88ba273db3c7fef021f11551ae34f8a4ed720167c20f144716d15c,3,3,128,True
electricity_transfer,standard,REFERENCE,C3,M_RECENCY,0.2422930695004038,0.2420479625841343,-0.1012637799767679,-0.1415519443122709,-0.0603959782425339,4ff26765fb88ba273db3c7fef021f11551ae34f8a4ed720167c20f144716d15c,3,3,128,True
electricity_transfer,standard,REFERENCE,C3,F0,0.2422930695004038,0.2311095252002853,-4.839066797626157,-5.863335724423905,-3.8297462965711615,4ff26765fb88ba273db3c7fef021f11551ae34f8a4ed720167c20f144716d15c,3,1,128,True
electricity_transfer,standard,REFERENCE,C3,PERSISTENCE,0.2422930695004038,1.050650065171189,76.93874701650302,75.12370299526617,78.32924893521216,4ff26765fb88ba273db3c7fef021f11551ae34f8a4ed720167c20f144716d15c,3,1,128,True
electricity_transfer,standard,REFERENCE,C3,SEASONAL,0.2422930695004038,0.3781131577850996,35.92048715794467,33.380382318265625,38.47078450537638,4ff26765fb88ba273db3c7fef021f11551ae34f8a4ed720167c20f144716d15c,3,1,128,True
electricity_transfer,standard,REFERENCE,FIX_C3_GC3,FIX_C2_GC2,0.2422397326592063,0.2422583190235439,0.0076721263535972,-0.0755691058604862,0.0929140150119026,4ff26765fb88ba273db3c7fef021f11551ae34f8a4ed720167c20f144716d15c,3,3,128,True
electricity_transfer,standard,REFERENCE,FIX_C3_GC3,FIX_C3_GC2,0.2422397326592063,0.2422167694526962,-0.0094804362893441,-0.0266372158305727,0.0069989224725158,4ff26765fb88ba273db3c7fef021f11551ae34f8a4ed720167c20f144716d15c,3,3,128,True
electricity_transfer,standard,REFERENCE,FIX_C3_GC3,FIX_C2_GC3,0.2422397326592063,0.2422825574919021,0.0176755739823453,-0.0654539703242462,0.1032955163494653,4ff26765fb88ba273db3c7fef021f11551ae34f8a4ed720167c20f144716d15c,3,3,128,True
electricity_transfer,standard,SHIFT4,C0,F0,0.3280480390836457,0.4445400056363228,26.20505805454524,23.77037361619471,28.674665480015843,4ff26765fb88ba273db3c7fef021f11551ae34f8a4ed720167c20f144716d15c,3,1,128,True
electricity_transfer,standard,SHIFT4,C0,PERSISTENCE,0.3280480390836457,1.0506500652675566,68.77666028601963,66.70798577079798,70.35667358011773,4ff26765fb88ba273db3c7fef021f11551ae34f8a4ed720167c20f144716d15c,3,1,128,True
electricity_transfer,standard,SHIFT4,C0,SEASONAL,0.3280480390836457,0.3781131602782898,13.240777220712552,10.769548387613412,15.780740385438364,4ff26765fb88ba273db3c7fef021f11551ae34f8a4ed720167c20f144716d15c,3,1,128,True
electricity_transfer,standard,SHIFT4,C3,C0,0.3199162718085115,0.3280480390836457,2.4788342883710346,2.050722764964625,2.906820232830538,4ff26765fb88ba273db3c7fef021f11551ae34f8a4ed720167c20f144716d15c,3,3,128,True
electricity_transfer,standard,SHIFT4,C3,C2,0.3199162718085115,0.3189770696633117,-0.2944419002253617,-0.4559937925064777,-0.127403944917437,4ff26765fb88ba273db3c7fef021f11551ae34f8a4ed720167c20f144716d15c,3,3,128,True
electricity_transfer,standard,SHIFT4,C3,M_RECENCY,0.3199162718085115,0.3197784537352468,-0.0430979860134073,-0.1430586170560421,0.0488341004854641,4ff26765fb88ba273db3c7fef021f11551ae34f8a4ed720167c20f144716d15c,3,3,128,True
electricity_transfer,standard,SHIFT4,C3,F0,0.3199162718085115,0.4445400056363228,28.034312378572668,25.46904890709662,30.56897365380267,4ff26765fb88ba273db3c7fef021f11551ae34f8a4ed720167c20f144716d15c,3,1,128,True
electricity_transfer,standard,SHIFT4,C3,PERSISTENCE,0.3199162718085115,1.0506500652675566,69.55063513682434,67.44647851700117,71.16242962586786,4ff26765fb88ba273db3c7fef021f11551ae34f8a4ed720167c20f144716d15c,3,1,128,True
electricity_transfer,standard,SHIFT4,C3,SEASONAL,0.3199162718085115,0.3781131602782898,15.391394583289731,13.11411635922798,17.797884628715337,4ff26765fb88ba273db3c7fef021f11551ae34f8a4ed720167c20f144716d15c,3,1,128,True
electricity_transfer,standard,SHIFT4,FIX_C3_GC3,FIX_C2_GC2,0.3181331035842492,0.3193032748111317,0.3664764251399166,0.1659082721081989,0.574384177267339,4ff26765fb88ba273db3c7fef021f11551ae34f8a4ed720167c20f144716d15c,3,3,128,True
electricity_transfer,standard,SHIFT4,FIX_C3_GC3,FIX_C3_GC2,0.3181331035842492,0.3175804140572475,-0.1740313641955593,-0.3903660885564092,0.0611747927710392,4ff26765fb88ba273db3c7fef021f11551ae34f8a4ed720167c20f144716d15c,3,3,128,True
electricity_transfer,standard,SHIFT4,FIX_C3_GC3,FIX_C2_GC3,0.3181331035842492,0.3215861080133737,1.073741788927285,0.7520573508356008,1.361198182690107,4ff26765fb88ba273db3c7fef021f11551ae34f8a4ed720167c20f144716d15c,3,3,128,True
electricity_transfer,standard,SHIFT8,C0,F0,0.3861212172449892,0.5604452951876796,31.104566215390108,29.04053384081841,33.02179278738519,4ff26765fb88ba273db3c7fef021f11551ae34f8a4ed720167c20f144716d15c,3,1,128,True
electricity_transfer,standard,SHIFT8,C0,PERSISTENCE,0.3861212172449892,1.050650063477981,63.24930339157768,61.22602294582661,64.85995728483455,4ff26765fb88ba273db3c7fef021f11551ae34f8a4ed720167c20f144716d15c,3,1,128,True
electricity_transfer,standard,SHIFT8,C0,SEASONAL,0.3861212172449892,0.3781131617825405,-2.117899156087644,-5.464232023804986,1.2164200226918316,4ff26765fb88ba273db3c7fef021f11551ae34f8a4ed720167c20f144716d15c,3,1,128,True
electricity_transfer,standard,SHIFT8,C3,C0,0.3586602241855592,0.3861212172449892,7.112013490314462,6.147136930761255,8.025053143312332,4ff26765fb88ba273db3c7fef021f11551ae34f8a4ed720167c20f144716d15c,3,3,128,True
electricity_transfer,standard,SHIFT8,C3,C2,0.3586602241855592,0.3674775895870947,2.399429421381283,2.064138525618173,2.759328378177924,4ff26765fb88ba273db3c7fef021f11551ae34f8a4ed720167c20f144716d15c,3,3,128,True
electricity_transfer,standard,SHIFT8,C3,M_RECENCY,0.3586602241855592,0.3593084020013816,0.1803959529507293,0.1316462106424129,0.2328662256817056,4ff26765fb88ba273db3c7fef021f11551ae34f8a4ed720167c20f144716d15c,3,3,128,True
electricity_transfer,standard,SHIFT8,C3,F0,0.3586602241855592,0.5604452951876796,36.004418760362235,33.58552991403752,38.10626178042431,4ff26765fb88ba273db3c7fef021f11551ae34f8a4ed720167c20f144716d15c,3,1,128,True
electricity_transfer,standard,SHIFT8,C3,PERSISTENCE,0.3586602241855592,1.050650063477981,65.86301789215322,63.84614050466114,67.40758282209401,4ff26765fb88ba273db3c7fef021f11551ae34f8a4ed720167c20f144716d15c,3,1,128,True
electricity_transfer,standard,SHIFT8,C3,SEASONAL,0.3586602241855592,0.3781131617825405,5.144739607919036,2.5257484058610897,7.806318917693949,4ff26765fb88ba273db3c7fef021f11551ae34f8a4ed720167c20f144716d15c,3,1,128,True
electricity_transfer,standard,SHIFT8,FIX_C3_GC3,FIX_C2_GC2,0.3592014777363286,0.370804904544707,3.1292538653515445,2.7424967307221157,3.54948684496206,4ff26765fb88ba273db3c7fef021f11551ae34f8a4ed720167c20f144716d15c,3,3,128,True
electricity_transfer,standard,SHIFT8,FIX_C3_GC3,FIX_C3_GC2,0.3592014777363286,0.3637391473076505,1.2475065180388434,0.7554450059504606,1.7628209659087568,4ff26765fb88ba273db3c7fef021f11551ae34f8a4ed720167c20f144716d15c,3,3,128,True
electricity_transfer,standard,SHIFT8,FIX_C3_GC3,FIX_C2_GC3,0.3592014777363286,0.3699408176184632,2.902988632417025,2.1972965288105013,3.529276852563918,4ff26765fb88ba273db3c7fef021f11551ae34f8a4ed720167c20f144716d15c,3,3,128,True
electricity_transfer,standard,SHIFT_POINT,C0,F0,0.3434524863622161,0.5057765443087137,32.094026457545425,30.32715576832289,33.88523433570548,4ff26765fb88ba273db3c7fef021f11551ae34f8a4ed720167c20f144716d15c,3,1,128,True
electricity_transfer,standard,SHIFT_POINT,C0,PERSISTENCE,0.3434524863622161,1.0734632843633387,68.00519483384896,65.91343677940648,69.57569664371232,4ff26765fb88ba273db3c7fef021f11551ae34f8a4ed720167c20f144716d15c,3,1,128,True
electricity_transfer,standard,SHIFT_POINT,C0,SEASONAL,0.3434524863622161,0.4064652850086281,15.502627400289404,12.74341326441948,18.25299319213809,4ff26765fb88ba273db3c7fef021f11551ae34f8a4ed720167c20f144716d15c,3,1,128,True
electricity_transfer,standard,SHIFT_POINT,C3,C0,0.3350885026826686,0.3434524863622161,2.435266597757757,2.031589203233777,2.802957553512713,4ff26765fb88ba273db3c7fef021f11551ae34f8a4ed720167c20f144716d15c,3,3,128,True
electricity_transfer,standard,SHIFT_POINT,C3,C2,0.3350885026826686,0.3350789723916045,-0.0028441925185695,-0.1855432503012943,0.1850858305565347,4ff26765fb88ba273db3c7fef021f11551ae34f8a4ed720167c20f144716d15c,3,3,128,True
electricity_transfer,standard,SHIFT_POINT,C3,M_RECENCY,0.3350885026826686,0.3353938634628365,0.0910454285046213,-0.0040829392777047,0.1848859902263499,4ff26765fb88ba273db3c7fef021f11551ae34f8a4ed720167c20f144716d15c,3,3,128,True
electricity_transfer,standard,SHIFT_POINT,C3,F0,0.3350885026826686,0.5057765443087137,33.747717949107034,31.849746269316626,35.61985954013538,4ff26765fb88ba273db3c7fef021f11551ae34f8a4ed720167c20f144716d15c,3,1,128,True
electricity_transfer,standard,SHIFT_POINT,C3,PERSISTENCE,0.3350885026826686,1.0734632843633387,68.78435363707791,66.65237033810854,70.37921193584157,4ff26765fb88ba273db3c7fef021f11551ae34f8a4ed720167c20f144716d15c,3,1,128,True
electricity_transfer,standard,SHIFT_POINT,C3,SEASONAL,0.3350885026826686,0.4064652850086281,17.56036369119307,14.934069244495552,20.21873260727106,4ff26765fb88ba273db3c7fef021f11551ae34f8a4ed720167c20f144716d15c,3,1,128,True
electricity_transfer,standard,SHIFT_POINT,FIX_C3_GC3,FIX_C2_GC2,0.3335658574041881,0.3360751282663193,0.7466398584969669,0.5138078394403115,0.9864535053191296,4ff26765fb88ba273db3c7fef021f11551ae34f8a4ed720167c20f144716d15c,3,3,128,True
electricity_transfer,standard,SHIFT_POINT,FIX_C3_GC3,FIX_C3_GC2,0.3335658574041881,0.3331681465780795,-0.1193724040528643,-0.3398552933832566,0.0968189514528961,4ff26765fb88ba273db3c7fef021f11551ae34f8a4ed720167c20f144716d15c,3,3,128,True
electricity_transfer,standard,SHIFT_POINT,FIX_C3_GC3,FIX_C2_GC3,0.3335658574041881,0.3379617873721969,1.30071804927685,0.977857467274728,1.6029241858020042,4ff26765fb88ba273db3c7fef021f11551ae34f8a4ed720167c20f144716d15c,3,3,128,True
ettm1,shape,PAIRED_SHIFT8_D32,C0,F0,0.5388884422160098,1.038979532316892,48.13291066337896,42.76884198676187,52.41736559000316,59d331143ad997e4dd335f90e79fcefcce745f15079633045172aee905fae973,3,1,64,True
ettm1,shape,PAIRED_SHIFT8_D32,C0,PERSISTENCE,0.5388884422160098,1.0125716963825984,46.78021871032114,39.31348338998969,52.37778656926262,59d331143ad997e4dd335f90e79fcefcce745f15079633045172aee905fae973,3,1,64,True
ettm1,shape,PAIRED_SHIFT8_D32,C0,SEASONAL,0.5388884422160098,6.625977804824272,91.86703520462062,90.81456811955304,92.8131792629534,59d331143ad997e4dd335f90e79fcefcce745f15079633045172aee905fae973,3,1,64,True
ettm1,shape,PAIRED_SHIFT8_D32,C3,C0,0.5420057433604855,0.5388884422160098,-0.578468733093751,-1.2909426701445437,0.1998529359047818,59d331143ad997e4dd335f90e79fcefcce745f15079633045172aee905fae973,3,3,64,True
ettm1,shape,PAIRED_SHIFT8_D32,C3,C2,0.5420057433604855,0.5301644941162214,-2.2335047661015794,-3.149216482245161,-1.3879191440323977,59d331143ad997e4dd335f90e79fcefcce745f15079633045172aee905fae973,3,3,64,True
ettm1,shape,PAIRED_SHIFT8_D32,C3,M_RECENCY,0.5420057433604855,0.5421335559836585,0.0235758553888354,-0.1081594168658534,0.1610757607996064,59d331143ad997e4dd335f90e79fcefcce745f15079633045172aee905fae973,3,3,64,True
ettm1,shape,PAIRED_SHIFT8_D32,C3,F0,0.5420057433604855,1.038979532316892,47.8328757688008,42.72023564493937,51.97276912671269,59d331143ad997e4dd335f90e79fcefcce745f15079633045172aee905fae973,3,1,64,True
ettm1,shape,PAIRED_SHIFT8_D32,C3,PERSISTENCE,0.5420057433604855,1.0125716963825984,46.47235891573948,39.03385893815555,52.105408690359376,59d331143ad997e4dd335f90e79fcefcce745f15079633045172aee905fae973,3,1,64,True
ettm1,shape,PAIRED_SHIFT8_D32,C3,SEASONAL,0.5420057433604855,6.625977804824272,91.81998854620582,90.7762480258416,92.75611806845144,59d331143ad997e4dd335f90e79fcefcce745f15079633045172aee905fae973,3,1,64,True
ettm1,shape,PULSE8_D32,C0,F0,6.519285782467745,5.983753488936021,-8.949771987130228,-10.856040389175286,-7.234443444141232,59d331143ad997e4dd335f90e79fcefcce745f15079633045172aee905fae973,3,1,64,True
ettm1,shape,PULSE8_D32,C0,PERSISTENCE,6.519285782467745,6.631498990275105,1.6921243292341237,1.218607720817246,2.1628535735020806,59d331143ad997e4dd335f90e79fcefcce745f15079633045172aee905fae973,3,1,64,True
ettm1,shape,PULSE8_D32,C0,SEASONAL,6.519285782467745,0.5000026273245436,-1203.8503052177327,-1463.6664483201596,-995.413296592946,59d331143ad997e4dd335f90e79fcefcce745f15079633045172aee905fae973,3,1,64,True
ettm1,shape,PULSE8_D32,C3,C0,6.485813489135285,6.519285782467745,0.5134349750777312,0.4734988299197776,0.5502648342702698,59d331143ad997e4dd335f90e79fcefcce745f15079633045172aee905fae973,3,3,64,True
ettm1,shape,PULSE8_D32,C3,C2,6.485813489135285,6.525515279112198,0.6084085053634891,0.5385330806007269,0.6797055060892739,59d331143ad997e4dd335f90e79fcefcce745f15079633045172aee905fae973,3,3,64,True
ettm1,shape,PULSE8_D32,C3,M_RECENCY,6.485813489135285,6.485708208700982,-0.0016232681291805,-0.0173126006206064,0.0170709383422415,59d331143ad997e4dd335f90e79fcefcce745f15079633045172aee905fae973,3,3,64,True
ettm1,shape,PULSE8_D32,C3,F0,6.485813489135285,5.983753488936021,-8.390385752480878,-10.29902566255218,-6.652737793011391,59d331143ad997e4dd335f90e79fcefcce745f15079633045172aee905fae973,3,1,64,True
ettm1,shape,PULSE8_D32,C3,PERSISTENCE,6.485813489135285,6.631498990275105,2.196871346183771,1.7471644907500092,2.6602881585877056,59d331143ad997e4dd335f90e79fcefcce745f15079633045172aee905fae973,3,1,64,True
ettm1,shape,PULSE8_D32,C3,SEASONAL,6.485813489135285,0.5000026273245436,-1197.1558817280873,-1455.3939933384029,-989.8696638212148,59d331143ad997e4dd335f90e79fcefcce745f15079633045172aee905fae973,3,1,64,True
ettm1,shape,RAMP8_D32,C0,F0,0.9925374898611364,1.3397138265421558,25.914216141001724,20.08058154644469,32.13574132946232,59d331143ad997e4dd335f90e79fcefcce745f15079633045172aee905fae973,3,1,64,True
ettm1,shape,RAMP8_D32,C0,PERSISTENCE,0.9925374898611364,1.0125716963825984,1.9785469604803096,-10.654347914054703,13.328375848478638,59d331143ad997e4dd335f90e79fcefcce745f15079633045172aee905fae973,3,1,64,True
ettm1,shape,RAMP8_D32,C0,SEASONAL,0.9925374898611364,6.625977804824272,85.02051290998159,83.45401755499475,86.58994478916948,59d331143ad997e4dd335f90e79fcefcce745f15079633045172aee905fae973,3,1,64,True
ettm1,shape,RAMP8_D32,C3,C0,0.994181925849976,0.9925374898611364,-0.1656799874702574,-0.4523574252819523,0.1180323015543315,59d331143ad997e4dd335f90e79fcefcce745f15079633045172aee905fae973,3,3,64,True
ettm1,shape,RAMP8_D32,C3,C2,0.994181925849976,1.0082905221552545,1.3992590424355966,0.3397378837100737,2.383254648581067,59d331143ad997e4dd335f90e79fcefcce745f15079633045172aee905fae973,3,3,64,True
ettm1,shape,RAMP8_D32,C3,M_RECENCY,0.994181925849976,0.992512460812364,-0.1682059524215517,-0.2690679403414436,-0.0685671987086311,59d331143ad997e4dd335f90e79fcefcce745f15079633045172aee905fae973,3,3,64,True
ettm1,shape,RAMP8_D32,C3,F0,0.994181925849976,1.3397138265421558,25.791470823586906,19.954433570662573,32.11442262452637,59d331143ad997e4dd335f90e79fcefcce745f15079633045172aee905fae973,3,1,64,True
ettm1,shape,RAMP8_D32,C3,PERSISTENCE,0.994181925849976,1.0125716963825984,1.8161450293662784,-10.767771624455984,13.026372381100629,59d331143ad997e4dd335f90e79fcefcce745f15079633045172aee905fae973,3,1,64,True
ettm1,shape,RAMP8_D32,C3,SEASONAL,0.994181925849976,6.625977804824272,84.99569489764774,83.4374283547311,86.56365530088857,59d331143ad997e4dd335f90e79fcefcce745f15079633045172aee905fae973,3,1,64,True
ettm1,shape,STEP12_D17,C0,F0,0.8159417525557048,1.2105801796449849,32.5991151783942,24.985604291397543,38.83118589313118,59d331143ad997e4dd335f90e79fcefcce745f15079633045172aee905fae973,3,1,64,True
ettm1,shape,STEP12_D17,C0,PERSISTENCE,0.8159417525557048,1.012571703685012,19.41886687270835,7.608093649910156,29.466562683243804,59d331143ad997e4dd335f90e79fcefcce745f15079633045172aee905fae973,3,1,64,True
ettm1,shape,STEP12_D17,C0,SEASONAL,0.8159417525557048,9.938716574410885,91.79027043937944,90.91311267458497,92.55804592924152,59d331143ad997e4dd335f90e79fcefcce745f15079633045172aee905fae973,3,1,64,True
ettm1,shape,STEP12_D17,C3,C0,0.8290791738799438,0.8159417525557048,-1.6100930345934297,-2.2610857630347625,-0.9935482194988238,59d331143ad997e4dd335f90e79fcefcce745f15079633045172aee905fae973,3,3,64,True
ettm1,shape,STEP12_D17,C3,C2,0.8290791738799438,0.8006066083132043,-3.556374038271848,-5.039408607359461,-2.185919799459137,59d331143ad997e4dd335f90e79fcefcce745f15079633045172aee905fae973,3,3,64,True
ettm1,shape,STEP12_D17,C3,M_RECENCY,0.8290791738799438,0.8288556094166984,-0.0269726669766656,-0.1280064382283863,0.0733958472104508,59d331143ad997e4dd335f90e79fcefcce745f15079633045172aee905fae973,3,3,64,True
ettm1,shape,STEP12_D17,C3,F0,0.8290791738799438,1.2105801796449849,31.51389822662719,23.940676328299368,37.73128472645596,59d331143ad997e4dd335f90e79fcefcce745f15079633045172aee905fae973,3,1,64,True
ettm1,shape,STEP12_D17,C3,PERSISTENCE,0.8290791738799438,1.012571703685012,18.121435661029363,6.370574936606005,28.051842201918248,59d331143ad997e4dd335f90e79fcefcce745f15079633045172aee905fae973,3,1,64,True
ettm1,shape,STEP12_D17,C3,SEASONAL,0.8290791738799438,9.938716574410885,91.65808615556492,90.8006227343189,92.41193879476344,59d331143ad997e4dd335f90e79fcefcce745f15079633045172aee905fae973,3,1,64,True
ettm1,shape,STEP12_D63,C0,F0,0.7133974614470363,0.7328924206482375,2.660002839701636,-5.606977009587781,9.36325059000126,59d331143ad997e4dd335f90e79fcefcce745f15079633045172aee905fae973,3,1,64,True
ettm1,shape,STEP12_D63,C0,PERSISTENCE,0.7133974614470363,1.012571703685012,29.54598090675483,20.680673347043985,37.30322784674112,59d331143ad997e4dd335f90e79fcefcce745f15079633045172aee905fae973,3,1,64,True
ettm1,shape,STEP12_D63,C0,SEASONAL,0.7133974614470363,5.336122002705415,86.63078803135791,85.65924531653229,87.50256027475517,59d331143ad997e4dd335f90e79fcefcce745f15079633045172aee905fae973,3,1,64,True
ettm1,shape,STEP12_D63,C3,C0,0.6780103778200056,0.7133974614470363,4.960360183403578,4.218515527621888,5.692210670217029,59d331143ad997e4dd335f90e79fcefcce745f15079633045172aee905fae973,3,3,64,True
ettm1,shape,STEP12_D63,C3,C2,0.6780103778200056,0.6744403948294851,-0.5293252032187334,-0.9295915081930732,-0.1747712721068417,59d331143ad997e4dd335f90e79fcefcce745f15079633045172aee905fae973,3,3,64,True
ettm1,shape,STEP12_D63,C3,M_RECENCY,0.6780103778200056,0.6766188906180104,-0.2056530228891961,-0.2908654089954499,-0.1143845837576956,59d331143ad997e4dd335f90e79fcefcce745f15079633045172aee905fae973,3,3,64,True
ettm1,shape,STEP12_D63,C3,F0,0.6780103778200056,0.7328924206482375,7.488417301367245,-0.5246722775183664,14.006265294088829,59d331143ad997e4dd335f90e79fcefcce745f15079633045172aee905fae973,3,1,64,True
ettm1,shape,STEP12_D63,C3,PERSISTENCE,0.6780103778200056,1.012571703685012,33.040754017463726,24.45183783662161,40.42706327632243,59d331143ad997e4dd335f90e79fcefcce745f15079633045172aee905fae973,3,1,64,True
ettm1,shape,STEP12_D63,C3,SEASONAL,0.6780103778200056,5.336122002705415,87.29394909868526,86.34069496137758,88.15741368673937,59d331143ad997e4dd335f90e79fcefcce745f15079633045172aee905fae973,3,1,64,True
ettm1,shape,STEP6_D17,C0,F0,0.6238308494264179,1.053496997311283,40.78475296858479,35.96362187241541,45.28996790376128,59d331143ad997e4dd335f90e79fcefcce745f15079633045172aee905fae973,3,1,64,True
ettm1,shape,STEP6_D17,C0,PERSISTENCE,0.6238308494264179,1.0125716955793242,38.39143912969989,28.721317669879564,46.30646930089032,59d331143ad997e4dd335f90e79fcefcce745f15079633045172aee905fae973,3,1,64,True
ettm1,shape,STEP6_D17,C0,SEASONAL,0.6238308494264179,4.971433706633826,87.45169127783028,85.61280731244818,89.13330080486364,59d331143ad997e4dd335f90e79fcefcce745f15079633045172aee905fae973,3,1,64,True
ettm1,shape,STEP6_D17,C3,C0,0.6258253422074771,0.6238308494264179,-0.3197169205231054,-0.7251813986645428,0.0826842505868736,59d331143ad997e4dd335f90e79fcefcce745f15079633045172aee905fae973,3,3,64,True
ettm1,shape,STEP6_D17,C3,C2,0.6258253422074771,0.6238755940192429,-0.3125219526016742,-0.9675744958506438,0.2961554487784483,59d331143ad997e4dd335f90e79fcefcce745f15079633045172aee905fae973,3,3,64,True
ettm1,shape,STEP6_D17,C3,M_RECENCY,0.6258253422074771,0.6254881980785977,-0.0539009576703497,-0.1566994751357686,0.0446121497574275,59d331143ad997e4dd335f90e79fcefcce745f15079633045172aee905fae973,3,3,64,True
ettm1,shape,STEP6_D17,C3,F0,0.6258253422074771,1.053496997311283,40.59543180429581,35.948002545296646,45.01180749693106,59d331143ad997e4dd335f90e79fcefcce745f15079633045172aee905fae973,3,1,64,True
ettm1,shape,STEP6_D17,C3,PERSISTENCE,0.6258253422074771,1.0125716955793242,38.194466136106776,28.695484944789666,45.99142657581736,59d331143ad997e4dd335f90e79fcefcce745f15079633045172aee905fae973,3,1,64,True
ettm1,shape,STEP6_D17,C3,SEASONAL,0.6258253422074771,4.971433706633826,87.41157221160603,85.58312600604145,89.08767334121549,59d331143ad997e4dd335f90e79fcefcce745f15079633045172aee905fae973,3,1,64,True
ettm1,shape,STEP6_D63,C0,F0,0.5748628954601092,0.6503894622386972,11.612513911067843,3.0961816446106383,18.96366436873333,59d331143ad997e4dd335f90e79fcefcce745f15079633045172aee905fae973,3,1,64,True
ettm1,shape,STEP6_D63,C0,PERSISTENCE,0.5748628954601092,1.0125716955793242,43.227437822937375,35.20172364076226,49.790599793933424,59d331143ad997e4dd335f90e79fcefcce745f15079633045172aee905fae973,3,1,64,True
ettm1,shape,STEP6_D63,C0,SEASONAL,0.5748628954601092,2.7752641986410547,79.2861920770787,77.44990239266654,80.8796871239358,59d331143ad997e4dd335f90e79fcefcce745f15079633045172aee905fae973,3,1,64,True
ettm1,shape,STEP6_D63,C3,C0,0.5608780466426754,0.5748628954601092,2.432727686527858,1.8151738568644529,3.103027109013895,59d331143ad997e4dd335f90e79fcefcce745f15079633045172aee905fae973,3,3,64,True
ettm1,shape,STEP6_D63,C3,C2,0.5608780466426754,0.5613810764475434,0.0896057644214298,-0.3303533733486324,0.4595708975255178,59d331143ad997e4dd335f90e79fcefcce745f15079633045172aee905fae973,3,3,64,True
ettm1,shape,STEP6_D63,C3,M_RECENCY,0.5608780466426754,0.5604132145460806,-0.0829445281677054,-0.1810256896221113,0.0141382882045237,59d331143ad997e4dd335f90e79fcefcce745f15079633045172aee905fae973,3,3,64,True
ettm1,shape,STEP6_D63,C3,F0,0.5608780466426754,0.6503894622386972,13.76274075657925,5.344201935161922,20.91237482520105,59d331143ad997e4dd335f90e79fcefcce745f15079633045172aee905fae973,3,1,64,True
ettm1,shape,STEP6_D63,C3,PERSISTENCE,0.5608780466426754,1.0125716955793242,44.608559661370016,36.61627540838693,50.97795123467873,59d331143ad997e4dd335f90e79fcefcce745f15079633045172aee905fae973,3,1,64,True
ettm1,shape,STEP6_D63,C3,SEASONAL,0.5608780466426754,2.7752641986410547,79.79010261735381,77.92091903428435,81.43075454598929,59d331143ad997e4dd335f90e79fcefcce745f15079633045172aee905fae973,3,1,64,True
ettm1,shape,STEP8_D31,C0,F0,0.5362844855767371,1.0212036757822265,47.48506117881417,41.840390907590525,52.0219624667558,59d331143ad997e4dd335f90e79fcefcce745f15079633045172aee905fae973,3,1,64,True
ettm1,shape,STEP8_D31,C0,PERSISTENCE,0.5362844855767371,1.0125716963825984,47.03738140295568,39.64543676889715,52.56207788784307,59d331143ad997e4dd335f90e79fcefcce745f15079633045172aee905fae973,3,1,64,True
ettm1,shape,STEP8_D31,C0,SEASONAL,0.5362844855767371,6.625977804824272,91.90633441020168,90.88488955558137,92.84630477839384,59d331143ad997e4dd335f90e79fcefcce745f15079633045172aee905fae973,3,1,64,True
ettm1,shape,STEP8_D31,C3,C0,0.5370950641689594,0.5362844855767371,-0.1511471269489472,-0.8553964081041576,0.6504236948583353,59d331143ad997e4dd335f90e79fcefcce745f15079633045172aee905fae973,3,3,64,True
ettm1,shape,STEP8_D31,C3,C2,0.5370950641689594,0.5274966461789525,-1.8196168752038888,-2.607174116781022,-1.0364674617980196,59d331143ad997e4dd335f90e79fcefcce745f15079633045172aee905fae973,3,3,64,True
ettm1,shape,STEP8_D31,C3,M_RECENCY,0.5370950641689594,0.5371693692279297,0.0138327058888609,-0.1162733084025957,0.1601637961933624,59d331143ad997e4dd335f90e79fcefcce745f15079633045172aee905fae973,3,3,64,True
ettm1,shape,STEP8_D31,C3,F0,0.5370950641689594,1.0212036757822265,47.40568635756694,42.0336861935706,51.86536216406823,59d331143ad997e4dd335f90e79fcefcce745f15079633045172aee905fae973,3,1,64,True
ettm1,shape,STEP8_D31,C3,PERSISTENCE,0.5370950641689594,1.0125716963825984,46.95732992658932,39.595537250326366,52.40488175369159,59d331143ad997e4dd335f90e79fcefcce745f15079633045172aee905fae973,3,1,64,True
ettm1,shape,STEP8_D31,C3,SEASONAL,0.5370950641689594,6.625977804824272,91.89410106719784,90.86344930478032,92.84253306975737,59d331143ad997e4dd335f90e79fcefcce745f15079633045172aee905fae973,3,1,64,True
ettm1,shape,STEP8_D33,C0,F0,0.547020998455756,0.9514844607430154,42.5086776479159,36.7514213560913,47.20628033326755,59d331143ad997e4dd335f90e79fcefcce745f15079633045172aee905fae973,3,1,64,True
ettm1,shape,STEP8_D33,C0,PERSISTENCE,0.547020998455756,1.0125716963825984,45.9770601518902,38.70108019622194,51.57567598460897,59d331143ad997e4dd335f90e79fcefcce745f15079633045172aee905fae973,3,1,64,True
ettm1,shape,STEP8_D33,C0,SEASONAL,0.547020998455756,6.529278939252793,91.62203049455935,90.61177411987684,92.5408420569373,59d331143ad997e4dd335f90e79fcefcce745f15079633045172aee905fae973,3,1,64,True
ettm1,shape,STEP8_D33,C3,C0,0.5507523346504267,0.547020998455756,-0.6821193711401108,-1.4109172932781688,0.0907725255145396,59d331143ad997e4dd335f90e79fcefcce745f15079633045172aee905fae973,3,3,64,True
ettm1,shape,STEP8_D33,C3,C2,0.5507523346504267,0.5355290047925393,-2.842671399989793,-3.730574157079483,-1.985652269996512,59d331143ad997e4dd335f90e79fcefcce745f15079633045172aee905fae973,3,3,64,True
ettm1,shape,STEP8_D33,C3,M_RECENCY,0.5507523346504267,0.5515891670989476,0.151712995547415,0.0361390373393902,0.2793847393053708,59d331143ad997e4dd335f90e79fcefcce745f15079633045172aee905fae973,3,3,64,True
ettm1,shape,STEP8_D33,C3,F0,0.5507523346504267,0.9514844607430154,42.11651820142775,36.565924781921005,46.64247656988891,59d331143ad997e4dd335f90e79fcefcce745f15079633045172aee905fae973,3,1,64,True
ettm1,shape,STEP8_D33,C3,PERSISTENCE,0.5507523346504267,1.0125716963825984,45.60855921432688,38.47846713935432,51.16455463628348,59d331143ad997e4dd335f90e79fcefcce745f15079633045172aee905fae973,3,1,64,True
ettm1,shape,STEP8_D33,C3,SEASONAL,0.5507523346504267,6.529278939252793,91.56488274165456,90.55279767130484,92.4829132455318,59d331143ad997e4dd335f90e79fcefcce745f15079633045172aee905fae973,3,1,64,True
ettm1,standard,FAULT,C0,F0,0.4219378255512486,0.4175588953628453,-1.0486976177571885,-4.862981161285219,2.493253620237762,59d331143ad997e4dd335f90e79fcefcce745f15079633045172aee905fae973,3,1,128,True
ettm1,standard,FAULT,C0,PERSISTENCE,0.4219378255512486,1.0638484813869968,60.33854134931457,55.03570635804278,64.96936466352366,59d331143ad997e4dd335f90e79fcefcce745f15079633045172aee905fae973,3,1,128,True
ettm1,standard,FAULT,C0,SEASONAL,0.4219378255512486,0.5460746251140695,22.732570578039567,18.001640812263762,27.275713301540243,59d331143ad997e4dd335f90e79fcefcce745f15079633045172aee905fae973,3,1,128,True
ettm1,standard,FAULT,C3,C0,0.4220992025069093,0.4219378255512486,-0.0382466197359265,-0.2400928766549231,0.1543982450013397,59d331143ad997e4dd335f90e79fcefcce745f15079633045172aee905fae973,3,3,128,True
ettm1,standard,FAULT,C3,C2,0.4220992025069093,0.4230550511388561,0.2259395389261231,0.0907178867667585,0.3632553450327055,59d331143ad997e4dd335f90e79fcefcce745f15079633045172aee905fae973,3,3,128,True
ettm1,standard,FAULT,C3,M_RECENCY,0.4220992025069093,0.4221865501708899,0.0206893525966811,-0.0532090646453348,0.0901281709173923,59d331143ad997e4dd335f90e79fcefcce745f15079633045172aee905fae973,3,3,128,True
ettm1,standard,FAULT,C3,F0,0.4220992025069093,0.4175588953628453,-1.0873453288831492,-4.868192145205013,2.379175224200289,59d331143ad997e4dd335f90e79fcefcce745f15079633045172aee905fae973,3,1,128,True
ettm1,standard,FAULT,C3,PERSISTENCE,0.4220992025069093,1.0638484813869968,60.32337218204271,55.03875623042702,64.92933167770367,59d331143ad997e4dd335f90e79fcefcce745f15079633045172aee905fae973,3,1,128,True
ettm1,standard,FAULT,C3,SEASONAL,0.4220992025069093,0.5460746251140695,22.703018398128812,17.917459147052227,27.282531228273957,59d331143ad997e4dd335f90e79fcefcce745f15079633045172aee905fae973,3,1,128,True
ettm1,standard,REFERENCE,C0,F0,0.4065437551099508,0.405978623754524,-0.1392022442463725,-4.272197644886412,3.7905799083617033,59d331143ad997e4dd335f90e79fcefcce745f15079633045172aee905fae973,3,1,128,True
ettm1,standard,REFERENCE,C0,PERSISTENCE,0.4065437551099508,1.0379169633179528,60.83080154983349,55.24954630041394,65.6901389063294,59d331143ad997e4dd335f90e79fcefcce745f15079633045172aee905fae973,3,1,128,True
ettm1,standard,REFERENCE,C0,SEASONAL,0.4065437551099508,0.474018939789643,14.234702248318564,8.422416203114125,19.9001935251247,59d331143ad997e4dd335f90e79fcefcce745f15079633045172aee905fae973,3,1,128,True
ettm1,standard,REFERENCE,C3,C0,0.4065125572690387,0.4065437551099508,0.0076739196015251,-0.1866110282362931,0.2000267725692543,59d331143ad997e4dd335f90e79fcefcce745f15079633045172aee905fae973,3,3,128,True
ettm1,standard,REFERENCE,C3,C2,0.4065125572690387,0.4073535258405725,0.2064468620465387,0.0180058118774378,0.3865250222228873,59d331143ad997e4dd335f90e79fcefcce745f15079633045172aee905fae973,3,3,128,True
ettm1,standard,REFERENCE,C3,M_RECENCY,0.4065125572690387,0.4064687072394428,-0.0107880456268638,-0.1238810644711901,0.0996850108020451,59d331143ad997e4dd335f90e79fcefcce745f15079633045172aee905fae973,3,3,128,True
ettm1,standard,REFERENCE,C3,F0,0.4065125572690387,0.405978623754524,-0.1315176423765329,-4.247563129478663,3.7585480360077543,59d331143ad997e4dd335f90e79fcefcce745f15079633045172aee905fae973,3,1,128,True
ettm1,standard,REFERENCE,C3,PERSISTENCE,0.4065125572690387,1.0379169633179528,60.83380736263112,55.24196010743974,65.65689988367012,59d331143ad997e4dd335f90e79fcefcce745f15079633045172aee905fae973,3,1,128,True
ettm1,standard,REFERENCE,C3,SEASONAL,0.4065125572690387,0.474018939789643,14.241283808314044,8.400746321908922,19.975423759349777,59d331143ad997e4dd335f90e79fcefcce745f15079633045172aee905fae973,3,1,128,True
ettm1,standard,SHIFT4,C0,F0,0.54913350365183,0.9206008111350122,40.350530109266224,35.76758734152708,44.24855713095925,59d331143ad997e4dd335f90e79fcefcce745f15079633045172aee905fae973,3,1,128,True
ettm1,standard,SHIFT4,C0,PERSISTENCE,0.54913350365183,1.0379169658350622,47.09273268213499,41.06447914045325,52.08781227228171,59d331143ad997e4dd335f90e79fcefcce745f15079633045172aee905fae973,3,1,128,True
ettm1,standard,SHIFT4,C0,SEASONAL,0.54913350365183,3.3396836910589367,83.55731996051061,81.46862916090971,85.27159975731992,59d331143ad997e4dd335f90e79fcefcce745f15079633045172aee905fae973,3,1,128,True
ettm1,standard,SHIFT4,C3,C0,0.5464459559814894,0.54913350365183,0.4894160805101077,0.1533388523069567,0.8659577737096554,59d331143ad997e4dd335f90e79fcefcce745f15079633045172aee905fae973,3,3,128,True
ettm1,standard,SHIFT4,C3,C2,0.5464459559814894,0.5449385976841591,-0.2766106683828484,-0.6790039843974482,0.1258189101479689,59d331143ad997e4dd335f90e79fcefcce745f15079633045172aee905fae973,3,3,128,True
ettm1,standard,SHIFT4,C3,M_RECENCY,0.5464459559814894,0.5454926642005874,-0.1747579469834059,-0.3344164881137551,-0.0045776636716921,59d331143ad997e4dd335f90e79fcefcce745f15079633045172aee905fae973,3,3,128,True
ettm1,standard,SHIFT4,C3,F0,0.5464459559814894,0.9206008111350122,40.64246420685051,36.09338771503439,44.48622197916004,59d331143ad997e4dd335f90e79fcefcce745f15079633045172aee905fae973,3,1,128,True
ettm1,standard,SHIFT4,C3,PERSISTENCE,0.5464459559814894,1.0379169658350622,47.3516693561471,41.35119709132715,52.38161591883783,59d331143ad997e4dd335f90e79fcefcce745f15079633045172aee905fae973,3,1,128,True
ettm1,standard,SHIFT4,C3,SEASONAL,0.5464459559814894,3.3396836910589367,83.6377930806907,81.57543864959165,85.34782029633702,59d331143ad997e4dd335f90e79fcefcce745f15079633045172aee905fae973,3,1,128,True
ettm1,standard,SHIFT8,C0,F0,0.5445754299085022,1.0291805806972076,47.08650356193223,42.75376980927456,51.41287363901584,59d331143ad997e4dd335f90e79fcefcce745f15079633045172aee905fae973,3,1,128,True
ettm1,standard,SHIFT8,C0,PERSISTENCE,0.5445754299085022,1.037916959110004,47.53188825669962,41.05046896695645,53.28318272781663,59d331143ad997e4dd335f90e79fcefcce745f15079633045172aee905fae973,3,1,128,True
ettm1,standard,SHIFT8,C0,SEASONAL,0.5445754299085022,6.6226276316624855,91.77704892685024,90.68284663633044,92.72706968333884,59d331143ad997e4dd335f90e79fcefcce745f15079633045172aee905fae973,3,1,128,True
ettm1,standard,SHIFT8,C3,C0,0.5473460405955392,0.5445754299085022,-0.5087652756391448,-1.2419024901754432,0.197623746853162,59d331143ad997e4dd335f90e79fcefcce745f15079633045172aee905fae973,3,3,128,True
ettm1,standard,SHIFT8,C3,C2,0.5473460405955392,0.5374188254312916,-1.8472027205747252,-2.407392516465773,-1.3160795297690588,59d331143ad997e4dd335f90e79fcefcce745f15079633045172aee905fae973,3,3,128,True
ettm1,standard,SHIFT8,C3,M_RECENCY,0.5473460405955392,0.5474760310858456,0.0237435947741282,-0.0771654693043061,0.1201280842754268,59d331143ad997e4dd335f90e79fcefcce745f15079633045172aee905fae973,3,3,128,True
ettm1,standard,SHIFT8,C3,F0,0.5473460405955392,1.0291805806972076,46.81729806592879,42.64016362945198,50.90448095030008,59d331143ad997e4dd335f90e79fcefcce745f15079633045172aee905fae973,3,1,128,True
ettm1,standard,SHIFT8,C3,PERSISTENCE,0.5473460405955392,1.037916959110004,47.264948723366174,40.90437466253994,52.83443837913761,59d331143ad997e4dd335f90e79fcefcce745f15079633045172aee905fae973,3,1,128,True
ettm1,standard,SHIFT8,C3,SEASONAL,0.5473460405955392,6.6226276316624855,91.73521340715726,90.65210450823018,92.68965012214288,59d331143ad997e4dd335f90e79fcefcce745f15079633045172aee905fae973,3,1,128,True
ettm1,standard,SHIFT_POINT,C0,F0,0.5870475936441003,0.9904991360636832,40.732144807609735,36.62948358140456,44.48398176452392,59d331143ad997e4dd335f90e79fcefcce745f15079633045172aee905fae973,3,1,128,True
ettm1,standard,SHIFT_POINT,C0,PERSISTENCE,0.5870475936441003,1.0501518923791262,44.09879200292255,37.28172905554368,49.60780967707354,59d331143ad997e4dd335f90e79fcefcce745f15079633045172aee905fae973,3,1,128,True
ettm1,standard,SHIFT_POINT,C0,SEASONAL,0.5870475936441003,3.327205313172616,82.35613560365687,80.1296160997208,84.31357001014327,59d331143ad997e4dd335f90e79fcefcce745f15079633045172aee905fae973,3,1,128,True
ettm1,standard,SHIFT_POINT,C3,C0,0.5851547277910685,0.5870475936441003,0.3224382270748838,-0.0048428882297768,0.657487170614083,59d331143ad997e4dd335f90e79fcefcce745f15079633045172aee905fae973,3,3,128,True
ettm1,standard,SHIFT_POINT,C3,C2,0.5851547277910685,0.581408232611251,-0.6443828913448746,-0.8921979683391718,-0.3784161997808006,59d331143ad997e4dd335f90e79fcefcce745f15079633045172aee905fae973,3,3,128,True
ettm1,standard,SHIFT_POINT,C3,M_RECENCY,0.5851547277910685,0.5846253602021794,-0.0905481740829827,-0.2495314424666211,0.0594447064892412,59d331143ad997e4dd335f90e79fcefcce745f15079633045172aee905fae973,3,3,128,True
ettm1,standard,SHIFT_POINT,C3,F0,0.5851547277910685,0.9904991360636832,40.92324702911739,36.85163726762282,44.61606330211468,59d331143ad997e4dd335f90e79fcefcce745f15079633045172aee905fae973,3,1,128,True
ettm1,standard,SHIFT_POINT,C3,PERSISTENCE,0.5851547277910685,1.0501518923791262,44.27903886690176,37.53447207017525,49.77977261767369,59d331143ad997e4dd335f90e79fcefcce745f15079633045172aee905fae973,3,1,128,True
ettm1,standard,SHIFT_POINT,C3,SEASONAL,0.5851547277910685,3.327205313172616,82.41302616720392,80.21960112012881,84.37362599682467,59d331143ad997e4dd335f90e79fcefcce745f15079633045172aee905fae973,3,1,128,True
ettm2,shape,PAIRED_SHIFT8_D32,C0,F0,0.3354084089051979,0.5298414632404969,36.69645881357631,30.67173370068404,42.45895456432868,b9c317cbded901c9b7dd496e748284d6137258855eba4c822730d0032d479d34,3,1,64,True
ettm2,shape,PAIRED_SHIFT8_D32,C0,PERSISTENCE,0.3354084089051979,0.4228284983540701,20.67507033919648,12.984710814496696,27.91742143663172,b9c317cbded901c9b7dd496e748284d6137258855eba4c822730d0032d479d34,3,1,64,True
ettm2,shape,PAIRED_SHIFT8_D32,C0,SEASONAL,0.3354084089051979,3.196904423133821,89.50833792596127,88.32647995232944,90.64383711155187,b9c317cbded901c9b7dd496e748284d6137258855eba4c822730d0032d479d34,3,1,64,True
ettm2,shape,PAIRED_SHIFT8_D32,C3,C0,0.332937355386141,0.3354084089051979,0.7367297460199596,0.4228803951128387,1.0453149301311933,b9c317cbded901c9b7dd496e748284d6137258855eba4c822730d0032d479d34,3,3,64,True
ettm2,shape,PAIRED_SHIFT8_D32,C3,C2,0.332937355386141,0.3330994951607136,0.0486760793480867,-0.1186882907049108,0.1960775327036373,b9c317cbded901c9b7dd496e748284d6137258855eba4c822730d0032d479d34,3,3,64,True
ettm2,shape,PAIRED_SHIFT8_D32,C3,F0,0.332937355386141,0.5298414632404969,37.16283483178068,31.223420548263896,42.90872563877702,b9c317cbded901c9b7dd496e748284d6137258855eba4c822730d0032d479d34,3,1,64,True
ettm2,shape,PAIRED_SHIFT8_D32,C3,PERSISTENCE,0.332937355386141,0.4228284983540701,21.259480692017014,13.712467046450955,28.35788941466553,b9c317cbded901c9b7dd496e748284d6137258855eba4c822730d0032d479d34,3,1,64,True
ettm2,shape,PAIRED_SHIFT8_D32,C3,SEASONAL,0.332937355386141,3.196904423133821,89.5856331213126,88.4034503799659,90.71061435431746,b9c317cbded901c9b7dd496e748284d6137258855eba4c822730d0032d479d34,3,1,64,True
ettm2,shape,PULSE8_D32,C0,F0,3.12515774085443,2.88654058440884,-8.26654431032221,-10.645924991614784,-6.303361841255841,b9c317cbded901c9b7dd496e748284d6137258855eba4c822730d0032d479d34,3,1,64,True
ettm2,shape,PULSE8_D32,C0,PERSISTENCE,3.12515774085443,3.198048435040799,2.279224210231168,1.6421081931889794,2.9405034348313235,b9c317cbded901c9b7dd496e748284d6137258855eba4c822730d0032d479d34,3,1,64,True
ettm2,shape,PULSE8_D32,C0,SEASONAL,3.12515774085443,0.3968561546769774,-687.4787133887754,-786.4023190142113,-598.9261569662407,b9c317cbded901c9b7dd496e748284d6137258855eba4c822730d0032d479d34,3,1,64,True
ettm2,shape,PULSE8_D32,C3,C0,3.133531995418146,3.12515774085443,-0.2679626200700724,-0.3210500214833994,-0.2111028874554166,b9c317cbded901c9b7dd496e748284d6137258855eba4c822730d0032d479d34,3,3,64,True
ettm2,shape,PULSE8_D32,C3,C2,3.133531995418146,3.1376119523944457,0.1300338294920711,0.0953483550718037,0.1665404334819733,b9c317cbded901c9b7dd496e748284d6137258855eba4c822730d0032d479d34,3,3,64,True
ettm2,shape,PULSE8_D32,C3,F0,3.133531995418146,2.88654058440884,-8.556658179115484,-10.938289179805912,-6.580560546559672,b9c317cbded901c9b7dd496e748284d6137258855eba4c822730d0032d479d34,3,1,64,True
ettm2,shape,PULSE8_D32,C3,PERSISTENCE,3.133531995418146,3.198048435040799,2.017369059072105,1.4085207601453675,2.654724931588995,b9c317cbded901c9b7dd496e748284d6137258855eba4c822730d0032d479d34,3,1,64,True
ettm2,shape,PULSE8_D32,C3,SEASONAL,3.133531995418146,0.3968561546769774,-689.588861981666,-788.8675316088521,-600.8572750666845,b9c317cbded901c9b7dd496e748284d6137258855eba4c822730d0032d479d34,3,1,64,True
ettm2,shape,RAMP8_D32,C0,F0,0.5347660617044606,0.6832062270609779,21.72699244781161,17.441862331845215,25.553844194515435,b9c317cbded901c9b7dd496e748284d6137258855eba4c822730d0032d479d34,3,1,64,True
ettm2,shape,RAMP8_D32,C0,PERSISTENCE,0.5347660617044606,0.4228284983540701,-26.47351438848753,-39.49379103808072,-15.2950312656145,b9c317cbded901c9b7dd496e748284d6137258855eba4c822730d0032d479d34,3,1,64,True
ettm2,shape,RAMP8_D32,C0,SEASONAL,0.5347660617044606,3.196904423133821,83.27237881011635,81.82287893034128,84.66548063809452,b9c317cbded901c9b7dd496e748284d6137258855eba4c822730d0032d479d34,3,1,64,True
ettm2,shape,RAMP8_D32,C3,C0,0.5317564051718647,0.5347660617044606,0.5627987166955228,0.0781034788904316,1.080355670305858,b9c317cbded901c9b7dd496e748284d6137258855eba4c822730d0032d479d34,3,3,64,True
ettm2,shape,RAMP8_D32,C3,C2,0.5317564051718647,0.5267154151738748,-0.9570614135767874,-1.2410716969747064,-0.6558632178363767,b9c317cbded901c9b7dd496e748284d6137258855eba4c822730d0032d479d34,3,3,64,True
ettm2,shape,RAMP8_D32,C3,F0,0.5317564051718647,0.6832062270609779,22.167511929834305,17.862217947027684,26.001449468310582,b9c317cbded901c9b7dd496e748284d6137258855eba4c822730d0032d479d34,3,1,64,True
ettm2,shape,RAMP8_D32,C3,PERSISTENCE,0.5317564051718647,0.4228284983540701,-25.7617230725494,-38.78343554820482,-14.532113961460094,b9c317cbded901c9b7dd496e748284d6137258855eba4c822730d0032d479d34,3,1,64,True
ettm2,shape,RAMP8_D32,C3,SEASONAL,0.5317564051718647,3.196904423133821,83.36652164750672,81.90982395768157,84.77567699014435,b9c317cbded901c9b7dd496e748284d6137258855eba4c822730d0032d479d34,3,1,64,True
ettm2,shape,STEP12_D17,C0,F0,0.4114862993966159,0.6314656891300241,34.83631708263925,28.95865842872351,40.83016161761783,b9c317cbded901c9b7dd496e748284d6137258855eba4c822730d0032d479d34,3,1,64,True
ettm2,shape,STEP12_D17,C0,PERSISTENCE,0.4114862993966159,0.4228284972019401,2.6824582260611574,-5.721341664196104,10.498970579003648,b9c317cbded901c9b7dd496e748284d6137258855eba4c822730d0032d479d34,3,1,64,True
ettm2,shape,STEP12_D17,C0,SEASONAL,0.4114862993966159,4.787460618450816,91.40491521098362,90.60925020894204,92.20909706141144,b9c317cbded901c9b7dd496e748284d6137258855eba4c822730d0032d479d34,3,1,64,True
ettm2,shape,STEP12_D17,C3,C0,0.4059425970629695,0.4114862993966159,1.3472386180962692,1.0929334656629033,1.605946074686002,b9c317cbded901c9b7dd496e748284d6137258855eba4c822730d0032d479d34,3,3,64,True
ettm2,shape,STEP12_D17,C3,C2,0.4059425970629695,0.4024618913123474,-0.8648534993641599,-1.3383601746964615,-0.3994254143081108,b9c317cbded901c9b7dd496e748284d6137258855eba4c822730d0032d479d34,3,3,64,True
ettm2,shape,STEP12_D17,C3,F0,0.4059425970629695,0.6314656891300241,35.71422738387573,29.950408378471945,41.62801430641727,b9c317cbded901c9b7dd496e748284d6137258855eba4c822730d0032d479d34,3,1,64,True
ettm2,shape,STEP12_D17,C3,PERSISTENCE,0.4059425970629695,0.4228284972019401,3.993557731021624,-4.111087435000337,11.64362880590574,b9c317cbded901c9b7dd496e748284d6137258855eba4c822730d0032d479d34,3,1,64,True
ettm2,shape,STEP12_D17,C3,SEASONAL,0.4059425970629695,4.787460618450816,91.52071151251936,90.72315771677346,92.32823388838943,b9c317cbded901c9b7dd496e748284d6137258855eba4c822730d0032d479d34,3,1,64,True
ettm2,shape,STEP12_D63,C0,F0,0.3535460697658095,0.3984616315759302,11.272242607770778,5.620008309644769,16.541753694651646,b9c317cbded901c9b7dd496e748284d6137258855eba4c822730d0032d479d34,3,1,64,True
ettm2,shape,STEP12_D63,C0,PERSISTENCE,0.3535460697658095,0.4228284972019401,16.385467842069723,8.317689786828984,23.47160847605259,b9c317cbded901c9b7dd496e748284d6137258855eba4c822730d0032d479d34,3,1,64,True
ettm2,shape,STEP12_D63,C0,SEASONAL,0.3535460697658095,2.66058157295862,86.71169967652375,85.48139277445216,87.86229843379837,b9c317cbded901c9b7dd496e748284d6137258855eba4c822730d0032d479d34,3,1,64,True
ettm2,shape,STEP12_D63,C3,C0,0.351707045015893,0.3535460697658095,0.5201655193436738,0.2289657976053302,0.8616794623460061,b9c317cbded901c9b7dd496e748284d6137258855eba4c822730d0032d479d34,3,3,64,True
ettm2,shape,STEP12_D63,C3,C2,0.351707045015893,0.3504325051548878,-0.3637048054209391,-0.5610744366383497,-0.1623030517974912,b9c317cbded901c9b7dd496e748284d6137258855eba4c822730d0032d479d34,3,3,64,True
ettm2,shape,STEP12_D63,C3,F0,0.351707045015893,0.3984616315759302,11.733773807812064,6.236152713874075,16.89143358440787,b9c317cbded901c9b7dd496e748284d6137258855eba4c822730d0032d479d34,3,1,64,True
ettm2,shape,STEP12_D63,C3,PERSISTENCE,0.351707045015893,0.4228284972019401,16.820401807515807,8.883707202197455,23.784114606952752,b9c317cbded901c9b7dd496e748284d6137258855eba4c822730d0032d479d34,3,1,64,True
ettm2,shape,STEP12_D63,C3,SEASONAL,0.351707045015893,2.66058157295862,86.78082083291332,85.54179868597414,87.95095943025765,b9c317cbded901c9b7dd496e748284d6137258855eba4c822730d0032d479d34,3,1,64,True
ettm2,shape,STEP6_D17,C0,F0,0.3709037520721707,0.6206676110717532,40.241162023630736,34.365253365032125,45.62069800344416,b9c317cbded901c9b7dd496e748284d6137258855eba4c822730d0032d479d34,3,1,64,True
ettm2,shape,STEP6_D17,C0,PERSISTENCE,0.3709037520721707,0.422828500361758,12.280333100810903,4.355390787247523,19.279410402909885,b9c317cbded901c9b7dd496e748284d6137258855eba4c822730d0032d479d34,3,1,64,True
ettm2,shape,STEP6_D17,C0,SEASONAL,0.3709037520721707,2.4029632604874958,84.56473479345146,82.87341652519208,86.19324757961094,b9c317cbded901c9b7dd496e748284d6137258855eba4c822730d0032d479d34,3,1,64,True
ettm2,shape,STEP6_D17,C3,C0,0.3694509059080542,0.3709037520721707,0.3917043588800961,0.2557140799729734,0.526070097775311,b9c317cbded901c9b7dd496e748284d6137258855eba4c822730d0032d479d34,3,3,64,True
ettm2,shape,STEP6_D17,C3,C2,0.3694509059080542,0.3689176804596571,-0.1445377862434371,-0.4924528229498115,0.1818382112762294,b9c317cbded901c9b7dd496e748284d6137258855eba4c822730d0032d479d34,3,3,64,True
ettm2,shape,STEP6_D17,C3,F0,0.3694509059080542,0.6206676110717532,40.47523999680027,34.673394212273315,45.82640945739944,b9c317cbded901c9b7dd496e748284d6137258855eba4c822730d0032d479d34,3,1,64,True
ettm2,shape,STEP6_D17,C3,PERSISTENCE,0.3694509059080542,0.422828500361758,12.62393485965012,4.786839114161041,19.561135952260635,b9c317cbded901c9b7dd496e748284d6137258855eba4c822730d0032d479d34,3,1,64,True
ettm2,shape,STEP6_D17,C3,SEASONAL,0.3694509059080542,2.4029632604874958,84.62519540007021,82.93928961451489,86.26008569918491,b9c317cbded901c9b7dd496e748284d6137258855eba4c822730d0032d479d34,3,1,64,True
ettm2,shape,STEP6_D63,C0,F0,0.3256689916318032,0.393866606486712,17.314901474697532,13.083045109017638,21.651345581742923,b9c317cbded901c9b7dd496e748284d6137258855eba4c822730d0032d479d34,3,1,64,True
ettm2,shape,STEP6_D63,C0,PERSISTENCE,0.3256689916318032,0.422828500361758,22.978467309282223,15.295513566373174,29.918501656138584,b9c317cbded901c9b7dd496e748284d6137258855eba4c822730d0032d479d34,3,1,64,True
ettm2,shape,STEP6_D63,C0,SEASONAL,0.3256689916318032,1.43080819221126,77.23880856954739,74.95026004104596,79.34022568749212,b9c317cbded901c9b7dd496e748284d6137258855eba4c822730d0032d479d34,3,1,64,True
ettm2,shape,STEP6_D63,C3,C0,0.3246926677560924,0.3256689916318032,0.2997902473977465,0.1082904405121248,0.4695935268404657,b9c317cbded901c9b7dd496e748284d6137258855eba4c822730d0032d479d34,3,3,64,True
ettm2,shape,STEP6_D63,C3,C2,0.3246926677560924,0.3245532014531743,-0.0429717846854416,-0.1461351164238444,0.0587183363372556,b9c317cbded901c9b7dd496e748284d6137258855eba4c822730d0032d479d34,3,3,64,True
ettm2,shape,STEP6_D63,C3,F0,0.3246926677560924,0.393866606486712,17.56278333612761,13.42377930051964,21.91020579523698,b9c317cbded901c9b7dd496e748284d6137258855eba4c822730d0032d479d34,3,1,64,True
ettm2,shape,STEP6_D63,C3,PERSISTENCE,0.3246926677560924,0.422828500361758,23.209370352685266,15.63354336555713,30.153426046655,b9c317cbded901c9b7dd496e748284d6137258855eba4c822730d0032d479d34,3,1,64,True
ettm2,shape,STEP6_D63,C3,SEASONAL,0.3246926677560924,1.43080819221126,77.30704440164742,75.02549480322915,79.40867729460834,b9c317cbded901c9b7dd496e748284d6137258855eba4c822730d0032d479d34,3,1,64,True
ettm2,shape,STEP8_D31,C0,F0,0.3323547103873205,0.5187319098240039,35.929387783357626,30.022371177571035,41.49313992059793,b9c317cbded901c9b7dd496e748284d6137258855eba4c822730d0032d479d34,3,1,64,True
ettm2,shape,STEP8_D31,C0,PERSISTENCE,0.3323547103873205,0.4228284983540701,21.39727769507821,13.962134938969914,28.46539106144855,b9c317cbded901c9b7dd496e748284d6137258855eba4c822730d0032d479d34,3,1,64,True
ettm2,shape,STEP8_D31,C0,SEASONAL,0.3323547103873205,3.196904423133821,89.60385840808077,88.38503593896144,90.74529333444856,b9c317cbded901c9b7dd496e748284d6137258855eba4c822730d0032d479d34,3,1,64,True
ettm2,shape,STEP8_D31,C3,C0,0.3304646153110785,0.3323547103873205,0.5686981460377827,0.2539454480949826,0.8880728101557186,b9c317cbded901c9b7dd496e748284d6137258855eba4c822730d0032d479d34,3,3,64,True
ettm2,shape,STEP8_D31,C3,C2,0.3304646153110785,0.3307136070382603,0.0752892296786988,-0.0843305388134485,0.2287969231318772,b9c317cbded901c9b7dd496e748284d6137258855eba4c822730d0032d479d34,3,3,64,True
ettm2,shape,STEP8_D31,C3,F0,0.3304646153110785,0.5187319098240039,36.29375616718873,30.425263622023166,41.79543916934559,b9c317cbded901c9b7dd496e748284d6137258855eba4c822730d0032d479d34,3,1,64,True
ettm2,shape,STEP8_D31,C3,PERSISTENCE,0.3304646153110785,0.4228284983540701,21.844289919561533,14.374996050148903,28.79505459128364,b9c317cbded901c9b7dd496e748284d6137258855eba4c822730d0032d479d34,3,1,64,True
ettm2,shape,STEP8_D31,C3,SEASONAL,0.3304646153110785,3.196904423133821,89.66298107257349,88.4499256686706,90.79079058198344,b9c317cbded901c9b7dd496e748284d6137258855eba4c822730d0032d479d34,3,1,64,True
ettm2,shape,STEP8_D33,C0,F0,0.3390725114993662,0.4973931787119477,31.83008412430779,26.057977772540767,37.63898908906093,b9c317cbded901c9b7dd496e748284d6137258855eba4c822730d0032d479d34,3,1,64,True
ettm2,shape,STEP8_D33,C0,PERSISTENCE,0.3390725114993662,0.4228284983540701,19.808500888832693,11.929687959027724,27.348880151701437,b9c317cbded901c9b7dd496e748284d6137258855eba4c822730d0032d479d34,3,1,64,True
ettm2,shape,STEP8_D33,C0,SEASONAL,0.3390725114993662,3.1536197106118107,89.24814839410091,88.01168231870889,90.39087899598104,b9c317cbded901c9b7dd496e748284d6137258855eba4c822730d0032d479d34,3,1,64,True
ettm2,shape,STEP8_D33,C3,C0,0.3366908782956172,0.3390725114993662,0.7023964264214366,0.4550218870178216,0.97095546279468,b9c317cbded901c9b7dd496e748284d6137258855eba4c822730d0032d479d34,3,3,64,True
ettm2,shape,STEP8_D33,C3,C2,0.3366908782956172,0.3365315136288758,-0.0473550500584396,-0.2265002629288415,0.1131818521214846,b9c317cbded901c9b7dd496e748284d6137258855eba4c822730d0032d479d34,3,3,64,True
ettm2,shape,STEP8_D33,C3,F0,0.3366908782956172,0.4973931787119477,32.30890717731315,26.570751238975973,38.158335256335015,b9c317cbded901c9b7dd496e748284d6137258855eba4c822730d0032d479d34,3,1,64,True
ettm2,shape,STEP8_D33,C3,PERSISTENCE,0.3366908782956172,0.4228284983540701,20.37176311288331,12.51016517248229,27.85332598702018,b9c317cbded901c9b7dd496e748284d6137258855eba4c822730d0032d479d34,3,1,64,True
ettm2,shape,STEP8_D33,C3,SEASONAL,0.3366908782956172,3.1536197106118107,89.32366901555488,88.08982206679755,90.45340856758077,b9c317cbded901c9b7dd496e748284d6137258855eba4c822730d0032d479d34,3,1,64,True
ettm2,standard,FAULT,C0,F0,0.2980711952856747,0.3048476456028453,2.2228973767437155,0.2163036197496088,4.028606231961801,b9c317cbded901c9b7dd496e748284d6137258855eba4c822730d0032d479d34,3,1,128,True
ettm2,standard,FAULT,C0,PERSISTENCE,0.2980711952856747,0.4138584052532146,27.97749387177404,23.279000529873606,32.29076764741387,b9c317cbded901c9b7dd496e748284d6137258855eba4c822730d0032d479d34,3,1,128,True
ettm2,standard,FAULT,C0,SEASONAL,0.2980711952856747,0.4205758630507586,29.127840783934623,23.465019415488836,34.911454460109674,b9c317cbded901c9b7dd496e748284d6137258855eba4c822730d0032d479d34,3,1,128,True
ettm2,standard,FAULT,C3,C0,0.2980142165442782,0.2980711952856747,0.0191158160525839,-0.0699280995434592,0.0981340028874558,b9c317cbded901c9b7dd496e748284d6137258855eba4c822730d0032d479d34,3,3,128,True
ettm2,standard,FAULT,C3,C2,0.2980142165442782,0.2981496843664183,0.04543617828342,-0.0530462411016013,0.1186687048092446,b9c317cbded901c9b7dd496e748284d6137258855eba4c822730d0032d479d34,3,3,128,True
ettm2,standard,FAULT,C3,F0,0.2980142165442782,0.3048476456028453,2.241588267822714,0.2168815373095359,4.021773720262201,b9c317cbded901c9b7dd496e748284d6137258855eba4c822730d0032d479d34,3,1,128,True
ettm2,standard,FAULT,C3,PERSISTENCE,0.2980142165442782,0.4138584052532146,27.991261561561977,23.30320029546532,32.298349854181204,b9c317cbded901c9b7dd496e748284d6137258855eba4c822730d0032d479d34,3,1,128,True
ettm2,standard,FAULT,C3,SEASONAL,0.2980142165442782,0.4205758630507586,29.141388575522864,23.49993298353609,34.921700913093424,b9c317cbded901c9b7dd496e748284d6137258855eba4c822730d0032d479d34,3,1,128,True
ettm2,standard,REFERENCE,C0,F0,0.2927349667914928,0.302209117320498,3.134965156910763,0.595088105907078,5.532148561198607,b9c317cbded901c9b7dd496e748284d6137258855eba4c822730d0032d479d34,3,1,128,True
ettm2,standard,REFERENCE,C0,PERSISTENCE,0.2927349667914928,0.4045493541007887,27.63924504534956,22.842432479087453,32.195862311190155,b9c317cbded901c9b7dd496e748284d6137258855eba4c822730d0032d479d34,3,1,128,True
ettm2,standard,REFERENCE,C0,SEASONAL,0.2927349667914928,0.3883571441260654,24.62222693231374,17.829851463573796,31.58349112928994,b9c317cbded901c9b7dd496e748284d6137258855eba4c822730d0032d479d34,3,1,128,True
ettm2,standard,REFERENCE,C3,C0,0.2926576542107306,0.2927349667914928,0.0264104359003147,-0.0656227342232784,0.1128635165710705,b9c317cbded901c9b7dd496e748284d6137258855eba4c822730d0032d479d34,3,3,128,True
ettm2,standard,REFERENCE,C3,C2,0.2926576542107306,0.2928637182321144,0.0703617445778848,-0.0184140448026792,0.1641151001554963,b9c317cbded901c9b7dd496e748284d6137258855eba4c822730d0032d479d34,3,3,128,True
ettm2,standard,REFERENCE,C3,F0,0.2926576542107306,0.302209117320498,3.16054763484781,0.6093728403876758,5.5077041540402165,b9c317cbded901c9b7dd496e748284d6137258855eba4c822730d0032d479d34,3,1,128,True
ettm2,standard,REFERENCE,C3,PERSISTENCE,0.2926576542107306,0.4045493541007887,27.65835583615384,22.88044481782676,32.203600726148466,b9c317cbded901c9b7dd496e748284d6137258855eba4c822730d0032d479d34,3,1,128,True
ettm2,standard,REFERENCE,C3,SEASONAL,0.2926576542107306,0.3883571441260654,24.64213453075287,17.84858288939072,31.58589062297583,b9c317cbded901c9b7dd496e748284d6137258855eba4c822730d0032d479d34,3,1,128,True
ettm2,standard,SHIFT4,C0,F0,0.3495553651551113,0.5081899211693568,31.215604522266727,27.036983006793644,35.256624187992905,b9c317cbded901c9b7dd496e748284d6137258855eba4c822730d0032d479d34,3,1,128,True
ettm2,standard,SHIFT4,C0,PERSISTENCE,0.3495553651551113,0.4045493580684348,13.593889550560236,7.21009366775103,19.47759540161413,b9c317cbded901c9b7dd496e748284d6137258855eba4c822730d0032d479d34,3,1,128,True
ettm2,standard,SHIFT4,C0,SEASONAL,0.3495553651551113,1.5843991103133788,77.9376696894274,75.50364504110236,80.1229675213852,b9c317cbded901c9b7dd496e748284d6137258855eba4c822730d0032d479d34,3,1,128,True
ettm2,standard,SHIFT4,C3,C0,0.3474269106268681,0.3495553651551113,0.6089034071322996,0.4016558857640565,0.8054554735885147,b9c317cbded901c9b7dd496e748284d6137258855eba4c822730d0032d479d34,3,3,128,True
ettm2,standard,SHIFT4,C3,C2,0.3474269106268681,0.3470751795885363,-0.101341455401327,-0.2387419580668676,0.0387736514792824,b9c317cbded901c9b7dd496e748284d6137258855eba4c822730d0032d479d34,3,3,128,True
ettm2,standard,SHIFT4,C3,F0,0.3474269106268681,0.5081899211693568,31.634435049906006,27.50671659554209,35.64978731082176,b9c317cbded901c9b7dd496e748284d6137258855eba4c822730d0032d479d34,3,1,128,True
ettm2,standard,SHIFT4,C3,PERSISTENCE,0.3474269106268681,0.4045493580684348,14.120019301057374,7.857999748141193,19.905147673393063,b9c317cbded901c9b7dd496e748284d6137258855eba4c822730d0032d479d34,3,1,128,True
ettm2,standard,SHIFT4,C3,SEASONAL,0.3474269106268681,1.5843991103133788,78.07200797038125,75.66775517984101,80.21518837530537,b9c317cbded901c9b7dd496e748284d6137258855eba4c822730d0032d479d34,3,1,128,True
ettm2,standard,SHIFT8,C0,F0,0.3272458053261584,0.5093045725396048,35.74654087742144,31.04725176242661,40.35430579581936,b9c317cbded901c9b7dd496e748284d6137258855eba4c822730d0032d479d34,3,1,128,True
ettm2,standard,SHIFT8,C0,PERSISTENCE,0.3272458053261584,0.4045493567421901,19.10855872780325,14.204562740821125,23.815260944801057,b9c317cbded901c9b7dd496e748284d6137258855eba4c822730d0032d479d34,3,1,128,True
ettm2,standard,SHIFT8,C0,SEASONAL,0.3272458053261584,3.129316210778641,89.54257788973226,88.51866207958483,90.41695151802092,b9c317cbded901c9b7dd496e748284d6137258855eba4c822730d0032d479d34,3,1,128,True
ettm2,standard,SHIFT8,C3,C0,0.3249377990708426,0.3272458053261584,0.7052821511388085,0.4170030099785918,1.0143729383963862,b9c317cbded901c9b7dd496e748284d6137258855eba4c822730d0032d479d34,3,3,128,True
ettm2,standard,SHIFT8,C3,C2,0.3249377990708426,0.3247921826533688,-0.0448337199141057,-0.1828241598174862,0.0759063972516973,b9c317cbded901c9b7dd496e748284d6137258855eba4c822730d0032d479d34,3,3,128,True
ettm2,standard,SHIFT8,C3,F0,0.3249377990708426,0.5093045725396048,36.19970905610226,31.572903522869197,40.71862063139525,b9c317cbded901c9b7dd496e748284d6137258855eba4c822730d0032d479d34,3,1,128,True
ettm2,standard,SHIFT8,C3,PERSISTENCE,0.3249377990708426,0.4045493567421901,19.679071624894984,14.872050740578011,24.248811495336696,b9c317cbded901c9b7dd496e748284d6137258855eba4c822730d0032d479d34,3,1,128,True
ettm2,standard,SHIFT8,C3,SEASONAL,0.3249377990708426,3.129316210778641,89.61633222134522,88.6075211467652,90.48790694010148,b9c317cbded901c9b7dd496e748284d6137258855eba4c822730d0032d479d34,3,1,128,True
ettm2,standard,SHIFT_POINT,C0,F0,0.3584101933797449,0.5325603766675294,32.70055207214641,28.732248732045896,36.51517321976521,b9c317cbded901c9b7dd496e748284d6137258855eba4c822730d0032d479d34,3,1,128,True
ettm2,standard,SHIFT_POINT,C0,PERSISTENCE,0.3584101933797449,0.4137653143322166,13.3783860161914,7.25074321347784,19.20212907265341,b9c317cbded901c9b7dd496e748284d6137258855eba4c822730d0032d479d34,3,1,128,True
ettm2,standard,SHIFT_POINT,C0,SEASONAL,0.3584101933797449,1.5864841706209556,77.40852382791428,74.99146676045667,79.52236260313173,b9c317cbded901c9b7dd496e748284d6137258855eba4c822730d0032d479d34,3,1,128,True
ettm2,standard,SHIFT_POINT,C3,C0,0.3560094171614052,0.3584101933797449,0.6698403847560375,0.5418227385260408,0.7990483807223697,b9c317cbded901c9b7dd496e748284d6137258855eba4c822730d0032d479d34,3,3,128,True
ettm2,standard,SHIFT_POINT,C3,C2,0.3560094171614052,0.3553351756257926,-0.1897480412473173,-0.3372813094798954,-0.0378065462283694,b9c317cbded901c9b7dd496e748284d6137258855eba4c822730d0032d479d34,3,3,128,True
ettm2,standard,SHIFT_POINT,C3,F0,0.3560094171614052,0.5325603766675294,33.15135095308502,29.26828842778357,36.89619039142301,b9c317cbded901c9b7dd496e748284d6137258855eba4c822730d0032d479d34,3,1,128,True
ettm2,standard,SHIFT_POINT,C3,PERSISTENCE,0.3560094171614052,0.4137653143322166,13.95861256858243,7.935817807897328,19.688371172206065,b9c317cbded901c9b7dd496e748284d6137258855eba4c822730d0032d479d34,3,1,128,True
ettm2,standard,SHIFT_POINT,C3,SEASONAL,0.3560094171614052,1.5864841706209556,77.55985065882744,75.14170154113145,79.66636063159945,b9c317cbded901c9b7dd496e748284d6137258855eba4c822730d0032d479d34,3,1,128,True
neso_2025,shape,PAIRED_SHIFT8_D32,C0,F0,0.3336194739861278,0.547807243443492,39.099112328451405,34.95007025558232,43.21167742601028,7eaee4c5251cd1b169f9c3aa7906f18e55a20c0f768bad0f13052aab07aca72e,3,1,64,True
neso_2025,shape,PAIRED_SHIFT8_D32,C0,PERSISTENCE,0.3336194739861278,0.7811833872606558,57.29306595266731,52.47239124840645,61.73908053760823,7eaee4c5251cd1b169f9c3aa7906f18e55a20c0f768bad0f13052aab07aca72e,3,1,64,True
neso_2025,shape,PAIRED_SHIFT8_D32,C0,SEASONAL,0.3336194739861278,0.3439336904679175,2.99889681285872,-4.498097218692517,9.984435091186814,7eaee4c5251cd1b169f9c3aa7906f18e55a20c0f768bad0f13052aab07aca72e,3,1,64,True
neso_2025,shape,PAIRED_SHIFT8_D32,C3,C0,0.314355846363754,0.3336194739861278,5.774131645317193,4.354731706018182,7.390777933356095,7eaee4c5251cd1b169f9c3aa7906f18e55a20c0f768bad0f13052aab07aca72e,3,3,64,True
neso_2025,shape,PAIRED_SHIFT8_D32,C3,C2,0.314355846363754,0.3209607649238409,2.0578585552829542,1.344002148075962,2.850278956193604,7eaee4c5251cd1b169f9c3aa7906f18e55a20c0f768bad0f13052aab07aca72e,3,3,64,True
neso_2025,shape,PAIRED_SHIFT8_D32,C3,M_RECENCY,0.314355846363754,0.314528524980974,0.0549007811709523,-0.0704471610147311,0.1880382615702832,7eaee4c5251cd1b169f9c3aa7906f18e55a20c0f768bad0f13052aab07aca72e,3,3,64,True
neso_2025,shape,PAIRED_SHIFT8_D32,C3,F0,0.314355846363754,0.547807243443492,42.61560975577338,38.736540638479774,46.68868979536699,7eaee4c5251cd1b169f9c3aa7906f18e55a20c0f768bad0f13052aab07aca72e,3,1,64,True
neso_2025,shape,PAIRED_SHIFT8_D32,C3,PERSISTENCE,0.314355846363754,0.7811833872606558,59.75902054623909,54.8916036487165,64.23522670546843,7eaee4c5251cd1b169f9c3aa7906f18e55a20c0f768bad0f13052aab07aca72e,3,1,64,True
neso_2025,shape,PAIRED_SHIFT8_D32,C3,SEASONAL,0.314355846363754,0.3439336904679175,8.599868208294236,1.388631089174066,15.085074710530876,7eaee4c5251cd1b169f9c3aa7906f18e55a20c0f768bad0f13052aab07aca72e,3,1,64,True
neso_2025,shape,PAIRED_SHIFT8_D32,FIX_C3_GC3,FIX_C2_GC2,0.3153082185821809,0.3232109415514239,2.445066658730566,1.697143456946726,3.2299729142265874,7eaee4c5251cd1b169f9c3aa7906f18e55a20c0f768bad0f13052aab07aca72e,3,3,64,True
neso_2025,shape,PAIRED_SHIFT8_D32,FIX_C3_GC3,FIX_C3_GC2,0.3153082185821809,0.3180200871631896,0.8527349970875009,-0.3400610255600572,2.0200265773118584,7eaee4c5251cd1b169f9c3aa7906f18e55a20c0f768bad0f13052aab07aca72e,3,3,64,True
neso_2025,shape,PAIRED_SHIFT8_D32,FIX_C3_GC3,FIX_C2_GC3,0.3153082185821809,0.3246005326506513,2.862692181245185,1.7192246970123892,4.1468343369586576,7eaee4c5251cd1b169f9c3aa7906f18e55a20c0f768bad0f13052aab07aca72e,3,3,64,True
neso_2025,shape,PULSE8_D32,C0,F0,6.189922686459961,6.018553134707576,-2.84735463685013,-3.9135282080382616,-1.910085890493245,7eaee4c5251cd1b169f9c3aa7906f18e55a20c0f768bad0f13052aab07aca72e,3,1,64,True
neso_2025,shape,PULSE8_D32,C0,PERSISTENCE,6.189922686459961,6.26920341125423,1.264606036740601,1.024145984559117,1.5116800358826252,7eaee4c5251cd1b169f9c3aa7906f18e55a20c0f768bad0f13052aab07aca72e,3,1,64,True
neso_2025,shape,PULSE8_D32,C0,SEASONAL,6.189922686459961,6.269203409360018,1.2646060069081422,1.02414586452404,1.511680118241129,7eaee4c5251cd1b169f9c3aa7906f18e55a20c0f768bad0f13052aab07aca72e,3,1,64,True
neso_2025,shape,PULSE8_D32,C3,C0,6.208670091320353,6.189922686459961,-0.3028697741475961,-0.3528322471594231,-0.2462328452644341,7eaee4c5251cd1b169f9c3aa7906f18e55a20c0f768bad0f13052aab07aca72e,3,3,64,True
neso_2025,shape,PULSE8_D32,C3,C2,6.208670091320353,6.1786295166559855,-0.4862012616776212,-0.5088392746454651,-0.4619468277633209,7eaee4c5251cd1b169f9c3aa7906f18e55a20c0f768bad0f13052aab07aca72e,3,3,64,True
neso_2025,shape,PULSE8_D32,C3,M_RECENCY,6.208670091320353,6.203762474018923,-0.0791071115630703,-0.0878773992647552,-0.0705983812987998,7eaee4c5251cd1b169f9c3aa7906f18e55a20c0f768bad0f13052aab07aca72e,3,3,64,True
neso_2025,shape,PULSE8_D32,C3,F0,6.208670091320353,6.018553134707576,-3.1588481875555408,-4.198985216035841,-2.248909715020492,7eaee4c5251cd1b169f9c3aa7906f18e55a20c0f768bad0f13052aab07aca72e,3,1,64,True
neso_2025,shape,PULSE8_D32,C3,PERSISTENCE,6.208670091320353,6.26920341125423,0.9655663720403496,0.7066892691933491,1.236456680760856,7eaee4c5251cd1b169f9c3aa7906f18e55a20c0f768bad0f13052aab07aca72e,3,1,64,True
neso_2025,shape,PULSE8_D32,C3,SEASONAL,6.208670091320353,6.269203409360018,0.9655663421175298,0.7066892398639916,1.2364566530876324,7eaee4c5251cd1b169f9c3aa7906f18e55a20c0f768bad0f13052aab07aca72e,3,1,64,True
neso_2025,shape,PULSE8_D32,FIX_C3_GC3,FIX_C2_GC2,6.1945620945332855,6.161929899626954,-0.5295775096095579,-0.5620014479855262,-0.5002844251687416,7eaee4c5251cd1b169f9c3aa7906f18e55a20c0f768bad0f13052aab07aca72e,3,3,64,True
neso_2025,shape,PULSE8_D32,FIX_C3_GC3,FIX_C3_GC2,6.1945620945332855,6.206290651370001,0.1889785299392321,0.1531401405007526,0.2255866847857085,7eaee4c5251cd1b169f9c3aa7906f18e55a20c0f768bad0f13052aab07aca72e,3,3,64,True
neso_2025,shape,PULSE8_D32,FIX_C3_GC3,FIX_C2_GC3,6.1945620945332855,6.189063560465811,-0.0888427467864216,-0.1240199571476424,-0.0512577649733686,7eaee4c5251cd1b169f9c3aa7906f18e55a20c0f768bad0f13052aab07aca72e,3,3,64,True
neso_2025,shape,RAMP8_D32,C0,F0,0.8947068222270866,1.036979828028687,13.719939574144211,8.937372007839308,18.187824679632744,7eaee4c5251cd1b169f9c3aa7906f18e55a20c0f768bad0f13052aab07aca72e,3,1,64,True
neso_2025,shape,RAMP8_D32,C0,PERSISTENCE,0.8947068222270866,0.7811833872606558,-14.532238756960613,-24.56945274560292,-5.60074349849315,7eaee4c5251cd1b169f9c3aa7906f18e55a20c0f768bad0f13052aab07aca72e,3,1,64,True
neso_2025,shape,RAMP8_D32,C0,SEASONAL,0.8947068222270866,2.551029730006775,64.92762072887679,62.76306463061536,66.88084865796795,7eaee4c5251cd1b169f9c3aa7906f18e55a20c0f768bad0f13052aab07aca72e,3,1,64,True
neso_2025,shape,RAMP8_D32,C3,C0,0.8898537320343795,0.8947068222270866,0.5424223971632336,0.0050341159332872,1.074784406079378,7eaee4c5251cd1b169f9c3aa7906f18e55a20c0f768bad0f13052aab07aca72e,3,3,64,True
neso_2025,shape,RAMP8_D32,C3,C2,0.8898537320343795,0.9042390842493588,1.590879278008761,1.2621672892912237,1.925110627107305,7eaee4c5251cd1b169f9c3aa7906f18e55a20c0f768bad0f13052aab07aca72e,3,3,64,True
neso_2025,shape,RAMP8_D32,C3,M_RECENCY,0.8898537320343795,0.8929766674360476,0.3497219485739666,0.2268736413329056,0.4712607957636385,7eaee4c5251cd1b169f9c3aa7906f18e55a20c0f768bad0f13052aab07aca72e,3,3,64,True
neso_2025,shape,RAMP8_D32,C3,F0,0.8898537320343795,1.036979828028687,14.187941946180027,9.768221013752015,18.405419072163543,7eaee4c5251cd1b169f9c3aa7906f18e55a20c0f768bad0f13052aab07aca72e,3,1,64,True
neso_2025,shape,RAMP8_D32,C3,PERSISTENCE,0.8898537320343795,0.7811833872606558,-13.9109902419704,-23.42609295839719,-5.204310856704158,7eaee4c5251cd1b169f9c3aa7906f18e55a20c0f768bad0f13052aab07aca72e,3,1,64,True
neso_2025,shape,RAMP8_D32,C3,SEASONAL,0.8898537320343795,2.551029730006775,65.11786116926139,63.09972691618584,66.96150323906316,7eaee4c5251cd1b169f9c3aa7906f18e55a20c0f768bad0f13052aab07aca72e,3,1,64,True
neso_2025,shape,RAMP8_D32,FIX_C3_GC3,FIX_C2_GC2,0.8969469033373548,0.9162360459343866,2.105259084994904,1.6876617505433298,2.518543805099079,7eaee4c5251cd1b169f9c3aa7906f18e55a20c0f768bad0f13052aab07aca72e,3,3,64,True
neso_2025,shape,RAMP8_D32,FIX_C3_GC3,FIX_C3_GC2,0.8969469033373548,0.907170700316211,1.1269981465773182,0.5665440723218051,1.6217058130286777,7eaee4c5251cd1b169f9c3aa7906f18e55a20c0f768bad0f13052aab07aca72e,3,3,64,True
neso_2025,shape,RAMP8_D32,FIX_C3_GC3,FIX_C2_GC3,0.8969469033373548,0.900790912484231,0.4267371144181631,-0.0591950823110898,0.9385384827457248,7eaee4c5251cd1b169f9c3aa7906f18e55a20c0f768bad0f13052aab07aca72e,3,3,64,True
neso_2025,shape,STEP12_D17,C0,F0,0.5128785125345315,0.7991658307024421,35.823268108982184,29.232112882814707,41.6806781034326,7eaee4c5251cd1b169f9c3aa7906f18e55a20c0f768bad0f13052aab07aca72e,3,1,64,True
neso_2025,shape,STEP12_D17,C0,PERSISTENCE,0.5128785125345315,0.7811834146023576,34.34595474667114,28.089331167130087,39.94810218372464,7eaee4c5251cd1b169f9c3aa7906f18e55a20c0f768bad0f13052aab07aca72e,3,1,64,True
neso_2025,shape,STEP12_D17,C0,SEASONAL,0.5128785125345315,3.308304534428088,84.49723998509727,83.13577863189586,85.62901147107927,7eaee4c5251cd1b169f9c3aa7906f18e55a20c0f768bad0f13052aab07aca72e,3,1,64,True
neso_2025,shape,STEP12_D17,C3,C0,0.4655089741485187,0.5128785125345315,9.236015397081676,7.66506208176695,11.002345060067892,7eaee4c5251cd1b169f9c3aa7906f18e55a20c0f768bad0f13052aab07aca72e,3,3,64,True
neso_2025,shape,STEP12_D17,C3,C2,0.4655089741485187,0.4806683915842001,3.1538203262583053,2.0223267140972983,4.266893113397336,7eaee4c5251cd1b169f9c3aa7906f18e55a20c0f768bad0f13052aab07aca72e,3,3,64,True
neso_2025,shape,STEP12_D17,C3,M_RECENCY,0.4655089741485187,0.4727996728284453,1.542027014593983,1.2364406420504312,1.832031943386822,7eaee4c5251cd1b169f9c3aa7906f18e55a20c0f768bad0f13052aab07aca72e,3,3,64,True
neso_2025,shape,STEP12_D17,C3,F0,0.4655089741485187,0.7991658307024421,41.750640947780425,35.87842555029676,46.92568092688269,7eaee4c5251cd1b169f9c3aa7906f18e55a20c0f768bad0f13052aab07aca72e,3,1,64,True
neso_2025,shape,STEP12_D17,C3,PERSISTENCE,0.4655089741485187,0.7811834146023576,40.40977247507556,34.166278986972145,46.11186573258402,7eaee4c5251cd1b169f9c3aa7906f18e55a20c0f768bad0f13052aab07aca72e,3,1,64,True
neso_2025,shape,STEP12_D17,C3,SEASONAL,0.4655089741485187,3.308304534428088,85.92907728704631,84.52497636501582,87.16702112699299,7eaee4c5251cd1b169f9c3aa7906f18e55a20c0f768bad0f13052aab07aca72e,3,1,64,True
neso_2025,shape,STEP12_D17,FIX_C3_GC3,FIX_C2_GC2,0.4681007015877783,0.4901874381870041,4.505773685452919,3.324189880761247,5.674084917464868,7eaee4c5251cd1b169f9c3aa7906f18e55a20c0f768bad0f13052aab07aca72e,3,3,64,True
neso_2025,shape,STEP12_D17,FIX_C3_GC3,FIX_C3_GC2,0.4681007015877783,0.4616919436873847,-1.3881026056484558,-2.598944210013663,-0.2011767219306772,7eaee4c5251cd1b169f9c3aa7906f18e55a20c0f768bad0f13052aab07aca72e,3,3,64,True
neso_2025,shape,STEP12_D17,FIX_C3_GC3,FIX_C2_GC3,0.4681007015877783,0.4888972531006661,4.253767306114453,3.324944256603278,5.229820306182739,7eaee4c5251cd1b169f9c3aa7906f18e55a20c0f768bad0f13052aab07aca72e,3,3,64,True
neso_2025,shape,STEP12_D63,C0,F0,0.3555246465144666,0.4454146926714841,20.181203636970267,14.510761618676666,25.960801841026925,7eaee4c5251cd1b169f9c3aa7906f18e55a20c0f768bad0f13052aab07aca72e,3,1,64,True
neso_2025,shape,STEP12_D63,C0,PERSISTENCE,0.3555246465144666,0.7811834146023576,54.48896637220111,50.59798718708855,58.02100484136909,7eaee4c5251cd1b169f9c3aa7906f18e55a20c0f768bad0f13052aab07aca72e,3,1,64,True
neso_2025,shape,STEP12_D63,C0,SEASONAL,0.3555246465144666,0.3439336816385354,-3.3701162447105304,-12.295051833727188,4.459989575283703,7eaee4c5251cd1b169f9c3aa7906f18e55a20c0f768bad0f13052aab07aca72e,3,1,64,True
neso_2025,shape,STEP12_D63,C3,C0,0.3563998984220011,0.3555246465144666,-0.2461860003562188,-1.6076009313009658,1.0833235281621785,7eaee4c5251cd1b169f9c3aa7906f18e55a20c0f768bad0f13052aab07aca72e,3,3,64,True
neso_2025,shape,STEP12_D63,C3,C2,0.3563998984220011,0.3505223270991467,-1.6768036922201413,-2.642099263092734,-0.8472109467225503,7eaee4c5251cd1b169f9c3aa7906f18e55a20c0f768bad0f13052aab07aca72e,3,3,64,True
neso_2025,shape,STEP12_D63,C3,M_RECENCY,0.3563998984220011,0.3543357077781928,-0.5825522515784609,-0.7254305117179283,-0.4506197083238606,7eaee4c5251cd1b169f9c3aa7906f18e55a20c0f768bad0f13052aab07aca72e,3,3,64,True
neso_2025,shape,STEP12_D63,C3,F0,0.3563998984220011,0.4454146926714841,19.98470093467166,14.093502842770135,26.105866656138,7eaee4c5251cd1b169f9c3aa7906f18e55a20c0f768bad0f13052aab07aca72e,3,1,64,True
neso_2025,shape,STEP12_D63,C3,PERSISTENCE,0.3563998984220011,0.7811834146023576,54.376924578792064,50.43668168087268,57.94084601668813,7eaee4c5251cd1b169f9c3aa7906f18e55a20c0f768bad0f13052aab07aca72e,3,1,64,True
neso_2025,shape,STEP12_D63,C3,SEASONAL,0.3563998984220011,0.3439336816385354,-3.6245989994569294,-13.186679807430242,4.356737450086711,7eaee4c5251cd1b169f9c3aa7906f18e55a20c0f768bad0f13052aab07aca72e,3,1,64,True
neso_2025,shape,STEP12_D63,FIX_C3_GC3,FIX_C2_GC2,0.3494384789785594,0.3440512657115203,-1.5658170173849184,-2.556351647502087,-0.6998056634912292,7eaee4c5251cd1b169f9c3aa7906f18e55a20c0f768bad0f13052aab07aca72e,3,3,64,True
neso_2025,shape,STEP12_D63,FIX_C3_GC3,FIX_C3_GC2,0.3494384789785594,0.3729694461961377,6.309087100181321,4.9470726589718295,7.854344931511506,7eaee4c5251cd1b169f9c3aa7906f18e55a20c0f768bad0f13052aab07aca72e,3,3,64,True
neso_2025,shape,STEP12_D63,FIX_C3_GC3,FIX_C2_GC3,0.3494384789785594,0.3499006972133563,0.1320998324604749,-1.308270502396201,1.5459474901533965,7eaee4c5251cd1b169f9c3aa7906f18e55a20c0f768bad0f13052aab07aca72e,3,3,64,True
neso_2025,shape,STEP6_D17,C0,F0,0.3664761148841073,0.6978166725436682,47.48246505085132,42.98292862261438,51.43370713123144,7eaee4c5251cd1b169f9c3aa7906f18e55a20c0f768bad0f13052aab07aca72e,3,1,64,True
neso_2025,shape,STEP6_D17,C0,PERSISTENCE,0.3664761148841073,0.781183392871207,53.08705763224949,47.833590508315424,57.90507682689928,7eaee4c5251cd1b169f9c3aa7906f18e55a20c0f768bad0f13052aab07aca72e,3,1,64,True
neso_2025,shape,STEP6_D17,C0,SEASONAL,0.3664761148841073,1.7654927576173338,79.24227594234401,76.9439295705293,81.10608957773708,7eaee4c5251cd1b169f9c3aa7906f18e55a20c0f768bad0f13052aab07aca72e,3,1,64,True
neso_2025,shape,STEP6_D17,C3,C0,0.3463566723537374,0.3664761148841073,5.48997375633401,4.294781734933346,6.817580560010143,7eaee4c5251cd1b169f9c3aa7906f18e55a20c0f768bad0f13052aab07aca72e,3,3,64,True
neso_2025,shape,STEP6_D17,C3,C2,0.3463566723537374,0.3523476547738517,1.7003043269748996,0.6490040506234862,2.8378543706858896,7eaee4c5251cd1b169f9c3aa7906f18e55a20c0f768bad0f13052aab07aca72e,3,3,64,True
neso_2025,shape,STEP6_D17,C3,M_RECENCY,0.3463566723537374,0.3482350183461912,0.5393903236309616,0.3387699974380628,0.7586580906307251,7eaee4c5251cd1b169f9c3aa7906f18e55a20c0f768bad0f13052aab07aca72e,3,3,64,True
neso_2025,shape,STEP6_D17,C3,F0,0.3463566723537374,0.6978166725436682,50.36566393703312,45.692216811321146,54.312926688640985,7eaee4c5251cd1b169f9c3aa7906f18e55a20c0f768bad0f13052aab07aca72e,3,1,64,True
neso_2025,shape,STEP6_D17,C3,PERSISTENCE,0.3463566723537374,0.781183392871207,55.66256585656309,50.20546823252706,60.57627849725133,7eaee4c5251cd1b169f9c3aa7906f18e55a20c0f768bad0f13052aab07aca72e,3,1,64,True
neso_2025,shape,STEP6_D17,C3,SEASONAL,0.3463566723537374,1.7654927576173338,80.38186954552155,77.96363660410904,82.34371410779373,7eaee4c5251cd1b169f9c3aa7906f18e55a20c0f768bad0f13052aab07aca72e,3,1,64,True
neso_2025,shape,STEP6_D17,FIX_C3_GC3,FIX_C2_GC2,0.3454942913403269,0.3552474969802781,2.745467800014567,1.4357795044466768,4.052576568819272,7eaee4c5251cd1b169f9c3aa7906f18e55a20c0f768bad0f13052aab07aca72e,3,3,64,True
neso_2025,shape,STEP6_D17,FIX_C3_GC3,FIX_C3_GC2,0.3454942913403269,0.3468447851905672,0.3893654764041909,-0.875369715193271,1.78912471036097,7eaee4c5251cd1b169f9c3aa7906f18e55a20c0f768bad0f13052aab07aca72e,3,3,64,True
neso_2025,shape,STEP6_D17,FIX_C3_GC3,FIX_C2_GC3,0.3454942913403269,0.356054820793628,2.9659841228275585,2.250456191971324,3.7916106943031695,7eaee4c5251cd1b169f9c3aa7906f18e55a20c0f768bad0f13052aab07aca72e,3,3,64,True
neso_2025,shape,STEP6_D63,C0,F0,0.3128784470086467,0.4017886457345746,22.1285991204099,15.590219161387864,28.192081787188627,7eaee4c5251cd1b169f9c3aa7906f18e55a20c0f768bad0f13052aab07aca72e,3,1,64,True
neso_2025,shape,STEP6_D63,C0,PERSISTENCE,0.3128784470086467,0.781183392871207,59.948144076812106,55.5557510291236,63.84024549439775,7eaee4c5251cd1b169f9c3aa7906f18e55a20c0f768bad0f13052aab07aca72e,3,1,64,True
neso_2025,shape,STEP6_D63,C0,SEASONAL,0.3128784470086467,0.343933674749005,9.029423409330796,3.934930549398847,13.705036470362836,7eaee4c5251cd1b169f9c3aa7906f18e55a20c0f768bad0f13052aab07aca72e,3,1,64,True
neso_2025,shape,STEP6_D63,C3,C0,0.3116395469696454,0.3128784470086467,0.3959684825995846,-0.2068249451808385,0.9904994021584332,7eaee4c5251cd1b169f9c3aa7906f18e55a20c0f768bad0f13052aab07aca72e,3,3,64,True
neso_2025,shape,STEP6_D63,C3,C2,0.3116395469696454,0.3087025406839089,-0.9514033409733892,-1.5345274764342576,-0.4522697273829054,7eaee4c5251cd1b169f9c3aa7906f18e55a20c0f768bad0f13052aab07aca72e,3,3,64,True
neso_2025,shape,STEP6_D63,C3,M_RECENCY,0.3116395469696454,0.3110309688957831,-0.1956647841283576,-0.3268858696073984,-0.0825976863083678,7eaee4c5251cd1b169f9c3aa7906f18e55a20c0f768bad0f13052aab07aca72e,3,3,64,True
neso_2025,shape,STEP6_D63,C3,F0,0.3116395469696454,0.4017886457345746,22.436945324851852,15.815329011577075,28.547842561456065,7eaee4c5251cd1b169f9c3aa7906f18e55a20c0f768bad0f13052aab07aca72e,3,1,64,True
neso_2025,shape,STEP6_D63,C3,PERSISTENCE,0.3116395469696454,0.781183392871207,60.10673680296412,55.767358421536855,63.91832759582516,7eaee4c5251cd1b169f9c3aa7906f18e55a20c0f768bad0f13052aab07aca72e,3,1,64,True
neso_2025,shape,STEP6_D63,C3,SEASONAL,0.3116395469696454,0.343933674749005,9.389638221068964,4.11359458895795,14.260056946280676,7eaee4c5251cd1b169f9c3aa7906f18e55a20c0f768bad0f13052aab07aca72e,3,1,64,True
neso_2025,shape,STEP6_D63,FIX_C3_GC3,FIX_C2_GC2,0.308947167866097,0.3066797855258216,-0.7393321788026874,-1.3445709195667614,-0.2646786129847513,7eaee4c5251cd1b169f9c3aa7906f18e55a20c0f768bad0f13052aab07aca72e,3,3,64,True
neso_2025,shape,STEP6_D63,FIX_C3_GC3,FIX_C3_GC2,0.308947167866097,0.3142570511293568,1.6896624098576285,0.9698777891419522,2.465996823968649,7eaee4c5251cd1b169f9c3aa7906f18e55a20c0f768bad0f13052aab07aca72e,3,3,64,True
neso_2025,shape,STEP6_D63,FIX_C3_GC3,FIX_C2_GC3,0.308947167866097,0.3117982088177863,0.9143865715262822,0.027072841357762,1.8423497877865416,7eaee4c5251cd1b169f9c3aa7906f18e55a20c0f768bad0f13052aab07aca72e,3,3,64,True
neso_2025,shape,STEP8_D31,C0,F0,0.3289944834241829,0.5496543704650361,40.14520740627668,36.235012034953,44.036132323116895,7eaee4c5251cd1b169f9c3aa7906f18e55a20c0f768bad0f13052aab07aca72e,3,1,64,True
neso_2025,shape,STEP8_D31,C0,PERSISTENCE,0.3289944834241829,0.7811833872606558,57.885115225266816,53.325748619665,62.11962113104572,7eaee4c5251cd1b169f9c3aa7906f18e55a20c0f768bad0f13052aab07aca72e,3,1,64,True
neso_2025,shape,STEP8_D31,C0,SEASONAL,0.3289944834241829,0.3439336904679175,4.3436300245579424,-3.4971615240975624,11.396123955219904,7eaee4c5251cd1b169f9c3aa7906f18e55a20c0f768bad0f13052aab07aca72e,3,1,64,True
neso_2025,shape,STEP8_D31,C3,C0,0.3138059791290283,0.3289944834241829,4.616644065600195,3.176648485447388,6.293416253238514,7eaee4c5251cd1b169f9c3aa7906f18e55a20c0f768bad0f13052aab07aca72e,3,3,64,True
neso_2025,shape,STEP8_D31,C3,C2,0.3138059791290283,0.3177648068698349,1.2458358053565766,0.7210900265281137,1.857760255106729,7eaee4c5251cd1b169f9c3aa7906f18e55a20c0f768bad0f13052aab07aca72e,3,3,64,True
neso_2025,shape,STEP8_D31,C3,M_RECENCY,0.3138059791290283,0.3138480972137751,0.0134198948856689,-0.1108642903409651,0.1396505409674406,7eaee4c5251cd1b169f9c3aa7906f18e55a20c0f768bad0f13052aab07aca72e,3,3,64,True
neso_2025,shape,STEP8_D31,C3,F0,0.3138059791290283,0.5496543704650361,42.90849013653212,39.02276771517906,46.91161636660468,7eaee4c5251cd1b169f9c3aa7906f18e55a20c0f768bad0f13052aab07aca72e,3,1,64,True
neso_2025,shape,STEP8_D31,C3,PERSISTENCE,0.3138059791290283,0.7811833872606558,59.82940955395389,55.071203980782926,64.20100484138945,7eaee4c5251cd1b169f9c3aa7906f18e55a20c0f768bad0f13052aab07aca72e,3,1,64,True
neso_2025,shape,STEP8_D31,C3,SEASONAL,0.3138059791290283,0.3439336904679175,8.759744152397753,1.1794571454789362,15.536851532702787,7eaee4c5251cd1b169f9c3aa7906f18e55a20c0f768bad0f13052aab07aca72e,3,1,64,True
neso_2025,shape,STEP8_D31,FIX_C3_GC3,FIX_C2_GC2,0.3144918457991204,0.3191852675514202,1.4704380901739644,1.0080668433424549,1.9892238193925025,7eaee4c5251cd1b169f9c3aa7906f18e55a20c0f768bad0f13052aab07aca72e,3,3,64,True
neso_2025,shape,STEP8_D31,FIX_C3_GC3,FIX_C3_GC2,0.3144918457991204,0.3196933623453784,1.6270330131654689,0.4695935423150632,2.797502518885407,7eaee4c5251cd1b169f9c3aa7906f18e55a20c0f768bad0f13052aab07aca72e,3,3,64,True
neso_2025,shape,STEP8_D31,FIX_C3_GC3,FIX_C2_GC3,0.3144918457991204,0.3199874226485905,1.7174352679184324,0.4424754719708598,3.085483625550192,7eaee4c5251cd1b169f9c3aa7906f18e55a20c0f768bad0f13052aab07aca72e,3,3,64,True
neso_2025,shape,STEP8_D33,C0,F0,0.3440713785419402,0.5395186398911586,36.226229623622906,31.988123859962528,40.15723851436715,7eaee4c5251cd1b169f9c3aa7906f18e55a20c0f768bad0f13052aab07aca72e,3,1,64,True
neso_2025,shape,STEP8_D33,C0,PERSISTENCE,0.3440713785419402,0.7811833872606558,55.95510808947417,51.2548908598702,60.28315008773731,7eaee4c5251cd1b169f9c3aa7906f18e55a20c0f768bad0f13052aab07aca72e,3,1,64,True
neso_2025,shape,STEP8_D33,C0,SEASONAL,0.3440713785419402,0.3439336904679175,-0.0400333197470015,-8.237528161883976,7.450437191274018,7eaee4c5251cd1b169f9c3aa7906f18e55a20c0f768bad0f13052aab07aca72e,3,1,64,True
neso_2025,shape,STEP8_D33,C3,C0,0.3240389428615256,0.3440713785419402,5.8221743887287065,4.393078971592399,7.505841300450353,7eaee4c5251cd1b169f9c3aa7906f18e55a20c0f768bad0f13052aab07aca72e,3,3,64,True
neso_2025,shape,STEP8_D33,C3,C2,0.3240389428615256,0.3333485012137915,2.792740425820972,2.049211670719073,3.6372199045891223,7eaee4c5251cd1b169f9c3aa7906f18e55a20c0f768bad0f13052aab07aca72e,3,3,64,True
neso_2025,shape,STEP8_D33,C3,M_RECENCY,0.3240389428615256,0.3249829569434537,0.290481104242124,0.1483961519185664,0.4446127509980241,7eaee4c5251cd1b169f9c3aa7906f18e55a20c0f768bad0f13052aab07aca72e,3,3,64,True
neso_2025,shape,STEP8_D33,C3,F0,0.3240389428615256,0.5395186398911586,39.939249749202986,35.86071969488249,43.93875786287868,7eaee4c5251cd1b169f9c3aa7906f18e55a20c0f768bad0f13052aab07aca72e,3,1,64,True
neso_2025,shape,STEP8_D33,C3,PERSISTENCE,0.3240389428615256,0.7811833872606558,58.51947850583205,53.71886319448803,63.0117314704597,7eaee4c5251cd1b169f9c3aa7906f18e55a20c0f768bad0f13052aab07aca72e,3,1,64,True
neso_2025,shape,STEP8_D33,C3,SEASONAL,0.3240389428615256,0.3439336904679175,5.78447187867096,-1.6547486825141782,12.738062789173032,7eaee4c5251cd1b169f9c3aa7906f18e55a20c0f768bad0f13052aab07aca72e,3,1,64,True
neso_2025,shape,STEP8_D33,FIX_C3_GC3,FIX_C2_GC2,0.3265819940211826,0.3361896867154929,2.8578189855184237,2.1586101584870763,3.598312896025042,7eaee4c5251cd1b169f9c3aa7906f18e55a20c0f768bad0f13052aab07aca72e,3,3,64,True
neso_2025,shape,STEP8_D33,FIX_C3_GC3,FIX_C3_GC2,0.3265819940211826,0.3287795653698677,0.6684026564159562,-0.5810222768940076,1.8189206925956605,7eaee4c5251cd1b169f9c3aa7906f18e55a20c0f768bad0f13052aab07aca72e,3,3,64,True
neso_2025,shape,STEP8_D33,FIX_C3_GC3,FIX_C2_GC3,0.3265819940211826,0.3349862658674414,2.508840720528072,1.3824475620249397,3.78004603735892,7eaee4c5251cd1b169f9c3aa7906f18e55a20c0f768bad0f13052aab07aca72e,3,3,64,True
neso_2025,standard,FAULT,C0,F0,0.235061097136053,0.2250349733457695,-4.455362489313219,-9.54361158915538,0.4353585820675457,7eaee4c5251cd1b169f9c3aa7906f18e55a20c0f768bad0f13052aab07aca72e,3,1,128,True
neso_2025,standard,FAULT,C0,PERSISTENCE,0.235061097136053,0.7858144128189387,70.08694504688171,66.3880124399729,73.49750521150104,7eaee4c5251cd1b169f9c3aa7906f18e55a20c0f768bad0f13052aab07aca72e,3,1,128,True
neso_2025,standard,FAULT,C0,SEASONAL,0.235061097136053,0.415623568892415,43.44375181550423,39.434521253083005,47.401351620585686,7eaee4c5251cd1b169f9c3aa7906f18e55a20c0f768bad0f13052aab07aca72e,3,1,128,True
neso_2025,standard,FAULT,C3,C0,0.2359826066275573,0.235061097136053,-0.3920297755485302,-0.8328937147891119,0.0049439558156441,7eaee4c5251cd1b169f9c3aa7906f18e55a20c0f768bad0f13052aab07aca72e,3,3,128,True
neso_2025,standard,FAULT,C3,C2,0.2359826066275573,0.2357387759888309,-0.1034325548283865,-0.3317283422896949,0.1529355200105471,7eaee4c5251cd1b169f9c3aa7906f18e55a20c0f768bad0f13052aab07aca72e,3,3,128,True
neso_2025,standard,FAULT,C3,M_RECENCY,0.2359826066275573,0.2353912445413425,-0.2512251835734336,-0.3413781910557328,-0.1564911795112184,7eaee4c5251cd1b169f9c3aa7906f18e55a20c0f768bad0f13052aab07aca72e,3,3,128,True
neso_2025,standard,FAULT,C3,F0,0.2359826066275573,0.2250349733457695,-4.864858612428469,-10.112486405300327,0.1648975861666121,7eaee4c5251cd1b169f9c3aa7906f18e55a20c0f768bad0f13052aab07aca72e,3,1,128,True
neso_2025,standard,FAULT,C3,PERSISTENCE,0.2359826066275573,0.7858144128189387,69.96967696468928,66.2573238381994,73.38474085279027,7eaee4c5251cd1b169f9c3aa7906f18e55a20c0f768bad0f13052aab07aca72e,3,1,128,True
neso_2025,standard,FAULT,C3,SEASONAL,0.2359826066275573,0.415623568892415,43.22203448268789,39.15452549175413,47.26968720545638,7eaee4c5251cd1b169f9c3aa7906f18e55a20c0f768bad0f13052aab07aca72e,3,1,128,True
neso_2025,standard,FAULT,FIX_C3_GC3,FIX_C2_GC2,0.2362269078608316,0.2359715978648445,-0.1081952227714122,-0.3503755747342768,0.141377294890258,7eaee4c5251cd1b169f9c3aa7906f18e55a20c0f768bad0f13052aab07aca72e,3,3,128,True
neso_2025,standard,FAULT,FIX_C3_GC3,FIX_C3_GC2,0.2362269078608316,0.2360852559112773,-0.0600003371695079,-0.1638367480347424,0.0071354853994784,7eaee4c5251cd1b169f9c3aa7906f18e55a20c0f768bad0f13052aab07aca72e,3,3,128,True
neso_2025,standard,FAULT,FIX_C3_GC3,FIX_C2_GC3,0.2362269078608316,0.235981338412522,-0.1040630797170205,-0.3493141991404036,0.1681932293441871,7eaee4c5251cd1b169f9c3aa7906f18e55a20c0f768bad0f13052aab07aca72e,3,3,128,True
neso_2025,standard,REFERENCE,C0,F0,0.2253389842642617,0.212974936738908,-5.805400257266458,-9.628459377577222,-2.0320871104012688,7eaee4c5251cd1b169f9c3aa7906f18e55a20c0f768bad0f13052aab07aca72e,3,1,128,True
neso_2025,standard,REFERENCE,C0,PERSISTENCE,0.2253389842642617,0.7615393349559823,70.41006630638633,67.09713606536965,73.51863727070383,7eaee4c5251cd1b169f9c3aa7906f18e55a20c0f768bad0f13052aab07aca72e,3,1,128,True
neso_2025,standard,REFERENCE,C0,SEASONAL,0.2253389842642617,0.3518479878288102,35.95558534957456,32.122842697556,39.85492379739341,7eaee4c5251cd1b169f9c3aa7906f18e55a20c0f768bad0f13052aab07aca72e,3,1,128,True
neso_2025,standard,REFERENCE,C3,C0,0.2261918813511161,0.2253389842642617,-0.3784951324064645,-0.7126171571791057,-0.0345907605842943,7eaee4c5251cd1b169f9c3aa7906f18e55a20c0f768bad0f13052aab07aca72e,3,3,128,True
neso_2025,standard,REFERENCE,C3,C2,0.2261918813511161,0.2257712876812571,-0.1862919214301372,-0.3258806897369803,-0.0426615782759182,7eaee4c5251cd1b169f9c3aa7906f18e55a20c0f768bad0f13052aab07aca72e,3,3,128,True
neso_2025,standard,REFERENCE,C3,M_RECENCY,0.2261918813511161,0.2258138260313665,-0.1674190311522494,-0.2518619688887202,-0.0723665198292406,7eaee4c5251cd1b169f9c3aa7906f18e55a20c0f768bad0f13052aab07aca72e,3,3,128,True
neso_2025,standard,REFERENCE,C3,F0,0.2261918813511161,0.212974936738908,-6.205868547063398,-10.215770188492783,-2.2556585286949598,7eaee4c5251cd1b169f9c3aa7906f18e55a20c0f768bad0f13052aab07aca72e,3,1,128,True
neso_2025,standard,REFERENCE,C3,PERSISTENCE,0.2261918813511161,0.7615393349559823,70.2980698476737,66.93930316900794,73.39397474110696,7eaee4c5251cd1b169f9c3aa7906f18e55a20c0f768bad0f13052aab07aca72e,3,1,128,True
neso_2025,standard,REFERENCE,C3,SEASONAL,0.2261918813511161,0.3518479878288102,35.71318035754448,31.88776839229769,39.5764401079123,7eaee4c5251cd1b169f9c3aa7906f18e55a20c0f768bad0f13052aab07aca72e,3,1,128,True
neso_2025,standard,REFERENCE,FIX_C3_GC3,FIX_C2_GC2,0.2260649267965434,0.22577181686762,-0.1298257386550538,-0.2768305164832901,0.0157276900014207,7eaee4c5251cd1b169f9c3aa7906f18e55a20c0f768bad0f13052aab07aca72e,3,3,128,True
neso_2025,standard,REFERENCE,FIX_C3_GC3,FIX_C3_GC2,0.2260649267965434,0.2260649267965434,0.0,0.0,0.0,7eaee4c5251cd1b169f9c3aa7906f18e55a20c0f768bad0f13052aab07aca72e,3,3,128,True
neso_2025,standard,REFERENCE,FIX_C3_GC3,FIX_C2_GC3,0.2260649267965434,0.22577181686762,-0.1298257386550538,-0.2768305164832901,0.0157276900014207,7eaee4c5251cd1b169f9c3aa7906f18e55a20c0f768bad0f13052aab07aca72e,3,3,128,True
neso_2025,standard,SHIFT4,C0,F0,0.3004136994509709,0.5421180977889314,44.58519265890028,39.501028836359644,49.20928340010833,7eaee4c5251cd1b169f9c3aa7906f18e55a20c0f768bad0f13052aab07aca72e,3,1,128,True
neso_2025,standard,SHIFT4,C0,PERSISTENCE,0.3004136994509709,0.761539330520458,60.551781449599,56.03422453975335,64.5272763705324,7eaee4c5251cd1b169f9c3aa7906f18e55a20c0f768bad0f13052aab07aca72e,3,1,128,True
neso_2025,standard,SHIFT4,C0,SEASONAL,0.3004136994509709,0.3518479905450784,14.618327367573192,11.038402432940712,18.14620338995882,7eaee4c5251cd1b169f9c3aa7906f18e55a20c0f768bad0f13052aab07aca72e,3,1,128,True
neso_2025,standard,SHIFT4,C3,C0,0.2956445851737401,0.3004136994509709,1.5875155780001649,0.927791035936591,2.286963426436124,7eaee4c5251cd1b169f9c3aa7906f18e55a20c0f768bad0f13052aab07aca72e,3,3,128,True
neso_2025,standard,SHIFT4,C3,C2,0.2956445851737401,0.2975938019981369,0.6549924129162332,-0.0167072512039151,1.357424772324516,7eaee4c5251cd1b169f9c3aa7906f18e55a20c0f768bad0f13052aab07aca72e,3,3,128,True
neso_2025,standard,SHIFT4,C3,M_RECENCY,0.2956445851737401,0.2954806259993928,-0.0554889762375276,-0.3332416561216733,0.1939185752011584,7eaee4c5251cd1b169f9c3aa7906f18e55a20c0f768bad0f13052aab07aca72e,3,3,128,True
neso_2025,standard,SHIFT4,C3,F0,0.2956445851737401,0.5421180977889314,45.46491135795902,40.29247719162641,49.98188845526216,7eaee4c5251cd1b169f9c3aa7906f18e55a20c0f768bad0f13052aab07aca72e,3,1,128,True
neso_2025,standard,SHIFT4,C3,PERSISTENCE,0.2956445851737401,0.761539330520458,61.17802806433017,56.58375859332461,65.24280791866536,7eaee4c5251cd1b169f9c3aa7906f18e55a20c0f768bad0f13052aab07aca72e,3,1,128,True
neso_2025,standard,SHIFT4,C3,SEASONAL,0.2956445851737401,0.3518479905450784,15.97377472137007,12.383184046991945,19.4657001136366,7eaee4c5251cd1b169f9c3aa7906f18e55a20c0f768bad0f13052aab07aca72e,3,1,128,True
neso_2025,standard,SHIFT4,FIX_C3_GC3,FIX_C2_GC2,0.2951791010767027,0.2986430991695575,1.159912317574796,0.384940603469954,1.906537022248706,7eaee4c5251cd1b169f9c3aa7906f18e55a20c0f768bad0f13052aab07aca72e,3,3,128,True
neso_2025,standard,SHIFT4,FIX_C3_GC3,FIX_C3_GC2,0.2951791010767027,0.2961604221342034,0.3313478048245,-0.0729661863457209,0.7609647968416221,7eaee4c5251cd1b169f9c3aa7906f18e55a20c0f768bad0f13052aab07aca72e,3,3,128,True
neso_2025,standard,SHIFT4,FIX_C3_GC3,FIX_C2_GC3,0.2951791010767027,0.2993863661552931,1.4052961504626538,0.8022954739628577,2.064337797290898,7eaee4c5251cd1b169f9c3aa7906f18e55a20c0f768bad0f13052aab07aca72e,3,3,128,True
neso_2025,standard,SHIFT8,C0,F0,0.3286683313150148,0.5425440819385309,39.42089827232652,34.042486897072166,44.572700965856136,7eaee4c5251cd1b169f9c3aa7906f18e55a20c0f768bad0f13052aab07aca72e,3,1,128,True
neso_2025,standard,SHIFT8,C0,PERSISTENCE,0.3286683313150148,0.7615393566599431,56.84158298048698,52.116972206214086,61.03794234400454,7eaee4c5251cd1b169f9c3aa7906f18e55a20c0f768bad0f13052aab07aca72e,3,1,128,True
neso_2025,standard,SHIFT8,C0,SEASONAL,0.3286683313150148,0.3518480126075939,6.587981304993418,1.3908842562869883,11.57750256109848,7eaee4c5251cd1b169f9c3aa7906f18e55a20c0f768bad0f13052aab07aca72e,3,1,128,True
neso_2025,standard,SHIFT8,C3,C0,0.3107266424424096,0.3286683313150148,5.458904057114289,4.1757954832746895,7.001664142185324,7eaee4c5251cd1b169f9c3aa7906f18e55a20c0f768bad0f13052aab07aca72e,3,3,128,True
neso_2025,standard,SHIFT8,C3,C2,0.3107266424424096,0.3148577310222543,1.3120492758530222,0.602121336919445,2.022709673546304,7eaee4c5251cd1b169f9c3aa7906f18e55a20c0f768bad0f13052aab07aca72e,3,3,128,True
neso_2025,standard,SHIFT8,C3,M_RECENCY,0.3107266424424096,0.3103896678001209,-0.1085650320376219,-0.2879174547338808,0.060208851707185,7eaee4c5251cd1b169f9c3aa7906f18e55a20c0f768bad0f13052aab07aca72e,3,3,128,True
neso_2025,standard,SHIFT8,C3,F0,0.3107266424424096,0.5425440819385309,42.72785331430188,37.549220531875946,47.80922044505934,7eaee4c5251cd1b169f9c3aa7906f18e55a20c0f768bad0f13052aab07aca72e,3,1,128,True
neso_2025,standard,SHIFT8,C3,PERSISTENCE,0.3107266424424096,0.7615393566599431,59.19755955815149,54.302734466325525,63.57980198353542,7eaee4c5251cd1b169f9c3aa7906f18e55a20c0f768bad0f13052aab07aca72e,3,1,128,True
neso_2025,standard,SHIFT8,C3,SEASONAL,0.3107266424424096,0.3518480126075939,11.68725378336749,6.468286032592478,16.610897473335402,7eaee4c5251cd1b169f9c3aa7906f18e55a20c0f768bad0f13052aab07aca72e,3,1,128,True
neso_2025,standard,SHIFT8,FIX_C3_GC3,FIX_C2_GC2,0.310783519370598,0.3159138945461646,1.6239789588668896,0.8819661484097568,2.405357582883821,7eaee4c5251cd1b169f9c3aa7906f18e55a20c0f768bad0f13052aab07aca72e,3,3,128,True
neso_2025,standard,SHIFT8,FIX_C3_GC3,FIX_C3_GC2,0.310783519370598,0.3144562536811107,1.1679635140082745,0.0486993916278871,2.3950621565063246,7eaee4c5251cd1b169f9c3aa7906f18e55a20c0f768bad0f13052aab07aca72e,3,3,128,True
neso_2025,standard,SHIFT8,FIX_C3_GC3,FIX_C2_GC3,0.310783519370598,0.3196756312906941,2.781604554652506,1.5019882849427326,4.04081157688664,7eaee4c5251cd1b169f9c3aa7906f18e55a20c0f768bad0f13052aab07aca72e,3,3,128,True
neso_2025,standard,SHIFT_POINT,C0,F0,0.3344852479771203,0.6556668046464883,48.98548384534084,44.761906959596594,53.18796283731943,7eaee4c5251cd1b169f9c3aa7906f18e55a20c0f768bad0f13052aab07aca72e,3,1,128,True
neso_2025,standard,SHIFT_POINT,C0,PERSISTENCE,0.3344852479771203,0.8421652714245688,60.28270704973144,55.39389247046327,63.96576334865408,7eaee4c5251cd1b169f9c3aa7906f18e55a20c0f768bad0f13052aab07aca72e,3,1,128,True
neso_2025,standard,SHIFT_POINT,C0,SEASONAL,0.3344852479771203,0.3852372725020089,13.174224860244776,5.208104405564507,19.99557043476701,7eaee4c5251cd1b169f9c3aa7906f18e55a20c0f768bad0f13052aab07aca72e,3,1,128,True
neso_2025,standard,SHIFT_POINT,C3,C0,0.3274549816466466,0.3344852479771203,2.101816559322389,1.507393886852013,2.762911715446064,7eaee4c5251cd1b169f9c3aa7906f18e55a20c0f768bad0f13052aab07aca72e,3,3,128,True
neso_2025,standard,SHIFT_POINT,C3,C2,0.3274549816466466,0.3286467594364949,0.3626318396967476,-0.3431975322511271,1.061961302652943,7eaee4c5251cd1b169f9c3aa7906f18e55a20c0f768bad0f13052aab07aca72e,3,3,128,True
neso_2025,standard,SHIFT_POINT,C3,M_RECENCY,0.3274549816466466,0.3271272432481046,-0.1001868249455029,-0.3235588895743702,0.1230820955488478,7eaee4c5251cd1b169f9c3aa7906f18e55a20c0f768bad0f13052aab07aca72e,3,3,128,True
neso_2025,standard,SHIFT_POINT,C3,F0,0.3274549816466466,0.6556668046464883,50.05771539353765,45.681157874172605,54.265658870134615,7eaee4c5251cd1b169f9c3aa7906f18e55a20c0f768bad0f13052aab07aca72e,3,1,128,True
neso_2025,standard,SHIFT_POINT,C3,PERSISTENCE,0.3274549816466466,0.8421652714245688,61.11749168987477,56.11084254500781,64.88332156317792,7eaee4c5251cd1b169f9c3aa7906f18e55a20c0f768bad0f13052aab07aca72e,3,1,128,True
neso_2025,standard,SHIFT_POINT,C3,SEASONAL,0.3274549816466466,0.3852372725020089,14.999143379892176,7.349370938182855,21.720067937361357,7eaee4c5251cd1b169f9c3aa7906f18e55a20c0f768bad0f13052aab07aca72e,3,1,128,True
neso_2025,standard,SHIFT_POINT,FIX_C3_GC3,FIX_C2_GC2,0.327691183750786,0.3302309128225101,0.7690767196858905,-0.0331402343518244,1.5687203078439484,7eaee4c5251cd1b169f9c3aa7906f18e55a20c0f768bad0f13052aab07aca72e,3,3,128,True
neso_2025,standard,SHIFT_POINT,FIX_C3_GC3,FIX_C3_GC2,0.327691183750786,0.3276676672248457,-0.0071769442921976,-0.7984220233960554,0.5585428422557301,7eaee4c5251cd1b169f9c3aa7906f18e55a20c0f768bad0f13052aab07aca72e,3,3,128,True
neso_2025,standard,SHIFT_POINT,FIX_C3_GC3,FIX_C2_GC3,0.327691183750786,0.332348311190976,1.401279104894837,0.9111527942241988,1.8940258879458256,7eaee4c5251cd1b169f9c3aa7906f18e55a20c0f768bad0f13052aab07aca72e,3,3,128,True
