split,origin_utc,index,eligible,reason
TRAIN,2026-01-01T00:00:00+00:00,0,False,INSUFFICIENT_PAST
TRAIN,2026-01-01T01:00:00+00:00,1,False,INSUFFICIENT_PAST
TRAIN,2026-01-01T02:00:00+00:00,2,False,INSUFFICIENT_PAST
TRAIN,2026-01-01T03:00:00+00:00,3,False,INSUFFICIENT_PAST
TRAIN,2026-01-01T04:00:00+00:00,4,False,INSUFFICIENT_PAST
TRAIN,2026-01-01T05:00:00+00:00,5,False,INSUFFICIENT_PAST
TRAIN,2026-01-01T06:00:00+00:00,6,False,INSUFFICIENT_PAST
TRAIN,2026-01-01T07:00:00+00:00,7,False,INSUFFICIENT_PAST
TRAIN,2026-01-01T08:00:00+00:00,8,False,INSUFFICIENT_PAST
TRAIN,2026-01-01T09:00:00+00:00,9,False,INSUFFICIENT_PAST
TRAIN,2026-01-01T10:00:00+00:00,10,False,INSUFFICIENT_PAST
TRAIN,2026-01-01T11:00:00+00:00,11,False,INSUFFICIENT_PAST
TRAIN,2026-01-01T12:00:00+00:00,12,False,INSUFFICIENT_PAST
TRAIN,2026-01-01T13:00:00+00:00,13,False,INSUFFICIENT_PAST
TRAIN,2026-01-01T14:00:00+00:00,14,False,INSUFFICIENT_PAST
TRAIN,2026-01-01T15:00:00+00:00,15,False,INSUFFICIENT_PAST
TRAIN,2026-01-01T16:00:00+00:00,16,False,INSUFFICIENT_PAST
TRAIN,2026-01-01T17:00:00+00:00,17,False,INSUFFICIENT_PAST
TRAIN,2026-01-01T18:00:00+00:00,18,False,INSUFFICIENT_PAST
TRAIN,2026-01-01T19:00:00+00:00,19,False,INSUFFICIENT_PAST
TRAIN,2026-01-01T20:00:00+00:00,20,False,INSUFFICIENT_PAST
TRAIN,2026-01-01T21:00:00+00:00,21,False,INSUFFICIENT_PAST
TRAIN,2026-01-01T22:00:00+00:00,22,False,INSUFFICIENT_PAST
TRAIN,2026-01-01T23:00:00+00:00,23,False,INSUFFICIENT_PAST
TRAIN,2026-01-02T00:00:00+00:00,24,False,INSUFFICIENT_PAST
TRAIN,2026-01-02T01:00:00+00:00,25,False,INSUFFICIENT_PAST
TRAIN,2026-01-02T02:00:00+00:00,26,False,INSUFFICIENT_PAST
TRAIN,2026-01-02T03:00:00+00:00,27,False,INSUFFICIENT_PAST
TRAIN,2026-01-02T04:00:00+00:00,28,False,INSUFFICIENT_PAST
TRAIN,2026-01-02T05:00:00+00:00,29,False,INSUFFICIENT_PAST
TRAIN,2026-01-02T06:00:00+00:00,30,False,INSUFFICIENT_PAST
TRAIN,2026-01-02T07:00:00+00:00,31,False,INSUFFICIENT_PAST
TRAIN,2026-01-02T08:00:00+00:00,32,False,INSUFFICIENT_PAST
TRAIN,2026-01-02T09:00:00+00:00,33,False,INSUFFICIENT_PAST
TRAIN,2026-01-02T10:00:00+00:00,34,False,INSUFFICIENT_PAST
TRAIN,2026-01-02T11:00:00+00:00,35,False,INSUFFICIENT_PAST
TRAIN,2026-01-02T12:00:00+00:00,36,False,INSUFFICIENT_PAST
TRAIN,2026-01-02T13:00:00+00:00,37,False,INSUFFICIENT_PAST
TRAIN,2026-01-02T14:00:00+00:00,38,False,INSUFFICIENT_PAST
TRAIN,2026-01-02T15:00:00+00:00,39,False,INSUFFICIENT_PAST
TRAIN,2026-01-02T16:00:00+00:00,40,False,INSUFFICIENT_PAST
TRAIN,2026-01-02T17:00:00+00:00,41,False,INSUFFICIENT_PAST
TRAIN,2026-01-02T18:00:00+00:00,42,False,INSUFFICIENT_PAST
TRAIN,2026-01-02T19:00:00+00:00,43,False,INSUFFICIENT_PAST
TRAIN,2026-01-02T20:00:00+00:00,44,False,INSUFFICIENT_PAST
TRAIN,2026-01-02T21:00:00+00:00,45,False,INSUFFICIENT_PAST
TRAIN,2026-01-02T22:00:00+00:00,46,False,INSUFFICIENT_PAST
TRAIN,2026-01-02T23:00:00+00:00,47,False,INSUFFICIENT_PAST
TRAIN,2026-01-03T00:00:00+00:00,48,False,INSUFFICIENT_PAST
TRAIN,2026-01-03T01:00:00+00:00,49,False,INSUFFICIENT_PAST
TRAIN,2026-01-03T02:00:00+00:00,50,False,INSUFFICIENT_PAST
TRAIN,2026-01-03T03:00:00+00:00,51,False,INSUFFICIENT_PAST
TRAIN,2026-01-03T04:00:00+00:00,52,False,INSUFFICIENT_PAST
TRAIN,2026-01-03T05:00:00+00:00,53,False,INSUFFICIENT_PAST
TRAIN,2026-01-03T06:00:00+00:00,54,False,INSUFFICIENT_PAST
TRAIN,2026-01-03T07:00:00+00:00,55,False,INSUFFICIENT_PAST
TRAIN,2026-01-03T08:00:00+00:00,56,False,INSUFFICIENT_PAST
TRAIN,2026-01-03T09:00:00+00:00,57,False,INSUFFICIENT_PAST
TRAIN,2026-01-03T10:00:00+00:00,58,False,INSUFFICIENT_PAST
TRAIN,2026-01-03T11:00:00+00:00,59,False,INSUFFICIENT_PAST
TRAIN,2026-01-03T12:00:00+00:00,60,False,INSUFFICIENT_PAST
TRAIN,2026-01-03T13:00:00+00:00,61,False,INSUFFICIENT_PAST
TRAIN,2026-01-03T14:00:00+00:00,62,False,INSUFFICIENT_PAST
TRAIN,2026-01-03T15:00:00+00:00,63,False,INSUFFICIENT_PAST
TRAIN,2026-01-03T16:00:00+00:00,64,False,INSUFFICIENT_PAST
TRAIN,2026-01-03T17:00:00+00:00,65,False,INSUFFICIENT_PAST
TRAIN,2026-01-03T18:00:00+00:00,66,False,INSUFFICIENT_PAST
TRAIN,2026-01-03T19:00:00+00:00,67,False,INSUFFICIENT_PAST
TRAIN,2026-01-03T20:00:00+00:00,68,False,INSUFFICIENT_PAST
TRAIN,2026-01-03T21:00:00+00:00,69,False,INSUFFICIENT_PAST
TRAIN,2026-01-03T22:00:00+00:00,70,False,INSUFFICIENT_PAST
TRAIN,2026-01-03T23:00:00+00:00,71,False,INSUFFICIENT_PAST
TRAIN,2026-01-04T00:00:00+00:00,72,False,INSUFFICIENT_PAST
TRAIN,2026-01-04T01:00:00+00:00,73,False,INSUFFICIENT_PAST
TRAIN,2026-01-04T02:00:00+00:00,74,False,INSUFFICIENT_PAST
TRAIN,2026-01-04T03:00:00+00:00,75,False,INSUFFICIENT_PAST
TRAIN,2026-01-04T04:00:00+00:00,76,False,INSUFFICIENT_PAST
TRAIN,2026-01-04T05:00:00+00:00,77,False,INSUFFICIENT_PAST
TRAIN,2026-01-04T06:00:00+00:00,78,False,INSUFFICIENT_PAST
TRAIN,2026-01-04T07:00:00+00:00,79,False,INSUFFICIENT_PAST
TRAIN,2026-01-04T08:00:00+00:00,80,False,INSUFFICIENT_PAST
TRAIN,2026-01-04T09:00:00+00:00,81,False,INSUFFICIENT_PAST
TRAIN,2026-01-04T10:00:00+00:00,82,False,INSUFFICIENT_PAST
TRAIN,2026-01-04T11:00:00+00:00,83,False,INSUFFICIENT_PAST
TRAIN,2026-01-04T12:00:00+00:00,84,False,INSUFFICIENT_PAST
TRAIN,2026-01-04T13:00:00+00:00,85,False,INSUFFICIENT_PAST
TRAIN,2026-01-04T14:00:00+00:00,86,False,INSUFFICIENT_PAST
TRAIN,2026-01-04T15:00:00+00:00,87,False,INSUFFICIENT_PAST
TRAIN,2026-01-04T16:00:00+00:00,88,False,INSUFFICIENT_PAST
TRAIN,2026-01-04T17:00:00+00:00,89,False,INSUFFICIENT_PAST
TRAIN,2026-01-04T18:00:00+00:00,90,False,INSUFFICIENT_PAST
TRAIN,2026-01-04T19:00:00+00:00,91,False,INSUFFICIENT_PAST
TRAIN,2026-01-04T20:00:00+00:00,92,False,INSUFFICIENT_PAST
TRAIN,2026-01-04T21:00:00+00:00,93,False,INSUFFICIENT_PAST
TRAIN,2026-01-04T22:00:00+00:00,94,False,INSUFFICIENT_PAST
TRAIN,2026-01-04T23:00:00+00:00,95,False,INSUFFICIENT_PAST
TRAIN,2026-01-05T00:00:00+00:00,96,False,INSUFFICIENT_PAST
TRAIN,2026-01-05T01:00:00+00:00,97,False,INSUFFICIENT_PAST
TRAIN,2026-01-05T02:00:00+00:00,98,False,INSUFFICIENT_PAST
TRAIN,2026-01-05T03:00:00+00:00,99,False,INSUFFICIENT_PAST
TRAIN,2026-01-05T04:00:00+00:00,100,False,INSUFFICIENT_PAST
TRAIN,2026-01-05T05:00:00+00:00,101,False,INSUFFICIENT_PAST
TRAIN,2026-01-05T06:00:00+00:00,102,False,INSUFFICIENT_PAST
TRAIN,2026-01-05T07:00:00+00:00,103,False,INSUFFICIENT_PAST
TRAIN,2026-01-05T08:00:00+00:00,104,False,INSUFFICIENT_PAST
TRAIN,2026-01-05T09:00:00+00:00,105,False,INSUFFICIENT_PAST
TRAIN,2026-01-05T10:00:00+00:00,106,False,INSUFFICIENT_PAST
TRAIN,2026-01-05T11:00:00+00:00,107,False,INSUFFICIENT_PAST
TRAIN,2026-01-05T12:00:00+00:00,108,False,INSUFFICIENT_PAST
TRAIN,2026-01-05T13:00:00+00:00,109,False,INSUFFICIENT_PAST
TRAIN,2026-01-05T14:00:00+00:00,110,False,INSUFFICIENT_PAST
TRAIN,2026-01-05T15:00:00+00:00,111,False,INSUFFICIENT_PAST
TRAIN,2026-01-05T16:00:00+00:00,112,False,INSUFFICIENT_PAST
TRAIN,2026-01-05T17:00:00+00:00,113,False,INSUFFICIENT_PAST
TRAIN,2026-01-05T18:00:00+00:00,114,False,INSUFFICIENT_PAST
TRAIN,2026-01-05T19:00:00+00:00,115,False,INSUFFICIENT_PAST
TRAIN,2026-01-05T20:00:00+00:00,116,False,INSUFFICIENT_PAST
TRAIN,2026-01-05T21:00:00+00:00,117,False,INSUFFICIENT_PAST
TRAIN,2026-01-05T22:00:00+00:00,118,False,INSUFFICIENT_PAST
TRAIN,2026-01-05T23:00:00+00:00,119,False,INSUFFICIENT_PAST
TRAIN,2026-01-06T00:00:00+00:00,120,False,INSUFFICIENT_PAST
TRAIN,2026-01-06T01:00:00+00:00,121,False,INSUFFICIENT_PAST
TRAIN,2026-01-06T02:00:00+00:00,122,False,INSUFFICIENT_PAST
TRAIN,2026-01-06T03:00:00+00:00,123,False,INSUFFICIENT_PAST
TRAIN,2026-01-06T04:00:00+00:00,124,False,INSUFFICIENT_PAST
TRAIN,2026-01-06T05:00:00+00:00,125,False,INSUFFICIENT_PAST
TRAIN,2026-01-06T06:00:00+00:00,126,False,INSUFFICIENT_PAST
TRAIN,2026-01-06T07:00:00+00:00,127,False,INSUFFICIENT_PAST
TRAIN,2026-01-06T08:00:00+00:00,128,False,INSUFFICIENT_PAST
TRAIN,2026-01-06T09:00:00+00:00,129,False,INSUFFICIENT_PAST
TRAIN,2026-01-06T10:00:00+00:00,130,False,INSUFFICIENT_PAST
TRAIN,2026-01-06T11:00:00+00:00,131,False,INSUFFICIENT_PAST
TRAIN,2026-01-06T12:00:00+00:00,132,False,INSUFFICIENT_PAST
TRAIN,2026-01-06T13:00:00+00:00,133,False,INSUFFICIENT_PAST
TRAIN,2026-01-06T14:00:00+00:00,134,False,INSUFFICIENT_PAST
TRAIN,2026-01-06T15:00:00+00:00,135,False,INSUFFICIENT_PAST
TRAIN,2026-01-06T16:00:00+00:00,136,False,INSUFFICIENT_PAST
TRAIN,2026-01-06T17:00:00+00:00,137,False,INSUFFICIENT_PAST
TRAIN,2026-01-06T18:00:00+00:00,138,False,INSUFFICIENT_PAST
TRAIN,2026-01-06T19:00:00+00:00,139,False,INSUFFICIENT_PAST
TRAIN,2026-01-06T20:00:00+00:00,140,False,INSUFFICIENT_PAST
TRAIN,2026-01-06T21:00:00+00:00,141,False,INSUFFICIENT_PAST
TRAIN,2026-01-06T22:00:00+00:00,142,False,INSUFFICIENT_PAST
TRAIN,2026-01-06T23:00:00+00:00,143,False,INSUFFICIENT_PAST
TRAIN,2026-01-07T00:00:00+00:00,144,False,INSUFFICIENT_PAST
TRAIN,2026-01-07T01:00:00+00:00,145,False,INSUFFICIENT_PAST
TRAIN,2026-01-07T02:00:00+00:00,146,False,INSUFFICIENT_PAST
TRAIN,2026-01-07T03:00:00+00:00,147,False,INSUFFICIENT_PAST
TRAIN,2026-01-07T04:00:00+00:00,148,False,INSUFFICIENT_PAST
TRAIN,2026-01-07T05:00:00+00:00,149,False,INSUFFICIENT_PAST
TRAIN,2026-01-07T06:00:00+00:00,150,False,INSUFFICIENT_PAST
TRAIN,2026-01-07T07:00:00+00:00,151,False,INSUFFICIENT_PAST
TRAIN,2026-01-07T08:00:00+00:00,152,False,INSUFFICIENT_PAST
TRAIN,2026-01-07T09:00:00+00:00,153,False,INSUFFICIENT_PAST
TRAIN,2026-01-07T10:00:00+00:00,154,False,INSUFFICIENT_PAST
TRAIN,2026-01-07T11:00:00+00:00,155,False,INSUFFICIENT_PAST
TRAIN,2026-01-07T12:00:00+00:00,156,False,INSUFFICIENT_PAST
TRAIN,2026-01-07T13:00:00+00:00,157,False,INSUFFICIENT_PAST
TRAIN,2026-01-07T14:00:00+00:00,158,False,INSUFFICIENT_PAST
TRAIN,2026-01-07T15:00:00+00:00,159,False,INSUFFICIENT_PAST
TRAIN,2026-01-07T16:00:00+00:00,160,False,INSUFFICIENT_PAST
TRAIN,2026-01-07T17:00:00+00:00,161,False,INSUFFICIENT_PAST
TRAIN,2026-01-07T18:00:00+00:00,162,False,INSUFFICIENT_PAST
TRAIN,2026-01-07T19:00:00+00:00,163,False,INSUFFICIENT_PAST
TRAIN,2026-01-07T20:00:00+00:00,164,False,INSUFFICIENT_PAST
TRAIN,2026-01-07T21:00:00+00:00,165,False,INSUFFICIENT_PAST
TRAIN,2026-01-07T22:00:00+00:00,166,False,INSUFFICIENT_PAST
TRAIN,2026-01-07T23:00:00+00:00,167,False,INSUFFICIENT_PAST
TRAIN,2026-01-08T00:00:00+00:00,168,False,INSUFFICIENT_PAST
TRAIN,2026-01-08T01:00:00+00:00,169,False,INSUFFICIENT_PAST
TRAIN,2026-01-08T02:00:00+00:00,170,False,INSUFFICIENT_PAST
TRAIN,2026-01-08T03:00:00+00:00,171,False,INSUFFICIENT_PAST
TRAIN,2026-01-08T04:00:00+00:00,172,False,INSUFFICIENT_PAST
TRAIN,2026-01-08T05:00:00+00:00,173,False,INSUFFICIENT_PAST
TRAIN,2026-01-08T06:00:00+00:00,174,False,INSUFFICIENT_PAST
TRAIN,2026-01-08T07:00:00+00:00,175,False,INSUFFICIENT_PAST
TRAIN,2026-01-08T08:00:00+00:00,176,False,INSUFFICIENT_PAST
TRAIN,2026-01-08T09:00:00+00:00,177,False,INSUFFICIENT_PAST
TRAIN,2026-01-08T10:00:00+00:00,178,False,INSUFFICIENT_PAST
TRAIN,2026-01-08T11:00:00+00:00,179,False,INSUFFICIENT_PAST
TRAIN,2026-01-08T12:00:00+00:00,180,False,INSUFFICIENT_PAST
TRAIN,2026-01-08T13:00:00+00:00,181,False,INSUFFICIENT_PAST
TRAIN,2026-01-08T14:00:00+00:00,182,False,INSUFFICIENT_PAST
TRAIN,2026-01-08T15:00:00+00:00,183,False,INSUFFICIENT_PAST
TRAIN,2026-01-08T16:00:00+00:00,184,False,INSUFFICIENT_PAST
TRAIN,2026-01-08T17:00:00+00:00,185,False,INSUFFICIENT_PAST
TRAIN,2026-01-08T18:00:00+00:00,186,False,INSUFFICIENT_PAST
TRAIN,2026-01-08T19:00:00+00:00,187,False,INSUFFICIENT_PAST
TRAIN,2026-01-08T20:00:00+00:00,188,False,INSUFFICIENT_PAST
TRAIN,2026-01-08T21:00:00+00:00,189,False,INSUFFICIENT_PAST
TRAIN,2026-01-08T22:00:00+00:00,190,False,INSUFFICIENT_PAST
TRAIN,2026-01-08T23:00:00+00:00,191,False,INSUFFICIENT_PAST
TRAIN,2026-01-09T00:00:00+00:00,192,False,INSUFFICIENT_PAST
TRAIN,2026-01-09T01:00:00+00:00,193,False,INSUFFICIENT_PAST
TRAIN,2026-01-09T02:00:00+00:00,194,False,INSUFFICIENT_PAST
TRAIN,2026-01-09T03:00:00+00:00,195,False,INSUFFICIENT_PAST
TRAIN,2026-01-09T04:00:00+00:00,196,False,INSUFFICIENT_PAST
TRAIN,2026-01-09T05:00:00+00:00,197,False,INSUFFICIENT_PAST
TRAIN,2026-01-09T06:00:00+00:00,198,False,INSUFFICIENT_PAST
TRAIN,2026-01-09T07:00:00+00:00,199,False,INSUFFICIENT_PAST
TRAIN,2026-01-09T08:00:00+00:00,200,False,INSUFFICIENT_PAST
TRAIN,2026-01-09T09:00:00+00:00,201,False,INSUFFICIENT_PAST
TRAIN,2026-01-09T10:00:00+00:00,202,False,INSUFFICIENT_PAST
TRAIN,2026-01-09T11:00:00+00:00,203,False,INSUFFICIENT_PAST
TRAIN,2026-01-09T12:00:00+00:00,204,False,INSUFFICIENT_PAST
TRAIN,2026-01-09T13:00:00+00:00,205,False,INSUFFICIENT_PAST
TRAIN,2026-01-09T14:00:00+00:00,206,False,INSUFFICIENT_PAST
TRAIN,2026-01-09T15:00:00+00:00,207,False,INSUFFICIENT_PAST
TRAIN,2026-01-09T16:00:00+00:00,208,False,INSUFFICIENT_PAST
TRAIN,2026-01-09T17:00:00+00:00,209,False,INSUFFICIENT_PAST
TRAIN,2026-01-09T18:00:00+00:00,210,False,INSUFFICIENT_PAST
TRAIN,2026-01-09T19:00:00+00:00,211,False,INSUFFICIENT_PAST
TRAIN,2026-01-09T20:00:00+00:00,212,False,INSUFFICIENT_PAST
TRAIN,2026-01-09T21:00:00+00:00,213,False,INSUFFICIENT_PAST
TRAIN,2026-01-09T22:00:00+00:00,214,False,INSUFFICIENT_PAST
TRAIN,2026-01-09T23:00:00+00:00,215,False,INSUFFICIENT_PAST
TRAIN,2026-01-10T00:00:00+00:00,216,False,INSUFFICIENT_PAST
TRAIN,2026-01-10T01:00:00+00:00,217,False,INSUFFICIENT_PAST
TRAIN,2026-01-10T02:00:00+00:00,218,False,INSUFFICIENT_PAST
TRAIN,2026-01-10T03:00:00+00:00,219,False,INSUFFICIENT_PAST
TRAIN,2026-01-10T04:00:00+00:00,220,False,INSUFFICIENT_PAST
TRAIN,2026-01-10T05:00:00+00:00,221,False,INSUFFICIENT_PAST
TRAIN,2026-01-10T06:00:00+00:00,222,False,INSUFFICIENT_PAST
TRAIN,2026-01-10T07:00:00+00:00,223,False,INSUFFICIENT_PAST
TRAIN,2026-01-10T08:00:00+00:00,224,False,INSUFFICIENT_PAST
TRAIN,2026-01-10T09:00:00+00:00,225,False,INSUFFICIENT_PAST
TRAIN,2026-01-10T10:00:00+00:00,226,False,INSUFFICIENT_PAST
TRAIN,2026-01-10T11:00:00+00:00,227,False,INSUFFICIENT_PAST
TRAIN,2026-01-10T12:00:00+00:00,228,False,INSUFFICIENT_PAST
TRAIN,2026-01-10T13:00:00+00:00,229,False,INSUFFICIENT_PAST
TRAIN,2026-01-10T14:00:00+00:00,230,False,INSUFFICIENT_PAST
TRAIN,2026-01-10T15:00:00+00:00,231,False,INSUFFICIENT_PAST
TRAIN,2026-01-10T16:00:00+00:00,232,False,INSUFFICIENT_PAST
TRAIN,2026-01-10T17:00:00+00:00,233,False,INSUFFICIENT_PAST
TRAIN,2026-01-10T18:00:00+00:00,234,False,INSUFFICIENT_PAST
TRAIN,2026-01-10T19:00:00+00:00,235,False,INSUFFICIENT_PAST
TRAIN,2026-01-10T20:00:00+00:00,236,False,INSUFFICIENT_PAST
TRAIN,2026-01-10T21:00:00+00:00,237,False,INSUFFICIENT_PAST
TRAIN,2026-01-10T22:00:00+00:00,238,False,INSUFFICIENT_PAST
TRAIN,2026-01-10T23:00:00+00:00,239,False,INSUFFICIENT_PAST
TRAIN,2026-01-11T00:00:00+00:00,240,False,INSUFFICIENT_PAST
TRAIN,2026-01-11T01:00:00+00:00,241,False,INSUFFICIENT_PAST
TRAIN,2026-01-11T02:00:00+00:00,242,False,INSUFFICIENT_PAST
TRAIN,2026-01-11T03:00:00+00:00,243,False,INSUFFICIENT_PAST
TRAIN,2026-01-11T04:00:00+00:00,244,False,INSUFFICIENT_PAST
TRAIN,2026-01-11T05:00:00+00:00,245,False,INSUFFICIENT_PAST
TRAIN,2026-01-11T06:00:00+00:00,246,False,INSUFFICIENT_PAST
TRAIN,2026-01-11T07:00:00+00:00,247,False,INSUFFICIENT_PAST
TRAIN,2026-01-11T08:00:00+00:00,248,False,INSUFFICIENT_PAST
TRAIN,2026-01-11T09:00:00+00:00,249,False,INSUFFICIENT_PAST
TRAIN,2026-01-11T10:00:00+00:00,250,False,INSUFFICIENT_PAST
TRAIN,2026-01-11T11:00:00+00:00,251,False,INSUFFICIENT_PAST
TRAIN,2026-01-11T12:00:00+00:00,252,False,INSUFFICIENT_PAST
TRAIN,2026-01-11T13:00:00+00:00,253,False,INSUFFICIENT_PAST
TRAIN,2026-01-11T14:00:00+00:00,254,False,INSUFFICIENT_PAST
TRAIN,2026-01-11T15:00:00+00:00,255,False,INSUFFICIENT_PAST
TRAIN,2026-01-11T16:00:00+00:00,256,False,INSUFFICIENT_PAST
TRAIN,2026-01-11T17:00:00+00:00,257,False,INSUFFICIENT_PAST
TRAIN,2026-01-11T18:00:00+00:00,258,False,INSUFFICIENT_PAST
TRAIN,2026-01-11T19:00:00+00:00,259,False,INSUFFICIENT_PAST
TRAIN,2026-01-11T20:00:00+00:00,260,False,INSUFFICIENT_PAST
TRAIN,2026-01-11T21:00:00+00:00,261,False,INSUFFICIENT_PAST
TRAIN,2026-01-11T22:00:00+00:00,262,False,INSUFFICIENT_PAST
TRAIN,2026-01-11T23:00:00+00:00,263,False,INSUFFICIENT_PAST
TRAIN,2026-01-12T00:00:00+00:00,264,False,INSUFFICIENT_PAST
TRAIN,2026-01-12T01:00:00+00:00,265,False,INSUFFICIENT_PAST
TRAIN,2026-01-12T02:00:00+00:00,266,False,INSUFFICIENT_PAST
TRAIN,2026-01-12T03:00:00+00:00,267,False,INSUFFICIENT_PAST
TRAIN,2026-01-12T04:00:00+00:00,268,False,INSUFFICIENT_PAST
TRAIN,2026-01-12T05:00:00+00:00,269,False,INSUFFICIENT_PAST
TRAIN,2026-01-12T06:00:00+00:00,270,False,INSUFFICIENT_PAST
TRAIN,2026-01-12T07:00:00+00:00,271,False,INSUFFICIENT_PAST
TRAIN,2026-01-12T08:00:00+00:00,272,False,INSUFFICIENT_PAST
TRAIN,2026-01-12T09:00:00+00:00,273,False,INSUFFICIENT_PAST
TRAIN,2026-01-12T10:00:00+00:00,274,False,INSUFFICIENT_PAST
TRAIN,2026-01-12T11:00:00+00:00,275,False,INSUFFICIENT_PAST
TRAIN,2026-01-12T12:00:00+00:00,276,False,INSUFFICIENT_PAST
TRAIN,2026-01-12T13:00:00+00:00,277,False,INSUFFICIENT_PAST
TRAIN,2026-01-12T14:00:00+00:00,278,False,INSUFFICIENT_PAST
TRAIN,2026-01-12T15:00:00+00:00,279,False,INSUFFICIENT_PAST
TRAIN,2026-01-12T16:00:00+00:00,280,False,INSUFFICIENT_PAST
TRAIN,2026-01-12T17:00:00+00:00,281,False,INSUFFICIENT_PAST
TRAIN,2026-01-12T18:00:00+00:00,282,False,INSUFFICIENT_PAST
TRAIN,2026-01-12T19:00:00+00:00,283,False,INSUFFICIENT_PAST
TRAIN,2026-01-12T20:00:00+00:00,284,False,INSUFFICIENT_PAST
TRAIN,2026-01-12T21:00:00+00:00,285,False,INSUFFICIENT_PAST
TRAIN,2026-01-12T22:00:00+00:00,286,False,INSUFFICIENT_PAST
TRAIN,2026-01-12T23:00:00+00:00,287,False,INSUFFICIENT_PAST
TRAIN,2026-01-13T00:00:00+00:00,288,False,INSUFFICIENT_PAST
TRAIN,2026-01-13T01:00:00+00:00,289,False,INSUFFICIENT_PAST
TRAIN,2026-01-13T02:00:00+00:00,290,False,INSUFFICIENT_PAST
TRAIN,2026-01-13T03:00:00+00:00,291,False,INSUFFICIENT_PAST
TRAIN,2026-01-13T04:00:00+00:00,292,False,INSUFFICIENT_PAST
TRAIN,2026-01-13T05:00:00+00:00,293,False,INSUFFICIENT_PAST
TRAIN,2026-01-13T06:00:00+00:00,294,False,INSUFFICIENT_PAST
TRAIN,2026-01-13T07:00:00+00:00,295,False,INSUFFICIENT_PAST
TRAIN,2026-01-13T08:00:00+00:00,296,False,INSUFFICIENT_PAST
TRAIN,2026-01-13T09:00:00+00:00,297,False,INSUFFICIENT_PAST
TRAIN,2026-01-13T10:00:00+00:00,298,False,INSUFFICIENT_PAST
TRAIN,2026-01-13T11:00:00+00:00,299,False,INSUFFICIENT_PAST
TRAIN,2026-01-13T12:00:00+00:00,300,False,INSUFFICIENT_PAST
TRAIN,2026-01-13T13:00:00+00:00,301,False,INSUFFICIENT_PAST
TRAIN,2026-01-13T14:00:00+00:00,302,False,INSUFFICIENT_PAST
TRAIN,2026-01-13T15:00:00+00:00,303,False,INSUFFICIENT_PAST
TRAIN,2026-01-13T16:00:00+00:00,304,False,INSUFFICIENT_PAST
TRAIN,2026-01-13T17:00:00+00:00,305,False,INSUFFICIENT_PAST
TRAIN,2026-01-13T18:00:00+00:00,306,False,INSUFFICIENT_PAST
TRAIN,2026-01-13T19:00:00+00:00,307,False,INSUFFICIENT_PAST
TRAIN,2026-01-13T20:00:00+00:00,308,False,INSUFFICIENT_PAST
TRAIN,2026-01-13T21:00:00+00:00,309,False,INSUFFICIENT_PAST
TRAIN,2026-01-13T22:00:00+00:00,310,False,INSUFFICIENT_PAST
TRAIN,2026-01-13T23:00:00+00:00,311,False,INSUFFICIENT_PAST
TRAIN,2026-01-14T00:00:00+00:00,312,False,INSUFFICIENT_PAST
TRAIN,2026-01-14T01:00:00+00:00,313,False,INSUFFICIENT_PAST
TRAIN,2026-01-14T02:00:00+00:00,314,False,INSUFFICIENT_PAST
TRAIN,2026-01-14T03:00:00+00:00,315,False,INSUFFICIENT_PAST
TRAIN,2026-01-14T04:00:00+00:00,316,False,INSUFFICIENT_PAST
TRAIN,2026-01-14T05:00:00+00:00,317,False,INSUFFICIENT_PAST
TRAIN,2026-01-14T06:00:00+00:00,318,False,INSUFFICIENT_PAST
TRAIN,2026-01-14T07:00:00+00:00,319,False,INSUFFICIENT_PAST
TRAIN,2026-01-14T08:00:00+00:00,320,False,INSUFFICIENT_PAST
TRAIN,2026-01-14T09:00:00+00:00,321,False,INSUFFICIENT_PAST
TRAIN,2026-01-14T10:00:00+00:00,322,False,INSUFFICIENT_PAST
TRAIN,2026-01-14T11:00:00+00:00,323,False,INSUFFICIENT_PAST
TRAIN,2026-01-14T12:00:00+00:00,324,False,INSUFFICIENT_PAST
TRAIN,2026-01-14T13:00:00+00:00,325,False,INSUFFICIENT_PAST
TRAIN,2026-01-14T14:00:00+00:00,326,False,INSUFFICIENT_PAST
TRAIN,2026-01-14T15:00:00+00:00,327,False,INSUFFICIENT_PAST
TRAIN,2026-01-14T16:00:00+00:00,328,False,INSUFFICIENT_PAST
TRAIN,2026-01-14T17:00:00+00:00,329,False,INSUFFICIENT_PAST
TRAIN,2026-01-14T18:00:00+00:00,330,False,INSUFFICIENT_PAST
TRAIN,2026-01-14T19:00:00+00:00,331,False,INSUFFICIENT_PAST
TRAIN,2026-01-14T20:00:00+00:00,332,False,INSUFFICIENT_PAST
TRAIN,2026-01-14T21:00:00+00:00,333,False,INSUFFICIENT_PAST
TRAIN,2026-01-14T22:00:00+00:00,334,False,INSUFFICIENT_PAST
TRAIN,2026-01-14T23:00:00+00:00,335,False,INSUFFICIENT_PAST
TRAIN,2026-01-15T00:00:00+00:00,336,False,INSUFFICIENT_PAST
TRAIN,2026-01-15T01:00:00+00:00,337,False,INSUFFICIENT_PAST
TRAIN,2026-01-15T02:00:00+00:00,338,False,INSUFFICIENT_PAST
TRAIN,2026-01-15T03:00:00+00:00,339,False,INSUFFICIENT_PAST
TRAIN,2026-01-15T04:00:00+00:00,340,False,INSUFFICIENT_PAST
TRAIN,2026-01-15T05:00:00+00:00,341,False,INSUFFICIENT_PAST
TRAIN,2026-01-15T06:00:00+00:00,342,False,INSUFFICIENT_PAST
TRAIN,2026-01-15T07:00:00+00:00,343,False,INSUFFICIENT_PAST
TRAIN,2026-01-15T08:00:00+00:00,344,False,INSUFFICIENT_PAST
TRAIN,2026-01-15T09:00:00+00:00,345,False,INSUFFICIENT_PAST
TRAIN,2026-01-15T10:00:00+00:00,346,False,INSUFFICIENT_PAST
TRAIN,2026-01-15T11:00:00+00:00,347,False,INSUFFICIENT_PAST
TRAIN,2026-01-15T12:00:00+00:00,348,False,INSUFFICIENT_PAST
TRAIN,2026-01-15T13:00:00+00:00,349,False,INSUFFICIENT_PAST
TRAIN,2026-01-15T14:00:00+00:00,350,False,INSUFFICIENT_PAST
TRAIN,2026-01-15T15:00:00+00:00,351,False,INSUFFICIENT_PAST
TRAIN,2026-01-15T16:00:00+00:00,352,False,INSUFFICIENT_PAST
TRAIN,2026-01-15T17:00:00+00:00,353,False,INSUFFICIENT_PAST
TRAIN,2026-01-15T18:00:00+00:00,354,False,INSUFFICIENT_PAST
TRAIN,2026-01-15T19:00:00+00:00,355,False,INSUFFICIENT_PAST
TRAIN,2026-01-15T20:00:00+00:00,356,False,INSUFFICIENT_PAST
TRAIN,2026-01-15T21:00:00+00:00,357,False,INSUFFICIENT_PAST
TRAIN,2026-01-15T22:00:00+00:00,358,False,INSUFFICIENT_PAST
TRAIN,2026-01-15T23:00:00+00:00,359,False,INSUFFICIENT_PAST
TRAIN,2026-01-16T00:00:00+00:00,360,False,INSUFFICIENT_PAST
TRAIN,2026-01-16T01:00:00+00:00,361,False,INSUFFICIENT_PAST
TRAIN,2026-01-16T02:00:00+00:00,362,False,INSUFFICIENT_PAST
TRAIN,2026-01-16T03:00:00+00:00,363,False,INSUFFICIENT_PAST
TRAIN,2026-01-16T04:00:00+00:00,364,False,INSUFFICIENT_PAST
TRAIN,2026-01-16T05:00:00+00:00,365,False,INSUFFICIENT_PAST
TRAIN,2026-01-16T06:00:00+00:00,366,False,INSUFFICIENT_PAST
TRAIN,2026-01-16T07:00:00+00:00,367,False,INSUFFICIENT_PAST
TRAIN,2026-01-16T08:00:00+00:00,368,False,INSUFFICIENT_PAST
TRAIN,2026-01-16T09:00:00+00:00,369,False,INSUFFICIENT_PAST
TRAIN,2026-01-16T10:00:00+00:00,370,False,INSUFFICIENT_PAST
TRAIN,2026-01-16T11:00:00+00:00,371,False,INSUFFICIENT_PAST
TRAIN,2026-01-16T12:00:00+00:00,372,False,INSUFFICIENT_PAST
TRAIN,2026-01-16T13:00:00+00:00,373,False,INSUFFICIENT_PAST
TRAIN,2026-01-16T14:00:00+00:00,374,False,INSUFFICIENT_PAST
TRAIN,2026-01-16T15:00:00+00:00,375,False,INSUFFICIENT_PAST
TRAIN,2026-01-16T16:00:00+00:00,376,False,INSUFFICIENT_PAST
TRAIN,2026-01-16T17:00:00+00:00,377,False,INSUFFICIENT_PAST
TRAIN,2026-01-16T18:00:00+00:00,378,False,INSUFFICIENT_PAST
TRAIN,2026-01-16T19:00:00+00:00,379,False,INSUFFICIENT_PAST
TRAIN,2026-01-16T20:00:00+00:00,380,False,INSUFFICIENT_PAST
TRAIN,2026-01-16T21:00:00+00:00,381,False,INSUFFICIENT_PAST
TRAIN,2026-01-16T22:00:00+00:00,382,False,INSUFFICIENT_PAST
TRAIN,2026-01-16T23:00:00+00:00,383,False,INSUFFICIENT_PAST
TRAIN,2026-01-17T00:00:00+00:00,384,False,INSUFFICIENT_PAST
TRAIN,2026-01-17T01:00:00+00:00,385,False,INSUFFICIENT_PAST
TRAIN,2026-01-17T02:00:00+00:00,386,False,INSUFFICIENT_PAST
TRAIN,2026-01-17T03:00:00+00:00,387,False,INSUFFICIENT_PAST
TRAIN,2026-01-17T04:00:00+00:00,388,False,INSUFFICIENT_PAST
TRAIN,2026-01-17T05:00:00+00:00,389,False,INSUFFICIENT_PAST
TRAIN,2026-01-17T06:00:00+00:00,390,False,INSUFFICIENT_PAST
TRAIN,2026-01-17T07:00:00+00:00,391,False,INSUFFICIENT_PAST
TRAIN,2026-01-17T08:00:00+00:00,392,False,INSUFFICIENT_PAST
TRAIN,2026-01-17T09:00:00+00:00,393,False,INSUFFICIENT_PAST
TRAIN,2026-01-17T10:00:00+00:00,394,False,INSUFFICIENT_PAST
TRAIN,2026-01-17T11:00:00+00:00,395,False,INSUFFICIENT_PAST
TRAIN,2026-01-17T12:00:00+00:00,396,False,INSUFFICIENT_PAST
TRAIN,2026-01-17T13:00:00+00:00,397,False,INSUFFICIENT_PAST
TRAIN,2026-01-17T14:00:00+00:00,398,False,INSUFFICIENT_PAST
TRAIN,2026-01-17T15:00:00+00:00,399,False,INSUFFICIENT_PAST
TRAIN,2026-01-17T16:00:00+00:00,400,False,INSUFFICIENT_PAST
TRAIN,2026-01-17T17:00:00+00:00,401,False,INSUFFICIENT_PAST
TRAIN,2026-01-17T18:00:00+00:00,402,False,INSUFFICIENT_PAST
TRAIN,2026-01-17T19:00:00+00:00,403,False,INSUFFICIENT_PAST
TRAIN,2026-01-17T20:00:00+00:00,404,False,INSUFFICIENT_PAST
TRAIN,2026-01-17T21:00:00+00:00,405,False,INSUFFICIENT_PAST
TRAIN,2026-01-17T22:00:00+00:00,406,False,INSUFFICIENT_PAST
TRAIN,2026-01-17T23:00:00+00:00,407,False,INSUFFICIENT_PAST
TRAIN,2026-01-18T00:00:00+00:00,408,False,INSUFFICIENT_PAST
TRAIN,2026-01-18T01:00:00+00:00,409,False,INSUFFICIENT_PAST
TRAIN,2026-01-18T02:00:00+00:00,410,False,INSUFFICIENT_PAST
TRAIN,2026-01-18T03:00:00+00:00,411,False,INSUFFICIENT_PAST
TRAIN,2026-01-18T04:00:00+00:00,412,False,INSUFFICIENT_PAST
TRAIN,2026-01-18T05:00:00+00:00,413,False,INSUFFICIENT_PAST
TRAIN,2026-01-18T06:00:00+00:00,414,False,INSUFFICIENT_PAST
TRAIN,2026-01-18T07:00:00+00:00,415,False,INSUFFICIENT_PAST
TRAIN,2026-01-18T08:00:00+00:00,416,False,INSUFFICIENT_PAST
TRAIN,2026-01-18T09:00:00+00:00,417,False,INSUFFICIENT_PAST
TRAIN,2026-01-18T10:00:00+00:00,418,False,INSUFFICIENT_PAST
TRAIN,2026-01-18T11:00:00+00:00,419,False,INSUFFICIENT_PAST
TRAIN,2026-01-18T12:00:00+00:00,420,False,INSUFFICIENT_PAST
TRAIN,2026-01-18T13:00:00+00:00,421,False,INSUFFICIENT_PAST
TRAIN,2026-01-18T14:00:00+00:00,422,False,INSUFFICIENT_PAST
TRAIN,2026-01-18T15:00:00+00:00,423,False,INSUFFICIENT_PAST
TRAIN,2026-01-18T16:00:00+00:00,424,False,INSUFFICIENT_PAST
TRAIN,2026-01-18T17:00:00+00:00,425,False,INSUFFICIENT_PAST
TRAIN,2026-01-18T18:00:00+00:00,426,False,INSUFFICIENT_PAST
TRAIN,2026-01-18T19:00:00+00:00,427,False,INSUFFICIENT_PAST
TRAIN,2026-01-18T20:00:00+00:00,428,False,INSUFFICIENT_PAST
TRAIN,2026-01-18T21:00:00+00:00,429,False,INSUFFICIENT_PAST
TRAIN,2026-01-18T22:00:00+00:00,430,False,INSUFFICIENT_PAST
TRAIN,2026-01-18T23:00:00+00:00,431,False,INSUFFICIENT_PAST
TRAIN,2026-01-19T00:00:00+00:00,432,False,INSUFFICIENT_PAST
TRAIN,2026-01-19T01:00:00+00:00,433,False,INSUFFICIENT_PAST
TRAIN,2026-01-19T02:00:00+00:00,434,False,INSUFFICIENT_PAST
TRAIN,2026-01-19T03:00:00+00:00,435,False,INSUFFICIENT_PAST
TRAIN,2026-01-19T04:00:00+00:00,436,False,INSUFFICIENT_PAST
TRAIN,2026-01-19T05:00:00+00:00,437,False,INSUFFICIENT_PAST
TRAIN,2026-01-19T06:00:00+00:00,438,False,INSUFFICIENT_PAST
TRAIN,2026-01-19T07:00:00+00:00,439,False,INSUFFICIENT_PAST
TRAIN,2026-01-19T08:00:00+00:00,440,False,INSUFFICIENT_PAST
TRAIN,2026-01-19T09:00:00+00:00,441,False,INSUFFICIENT_PAST
TRAIN,2026-01-19T10:00:00+00:00,442,False,INSUFFICIENT_PAST
TRAIN,2026-01-19T11:00:00+00:00,443,False,INSUFFICIENT_PAST
TRAIN,2026-01-19T12:00:00+00:00,444,False,INSUFFICIENT_PAST
TRAIN,2026-01-19T13:00:00+00:00,445,False,INSUFFICIENT_PAST
TRAIN,2026-01-19T14:00:00+00:00,446,False,INSUFFICIENT_PAST
TRAIN,2026-01-19T15:00:00+00:00,447,False,INSUFFICIENT_PAST
TRAIN,2026-01-19T16:00:00+00:00,448,False,INSUFFICIENT_PAST
TRAIN,2026-01-19T17:00:00+00:00,449,False,INSUFFICIENT_PAST
TRAIN,2026-01-19T18:00:00+00:00,450,False,INSUFFICIENT_PAST
TRAIN,2026-01-19T19:00:00+00:00,451,False,INSUFFICIENT_PAST
TRAIN,2026-01-19T20:00:00+00:00,452,False,INSUFFICIENT_PAST
TRAIN,2026-01-19T21:00:00+00:00,453,False,INSUFFICIENT_PAST
TRAIN,2026-01-19T22:00:00+00:00,454,False,INSUFFICIENT_PAST
TRAIN,2026-01-19T23:00:00+00:00,455,False,INSUFFICIENT_PAST
TRAIN,2026-01-20T00:00:00+00:00,456,False,INSUFFICIENT_PAST
TRAIN,2026-01-20T01:00:00+00:00,457,False,INSUFFICIENT_PAST
TRAIN,2026-01-20T02:00:00+00:00,458,False,INSUFFICIENT_PAST
TRAIN,2026-01-20T03:00:00+00:00,459,False,INSUFFICIENT_PAST
TRAIN,2026-01-20T04:00:00+00:00,460,False,INSUFFICIENT_PAST
TRAIN,2026-01-20T05:00:00+00:00,461,False,INSUFFICIENT_PAST
TRAIN,2026-01-20T06:00:00+00:00,462,False,INSUFFICIENT_PAST
TRAIN,2026-01-20T07:00:00+00:00,463,False,INSUFFICIENT_PAST
TRAIN,2026-01-20T08:00:00+00:00,464,False,INSUFFICIENT_PAST
TRAIN,2026-01-20T09:00:00+00:00,465,False,INSUFFICIENT_PAST
TRAIN,2026-01-20T10:00:00+00:00,466,False,INSUFFICIENT_PAST
TRAIN,2026-01-20T11:00:00+00:00,467,False,INSUFFICIENT_PAST
TRAIN,2026-01-20T12:00:00+00:00,468,False,INSUFFICIENT_PAST
TRAIN,2026-01-20T13:00:00+00:00,469,False,INSUFFICIENT_PAST
TRAIN,2026-01-20T14:00:00+00:00,470,False,INSUFFICIENT_PAST
TRAIN,2026-01-20T15:00:00+00:00,471,False,INSUFFICIENT_PAST
TRAIN,2026-01-20T16:00:00+00:00,472,False,INSUFFICIENT_PAST
TRAIN,2026-01-20T17:00:00+00:00,473,False,INSUFFICIENT_PAST
TRAIN,2026-01-20T18:00:00+00:00,474,False,INSUFFICIENT_PAST
TRAIN,2026-01-20T19:00:00+00:00,475,False,INSUFFICIENT_PAST
TRAIN,2026-01-20T20:00:00+00:00,476,False,INSUFFICIENT_PAST
TRAIN,2026-01-20T21:00:00+00:00,477,False,INSUFFICIENT_PAST
TRAIN,2026-01-20T22:00:00+00:00,478,False,INSUFFICIENT_PAST
TRAIN,2026-01-20T23:00:00+00:00,479,False,INSUFFICIENT_PAST
TRAIN,2026-01-21T00:00:00+00:00,480,False,INSUFFICIENT_PAST
TRAIN,2026-01-21T01:00:00+00:00,481,False,INSUFFICIENT_PAST
TRAIN,2026-01-21T02:00:00+00:00,482,False,INSUFFICIENT_PAST
TRAIN,2026-01-21T03:00:00+00:00,483,False,INSUFFICIENT_PAST
TRAIN,2026-01-21T04:00:00+00:00,484,False,INSUFFICIENT_PAST
TRAIN,2026-01-21T05:00:00+00:00,485,False,INSUFFICIENT_PAST
TRAIN,2026-01-21T06:00:00+00:00,486,False,INSUFFICIENT_PAST
TRAIN,2026-01-21T07:00:00+00:00,487,False,INSUFFICIENT_PAST
TRAIN,2026-01-21T08:00:00+00:00,488,False,INSUFFICIENT_PAST
TRAIN,2026-01-21T09:00:00+00:00,489,False,INSUFFICIENT_PAST
TRAIN,2026-01-21T10:00:00+00:00,490,False,INSUFFICIENT_PAST
TRAIN,2026-01-21T11:00:00+00:00,491,False,INSUFFICIENT_PAST
TRAIN,2026-01-21T12:00:00+00:00,492,False,INSUFFICIENT_PAST
TRAIN,2026-01-21T13:00:00+00:00,493,False,INSUFFICIENT_PAST
TRAIN,2026-01-21T14:00:00+00:00,494,False,INSUFFICIENT_PAST
TRAIN,2026-01-21T15:00:00+00:00,495,False,INSUFFICIENT_PAST
TRAIN,2026-01-21T16:00:00+00:00,496,False,INSUFFICIENT_PAST
TRAIN,2026-01-21T17:00:00+00:00,497,False,INSUFFICIENT_PAST
TRAIN,2026-01-21T18:00:00+00:00,498,False,INSUFFICIENT_PAST
TRAIN,2026-01-21T19:00:00+00:00,499,False,INSUFFICIENT_PAST
TRAIN,2026-01-21T20:00:00+00:00,500,False,INSUFFICIENT_PAST
TRAIN,2026-01-21T21:00:00+00:00,501,False,INSUFFICIENT_PAST
TRAIN,2026-01-21T22:00:00+00:00,502,False,INSUFFICIENT_PAST
TRAIN,2026-01-21T23:00:00+00:00,503,False,INSUFFICIENT_PAST
TRAIN,2026-01-22T00:00:00+00:00,504,False,INSUFFICIENT_PAST
TRAIN,2026-01-22T01:00:00+00:00,505,False,INSUFFICIENT_PAST
TRAIN,2026-01-22T02:00:00+00:00,506,False,INSUFFICIENT_PAST
TRAIN,2026-01-22T03:00:00+00:00,507,False,INSUFFICIENT_PAST
TRAIN,2026-01-22T04:00:00+00:00,508,False,INSUFFICIENT_PAST
TRAIN,2026-01-22T05:00:00+00:00,509,False,INSUFFICIENT_PAST
TRAIN,2026-01-22T06:00:00+00:00,510,False,INSUFFICIENT_PAST
TRAIN,2026-01-22T07:00:00+00:00,511,False,INSUFFICIENT_PAST
TRAIN,2026-01-22T08:00:00+00:00,512,False,NONFINITE_CONTEXT_OR_TARGET
TRAIN,2026-01-22T09:00:00+00:00,513,False,NONFINITE_CONTEXT_OR_TARGET
TRAIN,2026-01-22T10:00:00+00:00,514,False,NONFINITE_CONTEXT_OR_TARGET
TRAIN,2026-01-22T11:00:00+00:00,515,False,NONFINITE_CONTEXT_OR_TARGET
TRAIN,2026-01-22T12:00:00+00:00,516,False,NONFINITE_CONTEXT_OR_TARGET
TRAIN,2026-01-22T13:00:00+00:00,517,True,ELIGIBLE
TRAIN,2026-01-22T14:00:00+00:00,518,True,ELIGIBLE
TRAIN,2026-01-22T15:00:00+00:00,519,True,ELIGIBLE
TRAIN,2026-01-22T16:00:00+00:00,520,True,ELIGIBLE
TRAIN,2026-01-22T17:00:00+00:00,521,True,ELIGIBLE
TRAIN,2026-01-22T18:00:00+00:00,522,True,ELIGIBLE
TRAIN,2026-01-22T19:00:00+00:00,523,True,ELIGIBLE
TRAIN,2026-01-22T20:00:00+00:00,524,True,ELIGIBLE
TRAIN,2026-01-22T21:00:00+00:00,525,True,ELIGIBLE
TRAIN,2026-01-22T22:00:00+00:00,526,True,ELIGIBLE
TRAIN,2026-01-22T23:00:00+00:00,527,True,ELIGIBLE
TRAIN,2026-01-23T00:00:00+00:00,528,True,ELIGIBLE
TRAIN,2026-01-23T01:00:00+00:00,529,True,ELIGIBLE
TRAIN,2026-01-23T02:00:00+00:00,530,True,ELIGIBLE
TRAIN,2026-01-23T03:00:00+00:00,531,True,ELIGIBLE
TRAIN,2026-01-23T04:00:00+00:00,532,True,ELIGIBLE
TRAIN,2026-01-23T05:00:00+00:00,533,True,ELIGIBLE
TRAIN,2026-01-23T06:00:00+00:00,534,True,ELIGIBLE
TRAIN,2026-01-23T07:00:00+00:00,535,True,ELIGIBLE
TRAIN,2026-01-23T08:00:00+00:00,536,True,ELIGIBLE
TRAIN,2026-01-23T09:00:00+00:00,537,True,ELIGIBLE
TRAIN,2026-01-23T10:00:00+00:00,538,True,ELIGIBLE
TRAIN,2026-01-23T11:00:00+00:00,539,True,ELIGIBLE
TRAIN,2026-01-23T12:00:00+00:00,540,True,ELIGIBLE
TRAIN,2026-01-23T13:00:00+00:00,541,True,ELIGIBLE
TRAIN,2026-01-23T14:00:00+00:00,542,True,ELIGIBLE
TRAIN,2026-01-23T15:00:00+00:00,543,True,ELIGIBLE
TRAIN,2026-01-23T16:00:00+00:00,544,True,ELIGIBLE
TRAIN,2026-01-23T17:00:00+00:00,545,True,ELIGIBLE
TRAIN,2026-01-23T18:00:00+00:00,546,True,ELIGIBLE
TRAIN,2026-01-23T19:00:00+00:00,547,True,ELIGIBLE
TRAIN,2026-01-23T20:00:00+00:00,548,True,ELIGIBLE
TRAIN,2026-01-23T21:00:00+00:00,549,True,ELIGIBLE
TRAIN,2026-01-23T22:00:00+00:00,550,True,ELIGIBLE
TRAIN,2026-01-23T23:00:00+00:00,551,True,ELIGIBLE
TRAIN,2026-01-24T00:00:00+00:00,552,True,ELIGIBLE
TRAIN,2026-01-24T01:00:00+00:00,553,True,ELIGIBLE
TRAIN,2026-01-24T02:00:00+00:00,554,True,ELIGIBLE
TRAIN,2026-01-24T03:00:00+00:00,555,True,ELIGIBLE
TRAIN,2026-01-24T04:00:00+00:00,556,True,ELIGIBLE
TRAIN,2026-01-24T05:00:00+00:00,557,True,ELIGIBLE
TRAIN,2026-01-24T06:00:00+00:00,558,True,ELIGIBLE
TRAIN,2026-01-24T07:00:00+00:00,559,True,ELIGIBLE
TRAIN,2026-01-24T08:00:00+00:00,560,True,ELIGIBLE
TRAIN,2026-01-24T09:00:00+00:00,561,True,ELIGIBLE
TRAIN,2026-01-24T10:00:00+00:00,562,True,ELIGIBLE
TRAIN,2026-01-24T11:00:00+00:00,563,True,ELIGIBLE
TRAIN,2026-01-24T12:00:00+00:00,564,True,ELIGIBLE
TRAIN,2026-01-24T13:00:00+00:00,565,True,ELIGIBLE
TRAIN,2026-01-24T14:00:00+00:00,566,True,ELIGIBLE
TRAIN,2026-01-24T15:00:00+00:00,567,True,ELIGIBLE
TRAIN,2026-01-24T16:00:00+00:00,568,True,ELIGIBLE
TRAIN,2026-01-24T17:00:00+00:00,569,True,ELIGIBLE
TRAIN,2026-01-24T18:00:00+00:00,570,True,ELIGIBLE
TRAIN,2026-01-24T19:00:00+00:00,571,True,ELIGIBLE
TRAIN,2026-01-24T20:00:00+00:00,572,True,ELIGIBLE
TRAIN,2026-01-24T21:00:00+00:00,573,True,ELIGIBLE
TRAIN,2026-01-24T22:00:00+00:00,574,True,ELIGIBLE
TRAIN,2026-01-24T23:00:00+00:00,575,True,ELIGIBLE
TRAIN,2026-01-25T00:00:00+00:00,576,True,ELIGIBLE
TRAIN,2026-01-25T01:00:00+00:00,577,True,ELIGIBLE
TRAIN,2026-01-25T02:00:00+00:00,578,True,ELIGIBLE
TRAIN,2026-01-25T03:00:00+00:00,579,True,ELIGIBLE
TRAIN,2026-01-25T04:00:00+00:00,580,True,ELIGIBLE
TRAIN,2026-01-25T05:00:00+00:00,581,True,ELIGIBLE
TRAIN,2026-01-25T06:00:00+00:00,582,True,ELIGIBLE
TRAIN,2026-01-25T07:00:00+00:00,583,True,ELIGIBLE
TRAIN,2026-01-25T08:00:00+00:00,584,True,ELIGIBLE
TRAIN,2026-01-25T09:00:00+00:00,585,True,ELIGIBLE
TRAIN,2026-01-25T10:00:00+00:00,586,True,ELIGIBLE
TRAIN,2026-01-25T11:00:00+00:00,587,True,ELIGIBLE
TRAIN,2026-01-25T12:00:00+00:00,588,True,ELIGIBLE
TRAIN,2026-01-25T13:00:00+00:00,589,True,ELIGIBLE
TRAIN,2026-01-25T14:00:00+00:00,590,True,ELIGIBLE
TRAIN,2026-01-25T15:00:00+00:00,591,True,ELIGIBLE
TRAIN,2026-01-25T16:00:00+00:00,592,True,ELIGIBLE
TRAIN,2026-01-25T17:00:00+00:00,593,True,ELIGIBLE
TRAIN,2026-01-25T18:00:00+00:00,594,True,ELIGIBLE
TRAIN,2026-01-25T19:00:00+00:00,595,True,ELIGIBLE
TRAIN,2026-01-25T20:00:00+00:00,596,True,ELIGIBLE
TRAIN,2026-01-25T21:00:00+00:00,597,True,ELIGIBLE
TRAIN,2026-01-25T22:00:00+00:00,598,True,ELIGIBLE
TRAIN,2026-01-25T23:00:00+00:00,599,True,ELIGIBLE
TRAIN,2026-01-26T00:00:00+00:00,600,True,ELIGIBLE
TRAIN,2026-01-26T01:00:00+00:00,601,True,ELIGIBLE
TRAIN,2026-01-26T02:00:00+00:00,602,True,ELIGIBLE
TRAIN,2026-01-26T03:00:00+00:00,603,True,ELIGIBLE
TRAIN,2026-01-26T04:00:00+00:00,604,True,ELIGIBLE
TRAIN,2026-01-26T05:00:00+00:00,605,True,ELIGIBLE
TRAIN,2026-01-26T06:00:00+00:00,606,True,ELIGIBLE
TRAIN,2026-01-26T07:00:00+00:00,607,True,ELIGIBLE
TRAIN,2026-01-26T08:00:00+00:00,608,True,ELIGIBLE
TRAIN,2026-01-26T09:00:00+00:00,609,True,ELIGIBLE
TRAIN,2026-01-26T10:00:00+00:00,610,True,ELIGIBLE
TRAIN,2026-01-26T11:00:00+00:00,611,True,ELIGIBLE
TRAIN,2026-01-26T12:00:00+00:00,612,True,ELIGIBLE
TRAIN,2026-01-26T13:00:00+00:00,613,True,ELIGIBLE
TRAIN,2026-01-26T14:00:00+00:00,614,True,ELIGIBLE
TRAIN,2026-01-26T15:00:00+00:00,615,True,ELIGIBLE
TRAIN,2026-01-26T16:00:00+00:00,616,True,ELIGIBLE
TRAIN,2026-01-26T17:00:00+00:00,617,True,ELIGIBLE
TRAIN,2026-01-26T18:00:00+00:00,618,True,ELIGIBLE
TRAIN,2026-01-26T19:00:00+00:00,619,True,ELIGIBLE
TRAIN,2026-01-26T20:00:00+00:00,620,True,ELIGIBLE
TRAIN,2026-01-26T21:00:00+00:00,621,True,ELIGIBLE
TRAIN,2026-01-26T22:00:00+00:00,622,True,ELIGIBLE
TRAIN,2026-01-26T23:00:00+00:00,623,True,ELIGIBLE
TRAIN,2026-01-27T00:00:00+00:00,624,True,ELIGIBLE
TRAIN,2026-01-27T01:00:00+00:00,625,True,ELIGIBLE
TRAIN,2026-01-27T02:00:00+00:00,626,True,ELIGIBLE
TRAIN,2026-01-27T03:00:00+00:00,627,True,ELIGIBLE
TRAIN,2026-01-27T04:00:00+00:00,628,True,ELIGIBLE
TRAIN,2026-01-27T05:00:00+00:00,629,True,ELIGIBLE
TRAIN,2026-01-27T06:00:00+00:00,630,True,ELIGIBLE
TRAIN,2026-01-27T07:00:00+00:00,631,True,ELIGIBLE
TRAIN,2026-01-27T08:00:00+00:00,632,True,ELIGIBLE
TRAIN,2026-01-27T09:00:00+00:00,633,True,ELIGIBLE
TRAIN,2026-01-27T10:00:00+00:00,634,True,ELIGIBLE
TRAIN,2026-01-27T11:00:00+00:00,635,True,ELIGIBLE
TRAIN,2026-01-27T12:00:00+00:00,636,True,ELIGIBLE
TRAIN,2026-01-27T13:00:00+00:00,637,True,ELIGIBLE
TRAIN,2026-01-27T14:00:00+00:00,638,True,ELIGIBLE
TRAIN,2026-01-27T15:00:00+00:00,639,True,ELIGIBLE
TRAIN,2026-01-27T16:00:00+00:00,640,True,ELIGIBLE
TRAIN,2026-01-27T17:00:00+00:00,641,True,ELIGIBLE
TRAIN,2026-01-27T18:00:00+00:00,642,True,ELIGIBLE
TRAIN,2026-01-27T19:00:00+00:00,643,True,ELIGIBLE
TRAIN,2026-01-27T20:00:00+00:00,644,True,ELIGIBLE
TRAIN,2026-01-27T21:00:00+00:00,645,True,ELIGIBLE
TRAIN,2026-01-27T22:00:00+00:00,646,True,ELIGIBLE
TRAIN,2026-01-27T23:00:00+00:00,647,True,ELIGIBLE
TRAIN,2026-01-28T00:00:00+00:00,648,True,ELIGIBLE
TRAIN,2026-01-28T01:00:00+00:00,649,True,ELIGIBLE
TRAIN,2026-01-28T02:00:00+00:00,650,True,ELIGIBLE
TRAIN,2026-01-28T03:00:00+00:00,651,True,ELIGIBLE
TRAIN,2026-01-28T04:00:00+00:00,652,True,ELIGIBLE
TRAIN,2026-01-28T05:00:00+00:00,653,True,ELIGIBLE
TRAIN,2026-01-28T06:00:00+00:00,654,True,ELIGIBLE
TRAIN,2026-01-28T07:00:00+00:00,655,True,ELIGIBLE
TRAIN,2026-01-28T08:00:00+00:00,656,True,ELIGIBLE
TRAIN,2026-01-28T09:00:00+00:00,657,True,ELIGIBLE
TRAIN,2026-01-28T10:00:00+00:00,658,True,ELIGIBLE
TRAIN,2026-01-28T11:00:00+00:00,659,True,ELIGIBLE
TRAIN,2026-01-28T12:00:00+00:00,660,True,ELIGIBLE
TRAIN,2026-01-28T13:00:00+00:00,661,True,ELIGIBLE
TRAIN,2026-01-28T14:00:00+00:00,662,True,ELIGIBLE
TRAIN,2026-01-28T15:00:00+00:00,663,True,ELIGIBLE
TRAIN,2026-01-28T16:00:00+00:00,664,True,ELIGIBLE
TRAIN,2026-01-28T17:00:00+00:00,665,True,ELIGIBLE
TRAIN,2026-01-28T18:00:00+00:00,666,True,ELIGIBLE
TRAIN,2026-01-28T19:00:00+00:00,667,True,ELIGIBLE
TRAIN,2026-01-28T20:00:00+00:00,668,True,ELIGIBLE
TRAIN,2026-01-28T21:00:00+00:00,669,True,ELIGIBLE
TRAIN,2026-01-28T22:00:00+00:00,670,True,ELIGIBLE
TRAIN,2026-01-28T23:00:00+00:00,671,True,ELIGIBLE
TRAIN,2026-01-29T00:00:00+00:00,672,True,ELIGIBLE
TRAIN,2026-01-29T01:00:00+00:00,673,True,ELIGIBLE
TRAIN,2026-01-29T02:00:00+00:00,674,True,ELIGIBLE
TRAIN,2026-01-29T03:00:00+00:00,675,True,ELIGIBLE
TRAIN,2026-01-29T04:00:00+00:00,676,True,ELIGIBLE
TRAIN,2026-01-29T05:00:00+00:00,677,True,ELIGIBLE
TRAIN,2026-01-29T06:00:00+00:00,678,True,ELIGIBLE
TRAIN,2026-01-29T07:00:00+00:00,679,True,ELIGIBLE
TRAIN,2026-01-29T08:00:00+00:00,680,True,ELIGIBLE
TRAIN,2026-01-29T09:00:00+00:00,681,True,ELIGIBLE
TRAIN,2026-01-29T10:00:00+00:00,682,True,ELIGIBLE
TRAIN,2026-01-29T11:00:00+00:00,683,True,ELIGIBLE
TRAIN,2026-01-29T12:00:00+00:00,684,True,ELIGIBLE
TRAIN,2026-01-29T13:00:00+00:00,685,True,ELIGIBLE
TRAIN,2026-01-29T14:00:00+00:00,686,True,ELIGIBLE
TRAIN,2026-01-29T15:00:00+00:00,687,True,ELIGIBLE
TRAIN,2026-01-29T16:00:00+00:00,688,True,ELIGIBLE
TRAIN,2026-01-29T17:00:00+00:00,689,True,ELIGIBLE
TRAIN,2026-01-29T18:00:00+00:00,690,True,ELIGIBLE
TRAIN,2026-01-29T19:00:00+00:00,691,True,ELIGIBLE
TRAIN,2026-01-29T20:00:00+00:00,692,True,ELIGIBLE
TRAIN,2026-01-29T21:00:00+00:00,693,True,ELIGIBLE
TRAIN,2026-01-29T22:00:00+00:00,694,True,ELIGIBLE
TRAIN,2026-01-29T23:00:00+00:00,695,True,ELIGIBLE
TRAIN,2026-01-30T00:00:00+00:00,696,True,ELIGIBLE
TRAIN,2026-01-30T01:00:00+00:00,697,True,ELIGIBLE
TRAIN,2026-01-30T02:00:00+00:00,698,True,ELIGIBLE
TRAIN,2026-01-30T03:00:00+00:00,699,True,ELIGIBLE
TRAIN,2026-01-30T04:00:00+00:00,700,True,ELIGIBLE
TRAIN,2026-01-30T05:00:00+00:00,701,True,ELIGIBLE
TRAIN,2026-01-30T06:00:00+00:00,702,True,ELIGIBLE
TRAIN,2026-01-30T07:00:00+00:00,703,True,ELIGIBLE
TRAIN,2026-01-30T08:00:00+00:00,704,True,ELIGIBLE
TRAIN,2026-01-30T09:00:00+00:00,705,True,ELIGIBLE
TRAIN,2026-01-30T10:00:00+00:00,706,True,ELIGIBLE
TRAIN,2026-01-30T11:00:00+00:00,707,True,ELIGIBLE
TRAIN,2026-01-30T12:00:00+00:00,708,True,ELIGIBLE
TRAIN,2026-01-30T13:00:00+00:00,709,True,ELIGIBLE
TRAIN,2026-01-30T14:00:00+00:00,710,True,ELIGIBLE
TRAIN,2026-01-30T15:00:00+00:00,711,True,ELIGIBLE
TRAIN,2026-01-30T16:00:00+00:00,712,True,ELIGIBLE
TRAIN,2026-01-30T17:00:00+00:00,713,True,ELIGIBLE
TRAIN,2026-01-30T18:00:00+00:00,714,True,ELIGIBLE
TRAIN,2026-01-30T19:00:00+00:00,715,True,ELIGIBLE
TRAIN,2026-01-30T20:00:00+00:00,716,True,ELIGIBLE
TRAIN,2026-01-30T21:00:00+00:00,717,True,ELIGIBLE
TRAIN,2026-01-30T22:00:00+00:00,718,True,ELIGIBLE
TRAIN,2026-01-30T23:00:00+00:00,719,True,ELIGIBLE
TRAIN,2026-01-31T00:00:00+00:00,720,True,ELIGIBLE
TRAIN,2026-01-31T01:00:00+00:00,721,True,ELIGIBLE
TRAIN,2026-01-31T02:00:00+00:00,722,True,ELIGIBLE
TRAIN,2026-01-31T03:00:00+00:00,723,True,ELIGIBLE
TRAIN,2026-01-31T04:00:00+00:00,724,True,ELIGIBLE
TRAIN,2026-01-31T05:00:00+00:00,725,True,ELIGIBLE
TRAIN,2026-01-31T06:00:00+00:00,726,True,ELIGIBLE
TRAIN,2026-01-31T07:00:00+00:00,727,True,ELIGIBLE
TRAIN,2026-01-31T08:00:00+00:00,728,True,ELIGIBLE
TRAIN,2026-01-31T09:00:00+00:00,729,True,ELIGIBLE
TRAIN,2026-01-31T10:00:00+00:00,730,True,ELIGIBLE
TRAIN,2026-01-31T11:00:00+00:00,731,True,ELIGIBLE
TRAIN,2026-01-31T12:00:00+00:00,732,True,ELIGIBLE
TRAIN,2026-01-31T13:00:00+00:00,733,True,ELIGIBLE
TRAIN,2026-01-31T14:00:00+00:00,734,True,ELIGIBLE
TRAIN,2026-01-31T15:00:00+00:00,735,True,ELIGIBLE
TRAIN,2026-01-31T16:00:00+00:00,736,True,ELIGIBLE
TRAIN,2026-01-31T17:00:00+00:00,737,True,ELIGIBLE
TRAIN,2026-01-31T18:00:00+00:00,738,True,ELIGIBLE
TRAIN,2026-01-31T19:00:00+00:00,739,True,ELIGIBLE
TRAIN,2026-01-31T20:00:00+00:00,740,True,ELIGIBLE
TRAIN,2026-01-31T21:00:00+00:00,741,True,ELIGIBLE
TRAIN,2026-01-31T22:00:00+00:00,742,True,ELIGIBLE
TRAIN,2026-01-31T23:00:00+00:00,743,True,ELIGIBLE
TRAIN,2026-02-01T00:00:00+00:00,744,True,ELIGIBLE
TRAIN,2026-02-01T01:00:00+00:00,745,True,ELIGIBLE
TRAIN,2026-02-01T02:00:00+00:00,746,True,ELIGIBLE
TRAIN,2026-02-01T03:00:00+00:00,747,True,ELIGIBLE
TRAIN,2026-02-01T04:00:00+00:00,748,True,ELIGIBLE
TRAIN,2026-02-01T05:00:00+00:00,749,True,ELIGIBLE
TRAIN,2026-02-01T06:00:00+00:00,750,True,ELIGIBLE
TRAIN,2026-02-01T07:00:00+00:00,751,True,ELIGIBLE
TRAIN,2026-02-01T08:00:00+00:00,752,True,ELIGIBLE
TRAIN,2026-02-01T09:00:00+00:00,753,True,ELIGIBLE
TRAIN,2026-02-01T10:00:00+00:00,754,True,ELIGIBLE
TRAIN,2026-02-01T11:00:00+00:00,755,True,ELIGIBLE
TRAIN,2026-02-01T12:00:00+00:00,756,True,ELIGIBLE
TRAIN,2026-02-01T13:00:00+00:00,757,True,ELIGIBLE
TRAIN,2026-02-01T14:00:00+00:00,758,True,ELIGIBLE
TRAIN,2026-02-01T15:00:00+00:00,759,True,ELIGIBLE
TRAIN,2026-02-01T16:00:00+00:00,760,True,ELIGIBLE
TRAIN,2026-02-01T17:00:00+00:00,761,True,ELIGIBLE
TRAIN,2026-02-01T18:00:00+00:00,762,True,ELIGIBLE
TRAIN,2026-02-01T19:00:00+00:00,763,True,ELIGIBLE
TRAIN,2026-02-01T20:00:00+00:00,764,True,ELIGIBLE
TRAIN,2026-02-01T21:00:00+00:00,765,True,ELIGIBLE
TRAIN,2026-02-01T22:00:00+00:00,766,True,ELIGIBLE
TRAIN,2026-02-01T23:00:00+00:00,767,True,ELIGIBLE
TRAIN,2026-02-02T00:00:00+00:00,768,True,ELIGIBLE
TRAIN,2026-02-02T01:00:00+00:00,769,True,ELIGIBLE
TRAIN,2026-02-02T02:00:00+00:00,770,True,ELIGIBLE
TRAIN,2026-02-02T03:00:00+00:00,771,True,ELIGIBLE
TRAIN,2026-02-02T04:00:00+00:00,772,True,ELIGIBLE
TRAIN,2026-02-02T05:00:00+00:00,773,True,ELIGIBLE
TRAIN,2026-02-02T06:00:00+00:00,774,True,ELIGIBLE
TRAIN,2026-02-02T07:00:00+00:00,775,True,ELIGIBLE
TRAIN,2026-02-02T08:00:00+00:00,776,True,ELIGIBLE
TRAIN,2026-02-02T09:00:00+00:00,777,True,ELIGIBLE
TRAIN,2026-02-02T10:00:00+00:00,778,True,ELIGIBLE
TRAIN,2026-02-02T11:00:00+00:00,779,True,ELIGIBLE
TRAIN,2026-02-02T12:00:00+00:00,780,True,ELIGIBLE
TRAIN,2026-02-02T13:00:00+00:00,781,True,ELIGIBLE
TRAIN,2026-02-02T14:00:00+00:00,782,True,ELIGIBLE
TRAIN,2026-02-02T15:00:00+00:00,783,True,ELIGIBLE
TRAIN,2026-02-02T16:00:00+00:00,784,True,ELIGIBLE
TRAIN,2026-02-02T17:00:00+00:00,785,True,ELIGIBLE
TRAIN,2026-02-02T18:00:00+00:00,786,True,ELIGIBLE
TRAIN,2026-02-02T19:00:00+00:00,787,True,ELIGIBLE
TRAIN,2026-02-02T20:00:00+00:00,788,True,ELIGIBLE
TRAIN,2026-02-02T21:00:00+00:00,789,True,ELIGIBLE
TRAIN,2026-02-02T22:00:00+00:00,790,True,ELIGIBLE
TRAIN,2026-02-02T23:00:00+00:00,791,True,ELIGIBLE
TRAIN,2026-02-03T00:00:00+00:00,792,True,ELIGIBLE
TRAIN,2026-02-03T01:00:00+00:00,793,True,ELIGIBLE
TRAIN,2026-02-03T02:00:00+00:00,794,True,ELIGIBLE
TRAIN,2026-02-03T03:00:00+00:00,795,True,ELIGIBLE
TRAIN,2026-02-03T04:00:00+00:00,796,True,ELIGIBLE
TRAIN,2026-02-03T05:00:00+00:00,797,True,ELIGIBLE
TRAIN,2026-02-03T06:00:00+00:00,798,True,ELIGIBLE
TRAIN,2026-02-03T07:00:00+00:00,799,True,ELIGIBLE
TRAIN,2026-02-03T08:00:00+00:00,800,True,ELIGIBLE
TRAIN,2026-02-03T09:00:00+00:00,801,True,ELIGIBLE
TRAIN,2026-02-03T10:00:00+00:00,802,True,ELIGIBLE
TRAIN,2026-02-03T11:00:00+00:00,803,True,ELIGIBLE
TRAIN,2026-02-03T12:00:00+00:00,804,True,ELIGIBLE
TRAIN,2026-02-03T13:00:00+00:00,805,True,ELIGIBLE
TRAIN,2026-02-03T14:00:00+00:00,806,True,ELIGIBLE
TRAIN,2026-02-03T15:00:00+00:00,807,True,ELIGIBLE
TRAIN,2026-02-03T16:00:00+00:00,808,True,ELIGIBLE
TRAIN,2026-02-03T17:00:00+00:00,809,True,ELIGIBLE
TRAIN,2026-02-03T18:00:00+00:00,810,True,ELIGIBLE
TRAIN,2026-02-03T19:00:00+00:00,811,True,ELIGIBLE
TRAIN,2026-02-03T20:00:00+00:00,812,True,ELIGIBLE
TRAIN,2026-02-03T21:00:00+00:00,813,True,ELIGIBLE
TRAIN,2026-02-03T22:00:00+00:00,814,True,ELIGIBLE
TRAIN,2026-02-03T23:00:00+00:00,815,True,ELIGIBLE
TRAIN,2026-02-04T00:00:00+00:00,816,True,ELIGIBLE
TRAIN,2026-02-04T01:00:00+00:00,817,True,ELIGIBLE
TRAIN,2026-02-04T02:00:00+00:00,818,True,ELIGIBLE
TRAIN,2026-02-04T03:00:00+00:00,819,True,ELIGIBLE
TRAIN,2026-02-04T04:00:00+00:00,820,True,ELIGIBLE
TRAIN,2026-02-04T05:00:00+00:00,821,True,ELIGIBLE
TRAIN,2026-02-04T06:00:00+00:00,822,True,ELIGIBLE
TRAIN,2026-02-04T07:00:00+00:00,823,True,ELIGIBLE
TRAIN,2026-02-04T08:00:00+00:00,824,True,ELIGIBLE
TRAIN,2026-02-04T09:00:00+00:00,825,True,ELIGIBLE
TRAIN,2026-02-04T10:00:00+00:00,826,True,ELIGIBLE
TRAIN,2026-02-04T11:00:00+00:00,827,True,ELIGIBLE
TRAIN,2026-02-04T12:00:00+00:00,828,True,ELIGIBLE
TRAIN,2026-02-04T13:00:00+00:00,829,True,ELIGIBLE
TRAIN,2026-02-04T14:00:00+00:00,830,True,ELIGIBLE
TRAIN,2026-02-04T15:00:00+00:00,831,True,ELIGIBLE
TRAIN,2026-02-04T16:00:00+00:00,832,True,ELIGIBLE
TRAIN,2026-02-04T17:00:00+00:00,833,True,ELIGIBLE
TRAIN,2026-02-04T18:00:00+00:00,834,True,ELIGIBLE
TRAIN,2026-02-04T19:00:00+00:00,835,True,ELIGIBLE
TRAIN,2026-02-04T20:00:00+00:00,836,True,ELIGIBLE
TRAIN,2026-02-04T21:00:00+00:00,837,True,ELIGIBLE
TRAIN,2026-02-04T22:00:00+00:00,838,True,ELIGIBLE
TRAIN,2026-02-04T23:00:00+00:00,839,True,ELIGIBLE
TRAIN,2026-02-05T00:00:00+00:00,840,True,ELIGIBLE
TRAIN,2026-02-05T01:00:00+00:00,841,True,ELIGIBLE
TRAIN,2026-02-05T02:00:00+00:00,842,True,ELIGIBLE
TRAIN,2026-02-05T03:00:00+00:00,843,True,ELIGIBLE
TRAIN,2026-02-05T04:00:00+00:00,844,True,ELIGIBLE
TRAIN,2026-02-05T05:00:00+00:00,845,True,ELIGIBLE
TRAIN,2026-02-05T06:00:00+00:00,846,True,ELIGIBLE
TRAIN,2026-02-05T07:00:00+00:00,847,True,ELIGIBLE
TRAIN,2026-02-05T08:00:00+00:00,848,True,ELIGIBLE
TRAIN,2026-02-05T09:00:00+00:00,849,True,ELIGIBLE
TRAIN,2026-02-05T10:00:00+00:00,850,True,ELIGIBLE
TRAIN,2026-02-05T11:00:00+00:00,851,True,ELIGIBLE
TRAIN,2026-02-05T12:00:00+00:00,852,True,ELIGIBLE
TRAIN,2026-02-05T13:00:00+00:00,853,True,ELIGIBLE
TRAIN,2026-02-05T14:00:00+00:00,854,True,ELIGIBLE
TRAIN,2026-02-05T15:00:00+00:00,855,True,ELIGIBLE
TRAIN,2026-02-05T16:00:00+00:00,856,True,ELIGIBLE
TRAIN,2026-02-05T17:00:00+00:00,857,True,ELIGIBLE
TRAIN,2026-02-05T18:00:00+00:00,858,True,ELIGIBLE
TRAIN,2026-02-05T19:00:00+00:00,859,True,ELIGIBLE
TRAIN,2026-02-05T20:00:00+00:00,860,True,ELIGIBLE
TRAIN,2026-02-05T21:00:00+00:00,861,True,ELIGIBLE
TRAIN,2026-02-05T22:00:00+00:00,862,True,ELIGIBLE
TRAIN,2026-02-05T23:00:00+00:00,863,True,ELIGIBLE
TRAIN,2026-02-06T00:00:00+00:00,864,True,ELIGIBLE
TRAIN,2026-02-06T01:00:00+00:00,865,True,ELIGIBLE
TRAIN,2026-02-06T02:00:00+00:00,866,True,ELIGIBLE
TRAIN,2026-02-06T03:00:00+00:00,867,True,ELIGIBLE
TRAIN,2026-02-06T04:00:00+00:00,868,True,ELIGIBLE
TRAIN,2026-02-06T05:00:00+00:00,869,True,ELIGIBLE
TRAIN,2026-02-06T06:00:00+00:00,870,True,ELIGIBLE
TRAIN,2026-02-06T07:00:00+00:00,871,True,ELIGIBLE
TRAIN,2026-02-06T08:00:00+00:00,872,True,ELIGIBLE
TRAIN,2026-02-06T09:00:00+00:00,873,True,ELIGIBLE
TRAIN,2026-02-06T10:00:00+00:00,874,True,ELIGIBLE
TRAIN,2026-02-06T11:00:00+00:00,875,True,ELIGIBLE
TRAIN,2026-02-06T12:00:00+00:00,876,True,ELIGIBLE
TRAIN,2026-02-06T13:00:00+00:00,877,True,ELIGIBLE
TRAIN,2026-02-06T14:00:00+00:00,878,True,ELIGIBLE
TRAIN,2026-02-06T15:00:00+00:00,879,True,ELIGIBLE
TRAIN,2026-02-06T16:00:00+00:00,880,True,ELIGIBLE
TRAIN,2026-02-06T17:00:00+00:00,881,True,ELIGIBLE
TRAIN,2026-02-06T18:00:00+00:00,882,True,ELIGIBLE
TRAIN,2026-02-06T19:00:00+00:00,883,True,ELIGIBLE
TRAIN,2026-02-06T20:00:00+00:00,884,True,ELIGIBLE
TRAIN,2026-02-06T21:00:00+00:00,885,True,ELIGIBLE
TRAIN,2026-02-06T22:00:00+00:00,886,True,ELIGIBLE
TRAIN,2026-02-06T23:00:00+00:00,887,True,ELIGIBLE
TRAIN,2026-02-07T00:00:00+00:00,888,True,ELIGIBLE
TRAIN,2026-02-07T01:00:00+00:00,889,True,ELIGIBLE
TRAIN,2026-02-07T02:00:00+00:00,890,True,ELIGIBLE
TRAIN,2026-02-07T03:00:00+00:00,891,True,ELIGIBLE
TRAIN,2026-02-07T04:00:00+00:00,892,True,ELIGIBLE
TRAIN,2026-02-07T05:00:00+00:00,893,True,ELIGIBLE
TRAIN,2026-02-07T06:00:00+00:00,894,True,ELIGIBLE
TRAIN,2026-02-07T07:00:00+00:00,895,True,ELIGIBLE
TRAIN,2026-02-07T08:00:00+00:00,896,True,ELIGIBLE
TRAIN,2026-02-07T09:00:00+00:00,897,True,ELIGIBLE
TRAIN,2026-02-07T10:00:00+00:00,898,True,ELIGIBLE
TRAIN,2026-02-07T11:00:00+00:00,899,True,ELIGIBLE
TRAIN,2026-02-07T12:00:00+00:00,900,True,ELIGIBLE
TRAIN,2026-02-07T13:00:00+00:00,901,True,ELIGIBLE
TRAIN,2026-02-07T14:00:00+00:00,902,True,ELIGIBLE
TRAIN,2026-02-07T15:00:00+00:00,903,True,ELIGIBLE
TRAIN,2026-02-07T16:00:00+00:00,904,True,ELIGIBLE
TRAIN,2026-02-07T17:00:00+00:00,905,True,ELIGIBLE
TRAIN,2026-02-07T18:00:00+00:00,906,True,ELIGIBLE
TRAIN,2026-02-07T19:00:00+00:00,907,True,ELIGIBLE
TRAIN,2026-02-07T20:00:00+00:00,908,True,ELIGIBLE
TRAIN,2026-02-07T21:00:00+00:00,909,True,ELIGIBLE
TRAIN,2026-02-07T22:00:00+00:00,910,True,ELIGIBLE
TRAIN,2026-02-07T23:00:00+00:00,911,True,ELIGIBLE
TRAIN,2026-02-08T00:00:00+00:00,912,True,ELIGIBLE
TRAIN,2026-02-08T01:00:00+00:00,913,True,ELIGIBLE
TRAIN,2026-02-08T02:00:00+00:00,914,True,ELIGIBLE
TRAIN,2026-02-08T03:00:00+00:00,915,True,ELIGIBLE
TRAIN,2026-02-08T04:00:00+00:00,916,True,ELIGIBLE
TRAIN,2026-02-08T05:00:00+00:00,917,True,ELIGIBLE
TRAIN,2026-02-08T06:00:00+00:00,918,True,ELIGIBLE
TRAIN,2026-02-08T07:00:00+00:00,919,True,ELIGIBLE
TRAIN,2026-02-08T08:00:00+00:00,920,True,ELIGIBLE
TRAIN,2026-02-08T09:00:00+00:00,921,True,ELIGIBLE
TRAIN,2026-02-08T10:00:00+00:00,922,True,ELIGIBLE
TRAIN,2026-02-08T11:00:00+00:00,923,True,ELIGIBLE
TRAIN,2026-02-08T12:00:00+00:00,924,True,ELIGIBLE
TRAIN,2026-02-08T13:00:00+00:00,925,True,ELIGIBLE
TRAIN,2026-02-08T14:00:00+00:00,926,True,ELIGIBLE
TRAIN,2026-02-08T15:00:00+00:00,927,True,ELIGIBLE
TRAIN,2026-02-08T16:00:00+00:00,928,True,ELIGIBLE
TRAIN,2026-02-08T17:00:00+00:00,929,True,ELIGIBLE
TRAIN,2026-02-08T18:00:00+00:00,930,True,ELIGIBLE
TRAIN,2026-02-08T19:00:00+00:00,931,True,ELIGIBLE
TRAIN,2026-02-08T20:00:00+00:00,932,True,ELIGIBLE
TRAIN,2026-02-08T21:00:00+00:00,933,True,ELIGIBLE
TRAIN,2026-02-08T22:00:00+00:00,934,True,ELIGIBLE
TRAIN,2026-02-08T23:00:00+00:00,935,True,ELIGIBLE
TRAIN,2026-02-09T00:00:00+00:00,936,True,ELIGIBLE
TRAIN,2026-02-09T01:00:00+00:00,937,True,ELIGIBLE
TRAIN,2026-02-09T02:00:00+00:00,938,True,ELIGIBLE
TRAIN,2026-02-09T03:00:00+00:00,939,True,ELIGIBLE
TRAIN,2026-02-09T04:00:00+00:00,940,True,ELIGIBLE
TRAIN,2026-02-09T05:00:00+00:00,941,True,ELIGIBLE
TRAIN,2026-02-09T06:00:00+00:00,942,True,ELIGIBLE
TRAIN,2026-02-09T07:00:00+00:00,943,True,ELIGIBLE
TRAIN,2026-02-09T08:00:00+00:00,944,True,ELIGIBLE
TRAIN,2026-02-09T09:00:00+00:00,945,True,ELIGIBLE
TRAIN,2026-02-09T10:00:00+00:00,946,True,ELIGIBLE
TRAIN,2026-02-09T11:00:00+00:00,947,True,ELIGIBLE
TRAIN,2026-02-09T12:00:00+00:00,948,True,ELIGIBLE
TRAIN,2026-02-09T13:00:00+00:00,949,True,ELIGIBLE
TRAIN,2026-02-09T14:00:00+00:00,950,True,ELIGIBLE
TRAIN,2026-02-09T15:00:00+00:00,951,True,ELIGIBLE
TRAIN,2026-02-09T16:00:00+00:00,952,True,ELIGIBLE
TRAIN,2026-02-09T17:00:00+00:00,953,True,ELIGIBLE
TRAIN,2026-02-09T18:00:00+00:00,954,True,ELIGIBLE
TRAIN,2026-02-09T19:00:00+00:00,955,True,ELIGIBLE
TRAIN,2026-02-09T20:00:00+00:00,956,True,ELIGIBLE
TRAIN,2026-02-09T21:00:00+00:00,957,True,ELIGIBLE
TRAIN,2026-02-09T22:00:00+00:00,958,True,ELIGIBLE
TRAIN,2026-02-09T23:00:00+00:00,959,True,ELIGIBLE
TRAIN,2026-02-10T00:00:00+00:00,960,True,ELIGIBLE
TRAIN,2026-02-10T01:00:00+00:00,961,True,ELIGIBLE
TRAIN,2026-02-10T02:00:00+00:00,962,True,ELIGIBLE
TRAIN,2026-02-10T03:00:00+00:00,963,True,ELIGIBLE
TRAIN,2026-02-10T04:00:00+00:00,964,True,ELIGIBLE
TRAIN,2026-02-10T05:00:00+00:00,965,True,ELIGIBLE
TRAIN,2026-02-10T06:00:00+00:00,966,True,ELIGIBLE
TRAIN,2026-02-10T07:00:00+00:00,967,True,ELIGIBLE
TRAIN,2026-02-10T08:00:00+00:00,968,True,ELIGIBLE
TRAIN,2026-02-10T09:00:00+00:00,969,True,ELIGIBLE
TRAIN,2026-02-10T10:00:00+00:00,970,True,ELIGIBLE
TRAIN,2026-02-10T11:00:00+00:00,971,True,ELIGIBLE
TRAIN,2026-02-10T12:00:00+00:00,972,True,ELIGIBLE
TRAIN,2026-02-10T13:00:00+00:00,973,True,ELIGIBLE
TRAIN,2026-02-10T14:00:00+00:00,974,True,ELIGIBLE
TRAIN,2026-02-10T15:00:00+00:00,975,True,ELIGIBLE
TRAIN,2026-02-10T16:00:00+00:00,976,True,ELIGIBLE
TRAIN,2026-02-10T17:00:00+00:00,977,True,ELIGIBLE
TRAIN,2026-02-10T18:00:00+00:00,978,True,ELIGIBLE
TRAIN,2026-02-10T19:00:00+00:00,979,True,ELIGIBLE
TRAIN,2026-02-10T20:00:00+00:00,980,True,ELIGIBLE
TRAIN,2026-02-10T21:00:00+00:00,981,True,ELIGIBLE
TRAIN,2026-02-10T22:00:00+00:00,982,True,ELIGIBLE
TRAIN,2026-02-10T23:00:00+00:00,983,True,ELIGIBLE
TRAIN,2026-02-11T00:00:00+00:00,984,True,ELIGIBLE
TRAIN,2026-02-11T01:00:00+00:00,985,True,ELIGIBLE
TRAIN,2026-02-11T02:00:00+00:00,986,True,ELIGIBLE
TRAIN,2026-02-11T03:00:00+00:00,987,True,ELIGIBLE
TRAIN,2026-02-11T04:00:00+00:00,988,True,ELIGIBLE
TRAIN,2026-02-11T05:00:00+00:00,989,True,ELIGIBLE
TRAIN,2026-02-11T06:00:00+00:00,990,True,ELIGIBLE
TRAIN,2026-02-11T07:00:00+00:00,991,True,ELIGIBLE
TRAIN,2026-02-11T08:00:00+00:00,992,True,ELIGIBLE
TRAIN,2026-02-11T09:00:00+00:00,993,True,ELIGIBLE
TRAIN,2026-02-11T10:00:00+00:00,994,True,ELIGIBLE
TRAIN,2026-02-11T11:00:00+00:00,995,True,ELIGIBLE
TRAIN,2026-02-11T12:00:00+00:00,996,True,ELIGIBLE
TRAIN,2026-02-11T13:00:00+00:00,997,True,ELIGIBLE
TRAIN,2026-02-11T14:00:00+00:00,998,True,ELIGIBLE
TRAIN,2026-02-11T15:00:00+00:00,999,True,ELIGIBLE
TRAIN,2026-02-11T16:00:00+00:00,1000,True,ELIGIBLE
TRAIN,2026-02-11T17:00:00+00:00,1001,True,ELIGIBLE
TRAIN,2026-02-11T18:00:00+00:00,1002,True,ELIGIBLE
TRAIN,2026-02-11T19:00:00+00:00,1003,True,ELIGIBLE
TRAIN,2026-02-11T20:00:00+00:00,1004,True,ELIGIBLE
TRAIN,2026-02-11T21:00:00+00:00,1005,True,ELIGIBLE
TRAIN,2026-02-11T22:00:00+00:00,1006,True,ELIGIBLE
TRAIN,2026-02-11T23:00:00+00:00,1007,True,ELIGIBLE
TRAIN,2026-02-12T00:00:00+00:00,1008,True,ELIGIBLE
TRAIN,2026-02-12T01:00:00+00:00,1009,True,ELIGIBLE
TRAIN,2026-02-12T02:00:00+00:00,1010,True,ELIGIBLE
TRAIN,2026-02-12T03:00:00+00:00,1011,True,ELIGIBLE
TRAIN,2026-02-12T04:00:00+00:00,1012,True,ELIGIBLE
TRAIN,2026-02-12T05:00:00+00:00,1013,True,ELIGIBLE
TRAIN,2026-02-12T06:00:00+00:00,1014,True,ELIGIBLE
TRAIN,2026-02-12T07:00:00+00:00,1015,True,ELIGIBLE
TRAIN,2026-02-12T08:00:00+00:00,1016,True,ELIGIBLE
TRAIN,2026-02-12T09:00:00+00:00,1017,True,ELIGIBLE
TRAIN,2026-02-12T10:00:00+00:00,1018,True,ELIGIBLE
TRAIN,2026-02-12T11:00:00+00:00,1019,True,ELIGIBLE
TRAIN,2026-02-12T12:00:00+00:00,1020,True,ELIGIBLE
TRAIN,2026-02-12T13:00:00+00:00,1021,True,ELIGIBLE
TRAIN,2026-02-12T14:00:00+00:00,1022,True,ELIGIBLE
TRAIN,2026-02-12T15:00:00+00:00,1023,True,ELIGIBLE
TRAIN,2026-02-12T16:00:00+00:00,1024,True,ELIGIBLE
TRAIN,2026-02-12T17:00:00+00:00,1025,True,ELIGIBLE
TRAIN,2026-02-12T18:00:00+00:00,1026,True,ELIGIBLE
TRAIN,2026-02-12T19:00:00+00:00,1027,True,ELIGIBLE
TRAIN,2026-02-12T20:00:00+00:00,1028,True,ELIGIBLE
TRAIN,2026-02-12T21:00:00+00:00,1029,True,ELIGIBLE
TRAIN,2026-02-12T22:00:00+00:00,1030,True,ELIGIBLE
TRAIN,2026-02-12T23:00:00+00:00,1031,True,ELIGIBLE
TRAIN,2026-02-13T00:00:00+00:00,1032,True,ELIGIBLE
TRAIN,2026-02-13T01:00:00+00:00,1033,True,ELIGIBLE
TRAIN,2026-02-13T02:00:00+00:00,1034,True,ELIGIBLE
TRAIN,2026-02-13T03:00:00+00:00,1035,True,ELIGIBLE
TRAIN,2026-02-13T04:00:00+00:00,1036,True,ELIGIBLE
TRAIN,2026-02-13T05:00:00+00:00,1037,True,ELIGIBLE
TRAIN,2026-02-13T06:00:00+00:00,1038,True,ELIGIBLE
TRAIN,2026-02-13T07:00:00+00:00,1039,True,ELIGIBLE
TRAIN,2026-02-13T08:00:00+00:00,1040,True,ELIGIBLE
TRAIN,2026-02-13T09:00:00+00:00,1041,True,ELIGIBLE
TRAIN,2026-02-13T10:00:00+00:00,1042,True,ELIGIBLE
TRAIN,2026-02-13T11:00:00+00:00,1043,True,ELIGIBLE
TRAIN,2026-02-13T12:00:00+00:00,1044,True,ELIGIBLE
TRAIN,2026-02-13T13:00:00+00:00,1045,True,ELIGIBLE
TRAIN,2026-02-13T14:00:00+00:00,1046,True,ELIGIBLE
TRAIN,2026-02-13T15:00:00+00:00,1047,True,ELIGIBLE
TRAIN,2026-02-13T16:00:00+00:00,1048,True,ELIGIBLE
TRAIN,2026-02-13T17:00:00+00:00,1049,True,ELIGIBLE
TRAIN,2026-02-13T18:00:00+00:00,1050,True,ELIGIBLE
TRAIN,2026-02-13T19:00:00+00:00,1051,True,ELIGIBLE
TRAIN,2026-02-13T20:00:00+00:00,1052,True,ELIGIBLE
TRAIN,2026-02-13T21:00:00+00:00,1053,True,ELIGIBLE
TRAIN,2026-02-13T22:00:00+00:00,1054,True,ELIGIBLE
TRAIN,2026-02-13T23:00:00+00:00,1055,True,ELIGIBLE
TRAIN,2026-02-14T00:00:00+00:00,1056,True,ELIGIBLE
TRAIN,2026-02-14T01:00:00+00:00,1057,True,ELIGIBLE
TRAIN,2026-02-14T02:00:00+00:00,1058,True,ELIGIBLE
TRAIN,2026-02-14T03:00:00+00:00,1059,True,ELIGIBLE
TRAIN,2026-02-14T04:00:00+00:00,1060,True,ELIGIBLE
TRAIN,2026-02-14T05:00:00+00:00,1061,True,ELIGIBLE
TRAIN,2026-02-14T06:00:00+00:00,1062,True,ELIGIBLE
TRAIN,2026-02-14T07:00:00+00:00,1063,True,ELIGIBLE
TRAIN,2026-02-14T08:00:00+00:00,1064,True,ELIGIBLE
TRAIN,2026-02-14T09:00:00+00:00,1065,True,ELIGIBLE
TRAIN,2026-02-14T10:00:00+00:00,1066,True,ELIGIBLE
TRAIN,2026-02-14T11:00:00+00:00,1067,True,ELIGIBLE
TRAIN,2026-02-14T12:00:00+00:00,1068,True,ELIGIBLE
TRAIN,2026-02-14T13:00:00+00:00,1069,True,ELIGIBLE
TRAIN,2026-02-14T14:00:00+00:00,1070,True,ELIGIBLE
TRAIN,2026-02-14T15:00:00+00:00,1071,True,ELIGIBLE
TRAIN,2026-02-14T16:00:00+00:00,1072,True,ELIGIBLE
TRAIN,2026-02-14T17:00:00+00:00,1073,True,ELIGIBLE
TRAIN,2026-02-14T18:00:00+00:00,1074,True,ELIGIBLE
TRAIN,2026-02-14T19:00:00+00:00,1075,True,ELIGIBLE
TRAIN,2026-02-14T20:00:00+00:00,1076,True,ELIGIBLE
TRAIN,2026-02-14T21:00:00+00:00,1077,True,ELIGIBLE
TRAIN,2026-02-14T22:00:00+00:00,1078,True,ELIGIBLE
TRAIN,2026-02-14T23:00:00+00:00,1079,True,ELIGIBLE
TRAIN,2026-02-15T00:00:00+00:00,1080,True,ELIGIBLE
TRAIN,2026-02-15T01:00:00+00:00,1081,True,ELIGIBLE
TRAIN,2026-02-15T02:00:00+00:00,1082,True,ELIGIBLE
TRAIN,2026-02-15T03:00:00+00:00,1083,True,ELIGIBLE
TRAIN,2026-02-15T04:00:00+00:00,1084,True,ELIGIBLE
TRAIN,2026-02-15T05:00:00+00:00,1085,True,ELIGIBLE
TRAIN,2026-02-15T06:00:00+00:00,1086,True,ELIGIBLE
TRAIN,2026-02-15T07:00:00+00:00,1087,True,ELIGIBLE
TRAIN,2026-02-15T08:00:00+00:00,1088,True,ELIGIBLE
TRAIN,2026-02-15T09:00:00+00:00,1089,True,ELIGIBLE
TRAIN,2026-02-15T10:00:00+00:00,1090,True,ELIGIBLE
TRAIN,2026-02-15T11:00:00+00:00,1091,True,ELIGIBLE
TRAIN,2026-02-15T12:00:00+00:00,1092,True,ELIGIBLE
TRAIN,2026-02-15T13:00:00+00:00,1093,True,ELIGIBLE
TRAIN,2026-02-15T14:00:00+00:00,1094,True,ELIGIBLE
TRAIN,2026-02-15T15:00:00+00:00,1095,True,ELIGIBLE
TRAIN,2026-02-15T16:00:00+00:00,1096,True,ELIGIBLE
TRAIN,2026-02-15T17:00:00+00:00,1097,True,ELIGIBLE
TRAIN,2026-02-15T18:00:00+00:00,1098,True,ELIGIBLE
TRAIN,2026-02-15T19:00:00+00:00,1099,True,ELIGIBLE
TRAIN,2026-02-15T20:00:00+00:00,1100,True,ELIGIBLE
TRAIN,2026-02-15T21:00:00+00:00,1101,True,ELIGIBLE
TRAIN,2026-02-15T22:00:00+00:00,1102,True,ELIGIBLE
TRAIN,2026-02-15T23:00:00+00:00,1103,True,ELIGIBLE
TRAIN,2026-02-16T00:00:00+00:00,1104,True,ELIGIBLE
TRAIN,2026-02-16T01:00:00+00:00,1105,True,ELIGIBLE
TRAIN,2026-02-16T02:00:00+00:00,1106,True,ELIGIBLE
TRAIN,2026-02-16T03:00:00+00:00,1107,True,ELIGIBLE
TRAIN,2026-02-16T04:00:00+00:00,1108,True,ELIGIBLE
TRAIN,2026-02-16T05:00:00+00:00,1109,True,ELIGIBLE
TRAIN,2026-02-16T06:00:00+00:00,1110,True,ELIGIBLE
TRAIN,2026-02-16T07:00:00+00:00,1111,True,ELIGIBLE
TRAIN,2026-02-16T08:00:00+00:00,1112,True,ELIGIBLE
TRAIN,2026-02-16T09:00:00+00:00,1113,True,ELIGIBLE
TRAIN,2026-02-16T10:00:00+00:00,1114,True,ELIGIBLE
TRAIN,2026-02-16T11:00:00+00:00,1115,True,ELIGIBLE
TRAIN,2026-02-16T12:00:00+00:00,1116,True,ELIGIBLE
TRAIN,2026-02-16T13:00:00+00:00,1117,True,ELIGIBLE
TRAIN,2026-02-16T14:00:00+00:00,1118,True,ELIGIBLE
TRAIN,2026-02-16T15:00:00+00:00,1119,True,ELIGIBLE
TRAIN,2026-02-16T16:00:00+00:00,1120,True,ELIGIBLE
TRAIN,2026-02-16T17:00:00+00:00,1121,True,ELIGIBLE
TRAIN,2026-02-16T18:00:00+00:00,1122,True,ELIGIBLE
TRAIN,2026-02-16T19:00:00+00:00,1123,True,ELIGIBLE
TRAIN,2026-02-16T20:00:00+00:00,1124,True,ELIGIBLE
TRAIN,2026-02-16T21:00:00+00:00,1125,True,ELIGIBLE
TRAIN,2026-02-16T22:00:00+00:00,1126,True,ELIGIBLE
TRAIN,2026-02-16T23:00:00+00:00,1127,True,ELIGIBLE
TRAIN,2026-02-17T00:00:00+00:00,1128,True,ELIGIBLE
TRAIN,2026-02-17T01:00:00+00:00,1129,True,ELIGIBLE
TRAIN,2026-02-17T02:00:00+00:00,1130,True,ELIGIBLE
TRAIN,2026-02-17T03:00:00+00:00,1131,True,ELIGIBLE
TRAIN,2026-02-17T04:00:00+00:00,1132,True,ELIGIBLE
TRAIN,2026-02-17T05:00:00+00:00,1133,True,ELIGIBLE
TRAIN,2026-02-17T06:00:00+00:00,1134,True,ELIGIBLE
TRAIN,2026-02-17T07:00:00+00:00,1135,True,ELIGIBLE
TRAIN,2026-02-17T08:00:00+00:00,1136,True,ELIGIBLE
TRAIN,2026-02-17T09:00:00+00:00,1137,True,ELIGIBLE
TRAIN,2026-02-17T10:00:00+00:00,1138,True,ELIGIBLE
TRAIN,2026-02-17T11:00:00+00:00,1139,True,ELIGIBLE
TRAIN,2026-02-17T12:00:00+00:00,1140,True,ELIGIBLE
TRAIN,2026-02-17T13:00:00+00:00,1141,True,ELIGIBLE
TRAIN,2026-02-17T14:00:00+00:00,1142,True,ELIGIBLE
TRAIN,2026-02-17T15:00:00+00:00,1143,True,ELIGIBLE
TRAIN,2026-02-17T16:00:00+00:00,1144,True,ELIGIBLE
TRAIN,2026-02-17T17:00:00+00:00,1145,True,ELIGIBLE
TRAIN,2026-02-17T18:00:00+00:00,1146,True,ELIGIBLE
TRAIN,2026-02-17T19:00:00+00:00,1147,True,ELIGIBLE
TRAIN,2026-02-17T20:00:00+00:00,1148,True,ELIGIBLE
TRAIN,2026-02-17T21:00:00+00:00,1149,True,ELIGIBLE
TRAIN,2026-02-17T22:00:00+00:00,1150,True,ELIGIBLE
TRAIN,2026-02-17T23:00:00+00:00,1151,True,ELIGIBLE
TRAIN,2026-02-18T00:00:00+00:00,1152,True,ELIGIBLE
TRAIN,2026-02-18T01:00:00+00:00,1153,True,ELIGIBLE
TRAIN,2026-02-18T02:00:00+00:00,1154,True,ELIGIBLE
TRAIN,2026-02-18T03:00:00+00:00,1155,True,ELIGIBLE
TRAIN,2026-02-18T04:00:00+00:00,1156,True,ELIGIBLE
TRAIN,2026-02-18T05:00:00+00:00,1157,True,ELIGIBLE
TRAIN,2026-02-18T06:00:00+00:00,1158,True,ELIGIBLE
TRAIN,2026-02-18T07:00:00+00:00,1159,True,ELIGIBLE
TRAIN,2026-02-18T08:00:00+00:00,1160,True,ELIGIBLE
TRAIN,2026-02-18T09:00:00+00:00,1161,True,ELIGIBLE
TRAIN,2026-02-18T10:00:00+00:00,1162,True,ELIGIBLE
TRAIN,2026-02-18T11:00:00+00:00,1163,True,ELIGIBLE
TRAIN,2026-02-18T12:00:00+00:00,1164,True,ELIGIBLE
TRAIN,2026-02-18T13:00:00+00:00,1165,True,ELIGIBLE
TRAIN,2026-02-18T14:00:00+00:00,1166,True,ELIGIBLE
TRAIN,2026-02-18T15:00:00+00:00,1167,True,ELIGIBLE
TRAIN,2026-02-18T16:00:00+00:00,1168,True,ELIGIBLE
TRAIN,2026-02-18T17:00:00+00:00,1169,True,ELIGIBLE
TRAIN,2026-02-18T18:00:00+00:00,1170,True,ELIGIBLE
TRAIN,2026-02-18T19:00:00+00:00,1171,True,ELIGIBLE
TRAIN,2026-02-18T20:00:00+00:00,1172,True,ELIGIBLE
TRAIN,2026-02-18T21:00:00+00:00,1173,True,ELIGIBLE
TRAIN,2026-02-18T22:00:00+00:00,1174,True,ELIGIBLE
TRAIN,2026-02-18T23:00:00+00:00,1175,True,ELIGIBLE
TRAIN,2026-02-19T00:00:00+00:00,1176,True,ELIGIBLE
TRAIN,2026-02-19T01:00:00+00:00,1177,True,ELIGIBLE
TRAIN,2026-02-19T02:00:00+00:00,1178,True,ELIGIBLE
TRAIN,2026-02-19T03:00:00+00:00,1179,True,ELIGIBLE
TRAIN,2026-02-19T04:00:00+00:00,1180,True,ELIGIBLE
TRAIN,2026-02-19T05:00:00+00:00,1181,True,ELIGIBLE
TRAIN,2026-02-19T06:00:00+00:00,1182,True,ELIGIBLE
TRAIN,2026-02-19T07:00:00+00:00,1183,True,ELIGIBLE
TRAIN,2026-02-19T08:00:00+00:00,1184,True,ELIGIBLE
TRAIN,2026-02-19T09:00:00+00:00,1185,True,ELIGIBLE
TRAIN,2026-02-19T10:00:00+00:00,1186,True,ELIGIBLE
TRAIN,2026-02-19T11:00:00+00:00,1187,True,ELIGIBLE
TRAIN,2026-02-19T12:00:00+00:00,1188,True,ELIGIBLE
TRAIN,2026-02-19T13:00:00+00:00,1189,True,ELIGIBLE
TRAIN,2026-02-19T14:00:00+00:00,1190,True,ELIGIBLE
TRAIN,2026-02-19T15:00:00+00:00,1191,True,ELIGIBLE
TRAIN,2026-02-19T16:00:00+00:00,1192,True,ELIGIBLE
TRAIN,2026-02-19T17:00:00+00:00,1193,True,ELIGIBLE
TRAIN,2026-02-19T18:00:00+00:00,1194,True,ELIGIBLE
TRAIN,2026-02-19T19:00:00+00:00,1195,True,ELIGIBLE
TRAIN,2026-02-19T20:00:00+00:00,1196,True,ELIGIBLE
TRAIN,2026-02-19T21:00:00+00:00,1197,True,ELIGIBLE
TRAIN,2026-02-19T22:00:00+00:00,1198,True,ELIGIBLE
TRAIN,2026-02-19T23:00:00+00:00,1199,True,ELIGIBLE
TRAIN,2026-02-20T00:00:00+00:00,1200,True,ELIGIBLE
TRAIN,2026-02-20T01:00:00+00:00,1201,True,ELIGIBLE
TRAIN,2026-02-20T02:00:00+00:00,1202,True,ELIGIBLE
TRAIN,2026-02-20T03:00:00+00:00,1203,True,ELIGIBLE
TRAIN,2026-02-20T04:00:00+00:00,1204,True,ELIGIBLE
TRAIN,2026-02-20T05:00:00+00:00,1205,True,ELIGIBLE
TRAIN,2026-02-20T06:00:00+00:00,1206,True,ELIGIBLE
TRAIN,2026-02-20T07:00:00+00:00,1207,True,ELIGIBLE
TRAIN,2026-02-20T08:00:00+00:00,1208,True,ELIGIBLE
TRAIN,2026-02-20T09:00:00+00:00,1209,True,ELIGIBLE
TRAIN,2026-02-20T10:00:00+00:00,1210,True,ELIGIBLE
TRAIN,2026-02-20T11:00:00+00:00,1211,True,ELIGIBLE
TRAIN,2026-02-20T12:00:00+00:00,1212,True,ELIGIBLE
TRAIN,2026-02-20T13:00:00+00:00,1213,True,ELIGIBLE
TRAIN,2026-02-20T14:00:00+00:00,1214,True,ELIGIBLE
TRAIN,2026-02-20T15:00:00+00:00,1215,True,ELIGIBLE
TRAIN,2026-02-20T16:00:00+00:00,1216,True,ELIGIBLE
TRAIN,2026-02-20T17:00:00+00:00,1217,True,ELIGIBLE
TRAIN,2026-02-20T18:00:00+00:00,1218,True,ELIGIBLE
TRAIN,2026-02-20T19:00:00+00:00,1219,True,ELIGIBLE
TRAIN,2026-02-20T20:00:00+00:00,1220,True,ELIGIBLE
TRAIN,2026-02-20T21:00:00+00:00,1221,True,ELIGIBLE
TRAIN,2026-02-20T22:00:00+00:00,1222,True,ELIGIBLE
TRAIN,2026-02-20T23:00:00+00:00,1223,True,ELIGIBLE
TRAIN,2026-02-21T00:00:00+00:00,1224,True,ELIGIBLE
TRAIN,2026-02-21T01:00:00+00:00,1225,True,ELIGIBLE
TRAIN,2026-02-21T02:00:00+00:00,1226,True,ELIGIBLE
TRAIN,2026-02-21T03:00:00+00:00,1227,True,ELIGIBLE
TRAIN,2026-02-21T04:00:00+00:00,1228,True,ELIGIBLE
TRAIN,2026-02-21T05:00:00+00:00,1229,True,ELIGIBLE
TRAIN,2026-02-21T06:00:00+00:00,1230,True,ELIGIBLE
TRAIN,2026-02-21T07:00:00+00:00,1231,True,ELIGIBLE
TRAIN,2026-02-21T08:00:00+00:00,1232,True,ELIGIBLE
TRAIN,2026-02-21T09:00:00+00:00,1233,True,ELIGIBLE
TRAIN,2026-02-21T10:00:00+00:00,1234,True,ELIGIBLE
TRAIN,2026-02-21T11:00:00+00:00,1235,True,ELIGIBLE
TRAIN,2026-02-21T12:00:00+00:00,1236,True,ELIGIBLE
TRAIN,2026-02-21T13:00:00+00:00,1237,True,ELIGIBLE
TRAIN,2026-02-21T14:00:00+00:00,1238,True,ELIGIBLE
TRAIN,2026-02-21T15:00:00+00:00,1239,True,ELIGIBLE
TRAIN,2026-02-21T16:00:00+00:00,1240,True,ELIGIBLE
TRAIN,2026-02-21T17:00:00+00:00,1241,True,ELIGIBLE
TRAIN,2026-02-21T18:00:00+00:00,1242,True,ELIGIBLE
TRAIN,2026-02-21T19:00:00+00:00,1243,True,ELIGIBLE
TRAIN,2026-02-21T20:00:00+00:00,1244,True,ELIGIBLE
TRAIN,2026-02-21T21:00:00+00:00,1245,True,ELIGIBLE
TRAIN,2026-02-21T22:00:00+00:00,1246,True,ELIGIBLE
TRAIN,2026-02-21T23:00:00+00:00,1247,True,ELIGIBLE
TRAIN,2026-02-22T00:00:00+00:00,1248,True,ELIGIBLE
TRAIN,2026-02-22T01:00:00+00:00,1249,True,ELIGIBLE
TRAIN,2026-02-22T02:00:00+00:00,1250,True,ELIGIBLE
TRAIN,2026-02-22T03:00:00+00:00,1251,True,ELIGIBLE
TRAIN,2026-02-22T04:00:00+00:00,1252,True,ELIGIBLE
TRAIN,2026-02-22T05:00:00+00:00,1253,True,ELIGIBLE
TRAIN,2026-02-22T06:00:00+00:00,1254,True,ELIGIBLE
TRAIN,2026-02-22T07:00:00+00:00,1255,True,ELIGIBLE
TRAIN,2026-02-22T08:00:00+00:00,1256,True,ELIGIBLE
TRAIN,2026-02-22T09:00:00+00:00,1257,True,ELIGIBLE
TRAIN,2026-02-22T10:00:00+00:00,1258,True,ELIGIBLE
TRAIN,2026-02-22T11:00:00+00:00,1259,True,ELIGIBLE
TRAIN,2026-02-22T12:00:00+00:00,1260,True,ELIGIBLE
TRAIN,2026-02-22T13:00:00+00:00,1261,True,ELIGIBLE
TRAIN,2026-02-22T14:00:00+00:00,1262,True,ELIGIBLE
TRAIN,2026-02-22T15:00:00+00:00,1263,True,ELIGIBLE
TRAIN,2026-02-22T16:00:00+00:00,1264,True,ELIGIBLE
TRAIN,2026-02-22T17:00:00+00:00,1265,True,ELIGIBLE
TRAIN,2026-02-22T18:00:00+00:00,1266,True,ELIGIBLE
TRAIN,2026-02-22T19:00:00+00:00,1267,True,ELIGIBLE
TRAIN,2026-02-22T20:00:00+00:00,1268,True,ELIGIBLE
TRAIN,2026-02-22T21:00:00+00:00,1269,True,ELIGIBLE
TRAIN,2026-02-22T22:00:00+00:00,1270,True,ELIGIBLE
TRAIN,2026-02-22T23:00:00+00:00,1271,True,ELIGIBLE
TRAIN,2026-02-23T00:00:00+00:00,1272,True,ELIGIBLE
TRAIN,2026-02-23T01:00:00+00:00,1273,True,ELIGIBLE
TRAIN,2026-02-23T02:00:00+00:00,1274,True,ELIGIBLE
TRAIN,2026-02-23T03:00:00+00:00,1275,True,ELIGIBLE
TRAIN,2026-02-23T04:00:00+00:00,1276,True,ELIGIBLE
TRAIN,2026-02-23T05:00:00+00:00,1277,True,ELIGIBLE
TRAIN,2026-02-23T06:00:00+00:00,1278,True,ELIGIBLE
TRAIN,2026-02-23T07:00:00+00:00,1279,True,ELIGIBLE
TRAIN,2026-02-23T08:00:00+00:00,1280,True,ELIGIBLE
TRAIN,2026-02-23T09:00:00+00:00,1281,True,ELIGIBLE
TRAIN,2026-02-23T10:00:00+00:00,1282,True,ELIGIBLE
TRAIN,2026-02-23T11:00:00+00:00,1283,True,ELIGIBLE
TRAIN,2026-02-23T12:00:00+00:00,1284,True,ELIGIBLE
TRAIN,2026-02-23T13:00:00+00:00,1285,True,ELIGIBLE
TRAIN,2026-02-23T14:00:00+00:00,1286,True,ELIGIBLE
TRAIN,2026-02-23T15:00:00+00:00,1287,True,ELIGIBLE
TRAIN,2026-02-23T16:00:00+00:00,1288,True,ELIGIBLE
TRAIN,2026-02-23T17:00:00+00:00,1289,True,ELIGIBLE
TRAIN,2026-02-23T18:00:00+00:00,1290,True,ELIGIBLE
TRAIN,2026-02-23T19:00:00+00:00,1291,True,ELIGIBLE
TRAIN,2026-02-23T20:00:00+00:00,1292,True,ELIGIBLE
TRAIN,2026-02-23T21:00:00+00:00,1293,True,ELIGIBLE
TRAIN,2026-02-23T22:00:00+00:00,1294,True,ELIGIBLE
TRAIN,2026-02-23T23:00:00+00:00,1295,True,ELIGIBLE
TRAIN,2026-02-24T00:00:00+00:00,1296,True,ELIGIBLE
TRAIN,2026-02-24T01:00:00+00:00,1297,True,ELIGIBLE
TRAIN,2026-02-24T02:00:00+00:00,1298,True,ELIGIBLE
TRAIN,2026-02-24T03:00:00+00:00,1299,True,ELIGIBLE
TRAIN,2026-02-24T04:00:00+00:00,1300,True,ELIGIBLE
TRAIN,2026-02-24T05:00:00+00:00,1301,True,ELIGIBLE
TRAIN,2026-02-24T06:00:00+00:00,1302,True,ELIGIBLE
TRAIN,2026-02-24T07:00:00+00:00,1303,True,ELIGIBLE
TRAIN,2026-02-24T08:00:00+00:00,1304,True,ELIGIBLE
TRAIN,2026-02-24T09:00:00+00:00,1305,True,ELIGIBLE
TRAIN,2026-02-24T10:00:00+00:00,1306,True,ELIGIBLE
TRAIN,2026-02-24T11:00:00+00:00,1307,True,ELIGIBLE
TRAIN,2026-02-24T12:00:00+00:00,1308,True,ELIGIBLE
TRAIN,2026-02-24T13:00:00+00:00,1309,True,ELIGIBLE
TRAIN,2026-02-24T14:00:00+00:00,1310,True,ELIGIBLE
TRAIN,2026-02-24T15:00:00+00:00,1311,True,ELIGIBLE
TRAIN,2026-02-24T16:00:00+00:00,1312,True,ELIGIBLE
TRAIN,2026-02-24T17:00:00+00:00,1313,True,ELIGIBLE
TRAIN,2026-02-24T18:00:00+00:00,1314,True,ELIGIBLE
TRAIN,2026-02-24T19:00:00+00:00,1315,True,ELIGIBLE
TRAIN,2026-02-24T20:00:00+00:00,1316,True,ELIGIBLE
TRAIN,2026-02-24T21:00:00+00:00,1317,True,ELIGIBLE
TRAIN,2026-02-24T22:00:00+00:00,1318,True,ELIGIBLE
TRAIN,2026-02-24T23:00:00+00:00,1319,True,ELIGIBLE
TRAIN,2026-02-25T00:00:00+00:00,1320,True,ELIGIBLE
TRAIN,2026-02-25T01:00:00+00:00,1321,True,ELIGIBLE
TRAIN,2026-02-25T02:00:00+00:00,1322,True,ELIGIBLE
TRAIN,2026-02-25T03:00:00+00:00,1323,True,ELIGIBLE
TRAIN,2026-02-25T04:00:00+00:00,1324,True,ELIGIBLE
TRAIN,2026-02-25T05:00:00+00:00,1325,True,ELIGIBLE
TRAIN,2026-02-25T06:00:00+00:00,1326,True,ELIGIBLE
TRAIN,2026-02-25T07:00:00+00:00,1327,True,ELIGIBLE
TRAIN,2026-02-25T08:00:00+00:00,1328,True,ELIGIBLE
TRAIN,2026-02-25T09:00:00+00:00,1329,True,ELIGIBLE
TRAIN,2026-02-25T10:00:00+00:00,1330,True,ELIGIBLE
TRAIN,2026-02-25T11:00:00+00:00,1331,True,ELIGIBLE
TRAIN,2026-02-25T12:00:00+00:00,1332,True,ELIGIBLE
TRAIN,2026-02-25T13:00:00+00:00,1333,True,ELIGIBLE
TRAIN,2026-02-25T14:00:00+00:00,1334,True,ELIGIBLE
TRAIN,2026-02-25T15:00:00+00:00,1335,True,ELIGIBLE
TRAIN,2026-02-25T16:00:00+00:00,1336,True,ELIGIBLE
TRAIN,2026-02-25T17:00:00+00:00,1337,True,ELIGIBLE
TRAIN,2026-02-25T18:00:00+00:00,1338,True,ELIGIBLE
TRAIN,2026-02-25T19:00:00+00:00,1339,True,ELIGIBLE
TRAIN,2026-02-25T20:00:00+00:00,1340,True,ELIGIBLE
TRAIN,2026-02-25T21:00:00+00:00,1341,True,ELIGIBLE
TRAIN,2026-02-25T22:00:00+00:00,1342,True,ELIGIBLE
TRAIN,2026-02-25T23:00:00+00:00,1343,True,ELIGIBLE
TRAIN,2026-02-26T00:00:00+00:00,1344,True,ELIGIBLE
TRAIN,2026-02-26T01:00:00+00:00,1345,True,ELIGIBLE
TRAIN,2026-02-26T02:00:00+00:00,1346,True,ELIGIBLE
TRAIN,2026-02-26T03:00:00+00:00,1347,True,ELIGIBLE
TRAIN,2026-02-26T04:00:00+00:00,1348,True,ELIGIBLE
TRAIN,2026-02-26T05:00:00+00:00,1349,True,ELIGIBLE
TRAIN,2026-02-26T06:00:00+00:00,1350,True,ELIGIBLE
TRAIN,2026-02-26T07:00:00+00:00,1351,True,ELIGIBLE
TRAIN,2026-02-26T08:00:00+00:00,1352,True,ELIGIBLE
TRAIN,2026-02-26T09:00:00+00:00,1353,True,ELIGIBLE
TRAIN,2026-02-26T10:00:00+00:00,1354,True,ELIGIBLE
TRAIN,2026-02-26T11:00:00+00:00,1355,True,ELIGIBLE
TRAIN,2026-02-26T12:00:00+00:00,1356,True,ELIGIBLE
TRAIN,2026-02-26T13:00:00+00:00,1357,True,ELIGIBLE
TRAIN,2026-02-26T14:00:00+00:00,1358,True,ELIGIBLE
TRAIN,2026-02-26T15:00:00+00:00,1359,True,ELIGIBLE
TRAIN,2026-02-26T16:00:00+00:00,1360,True,ELIGIBLE
TRAIN,2026-02-26T17:00:00+00:00,1361,True,ELIGIBLE
TRAIN,2026-02-26T18:00:00+00:00,1362,True,ELIGIBLE
TRAIN,2026-02-26T19:00:00+00:00,1363,True,ELIGIBLE
TRAIN,2026-02-26T20:00:00+00:00,1364,True,ELIGIBLE
TRAIN,2026-02-26T21:00:00+00:00,1365,True,ELIGIBLE
TRAIN,2026-02-26T22:00:00+00:00,1366,True,ELIGIBLE
TRAIN,2026-02-26T23:00:00+00:00,1367,True,ELIGIBLE
TRAIN,2026-02-27T00:00:00+00:00,1368,True,ELIGIBLE
TRAIN,2026-02-27T01:00:00+00:00,1369,True,ELIGIBLE
TRAIN,2026-02-27T02:00:00+00:00,1370,True,ELIGIBLE
TRAIN,2026-02-27T03:00:00+00:00,1371,True,ELIGIBLE
TRAIN,2026-02-27T04:00:00+00:00,1372,True,ELIGIBLE
TRAIN,2026-02-27T05:00:00+00:00,1373,True,ELIGIBLE
TRAIN,2026-02-27T06:00:00+00:00,1374,True,ELIGIBLE
TRAIN,2026-02-27T07:00:00+00:00,1375,True,ELIGIBLE
TRAIN,2026-02-27T08:00:00+00:00,1376,True,ELIGIBLE
TRAIN,2026-02-27T09:00:00+00:00,1377,True,ELIGIBLE
TRAIN,2026-02-27T10:00:00+00:00,1378,True,ELIGIBLE
TRAIN,2026-02-27T11:00:00+00:00,1379,True,ELIGIBLE
TRAIN,2026-02-27T12:00:00+00:00,1380,True,ELIGIBLE
TRAIN,2026-02-27T13:00:00+00:00,1381,True,ELIGIBLE
TRAIN,2026-02-27T14:00:00+00:00,1382,True,ELIGIBLE
TRAIN,2026-02-27T15:00:00+00:00,1383,True,ELIGIBLE
TRAIN,2026-02-27T16:00:00+00:00,1384,True,ELIGIBLE
TRAIN,2026-02-27T17:00:00+00:00,1385,True,ELIGIBLE
TRAIN,2026-02-27T18:00:00+00:00,1386,True,ELIGIBLE
TRAIN,2026-02-27T19:00:00+00:00,1387,True,ELIGIBLE
TRAIN,2026-02-27T20:00:00+00:00,1388,True,ELIGIBLE
TRAIN,2026-02-27T21:00:00+00:00,1389,True,ELIGIBLE
TRAIN,2026-02-27T22:00:00+00:00,1390,True,ELIGIBLE
TRAIN,2026-02-27T23:00:00+00:00,1391,True,ELIGIBLE
TRAIN,2026-02-28T00:00:00+00:00,1392,True,ELIGIBLE
TRAIN,2026-02-28T01:00:00+00:00,1393,True,ELIGIBLE
TRAIN,2026-02-28T02:00:00+00:00,1394,True,ELIGIBLE
TRAIN,2026-02-28T03:00:00+00:00,1395,True,ELIGIBLE
TRAIN,2026-02-28T04:00:00+00:00,1396,True,ELIGIBLE
TRAIN,2026-02-28T05:00:00+00:00,1397,True,ELIGIBLE
TRAIN,2026-02-28T06:00:00+00:00,1398,True,ELIGIBLE
TRAIN,2026-02-28T07:00:00+00:00,1399,True,ELIGIBLE
TRAIN,2026-02-28T08:00:00+00:00,1400,True,ELIGIBLE
TRAIN,2026-02-28T09:00:00+00:00,1401,True,ELIGIBLE
TRAIN,2026-02-28T10:00:00+00:00,1402,True,ELIGIBLE
TRAIN,2026-02-28T11:00:00+00:00,1403,True,ELIGIBLE
TRAIN,2026-02-28T12:00:00+00:00,1404,True,ELIGIBLE
TRAIN,2026-02-28T13:00:00+00:00,1405,True,ELIGIBLE
TRAIN,2026-02-28T14:00:00+00:00,1406,True,ELIGIBLE
TRAIN,2026-02-28T15:00:00+00:00,1407,True,ELIGIBLE
TRAIN,2026-02-28T16:00:00+00:00,1408,True,ELIGIBLE
TRAIN,2026-02-28T17:00:00+00:00,1409,True,ELIGIBLE
TRAIN,2026-02-28T18:00:00+00:00,1410,True,ELIGIBLE
TRAIN,2026-02-28T19:00:00+00:00,1411,True,ELIGIBLE
TRAIN,2026-02-28T20:00:00+00:00,1412,True,ELIGIBLE
TRAIN,2026-02-28T21:00:00+00:00,1413,True,ELIGIBLE
TRAIN,2026-02-28T22:00:00+00:00,1414,True,ELIGIBLE
TRAIN,2026-02-28T23:00:00+00:00,1415,True,ELIGIBLE
TRAIN,2026-03-01T00:00:00+00:00,1416,True,ELIGIBLE
TRAIN,2026-03-01T01:00:00+00:00,1417,True,ELIGIBLE
TRAIN,2026-03-01T02:00:00+00:00,1418,True,ELIGIBLE
TRAIN,2026-03-01T03:00:00+00:00,1419,True,ELIGIBLE
TRAIN,2026-03-01T04:00:00+00:00,1420,True,ELIGIBLE
TRAIN,2026-03-01T05:00:00+00:00,1421,True,ELIGIBLE
TRAIN,2026-03-01T06:00:00+00:00,1422,True,ELIGIBLE
TRAIN,2026-03-01T07:00:00+00:00,1423,True,ELIGIBLE
TRAIN,2026-03-01T08:00:00+00:00,1424,True,ELIGIBLE
TRAIN,2026-03-01T09:00:00+00:00,1425,True,ELIGIBLE
TRAIN,2026-03-01T10:00:00+00:00,1426,True,ELIGIBLE
TRAIN,2026-03-01T11:00:00+00:00,1427,True,ELIGIBLE
TRAIN,2026-03-01T12:00:00+00:00,1428,True,ELIGIBLE
TRAIN,2026-03-01T13:00:00+00:00,1429,True,ELIGIBLE
TRAIN,2026-03-01T14:00:00+00:00,1430,True,ELIGIBLE
TRAIN,2026-03-01T15:00:00+00:00,1431,True,ELIGIBLE
TRAIN,2026-03-01T16:00:00+00:00,1432,True,ELIGIBLE
TRAIN,2026-03-01T17:00:00+00:00,1433,True,ELIGIBLE
TRAIN,2026-03-01T18:00:00+00:00,1434,True,ELIGIBLE
TRAIN,2026-03-01T19:00:00+00:00,1435,True,ELIGIBLE
TRAIN,2026-03-01T20:00:00+00:00,1436,True,ELIGIBLE
TRAIN,2026-03-01T21:00:00+00:00,1437,True,ELIGIBLE
TRAIN,2026-03-01T22:00:00+00:00,1438,True,ELIGIBLE
TRAIN,2026-03-01T23:00:00+00:00,1439,True,ELIGIBLE
TRAIN,2026-03-02T00:00:00+00:00,1440,True,ELIGIBLE
TRAIN,2026-03-02T01:00:00+00:00,1441,True,ELIGIBLE
TRAIN,2026-03-02T02:00:00+00:00,1442,True,ELIGIBLE
TRAIN,2026-03-02T03:00:00+00:00,1443,True,ELIGIBLE
TRAIN,2026-03-02T04:00:00+00:00,1444,True,ELIGIBLE
TRAIN,2026-03-02T05:00:00+00:00,1445,True,ELIGIBLE
TRAIN,2026-03-02T06:00:00+00:00,1446,True,ELIGIBLE
TRAIN,2026-03-02T07:00:00+00:00,1447,True,ELIGIBLE
TRAIN,2026-03-02T08:00:00+00:00,1448,True,ELIGIBLE
TRAIN,2026-03-02T09:00:00+00:00,1449,True,ELIGIBLE
TRAIN,2026-03-02T10:00:00+00:00,1450,True,ELIGIBLE
TRAIN,2026-03-02T11:00:00+00:00,1451,True,ELIGIBLE
TRAIN,2026-03-02T12:00:00+00:00,1452,True,ELIGIBLE
TRAIN,2026-03-02T13:00:00+00:00,1453,True,ELIGIBLE
TRAIN,2026-03-02T14:00:00+00:00,1454,True,ELIGIBLE
TRAIN,2026-03-02T15:00:00+00:00,1455,True,ELIGIBLE
TRAIN,2026-03-02T16:00:00+00:00,1456,True,ELIGIBLE
TRAIN,2026-03-02T17:00:00+00:00,1457,True,ELIGIBLE
TRAIN,2026-03-02T18:00:00+00:00,1458,True,ELIGIBLE
TRAIN,2026-03-02T19:00:00+00:00,1459,True,ELIGIBLE
TRAIN,2026-03-02T20:00:00+00:00,1460,True,ELIGIBLE
TRAIN,2026-03-02T21:00:00+00:00,1461,True,ELIGIBLE
TRAIN,2026-03-02T22:00:00+00:00,1462,True,ELIGIBLE
TRAIN,2026-03-02T23:00:00+00:00,1463,True,ELIGIBLE
TRAIN,2026-03-03T00:00:00+00:00,1464,True,ELIGIBLE
TRAIN,2026-03-03T01:00:00+00:00,1465,True,ELIGIBLE
TRAIN,2026-03-03T02:00:00+00:00,1466,True,ELIGIBLE
TRAIN,2026-03-03T03:00:00+00:00,1467,True,ELIGIBLE
TRAIN,2026-03-03T04:00:00+00:00,1468,True,ELIGIBLE
TRAIN,2026-03-03T05:00:00+00:00,1469,True,ELIGIBLE
TRAIN,2026-03-03T06:00:00+00:00,1470,True,ELIGIBLE
TRAIN,2026-03-03T07:00:00+00:00,1471,True,ELIGIBLE
TRAIN,2026-03-03T08:00:00+00:00,1472,True,ELIGIBLE
TRAIN,2026-03-03T09:00:00+00:00,1473,True,ELIGIBLE
TRAIN,2026-03-03T10:00:00+00:00,1474,True,ELIGIBLE
TRAIN,2026-03-03T11:00:00+00:00,1475,True,ELIGIBLE
TRAIN,2026-03-03T12:00:00+00:00,1476,True,ELIGIBLE
TRAIN,2026-03-03T13:00:00+00:00,1477,True,ELIGIBLE
TRAIN,2026-03-03T14:00:00+00:00,1478,True,ELIGIBLE
TRAIN,2026-03-03T15:00:00+00:00,1479,True,ELIGIBLE
TRAIN,2026-03-03T16:00:00+00:00,1480,True,ELIGIBLE
TRAIN,2026-03-03T17:00:00+00:00,1481,True,ELIGIBLE
TRAIN,2026-03-03T18:00:00+00:00,1482,True,ELIGIBLE
TRAIN,2026-03-03T19:00:00+00:00,1483,True,ELIGIBLE
TRAIN,2026-03-03T20:00:00+00:00,1484,True,ELIGIBLE
TRAIN,2026-03-03T21:00:00+00:00,1485,True,ELIGIBLE
TRAIN,2026-03-03T22:00:00+00:00,1486,True,ELIGIBLE
TRAIN,2026-03-03T23:00:00+00:00,1487,True,ELIGIBLE
TRAIN,2026-03-04T00:00:00+00:00,1488,True,ELIGIBLE
TRAIN,2026-03-04T01:00:00+00:00,1489,True,ELIGIBLE
TRAIN,2026-03-04T02:00:00+00:00,1490,True,ELIGIBLE
TRAIN,2026-03-04T03:00:00+00:00,1491,True,ELIGIBLE
TRAIN,2026-03-04T04:00:00+00:00,1492,True,ELIGIBLE
TRAIN,2026-03-04T05:00:00+00:00,1493,True,ELIGIBLE
TRAIN,2026-03-04T06:00:00+00:00,1494,True,ELIGIBLE
TRAIN,2026-03-04T07:00:00+00:00,1495,True,ELIGIBLE
TRAIN,2026-03-04T08:00:00+00:00,1496,True,ELIGIBLE
TRAIN,2026-03-04T09:00:00+00:00,1497,True,ELIGIBLE
TRAIN,2026-03-04T10:00:00+00:00,1498,True,ELIGIBLE
TRAIN,2026-03-04T11:00:00+00:00,1499,True,ELIGIBLE
TRAIN,2026-03-04T12:00:00+00:00,1500,True,ELIGIBLE
TRAIN,2026-03-04T13:00:00+00:00,1501,True,ELIGIBLE
TRAIN,2026-03-04T14:00:00+00:00,1502,True,ELIGIBLE
TRAIN,2026-03-04T15:00:00+00:00,1503,True,ELIGIBLE
TRAIN,2026-03-04T16:00:00+00:00,1504,True,ELIGIBLE
TRAIN,2026-03-04T17:00:00+00:00,1505,True,ELIGIBLE
TRAIN,2026-03-04T18:00:00+00:00,1506,True,ELIGIBLE
TRAIN,2026-03-04T19:00:00+00:00,1507,True,ELIGIBLE
TRAIN,2026-03-04T20:00:00+00:00,1508,True,ELIGIBLE
TRAIN,2026-03-04T21:00:00+00:00,1509,True,ELIGIBLE
TRAIN,2026-03-04T22:00:00+00:00,1510,True,ELIGIBLE
TRAIN,2026-03-04T23:00:00+00:00,1511,True,ELIGIBLE
TRAIN,2026-03-05T00:00:00+00:00,1512,True,ELIGIBLE
TRAIN,2026-03-05T01:00:00+00:00,1513,True,ELIGIBLE
TRAIN,2026-03-05T02:00:00+00:00,1514,True,ELIGIBLE
TRAIN,2026-03-05T03:00:00+00:00,1515,True,ELIGIBLE
TRAIN,2026-03-05T04:00:00+00:00,1516,True,ELIGIBLE
TRAIN,2026-03-05T05:00:00+00:00,1517,True,ELIGIBLE
TRAIN,2026-03-05T06:00:00+00:00,1518,True,ELIGIBLE
TRAIN,2026-03-05T07:00:00+00:00,1519,True,ELIGIBLE
TRAIN,2026-03-05T08:00:00+00:00,1520,True,ELIGIBLE
TRAIN,2026-03-05T09:00:00+00:00,1521,True,ELIGIBLE
TRAIN,2026-03-05T10:00:00+00:00,1522,True,ELIGIBLE
TRAIN,2026-03-05T11:00:00+00:00,1523,True,ELIGIBLE
TRAIN,2026-03-05T12:00:00+00:00,1524,True,ELIGIBLE
TRAIN,2026-03-05T13:00:00+00:00,1525,True,ELIGIBLE
TRAIN,2026-03-05T14:00:00+00:00,1526,True,ELIGIBLE
TRAIN,2026-03-05T15:00:00+00:00,1527,True,ELIGIBLE
TRAIN,2026-03-05T16:00:00+00:00,1528,True,ELIGIBLE
TRAIN,2026-03-05T17:00:00+00:00,1529,True,ELIGIBLE
TRAIN,2026-03-05T18:00:00+00:00,1530,True,ELIGIBLE
TRAIN,2026-03-05T19:00:00+00:00,1531,True,ELIGIBLE
TRAIN,2026-03-05T20:00:00+00:00,1532,True,ELIGIBLE
TRAIN,2026-03-05T21:00:00+00:00,1533,True,ELIGIBLE
TRAIN,2026-03-05T22:00:00+00:00,1534,True,ELIGIBLE
TRAIN,2026-03-05T23:00:00+00:00,1535,True,ELIGIBLE
TRAIN,2026-03-06T00:00:00+00:00,1536,True,ELIGIBLE
TRAIN,2026-03-06T01:00:00+00:00,1537,True,ELIGIBLE
TRAIN,2026-03-06T02:00:00+00:00,1538,True,ELIGIBLE
TRAIN,2026-03-06T03:00:00+00:00,1539,True,ELIGIBLE
TRAIN,2026-03-06T04:00:00+00:00,1540,True,ELIGIBLE
TRAIN,2026-03-06T05:00:00+00:00,1541,True,ELIGIBLE
TRAIN,2026-03-06T06:00:00+00:00,1542,True,ELIGIBLE
TRAIN,2026-03-06T07:00:00+00:00,1543,True,ELIGIBLE
TRAIN,2026-03-06T08:00:00+00:00,1544,True,ELIGIBLE
TRAIN,2026-03-06T09:00:00+00:00,1545,True,ELIGIBLE
TRAIN,2026-03-06T10:00:00+00:00,1546,True,ELIGIBLE
TRAIN,2026-03-06T11:00:00+00:00,1547,True,ELIGIBLE
TRAIN,2026-03-06T12:00:00+00:00,1548,True,ELIGIBLE
TRAIN,2026-03-06T13:00:00+00:00,1549,True,ELIGIBLE
TRAIN,2026-03-06T14:00:00+00:00,1550,True,ELIGIBLE
TRAIN,2026-03-06T15:00:00+00:00,1551,True,ELIGIBLE
TRAIN,2026-03-06T16:00:00+00:00,1552,True,ELIGIBLE
TRAIN,2026-03-06T17:00:00+00:00,1553,True,ELIGIBLE
TRAIN,2026-03-06T18:00:00+00:00,1554,True,ELIGIBLE
TRAIN,2026-03-06T19:00:00+00:00,1555,True,ELIGIBLE
TRAIN,2026-03-06T20:00:00+00:00,1556,True,ELIGIBLE
TRAIN,2026-03-06T21:00:00+00:00,1557,True,ELIGIBLE
TRAIN,2026-03-06T22:00:00+00:00,1558,True,ELIGIBLE
TRAIN,2026-03-06T23:00:00+00:00,1559,True,ELIGIBLE
TRAIN,2026-03-07T00:00:00+00:00,1560,True,ELIGIBLE
TRAIN,2026-03-07T01:00:00+00:00,1561,True,ELIGIBLE
TRAIN,2026-03-07T02:00:00+00:00,1562,True,ELIGIBLE
TRAIN,2026-03-07T03:00:00+00:00,1563,True,ELIGIBLE
TRAIN,2026-03-07T04:00:00+00:00,1564,True,ELIGIBLE
TRAIN,2026-03-07T05:00:00+00:00,1565,True,ELIGIBLE
TRAIN,2026-03-07T06:00:00+00:00,1566,True,ELIGIBLE
TRAIN,2026-03-07T07:00:00+00:00,1567,True,ELIGIBLE
TRAIN,2026-03-07T08:00:00+00:00,1568,True,ELIGIBLE
TRAIN,2026-03-07T09:00:00+00:00,1569,True,ELIGIBLE
TRAIN,2026-03-07T10:00:00+00:00,1570,True,ELIGIBLE
TRAIN,2026-03-07T11:00:00+00:00,1571,True,ELIGIBLE
TRAIN,2026-03-07T12:00:00+00:00,1572,True,ELIGIBLE
TRAIN,2026-03-07T13:00:00+00:00,1573,True,ELIGIBLE
TRAIN,2026-03-07T14:00:00+00:00,1574,True,ELIGIBLE
TRAIN,2026-03-07T15:00:00+00:00,1575,True,ELIGIBLE
TRAIN,2026-03-07T16:00:00+00:00,1576,True,ELIGIBLE
TRAIN,2026-03-07T17:00:00+00:00,1577,True,ELIGIBLE
TRAIN,2026-03-07T18:00:00+00:00,1578,True,ELIGIBLE
TRAIN,2026-03-07T19:00:00+00:00,1579,True,ELIGIBLE
TRAIN,2026-03-07T20:00:00+00:00,1580,True,ELIGIBLE
TRAIN,2026-03-07T21:00:00+00:00,1581,True,ELIGIBLE
TRAIN,2026-03-07T22:00:00+00:00,1582,True,ELIGIBLE
TRAIN,2026-03-07T23:00:00+00:00,1583,True,ELIGIBLE
TRAIN,2026-03-08T00:00:00+00:00,1584,True,ELIGIBLE
TRAIN,2026-03-08T01:00:00+00:00,1585,True,ELIGIBLE
TRAIN,2026-03-08T02:00:00+00:00,1586,True,ELIGIBLE
TRAIN,2026-03-08T03:00:00+00:00,1587,True,ELIGIBLE
TRAIN,2026-03-08T04:00:00+00:00,1588,True,ELIGIBLE
TRAIN,2026-03-08T05:00:00+00:00,1589,True,ELIGIBLE
TRAIN,2026-03-08T06:00:00+00:00,1590,True,ELIGIBLE
TRAIN,2026-03-08T07:00:00+00:00,1591,True,ELIGIBLE
TRAIN,2026-03-08T08:00:00+00:00,1592,True,ELIGIBLE
TRAIN,2026-03-08T09:00:00+00:00,1593,True,ELIGIBLE
TRAIN,2026-03-08T10:00:00+00:00,1594,True,ELIGIBLE
TRAIN,2026-03-08T11:00:00+00:00,1595,True,ELIGIBLE
TRAIN,2026-03-08T12:00:00+00:00,1596,True,ELIGIBLE
TRAIN,2026-03-08T13:00:00+00:00,1597,True,ELIGIBLE
TRAIN,2026-03-08T14:00:00+00:00,1598,True,ELIGIBLE
TRAIN,2026-03-08T15:00:00+00:00,1599,True,ELIGIBLE
TRAIN,2026-03-08T16:00:00+00:00,1600,True,ELIGIBLE
TRAIN,2026-03-08T17:00:00+00:00,1601,True,ELIGIBLE
TRAIN,2026-03-08T18:00:00+00:00,1602,True,ELIGIBLE
TRAIN,2026-03-08T19:00:00+00:00,1603,True,ELIGIBLE
TRAIN,2026-03-08T20:00:00+00:00,1604,True,ELIGIBLE
TRAIN,2026-03-08T21:00:00+00:00,1605,True,ELIGIBLE
TRAIN,2026-03-08T22:00:00+00:00,1606,True,ELIGIBLE
TRAIN,2026-03-08T23:00:00+00:00,1607,True,ELIGIBLE
TRAIN,2026-03-09T00:00:00+00:00,1608,True,ELIGIBLE
TRAIN,2026-03-09T01:00:00+00:00,1609,True,ELIGIBLE
TRAIN,2026-03-09T02:00:00+00:00,1610,True,ELIGIBLE
TRAIN,2026-03-09T03:00:00+00:00,1611,True,ELIGIBLE
TRAIN,2026-03-09T04:00:00+00:00,1612,True,ELIGIBLE
TRAIN,2026-03-09T05:00:00+00:00,1613,True,ELIGIBLE
TRAIN,2026-03-09T06:00:00+00:00,1614,True,ELIGIBLE
TRAIN,2026-03-09T07:00:00+00:00,1615,True,ELIGIBLE
TRAIN,2026-03-09T08:00:00+00:00,1616,True,ELIGIBLE
TRAIN,2026-03-09T09:00:00+00:00,1617,True,ELIGIBLE
TRAIN,2026-03-09T10:00:00+00:00,1618,True,ELIGIBLE
TRAIN,2026-03-09T11:00:00+00:00,1619,True,ELIGIBLE
TRAIN,2026-03-09T12:00:00+00:00,1620,True,ELIGIBLE
TRAIN,2026-03-09T13:00:00+00:00,1621,True,ELIGIBLE
TRAIN,2026-03-09T14:00:00+00:00,1622,True,ELIGIBLE
TRAIN,2026-03-09T15:00:00+00:00,1623,True,ELIGIBLE
TRAIN,2026-03-09T16:00:00+00:00,1624,True,ELIGIBLE
TRAIN,2026-03-09T17:00:00+00:00,1625,True,ELIGIBLE
TRAIN,2026-03-09T18:00:00+00:00,1626,True,ELIGIBLE
TRAIN,2026-03-09T19:00:00+00:00,1627,True,ELIGIBLE
TRAIN,2026-03-09T20:00:00+00:00,1628,True,ELIGIBLE
TRAIN,2026-03-09T21:00:00+00:00,1629,True,ELIGIBLE
TRAIN,2026-03-09T22:00:00+00:00,1630,True,ELIGIBLE
TRAIN,2026-03-09T23:00:00+00:00,1631,True,ELIGIBLE
TRAIN,2026-03-10T00:00:00+00:00,1632,True,ELIGIBLE
TRAIN,2026-03-10T01:00:00+00:00,1633,True,ELIGIBLE
TRAIN,2026-03-10T02:00:00+00:00,1634,True,ELIGIBLE
TRAIN,2026-03-10T03:00:00+00:00,1635,True,ELIGIBLE
TRAIN,2026-03-10T04:00:00+00:00,1636,True,ELIGIBLE
TRAIN,2026-03-10T05:00:00+00:00,1637,True,ELIGIBLE
TRAIN,2026-03-10T06:00:00+00:00,1638,True,ELIGIBLE
TRAIN,2026-03-10T07:00:00+00:00,1639,True,ELIGIBLE
TRAIN,2026-03-10T08:00:00+00:00,1640,True,ELIGIBLE
TRAIN,2026-03-10T09:00:00+00:00,1641,True,ELIGIBLE
TRAIN,2026-03-10T10:00:00+00:00,1642,True,ELIGIBLE
TRAIN,2026-03-10T11:00:00+00:00,1643,True,ELIGIBLE
TRAIN,2026-03-10T12:00:00+00:00,1644,True,ELIGIBLE
TRAIN,2026-03-10T13:00:00+00:00,1645,True,ELIGIBLE
TRAIN,2026-03-10T14:00:00+00:00,1646,True,ELIGIBLE
TRAIN,2026-03-10T15:00:00+00:00,1647,True,ELIGIBLE
TRAIN,2026-03-10T16:00:00+00:00,1648,True,ELIGIBLE
TRAIN,2026-03-10T17:00:00+00:00,1649,True,ELIGIBLE
TRAIN,2026-03-10T18:00:00+00:00,1650,True,ELIGIBLE
TRAIN,2026-03-10T19:00:00+00:00,1651,True,ELIGIBLE
TRAIN,2026-03-10T20:00:00+00:00,1652,True,ELIGIBLE
TRAIN,2026-03-10T21:00:00+00:00,1653,True,ELIGIBLE
TRAIN,2026-03-10T22:00:00+00:00,1654,True,ELIGIBLE
TRAIN,2026-03-10T23:00:00+00:00,1655,True,ELIGIBLE
TRAIN,2026-03-11T00:00:00+00:00,1656,True,ELIGIBLE
TRAIN,2026-03-11T01:00:00+00:00,1657,True,ELIGIBLE
TRAIN,2026-03-11T02:00:00+00:00,1658,True,ELIGIBLE
TRAIN,2026-03-11T03:00:00+00:00,1659,True,ELIGIBLE
TRAIN,2026-03-11T04:00:00+00:00,1660,True,ELIGIBLE
TRAIN,2026-03-11T05:00:00+00:00,1661,True,ELIGIBLE
TRAIN,2026-03-11T06:00:00+00:00,1662,True,ELIGIBLE
TRAIN,2026-03-11T07:00:00+00:00,1663,True,ELIGIBLE
TRAIN,2026-03-11T08:00:00+00:00,1664,True,ELIGIBLE
TRAIN,2026-03-11T09:00:00+00:00,1665,True,ELIGIBLE
TRAIN,2026-03-11T10:00:00+00:00,1666,True,ELIGIBLE
TRAIN,2026-03-11T11:00:00+00:00,1667,True,ELIGIBLE
TRAIN,2026-03-11T12:00:00+00:00,1668,True,ELIGIBLE
TRAIN,2026-03-11T13:00:00+00:00,1669,True,ELIGIBLE
TRAIN,2026-03-11T14:00:00+00:00,1670,True,ELIGIBLE
TRAIN,2026-03-11T15:00:00+00:00,1671,True,ELIGIBLE
TRAIN,2026-03-11T16:00:00+00:00,1672,True,ELIGIBLE
TRAIN,2026-03-11T17:00:00+00:00,1673,True,ELIGIBLE
TRAIN,2026-03-11T18:00:00+00:00,1674,True,ELIGIBLE
TRAIN,2026-03-11T19:00:00+00:00,1675,True,ELIGIBLE
TRAIN,2026-03-11T20:00:00+00:00,1676,True,ELIGIBLE
TRAIN,2026-03-11T21:00:00+00:00,1677,True,ELIGIBLE
TRAIN,2026-03-11T22:00:00+00:00,1678,True,ELIGIBLE
TRAIN,2026-03-11T23:00:00+00:00,1679,True,ELIGIBLE
TRAIN,2026-03-12T00:00:00+00:00,1680,True,ELIGIBLE
TRAIN,2026-03-12T01:00:00+00:00,1681,True,ELIGIBLE
TRAIN,2026-03-12T02:00:00+00:00,1682,True,ELIGIBLE
TRAIN,2026-03-12T03:00:00+00:00,1683,True,ELIGIBLE
TRAIN,2026-03-12T04:00:00+00:00,1684,True,ELIGIBLE
TRAIN,2026-03-12T05:00:00+00:00,1685,True,ELIGIBLE
TRAIN,2026-03-12T06:00:00+00:00,1686,True,ELIGIBLE
TRAIN,2026-03-12T07:00:00+00:00,1687,True,ELIGIBLE
TRAIN,2026-03-12T08:00:00+00:00,1688,True,ELIGIBLE
TRAIN,2026-03-12T09:00:00+00:00,1689,True,ELIGIBLE
TRAIN,2026-03-12T10:00:00+00:00,1690,True,ELIGIBLE
TRAIN,2026-03-12T11:00:00+00:00,1691,True,ELIGIBLE
TRAIN,2026-03-12T12:00:00+00:00,1692,True,ELIGIBLE
TRAIN,2026-03-12T13:00:00+00:00,1693,True,ELIGIBLE
TRAIN,2026-03-12T14:00:00+00:00,1694,True,ELIGIBLE
TRAIN,2026-03-12T15:00:00+00:00,1695,True,ELIGIBLE
TRAIN,2026-03-12T16:00:00+00:00,1696,True,ELIGIBLE
TRAIN,2026-03-12T17:00:00+00:00,1697,True,ELIGIBLE
TRAIN,2026-03-12T18:00:00+00:00,1698,True,ELIGIBLE
TRAIN,2026-03-12T19:00:00+00:00,1699,True,ELIGIBLE
TRAIN,2026-03-12T20:00:00+00:00,1700,True,ELIGIBLE
TRAIN,2026-03-12T21:00:00+00:00,1701,True,ELIGIBLE
TRAIN,2026-03-12T22:00:00+00:00,1702,True,ELIGIBLE
TRAIN,2026-03-12T23:00:00+00:00,1703,True,ELIGIBLE
TRAIN,2026-03-13T00:00:00+00:00,1704,True,ELIGIBLE
TRAIN,2026-03-13T01:00:00+00:00,1705,True,ELIGIBLE
TRAIN,2026-03-13T02:00:00+00:00,1706,True,ELIGIBLE
TRAIN,2026-03-13T03:00:00+00:00,1707,True,ELIGIBLE
TRAIN,2026-03-13T04:00:00+00:00,1708,True,ELIGIBLE
TRAIN,2026-03-13T05:00:00+00:00,1709,True,ELIGIBLE
TRAIN,2026-03-13T06:00:00+00:00,1710,True,ELIGIBLE
TRAIN,2026-03-13T07:00:00+00:00,1711,True,ELIGIBLE
TRAIN,2026-03-13T08:00:00+00:00,1712,True,ELIGIBLE
TRAIN,2026-03-13T09:00:00+00:00,1713,True,ELIGIBLE
TRAIN,2026-03-13T10:00:00+00:00,1714,True,ELIGIBLE
TRAIN,2026-03-13T11:00:00+00:00,1715,True,ELIGIBLE
TRAIN,2026-03-13T12:00:00+00:00,1716,True,ELIGIBLE
TRAIN,2026-03-13T13:00:00+00:00,1717,True,ELIGIBLE
TRAIN,2026-03-13T14:00:00+00:00,1718,True,ELIGIBLE
TRAIN,2026-03-13T15:00:00+00:00,1719,True,ELIGIBLE
TRAIN,2026-03-13T16:00:00+00:00,1720,True,ELIGIBLE
TRAIN,2026-03-13T17:00:00+00:00,1721,True,ELIGIBLE
TRAIN,2026-03-13T18:00:00+00:00,1722,True,ELIGIBLE
TRAIN,2026-03-13T19:00:00+00:00,1723,True,ELIGIBLE
TRAIN,2026-03-13T20:00:00+00:00,1724,True,ELIGIBLE
TRAIN,2026-03-13T21:00:00+00:00,1725,True,ELIGIBLE
TRAIN,2026-03-13T22:00:00+00:00,1726,True,ELIGIBLE
TRAIN,2026-03-13T23:00:00+00:00,1727,True,ELIGIBLE
TRAIN,2026-03-14T00:00:00+00:00,1728,True,ELIGIBLE
TRAIN,2026-03-14T01:00:00+00:00,1729,True,ELIGIBLE
TRAIN,2026-03-14T02:00:00+00:00,1730,True,ELIGIBLE
TRAIN,2026-03-14T03:00:00+00:00,1731,True,ELIGIBLE
TRAIN,2026-03-14T04:00:00+00:00,1732,True,ELIGIBLE
TRAIN,2026-03-14T05:00:00+00:00,1733,True,ELIGIBLE
TRAIN,2026-03-14T06:00:00+00:00,1734,True,ELIGIBLE
TRAIN,2026-03-14T07:00:00+00:00,1735,True,ELIGIBLE
TRAIN,2026-03-14T08:00:00+00:00,1736,True,ELIGIBLE
TRAIN,2026-03-14T09:00:00+00:00,1737,True,ELIGIBLE
TRAIN,2026-03-14T10:00:00+00:00,1738,True,ELIGIBLE
TRAIN,2026-03-14T11:00:00+00:00,1739,True,ELIGIBLE
TRAIN,2026-03-14T12:00:00+00:00,1740,True,ELIGIBLE
TRAIN,2026-03-14T13:00:00+00:00,1741,True,ELIGIBLE
TRAIN,2026-03-14T14:00:00+00:00,1742,True,ELIGIBLE
TRAIN,2026-03-14T15:00:00+00:00,1743,True,ELIGIBLE
TRAIN,2026-03-14T16:00:00+00:00,1744,True,ELIGIBLE
TRAIN,2026-03-14T17:00:00+00:00,1745,True,ELIGIBLE
TRAIN,2026-03-14T18:00:00+00:00,1746,True,ELIGIBLE
TRAIN,2026-03-14T19:00:00+00:00,1747,True,ELIGIBLE
TRAIN,2026-03-14T20:00:00+00:00,1748,True,ELIGIBLE
TRAIN,2026-03-14T21:00:00+00:00,1749,True,ELIGIBLE
TRAIN,2026-03-14T22:00:00+00:00,1750,True,ELIGIBLE
TRAIN,2026-03-14T23:00:00+00:00,1751,True,ELIGIBLE
TRAIN,2026-03-15T00:00:00+00:00,1752,True,ELIGIBLE
TRAIN,2026-03-15T01:00:00+00:00,1753,True,ELIGIBLE
TRAIN,2026-03-15T02:00:00+00:00,1754,True,ELIGIBLE
TRAIN,2026-03-15T03:00:00+00:00,1755,True,ELIGIBLE
TRAIN,2026-03-15T04:00:00+00:00,1756,True,ELIGIBLE
TRAIN,2026-03-15T05:00:00+00:00,1757,True,ELIGIBLE
TRAIN,2026-03-15T06:00:00+00:00,1758,True,ELIGIBLE
TRAIN,2026-03-15T07:00:00+00:00,1759,True,ELIGIBLE
TRAIN,2026-03-15T08:00:00+00:00,1760,True,ELIGIBLE
TRAIN,2026-03-15T09:00:00+00:00,1761,True,ELIGIBLE
TRAIN,2026-03-15T10:00:00+00:00,1762,True,ELIGIBLE
TRAIN,2026-03-15T11:00:00+00:00,1763,True,ELIGIBLE
TRAIN,2026-03-15T12:00:00+00:00,1764,True,ELIGIBLE
TRAIN,2026-03-15T13:00:00+00:00,1765,True,ELIGIBLE
TRAIN,2026-03-15T14:00:00+00:00,1766,True,ELIGIBLE
TRAIN,2026-03-15T15:00:00+00:00,1767,True,ELIGIBLE
TRAIN,2026-03-15T16:00:00+00:00,1768,True,ELIGIBLE
TRAIN,2026-03-15T17:00:00+00:00,1769,True,ELIGIBLE
TRAIN,2026-03-15T18:00:00+00:00,1770,True,ELIGIBLE
TRAIN,2026-03-15T19:00:00+00:00,1771,True,ELIGIBLE
TRAIN,2026-03-15T20:00:00+00:00,1772,True,ELIGIBLE
TRAIN,2026-03-15T21:00:00+00:00,1773,True,ELIGIBLE
TRAIN,2026-03-15T22:00:00+00:00,1774,True,ELIGIBLE
TRAIN,2026-03-15T23:00:00+00:00,1775,True,ELIGIBLE
TRAIN,2026-03-16T00:00:00+00:00,1776,True,ELIGIBLE
TRAIN,2026-03-16T01:00:00+00:00,1777,True,ELIGIBLE
TRAIN,2026-03-16T02:00:00+00:00,1778,True,ELIGIBLE
TRAIN,2026-03-16T03:00:00+00:00,1779,True,ELIGIBLE
TRAIN,2026-03-16T04:00:00+00:00,1780,True,ELIGIBLE
TRAIN,2026-03-16T05:00:00+00:00,1781,True,ELIGIBLE
TRAIN,2026-03-16T06:00:00+00:00,1782,True,ELIGIBLE
TRAIN,2026-03-16T07:00:00+00:00,1783,True,ELIGIBLE
TRAIN,2026-03-16T08:00:00+00:00,1784,True,ELIGIBLE
TRAIN,2026-03-16T09:00:00+00:00,1785,True,ELIGIBLE
TRAIN,2026-03-16T10:00:00+00:00,1786,True,ELIGIBLE
TRAIN,2026-03-16T11:00:00+00:00,1787,True,ELIGIBLE
TRAIN,2026-03-16T12:00:00+00:00,1788,True,ELIGIBLE
TRAIN,2026-03-16T13:00:00+00:00,1789,True,ELIGIBLE
TRAIN,2026-03-16T14:00:00+00:00,1790,True,ELIGIBLE
TRAIN,2026-03-16T15:00:00+00:00,1791,True,ELIGIBLE
TRAIN,2026-03-16T16:00:00+00:00,1792,True,ELIGIBLE
TRAIN,2026-03-16T17:00:00+00:00,1793,True,ELIGIBLE
TRAIN,2026-03-16T18:00:00+00:00,1794,True,ELIGIBLE
TRAIN,2026-03-16T19:00:00+00:00,1795,True,ELIGIBLE
TRAIN,2026-03-16T20:00:00+00:00,1796,True,ELIGIBLE
TRAIN,2026-03-16T21:00:00+00:00,1797,True,ELIGIBLE
TRAIN,2026-03-16T22:00:00+00:00,1798,True,ELIGIBLE
TRAIN,2026-03-16T23:00:00+00:00,1799,True,ELIGIBLE
TRAIN,2026-03-17T00:00:00+00:00,1800,True,ELIGIBLE
TRAIN,2026-03-17T01:00:00+00:00,1801,True,ELIGIBLE
TRAIN,2026-03-17T02:00:00+00:00,1802,True,ELIGIBLE
TRAIN,2026-03-17T03:00:00+00:00,1803,True,ELIGIBLE
TRAIN,2026-03-17T04:00:00+00:00,1804,True,ELIGIBLE
TRAIN,2026-03-17T05:00:00+00:00,1805,True,ELIGIBLE
TRAIN,2026-03-17T06:00:00+00:00,1806,True,ELIGIBLE
TRAIN,2026-03-17T07:00:00+00:00,1807,True,ELIGIBLE
TRAIN,2026-03-17T08:00:00+00:00,1808,True,ELIGIBLE
TRAIN,2026-03-17T09:00:00+00:00,1809,True,ELIGIBLE
TRAIN,2026-03-17T10:00:00+00:00,1810,True,ELIGIBLE
TRAIN,2026-03-17T11:00:00+00:00,1811,True,ELIGIBLE
TRAIN,2026-03-17T12:00:00+00:00,1812,True,ELIGIBLE
TRAIN,2026-03-17T13:00:00+00:00,1813,True,ELIGIBLE
TRAIN,2026-03-17T14:00:00+00:00,1814,True,ELIGIBLE
TRAIN,2026-03-17T15:00:00+00:00,1815,True,ELIGIBLE
TRAIN,2026-03-17T16:00:00+00:00,1816,True,ELIGIBLE
TRAIN,2026-03-17T17:00:00+00:00,1817,True,ELIGIBLE
TRAIN,2026-03-17T18:00:00+00:00,1818,True,ELIGIBLE
TRAIN,2026-03-17T19:00:00+00:00,1819,True,ELIGIBLE
TRAIN,2026-03-17T20:00:00+00:00,1820,True,ELIGIBLE
TRAIN,2026-03-17T21:00:00+00:00,1821,True,ELIGIBLE
TRAIN,2026-03-17T22:00:00+00:00,1822,True,ELIGIBLE
TRAIN,2026-03-17T23:00:00+00:00,1823,True,ELIGIBLE
TRAIN,2026-03-18T00:00:00+00:00,1824,True,ELIGIBLE
TRAIN,2026-03-18T01:00:00+00:00,1825,True,ELIGIBLE
TRAIN,2026-03-18T02:00:00+00:00,1826,True,ELIGIBLE
TRAIN,2026-03-18T03:00:00+00:00,1827,True,ELIGIBLE
TRAIN,2026-03-18T04:00:00+00:00,1828,True,ELIGIBLE
TRAIN,2026-03-18T05:00:00+00:00,1829,True,ELIGIBLE
TRAIN,2026-03-18T06:00:00+00:00,1830,True,ELIGIBLE
TRAIN,2026-03-18T07:00:00+00:00,1831,True,ELIGIBLE
TRAIN,2026-03-18T08:00:00+00:00,1832,True,ELIGIBLE
TRAIN,2026-03-18T09:00:00+00:00,1833,True,ELIGIBLE
TRAIN,2026-03-18T10:00:00+00:00,1834,True,ELIGIBLE
TRAIN,2026-03-18T11:00:00+00:00,1835,True,ELIGIBLE
TRAIN,2026-03-18T12:00:00+00:00,1836,True,ELIGIBLE
TRAIN,2026-03-18T13:00:00+00:00,1837,True,ELIGIBLE
TRAIN,2026-03-18T14:00:00+00:00,1838,True,ELIGIBLE
TRAIN,2026-03-18T15:00:00+00:00,1839,True,ELIGIBLE
TRAIN,2026-03-18T16:00:00+00:00,1840,True,ELIGIBLE
TRAIN,2026-03-18T17:00:00+00:00,1841,True,ELIGIBLE
TRAIN,2026-03-18T18:00:00+00:00,1842,True,ELIGIBLE
TRAIN,2026-03-18T19:00:00+00:00,1843,True,ELIGIBLE
TRAIN,2026-03-18T20:00:00+00:00,1844,True,ELIGIBLE
TRAIN,2026-03-18T21:00:00+00:00,1845,True,ELIGIBLE
TRAIN,2026-03-18T22:00:00+00:00,1846,True,ELIGIBLE
TRAIN,2026-03-18T23:00:00+00:00,1847,True,ELIGIBLE
TRAIN,2026-03-19T00:00:00+00:00,1848,True,ELIGIBLE
TRAIN,2026-03-19T01:00:00+00:00,1849,True,ELIGIBLE
TRAIN,2026-03-19T02:00:00+00:00,1850,True,ELIGIBLE
TRAIN,2026-03-19T03:00:00+00:00,1851,True,ELIGIBLE
TRAIN,2026-03-19T04:00:00+00:00,1852,True,ELIGIBLE
TRAIN,2026-03-19T05:00:00+00:00,1853,True,ELIGIBLE
TRAIN,2026-03-19T06:00:00+00:00,1854,True,ELIGIBLE
TRAIN,2026-03-19T07:00:00+00:00,1855,True,ELIGIBLE
TRAIN,2026-03-19T08:00:00+00:00,1856,True,ELIGIBLE
TRAIN,2026-03-19T09:00:00+00:00,1857,True,ELIGIBLE
TRAIN,2026-03-19T10:00:00+00:00,1858,True,ELIGIBLE
TRAIN,2026-03-19T11:00:00+00:00,1859,True,ELIGIBLE
TRAIN,2026-03-19T12:00:00+00:00,1860,True,ELIGIBLE
TRAIN,2026-03-19T13:00:00+00:00,1861,True,ELIGIBLE
TRAIN,2026-03-19T14:00:00+00:00,1862,True,ELIGIBLE
TRAIN,2026-03-19T15:00:00+00:00,1863,True,ELIGIBLE
TRAIN,2026-03-19T16:00:00+00:00,1864,True,ELIGIBLE
TRAIN,2026-03-19T17:00:00+00:00,1865,True,ELIGIBLE
TRAIN,2026-03-19T18:00:00+00:00,1866,True,ELIGIBLE
TRAIN,2026-03-19T19:00:00+00:00,1867,True,ELIGIBLE
TRAIN,2026-03-19T20:00:00+00:00,1868,True,ELIGIBLE
TRAIN,2026-03-19T21:00:00+00:00,1869,True,ELIGIBLE
TRAIN,2026-03-19T22:00:00+00:00,1870,True,ELIGIBLE
TRAIN,2026-03-19T23:00:00+00:00,1871,True,ELIGIBLE
TRAIN,2026-03-20T00:00:00+00:00,1872,True,ELIGIBLE
TRAIN,2026-03-20T01:00:00+00:00,1873,True,ELIGIBLE
TRAIN,2026-03-20T02:00:00+00:00,1874,True,ELIGIBLE
TRAIN,2026-03-20T03:00:00+00:00,1875,True,ELIGIBLE
TRAIN,2026-03-20T04:00:00+00:00,1876,True,ELIGIBLE
TRAIN,2026-03-20T05:00:00+00:00,1877,True,ELIGIBLE
TRAIN,2026-03-20T06:00:00+00:00,1878,True,ELIGIBLE
TRAIN,2026-03-20T07:00:00+00:00,1879,True,ELIGIBLE
TRAIN,2026-03-20T08:00:00+00:00,1880,True,ELIGIBLE
TRAIN,2026-03-20T09:00:00+00:00,1881,True,ELIGIBLE
TRAIN,2026-03-20T10:00:00+00:00,1882,True,ELIGIBLE
TRAIN,2026-03-20T11:00:00+00:00,1883,True,ELIGIBLE
TRAIN,2026-03-20T12:00:00+00:00,1884,True,ELIGIBLE
TRAIN,2026-03-20T13:00:00+00:00,1885,True,ELIGIBLE
TRAIN,2026-03-20T14:00:00+00:00,1886,True,ELIGIBLE
TRAIN,2026-03-20T15:00:00+00:00,1887,True,ELIGIBLE
TRAIN,2026-03-20T16:00:00+00:00,1888,True,ELIGIBLE
TRAIN,2026-03-20T17:00:00+00:00,1889,True,ELIGIBLE
TRAIN,2026-03-20T18:00:00+00:00,1890,True,ELIGIBLE
TRAIN,2026-03-20T19:00:00+00:00,1891,True,ELIGIBLE
TRAIN,2026-03-20T20:00:00+00:00,1892,True,ELIGIBLE
TRAIN,2026-03-20T21:00:00+00:00,1893,True,ELIGIBLE
TRAIN,2026-03-20T22:00:00+00:00,1894,True,ELIGIBLE
TRAIN,2026-03-20T23:00:00+00:00,1895,True,ELIGIBLE
TRAIN,2026-03-21T00:00:00+00:00,1896,True,ELIGIBLE
TRAIN,2026-03-21T01:00:00+00:00,1897,True,ELIGIBLE
TRAIN,2026-03-21T02:00:00+00:00,1898,True,ELIGIBLE
TRAIN,2026-03-21T03:00:00+00:00,1899,True,ELIGIBLE
TRAIN,2026-03-21T04:00:00+00:00,1900,True,ELIGIBLE
TRAIN,2026-03-21T05:00:00+00:00,1901,True,ELIGIBLE
TRAIN,2026-03-21T06:00:00+00:00,1902,True,ELIGIBLE
TRAIN,2026-03-21T07:00:00+00:00,1903,True,ELIGIBLE
TRAIN,2026-03-21T08:00:00+00:00,1904,True,ELIGIBLE
TRAIN,2026-03-21T09:00:00+00:00,1905,True,ELIGIBLE
TRAIN,2026-03-21T10:00:00+00:00,1906,True,ELIGIBLE
TRAIN,2026-03-21T11:00:00+00:00,1907,True,ELIGIBLE
TRAIN,2026-03-21T12:00:00+00:00,1908,True,ELIGIBLE
TRAIN,2026-03-21T13:00:00+00:00,1909,True,ELIGIBLE
TRAIN,2026-03-21T14:00:00+00:00,1910,True,ELIGIBLE
TRAIN,2026-03-21T15:00:00+00:00,1911,True,ELIGIBLE
TRAIN,2026-03-21T16:00:00+00:00,1912,True,ELIGIBLE
TRAIN,2026-03-21T17:00:00+00:00,1913,True,ELIGIBLE
TRAIN,2026-03-21T18:00:00+00:00,1914,True,ELIGIBLE
TRAIN,2026-03-21T19:00:00+00:00,1915,True,ELIGIBLE
TRAIN,2026-03-21T20:00:00+00:00,1916,True,ELIGIBLE
TRAIN,2026-03-21T21:00:00+00:00,1917,True,ELIGIBLE
TRAIN,2026-03-21T22:00:00+00:00,1918,True,ELIGIBLE
TRAIN,2026-03-21T23:00:00+00:00,1919,True,ELIGIBLE
TRAIN,2026-03-22T00:00:00+00:00,1920,True,ELIGIBLE
TRAIN,2026-03-22T01:00:00+00:00,1921,True,ELIGIBLE
TRAIN,2026-03-22T02:00:00+00:00,1922,True,ELIGIBLE
TRAIN,2026-03-22T03:00:00+00:00,1923,True,ELIGIBLE
TRAIN,2026-03-22T04:00:00+00:00,1924,True,ELIGIBLE
TRAIN,2026-03-22T05:00:00+00:00,1925,True,ELIGIBLE
TRAIN,2026-03-22T06:00:00+00:00,1926,True,ELIGIBLE
TRAIN,2026-03-22T07:00:00+00:00,1927,True,ELIGIBLE
TRAIN,2026-03-22T08:00:00+00:00,1928,True,ELIGIBLE
TRAIN,2026-03-22T09:00:00+00:00,1929,True,ELIGIBLE
TRAIN,2026-03-22T10:00:00+00:00,1930,True,ELIGIBLE
TRAIN,2026-03-22T11:00:00+00:00,1931,True,ELIGIBLE
TRAIN,2026-03-22T12:00:00+00:00,1932,True,ELIGIBLE
TRAIN,2026-03-22T13:00:00+00:00,1933,True,ELIGIBLE
TRAIN,2026-03-22T14:00:00+00:00,1934,True,ELIGIBLE
TRAIN,2026-03-22T15:00:00+00:00,1935,True,ELIGIBLE
TRAIN,2026-03-22T16:00:00+00:00,1936,True,ELIGIBLE
TRAIN,2026-03-22T17:00:00+00:00,1937,True,ELIGIBLE
TRAIN,2026-03-22T18:00:00+00:00,1938,True,ELIGIBLE
TRAIN,2026-03-22T19:00:00+00:00,1939,True,ELIGIBLE
TRAIN,2026-03-22T20:00:00+00:00,1940,True,ELIGIBLE
TRAIN,2026-03-22T21:00:00+00:00,1941,True,ELIGIBLE
TRAIN,2026-03-22T22:00:00+00:00,1942,True,ELIGIBLE
TRAIN,2026-03-22T23:00:00+00:00,1943,True,ELIGIBLE
TRAIN,2026-03-23T00:00:00+00:00,1944,True,ELIGIBLE
TRAIN,2026-03-23T01:00:00+00:00,1945,True,ELIGIBLE
TRAIN,2026-03-23T02:00:00+00:00,1946,True,ELIGIBLE
TRAIN,2026-03-23T03:00:00+00:00,1947,True,ELIGIBLE
TRAIN,2026-03-23T04:00:00+00:00,1948,True,ELIGIBLE
TRAIN,2026-03-23T05:00:00+00:00,1949,True,ELIGIBLE
TRAIN,2026-03-23T06:00:00+00:00,1950,True,ELIGIBLE
TRAIN,2026-03-23T07:00:00+00:00,1951,True,ELIGIBLE
TRAIN,2026-03-23T08:00:00+00:00,1952,True,ELIGIBLE
TRAIN,2026-03-23T09:00:00+00:00,1953,True,ELIGIBLE
TRAIN,2026-03-23T10:00:00+00:00,1954,True,ELIGIBLE
TRAIN,2026-03-23T11:00:00+00:00,1955,True,ELIGIBLE
TRAIN,2026-03-23T12:00:00+00:00,1956,True,ELIGIBLE
TRAIN,2026-03-23T13:00:00+00:00,1957,True,ELIGIBLE
TRAIN,2026-03-23T14:00:00+00:00,1958,True,ELIGIBLE
TRAIN,2026-03-23T15:00:00+00:00,1959,True,ELIGIBLE
TRAIN,2026-03-23T16:00:00+00:00,1960,True,ELIGIBLE
TRAIN,2026-03-23T17:00:00+00:00,1961,True,ELIGIBLE
TRAIN,2026-03-23T18:00:00+00:00,1962,True,ELIGIBLE
TRAIN,2026-03-23T19:00:00+00:00,1963,True,ELIGIBLE
TRAIN,2026-03-23T20:00:00+00:00,1964,True,ELIGIBLE
TRAIN,2026-03-23T21:00:00+00:00,1965,True,ELIGIBLE
TRAIN,2026-03-23T22:00:00+00:00,1966,True,ELIGIBLE
TRAIN,2026-03-23T23:00:00+00:00,1967,True,ELIGIBLE
TRAIN,2026-03-24T00:00:00+00:00,1968,True,ELIGIBLE
TRAIN,2026-03-24T01:00:00+00:00,1969,True,ELIGIBLE
TRAIN,2026-03-24T02:00:00+00:00,1970,True,ELIGIBLE
TRAIN,2026-03-24T03:00:00+00:00,1971,True,ELIGIBLE
TRAIN,2026-03-24T04:00:00+00:00,1972,True,ELIGIBLE
TRAIN,2026-03-24T05:00:00+00:00,1973,True,ELIGIBLE
TRAIN,2026-03-24T06:00:00+00:00,1974,True,ELIGIBLE
TRAIN,2026-03-24T07:00:00+00:00,1975,True,ELIGIBLE
TRAIN,2026-03-24T08:00:00+00:00,1976,True,ELIGIBLE
TRAIN,2026-03-24T09:00:00+00:00,1977,True,ELIGIBLE
TRAIN,2026-03-24T10:00:00+00:00,1978,True,ELIGIBLE
TRAIN,2026-03-24T11:00:00+00:00,1979,True,ELIGIBLE
TRAIN,2026-03-24T12:00:00+00:00,1980,True,ELIGIBLE
TRAIN,2026-03-24T13:00:00+00:00,1981,True,ELIGIBLE
TRAIN,2026-03-24T14:00:00+00:00,1982,True,ELIGIBLE
TRAIN,2026-03-24T15:00:00+00:00,1983,True,ELIGIBLE
TRAIN,2026-03-24T16:00:00+00:00,1984,True,ELIGIBLE
TRAIN,2026-03-24T17:00:00+00:00,1985,True,ELIGIBLE
TRAIN,2026-03-24T18:00:00+00:00,1986,True,ELIGIBLE
TRAIN,2026-03-24T19:00:00+00:00,1987,True,ELIGIBLE
TRAIN,2026-03-24T20:00:00+00:00,1988,True,ELIGIBLE
TRAIN,2026-03-24T21:00:00+00:00,1989,True,ELIGIBLE
TRAIN,2026-03-24T22:00:00+00:00,1990,True,ELIGIBLE
TRAIN,2026-03-24T23:00:00+00:00,1991,True,ELIGIBLE
TRAIN,2026-03-25T00:00:00+00:00,1992,True,ELIGIBLE
TRAIN,2026-03-25T01:00:00+00:00,1993,True,ELIGIBLE
TRAIN,2026-03-25T02:00:00+00:00,1994,True,ELIGIBLE
TRAIN,2026-03-25T03:00:00+00:00,1995,True,ELIGIBLE
TRAIN,2026-03-25T04:00:00+00:00,1996,True,ELIGIBLE
TRAIN,2026-03-25T05:00:00+00:00,1997,True,ELIGIBLE
TRAIN,2026-03-25T06:00:00+00:00,1998,True,ELIGIBLE
TRAIN,2026-03-25T07:00:00+00:00,1999,True,ELIGIBLE
TRAIN,2026-03-25T08:00:00+00:00,2000,True,ELIGIBLE
TRAIN,2026-03-25T09:00:00+00:00,2001,True,ELIGIBLE
TRAIN,2026-03-25T10:00:00+00:00,2002,True,ELIGIBLE
TRAIN,2026-03-25T11:00:00+00:00,2003,True,ELIGIBLE
TRAIN,2026-03-25T12:00:00+00:00,2004,True,ELIGIBLE
TRAIN,2026-03-25T13:00:00+00:00,2005,True,ELIGIBLE
TRAIN,2026-03-25T14:00:00+00:00,2006,True,ELIGIBLE
TRAIN,2026-03-25T15:00:00+00:00,2007,True,ELIGIBLE
TRAIN,2026-03-25T16:00:00+00:00,2008,True,ELIGIBLE
TRAIN,2026-03-25T17:00:00+00:00,2009,True,ELIGIBLE
TRAIN,2026-03-25T18:00:00+00:00,2010,True,ELIGIBLE
TRAIN,2026-03-25T19:00:00+00:00,2011,True,ELIGIBLE
TRAIN,2026-03-25T20:00:00+00:00,2012,True,ELIGIBLE
TRAIN,2026-03-25T21:00:00+00:00,2013,True,ELIGIBLE
TRAIN,2026-03-25T22:00:00+00:00,2014,True,ELIGIBLE
TRAIN,2026-03-25T23:00:00+00:00,2015,True,ELIGIBLE
TRAIN,2026-03-26T00:00:00+00:00,2016,True,ELIGIBLE
TRAIN,2026-03-26T01:00:00+00:00,2017,True,ELIGIBLE
TRAIN,2026-03-26T02:00:00+00:00,2018,True,ELIGIBLE
TRAIN,2026-03-26T03:00:00+00:00,2019,True,ELIGIBLE
TRAIN,2026-03-26T04:00:00+00:00,2020,True,ELIGIBLE
TRAIN,2026-03-26T05:00:00+00:00,2021,True,ELIGIBLE
TRAIN,2026-03-26T06:00:00+00:00,2022,True,ELIGIBLE
TRAIN,2026-03-26T07:00:00+00:00,2023,True,ELIGIBLE
TRAIN,2026-03-26T08:00:00+00:00,2024,True,ELIGIBLE
TRAIN,2026-03-26T09:00:00+00:00,2025,True,ELIGIBLE
TRAIN,2026-03-26T10:00:00+00:00,2026,True,ELIGIBLE
TRAIN,2026-03-26T11:00:00+00:00,2027,True,ELIGIBLE
TRAIN,2026-03-26T12:00:00+00:00,2028,True,ELIGIBLE
TRAIN,2026-03-26T13:00:00+00:00,2029,True,ELIGIBLE
TRAIN,2026-03-26T14:00:00+00:00,2030,True,ELIGIBLE
TRAIN,2026-03-26T15:00:00+00:00,2031,True,ELIGIBLE
TRAIN,2026-03-26T16:00:00+00:00,2032,True,ELIGIBLE
TRAIN,2026-03-26T17:00:00+00:00,2033,True,ELIGIBLE
TRAIN,2026-03-26T18:00:00+00:00,2034,True,ELIGIBLE
TRAIN,2026-03-26T19:00:00+00:00,2035,True,ELIGIBLE
TRAIN,2026-03-26T20:00:00+00:00,2036,True,ELIGIBLE
TRAIN,2026-03-26T21:00:00+00:00,2037,True,ELIGIBLE
TRAIN,2026-03-26T22:00:00+00:00,2038,True,ELIGIBLE
TRAIN,2026-03-26T23:00:00+00:00,2039,True,ELIGIBLE
TRAIN,2026-03-27T00:00:00+00:00,2040,True,ELIGIBLE
TRAIN,2026-03-27T01:00:00+00:00,2041,True,ELIGIBLE
TRAIN,2026-03-27T02:00:00+00:00,2042,True,ELIGIBLE
TRAIN,2026-03-27T03:00:00+00:00,2043,True,ELIGIBLE
TRAIN,2026-03-27T04:00:00+00:00,2044,True,ELIGIBLE
TRAIN,2026-03-27T05:00:00+00:00,2045,True,ELIGIBLE
TRAIN,2026-03-27T06:00:00+00:00,2046,True,ELIGIBLE
TRAIN,2026-03-27T07:00:00+00:00,2047,True,ELIGIBLE
TRAIN,2026-03-27T08:00:00+00:00,2048,True,ELIGIBLE
TRAIN,2026-03-27T09:00:00+00:00,2049,True,ELIGIBLE
TRAIN,2026-03-27T10:00:00+00:00,2050,True,ELIGIBLE
TRAIN,2026-03-27T11:00:00+00:00,2051,True,ELIGIBLE
TRAIN,2026-03-27T12:00:00+00:00,2052,True,ELIGIBLE
TRAIN,2026-03-27T13:00:00+00:00,2053,True,ELIGIBLE
TRAIN,2026-03-27T14:00:00+00:00,2054,True,ELIGIBLE
TRAIN,2026-03-27T15:00:00+00:00,2055,True,ELIGIBLE
TRAIN,2026-03-27T16:00:00+00:00,2056,True,ELIGIBLE
TRAIN,2026-03-27T17:00:00+00:00,2057,True,ELIGIBLE
TRAIN,2026-03-27T18:00:00+00:00,2058,True,ELIGIBLE
TRAIN,2026-03-27T19:00:00+00:00,2059,True,ELIGIBLE
TRAIN,2026-03-27T20:00:00+00:00,2060,True,ELIGIBLE
TRAIN,2026-03-27T21:00:00+00:00,2061,True,ELIGIBLE
TRAIN,2026-03-27T22:00:00+00:00,2062,True,ELIGIBLE
TRAIN,2026-03-27T23:00:00+00:00,2063,True,ELIGIBLE
TRAIN,2026-03-28T00:00:00+00:00,2064,True,ELIGIBLE
TRAIN,2026-03-28T01:00:00+00:00,2065,True,ELIGIBLE
TRAIN,2026-03-28T02:00:00+00:00,2066,True,ELIGIBLE
TRAIN,2026-03-28T03:00:00+00:00,2067,True,ELIGIBLE
TRAIN,2026-03-28T04:00:00+00:00,2068,True,ELIGIBLE
TRAIN,2026-03-28T05:00:00+00:00,2069,True,ELIGIBLE
TRAIN,2026-03-28T06:00:00+00:00,2070,True,ELIGIBLE
TRAIN,2026-03-28T07:00:00+00:00,2071,True,ELIGIBLE
TRAIN,2026-03-28T08:00:00+00:00,2072,True,ELIGIBLE
TRAIN,2026-03-28T09:00:00+00:00,2073,True,ELIGIBLE
TRAIN,2026-03-28T10:00:00+00:00,2074,True,ELIGIBLE
TRAIN,2026-03-28T11:00:00+00:00,2075,True,ELIGIBLE
TRAIN,2026-03-28T12:00:00+00:00,2076,True,ELIGIBLE
TRAIN,2026-03-28T13:00:00+00:00,2077,True,ELIGIBLE
TRAIN,2026-03-28T14:00:00+00:00,2078,True,ELIGIBLE
TRAIN,2026-03-28T15:00:00+00:00,2079,True,ELIGIBLE
TRAIN,2026-03-28T16:00:00+00:00,2080,True,ELIGIBLE
TRAIN,2026-03-28T17:00:00+00:00,2081,True,ELIGIBLE
TRAIN,2026-03-28T18:00:00+00:00,2082,True,ELIGIBLE
TRAIN,2026-03-28T19:00:00+00:00,2083,True,ELIGIBLE
TRAIN,2026-03-28T20:00:00+00:00,2084,True,ELIGIBLE
TRAIN,2026-03-28T21:00:00+00:00,2085,True,ELIGIBLE
TRAIN,2026-03-28T22:00:00+00:00,2086,True,ELIGIBLE
TRAIN,2026-03-28T23:00:00+00:00,2087,True,ELIGIBLE
TRAIN,2026-03-29T00:00:00+00:00,2088,True,ELIGIBLE
TRAIN,2026-03-29T01:00:00+00:00,2089,True,ELIGIBLE
TRAIN,2026-03-29T02:00:00+00:00,2090,True,ELIGIBLE
TRAIN,2026-03-29T03:00:00+00:00,2091,True,ELIGIBLE
TRAIN,2026-03-29T04:00:00+00:00,2092,True,ELIGIBLE
TRAIN,2026-03-29T05:00:00+00:00,2093,True,ELIGIBLE
TRAIN,2026-03-29T06:00:00+00:00,2094,True,ELIGIBLE
TRAIN,2026-03-29T07:00:00+00:00,2095,True,ELIGIBLE
TRAIN,2026-03-29T08:00:00+00:00,2096,True,ELIGIBLE
TRAIN,2026-03-29T09:00:00+00:00,2097,True,ELIGIBLE
TRAIN,2026-03-29T10:00:00+00:00,2098,True,ELIGIBLE
TRAIN,2026-03-29T11:00:00+00:00,2099,True,ELIGIBLE
TRAIN,2026-03-29T12:00:00+00:00,2100,True,ELIGIBLE
TRAIN,2026-03-29T13:00:00+00:00,2101,True,ELIGIBLE
TRAIN,2026-03-29T14:00:00+00:00,2102,True,ELIGIBLE
TRAIN,2026-03-29T15:00:00+00:00,2103,True,ELIGIBLE
TRAIN,2026-03-29T16:00:00+00:00,2104,True,ELIGIBLE
TRAIN,2026-03-29T17:00:00+00:00,2105,True,ELIGIBLE
TRAIN,2026-03-29T18:00:00+00:00,2106,True,ELIGIBLE
TRAIN,2026-03-29T19:00:00+00:00,2107,True,ELIGIBLE
TRAIN,2026-03-29T20:00:00+00:00,2108,True,ELIGIBLE
TRAIN,2026-03-29T21:00:00+00:00,2109,True,ELIGIBLE
TRAIN,2026-03-29T22:00:00+00:00,2110,True,ELIGIBLE
TRAIN,2026-03-29T23:00:00+00:00,2111,True,ELIGIBLE
TRAIN,2026-03-30T00:00:00+00:00,2112,True,ELIGIBLE
TRAIN,2026-03-30T01:00:00+00:00,2113,True,ELIGIBLE
TRAIN,2026-03-30T02:00:00+00:00,2114,True,ELIGIBLE
TRAIN,2026-03-30T03:00:00+00:00,2115,True,ELIGIBLE
TRAIN,2026-03-30T04:00:00+00:00,2116,True,ELIGIBLE
TRAIN,2026-03-30T05:00:00+00:00,2117,True,ELIGIBLE
TRAIN,2026-03-30T06:00:00+00:00,2118,True,ELIGIBLE
TRAIN,2026-03-30T07:00:00+00:00,2119,True,ELIGIBLE
TRAIN,2026-03-30T08:00:00+00:00,2120,True,ELIGIBLE
TRAIN,2026-03-30T09:00:00+00:00,2121,True,ELIGIBLE
TRAIN,2026-03-30T10:00:00+00:00,2122,True,ELIGIBLE
TRAIN,2026-03-30T11:00:00+00:00,2123,True,ELIGIBLE
TRAIN,2026-03-30T12:00:00+00:00,2124,True,ELIGIBLE
TRAIN,2026-03-30T13:00:00+00:00,2125,True,ELIGIBLE
TRAIN,2026-03-30T14:00:00+00:00,2126,True,ELIGIBLE
TRAIN,2026-03-30T15:00:00+00:00,2127,True,ELIGIBLE
TRAIN,2026-03-30T16:00:00+00:00,2128,True,ELIGIBLE
TRAIN,2026-03-30T17:00:00+00:00,2129,True,ELIGIBLE
TRAIN,2026-03-30T18:00:00+00:00,2130,True,ELIGIBLE
TRAIN,2026-03-30T19:00:00+00:00,2131,True,ELIGIBLE
TRAIN,2026-03-30T20:00:00+00:00,2132,True,ELIGIBLE
TRAIN,2026-03-30T21:00:00+00:00,2133,True,ELIGIBLE
TRAIN,2026-03-30T22:00:00+00:00,2134,True,ELIGIBLE
TRAIN,2026-03-30T23:00:00+00:00,2135,True,ELIGIBLE
TRAIN,2026-03-31T00:00:00+00:00,2136,True,ELIGIBLE
TRAIN,2026-03-31T01:00:00+00:00,2137,True,ELIGIBLE
TRAIN,2026-03-31T02:00:00+00:00,2138,True,ELIGIBLE
TRAIN,2026-03-31T03:00:00+00:00,2139,True,ELIGIBLE
TRAIN,2026-03-31T04:00:00+00:00,2140,True,ELIGIBLE
TRAIN,2026-03-31T05:00:00+00:00,2141,True,ELIGIBLE
TRAIN,2026-03-31T06:00:00+00:00,2142,True,ELIGIBLE
TRAIN,2026-03-31T07:00:00+00:00,2143,True,ELIGIBLE
TRAIN,2026-03-31T08:00:00+00:00,2144,True,ELIGIBLE
TRAIN,2026-03-31T09:00:00+00:00,2145,True,ELIGIBLE
TRAIN,2026-03-31T10:00:00+00:00,2146,True,ELIGIBLE
TRAIN,2026-03-31T11:00:00+00:00,2147,True,ELIGIBLE
TRAIN,2026-03-31T12:00:00+00:00,2148,True,ELIGIBLE
TRAIN,2026-03-31T13:00:00+00:00,2149,True,ELIGIBLE
TRAIN,2026-03-31T14:00:00+00:00,2150,True,ELIGIBLE
TRAIN,2026-03-31T15:00:00+00:00,2151,True,ELIGIBLE
TRAIN,2026-03-31T16:00:00+00:00,2152,True,ELIGIBLE
TRAIN,2026-03-31T17:00:00+00:00,2153,True,ELIGIBLE
TRAIN,2026-03-31T18:00:00+00:00,2154,True,ELIGIBLE
TRAIN,2026-03-31T19:00:00+00:00,2155,True,ELIGIBLE
TRAIN,2026-03-31T20:00:00+00:00,2156,True,ELIGIBLE
TRAIN,2026-03-31T21:00:00+00:00,2157,True,ELIGIBLE
TRAIN,2026-03-31T22:00:00+00:00,2158,True,ELIGIBLE
TRAIN,2026-03-31T23:00:00+00:00,2159,True,ELIGIBLE
TRAIN,2026-04-01T00:00:00+00:00,2160,True,ELIGIBLE
TRAIN,2026-04-01T01:00:00+00:00,2161,True,ELIGIBLE
TRAIN,2026-04-01T02:00:00+00:00,2162,True,ELIGIBLE
TRAIN,2026-04-01T03:00:00+00:00,2163,True,ELIGIBLE
TRAIN,2026-04-01T04:00:00+00:00,2164,True,ELIGIBLE
TRAIN,2026-04-01T05:00:00+00:00,2165,True,ELIGIBLE
TRAIN,2026-04-01T06:00:00+00:00,2166,True,ELIGIBLE
TRAIN,2026-04-01T07:00:00+00:00,2167,True,ELIGIBLE
TRAIN,2026-04-01T08:00:00+00:00,2168,True,ELIGIBLE
TRAIN,2026-04-01T09:00:00+00:00,2169,True,ELIGIBLE
TRAIN,2026-04-01T10:00:00+00:00,2170,True,ELIGIBLE
TRAIN,2026-04-01T11:00:00+00:00,2171,True,ELIGIBLE
TRAIN,2026-04-01T12:00:00+00:00,2172,True,ELIGIBLE
TRAIN,2026-04-01T13:00:00+00:00,2173,True,ELIGIBLE
TRAIN,2026-04-01T14:00:00+00:00,2174,True,ELIGIBLE
TRAIN,2026-04-01T15:00:00+00:00,2175,True,ELIGIBLE
TRAIN,2026-04-01T16:00:00+00:00,2176,True,ELIGIBLE
TRAIN,2026-04-01T17:00:00+00:00,2177,True,ELIGIBLE
TRAIN,2026-04-01T18:00:00+00:00,2178,True,ELIGIBLE
TRAIN,2026-04-01T19:00:00+00:00,2179,True,ELIGIBLE
TRAIN,2026-04-01T20:00:00+00:00,2180,True,ELIGIBLE
TRAIN,2026-04-01T21:00:00+00:00,2181,True,ELIGIBLE
TRAIN,2026-04-01T22:00:00+00:00,2182,True,ELIGIBLE
TRAIN,2026-04-01T23:00:00+00:00,2183,True,ELIGIBLE
TRAIN,2026-04-02T00:00:00+00:00,2184,True,ELIGIBLE
TRAIN,2026-04-02T01:00:00+00:00,2185,True,ELIGIBLE
TRAIN,2026-04-02T02:00:00+00:00,2186,True,ELIGIBLE
TRAIN,2026-04-02T03:00:00+00:00,2187,True,ELIGIBLE
TRAIN,2026-04-02T04:00:00+00:00,2188,True,ELIGIBLE
TRAIN,2026-04-02T05:00:00+00:00,2189,True,ELIGIBLE
TRAIN,2026-04-02T06:00:00+00:00,2190,True,ELIGIBLE
TRAIN,2026-04-02T07:00:00+00:00,2191,True,ELIGIBLE
TRAIN,2026-04-02T08:00:00+00:00,2192,True,ELIGIBLE
TRAIN,2026-04-02T09:00:00+00:00,2193,True,ELIGIBLE
TRAIN,2026-04-02T10:00:00+00:00,2194,True,ELIGIBLE
TRAIN,2026-04-02T11:00:00+00:00,2195,True,ELIGIBLE
TRAIN,2026-04-02T12:00:00+00:00,2196,True,ELIGIBLE
TRAIN,2026-04-02T13:00:00+00:00,2197,True,ELIGIBLE
TRAIN,2026-04-02T14:00:00+00:00,2198,True,ELIGIBLE
TRAIN,2026-04-02T15:00:00+00:00,2199,True,ELIGIBLE
TRAIN,2026-04-02T16:00:00+00:00,2200,True,ELIGIBLE
TRAIN,2026-04-02T17:00:00+00:00,2201,True,ELIGIBLE
TRAIN,2026-04-02T18:00:00+00:00,2202,True,ELIGIBLE
TRAIN,2026-04-02T19:00:00+00:00,2203,True,ELIGIBLE
TRAIN,2026-04-02T20:00:00+00:00,2204,True,ELIGIBLE
TRAIN,2026-04-02T21:00:00+00:00,2205,True,ELIGIBLE
TRAIN,2026-04-02T22:00:00+00:00,2206,True,ELIGIBLE
TRAIN,2026-04-02T23:00:00+00:00,2207,True,ELIGIBLE
TRAIN,2026-04-03T00:00:00+00:00,2208,True,ELIGIBLE
TRAIN,2026-04-03T01:00:00+00:00,2209,True,ELIGIBLE
TRAIN,2026-04-03T02:00:00+00:00,2210,True,ELIGIBLE
TRAIN,2026-04-03T03:00:00+00:00,2211,True,ELIGIBLE
TRAIN,2026-04-03T04:00:00+00:00,2212,True,ELIGIBLE
TRAIN,2026-04-03T05:00:00+00:00,2213,True,ELIGIBLE
TRAIN,2026-04-03T06:00:00+00:00,2214,True,ELIGIBLE
TRAIN,2026-04-03T07:00:00+00:00,2215,True,ELIGIBLE
TRAIN,2026-04-03T08:00:00+00:00,2216,True,ELIGIBLE
TRAIN,2026-04-03T09:00:00+00:00,2217,True,ELIGIBLE
TRAIN,2026-04-03T10:00:00+00:00,2218,True,ELIGIBLE
TRAIN,2026-04-03T11:00:00+00:00,2219,True,ELIGIBLE
TRAIN,2026-04-03T12:00:00+00:00,2220,True,ELIGIBLE
TRAIN,2026-04-03T13:00:00+00:00,2221,True,ELIGIBLE
TRAIN,2026-04-03T14:00:00+00:00,2222,True,ELIGIBLE
TRAIN,2026-04-03T15:00:00+00:00,2223,True,ELIGIBLE
TRAIN,2026-04-03T16:00:00+00:00,2224,True,ELIGIBLE
TRAIN,2026-04-03T17:00:00+00:00,2225,True,ELIGIBLE
TRAIN,2026-04-03T18:00:00+00:00,2226,True,ELIGIBLE
TRAIN,2026-04-03T19:00:00+00:00,2227,True,ELIGIBLE
TRAIN,2026-04-03T20:00:00+00:00,2228,True,ELIGIBLE
TRAIN,2026-04-03T21:00:00+00:00,2229,True,ELIGIBLE
TRAIN,2026-04-03T22:00:00+00:00,2230,True,ELIGIBLE
TRAIN,2026-04-03T23:00:00+00:00,2231,True,ELIGIBLE
TRAIN,2026-04-04T00:00:00+00:00,2232,True,ELIGIBLE
TRAIN,2026-04-04T01:00:00+00:00,2233,True,ELIGIBLE
TRAIN,2026-04-04T02:00:00+00:00,2234,True,ELIGIBLE
TRAIN,2026-04-04T03:00:00+00:00,2235,True,ELIGIBLE
TRAIN,2026-04-04T04:00:00+00:00,2236,True,ELIGIBLE
TRAIN,2026-04-04T05:00:00+00:00,2237,True,ELIGIBLE
TRAIN,2026-04-04T06:00:00+00:00,2238,True,ELIGIBLE
TRAIN,2026-04-04T07:00:00+00:00,2239,True,ELIGIBLE
TRAIN,2026-04-04T08:00:00+00:00,2240,True,ELIGIBLE
TRAIN,2026-04-04T09:00:00+00:00,2241,True,ELIGIBLE
TRAIN,2026-04-04T10:00:00+00:00,2242,True,ELIGIBLE
TRAIN,2026-04-04T11:00:00+00:00,2243,True,ELIGIBLE
TRAIN,2026-04-04T12:00:00+00:00,2244,True,ELIGIBLE
TRAIN,2026-04-04T13:00:00+00:00,2245,True,ELIGIBLE
TRAIN,2026-04-04T14:00:00+00:00,2246,True,ELIGIBLE
TRAIN,2026-04-04T15:00:00+00:00,2247,True,ELIGIBLE
TRAIN,2026-04-04T16:00:00+00:00,2248,True,ELIGIBLE
TRAIN,2026-04-04T17:00:00+00:00,2249,True,ELIGIBLE
TRAIN,2026-04-04T18:00:00+00:00,2250,True,ELIGIBLE
TRAIN,2026-04-04T19:00:00+00:00,2251,True,ELIGIBLE
TRAIN,2026-04-04T20:00:00+00:00,2252,True,ELIGIBLE
TRAIN,2026-04-04T21:00:00+00:00,2253,True,ELIGIBLE
TRAIN,2026-04-04T22:00:00+00:00,2254,True,ELIGIBLE
TRAIN,2026-04-04T23:00:00+00:00,2255,True,ELIGIBLE
TRAIN,2026-04-05T00:00:00+00:00,2256,True,ELIGIBLE
TRAIN,2026-04-05T01:00:00+00:00,2257,True,ELIGIBLE
TRAIN,2026-04-05T02:00:00+00:00,2258,True,ELIGIBLE
TRAIN,2026-04-05T03:00:00+00:00,2259,True,ELIGIBLE
TRAIN,2026-04-05T04:00:00+00:00,2260,True,ELIGIBLE
TRAIN,2026-04-05T05:00:00+00:00,2261,True,ELIGIBLE
TRAIN,2026-04-05T06:00:00+00:00,2262,True,ELIGIBLE
TRAIN,2026-04-05T07:00:00+00:00,2263,True,ELIGIBLE
TRAIN,2026-04-05T08:00:00+00:00,2264,True,ELIGIBLE
TRAIN,2026-04-05T09:00:00+00:00,2265,True,ELIGIBLE
TRAIN,2026-04-05T10:00:00+00:00,2266,True,ELIGIBLE
TRAIN,2026-04-05T11:00:00+00:00,2267,True,ELIGIBLE
TRAIN,2026-04-05T12:00:00+00:00,2268,True,ELIGIBLE
TRAIN,2026-04-05T13:00:00+00:00,2269,True,ELIGIBLE
TRAIN,2026-04-05T14:00:00+00:00,2270,True,ELIGIBLE
TRAIN,2026-04-05T15:00:00+00:00,2271,True,ELIGIBLE
TRAIN,2026-04-05T16:00:00+00:00,2272,True,ELIGIBLE
TRAIN,2026-04-05T17:00:00+00:00,2273,True,ELIGIBLE
TRAIN,2026-04-05T18:00:00+00:00,2274,True,ELIGIBLE
TRAIN,2026-04-05T19:00:00+00:00,2275,True,ELIGIBLE
TRAIN,2026-04-05T20:00:00+00:00,2276,True,ELIGIBLE
TRAIN,2026-04-05T21:00:00+00:00,2277,True,ELIGIBLE
TRAIN,2026-04-05T22:00:00+00:00,2278,True,ELIGIBLE
TRAIN,2026-04-05T23:00:00+00:00,2279,True,ELIGIBLE
TRAIN,2026-04-06T00:00:00+00:00,2280,True,ELIGIBLE
TRAIN,2026-04-06T01:00:00+00:00,2281,True,ELIGIBLE
TRAIN,2026-04-06T02:00:00+00:00,2282,True,ELIGIBLE
TRAIN,2026-04-06T03:00:00+00:00,2283,True,ELIGIBLE
TRAIN,2026-04-06T04:00:00+00:00,2284,True,ELIGIBLE
TRAIN,2026-04-06T05:00:00+00:00,2285,True,ELIGIBLE
TRAIN,2026-04-06T06:00:00+00:00,2286,True,ELIGIBLE
TRAIN,2026-04-06T07:00:00+00:00,2287,True,ELIGIBLE
TRAIN,2026-04-06T08:00:00+00:00,2288,True,ELIGIBLE
TRAIN,2026-04-06T09:00:00+00:00,2289,True,ELIGIBLE
TRAIN,2026-04-06T10:00:00+00:00,2290,True,ELIGIBLE
TRAIN,2026-04-06T11:00:00+00:00,2291,True,ELIGIBLE
TRAIN,2026-04-06T12:00:00+00:00,2292,True,ELIGIBLE
TRAIN,2026-04-06T13:00:00+00:00,2293,True,ELIGIBLE
TRAIN,2026-04-06T14:00:00+00:00,2294,True,ELIGIBLE
TRAIN,2026-04-06T15:00:00+00:00,2295,True,ELIGIBLE
TRAIN,2026-04-06T16:00:00+00:00,2296,True,ELIGIBLE
TRAIN,2026-04-06T17:00:00+00:00,2297,True,ELIGIBLE
TRAIN,2026-04-06T18:00:00+00:00,2298,True,ELIGIBLE
TRAIN,2026-04-06T19:00:00+00:00,2299,True,ELIGIBLE
TRAIN,2026-04-06T20:00:00+00:00,2300,True,ELIGIBLE
TRAIN,2026-04-06T21:00:00+00:00,2301,True,ELIGIBLE
TRAIN,2026-04-06T22:00:00+00:00,2302,True,ELIGIBLE
TRAIN,2026-04-06T23:00:00+00:00,2303,True,ELIGIBLE
TRAIN,2026-04-07T00:00:00+00:00,2304,True,ELIGIBLE
TRAIN,2026-04-07T01:00:00+00:00,2305,True,ELIGIBLE
TRAIN,2026-04-07T02:00:00+00:00,2306,True,ELIGIBLE
TRAIN,2026-04-07T03:00:00+00:00,2307,True,ELIGIBLE
TRAIN,2026-04-07T04:00:00+00:00,2308,True,ELIGIBLE
TRAIN,2026-04-07T05:00:00+00:00,2309,True,ELIGIBLE
TRAIN,2026-04-07T06:00:00+00:00,2310,True,ELIGIBLE
TRAIN,2026-04-07T07:00:00+00:00,2311,True,ELIGIBLE
TRAIN,2026-04-07T08:00:00+00:00,2312,True,ELIGIBLE
TRAIN,2026-04-07T09:00:00+00:00,2313,True,ELIGIBLE
TRAIN,2026-04-07T10:00:00+00:00,2314,True,ELIGIBLE
TRAIN,2026-04-07T11:00:00+00:00,2315,True,ELIGIBLE
TRAIN,2026-04-07T12:00:00+00:00,2316,True,ELIGIBLE
TRAIN,2026-04-07T13:00:00+00:00,2317,True,ELIGIBLE
TRAIN,2026-04-07T14:00:00+00:00,2318,True,ELIGIBLE
TRAIN,2026-04-07T15:00:00+00:00,2319,True,ELIGIBLE
TRAIN,2026-04-07T16:00:00+00:00,2320,True,ELIGIBLE
TRAIN,2026-04-07T17:00:00+00:00,2321,True,ELIGIBLE
TRAIN,2026-04-07T18:00:00+00:00,2322,True,ELIGIBLE
TRAIN,2026-04-07T19:00:00+00:00,2323,True,ELIGIBLE
TRAIN,2026-04-07T20:00:00+00:00,2324,True,ELIGIBLE
TRAIN,2026-04-07T21:00:00+00:00,2325,True,ELIGIBLE
TRAIN,2026-04-07T22:00:00+00:00,2326,True,ELIGIBLE
TRAIN,2026-04-07T23:00:00+00:00,2327,True,ELIGIBLE
TRAIN,2026-04-08T00:00:00+00:00,2328,True,ELIGIBLE
TRAIN,2026-04-08T01:00:00+00:00,2329,True,ELIGIBLE
TRAIN,2026-04-08T02:00:00+00:00,2330,True,ELIGIBLE
TRAIN,2026-04-08T03:00:00+00:00,2331,True,ELIGIBLE
TRAIN,2026-04-08T04:00:00+00:00,2332,True,ELIGIBLE
TRAIN,2026-04-08T05:00:00+00:00,2333,True,ELIGIBLE
TRAIN,2026-04-08T06:00:00+00:00,2334,True,ELIGIBLE
TRAIN,2026-04-08T07:00:00+00:00,2335,True,ELIGIBLE
TRAIN,2026-04-08T08:00:00+00:00,2336,True,ELIGIBLE
TRAIN,2026-04-08T09:00:00+00:00,2337,True,ELIGIBLE
TRAIN,2026-04-08T10:00:00+00:00,2338,True,ELIGIBLE
TRAIN,2026-04-08T11:00:00+00:00,2339,True,ELIGIBLE
TRAIN,2026-04-08T12:00:00+00:00,2340,True,ELIGIBLE
TRAIN,2026-04-08T13:00:00+00:00,2341,True,ELIGIBLE
TRAIN,2026-04-08T14:00:00+00:00,2342,True,ELIGIBLE
TRAIN,2026-04-08T15:00:00+00:00,2343,True,ELIGIBLE
TRAIN,2026-04-08T16:00:00+00:00,2344,True,ELIGIBLE
TRAIN,2026-04-08T17:00:00+00:00,2345,True,ELIGIBLE
TRAIN,2026-04-08T18:00:00+00:00,2346,True,ELIGIBLE
TRAIN,2026-04-08T19:00:00+00:00,2347,True,ELIGIBLE
TRAIN,2026-04-08T20:00:00+00:00,2348,True,ELIGIBLE
TRAIN,2026-04-08T21:00:00+00:00,2349,True,ELIGIBLE
TRAIN,2026-04-08T22:00:00+00:00,2350,True,ELIGIBLE
TRAIN,2026-04-08T23:00:00+00:00,2351,True,ELIGIBLE
TRAIN,2026-04-09T00:00:00+00:00,2352,True,ELIGIBLE
TRAIN,2026-04-09T01:00:00+00:00,2353,True,ELIGIBLE
TRAIN,2026-04-09T02:00:00+00:00,2354,True,ELIGIBLE
TRAIN,2026-04-09T03:00:00+00:00,2355,True,ELIGIBLE
TRAIN,2026-04-09T04:00:00+00:00,2356,True,ELIGIBLE
TRAIN,2026-04-09T05:00:00+00:00,2357,True,ELIGIBLE
TRAIN,2026-04-09T06:00:00+00:00,2358,True,ELIGIBLE
TRAIN,2026-04-09T07:00:00+00:00,2359,True,ELIGIBLE
TRAIN,2026-04-09T08:00:00+00:00,2360,True,ELIGIBLE
TRAIN,2026-04-09T09:00:00+00:00,2361,True,ELIGIBLE
TRAIN,2026-04-09T10:00:00+00:00,2362,True,ELIGIBLE
TRAIN,2026-04-09T11:00:00+00:00,2363,True,ELIGIBLE
TRAIN,2026-04-09T12:00:00+00:00,2364,True,ELIGIBLE
TRAIN,2026-04-09T13:00:00+00:00,2365,True,ELIGIBLE
TRAIN,2026-04-09T14:00:00+00:00,2366,True,ELIGIBLE
TRAIN,2026-04-09T15:00:00+00:00,2367,True,ELIGIBLE
TRAIN,2026-04-09T16:00:00+00:00,2368,True,ELIGIBLE
TRAIN,2026-04-09T17:00:00+00:00,2369,True,ELIGIBLE
TRAIN,2026-04-09T18:00:00+00:00,2370,True,ELIGIBLE
TRAIN,2026-04-09T19:00:00+00:00,2371,True,ELIGIBLE
TRAIN,2026-04-09T20:00:00+00:00,2372,True,ELIGIBLE
TRAIN,2026-04-09T21:00:00+00:00,2373,True,ELIGIBLE
TRAIN,2026-04-09T22:00:00+00:00,2374,True,ELIGIBLE
TRAIN,2026-04-09T23:00:00+00:00,2375,True,ELIGIBLE
TRAIN,2026-04-10T00:00:00+00:00,2376,True,ELIGIBLE
TRAIN,2026-04-10T01:00:00+00:00,2377,True,ELIGIBLE
TRAIN,2026-04-10T02:00:00+00:00,2378,True,ELIGIBLE
TRAIN,2026-04-10T03:00:00+00:00,2379,True,ELIGIBLE
TRAIN,2026-04-10T04:00:00+00:00,2380,True,ELIGIBLE
TRAIN,2026-04-10T05:00:00+00:00,2381,True,ELIGIBLE
TRAIN,2026-04-10T06:00:00+00:00,2382,True,ELIGIBLE
TRAIN,2026-04-10T07:00:00+00:00,2383,True,ELIGIBLE
TRAIN,2026-04-10T08:00:00+00:00,2384,True,ELIGIBLE
TRAIN,2026-04-10T09:00:00+00:00,2385,True,ELIGIBLE
TRAIN,2026-04-10T10:00:00+00:00,2386,True,ELIGIBLE
TRAIN,2026-04-10T11:00:00+00:00,2387,True,ELIGIBLE
TRAIN,2026-04-10T12:00:00+00:00,2388,True,ELIGIBLE
TRAIN,2026-04-10T13:00:00+00:00,2389,True,ELIGIBLE
TRAIN,2026-04-10T14:00:00+00:00,2390,True,ELIGIBLE
TRAIN,2026-04-10T15:00:00+00:00,2391,True,ELIGIBLE
TRAIN,2026-04-10T16:00:00+00:00,2392,True,ELIGIBLE
TRAIN,2026-04-10T17:00:00+00:00,2393,True,ELIGIBLE
TRAIN,2026-04-10T18:00:00+00:00,2394,True,ELIGIBLE
TRAIN,2026-04-10T19:00:00+00:00,2395,True,ELIGIBLE
TRAIN,2026-04-10T20:00:00+00:00,2396,True,ELIGIBLE
TRAIN,2026-04-10T21:00:00+00:00,2397,True,ELIGIBLE
TRAIN,2026-04-10T22:00:00+00:00,2398,True,ELIGIBLE
TRAIN,2026-04-10T23:00:00+00:00,2399,True,ELIGIBLE
TRAIN,2026-04-11T00:00:00+00:00,2400,True,ELIGIBLE
TRAIN,2026-04-11T01:00:00+00:00,2401,True,ELIGIBLE
TRAIN,2026-04-11T02:00:00+00:00,2402,True,ELIGIBLE
TRAIN,2026-04-11T03:00:00+00:00,2403,True,ELIGIBLE
TRAIN,2026-04-11T04:00:00+00:00,2404,True,ELIGIBLE
TRAIN,2026-04-11T05:00:00+00:00,2405,True,ELIGIBLE
TRAIN,2026-04-11T06:00:00+00:00,2406,True,ELIGIBLE
TRAIN,2026-04-11T07:00:00+00:00,2407,True,ELIGIBLE
TRAIN,2026-04-11T08:00:00+00:00,2408,True,ELIGIBLE
TRAIN,2026-04-11T09:00:00+00:00,2409,True,ELIGIBLE
TRAIN,2026-04-11T10:00:00+00:00,2410,True,ELIGIBLE
TRAIN,2026-04-11T11:00:00+00:00,2411,True,ELIGIBLE
TRAIN,2026-04-11T12:00:00+00:00,2412,True,ELIGIBLE
TRAIN,2026-04-11T13:00:00+00:00,2413,True,ELIGIBLE
TRAIN,2026-04-11T14:00:00+00:00,2414,True,ELIGIBLE
TRAIN,2026-04-11T15:00:00+00:00,2415,True,ELIGIBLE
TRAIN,2026-04-11T16:00:00+00:00,2416,True,ELIGIBLE
TRAIN,2026-04-11T17:00:00+00:00,2417,True,ELIGIBLE
TRAIN,2026-04-11T18:00:00+00:00,2418,True,ELIGIBLE
TRAIN,2026-04-11T19:00:00+00:00,2419,True,ELIGIBLE
TRAIN,2026-04-11T20:00:00+00:00,2420,True,ELIGIBLE
TRAIN,2026-04-11T21:00:00+00:00,2421,True,ELIGIBLE
TRAIN,2026-04-11T22:00:00+00:00,2422,True,ELIGIBLE
TRAIN,2026-04-11T23:00:00+00:00,2423,True,ELIGIBLE
TRAIN,2026-04-12T00:00:00+00:00,2424,True,ELIGIBLE
TRAIN,2026-04-12T01:00:00+00:00,2425,True,ELIGIBLE
TRAIN,2026-04-12T02:00:00+00:00,2426,True,ELIGIBLE
TRAIN,2026-04-12T03:00:00+00:00,2427,True,ELIGIBLE
TRAIN,2026-04-12T04:00:00+00:00,2428,True,ELIGIBLE
TRAIN,2026-04-12T05:00:00+00:00,2429,True,ELIGIBLE
TRAIN,2026-04-12T06:00:00+00:00,2430,True,ELIGIBLE
TRAIN,2026-04-12T07:00:00+00:00,2431,True,ELIGIBLE
TRAIN,2026-04-12T08:00:00+00:00,2432,True,ELIGIBLE
TRAIN,2026-04-12T09:00:00+00:00,2433,True,ELIGIBLE
TRAIN,2026-04-12T10:00:00+00:00,2434,True,ELIGIBLE
TRAIN,2026-04-12T11:00:00+00:00,2435,True,ELIGIBLE
TRAIN,2026-04-12T12:00:00+00:00,2436,True,ELIGIBLE
TRAIN,2026-04-12T13:00:00+00:00,2437,True,ELIGIBLE
TRAIN,2026-04-12T14:00:00+00:00,2438,True,ELIGIBLE
TRAIN,2026-04-12T15:00:00+00:00,2439,True,ELIGIBLE
TRAIN,2026-04-12T16:00:00+00:00,2440,True,ELIGIBLE
TRAIN,2026-04-12T17:00:00+00:00,2441,True,ELIGIBLE
TRAIN,2026-04-12T18:00:00+00:00,2442,True,ELIGIBLE
TRAIN,2026-04-12T19:00:00+00:00,2443,True,ELIGIBLE
TRAIN,2026-04-12T20:00:00+00:00,2444,True,ELIGIBLE
TRAIN,2026-04-12T21:00:00+00:00,2445,True,ELIGIBLE
TRAIN,2026-04-12T22:00:00+00:00,2446,True,ELIGIBLE
TRAIN,2026-04-12T23:00:00+00:00,2447,True,ELIGIBLE
TRAIN,2026-04-13T00:00:00+00:00,2448,True,ELIGIBLE
TRAIN,2026-04-13T01:00:00+00:00,2449,True,ELIGIBLE
TRAIN,2026-04-13T02:00:00+00:00,2450,True,ELIGIBLE
TRAIN,2026-04-13T03:00:00+00:00,2451,True,ELIGIBLE
TRAIN,2026-04-13T04:00:00+00:00,2452,True,ELIGIBLE
TRAIN,2026-04-13T05:00:00+00:00,2453,True,ELIGIBLE
TRAIN,2026-04-13T06:00:00+00:00,2454,True,ELIGIBLE
TRAIN,2026-04-13T07:00:00+00:00,2455,True,ELIGIBLE
TRAIN,2026-04-13T08:00:00+00:00,2456,True,ELIGIBLE
TRAIN,2026-04-13T09:00:00+00:00,2457,True,ELIGIBLE
TRAIN,2026-04-13T10:00:00+00:00,2458,True,ELIGIBLE
TRAIN,2026-04-13T11:00:00+00:00,2459,True,ELIGIBLE
TRAIN,2026-04-13T12:00:00+00:00,2460,True,ELIGIBLE
TRAIN,2026-04-13T13:00:00+00:00,2461,True,ELIGIBLE
TRAIN,2026-04-13T14:00:00+00:00,2462,True,ELIGIBLE
TRAIN,2026-04-13T15:00:00+00:00,2463,True,ELIGIBLE
TRAIN,2026-04-13T16:00:00+00:00,2464,True,ELIGIBLE
TRAIN,2026-04-13T17:00:00+00:00,2465,True,ELIGIBLE
TRAIN,2026-04-13T18:00:00+00:00,2466,True,ELIGIBLE
TRAIN,2026-04-13T19:00:00+00:00,2467,True,ELIGIBLE
TRAIN,2026-04-13T20:00:00+00:00,2468,True,ELIGIBLE
TRAIN,2026-04-13T21:00:00+00:00,2469,True,ELIGIBLE
TRAIN,2026-04-13T22:00:00+00:00,2470,True,ELIGIBLE
TRAIN,2026-04-13T23:00:00+00:00,2471,True,ELIGIBLE
TRAIN,2026-04-14T00:00:00+00:00,2472,True,ELIGIBLE
TRAIN,2026-04-14T01:00:00+00:00,2473,True,ELIGIBLE
TRAIN,2026-04-14T02:00:00+00:00,2474,True,ELIGIBLE
TRAIN,2026-04-14T03:00:00+00:00,2475,True,ELIGIBLE
TRAIN,2026-04-14T04:00:00+00:00,2476,True,ELIGIBLE
TRAIN,2026-04-14T05:00:00+00:00,2477,True,ELIGIBLE
TRAIN,2026-04-14T06:00:00+00:00,2478,True,ELIGIBLE
TRAIN,2026-04-14T07:00:00+00:00,2479,True,ELIGIBLE
TRAIN,2026-04-14T08:00:00+00:00,2480,True,ELIGIBLE
TRAIN,2026-04-14T09:00:00+00:00,2481,True,ELIGIBLE
TRAIN,2026-04-14T10:00:00+00:00,2482,True,ELIGIBLE
TRAIN,2026-04-14T11:00:00+00:00,2483,True,ELIGIBLE
TRAIN,2026-04-14T12:00:00+00:00,2484,True,ELIGIBLE
TRAIN,2026-04-14T13:00:00+00:00,2485,True,ELIGIBLE
TRAIN,2026-04-14T14:00:00+00:00,2486,True,ELIGIBLE
TRAIN,2026-04-14T15:00:00+00:00,2487,True,ELIGIBLE
TRAIN,2026-04-14T16:00:00+00:00,2488,True,ELIGIBLE
TRAIN,2026-04-14T17:00:00+00:00,2489,True,ELIGIBLE
TRAIN,2026-04-14T18:00:00+00:00,2490,True,ELIGIBLE
TRAIN,2026-04-14T19:00:00+00:00,2491,True,ELIGIBLE
TRAIN,2026-04-14T20:00:00+00:00,2492,True,ELIGIBLE
TRAIN,2026-04-14T21:00:00+00:00,2493,True,ELIGIBLE
TRAIN,2026-04-14T22:00:00+00:00,2494,True,ELIGIBLE
TRAIN,2026-04-14T23:00:00+00:00,2495,True,ELIGIBLE
TRAIN,2026-04-15T00:00:00+00:00,2496,True,ELIGIBLE
TRAIN,2026-04-15T01:00:00+00:00,2497,True,ELIGIBLE
TRAIN,2026-04-15T02:00:00+00:00,2498,True,ELIGIBLE
TRAIN,2026-04-15T03:00:00+00:00,2499,True,ELIGIBLE
TRAIN,2026-04-15T04:00:00+00:00,2500,True,ELIGIBLE
TRAIN,2026-04-15T05:00:00+00:00,2501,True,ELIGIBLE
TRAIN,2026-04-15T06:00:00+00:00,2502,True,ELIGIBLE
TRAIN,2026-04-15T07:00:00+00:00,2503,True,ELIGIBLE
TRAIN,2026-04-15T08:00:00+00:00,2504,True,ELIGIBLE
TRAIN,2026-04-15T09:00:00+00:00,2505,True,ELIGIBLE
TRAIN,2026-04-15T10:00:00+00:00,2506,True,ELIGIBLE
TRAIN,2026-04-15T11:00:00+00:00,2507,True,ELIGIBLE
TRAIN,2026-04-15T12:00:00+00:00,2508,True,ELIGIBLE
TRAIN,2026-04-15T13:00:00+00:00,2509,True,ELIGIBLE
TRAIN,2026-04-15T14:00:00+00:00,2510,True,ELIGIBLE
TRAIN,2026-04-15T15:00:00+00:00,2511,True,ELIGIBLE
TRAIN,2026-04-15T16:00:00+00:00,2512,True,ELIGIBLE
TRAIN,2026-04-15T17:00:00+00:00,2513,True,ELIGIBLE
TRAIN,2026-04-15T18:00:00+00:00,2514,True,ELIGIBLE
TRAIN,2026-04-15T19:00:00+00:00,2515,True,ELIGIBLE
TRAIN,2026-04-15T20:00:00+00:00,2516,True,ELIGIBLE
TRAIN,2026-04-15T21:00:00+00:00,2517,True,ELIGIBLE
TRAIN,2026-04-15T22:00:00+00:00,2518,True,ELIGIBLE
TRAIN,2026-04-15T23:00:00+00:00,2519,True,ELIGIBLE
TRAIN,2026-04-16T00:00:00+00:00,2520,True,ELIGIBLE
TRAIN,2026-04-16T01:00:00+00:00,2521,True,ELIGIBLE
TRAIN,2026-04-16T02:00:00+00:00,2522,True,ELIGIBLE
TRAIN,2026-04-16T03:00:00+00:00,2523,True,ELIGIBLE
TRAIN,2026-04-16T04:00:00+00:00,2524,True,ELIGIBLE
TRAIN,2026-04-16T05:00:00+00:00,2525,True,ELIGIBLE
TRAIN,2026-04-16T06:00:00+00:00,2526,True,ELIGIBLE
TRAIN,2026-04-16T07:00:00+00:00,2527,True,ELIGIBLE
TRAIN,2026-04-16T08:00:00+00:00,2528,True,ELIGIBLE
TRAIN,2026-04-16T09:00:00+00:00,2529,True,ELIGIBLE
TRAIN,2026-04-16T10:00:00+00:00,2530,True,ELIGIBLE
TRAIN,2026-04-16T11:00:00+00:00,2531,True,ELIGIBLE
TRAIN,2026-04-16T12:00:00+00:00,2532,True,ELIGIBLE
TRAIN,2026-04-16T13:00:00+00:00,2533,True,ELIGIBLE
TRAIN,2026-04-16T14:00:00+00:00,2534,True,ELIGIBLE
TRAIN,2026-04-16T15:00:00+00:00,2535,True,ELIGIBLE
TRAIN,2026-04-16T16:00:00+00:00,2536,True,ELIGIBLE
TRAIN,2026-04-16T17:00:00+00:00,2537,True,ELIGIBLE
TRAIN,2026-04-16T18:00:00+00:00,2538,True,ELIGIBLE
TRAIN,2026-04-16T19:00:00+00:00,2539,True,ELIGIBLE
TRAIN,2026-04-16T20:00:00+00:00,2540,True,ELIGIBLE
TRAIN,2026-04-16T21:00:00+00:00,2541,True,ELIGIBLE
TRAIN,2026-04-16T22:00:00+00:00,2542,True,ELIGIBLE
TRAIN,2026-04-16T23:00:00+00:00,2543,True,ELIGIBLE
TRAIN,2026-04-17T00:00:00+00:00,2544,True,ELIGIBLE
TRAIN,2026-04-17T01:00:00+00:00,2545,True,ELIGIBLE
TRAIN,2026-04-17T02:00:00+00:00,2546,True,ELIGIBLE
TRAIN,2026-04-17T03:00:00+00:00,2547,True,ELIGIBLE
TRAIN,2026-04-17T04:00:00+00:00,2548,True,ELIGIBLE
TRAIN,2026-04-17T05:00:00+00:00,2549,True,ELIGIBLE
TRAIN,2026-04-17T06:00:00+00:00,2550,True,ELIGIBLE
TRAIN,2026-04-17T07:00:00+00:00,2551,True,ELIGIBLE
TRAIN,2026-04-17T08:00:00+00:00,2552,True,ELIGIBLE
TRAIN,2026-04-17T09:00:00+00:00,2553,True,ELIGIBLE
TRAIN,2026-04-17T10:00:00+00:00,2554,True,ELIGIBLE
TRAIN,2026-04-17T11:00:00+00:00,2555,True,ELIGIBLE
TRAIN,2026-04-17T12:00:00+00:00,2556,True,ELIGIBLE
TRAIN,2026-04-17T13:00:00+00:00,2557,True,ELIGIBLE
TRAIN,2026-04-17T14:00:00+00:00,2558,True,ELIGIBLE
TRAIN,2026-04-17T15:00:00+00:00,2559,True,ELIGIBLE
TRAIN,2026-04-17T16:00:00+00:00,2560,True,ELIGIBLE
TRAIN,2026-04-17T17:00:00+00:00,2561,True,ELIGIBLE
TRAIN,2026-04-17T18:00:00+00:00,2562,True,ELIGIBLE
TRAIN,2026-04-17T19:00:00+00:00,2563,True,ELIGIBLE
TRAIN,2026-04-17T20:00:00+00:00,2564,True,ELIGIBLE
TRAIN,2026-04-17T21:00:00+00:00,2565,True,ELIGIBLE
TRAIN,2026-04-17T22:00:00+00:00,2566,True,ELIGIBLE
TRAIN,2026-04-17T23:00:00+00:00,2567,True,ELIGIBLE
TRAIN,2026-04-18T00:00:00+00:00,2568,True,ELIGIBLE
TRAIN,2026-04-18T01:00:00+00:00,2569,True,ELIGIBLE
TRAIN,2026-04-18T02:00:00+00:00,2570,True,ELIGIBLE
TRAIN,2026-04-18T03:00:00+00:00,2571,True,ELIGIBLE
TRAIN,2026-04-18T04:00:00+00:00,2572,True,ELIGIBLE
TRAIN,2026-04-18T05:00:00+00:00,2573,True,ELIGIBLE
TRAIN,2026-04-18T06:00:00+00:00,2574,True,ELIGIBLE
TRAIN,2026-04-18T07:00:00+00:00,2575,True,ELIGIBLE
TRAIN,2026-04-18T08:00:00+00:00,2576,True,ELIGIBLE
TRAIN,2026-04-18T09:00:00+00:00,2577,True,ELIGIBLE
TRAIN,2026-04-18T10:00:00+00:00,2578,True,ELIGIBLE
TRAIN,2026-04-18T11:00:00+00:00,2579,True,ELIGIBLE
TRAIN,2026-04-18T12:00:00+00:00,2580,True,ELIGIBLE
TRAIN,2026-04-18T13:00:00+00:00,2581,True,ELIGIBLE
TRAIN,2026-04-18T14:00:00+00:00,2582,True,ELIGIBLE
TRAIN,2026-04-18T15:00:00+00:00,2583,True,ELIGIBLE
TRAIN,2026-04-18T16:00:00+00:00,2584,True,ELIGIBLE
TRAIN,2026-04-18T17:00:00+00:00,2585,True,ELIGIBLE
TRAIN,2026-04-18T18:00:00+00:00,2586,True,ELIGIBLE
TRAIN,2026-04-18T19:00:00+00:00,2587,True,ELIGIBLE
TRAIN,2026-04-18T20:00:00+00:00,2588,True,ELIGIBLE
TRAIN,2026-04-18T21:00:00+00:00,2589,True,ELIGIBLE
TRAIN,2026-04-18T22:00:00+00:00,2590,True,ELIGIBLE
TRAIN,2026-04-18T23:00:00+00:00,2591,True,ELIGIBLE
TRAIN,2026-04-19T00:00:00+00:00,2592,True,ELIGIBLE
TRAIN,2026-04-19T01:00:00+00:00,2593,True,ELIGIBLE
TRAIN,2026-04-19T02:00:00+00:00,2594,True,ELIGIBLE
TRAIN,2026-04-19T03:00:00+00:00,2595,True,ELIGIBLE
TRAIN,2026-04-19T04:00:00+00:00,2596,True,ELIGIBLE
TRAIN,2026-04-19T05:00:00+00:00,2597,True,ELIGIBLE
TRAIN,2026-04-19T06:00:00+00:00,2598,True,ELIGIBLE
TRAIN,2026-04-19T07:00:00+00:00,2599,True,ELIGIBLE
TRAIN,2026-04-19T08:00:00+00:00,2600,True,ELIGIBLE
TRAIN,2026-04-19T09:00:00+00:00,2601,True,ELIGIBLE
TRAIN,2026-04-19T10:00:00+00:00,2602,True,ELIGIBLE
TRAIN,2026-04-19T11:00:00+00:00,2603,True,ELIGIBLE
TRAIN,2026-04-19T12:00:00+00:00,2604,True,ELIGIBLE
TRAIN,2026-04-19T13:00:00+00:00,2605,True,ELIGIBLE
TRAIN,2026-04-19T14:00:00+00:00,2606,True,ELIGIBLE
TRAIN,2026-04-19T15:00:00+00:00,2607,True,ELIGIBLE
TRAIN,2026-04-19T16:00:00+00:00,2608,True,ELIGIBLE
TRAIN,2026-04-19T17:00:00+00:00,2609,True,ELIGIBLE
TRAIN,2026-04-19T18:00:00+00:00,2610,True,ELIGIBLE
TRAIN,2026-04-19T19:00:00+00:00,2611,True,ELIGIBLE
TRAIN,2026-04-19T20:00:00+00:00,2612,True,ELIGIBLE
TRAIN,2026-04-19T21:00:00+00:00,2613,True,ELIGIBLE
TRAIN,2026-04-19T22:00:00+00:00,2614,True,ELIGIBLE
TRAIN,2026-04-19T23:00:00+00:00,2615,True,ELIGIBLE
TRAIN,2026-04-20T00:00:00+00:00,2616,True,ELIGIBLE
TRAIN,2026-04-20T01:00:00+00:00,2617,True,ELIGIBLE
TRAIN,2026-04-20T02:00:00+00:00,2618,True,ELIGIBLE
TRAIN,2026-04-20T03:00:00+00:00,2619,True,ELIGIBLE
TRAIN,2026-04-20T04:00:00+00:00,2620,True,ELIGIBLE
TRAIN,2026-04-20T05:00:00+00:00,2621,True,ELIGIBLE
TRAIN,2026-04-20T06:00:00+00:00,2622,True,ELIGIBLE
TRAIN,2026-04-20T07:00:00+00:00,2623,True,ELIGIBLE
TRAIN,2026-04-20T08:00:00+00:00,2624,True,ELIGIBLE
TRAIN,2026-04-20T09:00:00+00:00,2625,True,ELIGIBLE
TRAIN,2026-04-20T10:00:00+00:00,2626,True,ELIGIBLE
TRAIN,2026-04-20T11:00:00+00:00,2627,True,ELIGIBLE
TRAIN,2026-04-20T12:00:00+00:00,2628,True,ELIGIBLE
TRAIN,2026-04-20T13:00:00+00:00,2629,True,ELIGIBLE
TRAIN,2026-04-20T14:00:00+00:00,2630,True,ELIGIBLE
TRAIN,2026-04-20T15:00:00+00:00,2631,True,ELIGIBLE
TRAIN,2026-04-20T16:00:00+00:00,2632,True,ELIGIBLE
TRAIN,2026-04-20T17:00:00+00:00,2633,True,ELIGIBLE
TRAIN,2026-04-20T18:00:00+00:00,2634,True,ELIGIBLE
TRAIN,2026-04-20T19:00:00+00:00,2635,True,ELIGIBLE
TRAIN,2026-04-20T20:00:00+00:00,2636,True,ELIGIBLE
TRAIN,2026-04-20T21:00:00+00:00,2637,True,ELIGIBLE
TRAIN,2026-04-20T22:00:00+00:00,2638,True,ELIGIBLE
TRAIN,2026-04-20T23:00:00+00:00,2639,True,ELIGIBLE
TRAIN,2026-04-21T00:00:00+00:00,2640,True,ELIGIBLE
TRAIN,2026-04-21T01:00:00+00:00,2641,True,ELIGIBLE
TRAIN,2026-04-21T02:00:00+00:00,2642,True,ELIGIBLE
TRAIN,2026-04-21T03:00:00+00:00,2643,True,ELIGIBLE
TRAIN,2026-04-21T04:00:00+00:00,2644,True,ELIGIBLE
TRAIN,2026-04-21T05:00:00+00:00,2645,True,ELIGIBLE
TRAIN,2026-04-21T06:00:00+00:00,2646,True,ELIGIBLE
TRAIN,2026-04-21T07:00:00+00:00,2647,True,ELIGIBLE
TRAIN,2026-04-21T08:00:00+00:00,2648,True,ELIGIBLE
TRAIN,2026-04-21T09:00:00+00:00,2649,True,ELIGIBLE
TRAIN,2026-04-21T10:00:00+00:00,2650,True,ELIGIBLE
TRAIN,2026-04-21T11:00:00+00:00,2651,True,ELIGIBLE
TRAIN,2026-04-21T12:00:00+00:00,2652,True,ELIGIBLE
TRAIN,2026-04-21T13:00:00+00:00,2653,True,ELIGIBLE
TRAIN,2026-04-21T14:00:00+00:00,2654,True,ELIGIBLE
TRAIN,2026-04-21T15:00:00+00:00,2655,True,ELIGIBLE
TRAIN,2026-04-21T16:00:00+00:00,2656,True,ELIGIBLE
TRAIN,2026-04-21T17:00:00+00:00,2657,True,ELIGIBLE
TRAIN,2026-04-21T18:00:00+00:00,2658,True,ELIGIBLE
TRAIN,2026-04-21T19:00:00+00:00,2659,True,ELIGIBLE
TRAIN,2026-04-21T20:00:00+00:00,2660,True,ELIGIBLE
TRAIN,2026-04-21T21:00:00+00:00,2661,True,ELIGIBLE
TRAIN,2026-04-21T22:00:00+00:00,2662,True,ELIGIBLE
TRAIN,2026-04-21T23:00:00+00:00,2663,True,ELIGIBLE
TRAIN,2026-04-22T00:00:00+00:00,2664,True,ELIGIBLE
TRAIN,2026-04-22T01:00:00+00:00,2665,True,ELIGIBLE
TRAIN,2026-04-22T02:00:00+00:00,2666,True,ELIGIBLE
TRAIN,2026-04-22T03:00:00+00:00,2667,True,ELIGIBLE
TRAIN,2026-04-22T04:00:00+00:00,2668,True,ELIGIBLE
TRAIN,2026-04-22T05:00:00+00:00,2669,True,ELIGIBLE
TRAIN,2026-04-22T06:00:00+00:00,2670,True,ELIGIBLE
TRAIN,2026-04-22T07:00:00+00:00,2671,True,ELIGIBLE
TRAIN,2026-04-22T08:00:00+00:00,2672,True,ELIGIBLE
TRAIN,2026-04-22T09:00:00+00:00,2673,True,ELIGIBLE
TRAIN,2026-04-22T10:00:00+00:00,2674,True,ELIGIBLE
TRAIN,2026-04-22T11:00:00+00:00,2675,True,ELIGIBLE
TRAIN,2026-04-22T12:00:00+00:00,2676,True,ELIGIBLE
TRAIN,2026-04-22T13:00:00+00:00,2677,True,ELIGIBLE
TRAIN,2026-04-22T14:00:00+00:00,2678,True,ELIGIBLE
TRAIN,2026-04-22T15:00:00+00:00,2679,True,ELIGIBLE
TRAIN,2026-04-22T16:00:00+00:00,2680,True,ELIGIBLE
TRAIN,2026-04-22T17:00:00+00:00,2681,True,ELIGIBLE
TRAIN,2026-04-22T18:00:00+00:00,2682,True,ELIGIBLE
TRAIN,2026-04-22T19:00:00+00:00,2683,True,ELIGIBLE
TRAIN,2026-04-22T20:00:00+00:00,2684,True,ELIGIBLE
TRAIN,2026-04-22T21:00:00+00:00,2685,True,ELIGIBLE
TRAIN,2026-04-22T22:00:00+00:00,2686,True,ELIGIBLE
TRAIN,2026-04-22T23:00:00+00:00,2687,True,ELIGIBLE
TRAIN,2026-04-23T00:00:00+00:00,2688,True,ELIGIBLE
TRAIN,2026-04-23T01:00:00+00:00,2689,True,ELIGIBLE
TRAIN,2026-04-23T02:00:00+00:00,2690,True,ELIGIBLE
TRAIN,2026-04-23T03:00:00+00:00,2691,True,ELIGIBLE
TRAIN,2026-04-23T04:00:00+00:00,2692,True,ELIGIBLE
TRAIN,2026-04-23T05:00:00+00:00,2693,True,ELIGIBLE
TRAIN,2026-04-23T06:00:00+00:00,2694,True,ELIGIBLE
TRAIN,2026-04-23T07:00:00+00:00,2695,True,ELIGIBLE
TRAIN,2026-04-23T08:00:00+00:00,2696,True,ELIGIBLE
TRAIN,2026-04-23T09:00:00+00:00,2697,True,ELIGIBLE
TRAIN,2026-04-23T10:00:00+00:00,2698,True,ELIGIBLE
TRAIN,2026-04-23T11:00:00+00:00,2699,True,ELIGIBLE
TRAIN,2026-04-23T12:00:00+00:00,2700,True,ELIGIBLE
TRAIN,2026-04-23T13:00:00+00:00,2701,True,ELIGIBLE
TRAIN,2026-04-23T14:00:00+00:00,2702,True,ELIGIBLE
TRAIN,2026-04-23T15:00:00+00:00,2703,True,ELIGIBLE
TRAIN,2026-04-23T16:00:00+00:00,2704,True,ELIGIBLE
TRAIN,2026-04-23T17:00:00+00:00,2705,True,ELIGIBLE
TRAIN,2026-04-23T18:00:00+00:00,2706,True,ELIGIBLE
TRAIN,2026-04-23T19:00:00+00:00,2707,True,ELIGIBLE
TRAIN,2026-04-23T20:00:00+00:00,2708,True,ELIGIBLE
TRAIN,2026-04-23T21:00:00+00:00,2709,True,ELIGIBLE
TRAIN,2026-04-23T22:00:00+00:00,2710,True,ELIGIBLE
TRAIN,2026-04-23T23:00:00+00:00,2711,True,ELIGIBLE
TRAIN,2026-04-24T00:00:00+00:00,2712,True,ELIGIBLE
TRAIN,2026-04-24T01:00:00+00:00,2713,True,ELIGIBLE
TRAIN,2026-04-24T02:00:00+00:00,2714,True,ELIGIBLE
TRAIN,2026-04-24T03:00:00+00:00,2715,True,ELIGIBLE
TRAIN,2026-04-24T04:00:00+00:00,2716,True,ELIGIBLE
TRAIN,2026-04-24T05:00:00+00:00,2717,True,ELIGIBLE
TRAIN,2026-04-24T06:00:00+00:00,2718,True,ELIGIBLE
TRAIN,2026-04-24T07:00:00+00:00,2719,True,ELIGIBLE
TRAIN,2026-04-24T08:00:00+00:00,2720,True,ELIGIBLE
TRAIN,2026-04-24T09:00:00+00:00,2721,True,ELIGIBLE
TRAIN,2026-04-24T10:00:00+00:00,2722,True,ELIGIBLE
TRAIN,2026-04-24T11:00:00+00:00,2723,True,ELIGIBLE
TRAIN,2026-04-24T12:00:00+00:00,2724,True,ELIGIBLE
TRAIN,2026-04-24T13:00:00+00:00,2725,True,ELIGIBLE
TRAIN,2026-04-24T14:00:00+00:00,2726,True,ELIGIBLE
TRAIN,2026-04-24T15:00:00+00:00,2727,True,ELIGIBLE
TRAIN,2026-04-24T16:00:00+00:00,2728,True,ELIGIBLE
TRAIN,2026-04-24T17:00:00+00:00,2729,True,ELIGIBLE
TRAIN,2026-04-24T18:00:00+00:00,2730,True,ELIGIBLE
TRAIN,2026-04-24T19:00:00+00:00,2731,True,ELIGIBLE
TRAIN,2026-04-24T20:00:00+00:00,2732,True,ELIGIBLE
TRAIN,2026-04-24T21:00:00+00:00,2733,True,ELIGIBLE
TRAIN,2026-04-24T22:00:00+00:00,2734,True,ELIGIBLE
TRAIN,2026-04-24T23:00:00+00:00,2735,True,ELIGIBLE
TRAIN,2026-04-25T00:00:00+00:00,2736,True,ELIGIBLE
TRAIN,2026-04-25T01:00:00+00:00,2737,True,ELIGIBLE
TRAIN,2026-04-25T02:00:00+00:00,2738,True,ELIGIBLE
TRAIN,2026-04-25T03:00:00+00:00,2739,True,ELIGIBLE
TRAIN,2026-04-25T04:00:00+00:00,2740,True,ELIGIBLE
TRAIN,2026-04-25T05:00:00+00:00,2741,True,ELIGIBLE
TRAIN,2026-04-25T06:00:00+00:00,2742,True,ELIGIBLE
TRAIN,2026-04-25T07:00:00+00:00,2743,True,ELIGIBLE
TRAIN,2026-04-25T08:00:00+00:00,2744,True,ELIGIBLE
TRAIN,2026-04-25T09:00:00+00:00,2745,True,ELIGIBLE
TRAIN,2026-04-25T10:00:00+00:00,2746,True,ELIGIBLE
TRAIN,2026-04-25T11:00:00+00:00,2747,True,ELIGIBLE
TRAIN,2026-04-25T12:00:00+00:00,2748,True,ELIGIBLE
TRAIN,2026-04-25T13:00:00+00:00,2749,True,ELIGIBLE
TRAIN,2026-04-25T14:00:00+00:00,2750,True,ELIGIBLE
TRAIN,2026-04-25T15:00:00+00:00,2751,True,ELIGIBLE
TRAIN,2026-04-25T16:00:00+00:00,2752,True,ELIGIBLE
TRAIN,2026-04-25T17:00:00+00:00,2753,True,ELIGIBLE
TRAIN,2026-04-25T18:00:00+00:00,2754,True,ELIGIBLE
TRAIN,2026-04-25T19:00:00+00:00,2755,True,ELIGIBLE
TRAIN,2026-04-25T20:00:00+00:00,2756,True,ELIGIBLE
TRAIN,2026-04-25T21:00:00+00:00,2757,True,ELIGIBLE
TRAIN,2026-04-25T22:00:00+00:00,2758,True,ELIGIBLE
TRAIN,2026-04-25T23:00:00+00:00,2759,True,ELIGIBLE
TRAIN,2026-04-26T00:00:00+00:00,2760,True,ELIGIBLE
TRAIN,2026-04-26T01:00:00+00:00,2761,True,ELIGIBLE
TRAIN,2026-04-26T02:00:00+00:00,2762,True,ELIGIBLE
TRAIN,2026-04-26T03:00:00+00:00,2763,True,ELIGIBLE
TRAIN,2026-04-26T04:00:00+00:00,2764,True,ELIGIBLE
TRAIN,2026-04-26T05:00:00+00:00,2765,True,ELIGIBLE
TRAIN,2026-04-26T06:00:00+00:00,2766,True,ELIGIBLE
TRAIN,2026-04-26T07:00:00+00:00,2767,True,ELIGIBLE
TRAIN,2026-04-26T08:00:00+00:00,2768,True,ELIGIBLE
TRAIN,2026-04-26T09:00:00+00:00,2769,True,ELIGIBLE
TRAIN,2026-04-26T10:00:00+00:00,2770,True,ELIGIBLE
TRAIN,2026-04-26T11:00:00+00:00,2771,True,ELIGIBLE
TRAIN,2026-04-26T12:00:00+00:00,2772,True,ELIGIBLE
TRAIN,2026-04-26T13:00:00+00:00,2773,True,ELIGIBLE
TRAIN,2026-04-26T14:00:00+00:00,2774,True,ELIGIBLE
TRAIN,2026-04-26T15:00:00+00:00,2775,True,ELIGIBLE
TRAIN,2026-04-26T16:00:00+00:00,2776,True,ELIGIBLE
TRAIN,2026-04-26T17:00:00+00:00,2777,True,ELIGIBLE
TRAIN,2026-04-26T18:00:00+00:00,2778,True,ELIGIBLE
TRAIN,2026-04-26T19:00:00+00:00,2779,True,ELIGIBLE
TRAIN,2026-04-26T20:00:00+00:00,2780,True,ELIGIBLE
TRAIN,2026-04-26T21:00:00+00:00,2781,True,ELIGIBLE
TRAIN,2026-04-26T22:00:00+00:00,2782,True,ELIGIBLE
TRAIN,2026-04-26T23:00:00+00:00,2783,True,ELIGIBLE
TRAIN,2026-04-27T00:00:00+00:00,2784,True,ELIGIBLE
TRAIN,2026-04-27T01:00:00+00:00,2785,True,ELIGIBLE
TRAIN,2026-04-27T02:00:00+00:00,2786,True,ELIGIBLE
TRAIN,2026-04-27T03:00:00+00:00,2787,True,ELIGIBLE
TRAIN,2026-04-27T04:00:00+00:00,2788,True,ELIGIBLE
TRAIN,2026-04-27T05:00:00+00:00,2789,True,ELIGIBLE
TRAIN,2026-04-27T06:00:00+00:00,2790,True,ELIGIBLE
TRAIN,2026-04-27T07:00:00+00:00,2791,True,ELIGIBLE
TRAIN,2026-04-27T08:00:00+00:00,2792,True,ELIGIBLE
TRAIN,2026-04-27T09:00:00+00:00,2793,True,ELIGIBLE
TRAIN,2026-04-27T10:00:00+00:00,2794,True,ELIGIBLE
TRAIN,2026-04-27T11:00:00+00:00,2795,True,ELIGIBLE
TRAIN,2026-04-27T12:00:00+00:00,2796,True,ELIGIBLE
TRAIN,2026-04-27T13:00:00+00:00,2797,True,ELIGIBLE
TRAIN,2026-04-27T14:00:00+00:00,2798,True,ELIGIBLE
TRAIN,2026-04-27T15:00:00+00:00,2799,True,ELIGIBLE
TRAIN,2026-04-27T16:00:00+00:00,2800,True,ELIGIBLE
TRAIN,2026-04-27T17:00:00+00:00,2801,True,ELIGIBLE
TRAIN,2026-04-27T18:00:00+00:00,2802,True,ELIGIBLE
TRAIN,2026-04-27T19:00:00+00:00,2803,True,ELIGIBLE
TRAIN,2026-04-27T20:00:00+00:00,2804,True,ELIGIBLE
TRAIN,2026-04-27T21:00:00+00:00,2805,True,ELIGIBLE
TRAIN,2026-04-27T22:00:00+00:00,2806,True,ELIGIBLE
TRAIN,2026-04-27T23:00:00+00:00,2807,True,ELIGIBLE
TRAIN,2026-04-28T00:00:00+00:00,2808,True,ELIGIBLE
TRAIN,2026-04-28T01:00:00+00:00,2809,True,ELIGIBLE
TRAIN,2026-04-28T02:00:00+00:00,2810,True,ELIGIBLE
TRAIN,2026-04-28T03:00:00+00:00,2811,True,ELIGIBLE
TRAIN,2026-04-28T04:00:00+00:00,2812,True,ELIGIBLE
TRAIN,2026-04-28T05:00:00+00:00,2813,True,ELIGIBLE
TRAIN,2026-04-28T06:00:00+00:00,2814,True,ELIGIBLE
TRAIN,2026-04-28T07:00:00+00:00,2815,True,ELIGIBLE
TRAIN,2026-04-28T08:00:00+00:00,2816,True,ELIGIBLE
TRAIN,2026-04-28T09:00:00+00:00,2817,False,TARGET_OUTSIDE_SPLIT
TRAIN,2026-04-28T10:00:00+00:00,2818,False,TARGET_OUTSIDE_SPLIT
TRAIN,2026-04-28T11:00:00+00:00,2819,False,TARGET_OUTSIDE_SPLIT
TRAIN,2026-04-28T12:00:00+00:00,2820,False,TARGET_OUTSIDE_SPLIT
TRAIN,2026-04-28T13:00:00+00:00,2821,False,TARGET_OUTSIDE_SPLIT
TRAIN,2026-04-28T14:00:00+00:00,2822,False,TARGET_OUTSIDE_SPLIT
TRAIN,2026-04-28T15:00:00+00:00,2823,False,TARGET_OUTSIDE_SPLIT
TRAIN,2026-04-28T16:00:00+00:00,2824,False,TARGET_OUTSIDE_SPLIT
TRAIN,2026-04-28T17:00:00+00:00,2825,False,TARGET_OUTSIDE_SPLIT
TRAIN,2026-04-28T18:00:00+00:00,2826,False,TARGET_OUTSIDE_SPLIT
TRAIN,2026-04-28T19:00:00+00:00,2827,False,TARGET_OUTSIDE_SPLIT
TRAIN,2026-04-28T20:00:00+00:00,2828,False,TARGET_OUTSIDE_SPLIT
TRAIN,2026-04-28T21:00:00+00:00,2829,False,TARGET_OUTSIDE_SPLIT
TRAIN,2026-04-28T22:00:00+00:00,2830,False,TARGET_OUTSIDE_SPLIT
TRAIN,2026-04-28T23:00:00+00:00,2831,False,TARGET_OUTSIDE_SPLIT
TRAIN,2026-04-29T00:00:00+00:00,2832,False,TARGET_OUTSIDE_SPLIT
TRAIN,2026-04-29T01:00:00+00:00,2833,False,TARGET_OUTSIDE_SPLIT
TRAIN,2026-04-29T02:00:00+00:00,2834,False,TARGET_OUTSIDE_SPLIT
TRAIN,2026-04-29T03:00:00+00:00,2835,False,TARGET_OUTSIDE_SPLIT
TRAIN,2026-04-29T04:00:00+00:00,2836,False,TARGET_OUTSIDE_SPLIT
TRAIN,2026-04-29T05:00:00+00:00,2837,False,TARGET_OUTSIDE_SPLIT
TRAIN,2026-04-29T06:00:00+00:00,2838,False,TARGET_OUTSIDE_SPLIT
TRAIN,2026-04-29T07:00:00+00:00,2839,False,TARGET_OUTSIDE_SPLIT
TRAIN,2026-04-29T08:00:00+00:00,2840,False,TARGET_OUTSIDE_SPLIT
TRAIN,2026-04-29T09:00:00+00:00,2841,False,TARGET_OUTSIDE_SPLIT
TRAIN,2026-04-29T10:00:00+00:00,2842,False,TARGET_OUTSIDE_SPLIT
TRAIN,2026-04-29T11:00:00+00:00,2843,False,TARGET_OUTSIDE_SPLIT
TRAIN,2026-04-29T12:00:00+00:00,2844,False,TARGET_OUTSIDE_SPLIT
TRAIN,2026-04-29T13:00:00+00:00,2845,False,TARGET_OUTSIDE_SPLIT
TRAIN,2026-04-29T14:00:00+00:00,2846,False,TARGET_OUTSIDE_SPLIT
TRAIN,2026-04-29T15:00:00+00:00,2847,False,TARGET_OUTSIDE_SPLIT
TRAIN,2026-04-29T16:00:00+00:00,2848,False,TARGET_OUTSIDE_SPLIT
TRAIN,2026-04-29T17:00:00+00:00,2849,False,TARGET_OUTSIDE_SPLIT
TRAIN,2026-04-29T18:00:00+00:00,2850,False,TARGET_OUTSIDE_SPLIT
TRAIN,2026-04-29T19:00:00+00:00,2851,False,TARGET_OUTSIDE_SPLIT
TRAIN,2026-04-29T20:00:00+00:00,2852,False,TARGET_OUTSIDE_SPLIT
TRAIN,2026-04-29T21:00:00+00:00,2853,False,TARGET_OUTSIDE_SPLIT
TRAIN,2026-04-29T22:00:00+00:00,2854,False,TARGET_OUTSIDE_SPLIT
TRAIN,2026-04-29T23:00:00+00:00,2855,False,TARGET_OUTSIDE_SPLIT
TRAIN,2026-04-30T00:00:00+00:00,2856,False,TARGET_OUTSIDE_SPLIT
TRAIN,2026-04-30T01:00:00+00:00,2857,False,TARGET_OUTSIDE_SPLIT
TRAIN,2026-04-30T02:00:00+00:00,2858,False,TARGET_OUTSIDE_SPLIT
TRAIN,2026-04-30T03:00:00+00:00,2859,False,TARGET_OUTSIDE_SPLIT
TRAIN,2026-04-30T04:00:00+00:00,2860,False,TARGET_OUTSIDE_SPLIT
TRAIN,2026-04-30T05:00:00+00:00,2861,False,TARGET_OUTSIDE_SPLIT
TRAIN,2026-04-30T06:00:00+00:00,2862,False,TARGET_OUTSIDE_SPLIT
TRAIN,2026-04-30T07:00:00+00:00,2863,False,TARGET_OUTSIDE_SPLIT
TRAIN,2026-04-30T08:00:00+00:00,2864,False,TARGET_OUTSIDE_SPLIT
TRAIN,2026-04-30T09:00:00+00:00,2865,False,TARGET_OUTSIDE_SPLIT
TRAIN,2026-04-30T10:00:00+00:00,2866,False,TARGET_OUTSIDE_SPLIT
TRAIN,2026-04-30T11:00:00+00:00,2867,False,TARGET_OUTSIDE_SPLIT
TRAIN,2026-04-30T12:00:00+00:00,2868,False,TARGET_OUTSIDE_SPLIT
TRAIN,2026-04-30T13:00:00+00:00,2869,False,TARGET_OUTSIDE_SPLIT
TRAIN,2026-04-30T14:00:00+00:00,2870,False,TARGET_OUTSIDE_SPLIT
TRAIN,2026-04-30T15:00:00+00:00,2871,False,TARGET_OUTSIDE_SPLIT
TRAIN,2026-04-30T16:00:00+00:00,2872,False,TARGET_OUTSIDE_SPLIT
TRAIN,2026-04-30T17:00:00+00:00,2873,False,TARGET_OUTSIDE_SPLIT
TRAIN,2026-04-30T18:00:00+00:00,2874,False,TARGET_OUTSIDE_SPLIT
TRAIN,2026-04-30T19:00:00+00:00,2875,False,TARGET_OUTSIDE_SPLIT
TRAIN,2026-04-30T20:00:00+00:00,2876,False,TARGET_OUTSIDE_SPLIT
TRAIN,2026-04-30T21:00:00+00:00,2877,False,TARGET_OUTSIDE_SPLIT
TRAIN,2026-04-30T22:00:00+00:00,2878,False,TARGET_OUTSIDE_SPLIT
TRAIN,2026-04-30T23:00:00+00:00,2879,False,TARGET_OUTSIDE_SPLIT
V_SELECT,2026-05-01T00:00:00+00:00,2880,True,ELIGIBLE
V_SELECT,2026-05-01T01:00:00+00:00,2881,True,ELIGIBLE
V_SELECT,2026-05-01T02:00:00+00:00,2882,True,ELIGIBLE
V_SELECT,2026-05-01T03:00:00+00:00,2883,True,ELIGIBLE
V_SELECT,2026-05-01T04:00:00+00:00,2884,True,ELIGIBLE
V_SELECT,2026-05-01T05:00:00+00:00,2885,True,ELIGIBLE
V_SELECT,2026-05-01T06:00:00+00:00,2886,True,ELIGIBLE
V_SELECT,2026-05-01T07:00:00+00:00,2887,True,ELIGIBLE
V_SELECT,2026-05-01T08:00:00+00:00,2888,True,ELIGIBLE
V_SELECT,2026-05-01T09:00:00+00:00,2889,True,ELIGIBLE
V_SELECT,2026-05-01T10:00:00+00:00,2890,True,ELIGIBLE
V_SELECT,2026-05-01T11:00:00+00:00,2891,True,ELIGIBLE
V_SELECT,2026-05-01T12:00:00+00:00,2892,True,ELIGIBLE
V_SELECT,2026-05-01T13:00:00+00:00,2893,True,ELIGIBLE
V_SELECT,2026-05-01T14:00:00+00:00,2894,True,ELIGIBLE
V_SELECT,2026-05-01T15:00:00+00:00,2895,True,ELIGIBLE
V_SELECT,2026-05-01T16:00:00+00:00,2896,True,ELIGIBLE
V_SELECT,2026-05-01T17:00:00+00:00,2897,True,ELIGIBLE
V_SELECT,2026-05-01T18:00:00+00:00,2898,True,ELIGIBLE
V_SELECT,2026-05-01T19:00:00+00:00,2899,True,ELIGIBLE
V_SELECT,2026-05-01T20:00:00+00:00,2900,True,ELIGIBLE
V_SELECT,2026-05-01T21:00:00+00:00,2901,True,ELIGIBLE
V_SELECT,2026-05-01T22:00:00+00:00,2902,True,ELIGIBLE
V_SELECT,2026-05-01T23:00:00+00:00,2903,True,ELIGIBLE
V_SELECT,2026-05-02T00:00:00+00:00,2904,True,ELIGIBLE
V_SELECT,2026-05-02T01:00:00+00:00,2905,True,ELIGIBLE
V_SELECT,2026-05-02T02:00:00+00:00,2906,True,ELIGIBLE
V_SELECT,2026-05-02T03:00:00+00:00,2907,True,ELIGIBLE
V_SELECT,2026-05-02T04:00:00+00:00,2908,True,ELIGIBLE
V_SELECT,2026-05-02T05:00:00+00:00,2909,True,ELIGIBLE
V_SELECT,2026-05-02T06:00:00+00:00,2910,True,ELIGIBLE
V_SELECT,2026-05-02T07:00:00+00:00,2911,True,ELIGIBLE
V_SELECT,2026-05-02T08:00:00+00:00,2912,True,ELIGIBLE
V_SELECT,2026-05-02T09:00:00+00:00,2913,True,ELIGIBLE
V_SELECT,2026-05-02T10:00:00+00:00,2914,True,ELIGIBLE
V_SELECT,2026-05-02T11:00:00+00:00,2915,True,ELIGIBLE
V_SELECT,2026-05-02T12:00:00+00:00,2916,True,ELIGIBLE
V_SELECT,2026-05-02T13:00:00+00:00,2917,True,ELIGIBLE
V_SELECT,2026-05-02T14:00:00+00:00,2918,True,ELIGIBLE
V_SELECT,2026-05-02T15:00:00+00:00,2919,True,ELIGIBLE
V_SELECT,2026-05-02T16:00:00+00:00,2920,True,ELIGIBLE
V_SELECT,2026-05-02T17:00:00+00:00,2921,True,ELIGIBLE
V_SELECT,2026-05-02T18:00:00+00:00,2922,True,ELIGIBLE
V_SELECT,2026-05-02T19:00:00+00:00,2923,True,ELIGIBLE
V_SELECT,2026-05-02T20:00:00+00:00,2924,True,ELIGIBLE
V_SELECT,2026-05-02T21:00:00+00:00,2925,True,ELIGIBLE
V_SELECT,2026-05-02T22:00:00+00:00,2926,True,ELIGIBLE
V_SELECT,2026-05-02T23:00:00+00:00,2927,True,ELIGIBLE
V_SELECT,2026-05-03T00:00:00+00:00,2928,True,ELIGIBLE
V_SELECT,2026-05-03T01:00:00+00:00,2929,True,ELIGIBLE
V_SELECT,2026-05-03T02:00:00+00:00,2930,True,ELIGIBLE
V_SELECT,2026-05-03T03:00:00+00:00,2931,True,ELIGIBLE
V_SELECT,2026-05-03T04:00:00+00:00,2932,True,ELIGIBLE
V_SELECT,2026-05-03T05:00:00+00:00,2933,True,ELIGIBLE
V_SELECT,2026-05-03T06:00:00+00:00,2934,True,ELIGIBLE
V_SELECT,2026-05-03T07:00:00+00:00,2935,True,ELIGIBLE
V_SELECT,2026-05-03T08:00:00+00:00,2936,True,ELIGIBLE
V_SELECT,2026-05-03T09:00:00+00:00,2937,True,ELIGIBLE
V_SELECT,2026-05-03T10:00:00+00:00,2938,True,ELIGIBLE
V_SELECT,2026-05-03T11:00:00+00:00,2939,True,ELIGIBLE
V_SELECT,2026-05-03T12:00:00+00:00,2940,True,ELIGIBLE
V_SELECT,2026-05-03T13:00:00+00:00,2941,True,ELIGIBLE
V_SELECT,2026-05-03T14:00:00+00:00,2942,True,ELIGIBLE
V_SELECT,2026-05-03T15:00:00+00:00,2943,True,ELIGIBLE
V_SELECT,2026-05-03T16:00:00+00:00,2944,True,ELIGIBLE
V_SELECT,2026-05-03T17:00:00+00:00,2945,True,ELIGIBLE
V_SELECT,2026-05-03T18:00:00+00:00,2946,True,ELIGIBLE
V_SELECT,2026-05-03T19:00:00+00:00,2947,True,ELIGIBLE
V_SELECT,2026-05-03T20:00:00+00:00,2948,True,ELIGIBLE
V_SELECT,2026-05-03T21:00:00+00:00,2949,True,ELIGIBLE
V_SELECT,2026-05-03T22:00:00+00:00,2950,True,ELIGIBLE
V_SELECT,2026-05-03T23:00:00+00:00,2951,True,ELIGIBLE
V_SELECT,2026-05-04T00:00:00+00:00,2952,True,ELIGIBLE
V_SELECT,2026-05-04T01:00:00+00:00,2953,True,ELIGIBLE
V_SELECT,2026-05-04T02:00:00+00:00,2954,True,ELIGIBLE
V_SELECT,2026-05-04T03:00:00+00:00,2955,True,ELIGIBLE
V_SELECT,2026-05-04T04:00:00+00:00,2956,True,ELIGIBLE
V_SELECT,2026-05-04T05:00:00+00:00,2957,True,ELIGIBLE
V_SELECT,2026-05-04T06:00:00+00:00,2958,True,ELIGIBLE
V_SELECT,2026-05-04T07:00:00+00:00,2959,True,ELIGIBLE
V_SELECT,2026-05-04T08:00:00+00:00,2960,True,ELIGIBLE
V_SELECT,2026-05-04T09:00:00+00:00,2961,True,ELIGIBLE
V_SELECT,2026-05-04T10:00:00+00:00,2962,True,ELIGIBLE
V_SELECT,2026-05-04T11:00:00+00:00,2963,True,ELIGIBLE
V_SELECT,2026-05-04T12:00:00+00:00,2964,True,ELIGIBLE
V_SELECT,2026-05-04T13:00:00+00:00,2965,True,ELIGIBLE
V_SELECT,2026-05-04T14:00:00+00:00,2966,True,ELIGIBLE
V_SELECT,2026-05-04T15:00:00+00:00,2967,True,ELIGIBLE
V_SELECT,2026-05-04T16:00:00+00:00,2968,True,ELIGIBLE
V_SELECT,2026-05-04T17:00:00+00:00,2969,True,ELIGIBLE
V_SELECT,2026-05-04T18:00:00+00:00,2970,True,ELIGIBLE
V_SELECT,2026-05-04T19:00:00+00:00,2971,True,ELIGIBLE
V_SELECT,2026-05-04T20:00:00+00:00,2972,True,ELIGIBLE
V_SELECT,2026-05-04T21:00:00+00:00,2973,True,ELIGIBLE
V_SELECT,2026-05-04T22:00:00+00:00,2974,True,ELIGIBLE
V_SELECT,2026-05-04T23:00:00+00:00,2975,True,ELIGIBLE
V_SELECT,2026-05-05T00:00:00+00:00,2976,True,ELIGIBLE
V_SELECT,2026-05-05T01:00:00+00:00,2977,True,ELIGIBLE
V_SELECT,2026-05-05T02:00:00+00:00,2978,True,ELIGIBLE
V_SELECT,2026-05-05T03:00:00+00:00,2979,True,ELIGIBLE
V_SELECT,2026-05-05T04:00:00+00:00,2980,True,ELIGIBLE
V_SELECT,2026-05-05T05:00:00+00:00,2981,True,ELIGIBLE
V_SELECT,2026-05-05T06:00:00+00:00,2982,True,ELIGIBLE
V_SELECT,2026-05-05T07:00:00+00:00,2983,True,ELIGIBLE
V_SELECT,2026-05-05T08:00:00+00:00,2984,True,ELIGIBLE
V_SELECT,2026-05-05T09:00:00+00:00,2985,True,ELIGIBLE
V_SELECT,2026-05-05T10:00:00+00:00,2986,True,ELIGIBLE
V_SELECT,2026-05-05T11:00:00+00:00,2987,True,ELIGIBLE
V_SELECT,2026-05-05T12:00:00+00:00,2988,True,ELIGIBLE
V_SELECT,2026-05-05T13:00:00+00:00,2989,True,ELIGIBLE
V_SELECT,2026-05-05T14:00:00+00:00,2990,True,ELIGIBLE
V_SELECT,2026-05-05T15:00:00+00:00,2991,True,ELIGIBLE
V_SELECT,2026-05-05T16:00:00+00:00,2992,True,ELIGIBLE
V_SELECT,2026-05-05T17:00:00+00:00,2993,True,ELIGIBLE
V_SELECT,2026-05-05T18:00:00+00:00,2994,True,ELIGIBLE
V_SELECT,2026-05-05T19:00:00+00:00,2995,True,ELIGIBLE
V_SELECT,2026-05-05T20:00:00+00:00,2996,True,ELIGIBLE
V_SELECT,2026-05-05T21:00:00+00:00,2997,True,ELIGIBLE
V_SELECT,2026-05-05T22:00:00+00:00,2998,True,ELIGIBLE
V_SELECT,2026-05-05T23:00:00+00:00,2999,True,ELIGIBLE
V_SELECT,2026-05-06T00:00:00+00:00,3000,True,ELIGIBLE
V_SELECT,2026-05-06T01:00:00+00:00,3001,True,ELIGIBLE
V_SELECT,2026-05-06T02:00:00+00:00,3002,True,ELIGIBLE
V_SELECT,2026-05-06T03:00:00+00:00,3003,True,ELIGIBLE
V_SELECT,2026-05-06T04:00:00+00:00,3004,True,ELIGIBLE
V_SELECT,2026-05-06T05:00:00+00:00,3005,True,ELIGIBLE
V_SELECT,2026-05-06T06:00:00+00:00,3006,True,ELIGIBLE
V_SELECT,2026-05-06T07:00:00+00:00,3007,True,ELIGIBLE
V_SELECT,2026-05-06T08:00:00+00:00,3008,True,ELIGIBLE
V_SELECT,2026-05-06T09:00:00+00:00,3009,True,ELIGIBLE
V_SELECT,2026-05-06T10:00:00+00:00,3010,True,ELIGIBLE
V_SELECT,2026-05-06T11:00:00+00:00,3011,True,ELIGIBLE
V_SELECT,2026-05-06T12:00:00+00:00,3012,True,ELIGIBLE
V_SELECT,2026-05-06T13:00:00+00:00,3013,True,ELIGIBLE
V_SELECT,2026-05-06T14:00:00+00:00,3014,True,ELIGIBLE
V_SELECT,2026-05-06T15:00:00+00:00,3015,True,ELIGIBLE
V_SELECT,2026-05-06T16:00:00+00:00,3016,True,ELIGIBLE
V_SELECT,2026-05-06T17:00:00+00:00,3017,True,ELIGIBLE
V_SELECT,2026-05-06T18:00:00+00:00,3018,True,ELIGIBLE
V_SELECT,2026-05-06T19:00:00+00:00,3019,True,ELIGIBLE
V_SELECT,2026-05-06T20:00:00+00:00,3020,True,ELIGIBLE
V_SELECT,2026-05-06T21:00:00+00:00,3021,True,ELIGIBLE
V_SELECT,2026-05-06T22:00:00+00:00,3022,True,ELIGIBLE
V_SELECT,2026-05-06T23:00:00+00:00,3023,True,ELIGIBLE
V_SELECT,2026-05-07T00:00:00+00:00,3024,True,ELIGIBLE
V_SELECT,2026-05-07T01:00:00+00:00,3025,True,ELIGIBLE
V_SELECT,2026-05-07T02:00:00+00:00,3026,True,ELIGIBLE
V_SELECT,2026-05-07T03:00:00+00:00,3027,True,ELIGIBLE
V_SELECT,2026-05-07T04:00:00+00:00,3028,True,ELIGIBLE
V_SELECT,2026-05-07T05:00:00+00:00,3029,True,ELIGIBLE
V_SELECT,2026-05-07T06:00:00+00:00,3030,True,ELIGIBLE
V_SELECT,2026-05-07T07:00:00+00:00,3031,True,ELIGIBLE
V_SELECT,2026-05-07T08:00:00+00:00,3032,True,ELIGIBLE
V_SELECT,2026-05-07T09:00:00+00:00,3033,True,ELIGIBLE
V_SELECT,2026-05-07T10:00:00+00:00,3034,True,ELIGIBLE
V_SELECT,2026-05-07T11:00:00+00:00,3035,True,ELIGIBLE
V_SELECT,2026-05-07T12:00:00+00:00,3036,True,ELIGIBLE
V_SELECT,2026-05-07T13:00:00+00:00,3037,True,ELIGIBLE
V_SELECT,2026-05-07T14:00:00+00:00,3038,True,ELIGIBLE
V_SELECT,2026-05-07T15:00:00+00:00,3039,True,ELIGIBLE
V_SELECT,2026-05-07T16:00:00+00:00,3040,True,ELIGIBLE
V_SELECT,2026-05-07T17:00:00+00:00,3041,True,ELIGIBLE
V_SELECT,2026-05-07T18:00:00+00:00,3042,True,ELIGIBLE
V_SELECT,2026-05-07T19:00:00+00:00,3043,True,ELIGIBLE
V_SELECT,2026-05-07T20:00:00+00:00,3044,True,ELIGIBLE
V_SELECT,2026-05-07T21:00:00+00:00,3045,True,ELIGIBLE
V_SELECT,2026-05-07T22:00:00+00:00,3046,True,ELIGIBLE
V_SELECT,2026-05-07T23:00:00+00:00,3047,True,ELIGIBLE
V_SELECT,2026-05-08T00:00:00+00:00,3048,True,ELIGIBLE
V_SELECT,2026-05-08T01:00:00+00:00,3049,True,ELIGIBLE
V_SELECT,2026-05-08T02:00:00+00:00,3050,True,ELIGIBLE
V_SELECT,2026-05-08T03:00:00+00:00,3051,True,ELIGIBLE
V_SELECT,2026-05-08T04:00:00+00:00,3052,True,ELIGIBLE
V_SELECT,2026-05-08T05:00:00+00:00,3053,True,ELIGIBLE
V_SELECT,2026-05-08T06:00:00+00:00,3054,True,ELIGIBLE
V_SELECT,2026-05-08T07:00:00+00:00,3055,True,ELIGIBLE
V_SELECT,2026-05-08T08:00:00+00:00,3056,True,ELIGIBLE
V_SELECT,2026-05-08T09:00:00+00:00,3057,True,ELIGIBLE
V_SELECT,2026-05-08T10:00:00+00:00,3058,True,ELIGIBLE
V_SELECT,2026-05-08T11:00:00+00:00,3059,True,ELIGIBLE
V_SELECT,2026-05-08T12:00:00+00:00,3060,True,ELIGIBLE
V_SELECT,2026-05-08T13:00:00+00:00,3061,True,ELIGIBLE
V_SELECT,2026-05-08T14:00:00+00:00,3062,True,ELIGIBLE
V_SELECT,2026-05-08T15:00:00+00:00,3063,True,ELIGIBLE
V_SELECT,2026-05-08T16:00:00+00:00,3064,True,ELIGIBLE
V_SELECT,2026-05-08T17:00:00+00:00,3065,True,ELIGIBLE
V_SELECT,2026-05-08T18:00:00+00:00,3066,True,ELIGIBLE
V_SELECT,2026-05-08T19:00:00+00:00,3067,True,ELIGIBLE
V_SELECT,2026-05-08T20:00:00+00:00,3068,True,ELIGIBLE
V_SELECT,2026-05-08T21:00:00+00:00,3069,True,ELIGIBLE
V_SELECT,2026-05-08T22:00:00+00:00,3070,True,ELIGIBLE
V_SELECT,2026-05-08T23:00:00+00:00,3071,True,ELIGIBLE
V_SELECT,2026-05-09T00:00:00+00:00,3072,True,ELIGIBLE
V_SELECT,2026-05-09T01:00:00+00:00,3073,True,ELIGIBLE
V_SELECT,2026-05-09T02:00:00+00:00,3074,True,ELIGIBLE
V_SELECT,2026-05-09T03:00:00+00:00,3075,True,ELIGIBLE
V_SELECT,2026-05-09T04:00:00+00:00,3076,True,ELIGIBLE
V_SELECT,2026-05-09T05:00:00+00:00,3077,True,ELIGIBLE
V_SELECT,2026-05-09T06:00:00+00:00,3078,True,ELIGIBLE
V_SELECT,2026-05-09T07:00:00+00:00,3079,True,ELIGIBLE
V_SELECT,2026-05-09T08:00:00+00:00,3080,True,ELIGIBLE
V_SELECT,2026-05-09T09:00:00+00:00,3081,True,ELIGIBLE
V_SELECT,2026-05-09T10:00:00+00:00,3082,True,ELIGIBLE
V_SELECT,2026-05-09T11:00:00+00:00,3083,True,ELIGIBLE
V_SELECT,2026-05-09T12:00:00+00:00,3084,True,ELIGIBLE
V_SELECT,2026-05-09T13:00:00+00:00,3085,True,ELIGIBLE
V_SELECT,2026-05-09T14:00:00+00:00,3086,True,ELIGIBLE
V_SELECT,2026-05-09T15:00:00+00:00,3087,True,ELIGIBLE
V_SELECT,2026-05-09T16:00:00+00:00,3088,True,ELIGIBLE
V_SELECT,2026-05-09T17:00:00+00:00,3089,True,ELIGIBLE
V_SELECT,2026-05-09T18:00:00+00:00,3090,True,ELIGIBLE
V_SELECT,2026-05-09T19:00:00+00:00,3091,True,ELIGIBLE
V_SELECT,2026-05-09T20:00:00+00:00,3092,True,ELIGIBLE
V_SELECT,2026-05-09T21:00:00+00:00,3093,True,ELIGIBLE
V_SELECT,2026-05-09T22:00:00+00:00,3094,True,ELIGIBLE
V_SELECT,2026-05-09T23:00:00+00:00,3095,True,ELIGIBLE
V_SELECT,2026-05-10T00:00:00+00:00,3096,True,ELIGIBLE
V_SELECT,2026-05-10T01:00:00+00:00,3097,True,ELIGIBLE
V_SELECT,2026-05-10T02:00:00+00:00,3098,True,ELIGIBLE
V_SELECT,2026-05-10T03:00:00+00:00,3099,True,ELIGIBLE
V_SELECT,2026-05-10T04:00:00+00:00,3100,True,ELIGIBLE
V_SELECT,2026-05-10T05:00:00+00:00,3101,True,ELIGIBLE
V_SELECT,2026-05-10T06:00:00+00:00,3102,True,ELIGIBLE
V_SELECT,2026-05-10T07:00:00+00:00,3103,True,ELIGIBLE
V_SELECT,2026-05-10T08:00:00+00:00,3104,True,ELIGIBLE
V_SELECT,2026-05-10T09:00:00+00:00,3105,True,ELIGIBLE
V_SELECT,2026-05-10T10:00:00+00:00,3106,True,ELIGIBLE
V_SELECT,2026-05-10T11:00:00+00:00,3107,True,ELIGIBLE
V_SELECT,2026-05-10T12:00:00+00:00,3108,True,ELIGIBLE
V_SELECT,2026-05-10T13:00:00+00:00,3109,True,ELIGIBLE
V_SELECT,2026-05-10T14:00:00+00:00,3110,True,ELIGIBLE
V_SELECT,2026-05-10T15:00:00+00:00,3111,True,ELIGIBLE
V_SELECT,2026-05-10T16:00:00+00:00,3112,True,ELIGIBLE
V_SELECT,2026-05-10T17:00:00+00:00,3113,True,ELIGIBLE
V_SELECT,2026-05-10T18:00:00+00:00,3114,True,ELIGIBLE
V_SELECT,2026-05-10T19:00:00+00:00,3115,True,ELIGIBLE
V_SELECT,2026-05-10T20:00:00+00:00,3116,True,ELIGIBLE
V_SELECT,2026-05-10T21:00:00+00:00,3117,True,ELIGIBLE
V_SELECT,2026-05-10T22:00:00+00:00,3118,True,ELIGIBLE
V_SELECT,2026-05-10T23:00:00+00:00,3119,True,ELIGIBLE
V_SELECT,2026-05-11T00:00:00+00:00,3120,True,ELIGIBLE
V_SELECT,2026-05-11T01:00:00+00:00,3121,True,ELIGIBLE
V_SELECT,2026-05-11T02:00:00+00:00,3122,True,ELIGIBLE
V_SELECT,2026-05-11T03:00:00+00:00,3123,True,ELIGIBLE
V_SELECT,2026-05-11T04:00:00+00:00,3124,True,ELIGIBLE
V_SELECT,2026-05-11T05:00:00+00:00,3125,True,ELIGIBLE
V_SELECT,2026-05-11T06:00:00+00:00,3126,True,ELIGIBLE
V_SELECT,2026-05-11T07:00:00+00:00,3127,True,ELIGIBLE
V_SELECT,2026-05-11T08:00:00+00:00,3128,True,ELIGIBLE
V_SELECT,2026-05-11T09:00:00+00:00,3129,True,ELIGIBLE
V_SELECT,2026-05-11T10:00:00+00:00,3130,True,ELIGIBLE
V_SELECT,2026-05-11T11:00:00+00:00,3131,True,ELIGIBLE
V_SELECT,2026-05-11T12:00:00+00:00,3132,True,ELIGIBLE
V_SELECT,2026-05-11T13:00:00+00:00,3133,True,ELIGIBLE
V_SELECT,2026-05-11T14:00:00+00:00,3134,True,ELIGIBLE
V_SELECT,2026-05-11T15:00:00+00:00,3135,True,ELIGIBLE
V_SELECT,2026-05-11T16:00:00+00:00,3136,True,ELIGIBLE
V_SELECT,2026-05-11T17:00:00+00:00,3137,True,ELIGIBLE
V_SELECT,2026-05-11T18:00:00+00:00,3138,True,ELIGIBLE
V_SELECT,2026-05-11T19:00:00+00:00,3139,True,ELIGIBLE
V_SELECT,2026-05-11T20:00:00+00:00,3140,True,ELIGIBLE
V_SELECT,2026-05-11T21:00:00+00:00,3141,True,ELIGIBLE
V_SELECT,2026-05-11T22:00:00+00:00,3142,True,ELIGIBLE
V_SELECT,2026-05-11T23:00:00+00:00,3143,True,ELIGIBLE
V_SELECT,2026-05-12T00:00:00+00:00,3144,True,ELIGIBLE
V_SELECT,2026-05-12T01:00:00+00:00,3145,True,ELIGIBLE
V_SELECT,2026-05-12T02:00:00+00:00,3146,True,ELIGIBLE
V_SELECT,2026-05-12T03:00:00+00:00,3147,True,ELIGIBLE
V_SELECT,2026-05-12T04:00:00+00:00,3148,True,ELIGIBLE
V_SELECT,2026-05-12T05:00:00+00:00,3149,True,ELIGIBLE
V_SELECT,2026-05-12T06:00:00+00:00,3150,True,ELIGIBLE
V_SELECT,2026-05-12T07:00:00+00:00,3151,True,ELIGIBLE
V_SELECT,2026-05-12T08:00:00+00:00,3152,True,ELIGIBLE
V_SELECT,2026-05-12T09:00:00+00:00,3153,True,ELIGIBLE
V_SELECT,2026-05-12T10:00:00+00:00,3154,True,ELIGIBLE
V_SELECT,2026-05-12T11:00:00+00:00,3155,True,ELIGIBLE
V_SELECT,2026-05-12T12:00:00+00:00,3156,True,ELIGIBLE
V_SELECT,2026-05-12T13:00:00+00:00,3157,True,ELIGIBLE
V_SELECT,2026-05-12T14:00:00+00:00,3158,True,ELIGIBLE
V_SELECT,2026-05-12T15:00:00+00:00,3159,True,ELIGIBLE
V_SELECT,2026-05-12T16:00:00+00:00,3160,True,ELIGIBLE
V_SELECT,2026-05-12T17:00:00+00:00,3161,True,ELIGIBLE
V_SELECT,2026-05-12T18:00:00+00:00,3162,True,ELIGIBLE
V_SELECT,2026-05-12T19:00:00+00:00,3163,True,ELIGIBLE
V_SELECT,2026-05-12T20:00:00+00:00,3164,True,ELIGIBLE
V_SELECT,2026-05-12T21:00:00+00:00,3165,True,ELIGIBLE
V_SELECT,2026-05-12T22:00:00+00:00,3166,True,ELIGIBLE
V_SELECT,2026-05-12T23:00:00+00:00,3167,True,ELIGIBLE
V_SELECT,2026-05-13T00:00:00+00:00,3168,True,ELIGIBLE
V_SELECT,2026-05-13T01:00:00+00:00,3169,True,ELIGIBLE
V_SELECT,2026-05-13T02:00:00+00:00,3170,True,ELIGIBLE
V_SELECT,2026-05-13T03:00:00+00:00,3171,True,ELIGIBLE
V_SELECT,2026-05-13T04:00:00+00:00,3172,True,ELIGIBLE
V_SELECT,2026-05-13T05:00:00+00:00,3173,True,ELIGIBLE
V_SELECT,2026-05-13T06:00:00+00:00,3174,True,ELIGIBLE
V_SELECT,2026-05-13T07:00:00+00:00,3175,True,ELIGIBLE
V_SELECT,2026-05-13T08:00:00+00:00,3176,True,ELIGIBLE
V_SELECT,2026-05-13T09:00:00+00:00,3177,True,ELIGIBLE
V_SELECT,2026-05-13T10:00:00+00:00,3178,True,ELIGIBLE
V_SELECT,2026-05-13T11:00:00+00:00,3179,True,ELIGIBLE
V_SELECT,2026-05-13T12:00:00+00:00,3180,True,ELIGIBLE
V_SELECT,2026-05-13T13:00:00+00:00,3181,True,ELIGIBLE
V_SELECT,2026-05-13T14:00:00+00:00,3182,True,ELIGIBLE
V_SELECT,2026-05-13T15:00:00+00:00,3183,True,ELIGIBLE
V_SELECT,2026-05-13T16:00:00+00:00,3184,True,ELIGIBLE
V_SELECT,2026-05-13T17:00:00+00:00,3185,True,ELIGIBLE
V_SELECT,2026-05-13T18:00:00+00:00,3186,True,ELIGIBLE
V_SELECT,2026-05-13T19:00:00+00:00,3187,True,ELIGIBLE
V_SELECT,2026-05-13T20:00:00+00:00,3188,True,ELIGIBLE
V_SELECT,2026-05-13T21:00:00+00:00,3189,True,ELIGIBLE
V_SELECT,2026-05-13T22:00:00+00:00,3190,True,ELIGIBLE
V_SELECT,2026-05-13T23:00:00+00:00,3191,True,ELIGIBLE
V_SELECT,2026-05-14T00:00:00+00:00,3192,True,ELIGIBLE
V_SELECT,2026-05-14T01:00:00+00:00,3193,True,ELIGIBLE
V_SELECT,2026-05-14T02:00:00+00:00,3194,True,ELIGIBLE
V_SELECT,2026-05-14T03:00:00+00:00,3195,True,ELIGIBLE
V_SELECT,2026-05-14T04:00:00+00:00,3196,True,ELIGIBLE
V_SELECT,2026-05-14T05:00:00+00:00,3197,True,ELIGIBLE
V_SELECT,2026-05-14T06:00:00+00:00,3198,True,ELIGIBLE
V_SELECT,2026-05-14T07:00:00+00:00,3199,True,ELIGIBLE
V_SELECT,2026-05-14T08:00:00+00:00,3200,True,ELIGIBLE
V_SELECT,2026-05-14T09:00:00+00:00,3201,True,ELIGIBLE
V_SELECT,2026-05-14T10:00:00+00:00,3202,True,ELIGIBLE
V_SELECT,2026-05-14T11:00:00+00:00,3203,True,ELIGIBLE
V_SELECT,2026-05-14T12:00:00+00:00,3204,True,ELIGIBLE
V_SELECT,2026-05-14T13:00:00+00:00,3205,True,ELIGIBLE
V_SELECT,2026-05-14T14:00:00+00:00,3206,True,ELIGIBLE
V_SELECT,2026-05-14T15:00:00+00:00,3207,True,ELIGIBLE
V_SELECT,2026-05-14T16:00:00+00:00,3208,True,ELIGIBLE
V_SELECT,2026-05-14T17:00:00+00:00,3209,True,ELIGIBLE
V_SELECT,2026-05-14T18:00:00+00:00,3210,True,ELIGIBLE
V_SELECT,2026-05-14T19:00:00+00:00,3211,True,ELIGIBLE
V_SELECT,2026-05-14T20:00:00+00:00,3212,True,ELIGIBLE
V_SELECT,2026-05-14T21:00:00+00:00,3213,True,ELIGIBLE
V_SELECT,2026-05-14T22:00:00+00:00,3214,True,ELIGIBLE
V_SELECT,2026-05-14T23:00:00+00:00,3215,True,ELIGIBLE
V_SELECT,2026-05-15T00:00:00+00:00,3216,True,ELIGIBLE
V_SELECT,2026-05-15T01:00:00+00:00,3217,True,ELIGIBLE
V_SELECT,2026-05-15T02:00:00+00:00,3218,True,ELIGIBLE
V_SELECT,2026-05-15T03:00:00+00:00,3219,True,ELIGIBLE
V_SELECT,2026-05-15T04:00:00+00:00,3220,True,ELIGIBLE
V_SELECT,2026-05-15T05:00:00+00:00,3221,True,ELIGIBLE
V_SELECT,2026-05-15T06:00:00+00:00,3222,True,ELIGIBLE
V_SELECT,2026-05-15T07:00:00+00:00,3223,True,ELIGIBLE
V_SELECT,2026-05-15T08:00:00+00:00,3224,True,ELIGIBLE
V_SELECT,2026-05-15T09:00:00+00:00,3225,True,ELIGIBLE
V_SELECT,2026-05-15T10:00:00+00:00,3226,True,ELIGIBLE
V_SELECT,2026-05-15T11:00:00+00:00,3227,True,ELIGIBLE
V_SELECT,2026-05-15T12:00:00+00:00,3228,True,ELIGIBLE
V_SELECT,2026-05-15T13:00:00+00:00,3229,True,ELIGIBLE
V_SELECT,2026-05-15T14:00:00+00:00,3230,True,ELIGIBLE
V_SELECT,2026-05-15T15:00:00+00:00,3231,True,ELIGIBLE
V_SELECT,2026-05-15T16:00:00+00:00,3232,True,ELIGIBLE
V_SELECT,2026-05-15T17:00:00+00:00,3233,True,ELIGIBLE
V_SELECT,2026-05-15T18:00:00+00:00,3234,True,ELIGIBLE
V_SELECT,2026-05-15T19:00:00+00:00,3235,True,ELIGIBLE
V_SELECT,2026-05-15T20:00:00+00:00,3236,True,ELIGIBLE
V_SELECT,2026-05-15T21:00:00+00:00,3237,True,ELIGIBLE
V_SELECT,2026-05-15T22:00:00+00:00,3238,True,ELIGIBLE
V_SELECT,2026-05-15T23:00:00+00:00,3239,True,ELIGIBLE
V_SELECT,2026-05-16T00:00:00+00:00,3240,True,ELIGIBLE
V_SELECT,2026-05-16T01:00:00+00:00,3241,True,ELIGIBLE
V_SELECT,2026-05-16T02:00:00+00:00,3242,True,ELIGIBLE
V_SELECT,2026-05-16T03:00:00+00:00,3243,True,ELIGIBLE
V_SELECT,2026-05-16T04:00:00+00:00,3244,True,ELIGIBLE
V_SELECT,2026-05-16T05:00:00+00:00,3245,True,ELIGIBLE
V_SELECT,2026-05-16T06:00:00+00:00,3246,True,ELIGIBLE
V_SELECT,2026-05-16T07:00:00+00:00,3247,True,ELIGIBLE
V_SELECT,2026-05-16T08:00:00+00:00,3248,True,ELIGIBLE
V_SELECT,2026-05-16T09:00:00+00:00,3249,True,ELIGIBLE
V_SELECT,2026-05-16T10:00:00+00:00,3250,True,ELIGIBLE
V_SELECT,2026-05-16T11:00:00+00:00,3251,True,ELIGIBLE
V_SELECT,2026-05-16T12:00:00+00:00,3252,True,ELIGIBLE
V_SELECT,2026-05-16T13:00:00+00:00,3253,True,ELIGIBLE
V_SELECT,2026-05-16T14:00:00+00:00,3254,True,ELIGIBLE
V_SELECT,2026-05-16T15:00:00+00:00,3255,True,ELIGIBLE
V_SELECT,2026-05-16T16:00:00+00:00,3256,True,ELIGIBLE
V_SELECT,2026-05-16T17:00:00+00:00,3257,True,ELIGIBLE
V_SELECT,2026-05-16T18:00:00+00:00,3258,True,ELIGIBLE
V_SELECT,2026-05-16T19:00:00+00:00,3259,True,ELIGIBLE
V_SELECT,2026-05-16T20:00:00+00:00,3260,True,ELIGIBLE
V_SELECT,2026-05-16T21:00:00+00:00,3261,True,ELIGIBLE
V_SELECT,2026-05-16T22:00:00+00:00,3262,True,ELIGIBLE
V_SELECT,2026-05-16T23:00:00+00:00,3263,True,ELIGIBLE
V_SELECT,2026-05-17T00:00:00+00:00,3264,True,ELIGIBLE
V_SELECT,2026-05-17T01:00:00+00:00,3265,True,ELIGIBLE
V_SELECT,2026-05-17T02:00:00+00:00,3266,True,ELIGIBLE
V_SELECT,2026-05-17T03:00:00+00:00,3267,True,ELIGIBLE
V_SELECT,2026-05-17T04:00:00+00:00,3268,True,ELIGIBLE
V_SELECT,2026-05-17T05:00:00+00:00,3269,True,ELIGIBLE
V_SELECT,2026-05-17T06:00:00+00:00,3270,True,ELIGIBLE
V_SELECT,2026-05-17T07:00:00+00:00,3271,True,ELIGIBLE
V_SELECT,2026-05-17T08:00:00+00:00,3272,True,ELIGIBLE
V_SELECT,2026-05-17T09:00:00+00:00,3273,True,ELIGIBLE
V_SELECT,2026-05-17T10:00:00+00:00,3274,True,ELIGIBLE
V_SELECT,2026-05-17T11:00:00+00:00,3275,True,ELIGIBLE
V_SELECT,2026-05-17T12:00:00+00:00,3276,True,ELIGIBLE
V_SELECT,2026-05-17T13:00:00+00:00,3277,True,ELIGIBLE
V_SELECT,2026-05-17T14:00:00+00:00,3278,True,ELIGIBLE
V_SELECT,2026-05-17T15:00:00+00:00,3279,True,ELIGIBLE
V_SELECT,2026-05-17T16:00:00+00:00,3280,True,ELIGIBLE
V_SELECT,2026-05-17T17:00:00+00:00,3281,True,ELIGIBLE
V_SELECT,2026-05-17T18:00:00+00:00,3282,True,ELIGIBLE
V_SELECT,2026-05-17T19:00:00+00:00,3283,True,ELIGIBLE
V_SELECT,2026-05-17T20:00:00+00:00,3284,True,ELIGIBLE
V_SELECT,2026-05-17T21:00:00+00:00,3285,True,ELIGIBLE
V_SELECT,2026-05-17T22:00:00+00:00,3286,True,ELIGIBLE
V_SELECT,2026-05-17T23:00:00+00:00,3287,True,ELIGIBLE
V_SELECT,2026-05-18T00:00:00+00:00,3288,True,ELIGIBLE
V_SELECT,2026-05-18T01:00:00+00:00,3289,True,ELIGIBLE
V_SELECT,2026-05-18T02:00:00+00:00,3290,True,ELIGIBLE
V_SELECT,2026-05-18T03:00:00+00:00,3291,True,ELIGIBLE
V_SELECT,2026-05-18T04:00:00+00:00,3292,True,ELIGIBLE
V_SELECT,2026-05-18T05:00:00+00:00,3293,True,ELIGIBLE
V_SELECT,2026-05-18T06:00:00+00:00,3294,True,ELIGIBLE
V_SELECT,2026-05-18T07:00:00+00:00,3295,True,ELIGIBLE
V_SELECT,2026-05-18T08:00:00+00:00,3296,True,ELIGIBLE
V_SELECT,2026-05-18T09:00:00+00:00,3297,True,ELIGIBLE
V_SELECT,2026-05-18T10:00:00+00:00,3298,True,ELIGIBLE
V_SELECT,2026-05-18T11:00:00+00:00,3299,True,ELIGIBLE
V_SELECT,2026-05-18T12:00:00+00:00,3300,True,ELIGIBLE
V_SELECT,2026-05-18T13:00:00+00:00,3301,True,ELIGIBLE
V_SELECT,2026-05-18T14:00:00+00:00,3302,True,ELIGIBLE
V_SELECT,2026-05-18T15:00:00+00:00,3303,True,ELIGIBLE
V_SELECT,2026-05-18T16:00:00+00:00,3304,True,ELIGIBLE
V_SELECT,2026-05-18T17:00:00+00:00,3305,True,ELIGIBLE
V_SELECT,2026-05-18T18:00:00+00:00,3306,True,ELIGIBLE
V_SELECT,2026-05-18T19:00:00+00:00,3307,True,ELIGIBLE
V_SELECT,2026-05-18T20:00:00+00:00,3308,True,ELIGIBLE
V_SELECT,2026-05-18T21:00:00+00:00,3309,True,ELIGIBLE
V_SELECT,2026-05-18T22:00:00+00:00,3310,True,ELIGIBLE
V_SELECT,2026-05-18T23:00:00+00:00,3311,True,ELIGIBLE
V_SELECT,2026-05-19T00:00:00+00:00,3312,True,ELIGIBLE
V_SELECT,2026-05-19T01:00:00+00:00,3313,True,ELIGIBLE
V_SELECT,2026-05-19T02:00:00+00:00,3314,True,ELIGIBLE
V_SELECT,2026-05-19T03:00:00+00:00,3315,True,ELIGIBLE
V_SELECT,2026-05-19T04:00:00+00:00,3316,True,ELIGIBLE
V_SELECT,2026-05-19T05:00:00+00:00,3317,True,ELIGIBLE
V_SELECT,2026-05-19T06:00:00+00:00,3318,True,ELIGIBLE
V_SELECT,2026-05-19T07:00:00+00:00,3319,True,ELIGIBLE
V_SELECT,2026-05-19T08:00:00+00:00,3320,True,ELIGIBLE
V_SELECT,2026-05-19T09:00:00+00:00,3321,True,ELIGIBLE
V_SELECT,2026-05-19T10:00:00+00:00,3322,True,ELIGIBLE
V_SELECT,2026-05-19T11:00:00+00:00,3323,True,ELIGIBLE
V_SELECT,2026-05-19T12:00:00+00:00,3324,True,ELIGIBLE
V_SELECT,2026-05-19T13:00:00+00:00,3325,True,ELIGIBLE
V_SELECT,2026-05-19T14:00:00+00:00,3326,True,ELIGIBLE
V_SELECT,2026-05-19T15:00:00+00:00,3327,True,ELIGIBLE
V_SELECT,2026-05-19T16:00:00+00:00,3328,True,ELIGIBLE
V_SELECT,2026-05-19T17:00:00+00:00,3329,True,ELIGIBLE
V_SELECT,2026-05-19T18:00:00+00:00,3330,True,ELIGIBLE
V_SELECT,2026-05-19T19:00:00+00:00,3331,True,ELIGIBLE
V_SELECT,2026-05-19T20:00:00+00:00,3332,True,ELIGIBLE
V_SELECT,2026-05-19T21:00:00+00:00,3333,True,ELIGIBLE
V_SELECT,2026-05-19T22:00:00+00:00,3334,True,ELIGIBLE
V_SELECT,2026-05-19T23:00:00+00:00,3335,True,ELIGIBLE
V_SELECT,2026-05-20T00:00:00+00:00,3336,True,ELIGIBLE
V_SELECT,2026-05-20T01:00:00+00:00,3337,True,ELIGIBLE
V_SELECT,2026-05-20T02:00:00+00:00,3338,True,ELIGIBLE
V_SELECT,2026-05-20T03:00:00+00:00,3339,True,ELIGIBLE
V_SELECT,2026-05-20T04:00:00+00:00,3340,True,ELIGIBLE
V_SELECT,2026-05-20T05:00:00+00:00,3341,True,ELIGIBLE
V_SELECT,2026-05-20T06:00:00+00:00,3342,True,ELIGIBLE
V_SELECT,2026-05-20T07:00:00+00:00,3343,True,ELIGIBLE
V_SELECT,2026-05-20T08:00:00+00:00,3344,True,ELIGIBLE
V_SELECT,2026-05-20T09:00:00+00:00,3345,True,ELIGIBLE
V_SELECT,2026-05-20T10:00:00+00:00,3346,True,ELIGIBLE
V_SELECT,2026-05-20T11:00:00+00:00,3347,True,ELIGIBLE
V_SELECT,2026-05-20T12:00:00+00:00,3348,True,ELIGIBLE
V_SELECT,2026-05-20T13:00:00+00:00,3349,True,ELIGIBLE
V_SELECT,2026-05-20T14:00:00+00:00,3350,True,ELIGIBLE
V_SELECT,2026-05-20T15:00:00+00:00,3351,True,ELIGIBLE
V_SELECT,2026-05-20T16:00:00+00:00,3352,True,ELIGIBLE
V_SELECT,2026-05-20T17:00:00+00:00,3353,True,ELIGIBLE
V_SELECT,2026-05-20T18:00:00+00:00,3354,True,ELIGIBLE
V_SELECT,2026-05-20T19:00:00+00:00,3355,True,ELIGIBLE
V_SELECT,2026-05-20T20:00:00+00:00,3356,True,ELIGIBLE
V_SELECT,2026-05-20T21:00:00+00:00,3357,True,ELIGIBLE
V_SELECT,2026-05-20T22:00:00+00:00,3358,True,ELIGIBLE
V_SELECT,2026-05-20T23:00:00+00:00,3359,True,ELIGIBLE
V_SELECT,2026-05-21T00:00:00+00:00,3360,True,ELIGIBLE
V_SELECT,2026-05-21T01:00:00+00:00,3361,True,ELIGIBLE
V_SELECT,2026-05-21T02:00:00+00:00,3362,True,ELIGIBLE
V_SELECT,2026-05-21T03:00:00+00:00,3363,True,ELIGIBLE
V_SELECT,2026-05-21T04:00:00+00:00,3364,True,ELIGIBLE
V_SELECT,2026-05-21T05:00:00+00:00,3365,True,ELIGIBLE
V_SELECT,2026-05-21T06:00:00+00:00,3366,True,ELIGIBLE
V_SELECT,2026-05-21T07:00:00+00:00,3367,True,ELIGIBLE
V_SELECT,2026-05-21T08:00:00+00:00,3368,True,ELIGIBLE
V_SELECT,2026-05-21T09:00:00+00:00,3369,True,ELIGIBLE
V_SELECT,2026-05-21T10:00:00+00:00,3370,True,ELIGIBLE
V_SELECT,2026-05-21T11:00:00+00:00,3371,True,ELIGIBLE
V_SELECT,2026-05-21T12:00:00+00:00,3372,True,ELIGIBLE
V_SELECT,2026-05-21T13:00:00+00:00,3373,True,ELIGIBLE
V_SELECT,2026-05-21T14:00:00+00:00,3374,True,ELIGIBLE
V_SELECT,2026-05-21T15:00:00+00:00,3375,True,ELIGIBLE
V_SELECT,2026-05-21T16:00:00+00:00,3376,True,ELIGIBLE
V_SELECT,2026-05-21T17:00:00+00:00,3377,True,ELIGIBLE
V_SELECT,2026-05-21T18:00:00+00:00,3378,True,ELIGIBLE
V_SELECT,2026-05-21T19:00:00+00:00,3379,True,ELIGIBLE
V_SELECT,2026-05-21T20:00:00+00:00,3380,True,ELIGIBLE
V_SELECT,2026-05-21T21:00:00+00:00,3381,True,ELIGIBLE
V_SELECT,2026-05-21T22:00:00+00:00,3382,True,ELIGIBLE
V_SELECT,2026-05-21T23:00:00+00:00,3383,True,ELIGIBLE
V_SELECT,2026-05-22T00:00:00+00:00,3384,True,ELIGIBLE
V_SELECT,2026-05-22T01:00:00+00:00,3385,True,ELIGIBLE
V_SELECT,2026-05-22T02:00:00+00:00,3386,True,ELIGIBLE
V_SELECT,2026-05-22T03:00:00+00:00,3387,True,ELIGIBLE
V_SELECT,2026-05-22T04:00:00+00:00,3388,True,ELIGIBLE
V_SELECT,2026-05-22T05:00:00+00:00,3389,True,ELIGIBLE
V_SELECT,2026-05-22T06:00:00+00:00,3390,True,ELIGIBLE
V_SELECT,2026-05-22T07:00:00+00:00,3391,True,ELIGIBLE
V_SELECT,2026-05-22T08:00:00+00:00,3392,True,ELIGIBLE
V_SELECT,2026-05-22T09:00:00+00:00,3393,True,ELIGIBLE
V_SELECT,2026-05-22T10:00:00+00:00,3394,True,ELIGIBLE
V_SELECT,2026-05-22T11:00:00+00:00,3395,True,ELIGIBLE
V_SELECT,2026-05-22T12:00:00+00:00,3396,True,ELIGIBLE
V_SELECT,2026-05-22T13:00:00+00:00,3397,True,ELIGIBLE
V_SELECT,2026-05-22T14:00:00+00:00,3398,True,ELIGIBLE
V_SELECT,2026-05-22T15:00:00+00:00,3399,True,ELIGIBLE
V_SELECT,2026-05-22T16:00:00+00:00,3400,True,ELIGIBLE
V_SELECT,2026-05-22T17:00:00+00:00,3401,True,ELIGIBLE
V_SELECT,2026-05-22T18:00:00+00:00,3402,True,ELIGIBLE
V_SELECT,2026-05-22T19:00:00+00:00,3403,True,ELIGIBLE
V_SELECT,2026-05-22T20:00:00+00:00,3404,True,ELIGIBLE
V_SELECT,2026-05-22T21:00:00+00:00,3405,True,ELIGIBLE
V_SELECT,2026-05-22T22:00:00+00:00,3406,True,ELIGIBLE
V_SELECT,2026-05-22T23:00:00+00:00,3407,True,ELIGIBLE
V_SELECT,2026-05-23T00:00:00+00:00,3408,True,ELIGIBLE
V_SELECT,2026-05-23T01:00:00+00:00,3409,True,ELIGIBLE
V_SELECT,2026-05-23T02:00:00+00:00,3410,True,ELIGIBLE
V_SELECT,2026-05-23T03:00:00+00:00,3411,True,ELIGIBLE
V_SELECT,2026-05-23T04:00:00+00:00,3412,True,ELIGIBLE
V_SELECT,2026-05-23T05:00:00+00:00,3413,True,ELIGIBLE
V_SELECT,2026-05-23T06:00:00+00:00,3414,True,ELIGIBLE
V_SELECT,2026-05-23T07:00:00+00:00,3415,True,ELIGIBLE
V_SELECT,2026-05-23T08:00:00+00:00,3416,True,ELIGIBLE
V_SELECT,2026-05-23T09:00:00+00:00,3417,True,ELIGIBLE
V_SELECT,2026-05-23T10:00:00+00:00,3418,True,ELIGIBLE
V_SELECT,2026-05-23T11:00:00+00:00,3419,True,ELIGIBLE
V_SELECT,2026-05-23T12:00:00+00:00,3420,True,ELIGIBLE
V_SELECT,2026-05-23T13:00:00+00:00,3421,True,ELIGIBLE
V_SELECT,2026-05-23T14:00:00+00:00,3422,True,ELIGIBLE
V_SELECT,2026-05-23T15:00:00+00:00,3423,True,ELIGIBLE
V_SELECT,2026-05-23T16:00:00+00:00,3424,True,ELIGIBLE
V_SELECT,2026-05-23T17:00:00+00:00,3425,True,ELIGIBLE
V_SELECT,2026-05-23T18:00:00+00:00,3426,True,ELIGIBLE
V_SELECT,2026-05-23T19:00:00+00:00,3427,True,ELIGIBLE
V_SELECT,2026-05-23T20:00:00+00:00,3428,True,ELIGIBLE
V_SELECT,2026-05-23T21:00:00+00:00,3429,True,ELIGIBLE
V_SELECT,2026-05-23T22:00:00+00:00,3430,True,ELIGIBLE
V_SELECT,2026-05-23T23:00:00+00:00,3431,True,ELIGIBLE
V_SELECT,2026-05-24T00:00:00+00:00,3432,True,ELIGIBLE
V_SELECT,2026-05-24T01:00:00+00:00,3433,True,ELIGIBLE
V_SELECT,2026-05-24T02:00:00+00:00,3434,True,ELIGIBLE
V_SELECT,2026-05-24T03:00:00+00:00,3435,True,ELIGIBLE
V_SELECT,2026-05-24T04:00:00+00:00,3436,True,ELIGIBLE
V_SELECT,2026-05-24T05:00:00+00:00,3437,True,ELIGIBLE
V_SELECT,2026-05-24T06:00:00+00:00,3438,True,ELIGIBLE
V_SELECT,2026-05-24T07:00:00+00:00,3439,True,ELIGIBLE
V_SELECT,2026-05-24T08:00:00+00:00,3440,True,ELIGIBLE
V_SELECT,2026-05-24T09:00:00+00:00,3441,True,ELIGIBLE
V_SELECT,2026-05-24T10:00:00+00:00,3442,True,ELIGIBLE
V_SELECT,2026-05-24T11:00:00+00:00,3443,True,ELIGIBLE
V_SELECT,2026-05-24T12:00:00+00:00,3444,True,ELIGIBLE
V_SELECT,2026-05-24T13:00:00+00:00,3445,True,ELIGIBLE
V_SELECT,2026-05-24T14:00:00+00:00,3446,True,ELIGIBLE
V_SELECT,2026-05-24T15:00:00+00:00,3447,True,ELIGIBLE
V_SELECT,2026-05-24T16:00:00+00:00,3448,True,ELIGIBLE
V_SELECT,2026-05-24T17:00:00+00:00,3449,True,ELIGIBLE
V_SELECT,2026-05-24T18:00:00+00:00,3450,True,ELIGIBLE
V_SELECT,2026-05-24T19:00:00+00:00,3451,True,ELIGIBLE
V_SELECT,2026-05-24T20:00:00+00:00,3452,True,ELIGIBLE
V_SELECT,2026-05-24T21:00:00+00:00,3453,True,ELIGIBLE
V_SELECT,2026-05-24T22:00:00+00:00,3454,True,ELIGIBLE
V_SELECT,2026-05-24T23:00:00+00:00,3455,True,ELIGIBLE
V_SELECT,2026-05-25T00:00:00+00:00,3456,True,ELIGIBLE
V_SELECT,2026-05-25T01:00:00+00:00,3457,True,ELIGIBLE
V_SELECT,2026-05-25T02:00:00+00:00,3458,True,ELIGIBLE
V_SELECT,2026-05-25T03:00:00+00:00,3459,True,ELIGIBLE
V_SELECT,2026-05-25T04:00:00+00:00,3460,True,ELIGIBLE
V_SELECT,2026-05-25T05:00:00+00:00,3461,True,ELIGIBLE
V_SELECT,2026-05-25T06:00:00+00:00,3462,True,ELIGIBLE
V_SELECT,2026-05-25T07:00:00+00:00,3463,True,ELIGIBLE
V_SELECT,2026-05-25T08:00:00+00:00,3464,True,ELIGIBLE
V_SELECT,2026-05-25T09:00:00+00:00,3465,True,ELIGIBLE
V_SELECT,2026-05-25T10:00:00+00:00,3466,True,ELIGIBLE
V_SELECT,2026-05-25T11:00:00+00:00,3467,True,ELIGIBLE
V_SELECT,2026-05-25T12:00:00+00:00,3468,True,ELIGIBLE
V_SELECT,2026-05-25T13:00:00+00:00,3469,True,ELIGIBLE
V_SELECT,2026-05-25T14:00:00+00:00,3470,True,ELIGIBLE
V_SELECT,2026-05-25T15:00:00+00:00,3471,True,ELIGIBLE
V_SELECT,2026-05-25T16:00:00+00:00,3472,True,ELIGIBLE
V_SELECT,2026-05-25T17:00:00+00:00,3473,True,ELIGIBLE
V_SELECT,2026-05-25T18:00:00+00:00,3474,True,ELIGIBLE
V_SELECT,2026-05-25T19:00:00+00:00,3475,True,ELIGIBLE
V_SELECT,2026-05-25T20:00:00+00:00,3476,True,ELIGIBLE
V_SELECT,2026-05-25T21:00:00+00:00,3477,True,ELIGIBLE
V_SELECT,2026-05-25T22:00:00+00:00,3478,True,ELIGIBLE
V_SELECT,2026-05-25T23:00:00+00:00,3479,True,ELIGIBLE
V_SELECT,2026-05-26T00:00:00+00:00,3480,True,ELIGIBLE
V_SELECT,2026-05-26T01:00:00+00:00,3481,True,ELIGIBLE
V_SELECT,2026-05-26T02:00:00+00:00,3482,True,ELIGIBLE
V_SELECT,2026-05-26T03:00:00+00:00,3483,True,ELIGIBLE
V_SELECT,2026-05-26T04:00:00+00:00,3484,True,ELIGIBLE
V_SELECT,2026-05-26T05:00:00+00:00,3485,True,ELIGIBLE
V_SELECT,2026-05-26T06:00:00+00:00,3486,True,ELIGIBLE
V_SELECT,2026-05-26T07:00:00+00:00,3487,True,ELIGIBLE
V_SELECT,2026-05-26T08:00:00+00:00,3488,True,ELIGIBLE
V_SELECT,2026-05-26T09:00:00+00:00,3489,True,ELIGIBLE
V_SELECT,2026-05-26T10:00:00+00:00,3490,True,ELIGIBLE
V_SELECT,2026-05-26T11:00:00+00:00,3491,True,ELIGIBLE
V_SELECT,2026-05-26T12:00:00+00:00,3492,True,ELIGIBLE
V_SELECT,2026-05-26T13:00:00+00:00,3493,True,ELIGIBLE
V_SELECT,2026-05-26T14:00:00+00:00,3494,True,ELIGIBLE
V_SELECT,2026-05-26T15:00:00+00:00,3495,True,ELIGIBLE
V_SELECT,2026-05-26T16:00:00+00:00,3496,True,ELIGIBLE
V_SELECT,2026-05-26T17:00:00+00:00,3497,True,ELIGIBLE
V_SELECT,2026-05-26T18:00:00+00:00,3498,True,ELIGIBLE
V_SELECT,2026-05-26T19:00:00+00:00,3499,True,ELIGIBLE
V_SELECT,2026-05-26T20:00:00+00:00,3500,True,ELIGIBLE
V_SELECT,2026-05-26T21:00:00+00:00,3501,True,ELIGIBLE
V_SELECT,2026-05-26T22:00:00+00:00,3502,True,ELIGIBLE
V_SELECT,2026-05-26T23:00:00+00:00,3503,True,ELIGIBLE
V_SELECT,2026-05-27T00:00:00+00:00,3504,True,ELIGIBLE
V_SELECT,2026-05-27T01:00:00+00:00,3505,True,ELIGIBLE
V_SELECT,2026-05-27T02:00:00+00:00,3506,True,ELIGIBLE
V_SELECT,2026-05-27T03:00:00+00:00,3507,True,ELIGIBLE
V_SELECT,2026-05-27T04:00:00+00:00,3508,True,ELIGIBLE
V_SELECT,2026-05-27T05:00:00+00:00,3509,True,ELIGIBLE
V_SELECT,2026-05-27T06:00:00+00:00,3510,True,ELIGIBLE
V_SELECT,2026-05-27T07:00:00+00:00,3511,True,ELIGIBLE
V_SELECT,2026-05-27T08:00:00+00:00,3512,True,ELIGIBLE
V_SELECT,2026-05-27T09:00:00+00:00,3513,True,ELIGIBLE
V_SELECT,2026-05-27T10:00:00+00:00,3514,True,ELIGIBLE
V_SELECT,2026-05-27T11:00:00+00:00,3515,True,ELIGIBLE
V_SELECT,2026-05-27T12:00:00+00:00,3516,True,ELIGIBLE
V_SELECT,2026-05-27T13:00:00+00:00,3517,True,ELIGIBLE
V_SELECT,2026-05-27T14:00:00+00:00,3518,True,ELIGIBLE
V_SELECT,2026-05-27T15:00:00+00:00,3519,True,ELIGIBLE
V_SELECT,2026-05-27T16:00:00+00:00,3520,True,ELIGIBLE
V_SELECT,2026-05-27T17:00:00+00:00,3521,True,ELIGIBLE
V_SELECT,2026-05-27T18:00:00+00:00,3522,True,ELIGIBLE
V_SELECT,2026-05-27T19:00:00+00:00,3523,True,ELIGIBLE
V_SELECT,2026-05-27T20:00:00+00:00,3524,True,ELIGIBLE
V_SELECT,2026-05-27T21:00:00+00:00,3525,True,ELIGIBLE
V_SELECT,2026-05-27T22:00:00+00:00,3526,True,ELIGIBLE
V_SELECT,2026-05-27T23:00:00+00:00,3527,True,ELIGIBLE
V_SELECT,2026-05-28T00:00:00+00:00,3528,True,ELIGIBLE
V_SELECT,2026-05-28T01:00:00+00:00,3529,True,ELIGIBLE
V_SELECT,2026-05-28T02:00:00+00:00,3530,True,ELIGIBLE
V_SELECT,2026-05-28T03:00:00+00:00,3531,True,ELIGIBLE
V_SELECT,2026-05-28T04:00:00+00:00,3532,True,ELIGIBLE
V_SELECT,2026-05-28T05:00:00+00:00,3533,True,ELIGIBLE
V_SELECT,2026-05-28T06:00:00+00:00,3534,True,ELIGIBLE
V_SELECT,2026-05-28T07:00:00+00:00,3535,True,ELIGIBLE
V_SELECT,2026-05-28T08:00:00+00:00,3536,True,ELIGIBLE
V_SELECT,2026-05-28T09:00:00+00:00,3537,True,ELIGIBLE
V_SELECT,2026-05-28T10:00:00+00:00,3538,True,ELIGIBLE
V_SELECT,2026-05-28T11:00:00+00:00,3539,True,ELIGIBLE
V_SELECT,2026-05-28T12:00:00+00:00,3540,True,ELIGIBLE
V_SELECT,2026-05-28T13:00:00+00:00,3541,True,ELIGIBLE
V_SELECT,2026-05-28T14:00:00+00:00,3542,True,ELIGIBLE
V_SELECT,2026-05-28T15:00:00+00:00,3543,True,ELIGIBLE
V_SELECT,2026-05-28T16:00:00+00:00,3544,True,ELIGIBLE
V_SELECT,2026-05-28T17:00:00+00:00,3545,True,ELIGIBLE
V_SELECT,2026-05-28T18:00:00+00:00,3546,True,ELIGIBLE
V_SELECT,2026-05-28T19:00:00+00:00,3547,True,ELIGIBLE
V_SELECT,2026-05-28T20:00:00+00:00,3548,True,ELIGIBLE
V_SELECT,2026-05-28T21:00:00+00:00,3549,True,ELIGIBLE
V_SELECT,2026-05-28T22:00:00+00:00,3550,True,ELIGIBLE
V_SELECT,2026-05-28T23:00:00+00:00,3551,True,ELIGIBLE
V_SELECT,2026-05-29T00:00:00+00:00,3552,True,ELIGIBLE
V_SELECT,2026-05-29T01:00:00+00:00,3553,True,ELIGIBLE
V_SELECT,2026-05-29T02:00:00+00:00,3554,True,ELIGIBLE
V_SELECT,2026-05-29T03:00:00+00:00,3555,True,ELIGIBLE
V_SELECT,2026-05-29T04:00:00+00:00,3556,True,ELIGIBLE
V_SELECT,2026-05-29T05:00:00+00:00,3557,True,ELIGIBLE
V_SELECT,2026-05-29T06:00:00+00:00,3558,True,ELIGIBLE
V_SELECT,2026-05-29T07:00:00+00:00,3559,True,ELIGIBLE
V_SELECT,2026-05-29T08:00:00+00:00,3560,True,ELIGIBLE
V_SELECT,2026-05-29T09:00:00+00:00,3561,True,ELIGIBLE
V_SELECT,2026-05-29T10:00:00+00:00,3562,True,ELIGIBLE
V_SELECT,2026-05-29T11:00:00+00:00,3563,True,ELIGIBLE
V_SELECT,2026-05-29T12:00:00+00:00,3564,True,ELIGIBLE
V_SELECT,2026-05-29T13:00:00+00:00,3565,True,ELIGIBLE
V_SELECT,2026-05-29T14:00:00+00:00,3566,True,ELIGIBLE
V_SELECT,2026-05-29T15:00:00+00:00,3567,True,ELIGIBLE
V_SELECT,2026-05-29T16:00:00+00:00,3568,True,ELIGIBLE
V_SELECT,2026-05-29T17:00:00+00:00,3569,True,ELIGIBLE
V_SELECT,2026-05-29T18:00:00+00:00,3570,True,ELIGIBLE
V_SELECT,2026-05-29T19:00:00+00:00,3571,True,ELIGIBLE
V_SELECT,2026-05-29T20:00:00+00:00,3572,True,ELIGIBLE
V_SELECT,2026-05-29T21:00:00+00:00,3573,True,ELIGIBLE
V_SELECT,2026-05-29T22:00:00+00:00,3574,True,ELIGIBLE
V_SELECT,2026-05-29T23:00:00+00:00,3575,True,ELIGIBLE
V_SELECT,2026-05-30T00:00:00+00:00,3576,True,ELIGIBLE
V_SELECT,2026-05-30T01:00:00+00:00,3577,True,ELIGIBLE
V_SELECT,2026-05-30T02:00:00+00:00,3578,True,ELIGIBLE
V_SELECT,2026-05-30T03:00:00+00:00,3579,True,ELIGIBLE
V_SELECT,2026-05-30T04:00:00+00:00,3580,True,ELIGIBLE
V_SELECT,2026-05-30T05:00:00+00:00,3581,True,ELIGIBLE
V_SELECT,2026-05-30T06:00:00+00:00,3582,True,ELIGIBLE
V_SELECT,2026-05-30T07:00:00+00:00,3583,True,ELIGIBLE
V_SELECT,2026-05-30T08:00:00+00:00,3584,True,ELIGIBLE
V_SELECT,2026-05-30T09:00:00+00:00,3585,True,ELIGIBLE
V_SELECT,2026-05-30T10:00:00+00:00,3586,True,ELIGIBLE
V_SELECT,2026-05-30T11:00:00+00:00,3587,True,ELIGIBLE
V_SELECT,2026-05-30T12:00:00+00:00,3588,True,ELIGIBLE
V_SELECT,2026-05-30T13:00:00+00:00,3589,True,ELIGIBLE
V_SELECT,2026-05-30T14:00:00+00:00,3590,True,ELIGIBLE
V_SELECT,2026-05-30T15:00:00+00:00,3591,True,ELIGIBLE
V_SELECT,2026-05-30T16:00:00+00:00,3592,True,ELIGIBLE
V_SELECT,2026-05-30T17:00:00+00:00,3593,True,ELIGIBLE
V_SELECT,2026-05-30T18:00:00+00:00,3594,True,ELIGIBLE
V_SELECT,2026-05-30T19:00:00+00:00,3595,True,ELIGIBLE
V_SELECT,2026-05-30T20:00:00+00:00,3596,True,ELIGIBLE
V_SELECT,2026-05-30T21:00:00+00:00,3597,True,ELIGIBLE
V_SELECT,2026-05-30T22:00:00+00:00,3598,True,ELIGIBLE
V_SELECT,2026-05-30T23:00:00+00:00,3599,True,ELIGIBLE
V_SELECT,2026-05-31T00:00:00+00:00,3600,True,ELIGIBLE
V_SELECT,2026-05-31T01:00:00+00:00,3601,True,ELIGIBLE
V_SELECT,2026-05-31T02:00:00+00:00,3602,True,ELIGIBLE
V_SELECT,2026-05-31T03:00:00+00:00,3603,True,ELIGIBLE
V_SELECT,2026-05-31T04:00:00+00:00,3604,True,ELIGIBLE
V_SELECT,2026-05-31T05:00:00+00:00,3605,True,ELIGIBLE
V_SELECT,2026-05-31T06:00:00+00:00,3606,True,ELIGIBLE
V_SELECT,2026-05-31T07:00:00+00:00,3607,True,ELIGIBLE
V_SELECT,2026-05-31T08:00:00+00:00,3608,True,ELIGIBLE
V_SELECT,2026-05-31T09:00:00+00:00,3609,True,ELIGIBLE
V_SELECT,2026-05-31T10:00:00+00:00,3610,True,ELIGIBLE
V_SELECT,2026-05-31T11:00:00+00:00,3611,True,ELIGIBLE
V_SELECT,2026-05-31T12:00:00+00:00,3612,True,ELIGIBLE
V_SELECT,2026-05-31T13:00:00+00:00,3613,True,ELIGIBLE
V_SELECT,2026-05-31T14:00:00+00:00,3614,True,ELIGIBLE
V_SELECT,2026-05-31T15:00:00+00:00,3615,True,ELIGIBLE
V_SELECT,2026-05-31T16:00:00+00:00,3616,True,ELIGIBLE
V_SELECT,2026-05-31T17:00:00+00:00,3617,True,ELIGIBLE
V_SELECT,2026-05-31T18:00:00+00:00,3618,True,ELIGIBLE
V_SELECT,2026-05-31T19:00:00+00:00,3619,True,ELIGIBLE
V_SELECT,2026-05-31T20:00:00+00:00,3620,True,ELIGIBLE
V_SELECT,2026-05-31T21:00:00+00:00,3621,True,ELIGIBLE
V_SELECT,2026-05-31T22:00:00+00:00,3622,True,ELIGIBLE
V_SELECT,2026-05-31T23:00:00+00:00,3623,True,ELIGIBLE
V_SELECT,2026-06-01T00:00:00+00:00,3624,True,ELIGIBLE
V_SELECT,2026-06-01T01:00:00+00:00,3625,True,ELIGIBLE
V_SELECT,2026-06-01T02:00:00+00:00,3626,True,ELIGIBLE
V_SELECT,2026-06-01T03:00:00+00:00,3627,True,ELIGIBLE
V_SELECT,2026-06-01T04:00:00+00:00,3628,True,ELIGIBLE
V_SELECT,2026-06-01T05:00:00+00:00,3629,True,ELIGIBLE
V_SELECT,2026-06-01T06:00:00+00:00,3630,True,ELIGIBLE
V_SELECT,2026-06-01T07:00:00+00:00,3631,True,ELIGIBLE
V_SELECT,2026-06-01T08:00:00+00:00,3632,True,ELIGIBLE
V_SELECT,2026-06-01T09:00:00+00:00,3633,True,ELIGIBLE
V_SELECT,2026-06-01T10:00:00+00:00,3634,True,ELIGIBLE
V_SELECT,2026-06-01T11:00:00+00:00,3635,True,ELIGIBLE
V_SELECT,2026-06-01T12:00:00+00:00,3636,True,ELIGIBLE
V_SELECT,2026-06-01T13:00:00+00:00,3637,True,ELIGIBLE
V_SELECT,2026-06-01T14:00:00+00:00,3638,True,ELIGIBLE
V_SELECT,2026-06-01T15:00:00+00:00,3639,True,ELIGIBLE
V_SELECT,2026-06-01T16:00:00+00:00,3640,True,ELIGIBLE
V_SELECT,2026-06-01T17:00:00+00:00,3641,True,ELIGIBLE
V_SELECT,2026-06-01T18:00:00+00:00,3642,True,ELIGIBLE
V_SELECT,2026-06-01T19:00:00+00:00,3643,True,ELIGIBLE
V_SELECT,2026-06-01T20:00:00+00:00,3644,True,ELIGIBLE
V_SELECT,2026-06-01T21:00:00+00:00,3645,True,ELIGIBLE
V_SELECT,2026-06-01T22:00:00+00:00,3646,True,ELIGIBLE
V_SELECT,2026-06-01T23:00:00+00:00,3647,True,ELIGIBLE
V_SELECT,2026-06-02T00:00:00+00:00,3648,True,ELIGIBLE
V_SELECT,2026-06-02T01:00:00+00:00,3649,True,ELIGIBLE
V_SELECT,2026-06-02T02:00:00+00:00,3650,True,ELIGIBLE
V_SELECT,2026-06-02T03:00:00+00:00,3651,True,ELIGIBLE
V_SELECT,2026-06-02T04:00:00+00:00,3652,True,ELIGIBLE
V_SELECT,2026-06-02T05:00:00+00:00,3653,True,ELIGIBLE
V_SELECT,2026-06-02T06:00:00+00:00,3654,True,ELIGIBLE
V_SELECT,2026-06-02T07:00:00+00:00,3655,True,ELIGIBLE
V_SELECT,2026-06-02T08:00:00+00:00,3656,True,ELIGIBLE
V_SELECT,2026-06-02T09:00:00+00:00,3657,True,ELIGIBLE
V_SELECT,2026-06-02T10:00:00+00:00,3658,True,ELIGIBLE
V_SELECT,2026-06-02T11:00:00+00:00,3659,True,ELIGIBLE
V_SELECT,2026-06-02T12:00:00+00:00,3660,True,ELIGIBLE
V_SELECT,2026-06-02T13:00:00+00:00,3661,True,ELIGIBLE
V_SELECT,2026-06-02T14:00:00+00:00,3662,True,ELIGIBLE
V_SELECT,2026-06-02T15:00:00+00:00,3663,True,ELIGIBLE
V_SELECT,2026-06-02T16:00:00+00:00,3664,True,ELIGIBLE
V_SELECT,2026-06-02T17:00:00+00:00,3665,True,ELIGIBLE
V_SELECT,2026-06-02T18:00:00+00:00,3666,True,ELIGIBLE
V_SELECT,2026-06-02T19:00:00+00:00,3667,True,ELIGIBLE
V_SELECT,2026-06-02T20:00:00+00:00,3668,True,ELIGIBLE
V_SELECT,2026-06-02T21:00:00+00:00,3669,True,ELIGIBLE
V_SELECT,2026-06-02T22:00:00+00:00,3670,True,ELIGIBLE
V_SELECT,2026-06-02T23:00:00+00:00,3671,True,ELIGIBLE
V_SELECT,2026-06-03T00:00:00+00:00,3672,True,ELIGIBLE
V_SELECT,2026-06-03T01:00:00+00:00,3673,True,ELIGIBLE
V_SELECT,2026-06-03T02:00:00+00:00,3674,True,ELIGIBLE
V_SELECT,2026-06-03T03:00:00+00:00,3675,True,ELIGIBLE
V_SELECT,2026-06-03T04:00:00+00:00,3676,True,ELIGIBLE
V_SELECT,2026-06-03T05:00:00+00:00,3677,True,ELIGIBLE
V_SELECT,2026-06-03T06:00:00+00:00,3678,True,ELIGIBLE
V_SELECT,2026-06-03T07:00:00+00:00,3679,True,ELIGIBLE
V_SELECT,2026-06-03T08:00:00+00:00,3680,True,ELIGIBLE
V_SELECT,2026-06-03T09:00:00+00:00,3681,True,ELIGIBLE
V_SELECT,2026-06-03T10:00:00+00:00,3682,True,ELIGIBLE
V_SELECT,2026-06-03T11:00:00+00:00,3683,True,ELIGIBLE
V_SELECT,2026-06-03T12:00:00+00:00,3684,True,ELIGIBLE
V_SELECT,2026-06-03T13:00:00+00:00,3685,True,ELIGIBLE
V_SELECT,2026-06-03T14:00:00+00:00,3686,True,ELIGIBLE
V_SELECT,2026-06-03T15:00:00+00:00,3687,True,ELIGIBLE
V_SELECT,2026-06-03T16:00:00+00:00,3688,True,ELIGIBLE
V_SELECT,2026-06-03T17:00:00+00:00,3689,True,ELIGIBLE
V_SELECT,2026-06-03T18:00:00+00:00,3690,True,ELIGIBLE
V_SELECT,2026-06-03T19:00:00+00:00,3691,True,ELIGIBLE
V_SELECT,2026-06-03T20:00:00+00:00,3692,True,ELIGIBLE
V_SELECT,2026-06-03T21:00:00+00:00,3693,True,ELIGIBLE
V_SELECT,2026-06-03T22:00:00+00:00,3694,True,ELIGIBLE
V_SELECT,2026-06-03T23:00:00+00:00,3695,True,ELIGIBLE
V_SELECT,2026-06-04T00:00:00+00:00,3696,True,ELIGIBLE
V_SELECT,2026-06-04T01:00:00+00:00,3697,True,ELIGIBLE
V_SELECT,2026-06-04T02:00:00+00:00,3698,True,ELIGIBLE
V_SELECT,2026-06-04T03:00:00+00:00,3699,True,ELIGIBLE
V_SELECT,2026-06-04T04:00:00+00:00,3700,True,ELIGIBLE
V_SELECT,2026-06-04T05:00:00+00:00,3701,True,ELIGIBLE
V_SELECT,2026-06-04T06:00:00+00:00,3702,True,ELIGIBLE
V_SELECT,2026-06-04T07:00:00+00:00,3703,True,ELIGIBLE
V_SELECT,2026-06-04T08:00:00+00:00,3704,True,ELIGIBLE
V_SELECT,2026-06-04T09:00:00+00:00,3705,True,ELIGIBLE
V_SELECT,2026-06-04T10:00:00+00:00,3706,True,ELIGIBLE
V_SELECT,2026-06-04T11:00:00+00:00,3707,True,ELIGIBLE
V_SELECT,2026-06-04T12:00:00+00:00,3708,True,ELIGIBLE
V_SELECT,2026-06-04T13:00:00+00:00,3709,True,ELIGIBLE
V_SELECT,2026-06-04T14:00:00+00:00,3710,True,ELIGIBLE
V_SELECT,2026-06-04T15:00:00+00:00,3711,True,ELIGIBLE
V_SELECT,2026-06-04T16:00:00+00:00,3712,True,ELIGIBLE
V_SELECT,2026-06-04T17:00:00+00:00,3713,True,ELIGIBLE
V_SELECT,2026-06-04T18:00:00+00:00,3714,True,ELIGIBLE
V_SELECT,2026-06-04T19:00:00+00:00,3715,True,ELIGIBLE
V_SELECT,2026-06-04T20:00:00+00:00,3716,True,ELIGIBLE
V_SELECT,2026-06-04T21:00:00+00:00,3717,True,ELIGIBLE
V_SELECT,2026-06-04T22:00:00+00:00,3718,True,ELIGIBLE
V_SELECT,2026-06-04T23:00:00+00:00,3719,True,ELIGIBLE
V_SELECT,2026-06-05T00:00:00+00:00,3720,True,ELIGIBLE
V_SELECT,2026-06-05T01:00:00+00:00,3721,True,ELIGIBLE
V_SELECT,2026-06-05T02:00:00+00:00,3722,True,ELIGIBLE
V_SELECT,2026-06-05T03:00:00+00:00,3723,True,ELIGIBLE
V_SELECT,2026-06-05T04:00:00+00:00,3724,True,ELIGIBLE
V_SELECT,2026-06-05T05:00:00+00:00,3725,True,ELIGIBLE
V_SELECT,2026-06-05T06:00:00+00:00,3726,True,ELIGIBLE
V_SELECT,2026-06-05T07:00:00+00:00,3727,True,ELIGIBLE
V_SELECT,2026-06-05T08:00:00+00:00,3728,True,ELIGIBLE
V_SELECT,2026-06-05T09:00:00+00:00,3729,True,ELIGIBLE
V_SELECT,2026-06-05T10:00:00+00:00,3730,True,ELIGIBLE
V_SELECT,2026-06-05T11:00:00+00:00,3731,True,ELIGIBLE
V_SELECT,2026-06-05T12:00:00+00:00,3732,True,ELIGIBLE
V_SELECT,2026-06-05T13:00:00+00:00,3733,True,ELIGIBLE
V_SELECT,2026-06-05T14:00:00+00:00,3734,True,ELIGIBLE
V_SELECT,2026-06-05T15:00:00+00:00,3735,True,ELIGIBLE
V_SELECT,2026-06-05T16:00:00+00:00,3736,True,ELIGIBLE
V_SELECT,2026-06-05T17:00:00+00:00,3737,True,ELIGIBLE
V_SELECT,2026-06-05T18:00:00+00:00,3738,True,ELIGIBLE
V_SELECT,2026-06-05T19:00:00+00:00,3739,True,ELIGIBLE
V_SELECT,2026-06-05T20:00:00+00:00,3740,True,ELIGIBLE
V_SELECT,2026-06-05T21:00:00+00:00,3741,True,ELIGIBLE
V_SELECT,2026-06-05T22:00:00+00:00,3742,True,ELIGIBLE
V_SELECT,2026-06-05T23:00:00+00:00,3743,True,ELIGIBLE
V_SELECT,2026-06-06T00:00:00+00:00,3744,True,ELIGIBLE
V_SELECT,2026-06-06T01:00:00+00:00,3745,True,ELIGIBLE
V_SELECT,2026-06-06T02:00:00+00:00,3746,True,ELIGIBLE
V_SELECT,2026-06-06T03:00:00+00:00,3747,True,ELIGIBLE
V_SELECT,2026-06-06T04:00:00+00:00,3748,True,ELIGIBLE
V_SELECT,2026-06-06T05:00:00+00:00,3749,True,ELIGIBLE
V_SELECT,2026-06-06T06:00:00+00:00,3750,True,ELIGIBLE
V_SELECT,2026-06-06T07:00:00+00:00,3751,True,ELIGIBLE
V_SELECT,2026-06-06T08:00:00+00:00,3752,True,ELIGIBLE
V_SELECT,2026-06-06T09:00:00+00:00,3753,True,ELIGIBLE
V_SELECT,2026-06-06T10:00:00+00:00,3754,True,ELIGIBLE
V_SELECT,2026-06-06T11:00:00+00:00,3755,True,ELIGIBLE
V_SELECT,2026-06-06T12:00:00+00:00,3756,True,ELIGIBLE
V_SELECT,2026-06-06T13:00:00+00:00,3757,True,ELIGIBLE
V_SELECT,2026-06-06T14:00:00+00:00,3758,True,ELIGIBLE
V_SELECT,2026-06-06T15:00:00+00:00,3759,True,ELIGIBLE
V_SELECT,2026-06-06T16:00:00+00:00,3760,True,ELIGIBLE
V_SELECT,2026-06-06T17:00:00+00:00,3761,True,ELIGIBLE
V_SELECT,2026-06-06T18:00:00+00:00,3762,True,ELIGIBLE
V_SELECT,2026-06-06T19:00:00+00:00,3763,True,ELIGIBLE
V_SELECT,2026-06-06T20:00:00+00:00,3764,True,ELIGIBLE
V_SELECT,2026-06-06T21:00:00+00:00,3765,True,ELIGIBLE
V_SELECT,2026-06-06T22:00:00+00:00,3766,True,ELIGIBLE
V_SELECT,2026-06-06T23:00:00+00:00,3767,True,ELIGIBLE
V_SELECT,2026-06-07T00:00:00+00:00,3768,True,ELIGIBLE
V_SELECT,2026-06-07T01:00:00+00:00,3769,True,ELIGIBLE
V_SELECT,2026-06-07T02:00:00+00:00,3770,True,ELIGIBLE
V_SELECT,2026-06-07T03:00:00+00:00,3771,True,ELIGIBLE
V_SELECT,2026-06-07T04:00:00+00:00,3772,True,ELIGIBLE
V_SELECT,2026-06-07T05:00:00+00:00,3773,True,ELIGIBLE
V_SELECT,2026-06-07T06:00:00+00:00,3774,True,ELIGIBLE
V_SELECT,2026-06-07T07:00:00+00:00,3775,True,ELIGIBLE
V_SELECT,2026-06-07T08:00:00+00:00,3776,True,ELIGIBLE
V_SELECT,2026-06-07T09:00:00+00:00,3777,True,ELIGIBLE
V_SELECT,2026-06-07T10:00:00+00:00,3778,True,ELIGIBLE
V_SELECT,2026-06-07T11:00:00+00:00,3779,True,ELIGIBLE
V_SELECT,2026-06-07T12:00:00+00:00,3780,True,ELIGIBLE
V_SELECT,2026-06-07T13:00:00+00:00,3781,True,ELIGIBLE
V_SELECT,2026-06-07T14:00:00+00:00,3782,True,ELIGIBLE
V_SELECT,2026-06-07T15:00:00+00:00,3783,True,ELIGIBLE
V_SELECT,2026-06-07T16:00:00+00:00,3784,True,ELIGIBLE
V_SELECT,2026-06-07T17:00:00+00:00,3785,True,ELIGIBLE
V_SELECT,2026-06-07T18:00:00+00:00,3786,True,ELIGIBLE
V_SELECT,2026-06-07T19:00:00+00:00,3787,True,ELIGIBLE
V_SELECT,2026-06-07T20:00:00+00:00,3788,True,ELIGIBLE
V_SELECT,2026-06-07T21:00:00+00:00,3789,True,ELIGIBLE
V_SELECT,2026-06-07T22:00:00+00:00,3790,True,ELIGIBLE
V_SELECT,2026-06-07T23:00:00+00:00,3791,True,ELIGIBLE
V_SELECT,2026-06-08T00:00:00+00:00,3792,True,ELIGIBLE
V_SELECT,2026-06-08T01:00:00+00:00,3793,True,ELIGIBLE
V_SELECT,2026-06-08T02:00:00+00:00,3794,True,ELIGIBLE
V_SELECT,2026-06-08T03:00:00+00:00,3795,True,ELIGIBLE
V_SELECT,2026-06-08T04:00:00+00:00,3796,True,ELIGIBLE
V_SELECT,2026-06-08T05:00:00+00:00,3797,True,ELIGIBLE
V_SELECT,2026-06-08T06:00:00+00:00,3798,True,ELIGIBLE
V_SELECT,2026-06-08T07:00:00+00:00,3799,True,ELIGIBLE
V_SELECT,2026-06-08T08:00:00+00:00,3800,True,ELIGIBLE
V_SELECT,2026-06-08T09:00:00+00:00,3801,True,ELIGIBLE
V_SELECT,2026-06-08T10:00:00+00:00,3802,True,ELIGIBLE
V_SELECT,2026-06-08T11:00:00+00:00,3803,True,ELIGIBLE
V_SELECT,2026-06-08T12:00:00+00:00,3804,True,ELIGIBLE
V_SELECT,2026-06-08T13:00:00+00:00,3805,True,ELIGIBLE
V_SELECT,2026-06-08T14:00:00+00:00,3806,True,ELIGIBLE
V_SELECT,2026-06-08T15:00:00+00:00,3807,True,ELIGIBLE
V_SELECT,2026-06-08T16:00:00+00:00,3808,True,ELIGIBLE
V_SELECT,2026-06-08T17:00:00+00:00,3809,True,ELIGIBLE
V_SELECT,2026-06-08T18:00:00+00:00,3810,True,ELIGIBLE
V_SELECT,2026-06-08T19:00:00+00:00,3811,True,ELIGIBLE
V_SELECT,2026-06-08T20:00:00+00:00,3812,True,ELIGIBLE
V_SELECT,2026-06-08T21:00:00+00:00,3813,True,ELIGIBLE
V_SELECT,2026-06-08T22:00:00+00:00,3814,True,ELIGIBLE
V_SELECT,2026-06-08T23:00:00+00:00,3815,True,ELIGIBLE
V_SELECT,2026-06-09T00:00:00+00:00,3816,True,ELIGIBLE
V_SELECT,2026-06-09T01:00:00+00:00,3817,True,ELIGIBLE
V_SELECT,2026-06-09T02:00:00+00:00,3818,True,ELIGIBLE
V_SELECT,2026-06-09T03:00:00+00:00,3819,True,ELIGIBLE
V_SELECT,2026-06-09T04:00:00+00:00,3820,True,ELIGIBLE
V_SELECT,2026-06-09T05:00:00+00:00,3821,True,ELIGIBLE
V_SELECT,2026-06-09T06:00:00+00:00,3822,True,ELIGIBLE
V_SELECT,2026-06-09T07:00:00+00:00,3823,True,ELIGIBLE
V_SELECT,2026-06-09T08:00:00+00:00,3824,True,ELIGIBLE
V_SELECT,2026-06-09T09:00:00+00:00,3825,True,ELIGIBLE
V_SELECT,2026-06-09T10:00:00+00:00,3826,True,ELIGIBLE
V_SELECT,2026-06-09T11:00:00+00:00,3827,True,ELIGIBLE
V_SELECT,2026-06-09T12:00:00+00:00,3828,True,ELIGIBLE
V_SELECT,2026-06-09T13:00:00+00:00,3829,True,ELIGIBLE
V_SELECT,2026-06-09T14:00:00+00:00,3830,True,ELIGIBLE
V_SELECT,2026-06-09T15:00:00+00:00,3831,True,ELIGIBLE
V_SELECT,2026-06-09T16:00:00+00:00,3832,True,ELIGIBLE
V_SELECT,2026-06-09T17:00:00+00:00,3833,True,ELIGIBLE
V_SELECT,2026-06-09T18:00:00+00:00,3834,True,ELIGIBLE
V_SELECT,2026-06-09T19:00:00+00:00,3835,True,ELIGIBLE
V_SELECT,2026-06-09T20:00:00+00:00,3836,True,ELIGIBLE
V_SELECT,2026-06-09T21:00:00+00:00,3837,True,ELIGIBLE
V_SELECT,2026-06-09T22:00:00+00:00,3838,True,ELIGIBLE
V_SELECT,2026-06-09T23:00:00+00:00,3839,True,ELIGIBLE
V_SELECT,2026-06-10T00:00:00+00:00,3840,True,ELIGIBLE
V_SELECT,2026-06-10T01:00:00+00:00,3841,True,ELIGIBLE
V_SELECT,2026-06-10T02:00:00+00:00,3842,True,ELIGIBLE
V_SELECT,2026-06-10T03:00:00+00:00,3843,True,ELIGIBLE
V_SELECT,2026-06-10T04:00:00+00:00,3844,True,ELIGIBLE
V_SELECT,2026-06-10T05:00:00+00:00,3845,True,ELIGIBLE
V_SELECT,2026-06-10T06:00:00+00:00,3846,True,ELIGIBLE
V_SELECT,2026-06-10T07:00:00+00:00,3847,True,ELIGIBLE
V_SELECT,2026-06-10T08:00:00+00:00,3848,True,ELIGIBLE
V_SELECT,2026-06-10T09:00:00+00:00,3849,True,ELIGIBLE
V_SELECT,2026-06-10T10:00:00+00:00,3850,True,ELIGIBLE
V_SELECT,2026-06-10T11:00:00+00:00,3851,True,ELIGIBLE
V_SELECT,2026-06-10T12:00:00+00:00,3852,True,ELIGIBLE
V_SELECT,2026-06-10T13:00:00+00:00,3853,True,ELIGIBLE
V_SELECT,2026-06-10T14:00:00+00:00,3854,True,ELIGIBLE
V_SELECT,2026-06-10T15:00:00+00:00,3855,True,ELIGIBLE
V_SELECT,2026-06-10T16:00:00+00:00,3856,True,ELIGIBLE
V_SELECT,2026-06-10T17:00:00+00:00,3857,True,ELIGIBLE
V_SELECT,2026-06-10T18:00:00+00:00,3858,True,ELIGIBLE
V_SELECT,2026-06-10T19:00:00+00:00,3859,True,ELIGIBLE
V_SELECT,2026-06-10T20:00:00+00:00,3860,True,ELIGIBLE
V_SELECT,2026-06-10T21:00:00+00:00,3861,True,ELIGIBLE
V_SELECT,2026-06-10T22:00:00+00:00,3862,True,ELIGIBLE
V_SELECT,2026-06-10T23:00:00+00:00,3863,True,ELIGIBLE
V_SELECT,2026-06-11T00:00:00+00:00,3864,True,ELIGIBLE
V_SELECT,2026-06-11T01:00:00+00:00,3865,True,ELIGIBLE
V_SELECT,2026-06-11T02:00:00+00:00,3866,True,ELIGIBLE
V_SELECT,2026-06-11T03:00:00+00:00,3867,True,ELIGIBLE
V_SELECT,2026-06-11T04:00:00+00:00,3868,True,ELIGIBLE
V_SELECT,2026-06-11T05:00:00+00:00,3869,True,ELIGIBLE
V_SELECT,2026-06-11T06:00:00+00:00,3870,True,ELIGIBLE
V_SELECT,2026-06-11T07:00:00+00:00,3871,True,ELIGIBLE
V_SELECT,2026-06-11T08:00:00+00:00,3872,True,ELIGIBLE
V_SELECT,2026-06-11T09:00:00+00:00,3873,True,ELIGIBLE
V_SELECT,2026-06-11T10:00:00+00:00,3874,True,ELIGIBLE
V_SELECT,2026-06-11T11:00:00+00:00,3875,True,ELIGIBLE
V_SELECT,2026-06-11T12:00:00+00:00,3876,True,ELIGIBLE
V_SELECT,2026-06-11T13:00:00+00:00,3877,True,ELIGIBLE
V_SELECT,2026-06-11T14:00:00+00:00,3878,True,ELIGIBLE
V_SELECT,2026-06-11T15:00:00+00:00,3879,True,ELIGIBLE
V_SELECT,2026-06-11T16:00:00+00:00,3880,True,ELIGIBLE
V_SELECT,2026-06-11T17:00:00+00:00,3881,True,ELIGIBLE
V_SELECT,2026-06-11T18:00:00+00:00,3882,True,ELIGIBLE
V_SELECT,2026-06-11T19:00:00+00:00,3883,True,ELIGIBLE
V_SELECT,2026-06-11T20:00:00+00:00,3884,True,ELIGIBLE
V_SELECT,2026-06-11T21:00:00+00:00,3885,True,ELIGIBLE
V_SELECT,2026-06-11T22:00:00+00:00,3886,True,ELIGIBLE
V_SELECT,2026-06-11T23:00:00+00:00,3887,True,ELIGIBLE
V_SELECT,2026-06-12T00:00:00+00:00,3888,True,ELIGIBLE
V_SELECT,2026-06-12T01:00:00+00:00,3889,True,ELIGIBLE
V_SELECT,2026-06-12T02:00:00+00:00,3890,True,ELIGIBLE
V_SELECT,2026-06-12T03:00:00+00:00,3891,True,ELIGIBLE
V_SELECT,2026-06-12T04:00:00+00:00,3892,True,ELIGIBLE
V_SELECT,2026-06-12T05:00:00+00:00,3893,True,ELIGIBLE
V_SELECT,2026-06-12T06:00:00+00:00,3894,True,ELIGIBLE
V_SELECT,2026-06-12T07:00:00+00:00,3895,True,ELIGIBLE
V_SELECT,2026-06-12T08:00:00+00:00,3896,True,ELIGIBLE
V_SELECT,2026-06-12T09:00:00+00:00,3897,True,ELIGIBLE
V_SELECT,2026-06-12T10:00:00+00:00,3898,True,ELIGIBLE
V_SELECT,2026-06-12T11:00:00+00:00,3899,True,ELIGIBLE
V_SELECT,2026-06-12T12:00:00+00:00,3900,True,ELIGIBLE
V_SELECT,2026-06-12T13:00:00+00:00,3901,True,ELIGIBLE
V_SELECT,2026-06-12T14:00:00+00:00,3902,True,ELIGIBLE
V_SELECT,2026-06-12T15:00:00+00:00,3903,True,ELIGIBLE
V_SELECT,2026-06-12T16:00:00+00:00,3904,True,ELIGIBLE
V_SELECT,2026-06-12T17:00:00+00:00,3905,True,ELIGIBLE
V_SELECT,2026-06-12T18:00:00+00:00,3906,True,ELIGIBLE
V_SELECT,2026-06-12T19:00:00+00:00,3907,True,ELIGIBLE
V_SELECT,2026-06-12T20:00:00+00:00,3908,True,ELIGIBLE
V_SELECT,2026-06-12T21:00:00+00:00,3909,True,ELIGIBLE
V_SELECT,2026-06-12T22:00:00+00:00,3910,True,ELIGIBLE
V_SELECT,2026-06-12T23:00:00+00:00,3911,True,ELIGIBLE
V_SELECT,2026-06-13T00:00:00+00:00,3912,True,ELIGIBLE
V_SELECT,2026-06-13T01:00:00+00:00,3913,True,ELIGIBLE
V_SELECT,2026-06-13T02:00:00+00:00,3914,True,ELIGIBLE
V_SELECT,2026-06-13T03:00:00+00:00,3915,True,ELIGIBLE
V_SELECT,2026-06-13T04:00:00+00:00,3916,True,ELIGIBLE
V_SELECT,2026-06-13T05:00:00+00:00,3917,True,ELIGIBLE
V_SELECT,2026-06-13T06:00:00+00:00,3918,True,ELIGIBLE
V_SELECT,2026-06-13T07:00:00+00:00,3919,True,ELIGIBLE
V_SELECT,2026-06-13T08:00:00+00:00,3920,True,ELIGIBLE
V_SELECT,2026-06-13T09:00:00+00:00,3921,True,ELIGIBLE
V_SELECT,2026-06-13T10:00:00+00:00,3922,True,ELIGIBLE
V_SELECT,2026-06-13T11:00:00+00:00,3923,True,ELIGIBLE
V_SELECT,2026-06-13T12:00:00+00:00,3924,True,ELIGIBLE
V_SELECT,2026-06-13T13:00:00+00:00,3925,True,ELIGIBLE
V_SELECT,2026-06-13T14:00:00+00:00,3926,True,ELIGIBLE
V_SELECT,2026-06-13T15:00:00+00:00,3927,True,ELIGIBLE
V_SELECT,2026-06-13T16:00:00+00:00,3928,True,ELIGIBLE
V_SELECT,2026-06-13T17:00:00+00:00,3929,True,ELIGIBLE
V_SELECT,2026-06-13T18:00:00+00:00,3930,True,ELIGIBLE
V_SELECT,2026-06-13T19:00:00+00:00,3931,True,ELIGIBLE
V_SELECT,2026-06-13T20:00:00+00:00,3932,True,ELIGIBLE
V_SELECT,2026-06-13T21:00:00+00:00,3933,True,ELIGIBLE
V_SELECT,2026-06-13T22:00:00+00:00,3934,True,ELIGIBLE
V_SELECT,2026-06-13T23:00:00+00:00,3935,True,ELIGIBLE
V_SELECT,2026-06-14T00:00:00+00:00,3936,True,ELIGIBLE
V_SELECT,2026-06-14T01:00:00+00:00,3937,True,ELIGIBLE
V_SELECT,2026-06-14T02:00:00+00:00,3938,True,ELIGIBLE
V_SELECT,2026-06-14T03:00:00+00:00,3939,True,ELIGIBLE
V_SELECT,2026-06-14T04:00:00+00:00,3940,True,ELIGIBLE
V_SELECT,2026-06-14T05:00:00+00:00,3941,True,ELIGIBLE
V_SELECT,2026-06-14T06:00:00+00:00,3942,True,ELIGIBLE
V_SELECT,2026-06-14T07:00:00+00:00,3943,True,ELIGIBLE
V_SELECT,2026-06-14T08:00:00+00:00,3944,True,ELIGIBLE
V_SELECT,2026-06-14T09:00:00+00:00,3945,True,ELIGIBLE
V_SELECT,2026-06-14T10:00:00+00:00,3946,True,ELIGIBLE
V_SELECT,2026-06-14T11:00:00+00:00,3947,True,ELIGIBLE
V_SELECT,2026-06-14T12:00:00+00:00,3948,True,ELIGIBLE
V_SELECT,2026-06-14T13:00:00+00:00,3949,True,ELIGIBLE
V_SELECT,2026-06-14T14:00:00+00:00,3950,True,ELIGIBLE
V_SELECT,2026-06-14T15:00:00+00:00,3951,True,ELIGIBLE
V_SELECT,2026-06-14T16:00:00+00:00,3952,True,ELIGIBLE
V_SELECT,2026-06-14T17:00:00+00:00,3953,True,ELIGIBLE
V_SELECT,2026-06-14T18:00:00+00:00,3954,True,ELIGIBLE
V_SELECT,2026-06-14T19:00:00+00:00,3955,True,ELIGIBLE
V_SELECT,2026-06-14T20:00:00+00:00,3956,True,ELIGIBLE
V_SELECT,2026-06-14T21:00:00+00:00,3957,True,ELIGIBLE
V_SELECT,2026-06-14T22:00:00+00:00,3958,True,ELIGIBLE
V_SELECT,2026-06-14T23:00:00+00:00,3959,True,ELIGIBLE
V_SELECT,2026-06-15T00:00:00+00:00,3960,True,ELIGIBLE
V_SELECT,2026-06-15T01:00:00+00:00,3961,True,ELIGIBLE
V_SELECT,2026-06-15T02:00:00+00:00,3962,True,ELIGIBLE
V_SELECT,2026-06-15T03:00:00+00:00,3963,True,ELIGIBLE
V_SELECT,2026-06-15T04:00:00+00:00,3964,True,ELIGIBLE
V_SELECT,2026-06-15T05:00:00+00:00,3965,True,ELIGIBLE
V_SELECT,2026-06-15T06:00:00+00:00,3966,True,ELIGIBLE
V_SELECT,2026-06-15T07:00:00+00:00,3967,True,ELIGIBLE
V_SELECT,2026-06-15T08:00:00+00:00,3968,True,ELIGIBLE
V_SELECT,2026-06-15T09:00:00+00:00,3969,True,ELIGIBLE
V_SELECT,2026-06-15T10:00:00+00:00,3970,True,ELIGIBLE
V_SELECT,2026-06-15T11:00:00+00:00,3971,True,ELIGIBLE
V_SELECT,2026-06-15T12:00:00+00:00,3972,True,ELIGIBLE
V_SELECT,2026-06-15T13:00:00+00:00,3973,True,ELIGIBLE
V_SELECT,2026-06-15T14:00:00+00:00,3974,True,ELIGIBLE
V_SELECT,2026-06-15T15:00:00+00:00,3975,True,ELIGIBLE
V_SELECT,2026-06-15T16:00:00+00:00,3976,True,ELIGIBLE
V_SELECT,2026-06-15T17:00:00+00:00,3977,True,ELIGIBLE
V_SELECT,2026-06-15T18:00:00+00:00,3978,True,ELIGIBLE
V_SELECT,2026-06-15T19:00:00+00:00,3979,True,ELIGIBLE
V_SELECT,2026-06-15T20:00:00+00:00,3980,True,ELIGIBLE
V_SELECT,2026-06-15T21:00:00+00:00,3981,True,ELIGIBLE
V_SELECT,2026-06-15T22:00:00+00:00,3982,True,ELIGIBLE
V_SELECT,2026-06-15T23:00:00+00:00,3983,True,ELIGIBLE
V_SELECT,2026-06-16T00:00:00+00:00,3984,True,ELIGIBLE
V_SELECT,2026-06-16T01:00:00+00:00,3985,True,ELIGIBLE
V_SELECT,2026-06-16T02:00:00+00:00,3986,True,ELIGIBLE
V_SELECT,2026-06-16T03:00:00+00:00,3987,True,ELIGIBLE
V_SELECT,2026-06-16T04:00:00+00:00,3988,True,ELIGIBLE
V_SELECT,2026-06-16T05:00:00+00:00,3989,True,ELIGIBLE
V_SELECT,2026-06-16T06:00:00+00:00,3990,True,ELIGIBLE
V_SELECT,2026-06-16T07:00:00+00:00,3991,True,ELIGIBLE
V_SELECT,2026-06-16T08:00:00+00:00,3992,True,ELIGIBLE
V_SELECT,2026-06-16T09:00:00+00:00,3993,True,ELIGIBLE
V_SELECT,2026-06-16T10:00:00+00:00,3994,True,ELIGIBLE
V_SELECT,2026-06-16T11:00:00+00:00,3995,True,ELIGIBLE
V_SELECT,2026-06-16T12:00:00+00:00,3996,True,ELIGIBLE
V_SELECT,2026-06-16T13:00:00+00:00,3997,True,ELIGIBLE
V_SELECT,2026-06-16T14:00:00+00:00,3998,True,ELIGIBLE
V_SELECT,2026-06-16T15:00:00+00:00,3999,True,ELIGIBLE
V_SELECT,2026-06-16T16:00:00+00:00,4000,True,ELIGIBLE
V_SELECT,2026-06-16T17:00:00+00:00,4001,True,ELIGIBLE
V_SELECT,2026-06-16T18:00:00+00:00,4002,True,ELIGIBLE
V_SELECT,2026-06-16T19:00:00+00:00,4003,True,ELIGIBLE
V_SELECT,2026-06-16T20:00:00+00:00,4004,True,ELIGIBLE
V_SELECT,2026-06-16T21:00:00+00:00,4005,True,ELIGIBLE
V_SELECT,2026-06-16T22:00:00+00:00,4006,True,ELIGIBLE
V_SELECT,2026-06-16T23:00:00+00:00,4007,True,ELIGIBLE
V_SELECT,2026-06-17T00:00:00+00:00,4008,True,ELIGIBLE
V_SELECT,2026-06-17T01:00:00+00:00,4009,True,ELIGIBLE
V_SELECT,2026-06-17T02:00:00+00:00,4010,True,ELIGIBLE
V_SELECT,2026-06-17T03:00:00+00:00,4011,True,ELIGIBLE
V_SELECT,2026-06-17T04:00:00+00:00,4012,True,ELIGIBLE
V_SELECT,2026-06-17T05:00:00+00:00,4013,True,ELIGIBLE
V_SELECT,2026-06-17T06:00:00+00:00,4014,True,ELIGIBLE
V_SELECT,2026-06-17T07:00:00+00:00,4015,True,ELIGIBLE
V_SELECT,2026-06-17T08:00:00+00:00,4016,True,ELIGIBLE
V_SELECT,2026-06-17T09:00:00+00:00,4017,True,ELIGIBLE
V_SELECT,2026-06-17T10:00:00+00:00,4018,True,ELIGIBLE
V_SELECT,2026-06-17T11:00:00+00:00,4019,True,ELIGIBLE
V_SELECT,2026-06-17T12:00:00+00:00,4020,True,ELIGIBLE
V_SELECT,2026-06-17T13:00:00+00:00,4021,True,ELIGIBLE
V_SELECT,2026-06-17T14:00:00+00:00,4022,True,ELIGIBLE
V_SELECT,2026-06-17T15:00:00+00:00,4023,True,ELIGIBLE
V_SELECT,2026-06-17T16:00:00+00:00,4024,True,ELIGIBLE
V_SELECT,2026-06-17T17:00:00+00:00,4025,True,ELIGIBLE
V_SELECT,2026-06-17T18:00:00+00:00,4026,True,ELIGIBLE
V_SELECT,2026-06-17T19:00:00+00:00,4027,True,ELIGIBLE
V_SELECT,2026-06-17T20:00:00+00:00,4028,True,ELIGIBLE
V_SELECT,2026-06-17T21:00:00+00:00,4029,True,ELIGIBLE
V_SELECT,2026-06-17T22:00:00+00:00,4030,True,ELIGIBLE
V_SELECT,2026-06-17T23:00:00+00:00,4031,True,ELIGIBLE
V_SELECT,2026-06-18T00:00:00+00:00,4032,True,ELIGIBLE
V_SELECT,2026-06-18T01:00:00+00:00,4033,True,ELIGIBLE
V_SELECT,2026-06-18T02:00:00+00:00,4034,True,ELIGIBLE
V_SELECT,2026-06-18T03:00:00+00:00,4035,True,ELIGIBLE
V_SELECT,2026-06-18T04:00:00+00:00,4036,True,ELIGIBLE
V_SELECT,2026-06-18T05:00:00+00:00,4037,True,ELIGIBLE
V_SELECT,2026-06-18T06:00:00+00:00,4038,True,ELIGIBLE
V_SELECT,2026-06-18T07:00:00+00:00,4039,True,ELIGIBLE
V_SELECT,2026-06-18T08:00:00+00:00,4040,True,ELIGIBLE
V_SELECT,2026-06-18T09:00:00+00:00,4041,True,ELIGIBLE
V_SELECT,2026-06-18T10:00:00+00:00,4042,True,ELIGIBLE
V_SELECT,2026-06-18T11:00:00+00:00,4043,True,ELIGIBLE
V_SELECT,2026-06-18T12:00:00+00:00,4044,True,ELIGIBLE
V_SELECT,2026-06-18T13:00:00+00:00,4045,True,ELIGIBLE
V_SELECT,2026-06-18T14:00:00+00:00,4046,True,ELIGIBLE
V_SELECT,2026-06-18T15:00:00+00:00,4047,True,ELIGIBLE
V_SELECT,2026-06-18T16:00:00+00:00,4048,True,ELIGIBLE
V_SELECT,2026-06-18T17:00:00+00:00,4049,True,ELIGIBLE
V_SELECT,2026-06-18T18:00:00+00:00,4050,True,ELIGIBLE
V_SELECT,2026-06-18T19:00:00+00:00,4051,True,ELIGIBLE
V_SELECT,2026-06-18T20:00:00+00:00,4052,True,ELIGIBLE
V_SELECT,2026-06-18T21:00:00+00:00,4053,True,ELIGIBLE
V_SELECT,2026-06-18T22:00:00+00:00,4054,True,ELIGIBLE
V_SELECT,2026-06-18T23:00:00+00:00,4055,True,ELIGIBLE
V_SELECT,2026-06-19T00:00:00+00:00,4056,True,ELIGIBLE
V_SELECT,2026-06-19T01:00:00+00:00,4057,True,ELIGIBLE
V_SELECT,2026-06-19T02:00:00+00:00,4058,True,ELIGIBLE
V_SELECT,2026-06-19T03:00:00+00:00,4059,True,ELIGIBLE
V_SELECT,2026-06-19T04:00:00+00:00,4060,True,ELIGIBLE
V_SELECT,2026-06-19T05:00:00+00:00,4061,True,ELIGIBLE
V_SELECT,2026-06-19T06:00:00+00:00,4062,True,ELIGIBLE
V_SELECT,2026-06-19T07:00:00+00:00,4063,True,ELIGIBLE
V_SELECT,2026-06-19T08:00:00+00:00,4064,True,ELIGIBLE
V_SELECT,2026-06-19T09:00:00+00:00,4065,True,ELIGIBLE
V_SELECT,2026-06-19T10:00:00+00:00,4066,True,ELIGIBLE
V_SELECT,2026-06-19T11:00:00+00:00,4067,True,ELIGIBLE
V_SELECT,2026-06-19T12:00:00+00:00,4068,True,ELIGIBLE
V_SELECT,2026-06-19T13:00:00+00:00,4069,True,ELIGIBLE
V_SELECT,2026-06-19T14:00:00+00:00,4070,True,ELIGIBLE
V_SELECT,2026-06-19T15:00:00+00:00,4071,True,ELIGIBLE
V_SELECT,2026-06-19T16:00:00+00:00,4072,True,ELIGIBLE
V_SELECT,2026-06-19T17:00:00+00:00,4073,True,ELIGIBLE
V_SELECT,2026-06-19T18:00:00+00:00,4074,True,ELIGIBLE
V_SELECT,2026-06-19T19:00:00+00:00,4075,True,ELIGIBLE
V_SELECT,2026-06-19T20:00:00+00:00,4076,True,ELIGIBLE
V_SELECT,2026-06-19T21:00:00+00:00,4077,True,ELIGIBLE
V_SELECT,2026-06-19T22:00:00+00:00,4078,True,ELIGIBLE
V_SELECT,2026-06-19T23:00:00+00:00,4079,True,ELIGIBLE
V_SELECT,2026-06-20T00:00:00+00:00,4080,True,ELIGIBLE
V_SELECT,2026-06-20T01:00:00+00:00,4081,True,ELIGIBLE
V_SELECT,2026-06-20T02:00:00+00:00,4082,True,ELIGIBLE
V_SELECT,2026-06-20T03:00:00+00:00,4083,True,ELIGIBLE
V_SELECT,2026-06-20T04:00:00+00:00,4084,True,ELIGIBLE
V_SELECT,2026-06-20T05:00:00+00:00,4085,True,ELIGIBLE
V_SELECT,2026-06-20T06:00:00+00:00,4086,True,ELIGIBLE
V_SELECT,2026-06-20T07:00:00+00:00,4087,True,ELIGIBLE
V_SELECT,2026-06-20T08:00:00+00:00,4088,True,ELIGIBLE
V_SELECT,2026-06-20T09:00:00+00:00,4089,True,ELIGIBLE
V_SELECT,2026-06-20T10:00:00+00:00,4090,True,ELIGIBLE
V_SELECT,2026-06-20T11:00:00+00:00,4091,True,ELIGIBLE
V_SELECT,2026-06-20T12:00:00+00:00,4092,True,ELIGIBLE
V_SELECT,2026-06-20T13:00:00+00:00,4093,True,ELIGIBLE
V_SELECT,2026-06-20T14:00:00+00:00,4094,True,ELIGIBLE
V_SELECT,2026-06-20T15:00:00+00:00,4095,True,ELIGIBLE
V_SELECT,2026-06-20T16:00:00+00:00,4096,True,ELIGIBLE
V_SELECT,2026-06-20T17:00:00+00:00,4097,True,ELIGIBLE
V_SELECT,2026-06-20T18:00:00+00:00,4098,True,ELIGIBLE
V_SELECT,2026-06-20T19:00:00+00:00,4099,True,ELIGIBLE
V_SELECT,2026-06-20T20:00:00+00:00,4100,True,ELIGIBLE
V_SELECT,2026-06-20T21:00:00+00:00,4101,True,ELIGIBLE
V_SELECT,2026-06-20T22:00:00+00:00,4102,True,ELIGIBLE
V_SELECT,2026-06-20T23:00:00+00:00,4103,True,ELIGIBLE
V_SELECT,2026-06-21T00:00:00+00:00,4104,True,ELIGIBLE
V_SELECT,2026-06-21T01:00:00+00:00,4105,True,ELIGIBLE
V_SELECT,2026-06-21T02:00:00+00:00,4106,True,ELIGIBLE
V_SELECT,2026-06-21T03:00:00+00:00,4107,True,ELIGIBLE
V_SELECT,2026-06-21T04:00:00+00:00,4108,True,ELIGIBLE
V_SELECT,2026-06-21T05:00:00+00:00,4109,True,ELIGIBLE
V_SELECT,2026-06-21T06:00:00+00:00,4110,True,ELIGIBLE
V_SELECT,2026-06-21T07:00:00+00:00,4111,True,ELIGIBLE
V_SELECT,2026-06-21T08:00:00+00:00,4112,True,ELIGIBLE
V_SELECT,2026-06-21T09:00:00+00:00,4113,True,ELIGIBLE
V_SELECT,2026-06-21T10:00:00+00:00,4114,True,ELIGIBLE
V_SELECT,2026-06-21T11:00:00+00:00,4115,True,ELIGIBLE
V_SELECT,2026-06-21T12:00:00+00:00,4116,True,ELIGIBLE
V_SELECT,2026-06-21T13:00:00+00:00,4117,True,ELIGIBLE
V_SELECT,2026-06-21T14:00:00+00:00,4118,True,ELIGIBLE
V_SELECT,2026-06-21T15:00:00+00:00,4119,True,ELIGIBLE
V_SELECT,2026-06-21T16:00:00+00:00,4120,True,ELIGIBLE
V_SELECT,2026-06-21T17:00:00+00:00,4121,True,ELIGIBLE
V_SELECT,2026-06-21T18:00:00+00:00,4122,True,ELIGIBLE
V_SELECT,2026-06-21T19:00:00+00:00,4123,True,ELIGIBLE
V_SELECT,2026-06-21T20:00:00+00:00,4124,True,ELIGIBLE
V_SELECT,2026-06-21T21:00:00+00:00,4125,True,ELIGIBLE
V_SELECT,2026-06-21T22:00:00+00:00,4126,True,ELIGIBLE
V_SELECT,2026-06-21T23:00:00+00:00,4127,True,ELIGIBLE
V_SELECT,2026-06-22T00:00:00+00:00,4128,True,ELIGIBLE
V_SELECT,2026-06-22T01:00:00+00:00,4129,True,ELIGIBLE
V_SELECT,2026-06-22T02:00:00+00:00,4130,True,ELIGIBLE
V_SELECT,2026-06-22T03:00:00+00:00,4131,True,ELIGIBLE
V_SELECT,2026-06-22T04:00:00+00:00,4132,True,ELIGIBLE
V_SELECT,2026-06-22T05:00:00+00:00,4133,True,ELIGIBLE
V_SELECT,2026-06-22T06:00:00+00:00,4134,True,ELIGIBLE
V_SELECT,2026-06-22T07:00:00+00:00,4135,True,ELIGIBLE
V_SELECT,2026-06-22T08:00:00+00:00,4136,True,ELIGIBLE
V_SELECT,2026-06-22T09:00:00+00:00,4137,True,ELIGIBLE
V_SELECT,2026-06-22T10:00:00+00:00,4138,True,ELIGIBLE
V_SELECT,2026-06-22T11:00:00+00:00,4139,True,ELIGIBLE
V_SELECT,2026-06-22T12:00:00+00:00,4140,True,ELIGIBLE
V_SELECT,2026-06-22T13:00:00+00:00,4141,True,ELIGIBLE
V_SELECT,2026-06-22T14:00:00+00:00,4142,True,ELIGIBLE
V_SELECT,2026-06-22T15:00:00+00:00,4143,True,ELIGIBLE
V_SELECT,2026-06-22T16:00:00+00:00,4144,True,ELIGIBLE
V_SELECT,2026-06-22T17:00:00+00:00,4145,True,ELIGIBLE
V_SELECT,2026-06-22T18:00:00+00:00,4146,True,ELIGIBLE
V_SELECT,2026-06-22T19:00:00+00:00,4147,True,ELIGIBLE
V_SELECT,2026-06-22T20:00:00+00:00,4148,True,ELIGIBLE
V_SELECT,2026-06-22T21:00:00+00:00,4149,True,ELIGIBLE
V_SELECT,2026-06-22T22:00:00+00:00,4150,True,ELIGIBLE
V_SELECT,2026-06-22T23:00:00+00:00,4151,True,ELIGIBLE
V_SELECT,2026-06-23T00:00:00+00:00,4152,True,ELIGIBLE
V_SELECT,2026-06-23T01:00:00+00:00,4153,True,ELIGIBLE
V_SELECT,2026-06-23T02:00:00+00:00,4154,True,ELIGIBLE
V_SELECT,2026-06-23T03:00:00+00:00,4155,True,ELIGIBLE
V_SELECT,2026-06-23T04:00:00+00:00,4156,True,ELIGIBLE
V_SELECT,2026-06-23T05:00:00+00:00,4157,True,ELIGIBLE
V_SELECT,2026-06-23T06:00:00+00:00,4158,True,ELIGIBLE
V_SELECT,2026-06-23T07:00:00+00:00,4159,True,ELIGIBLE
V_SELECT,2026-06-23T08:00:00+00:00,4160,True,ELIGIBLE
V_SELECT,2026-06-23T09:00:00+00:00,4161,True,ELIGIBLE
V_SELECT,2026-06-23T10:00:00+00:00,4162,True,ELIGIBLE
V_SELECT,2026-06-23T11:00:00+00:00,4163,True,ELIGIBLE
V_SELECT,2026-06-23T12:00:00+00:00,4164,True,ELIGIBLE
V_SELECT,2026-06-23T13:00:00+00:00,4165,True,ELIGIBLE
V_SELECT,2026-06-23T14:00:00+00:00,4166,True,ELIGIBLE
V_SELECT,2026-06-23T15:00:00+00:00,4167,True,ELIGIBLE
V_SELECT,2026-06-23T16:00:00+00:00,4168,True,ELIGIBLE
V_SELECT,2026-06-23T17:00:00+00:00,4169,True,ELIGIBLE
V_SELECT,2026-06-23T18:00:00+00:00,4170,True,ELIGIBLE
V_SELECT,2026-06-23T19:00:00+00:00,4171,True,ELIGIBLE
V_SELECT,2026-06-23T20:00:00+00:00,4172,True,ELIGIBLE
V_SELECT,2026-06-23T21:00:00+00:00,4173,True,ELIGIBLE
V_SELECT,2026-06-23T22:00:00+00:00,4174,True,ELIGIBLE
V_SELECT,2026-06-23T23:00:00+00:00,4175,True,ELIGIBLE
V_SELECT,2026-06-24T00:00:00+00:00,4176,True,ELIGIBLE
V_SELECT,2026-06-24T01:00:00+00:00,4177,True,ELIGIBLE
V_SELECT,2026-06-24T02:00:00+00:00,4178,True,ELIGIBLE
V_SELECT,2026-06-24T03:00:00+00:00,4179,True,ELIGIBLE
V_SELECT,2026-06-24T04:00:00+00:00,4180,True,ELIGIBLE
V_SELECT,2026-06-24T05:00:00+00:00,4181,True,ELIGIBLE
V_SELECT,2026-06-24T06:00:00+00:00,4182,True,ELIGIBLE
V_SELECT,2026-06-24T07:00:00+00:00,4183,True,ELIGIBLE
V_SELECT,2026-06-24T08:00:00+00:00,4184,True,ELIGIBLE
V_SELECT,2026-06-24T09:00:00+00:00,4185,True,ELIGIBLE
V_SELECT,2026-06-24T10:00:00+00:00,4186,True,ELIGIBLE
V_SELECT,2026-06-24T11:00:00+00:00,4187,True,ELIGIBLE
V_SELECT,2026-06-24T12:00:00+00:00,4188,True,ELIGIBLE
V_SELECT,2026-06-24T13:00:00+00:00,4189,True,ELIGIBLE
V_SELECT,2026-06-24T14:00:00+00:00,4190,True,ELIGIBLE
V_SELECT,2026-06-24T15:00:00+00:00,4191,True,ELIGIBLE
V_SELECT,2026-06-24T16:00:00+00:00,4192,True,ELIGIBLE
V_SELECT,2026-06-24T17:00:00+00:00,4193,True,ELIGIBLE
V_SELECT,2026-06-24T18:00:00+00:00,4194,True,ELIGIBLE
V_SELECT,2026-06-24T19:00:00+00:00,4195,True,ELIGIBLE
V_SELECT,2026-06-24T20:00:00+00:00,4196,True,ELIGIBLE
V_SELECT,2026-06-24T21:00:00+00:00,4197,True,ELIGIBLE
V_SELECT,2026-06-24T22:00:00+00:00,4198,True,ELIGIBLE
V_SELECT,2026-06-24T23:00:00+00:00,4199,True,ELIGIBLE
V_SELECT,2026-06-25T00:00:00+00:00,4200,True,ELIGIBLE
V_SELECT,2026-06-25T01:00:00+00:00,4201,True,ELIGIBLE
V_SELECT,2026-06-25T02:00:00+00:00,4202,True,ELIGIBLE
V_SELECT,2026-06-25T03:00:00+00:00,4203,True,ELIGIBLE
V_SELECT,2026-06-25T04:00:00+00:00,4204,True,ELIGIBLE
V_SELECT,2026-06-25T05:00:00+00:00,4205,True,ELIGIBLE
V_SELECT,2026-06-25T06:00:00+00:00,4206,True,ELIGIBLE
V_SELECT,2026-06-25T07:00:00+00:00,4207,True,ELIGIBLE
V_SELECT,2026-06-25T08:00:00+00:00,4208,True,ELIGIBLE
V_SELECT,2026-06-25T09:00:00+00:00,4209,True,ELIGIBLE
V_SELECT,2026-06-25T10:00:00+00:00,4210,True,ELIGIBLE
V_SELECT,2026-06-25T11:00:00+00:00,4211,True,ELIGIBLE
V_SELECT,2026-06-25T12:00:00+00:00,4212,True,ELIGIBLE
V_SELECT,2026-06-25T13:00:00+00:00,4213,True,ELIGIBLE
V_SELECT,2026-06-25T14:00:00+00:00,4214,True,ELIGIBLE
V_SELECT,2026-06-25T15:00:00+00:00,4215,True,ELIGIBLE
V_SELECT,2026-06-25T16:00:00+00:00,4216,True,ELIGIBLE
V_SELECT,2026-06-25T17:00:00+00:00,4217,True,ELIGIBLE
V_SELECT,2026-06-25T18:00:00+00:00,4218,True,ELIGIBLE
V_SELECT,2026-06-25T19:00:00+00:00,4219,True,ELIGIBLE
V_SELECT,2026-06-25T20:00:00+00:00,4220,True,ELIGIBLE
V_SELECT,2026-06-25T21:00:00+00:00,4221,True,ELIGIBLE
V_SELECT,2026-06-25T22:00:00+00:00,4222,True,ELIGIBLE
V_SELECT,2026-06-25T23:00:00+00:00,4223,True,ELIGIBLE
V_SELECT,2026-06-26T00:00:00+00:00,4224,True,ELIGIBLE
V_SELECT,2026-06-26T01:00:00+00:00,4225,True,ELIGIBLE
V_SELECT,2026-06-26T02:00:00+00:00,4226,True,ELIGIBLE
V_SELECT,2026-06-26T03:00:00+00:00,4227,True,ELIGIBLE
V_SELECT,2026-06-26T04:00:00+00:00,4228,True,ELIGIBLE
V_SELECT,2026-06-26T05:00:00+00:00,4229,True,ELIGIBLE
V_SELECT,2026-06-26T06:00:00+00:00,4230,True,ELIGIBLE
V_SELECT,2026-06-26T07:00:00+00:00,4231,True,ELIGIBLE
V_SELECT,2026-06-26T08:00:00+00:00,4232,True,ELIGIBLE
V_SELECT,2026-06-26T09:00:00+00:00,4233,True,ELIGIBLE
V_SELECT,2026-06-26T10:00:00+00:00,4234,True,ELIGIBLE
V_SELECT,2026-06-26T11:00:00+00:00,4235,True,ELIGIBLE
V_SELECT,2026-06-26T12:00:00+00:00,4236,True,ELIGIBLE
V_SELECT,2026-06-26T13:00:00+00:00,4237,True,ELIGIBLE
V_SELECT,2026-06-26T14:00:00+00:00,4238,True,ELIGIBLE
V_SELECT,2026-06-26T15:00:00+00:00,4239,True,ELIGIBLE
V_SELECT,2026-06-26T16:00:00+00:00,4240,True,ELIGIBLE
V_SELECT,2026-06-26T17:00:00+00:00,4241,True,ELIGIBLE
V_SELECT,2026-06-26T18:00:00+00:00,4242,True,ELIGIBLE
V_SELECT,2026-06-26T19:00:00+00:00,4243,True,ELIGIBLE
V_SELECT,2026-06-26T20:00:00+00:00,4244,True,ELIGIBLE
V_SELECT,2026-06-26T21:00:00+00:00,4245,True,ELIGIBLE
V_SELECT,2026-06-26T22:00:00+00:00,4246,True,ELIGIBLE
V_SELECT,2026-06-26T23:00:00+00:00,4247,True,ELIGIBLE
V_SELECT,2026-06-27T00:00:00+00:00,4248,True,ELIGIBLE
V_SELECT,2026-06-27T01:00:00+00:00,4249,True,ELIGIBLE
V_SELECT,2026-06-27T02:00:00+00:00,4250,True,ELIGIBLE
V_SELECT,2026-06-27T03:00:00+00:00,4251,True,ELIGIBLE
V_SELECT,2026-06-27T04:00:00+00:00,4252,True,ELIGIBLE
V_SELECT,2026-06-27T05:00:00+00:00,4253,True,ELIGIBLE
V_SELECT,2026-06-27T06:00:00+00:00,4254,True,ELIGIBLE
V_SELECT,2026-06-27T07:00:00+00:00,4255,True,ELIGIBLE
V_SELECT,2026-06-27T08:00:00+00:00,4256,True,ELIGIBLE
V_SELECT,2026-06-27T09:00:00+00:00,4257,True,ELIGIBLE
V_SELECT,2026-06-27T10:00:00+00:00,4258,True,ELIGIBLE
V_SELECT,2026-06-27T11:00:00+00:00,4259,True,ELIGIBLE
V_SELECT,2026-06-27T12:00:00+00:00,4260,True,ELIGIBLE
V_SELECT,2026-06-27T13:00:00+00:00,4261,True,ELIGIBLE
V_SELECT,2026-06-27T14:00:00+00:00,4262,True,ELIGIBLE
V_SELECT,2026-06-27T15:00:00+00:00,4263,True,ELIGIBLE
V_SELECT,2026-06-27T16:00:00+00:00,4264,True,ELIGIBLE
V_SELECT,2026-06-27T17:00:00+00:00,4265,True,ELIGIBLE
V_SELECT,2026-06-27T18:00:00+00:00,4266,True,ELIGIBLE
V_SELECT,2026-06-27T19:00:00+00:00,4267,True,ELIGIBLE
V_SELECT,2026-06-27T20:00:00+00:00,4268,True,ELIGIBLE
V_SELECT,2026-06-27T21:00:00+00:00,4269,True,ELIGIBLE
V_SELECT,2026-06-27T22:00:00+00:00,4270,True,ELIGIBLE
V_SELECT,2026-06-27T23:00:00+00:00,4271,True,ELIGIBLE
V_SELECT,2026-06-28T00:00:00+00:00,4272,True,ELIGIBLE
V_SELECT,2026-06-28T01:00:00+00:00,4273,True,ELIGIBLE
V_SELECT,2026-06-28T02:00:00+00:00,4274,True,ELIGIBLE
V_SELECT,2026-06-28T03:00:00+00:00,4275,True,ELIGIBLE
V_SELECT,2026-06-28T04:00:00+00:00,4276,True,ELIGIBLE
V_SELECT,2026-06-28T05:00:00+00:00,4277,True,ELIGIBLE
V_SELECT,2026-06-28T06:00:00+00:00,4278,True,ELIGIBLE
V_SELECT,2026-06-28T07:00:00+00:00,4279,True,ELIGIBLE
V_SELECT,2026-06-28T08:00:00+00:00,4280,True,ELIGIBLE
V_SELECT,2026-06-28T09:00:00+00:00,4281,False,TARGET_OUTSIDE_SPLIT
V_SELECT,2026-06-28T10:00:00+00:00,4282,False,TARGET_OUTSIDE_SPLIT
V_SELECT,2026-06-28T11:00:00+00:00,4283,False,TARGET_OUTSIDE_SPLIT
V_SELECT,2026-06-28T12:00:00+00:00,4284,False,TARGET_OUTSIDE_SPLIT
V_SELECT,2026-06-28T13:00:00+00:00,4285,False,TARGET_OUTSIDE_SPLIT
V_SELECT,2026-06-28T14:00:00+00:00,4286,False,TARGET_OUTSIDE_SPLIT
V_SELECT,2026-06-28T15:00:00+00:00,4287,False,TARGET_OUTSIDE_SPLIT
V_SELECT,2026-06-28T16:00:00+00:00,4288,False,TARGET_OUTSIDE_SPLIT
V_SELECT,2026-06-28T17:00:00+00:00,4289,False,TARGET_OUTSIDE_SPLIT
V_SELECT,2026-06-28T18:00:00+00:00,4290,False,TARGET_OUTSIDE_SPLIT
V_SELECT,2026-06-28T19:00:00+00:00,4291,False,TARGET_OUTSIDE_SPLIT
V_SELECT,2026-06-28T20:00:00+00:00,4292,False,TARGET_OUTSIDE_SPLIT
V_SELECT,2026-06-28T21:00:00+00:00,4293,False,TARGET_OUTSIDE_SPLIT
V_SELECT,2026-06-28T22:00:00+00:00,4294,False,TARGET_OUTSIDE_SPLIT
V_SELECT,2026-06-28T23:00:00+00:00,4295,False,TARGET_OUTSIDE_SPLIT
V_SELECT,2026-06-29T00:00:00+00:00,4296,False,TARGET_OUTSIDE_SPLIT
V_SELECT,2026-06-29T01:00:00+00:00,4297,False,TARGET_OUTSIDE_SPLIT
V_SELECT,2026-06-29T02:00:00+00:00,4298,False,TARGET_OUTSIDE_SPLIT
V_SELECT,2026-06-29T03:00:00+00:00,4299,False,TARGET_OUTSIDE_SPLIT
V_SELECT,2026-06-29T04:00:00+00:00,4300,False,TARGET_OUTSIDE_SPLIT
V_SELECT,2026-06-29T05:00:00+00:00,4301,False,TARGET_OUTSIDE_SPLIT
V_SELECT,2026-06-29T06:00:00+00:00,4302,False,TARGET_OUTSIDE_SPLIT
V_SELECT,2026-06-29T07:00:00+00:00,4303,False,TARGET_OUTSIDE_SPLIT
V_SELECT,2026-06-29T08:00:00+00:00,4304,False,TARGET_OUTSIDE_SPLIT
V_SELECT,2026-06-29T09:00:00+00:00,4305,False,TARGET_OUTSIDE_SPLIT
V_SELECT,2026-06-29T10:00:00+00:00,4306,False,TARGET_OUTSIDE_SPLIT
V_SELECT,2026-06-29T11:00:00+00:00,4307,False,TARGET_OUTSIDE_SPLIT
V_SELECT,2026-06-29T12:00:00+00:00,4308,False,TARGET_OUTSIDE_SPLIT
V_SELECT,2026-06-29T13:00:00+00:00,4309,False,TARGET_OUTSIDE_SPLIT
V_SELECT,2026-06-29T14:00:00+00:00,4310,False,TARGET_OUTSIDE_SPLIT
V_SELECT,2026-06-29T15:00:00+00:00,4311,False,TARGET_OUTSIDE_SPLIT
V_SELECT,2026-06-29T16:00:00+00:00,4312,False,TARGET_OUTSIDE_SPLIT
V_SELECT,2026-06-29T17:00:00+00:00,4313,False,TARGET_OUTSIDE_SPLIT
V_SELECT,2026-06-29T18:00:00+00:00,4314,False,TARGET_OUTSIDE_SPLIT
V_SELECT,2026-06-29T19:00:00+00:00,4315,False,TARGET_OUTSIDE_SPLIT
V_SELECT,2026-06-29T20:00:00+00:00,4316,False,TARGET_OUTSIDE_SPLIT
V_SELECT,2026-06-29T21:00:00+00:00,4317,False,TARGET_OUTSIDE_SPLIT
V_SELECT,2026-06-29T22:00:00+00:00,4318,False,TARGET_OUTSIDE_SPLIT
V_SELECT,2026-06-29T23:00:00+00:00,4319,False,TARGET_OUTSIDE_SPLIT
V_SELECT,2026-06-30T00:00:00+00:00,4320,False,TARGET_OUTSIDE_SPLIT
V_SELECT,2026-06-30T01:00:00+00:00,4321,False,TARGET_OUTSIDE_SPLIT
V_SELECT,2026-06-30T02:00:00+00:00,4322,False,TARGET_OUTSIDE_SPLIT
V_SELECT,2026-06-30T03:00:00+00:00,4323,False,TARGET_OUTSIDE_SPLIT
V_SELECT,2026-06-30T04:00:00+00:00,4324,False,TARGET_OUTSIDE_SPLIT
V_SELECT,2026-06-30T05:00:00+00:00,4325,False,TARGET_OUTSIDE_SPLIT
V_SELECT,2026-06-30T06:00:00+00:00,4326,False,TARGET_OUTSIDE_SPLIT
V_SELECT,2026-06-30T07:00:00+00:00,4327,False,TARGET_OUTSIDE_SPLIT
V_SELECT,2026-06-30T08:00:00+00:00,4328,False,TARGET_OUTSIDE_SPLIT
V_SELECT,2026-06-30T09:00:00+00:00,4329,False,TARGET_OUTSIDE_SPLIT
V_SELECT,2026-06-30T10:00:00+00:00,4330,False,TARGET_OUTSIDE_SPLIT
V_SELECT,2026-06-30T11:00:00+00:00,4331,False,TARGET_OUTSIDE_SPLIT
V_SELECT,2026-06-30T12:00:00+00:00,4332,False,TARGET_OUTSIDE_SPLIT
V_SELECT,2026-06-30T13:00:00+00:00,4333,False,TARGET_OUTSIDE_SPLIT
V_SELECT,2026-06-30T14:00:00+00:00,4334,False,TARGET_OUTSIDE_SPLIT
V_SELECT,2026-06-30T15:00:00+00:00,4335,False,TARGET_OUTSIDE_SPLIT
V_SELECT,2026-06-30T16:00:00+00:00,4336,False,TARGET_OUTSIDE_SPLIT
V_SELECT,2026-06-30T17:00:00+00:00,4337,False,TARGET_OUTSIDE_SPLIT
V_SELECT,2026-06-30T18:00:00+00:00,4338,False,TARGET_OUTSIDE_SPLIT
V_SELECT,2026-06-30T19:00:00+00:00,4339,False,TARGET_OUTSIDE_SPLIT
V_SELECT,2026-06-30T20:00:00+00:00,4340,False,TARGET_OUTSIDE_SPLIT
V_SELECT,2026-06-30T21:00:00+00:00,4341,False,TARGET_OUTSIDE_SPLIT
V_SELECT,2026-06-30T22:00:00+00:00,4342,False,TARGET_OUTSIDE_SPLIT
V_SELECT,2026-06-30T23:00:00+00:00,4343,False,TARGET_OUTSIDE_SPLIT
E_CONFIRM,2026-07-01T00:00:00+00:00,4344,True,ELIGIBLE
E_CONFIRM,2026-07-01T01:00:00+00:00,4345,True,ELIGIBLE
E_CONFIRM,2026-07-01T02:00:00+00:00,4346,True,ELIGIBLE
E_CONFIRM,2026-07-01T03:00:00+00:00,4347,True,ELIGIBLE
E_CONFIRM,2026-07-01T04:00:00+00:00,4348,True,ELIGIBLE
E_CONFIRM,2026-07-01T05:00:00+00:00,4349,True,ELIGIBLE
E_CONFIRM,2026-07-01T06:00:00+00:00,4350,True,ELIGIBLE
E_CONFIRM,2026-07-01T07:00:00+00:00,4351,True,ELIGIBLE
E_CONFIRM,2026-07-01T08:00:00+00:00,4352,True,ELIGIBLE
E_CONFIRM,2026-07-01T09:00:00+00:00,4353,True,ELIGIBLE
E_CONFIRM,2026-07-01T10:00:00+00:00,4354,True,ELIGIBLE
E_CONFIRM,2026-07-01T11:00:00+00:00,4355,True,ELIGIBLE
E_CONFIRM,2026-07-01T12:00:00+00:00,4356,True,ELIGIBLE
E_CONFIRM,2026-07-01T13:00:00+00:00,4357,True,ELIGIBLE
E_CONFIRM,2026-07-01T14:00:00+00:00,4358,True,ELIGIBLE
E_CONFIRM,2026-07-01T15:00:00+00:00,4359,True,ELIGIBLE
E_CONFIRM,2026-07-01T16:00:00+00:00,4360,True,ELIGIBLE
E_CONFIRM,2026-07-01T17:00:00+00:00,4361,True,ELIGIBLE
E_CONFIRM,2026-07-01T18:00:00+00:00,4362,True,ELIGIBLE
E_CONFIRM,2026-07-01T19:00:00+00:00,4363,True,ELIGIBLE
E_CONFIRM,2026-07-01T20:00:00+00:00,4364,True,ELIGIBLE
E_CONFIRM,2026-07-01T21:00:00+00:00,4365,True,ELIGIBLE
E_CONFIRM,2026-07-01T22:00:00+00:00,4366,True,ELIGIBLE
E_CONFIRM,2026-07-01T23:00:00+00:00,4367,True,ELIGIBLE
E_CONFIRM,2026-07-02T00:00:00+00:00,4368,True,ELIGIBLE
E_CONFIRM,2026-07-02T01:00:00+00:00,4369,True,ELIGIBLE
E_CONFIRM,2026-07-02T02:00:00+00:00,4370,True,ELIGIBLE
E_CONFIRM,2026-07-02T03:00:00+00:00,4371,True,ELIGIBLE
E_CONFIRM,2026-07-02T04:00:00+00:00,4372,True,ELIGIBLE
E_CONFIRM,2026-07-02T05:00:00+00:00,4373,True,ELIGIBLE
E_CONFIRM,2026-07-02T06:00:00+00:00,4374,True,ELIGIBLE
E_CONFIRM,2026-07-02T07:00:00+00:00,4375,True,ELIGIBLE
E_CONFIRM,2026-07-02T08:00:00+00:00,4376,True,ELIGIBLE
E_CONFIRM,2026-07-02T09:00:00+00:00,4377,True,ELIGIBLE
E_CONFIRM,2026-07-02T10:00:00+00:00,4378,True,ELIGIBLE
E_CONFIRM,2026-07-02T11:00:00+00:00,4379,True,ELIGIBLE
E_CONFIRM,2026-07-02T12:00:00+00:00,4380,True,ELIGIBLE
E_CONFIRM,2026-07-02T13:00:00+00:00,4381,True,ELIGIBLE
E_CONFIRM,2026-07-02T14:00:00+00:00,4382,True,ELIGIBLE
E_CONFIRM,2026-07-02T15:00:00+00:00,4383,True,ELIGIBLE
E_CONFIRM,2026-07-02T16:00:00+00:00,4384,True,ELIGIBLE
E_CONFIRM,2026-07-02T17:00:00+00:00,4385,True,ELIGIBLE
E_CONFIRM,2026-07-02T18:00:00+00:00,4386,True,ELIGIBLE
E_CONFIRM,2026-07-02T19:00:00+00:00,4387,True,ELIGIBLE
E_CONFIRM,2026-07-02T20:00:00+00:00,4388,True,ELIGIBLE
E_CONFIRM,2026-07-02T21:00:00+00:00,4389,True,ELIGIBLE
E_CONFIRM,2026-07-02T22:00:00+00:00,4390,True,ELIGIBLE
E_CONFIRM,2026-07-02T23:00:00+00:00,4391,True,ELIGIBLE
E_CONFIRM,2026-07-03T00:00:00+00:00,4392,True,ELIGIBLE
E_CONFIRM,2026-07-03T01:00:00+00:00,4393,True,ELIGIBLE
E_CONFIRM,2026-07-03T02:00:00+00:00,4394,True,ELIGIBLE
E_CONFIRM,2026-07-03T03:00:00+00:00,4395,True,ELIGIBLE
E_CONFIRM,2026-07-03T04:00:00+00:00,4396,True,ELIGIBLE
E_CONFIRM,2026-07-03T05:00:00+00:00,4397,True,ELIGIBLE
E_CONFIRM,2026-07-03T06:00:00+00:00,4398,True,ELIGIBLE
E_CONFIRM,2026-07-03T07:00:00+00:00,4399,True,ELIGIBLE
E_CONFIRM,2026-07-03T08:00:00+00:00,4400,True,ELIGIBLE
E_CONFIRM,2026-07-03T09:00:00+00:00,4401,True,ELIGIBLE
E_CONFIRM,2026-07-03T10:00:00+00:00,4402,True,ELIGIBLE
E_CONFIRM,2026-07-03T11:00:00+00:00,4403,True,ELIGIBLE
E_CONFIRM,2026-07-03T12:00:00+00:00,4404,True,ELIGIBLE
E_CONFIRM,2026-07-03T13:00:00+00:00,4405,True,ELIGIBLE
E_CONFIRM,2026-07-03T14:00:00+00:00,4406,True,ELIGIBLE
E_CONFIRM,2026-07-03T15:00:00+00:00,4407,True,ELIGIBLE
E_CONFIRM,2026-07-03T16:00:00+00:00,4408,True,ELIGIBLE
E_CONFIRM,2026-07-03T17:00:00+00:00,4409,True,ELIGIBLE
E_CONFIRM,2026-07-03T18:00:00+00:00,4410,True,ELIGIBLE
E_CONFIRM,2026-07-03T19:00:00+00:00,4411,True,ELIGIBLE
E_CONFIRM,2026-07-03T20:00:00+00:00,4412,True,ELIGIBLE
E_CONFIRM,2026-07-03T21:00:00+00:00,4413,True,ELIGIBLE
E_CONFIRM,2026-07-03T22:00:00+00:00,4414,True,ELIGIBLE
E_CONFIRM,2026-07-03T23:00:00+00:00,4415,True,ELIGIBLE
E_CONFIRM,2026-07-04T00:00:00+00:00,4416,True,ELIGIBLE
E_CONFIRM,2026-07-04T01:00:00+00:00,4417,True,ELIGIBLE
E_CONFIRM,2026-07-04T02:00:00+00:00,4418,True,ELIGIBLE
E_CONFIRM,2026-07-04T03:00:00+00:00,4419,True,ELIGIBLE
E_CONFIRM,2026-07-04T04:00:00+00:00,4420,True,ELIGIBLE
E_CONFIRM,2026-07-04T05:00:00+00:00,4421,True,ELIGIBLE
E_CONFIRM,2026-07-04T06:00:00+00:00,4422,True,ELIGIBLE
E_CONFIRM,2026-07-04T07:00:00+00:00,4423,True,ELIGIBLE
E_CONFIRM,2026-07-04T08:00:00+00:00,4424,True,ELIGIBLE
E_CONFIRM,2026-07-04T09:00:00+00:00,4425,True,ELIGIBLE
E_CONFIRM,2026-07-04T10:00:00+00:00,4426,True,ELIGIBLE
E_CONFIRM,2026-07-04T11:00:00+00:00,4427,True,ELIGIBLE
E_CONFIRM,2026-07-04T12:00:00+00:00,4428,True,ELIGIBLE
E_CONFIRM,2026-07-04T13:00:00+00:00,4429,True,ELIGIBLE
E_CONFIRM,2026-07-04T14:00:00+00:00,4430,True,ELIGIBLE
E_CONFIRM,2026-07-04T15:00:00+00:00,4431,True,ELIGIBLE
E_CONFIRM,2026-07-04T16:00:00+00:00,4432,True,ELIGIBLE
E_CONFIRM,2026-07-04T17:00:00+00:00,4433,True,ELIGIBLE
E_CONFIRM,2026-07-04T18:00:00+00:00,4434,True,ELIGIBLE
E_CONFIRM,2026-07-04T19:00:00+00:00,4435,True,ELIGIBLE
E_CONFIRM,2026-07-04T20:00:00+00:00,4436,True,ELIGIBLE
E_CONFIRM,2026-07-04T21:00:00+00:00,4437,True,ELIGIBLE
E_CONFIRM,2026-07-04T22:00:00+00:00,4438,True,ELIGIBLE
E_CONFIRM,2026-07-04T23:00:00+00:00,4439,True,ELIGIBLE
E_CONFIRM,2026-07-05T00:00:00+00:00,4440,True,ELIGIBLE
E_CONFIRM,2026-07-05T01:00:00+00:00,4441,True,ELIGIBLE
E_CONFIRM,2026-07-05T02:00:00+00:00,4442,True,ELIGIBLE
E_CONFIRM,2026-07-05T03:00:00+00:00,4443,True,ELIGIBLE
E_CONFIRM,2026-07-05T04:00:00+00:00,4444,True,ELIGIBLE
E_CONFIRM,2026-07-05T05:00:00+00:00,4445,True,ELIGIBLE
E_CONFIRM,2026-07-05T06:00:00+00:00,4446,True,ELIGIBLE
E_CONFIRM,2026-07-05T07:00:00+00:00,4447,True,ELIGIBLE
E_CONFIRM,2026-07-05T08:00:00+00:00,4448,True,ELIGIBLE
E_CONFIRM,2026-07-05T09:00:00+00:00,4449,True,ELIGIBLE
E_CONFIRM,2026-07-05T10:00:00+00:00,4450,True,ELIGIBLE
E_CONFIRM,2026-07-05T11:00:00+00:00,4451,True,ELIGIBLE
E_CONFIRM,2026-07-05T12:00:00+00:00,4452,True,ELIGIBLE
E_CONFIRM,2026-07-05T13:00:00+00:00,4453,True,ELIGIBLE
E_CONFIRM,2026-07-05T14:00:00+00:00,4454,True,ELIGIBLE
E_CONFIRM,2026-07-05T15:00:00+00:00,4455,True,ELIGIBLE
E_CONFIRM,2026-07-05T16:00:00+00:00,4456,True,ELIGIBLE
E_CONFIRM,2026-07-05T17:00:00+00:00,4457,True,ELIGIBLE
E_CONFIRM,2026-07-05T18:00:00+00:00,4458,True,ELIGIBLE
E_CONFIRM,2026-07-05T19:00:00+00:00,4459,True,ELIGIBLE
E_CONFIRM,2026-07-05T20:00:00+00:00,4460,True,ELIGIBLE
E_CONFIRM,2026-07-05T21:00:00+00:00,4461,True,ELIGIBLE
E_CONFIRM,2026-07-05T22:00:00+00:00,4462,True,ELIGIBLE
E_CONFIRM,2026-07-05T23:00:00+00:00,4463,True,ELIGIBLE
E_CONFIRM,2026-07-06T00:00:00+00:00,4464,True,ELIGIBLE
E_CONFIRM,2026-07-06T01:00:00+00:00,4465,True,ELIGIBLE
E_CONFIRM,2026-07-06T02:00:00+00:00,4466,True,ELIGIBLE
E_CONFIRM,2026-07-06T03:00:00+00:00,4467,True,ELIGIBLE
E_CONFIRM,2026-07-06T04:00:00+00:00,4468,True,ELIGIBLE
E_CONFIRM,2026-07-06T05:00:00+00:00,4469,True,ELIGIBLE
E_CONFIRM,2026-07-06T06:00:00+00:00,4470,True,ELIGIBLE
E_CONFIRM,2026-07-06T07:00:00+00:00,4471,True,ELIGIBLE
E_CONFIRM,2026-07-06T08:00:00+00:00,4472,True,ELIGIBLE
E_CONFIRM,2026-07-06T09:00:00+00:00,4473,True,ELIGIBLE
E_CONFIRM,2026-07-06T10:00:00+00:00,4474,True,ELIGIBLE
E_CONFIRM,2026-07-06T11:00:00+00:00,4475,True,ELIGIBLE
E_CONFIRM,2026-07-06T12:00:00+00:00,4476,True,ELIGIBLE
E_CONFIRM,2026-07-06T13:00:00+00:00,4477,True,ELIGIBLE
E_CONFIRM,2026-07-06T14:00:00+00:00,4478,True,ELIGIBLE
E_CONFIRM,2026-07-06T15:00:00+00:00,4479,True,ELIGIBLE
E_CONFIRM,2026-07-06T16:00:00+00:00,4480,True,ELIGIBLE
E_CONFIRM,2026-07-06T17:00:00+00:00,4481,True,ELIGIBLE
E_CONFIRM,2026-07-06T18:00:00+00:00,4482,True,ELIGIBLE
E_CONFIRM,2026-07-06T19:00:00+00:00,4483,True,ELIGIBLE
E_CONFIRM,2026-07-06T20:00:00+00:00,4484,True,ELIGIBLE
E_CONFIRM,2026-07-06T21:00:00+00:00,4485,True,ELIGIBLE
E_CONFIRM,2026-07-06T22:00:00+00:00,4486,True,ELIGIBLE
E_CONFIRM,2026-07-06T23:00:00+00:00,4487,True,ELIGIBLE
E_CONFIRM,2026-07-07T00:00:00+00:00,4488,True,ELIGIBLE
E_CONFIRM,2026-07-07T01:00:00+00:00,4489,True,ELIGIBLE
E_CONFIRM,2026-07-07T02:00:00+00:00,4490,True,ELIGIBLE
E_CONFIRM,2026-07-07T03:00:00+00:00,4491,True,ELIGIBLE
E_CONFIRM,2026-07-07T04:00:00+00:00,4492,True,ELIGIBLE
E_CONFIRM,2026-07-07T05:00:00+00:00,4493,True,ELIGIBLE
E_CONFIRM,2026-07-07T06:00:00+00:00,4494,True,ELIGIBLE
E_CONFIRM,2026-07-07T07:00:00+00:00,4495,True,ELIGIBLE
E_CONFIRM,2026-07-07T08:00:00+00:00,4496,True,ELIGIBLE
E_CONFIRM,2026-07-07T09:00:00+00:00,4497,True,ELIGIBLE
E_CONFIRM,2026-07-07T10:00:00+00:00,4498,True,ELIGIBLE
E_CONFIRM,2026-07-07T11:00:00+00:00,4499,True,ELIGIBLE
E_CONFIRM,2026-07-07T12:00:00+00:00,4500,True,ELIGIBLE
E_CONFIRM,2026-07-07T13:00:00+00:00,4501,True,ELIGIBLE
E_CONFIRM,2026-07-07T14:00:00+00:00,4502,True,ELIGIBLE
E_CONFIRM,2026-07-07T15:00:00+00:00,4503,True,ELIGIBLE
E_CONFIRM,2026-07-07T16:00:00+00:00,4504,True,ELIGIBLE
E_CONFIRM,2026-07-07T17:00:00+00:00,4505,True,ELIGIBLE
E_CONFIRM,2026-07-07T18:00:00+00:00,4506,True,ELIGIBLE
E_CONFIRM,2026-07-07T19:00:00+00:00,4507,True,ELIGIBLE
E_CONFIRM,2026-07-07T20:00:00+00:00,4508,True,ELIGIBLE
E_CONFIRM,2026-07-07T21:00:00+00:00,4509,True,ELIGIBLE
E_CONFIRM,2026-07-07T22:00:00+00:00,4510,True,ELIGIBLE
E_CONFIRM,2026-07-07T23:00:00+00:00,4511,True,ELIGIBLE
E_CONFIRM,2026-07-08T00:00:00+00:00,4512,True,ELIGIBLE
E_CONFIRM,2026-07-08T01:00:00+00:00,4513,True,ELIGIBLE
E_CONFIRM,2026-07-08T02:00:00+00:00,4514,True,ELIGIBLE
E_CONFIRM,2026-07-08T03:00:00+00:00,4515,True,ELIGIBLE
E_CONFIRM,2026-07-08T04:00:00+00:00,4516,True,ELIGIBLE
E_CONFIRM,2026-07-08T05:00:00+00:00,4517,True,ELIGIBLE
E_CONFIRM,2026-07-08T06:00:00+00:00,4518,True,ELIGIBLE
E_CONFIRM,2026-07-08T07:00:00+00:00,4519,True,ELIGIBLE
E_CONFIRM,2026-07-08T08:00:00+00:00,4520,True,ELIGIBLE
E_CONFIRM,2026-07-08T09:00:00+00:00,4521,True,ELIGIBLE
E_CONFIRM,2026-07-08T10:00:00+00:00,4522,True,ELIGIBLE
E_CONFIRM,2026-07-08T11:00:00+00:00,4523,True,ELIGIBLE
E_CONFIRM,2026-07-08T12:00:00+00:00,4524,True,ELIGIBLE
E_CONFIRM,2026-07-08T13:00:00+00:00,4525,True,ELIGIBLE
E_CONFIRM,2026-07-08T14:00:00+00:00,4526,True,ELIGIBLE
E_CONFIRM,2026-07-08T15:00:00+00:00,4527,True,ELIGIBLE
E_CONFIRM,2026-07-08T16:00:00+00:00,4528,True,ELIGIBLE
E_CONFIRM,2026-07-08T17:00:00+00:00,4529,True,ELIGIBLE
E_CONFIRM,2026-07-08T18:00:00+00:00,4530,True,ELIGIBLE
E_CONFIRM,2026-07-08T19:00:00+00:00,4531,True,ELIGIBLE
E_CONFIRM,2026-07-08T20:00:00+00:00,4532,True,ELIGIBLE
E_CONFIRM,2026-07-08T21:00:00+00:00,4533,True,ELIGIBLE
E_CONFIRM,2026-07-08T22:00:00+00:00,4534,True,ELIGIBLE
E_CONFIRM,2026-07-08T23:00:00+00:00,4535,True,ELIGIBLE
E_CONFIRM,2026-07-09T00:00:00+00:00,4536,True,ELIGIBLE
E_CONFIRM,2026-07-09T01:00:00+00:00,4537,True,ELIGIBLE
E_CONFIRM,2026-07-09T02:00:00+00:00,4538,True,ELIGIBLE
E_CONFIRM,2026-07-09T03:00:00+00:00,4539,True,ELIGIBLE
E_CONFIRM,2026-07-09T04:00:00+00:00,4540,True,ELIGIBLE
E_CONFIRM,2026-07-09T05:00:00+00:00,4541,True,ELIGIBLE
E_CONFIRM,2026-07-09T06:00:00+00:00,4542,True,ELIGIBLE
E_CONFIRM,2026-07-09T07:00:00+00:00,4543,True,ELIGIBLE
E_CONFIRM,2026-07-09T08:00:00+00:00,4544,True,ELIGIBLE
E_CONFIRM,2026-07-09T09:00:00+00:00,4545,True,ELIGIBLE
E_CONFIRM,2026-07-09T10:00:00+00:00,4546,True,ELIGIBLE
E_CONFIRM,2026-07-09T11:00:00+00:00,4547,True,ELIGIBLE
E_CONFIRM,2026-07-09T12:00:00+00:00,4548,True,ELIGIBLE
E_CONFIRM,2026-07-09T13:00:00+00:00,4549,True,ELIGIBLE
E_CONFIRM,2026-07-09T14:00:00+00:00,4550,True,ELIGIBLE
E_CONFIRM,2026-07-09T15:00:00+00:00,4551,True,ELIGIBLE
E_CONFIRM,2026-07-09T16:00:00+00:00,4552,True,ELIGIBLE
E_CONFIRM,2026-07-09T17:00:00+00:00,4553,True,ELIGIBLE
E_CONFIRM,2026-07-09T18:00:00+00:00,4554,True,ELIGIBLE
E_CONFIRM,2026-07-09T19:00:00+00:00,4555,True,ELIGIBLE
E_CONFIRM,2026-07-09T20:00:00+00:00,4556,True,ELIGIBLE
E_CONFIRM,2026-07-09T21:00:00+00:00,4557,True,ELIGIBLE
E_CONFIRM,2026-07-09T22:00:00+00:00,4558,True,ELIGIBLE
E_CONFIRM,2026-07-09T23:00:00+00:00,4559,True,ELIGIBLE
E_CONFIRM,2026-07-10T00:00:00+00:00,4560,True,ELIGIBLE
E_CONFIRM,2026-07-10T01:00:00+00:00,4561,True,ELIGIBLE
E_CONFIRM,2026-07-10T02:00:00+00:00,4562,True,ELIGIBLE
E_CONFIRM,2026-07-10T03:00:00+00:00,4563,True,ELIGIBLE
E_CONFIRM,2026-07-10T04:00:00+00:00,4564,True,ELIGIBLE
E_CONFIRM,2026-07-10T05:00:00+00:00,4565,True,ELIGIBLE
E_CONFIRM,2026-07-10T06:00:00+00:00,4566,True,ELIGIBLE
E_CONFIRM,2026-07-10T07:00:00+00:00,4567,True,ELIGIBLE
E_CONFIRM,2026-07-10T08:00:00+00:00,4568,True,ELIGIBLE
E_CONFIRM,2026-07-10T09:00:00+00:00,4569,True,ELIGIBLE
E_CONFIRM,2026-07-10T10:00:00+00:00,4570,True,ELIGIBLE
E_CONFIRM,2026-07-10T11:00:00+00:00,4571,True,ELIGIBLE
E_CONFIRM,2026-07-10T12:00:00+00:00,4572,True,ELIGIBLE
E_CONFIRM,2026-07-10T13:00:00+00:00,4573,True,ELIGIBLE
E_CONFIRM,2026-07-10T14:00:00+00:00,4574,True,ELIGIBLE
E_CONFIRM,2026-07-10T15:00:00+00:00,4575,True,ELIGIBLE
E_CONFIRM,2026-07-10T16:00:00+00:00,4576,True,ELIGIBLE
E_CONFIRM,2026-07-10T17:00:00+00:00,4577,True,ELIGIBLE
E_CONFIRM,2026-07-10T18:00:00+00:00,4578,True,ELIGIBLE
E_CONFIRM,2026-07-10T19:00:00+00:00,4579,True,ELIGIBLE
E_CONFIRM,2026-07-10T20:00:00+00:00,4580,True,ELIGIBLE
E_CONFIRM,2026-07-10T21:00:00+00:00,4581,True,ELIGIBLE
E_CONFIRM,2026-07-10T22:00:00+00:00,4582,True,ELIGIBLE
E_CONFIRM,2026-07-10T23:00:00+00:00,4583,True,ELIGIBLE
E_CONFIRM,2026-07-11T00:00:00+00:00,4584,True,ELIGIBLE
E_CONFIRM,2026-07-11T01:00:00+00:00,4585,True,ELIGIBLE
E_CONFIRM,2026-07-11T02:00:00+00:00,4586,True,ELIGIBLE
E_CONFIRM,2026-07-11T03:00:00+00:00,4587,True,ELIGIBLE
E_CONFIRM,2026-07-11T04:00:00+00:00,4588,True,ELIGIBLE
E_CONFIRM,2026-07-11T05:00:00+00:00,4589,True,ELIGIBLE
E_CONFIRM,2026-07-11T06:00:00+00:00,4590,True,ELIGIBLE
E_CONFIRM,2026-07-11T07:00:00+00:00,4591,True,ELIGIBLE
E_CONFIRM,2026-07-11T08:00:00+00:00,4592,True,ELIGIBLE
E_CONFIRM,2026-07-11T09:00:00+00:00,4593,True,ELIGIBLE
E_CONFIRM,2026-07-11T10:00:00+00:00,4594,True,ELIGIBLE
E_CONFIRM,2026-07-11T11:00:00+00:00,4595,True,ELIGIBLE
E_CONFIRM,2026-07-11T12:00:00+00:00,4596,True,ELIGIBLE
E_CONFIRM,2026-07-11T13:00:00+00:00,4597,True,ELIGIBLE
E_CONFIRM,2026-07-11T14:00:00+00:00,4598,True,ELIGIBLE
E_CONFIRM,2026-07-11T15:00:00+00:00,4599,True,ELIGIBLE
E_CONFIRM,2026-07-11T16:00:00+00:00,4600,True,ELIGIBLE
E_CONFIRM,2026-07-11T17:00:00+00:00,4601,True,ELIGIBLE
E_CONFIRM,2026-07-11T18:00:00+00:00,4602,True,ELIGIBLE
E_CONFIRM,2026-07-11T19:00:00+00:00,4603,True,ELIGIBLE
E_CONFIRM,2026-07-11T20:00:00+00:00,4604,True,ELIGIBLE
E_CONFIRM,2026-07-11T21:00:00+00:00,4605,True,ELIGIBLE
E_CONFIRM,2026-07-11T22:00:00+00:00,4606,True,ELIGIBLE
E_CONFIRM,2026-07-11T23:00:00+00:00,4607,True,ELIGIBLE
E_CONFIRM,2026-07-12T00:00:00+00:00,4608,True,ELIGIBLE
E_CONFIRM,2026-07-12T01:00:00+00:00,4609,True,ELIGIBLE
E_CONFIRM,2026-07-12T02:00:00+00:00,4610,True,ELIGIBLE
E_CONFIRM,2026-07-12T03:00:00+00:00,4611,True,ELIGIBLE
E_CONFIRM,2026-07-12T04:00:00+00:00,4612,True,ELIGIBLE
E_CONFIRM,2026-07-12T05:00:00+00:00,4613,True,ELIGIBLE
E_CONFIRM,2026-07-12T06:00:00+00:00,4614,True,ELIGIBLE
E_CONFIRM,2026-07-12T07:00:00+00:00,4615,True,ELIGIBLE
E_CONFIRM,2026-07-12T08:00:00+00:00,4616,True,ELIGIBLE
E_CONFIRM,2026-07-12T09:00:00+00:00,4617,True,ELIGIBLE
E_CONFIRM,2026-07-12T10:00:00+00:00,4618,True,ELIGIBLE
E_CONFIRM,2026-07-12T11:00:00+00:00,4619,True,ELIGIBLE
E_CONFIRM,2026-07-12T12:00:00+00:00,4620,True,ELIGIBLE
E_CONFIRM,2026-07-12T13:00:00+00:00,4621,True,ELIGIBLE
E_CONFIRM,2026-07-12T14:00:00+00:00,4622,True,ELIGIBLE
E_CONFIRM,2026-07-12T15:00:00+00:00,4623,True,ELIGIBLE
E_CONFIRM,2026-07-12T16:00:00+00:00,4624,True,ELIGIBLE
E_CONFIRM,2026-07-12T17:00:00+00:00,4625,True,ELIGIBLE
E_CONFIRM,2026-07-12T18:00:00+00:00,4626,True,ELIGIBLE
E_CONFIRM,2026-07-12T19:00:00+00:00,4627,True,ELIGIBLE
E_CONFIRM,2026-07-12T20:00:00+00:00,4628,True,ELIGIBLE
E_CONFIRM,2026-07-12T21:00:00+00:00,4629,True,ELIGIBLE
E_CONFIRM,2026-07-12T22:00:00+00:00,4630,True,ELIGIBLE
E_CONFIRM,2026-07-12T23:00:00+00:00,4631,True,ELIGIBLE
E_CONFIRM,2026-07-13T00:00:00+00:00,4632,True,ELIGIBLE
E_CONFIRM,2026-07-13T01:00:00+00:00,4633,True,ELIGIBLE
E_CONFIRM,2026-07-13T02:00:00+00:00,4634,True,ELIGIBLE
E_CONFIRM,2026-07-13T03:00:00+00:00,4635,True,ELIGIBLE
E_CONFIRM,2026-07-13T04:00:00+00:00,4636,True,ELIGIBLE
E_CONFIRM,2026-07-13T05:00:00+00:00,4637,True,ELIGIBLE
E_CONFIRM,2026-07-13T06:00:00+00:00,4638,True,ELIGIBLE
E_CONFIRM,2026-07-13T07:00:00+00:00,4639,True,ELIGIBLE
E_CONFIRM,2026-07-13T08:00:00+00:00,4640,True,ELIGIBLE
E_CONFIRM,2026-07-13T09:00:00+00:00,4641,True,ELIGIBLE
E_CONFIRM,2026-07-13T10:00:00+00:00,4642,True,ELIGIBLE
E_CONFIRM,2026-07-13T11:00:00+00:00,4643,True,ELIGIBLE
E_CONFIRM,2026-07-13T12:00:00+00:00,4644,True,ELIGIBLE
E_CONFIRM,2026-07-13T13:00:00+00:00,4645,True,ELIGIBLE
E_CONFIRM,2026-07-13T14:00:00+00:00,4646,True,ELIGIBLE
E_CONFIRM,2026-07-13T15:00:00+00:00,4647,True,ELIGIBLE
E_CONFIRM,2026-07-13T16:00:00+00:00,4648,True,ELIGIBLE
E_CONFIRM,2026-07-13T17:00:00+00:00,4649,True,ELIGIBLE
E_CONFIRM,2026-07-13T18:00:00+00:00,4650,True,ELIGIBLE
E_CONFIRM,2026-07-13T19:00:00+00:00,4651,True,ELIGIBLE
E_CONFIRM,2026-07-13T20:00:00+00:00,4652,True,ELIGIBLE
E_CONFIRM,2026-07-13T21:00:00+00:00,4653,True,ELIGIBLE
E_CONFIRM,2026-07-13T22:00:00+00:00,4654,True,ELIGIBLE
E_CONFIRM,2026-07-13T23:00:00+00:00,4655,True,ELIGIBLE
E_CONFIRM,2026-07-14T00:00:00+00:00,4656,True,ELIGIBLE
E_CONFIRM,2026-07-14T01:00:00+00:00,4657,True,ELIGIBLE
E_CONFIRM,2026-07-14T02:00:00+00:00,4658,True,ELIGIBLE
E_CONFIRM,2026-07-14T03:00:00+00:00,4659,True,ELIGIBLE
E_CONFIRM,2026-07-14T04:00:00+00:00,4660,True,ELIGIBLE
E_CONFIRM,2026-07-14T05:00:00+00:00,4661,True,ELIGIBLE
E_CONFIRM,2026-07-14T06:00:00+00:00,4662,True,ELIGIBLE
E_CONFIRM,2026-07-14T07:00:00+00:00,4663,True,ELIGIBLE
E_CONFIRM,2026-07-14T08:00:00+00:00,4664,True,ELIGIBLE
E_CONFIRM,2026-07-14T09:00:00+00:00,4665,True,ELIGIBLE
E_CONFIRM,2026-07-14T10:00:00+00:00,4666,True,ELIGIBLE
E_CONFIRM,2026-07-14T11:00:00+00:00,4667,True,ELIGIBLE
E_CONFIRM,2026-07-14T12:00:00+00:00,4668,True,ELIGIBLE
E_CONFIRM,2026-07-14T13:00:00+00:00,4669,True,ELIGIBLE
E_CONFIRM,2026-07-14T14:00:00+00:00,4670,True,ELIGIBLE
E_CONFIRM,2026-07-14T15:00:00+00:00,4671,True,ELIGIBLE
E_CONFIRM,2026-07-14T16:00:00+00:00,4672,True,ELIGIBLE
E_CONFIRM,2026-07-14T17:00:00+00:00,4673,True,ELIGIBLE
E_CONFIRM,2026-07-14T18:00:00+00:00,4674,True,ELIGIBLE
E_CONFIRM,2026-07-14T19:00:00+00:00,4675,True,ELIGIBLE
E_CONFIRM,2026-07-14T20:00:00+00:00,4676,True,ELIGIBLE
E_CONFIRM,2026-07-14T21:00:00+00:00,4677,True,ELIGIBLE
E_CONFIRM,2026-07-14T22:00:00+00:00,4678,True,ELIGIBLE
E_CONFIRM,2026-07-14T23:00:00+00:00,4679,True,ELIGIBLE
E_CONFIRM,2026-07-15T00:00:00+00:00,4680,True,ELIGIBLE
E_CONFIRM,2026-07-15T01:00:00+00:00,4681,True,ELIGIBLE
E_CONFIRM,2026-07-15T02:00:00+00:00,4682,True,ELIGIBLE
E_CONFIRM,2026-07-15T03:00:00+00:00,4683,True,ELIGIBLE
E_CONFIRM,2026-07-15T04:00:00+00:00,4684,True,ELIGIBLE
E_CONFIRM,2026-07-15T05:00:00+00:00,4685,True,ELIGIBLE
E_CONFIRM,2026-07-15T06:00:00+00:00,4686,True,ELIGIBLE
E_CONFIRM,2026-07-15T07:00:00+00:00,4687,True,ELIGIBLE
E_CONFIRM,2026-07-15T08:00:00+00:00,4688,True,ELIGIBLE
E_CONFIRM,2026-07-15T09:00:00+00:00,4689,True,ELIGIBLE
E_CONFIRM,2026-07-15T10:00:00+00:00,4690,True,ELIGIBLE
E_CONFIRM,2026-07-15T11:00:00+00:00,4691,True,ELIGIBLE
E_CONFIRM,2026-07-15T12:00:00+00:00,4692,True,ELIGIBLE
E_CONFIRM,2026-07-15T13:00:00+00:00,4693,True,ELIGIBLE
E_CONFIRM,2026-07-15T14:00:00+00:00,4694,True,ELIGIBLE
E_CONFIRM,2026-07-15T15:00:00+00:00,4695,True,ELIGIBLE
E_CONFIRM,2026-07-15T16:00:00+00:00,4696,True,ELIGIBLE
E_CONFIRM,2026-07-15T17:00:00+00:00,4697,True,ELIGIBLE
E_CONFIRM,2026-07-15T18:00:00+00:00,4698,True,ELIGIBLE
E_CONFIRM,2026-07-15T19:00:00+00:00,4699,True,ELIGIBLE
E_CONFIRM,2026-07-15T20:00:00+00:00,4700,True,ELIGIBLE
E_CONFIRM,2026-07-15T21:00:00+00:00,4701,True,ELIGIBLE
E_CONFIRM,2026-07-15T22:00:00+00:00,4702,True,ELIGIBLE
E_CONFIRM,2026-07-15T23:00:00+00:00,4703,True,ELIGIBLE
E_CONFIRM,2026-07-16T00:00:00+00:00,4704,True,ELIGIBLE
E_CONFIRM,2026-07-16T01:00:00+00:00,4705,True,ELIGIBLE
E_CONFIRM,2026-07-16T02:00:00+00:00,4706,True,ELIGIBLE
E_CONFIRM,2026-07-16T03:00:00+00:00,4707,True,ELIGIBLE
E_CONFIRM,2026-07-16T04:00:00+00:00,4708,True,ELIGIBLE
E_CONFIRM,2026-07-16T05:00:00+00:00,4709,True,ELIGIBLE
E_CONFIRM,2026-07-16T06:00:00+00:00,4710,True,ELIGIBLE
E_CONFIRM,2026-07-16T07:00:00+00:00,4711,True,ELIGIBLE
E_CONFIRM,2026-07-16T08:00:00+00:00,4712,True,ELIGIBLE
E_CONFIRM,2026-07-16T09:00:00+00:00,4713,True,ELIGIBLE
E_CONFIRM,2026-07-16T10:00:00+00:00,4714,True,ELIGIBLE
E_CONFIRM,2026-07-16T11:00:00+00:00,4715,True,ELIGIBLE
E_CONFIRM,2026-07-16T12:00:00+00:00,4716,True,ELIGIBLE
E_CONFIRM,2026-07-16T13:00:00+00:00,4717,True,ELIGIBLE
E_CONFIRM,2026-07-16T14:00:00+00:00,4718,True,ELIGIBLE
E_CONFIRM,2026-07-16T15:00:00+00:00,4719,True,ELIGIBLE
E_CONFIRM,2026-07-16T16:00:00+00:00,4720,True,ELIGIBLE
E_CONFIRM,2026-07-16T17:00:00+00:00,4721,True,ELIGIBLE
E_CONFIRM,2026-07-16T18:00:00+00:00,4722,True,ELIGIBLE
E_CONFIRM,2026-07-16T19:00:00+00:00,4723,True,ELIGIBLE
E_CONFIRM,2026-07-16T20:00:00+00:00,4724,True,ELIGIBLE
E_CONFIRM,2026-07-16T21:00:00+00:00,4725,True,ELIGIBLE
E_CONFIRM,2026-07-16T22:00:00+00:00,4726,True,ELIGIBLE
E_CONFIRM,2026-07-16T23:00:00+00:00,4727,True,ELIGIBLE
E_CONFIRM,2026-07-17T00:00:00+00:00,4728,True,ELIGIBLE
E_CONFIRM,2026-07-17T01:00:00+00:00,4729,True,ELIGIBLE
E_CONFIRM,2026-07-17T02:00:00+00:00,4730,True,ELIGIBLE
E_CONFIRM,2026-07-17T03:00:00+00:00,4731,True,ELIGIBLE
E_CONFIRM,2026-07-17T04:00:00+00:00,4732,True,ELIGIBLE
E_CONFIRM,2026-07-17T05:00:00+00:00,4733,True,ELIGIBLE
E_CONFIRM,2026-07-17T06:00:00+00:00,4734,True,ELIGIBLE
E_CONFIRM,2026-07-17T07:00:00+00:00,4735,True,ELIGIBLE
E_CONFIRM,2026-07-17T08:00:00+00:00,4736,True,ELIGIBLE
E_CONFIRM,2026-07-17T09:00:00+00:00,4737,True,ELIGIBLE
E_CONFIRM,2026-07-17T10:00:00+00:00,4738,True,ELIGIBLE
E_CONFIRM,2026-07-17T11:00:00+00:00,4739,True,ELIGIBLE
E_CONFIRM,2026-07-17T12:00:00+00:00,4740,True,ELIGIBLE
E_CONFIRM,2026-07-17T13:00:00+00:00,4741,True,ELIGIBLE
E_CONFIRM,2026-07-17T14:00:00+00:00,4742,True,ELIGIBLE
E_CONFIRM,2026-07-17T15:00:00+00:00,4743,True,ELIGIBLE
E_CONFIRM,2026-07-17T16:00:00+00:00,4744,True,ELIGIBLE
E_CONFIRM,2026-07-17T17:00:00+00:00,4745,True,ELIGIBLE
E_CONFIRM,2026-07-17T18:00:00+00:00,4746,True,ELIGIBLE
E_CONFIRM,2026-07-17T19:00:00+00:00,4747,True,ELIGIBLE
E_CONFIRM,2026-07-17T20:00:00+00:00,4748,True,ELIGIBLE
E_CONFIRM,2026-07-17T21:00:00+00:00,4749,True,ELIGIBLE
E_CONFIRM,2026-07-17T22:00:00+00:00,4750,True,ELIGIBLE
E_CONFIRM,2026-07-17T23:00:00+00:00,4751,True,ELIGIBLE
E_CONFIRM,2026-07-18T00:00:00+00:00,4752,True,ELIGIBLE
E_CONFIRM,2026-07-18T01:00:00+00:00,4753,True,ELIGIBLE
E_CONFIRM,2026-07-18T02:00:00+00:00,4754,True,ELIGIBLE
E_CONFIRM,2026-07-18T03:00:00+00:00,4755,True,ELIGIBLE
E_CONFIRM,2026-07-18T04:00:00+00:00,4756,True,ELIGIBLE
E_CONFIRM,2026-07-18T05:00:00+00:00,4757,True,ELIGIBLE
E_CONFIRM,2026-07-18T06:00:00+00:00,4758,True,ELIGIBLE
E_CONFIRM,2026-07-18T07:00:00+00:00,4759,True,ELIGIBLE
E_CONFIRM,2026-07-18T08:00:00+00:00,4760,True,ELIGIBLE
E_CONFIRM,2026-07-18T09:00:00+00:00,4761,True,ELIGIBLE
E_CONFIRM,2026-07-18T10:00:00+00:00,4762,True,ELIGIBLE
E_CONFIRM,2026-07-18T11:00:00+00:00,4763,True,ELIGIBLE
E_CONFIRM,2026-07-18T12:00:00+00:00,4764,True,ELIGIBLE
E_CONFIRM,2026-07-18T13:00:00+00:00,4765,True,ELIGIBLE
E_CONFIRM,2026-07-18T14:00:00+00:00,4766,True,ELIGIBLE
E_CONFIRM,2026-07-18T15:00:00+00:00,4767,True,ELIGIBLE
E_CONFIRM,2026-07-18T16:00:00+00:00,4768,True,ELIGIBLE
E_CONFIRM,2026-07-18T17:00:00+00:00,4769,True,ELIGIBLE
E_CONFIRM,2026-07-18T18:00:00+00:00,4770,True,ELIGIBLE
E_CONFIRM,2026-07-18T19:00:00+00:00,4771,True,ELIGIBLE
E_CONFIRM,2026-07-18T20:00:00+00:00,4772,True,ELIGIBLE
E_CONFIRM,2026-07-18T21:00:00+00:00,4773,True,ELIGIBLE
E_CONFIRM,2026-07-18T22:00:00+00:00,4774,True,ELIGIBLE
E_CONFIRM,2026-07-18T23:00:00+00:00,4775,True,ELIGIBLE
E_CONFIRM,2026-07-19T00:00:00+00:00,4776,True,ELIGIBLE
E_CONFIRM,2026-07-19T01:00:00+00:00,4777,True,ELIGIBLE
E_CONFIRM,2026-07-19T02:00:00+00:00,4778,True,ELIGIBLE
E_CONFIRM,2026-07-19T03:00:00+00:00,4779,True,ELIGIBLE
E_CONFIRM,2026-07-19T04:00:00+00:00,4780,True,ELIGIBLE
E_CONFIRM,2026-07-19T05:00:00+00:00,4781,True,ELIGIBLE
E_CONFIRM,2026-07-19T06:00:00+00:00,4782,True,ELIGIBLE
E_CONFIRM,2026-07-19T07:00:00+00:00,4783,True,ELIGIBLE
E_CONFIRM,2026-07-19T08:00:00+00:00,4784,True,ELIGIBLE
E_CONFIRM,2026-07-19T09:00:00+00:00,4785,True,ELIGIBLE
E_CONFIRM,2026-07-19T10:00:00+00:00,4786,True,ELIGIBLE
E_CONFIRM,2026-07-19T11:00:00+00:00,4787,True,ELIGIBLE
E_CONFIRM,2026-07-19T12:00:00+00:00,4788,True,ELIGIBLE
E_CONFIRM,2026-07-19T13:00:00+00:00,4789,True,ELIGIBLE
E_CONFIRM,2026-07-19T14:00:00+00:00,4790,True,ELIGIBLE
E_CONFIRM,2026-07-19T15:00:00+00:00,4791,True,ELIGIBLE
E_CONFIRM,2026-07-19T16:00:00+00:00,4792,True,ELIGIBLE
E_CONFIRM,2026-07-19T17:00:00+00:00,4793,True,ELIGIBLE
E_CONFIRM,2026-07-19T18:00:00+00:00,4794,True,ELIGIBLE
E_CONFIRM,2026-07-19T19:00:00+00:00,4795,True,ELIGIBLE
E_CONFIRM,2026-07-19T20:00:00+00:00,4796,True,ELIGIBLE
E_CONFIRM,2026-07-19T21:00:00+00:00,4797,True,ELIGIBLE
E_CONFIRM,2026-07-19T22:00:00+00:00,4798,True,ELIGIBLE
E_CONFIRM,2026-07-19T23:00:00+00:00,4799,True,ELIGIBLE
E_CONFIRM,2026-07-20T00:00:00+00:00,4800,True,ELIGIBLE
E_CONFIRM,2026-07-20T01:00:00+00:00,4801,True,ELIGIBLE
E_CONFIRM,2026-07-20T02:00:00+00:00,4802,True,ELIGIBLE
E_CONFIRM,2026-07-20T03:00:00+00:00,4803,True,ELIGIBLE
E_CONFIRM,2026-07-20T04:00:00+00:00,4804,True,ELIGIBLE
E_CONFIRM,2026-07-20T05:00:00+00:00,4805,True,ELIGIBLE
E_CONFIRM,2026-07-20T06:00:00+00:00,4806,True,ELIGIBLE
E_CONFIRM,2026-07-20T07:00:00+00:00,4807,True,ELIGIBLE
E_CONFIRM,2026-07-20T08:00:00+00:00,4808,True,ELIGIBLE
E_CONFIRM,2026-07-20T09:00:00+00:00,4809,True,ELIGIBLE
E_CONFIRM,2026-07-20T10:00:00+00:00,4810,True,ELIGIBLE
E_CONFIRM,2026-07-20T11:00:00+00:00,4811,True,ELIGIBLE
E_CONFIRM,2026-07-20T12:00:00+00:00,4812,True,ELIGIBLE
E_CONFIRM,2026-07-20T13:00:00+00:00,4813,True,ELIGIBLE
E_CONFIRM,2026-07-20T14:00:00+00:00,4814,True,ELIGIBLE
E_CONFIRM,2026-07-20T15:00:00+00:00,4815,True,ELIGIBLE
E_CONFIRM,2026-07-20T16:00:00+00:00,4816,True,ELIGIBLE
E_CONFIRM,2026-07-20T17:00:00+00:00,4817,True,ELIGIBLE
E_CONFIRM,2026-07-20T18:00:00+00:00,4818,True,ELIGIBLE
E_CONFIRM,2026-07-20T19:00:00+00:00,4819,True,ELIGIBLE
E_CONFIRM,2026-07-20T20:00:00+00:00,4820,True,ELIGIBLE
E_CONFIRM,2026-07-20T21:00:00+00:00,4821,True,ELIGIBLE
E_CONFIRM,2026-07-20T22:00:00+00:00,4822,True,ELIGIBLE
E_CONFIRM,2026-07-20T23:00:00+00:00,4823,True,ELIGIBLE
E_CONFIRM,2026-07-21T00:00:00+00:00,4824,True,ELIGIBLE
E_CONFIRM,2026-07-21T01:00:00+00:00,4825,True,ELIGIBLE
E_CONFIRM,2026-07-21T02:00:00+00:00,4826,True,ELIGIBLE
E_CONFIRM,2026-07-21T03:00:00+00:00,4827,True,ELIGIBLE
E_CONFIRM,2026-07-21T04:00:00+00:00,4828,True,ELIGIBLE
E_CONFIRM,2026-07-21T05:00:00+00:00,4829,True,ELIGIBLE
E_CONFIRM,2026-07-21T06:00:00+00:00,4830,True,ELIGIBLE
E_CONFIRM,2026-07-21T07:00:00+00:00,4831,True,ELIGIBLE
E_CONFIRM,2026-07-21T08:00:00+00:00,4832,True,ELIGIBLE
E_CONFIRM,2026-07-21T09:00:00+00:00,4833,True,ELIGIBLE
E_CONFIRM,2026-07-21T10:00:00+00:00,4834,True,ELIGIBLE
E_CONFIRM,2026-07-21T11:00:00+00:00,4835,True,ELIGIBLE
E_CONFIRM,2026-07-21T12:00:00+00:00,4836,True,ELIGIBLE
E_CONFIRM,2026-07-21T13:00:00+00:00,4837,True,ELIGIBLE
E_CONFIRM,2026-07-21T14:00:00+00:00,4838,True,ELIGIBLE
E_CONFIRM,2026-07-21T15:00:00+00:00,4839,True,ELIGIBLE
E_CONFIRM,2026-07-21T16:00:00+00:00,4840,True,ELIGIBLE
E_CONFIRM,2026-07-21T17:00:00+00:00,4841,True,ELIGIBLE
E_CONFIRM,2026-07-21T18:00:00+00:00,4842,True,ELIGIBLE
E_CONFIRM,2026-07-21T19:00:00+00:00,4843,True,ELIGIBLE
E_CONFIRM,2026-07-21T20:00:00+00:00,4844,True,ELIGIBLE
E_CONFIRM,2026-07-21T21:00:00+00:00,4845,True,ELIGIBLE
E_CONFIRM,2026-07-21T22:00:00+00:00,4846,True,ELIGIBLE
E_CONFIRM,2026-07-21T23:00:00+00:00,4847,True,ELIGIBLE
E_CONFIRM,2026-07-22T00:00:00+00:00,4848,True,ELIGIBLE
E_CONFIRM,2026-07-22T01:00:00+00:00,4849,True,ELIGIBLE
E_CONFIRM,2026-07-22T02:00:00+00:00,4850,True,ELIGIBLE
E_CONFIRM,2026-07-22T03:00:00+00:00,4851,True,ELIGIBLE
E_CONFIRM,2026-07-22T04:00:00+00:00,4852,True,ELIGIBLE
E_CONFIRM,2026-07-22T05:00:00+00:00,4853,True,ELIGIBLE
E_CONFIRM,2026-07-22T06:00:00+00:00,4854,True,ELIGIBLE
E_CONFIRM,2026-07-22T07:00:00+00:00,4855,True,ELIGIBLE
E_CONFIRM,2026-07-22T08:00:00+00:00,4856,True,ELIGIBLE
E_CONFIRM,2026-07-22T09:00:00+00:00,4857,True,ELIGIBLE
E_CONFIRM,2026-07-22T10:00:00+00:00,4858,True,ELIGIBLE
E_CONFIRM,2026-07-22T11:00:00+00:00,4859,True,ELIGIBLE
E_CONFIRM,2026-07-22T12:00:00+00:00,4860,True,ELIGIBLE
E_CONFIRM,2026-07-22T13:00:00+00:00,4861,True,ELIGIBLE
E_CONFIRM,2026-07-22T14:00:00+00:00,4862,True,ELIGIBLE
E_CONFIRM,2026-07-22T15:00:00+00:00,4863,True,ELIGIBLE
E_CONFIRM,2026-07-22T16:00:00+00:00,4864,True,ELIGIBLE
E_CONFIRM,2026-07-22T17:00:00+00:00,4865,True,ELIGIBLE
E_CONFIRM,2026-07-22T18:00:00+00:00,4866,True,ELIGIBLE
E_CONFIRM,2026-07-22T19:00:00+00:00,4867,True,ELIGIBLE
E_CONFIRM,2026-07-22T20:00:00+00:00,4868,True,ELIGIBLE
E_CONFIRM,2026-07-22T21:00:00+00:00,4869,True,ELIGIBLE
E_CONFIRM,2026-07-22T22:00:00+00:00,4870,True,ELIGIBLE
E_CONFIRM,2026-07-22T23:00:00+00:00,4871,True,ELIGIBLE
E_CONFIRM,2026-07-23T00:00:00+00:00,4872,True,ELIGIBLE
E_CONFIRM,2026-07-23T01:00:00+00:00,4873,True,ELIGIBLE
E_CONFIRM,2026-07-23T02:00:00+00:00,4874,True,ELIGIBLE
E_CONFIRM,2026-07-23T03:00:00+00:00,4875,True,ELIGIBLE
E_CONFIRM,2026-07-23T04:00:00+00:00,4876,True,ELIGIBLE
E_CONFIRM,2026-07-23T05:00:00+00:00,4877,True,ELIGIBLE
E_CONFIRM,2026-07-23T06:00:00+00:00,4878,True,ELIGIBLE
E_CONFIRM,2026-07-23T07:00:00+00:00,4879,True,ELIGIBLE
E_CONFIRM,2026-07-23T08:00:00+00:00,4880,True,ELIGIBLE
E_CONFIRM,2026-07-23T09:00:00+00:00,4881,True,ELIGIBLE
E_CONFIRM,2026-07-23T10:00:00+00:00,4882,True,ELIGIBLE
E_CONFIRM,2026-07-23T11:00:00+00:00,4883,True,ELIGIBLE
E_CONFIRM,2026-07-23T12:00:00+00:00,4884,True,ELIGIBLE
E_CONFIRM,2026-07-23T13:00:00+00:00,4885,True,ELIGIBLE
E_CONFIRM,2026-07-23T14:00:00+00:00,4886,True,ELIGIBLE
E_CONFIRM,2026-07-23T15:00:00+00:00,4887,True,ELIGIBLE
E_CONFIRM,2026-07-23T16:00:00+00:00,4888,True,ELIGIBLE
E_CONFIRM,2026-07-23T17:00:00+00:00,4889,True,ELIGIBLE
E_CONFIRM,2026-07-23T18:00:00+00:00,4890,True,ELIGIBLE
E_CONFIRM,2026-07-23T19:00:00+00:00,4891,True,ELIGIBLE
E_CONFIRM,2026-07-23T20:00:00+00:00,4892,True,ELIGIBLE
E_CONFIRM,2026-07-23T21:00:00+00:00,4893,True,ELIGIBLE
E_CONFIRM,2026-07-23T22:00:00+00:00,4894,True,ELIGIBLE
E_CONFIRM,2026-07-23T23:00:00+00:00,4895,True,ELIGIBLE
E_CONFIRM,2026-07-24T00:00:00+00:00,4896,True,ELIGIBLE
E_CONFIRM,2026-07-24T01:00:00+00:00,4897,True,ELIGIBLE
E_CONFIRM,2026-07-24T02:00:00+00:00,4898,True,ELIGIBLE
E_CONFIRM,2026-07-24T03:00:00+00:00,4899,True,ELIGIBLE
E_CONFIRM,2026-07-24T04:00:00+00:00,4900,True,ELIGIBLE
E_CONFIRM,2026-07-24T05:00:00+00:00,4901,True,ELIGIBLE
E_CONFIRM,2026-07-24T06:00:00+00:00,4902,True,ELIGIBLE
E_CONFIRM,2026-07-24T07:00:00+00:00,4903,True,ELIGIBLE
E_CONFIRM,2026-07-24T08:00:00+00:00,4904,True,ELIGIBLE
E_CONFIRM,2026-07-24T09:00:00+00:00,4905,True,ELIGIBLE
E_CONFIRM,2026-07-24T10:00:00+00:00,4906,True,ELIGIBLE
E_CONFIRM,2026-07-24T11:00:00+00:00,4907,True,ELIGIBLE
E_CONFIRM,2026-07-24T12:00:00+00:00,4908,True,ELIGIBLE
E_CONFIRM,2026-07-24T13:00:00+00:00,4909,True,ELIGIBLE
E_CONFIRM,2026-07-24T14:00:00+00:00,4910,True,ELIGIBLE
E_CONFIRM,2026-07-24T15:00:00+00:00,4911,True,ELIGIBLE
E_CONFIRM,2026-07-24T16:00:00+00:00,4912,True,ELIGIBLE
E_CONFIRM,2026-07-24T17:00:00+00:00,4913,True,ELIGIBLE
E_CONFIRM,2026-07-24T18:00:00+00:00,4914,True,ELIGIBLE
E_CONFIRM,2026-07-24T19:00:00+00:00,4915,True,ELIGIBLE
E_CONFIRM,2026-07-24T20:00:00+00:00,4916,True,ELIGIBLE
E_CONFIRM,2026-07-24T21:00:00+00:00,4917,True,ELIGIBLE
E_CONFIRM,2026-07-24T22:00:00+00:00,4918,True,ELIGIBLE
E_CONFIRM,2026-07-24T23:00:00+00:00,4919,True,ELIGIBLE
E_CONFIRM,2026-07-25T00:00:00+00:00,4920,True,ELIGIBLE
E_CONFIRM,2026-07-25T01:00:00+00:00,4921,True,ELIGIBLE
E_CONFIRM,2026-07-25T02:00:00+00:00,4922,True,ELIGIBLE
E_CONFIRM,2026-07-25T03:00:00+00:00,4923,True,ELIGIBLE
E_CONFIRM,2026-07-25T04:00:00+00:00,4924,True,ELIGIBLE
E_CONFIRM,2026-07-25T05:00:00+00:00,4925,True,ELIGIBLE
E_CONFIRM,2026-07-25T06:00:00+00:00,4926,True,ELIGIBLE
E_CONFIRM,2026-07-25T07:00:00+00:00,4927,True,ELIGIBLE
E_CONFIRM,2026-07-25T08:00:00+00:00,4928,True,ELIGIBLE
E_CONFIRM,2026-07-25T09:00:00+00:00,4929,True,ELIGIBLE
E_CONFIRM,2026-07-25T10:00:00+00:00,4930,True,ELIGIBLE
E_CONFIRM,2026-07-25T11:00:00+00:00,4931,True,ELIGIBLE
E_CONFIRM,2026-07-25T12:00:00+00:00,4932,True,ELIGIBLE
E_CONFIRM,2026-07-25T13:00:00+00:00,4933,True,ELIGIBLE
E_CONFIRM,2026-07-25T14:00:00+00:00,4934,True,ELIGIBLE
E_CONFIRM,2026-07-25T15:00:00+00:00,4935,True,ELIGIBLE
E_CONFIRM,2026-07-25T16:00:00+00:00,4936,True,ELIGIBLE
E_CONFIRM,2026-07-25T17:00:00+00:00,4937,True,ELIGIBLE
E_CONFIRM,2026-07-25T18:00:00+00:00,4938,True,ELIGIBLE
E_CONFIRM,2026-07-25T19:00:00+00:00,4939,True,ELIGIBLE
E_CONFIRM,2026-07-25T20:00:00+00:00,4940,True,ELIGIBLE
E_CONFIRM,2026-07-25T21:00:00+00:00,4941,True,ELIGIBLE
E_CONFIRM,2026-07-25T22:00:00+00:00,4942,True,ELIGIBLE
E_CONFIRM,2026-07-25T23:00:00+00:00,4943,True,ELIGIBLE
E_CONFIRM,2026-07-26T00:00:00+00:00,4944,True,ELIGIBLE
E_CONFIRM,2026-07-26T01:00:00+00:00,4945,True,ELIGIBLE
E_CONFIRM,2026-07-26T02:00:00+00:00,4946,True,ELIGIBLE
E_CONFIRM,2026-07-26T03:00:00+00:00,4947,True,ELIGIBLE
E_CONFIRM,2026-07-26T04:00:00+00:00,4948,True,ELIGIBLE
E_CONFIRM,2026-07-26T05:00:00+00:00,4949,True,ELIGIBLE
E_CONFIRM,2026-07-26T06:00:00+00:00,4950,True,ELIGIBLE
E_CONFIRM,2026-07-26T07:00:00+00:00,4951,True,ELIGIBLE
E_CONFIRM,2026-07-26T08:00:00+00:00,4952,True,ELIGIBLE
E_CONFIRM,2026-07-26T09:00:00+00:00,4953,True,ELIGIBLE
E_CONFIRM,2026-07-26T10:00:00+00:00,4954,True,ELIGIBLE
E_CONFIRM,2026-07-26T11:00:00+00:00,4955,True,ELIGIBLE
E_CONFIRM,2026-07-26T12:00:00+00:00,4956,True,ELIGIBLE
E_CONFIRM,2026-07-26T13:00:00+00:00,4957,True,ELIGIBLE
E_CONFIRM,2026-07-26T14:00:00+00:00,4958,True,ELIGIBLE
E_CONFIRM,2026-07-26T15:00:00+00:00,4959,True,ELIGIBLE
E_CONFIRM,2026-07-26T16:00:00+00:00,4960,True,ELIGIBLE
E_CONFIRM,2026-07-26T17:00:00+00:00,4961,True,ELIGIBLE
E_CONFIRM,2026-07-26T18:00:00+00:00,4962,True,ELIGIBLE
E_CONFIRM,2026-07-26T19:00:00+00:00,4963,True,ELIGIBLE
E_CONFIRM,2026-07-26T20:00:00+00:00,4964,True,ELIGIBLE
E_CONFIRM,2026-07-26T21:00:00+00:00,4965,True,ELIGIBLE
E_CONFIRM,2026-07-26T22:00:00+00:00,4966,True,ELIGIBLE
E_CONFIRM,2026-07-26T23:00:00+00:00,4967,True,ELIGIBLE
E_CONFIRM,2026-07-27T00:00:00+00:00,4968,True,ELIGIBLE
E_CONFIRM,2026-07-27T01:00:00+00:00,4969,True,ELIGIBLE
E_CONFIRM,2026-07-27T02:00:00+00:00,4970,True,ELIGIBLE
E_CONFIRM,2026-07-27T03:00:00+00:00,4971,True,ELIGIBLE
E_CONFIRM,2026-07-27T04:00:00+00:00,4972,True,ELIGIBLE
E_CONFIRM,2026-07-27T05:00:00+00:00,4973,True,ELIGIBLE
E_CONFIRM,2026-07-27T06:00:00+00:00,4974,True,ELIGIBLE
E_CONFIRM,2026-07-27T07:00:00+00:00,4975,True,ELIGIBLE
E_CONFIRM,2026-07-27T08:00:00+00:00,4976,True,ELIGIBLE
E_CONFIRM,2026-07-27T09:00:00+00:00,4977,True,ELIGIBLE
E_CONFIRM,2026-07-27T10:00:00+00:00,4978,True,ELIGIBLE
E_CONFIRM,2026-07-27T11:00:00+00:00,4979,True,ELIGIBLE
E_CONFIRM,2026-07-27T12:00:00+00:00,4980,True,ELIGIBLE
E_CONFIRM,2026-07-27T13:00:00+00:00,4981,True,ELIGIBLE
E_CONFIRM,2026-07-27T14:00:00+00:00,4982,True,ELIGIBLE
E_CONFIRM,2026-07-27T15:00:00+00:00,4983,True,ELIGIBLE
E_CONFIRM,2026-07-27T16:00:00+00:00,4984,True,ELIGIBLE
E_CONFIRM,2026-07-27T17:00:00+00:00,4985,True,ELIGIBLE
E_CONFIRM,2026-07-27T18:00:00+00:00,4986,True,ELIGIBLE
E_CONFIRM,2026-07-27T19:00:00+00:00,4987,True,ELIGIBLE
E_CONFIRM,2026-07-27T20:00:00+00:00,4988,True,ELIGIBLE
E_CONFIRM,2026-07-27T21:00:00+00:00,4989,True,ELIGIBLE
E_CONFIRM,2026-07-27T22:00:00+00:00,4990,True,ELIGIBLE
E_CONFIRM,2026-07-27T23:00:00+00:00,4991,True,ELIGIBLE
E_CONFIRM,2026-07-28T00:00:00+00:00,4992,True,ELIGIBLE
E_CONFIRM,2026-07-28T01:00:00+00:00,4993,True,ELIGIBLE
E_CONFIRM,2026-07-28T02:00:00+00:00,4994,True,ELIGIBLE
E_CONFIRM,2026-07-28T03:00:00+00:00,4995,True,ELIGIBLE
E_CONFIRM,2026-07-28T04:00:00+00:00,4996,True,ELIGIBLE
E_CONFIRM,2026-07-28T05:00:00+00:00,4997,True,ELIGIBLE
E_CONFIRM,2026-07-28T06:00:00+00:00,4998,True,ELIGIBLE
E_CONFIRM,2026-07-28T07:00:00+00:00,4999,True,ELIGIBLE
E_CONFIRM,2026-07-28T08:00:00+00:00,5000,True,ELIGIBLE
E_CONFIRM,2026-07-28T09:00:00+00:00,5001,True,ELIGIBLE
E_CONFIRM,2026-07-28T10:00:00+00:00,5002,True,ELIGIBLE
E_CONFIRM,2026-07-28T11:00:00+00:00,5003,True,ELIGIBLE
E_CONFIRM,2026-07-28T12:00:00+00:00,5004,True,ELIGIBLE
E_CONFIRM,2026-07-28T13:00:00+00:00,5005,True,ELIGIBLE
E_CONFIRM,2026-07-28T14:00:00+00:00,5006,True,ELIGIBLE
E_CONFIRM,2026-07-28T15:00:00+00:00,5007,True,ELIGIBLE
E_CONFIRM,2026-07-28T16:00:00+00:00,5008,True,ELIGIBLE
E_CONFIRM,2026-07-28T17:00:00+00:00,5009,True,ELIGIBLE
E_CONFIRM,2026-07-28T18:00:00+00:00,5010,True,ELIGIBLE
E_CONFIRM,2026-07-28T19:00:00+00:00,5011,True,ELIGIBLE
E_CONFIRM,2026-07-28T20:00:00+00:00,5012,True,ELIGIBLE
E_CONFIRM,2026-07-28T21:00:00+00:00,5013,True,ELIGIBLE
E_CONFIRM,2026-07-28T22:00:00+00:00,5014,True,ELIGIBLE
E_CONFIRM,2026-07-28T23:00:00+00:00,5015,True,ELIGIBLE
E_CONFIRM,2026-07-29T00:00:00+00:00,5016,True,ELIGIBLE
E_CONFIRM,2026-07-29T01:00:00+00:00,5017,True,ELIGIBLE
E_CONFIRM,2026-07-29T02:00:00+00:00,5018,True,ELIGIBLE
E_CONFIRM,2026-07-29T03:00:00+00:00,5019,True,ELIGIBLE
E_CONFIRM,2026-07-29T04:00:00+00:00,5020,True,ELIGIBLE
E_CONFIRM,2026-07-29T05:00:00+00:00,5021,True,ELIGIBLE
E_CONFIRM,2026-07-29T06:00:00+00:00,5022,True,ELIGIBLE
E_CONFIRM,2026-07-29T07:00:00+00:00,5023,True,ELIGIBLE
E_CONFIRM,2026-07-29T08:00:00+00:00,5024,True,ELIGIBLE
E_CONFIRM,2026-07-29T09:00:00+00:00,5025,True,ELIGIBLE
E_CONFIRM,2026-07-29T10:00:00+00:00,5026,True,ELIGIBLE
E_CONFIRM,2026-07-29T11:00:00+00:00,5027,True,ELIGIBLE
E_CONFIRM,2026-07-29T12:00:00+00:00,5028,True,ELIGIBLE
E_CONFIRM,2026-07-29T13:00:00+00:00,5029,True,ELIGIBLE
E_CONFIRM,2026-07-29T14:00:00+00:00,5030,True,ELIGIBLE
E_CONFIRM,2026-07-29T15:00:00+00:00,5031,True,ELIGIBLE
E_CONFIRM,2026-07-29T16:00:00+00:00,5032,True,ELIGIBLE
E_CONFIRM,2026-07-29T17:00:00+00:00,5033,True,ELIGIBLE
E_CONFIRM,2026-07-29T18:00:00+00:00,5034,True,ELIGIBLE
E_CONFIRM,2026-07-29T19:00:00+00:00,5035,True,ELIGIBLE
E_CONFIRM,2026-07-29T20:00:00+00:00,5036,True,ELIGIBLE
E_CONFIRM,2026-07-29T21:00:00+00:00,5037,True,ELIGIBLE
E_CONFIRM,2026-07-29T22:00:00+00:00,5038,True,ELIGIBLE
E_CONFIRM,2026-07-29T23:00:00+00:00,5039,True,ELIGIBLE
E_CONFIRM,2026-07-30T00:00:00+00:00,5040,True,ELIGIBLE
E_CONFIRM,2026-07-30T01:00:00+00:00,5041,True,ELIGIBLE
E_CONFIRM,2026-07-30T02:00:00+00:00,5042,True,ELIGIBLE
E_CONFIRM,2026-07-30T03:00:00+00:00,5043,True,ELIGIBLE
E_CONFIRM,2026-07-30T04:00:00+00:00,5044,True,ELIGIBLE
E_CONFIRM,2026-07-30T05:00:00+00:00,5045,True,ELIGIBLE
E_CONFIRM,2026-07-30T06:00:00+00:00,5046,True,ELIGIBLE
E_CONFIRM,2026-07-30T07:00:00+00:00,5047,True,ELIGIBLE
E_CONFIRM,2026-07-30T08:00:00+00:00,5048,True,ELIGIBLE
E_CONFIRM,2026-07-30T09:00:00+00:00,5049,True,ELIGIBLE
E_CONFIRM,2026-07-30T10:00:00+00:00,5050,True,ELIGIBLE
E_CONFIRM,2026-07-30T11:00:00+00:00,5051,True,ELIGIBLE
E_CONFIRM,2026-07-30T12:00:00+00:00,5052,True,ELIGIBLE
E_CONFIRM,2026-07-30T13:00:00+00:00,5053,True,ELIGIBLE
E_CONFIRM,2026-07-30T14:00:00+00:00,5054,True,ELIGIBLE
E_CONFIRM,2026-07-30T15:00:00+00:00,5055,True,ELIGIBLE
E_CONFIRM,2026-07-30T16:00:00+00:00,5056,True,ELIGIBLE
E_CONFIRM,2026-07-30T17:00:00+00:00,5057,True,ELIGIBLE
E_CONFIRM,2026-07-30T18:00:00+00:00,5058,True,ELIGIBLE
E_CONFIRM,2026-07-30T19:00:00+00:00,5059,True,ELIGIBLE
E_CONFIRM,2026-07-30T20:00:00+00:00,5060,True,ELIGIBLE
E_CONFIRM,2026-07-30T21:00:00+00:00,5061,True,ELIGIBLE
E_CONFIRM,2026-07-30T22:00:00+00:00,5062,True,ELIGIBLE
E_CONFIRM,2026-07-30T23:00:00+00:00,5063,True,ELIGIBLE
E_CONFIRM,2026-07-31T00:00:00+00:00,5064,True,ELIGIBLE
E_CONFIRM,2026-07-31T01:00:00+00:00,5065,True,ELIGIBLE
E_CONFIRM,2026-07-31T02:00:00+00:00,5066,True,ELIGIBLE
E_CONFIRM,2026-07-31T03:00:00+00:00,5067,True,ELIGIBLE
E_CONFIRM,2026-07-31T04:00:00+00:00,5068,True,ELIGIBLE
E_CONFIRM,2026-07-31T05:00:00+00:00,5069,True,ELIGIBLE
E_CONFIRM,2026-07-31T06:00:00+00:00,5070,True,ELIGIBLE
E_CONFIRM,2026-07-31T07:00:00+00:00,5071,True,ELIGIBLE
E_CONFIRM,2026-07-31T08:00:00+00:00,5072,True,ELIGIBLE
E_CONFIRM,2026-07-31T09:00:00+00:00,5073,True,ELIGIBLE
E_CONFIRM,2026-07-31T10:00:00+00:00,5074,True,ELIGIBLE
E_CONFIRM,2026-07-31T11:00:00+00:00,5075,True,ELIGIBLE
E_CONFIRM,2026-07-31T12:00:00+00:00,5076,True,ELIGIBLE
E_CONFIRM,2026-07-31T13:00:00+00:00,5077,True,ELIGIBLE
E_CONFIRM,2026-07-31T14:00:00+00:00,5078,True,ELIGIBLE
E_CONFIRM,2026-07-31T15:00:00+00:00,5079,True,ELIGIBLE
E_CONFIRM,2026-07-31T16:00:00+00:00,5080,True,ELIGIBLE
E_CONFIRM,2026-07-31T17:00:00+00:00,5081,True,ELIGIBLE
E_CONFIRM,2026-07-31T18:00:00+00:00,5082,True,ELIGIBLE
E_CONFIRM,2026-07-31T19:00:00+00:00,5083,True,ELIGIBLE
E_CONFIRM,2026-07-31T20:00:00+00:00,5084,True,ELIGIBLE
E_CONFIRM,2026-07-31T21:00:00+00:00,5085,True,ELIGIBLE
E_CONFIRM,2026-07-31T22:00:00+00:00,5086,True,ELIGIBLE
E_CONFIRM,2026-07-31T23:00:00+00:00,5087,True,ELIGIBLE
E_CONFIRM,2026-08-01T00:00:00+00:00,5088,True,ELIGIBLE
E_CONFIRM,2026-08-01T01:00:00+00:00,5089,True,ELIGIBLE
E_CONFIRM,2026-08-01T02:00:00+00:00,5090,True,ELIGIBLE
E_CONFIRM,2026-08-01T03:00:00+00:00,5091,True,ELIGIBLE
E_CONFIRM,2026-08-01T04:00:00+00:00,5092,True,ELIGIBLE
E_CONFIRM,2026-08-01T05:00:00+00:00,5093,True,ELIGIBLE
E_CONFIRM,2026-08-01T06:00:00+00:00,5094,True,ELIGIBLE
E_CONFIRM,2026-08-01T07:00:00+00:00,5095,True,ELIGIBLE
E_CONFIRM,2026-08-01T08:00:00+00:00,5096,True,ELIGIBLE
E_CONFIRM,2026-08-01T09:00:00+00:00,5097,True,ELIGIBLE
E_CONFIRM,2026-08-01T10:00:00+00:00,5098,True,ELIGIBLE
E_CONFIRM,2026-08-01T11:00:00+00:00,5099,True,ELIGIBLE
E_CONFIRM,2026-08-01T12:00:00+00:00,5100,True,ELIGIBLE
E_CONFIRM,2026-08-01T13:00:00+00:00,5101,True,ELIGIBLE
E_CONFIRM,2026-08-01T14:00:00+00:00,5102,True,ELIGIBLE
E_CONFIRM,2026-08-01T15:00:00+00:00,5103,True,ELIGIBLE
E_CONFIRM,2026-08-01T16:00:00+00:00,5104,True,ELIGIBLE
E_CONFIRM,2026-08-01T17:00:00+00:00,5105,True,ELIGIBLE
E_CONFIRM,2026-08-01T18:00:00+00:00,5106,True,ELIGIBLE
E_CONFIRM,2026-08-01T19:00:00+00:00,5107,True,ELIGIBLE
E_CONFIRM,2026-08-01T20:00:00+00:00,5108,True,ELIGIBLE
E_CONFIRM,2026-08-01T21:00:00+00:00,5109,True,ELIGIBLE
E_CONFIRM,2026-08-01T22:00:00+00:00,5110,True,ELIGIBLE
E_CONFIRM,2026-08-01T23:00:00+00:00,5111,True,ELIGIBLE
E_CONFIRM,2026-08-02T00:00:00+00:00,5112,True,ELIGIBLE
E_CONFIRM,2026-08-02T01:00:00+00:00,5113,True,ELIGIBLE
E_CONFIRM,2026-08-02T02:00:00+00:00,5114,True,ELIGIBLE
E_CONFIRM,2026-08-02T03:00:00+00:00,5115,True,ELIGIBLE
E_CONFIRM,2026-08-02T04:00:00+00:00,5116,True,ELIGIBLE
E_CONFIRM,2026-08-02T05:00:00+00:00,5117,True,ELIGIBLE
E_CONFIRM,2026-08-02T06:00:00+00:00,5118,True,ELIGIBLE
E_CONFIRM,2026-08-02T07:00:00+00:00,5119,True,ELIGIBLE
E_CONFIRM,2026-08-02T08:00:00+00:00,5120,True,ELIGIBLE
E_CONFIRM,2026-08-02T09:00:00+00:00,5121,True,ELIGIBLE
E_CONFIRM,2026-08-02T10:00:00+00:00,5122,True,ELIGIBLE
E_CONFIRM,2026-08-02T11:00:00+00:00,5123,True,ELIGIBLE
E_CONFIRM,2026-08-02T12:00:00+00:00,5124,True,ELIGIBLE
E_CONFIRM,2026-08-02T13:00:00+00:00,5125,True,ELIGIBLE
E_CONFIRM,2026-08-02T14:00:00+00:00,5126,True,ELIGIBLE
E_CONFIRM,2026-08-02T15:00:00+00:00,5127,True,ELIGIBLE
E_CONFIRM,2026-08-02T16:00:00+00:00,5128,True,ELIGIBLE
E_CONFIRM,2026-08-02T17:00:00+00:00,5129,True,ELIGIBLE
E_CONFIRM,2026-08-02T18:00:00+00:00,5130,True,ELIGIBLE
E_CONFIRM,2026-08-02T19:00:00+00:00,5131,True,ELIGIBLE
E_CONFIRM,2026-08-02T20:00:00+00:00,5132,True,ELIGIBLE
E_CONFIRM,2026-08-02T21:00:00+00:00,5133,True,ELIGIBLE
E_CONFIRM,2026-08-02T22:00:00+00:00,5134,True,ELIGIBLE
E_CONFIRM,2026-08-02T23:00:00+00:00,5135,True,ELIGIBLE
E_CONFIRM,2026-08-03T00:00:00+00:00,5136,True,ELIGIBLE
E_CONFIRM,2026-08-03T01:00:00+00:00,5137,True,ELIGIBLE
E_CONFIRM,2026-08-03T02:00:00+00:00,5138,True,ELIGIBLE
E_CONFIRM,2026-08-03T03:00:00+00:00,5139,True,ELIGIBLE
E_CONFIRM,2026-08-03T04:00:00+00:00,5140,True,ELIGIBLE
E_CONFIRM,2026-08-03T05:00:00+00:00,5141,True,ELIGIBLE
E_CONFIRM,2026-08-03T06:00:00+00:00,5142,True,ELIGIBLE
E_CONFIRM,2026-08-03T07:00:00+00:00,5143,True,ELIGIBLE
E_CONFIRM,2026-08-03T08:00:00+00:00,5144,True,ELIGIBLE
E_CONFIRM,2026-08-03T09:00:00+00:00,5145,True,ELIGIBLE
E_CONFIRM,2026-08-03T10:00:00+00:00,5146,True,ELIGIBLE
E_CONFIRM,2026-08-03T11:00:00+00:00,5147,True,ELIGIBLE
E_CONFIRM,2026-08-03T12:00:00+00:00,5148,True,ELIGIBLE
E_CONFIRM,2026-08-03T13:00:00+00:00,5149,True,ELIGIBLE
E_CONFIRM,2026-08-03T14:00:00+00:00,5150,True,ELIGIBLE
E_CONFIRM,2026-08-03T15:00:00+00:00,5151,True,ELIGIBLE
E_CONFIRM,2026-08-03T16:00:00+00:00,5152,True,ELIGIBLE
E_CONFIRM,2026-08-03T17:00:00+00:00,5153,True,ELIGIBLE
E_CONFIRM,2026-08-03T18:00:00+00:00,5154,True,ELIGIBLE
E_CONFIRM,2026-08-03T19:00:00+00:00,5155,True,ELIGIBLE
E_CONFIRM,2026-08-03T20:00:00+00:00,5156,True,ELIGIBLE
E_CONFIRM,2026-08-03T21:00:00+00:00,5157,True,ELIGIBLE
E_CONFIRM,2026-08-03T22:00:00+00:00,5158,True,ELIGIBLE
E_CONFIRM,2026-08-03T23:00:00+00:00,5159,True,ELIGIBLE
E_CONFIRM,2026-08-04T00:00:00+00:00,5160,True,ELIGIBLE
E_CONFIRM,2026-08-04T01:00:00+00:00,5161,True,ELIGIBLE
E_CONFIRM,2026-08-04T02:00:00+00:00,5162,True,ELIGIBLE
E_CONFIRM,2026-08-04T03:00:00+00:00,5163,True,ELIGIBLE
E_CONFIRM,2026-08-04T04:00:00+00:00,5164,True,ELIGIBLE
E_CONFIRM,2026-08-04T05:00:00+00:00,5165,True,ELIGIBLE
E_CONFIRM,2026-08-04T06:00:00+00:00,5166,True,ELIGIBLE
E_CONFIRM,2026-08-04T07:00:00+00:00,5167,True,ELIGIBLE
E_CONFIRM,2026-08-04T08:00:00+00:00,5168,True,ELIGIBLE
E_CONFIRM,2026-08-04T09:00:00+00:00,5169,True,ELIGIBLE
E_CONFIRM,2026-08-04T10:00:00+00:00,5170,True,ELIGIBLE
E_CONFIRM,2026-08-04T11:00:00+00:00,5171,True,ELIGIBLE
E_CONFIRM,2026-08-04T12:00:00+00:00,5172,True,ELIGIBLE
E_CONFIRM,2026-08-04T13:00:00+00:00,5173,True,ELIGIBLE
E_CONFIRM,2026-08-04T14:00:00+00:00,5174,True,ELIGIBLE
E_CONFIRM,2026-08-04T15:00:00+00:00,5175,True,ELIGIBLE
E_CONFIRM,2026-08-04T16:00:00+00:00,5176,True,ELIGIBLE
E_CONFIRM,2026-08-04T17:00:00+00:00,5177,True,ELIGIBLE
E_CONFIRM,2026-08-04T18:00:00+00:00,5178,True,ELIGIBLE
E_CONFIRM,2026-08-04T19:00:00+00:00,5179,True,ELIGIBLE
E_CONFIRM,2026-08-04T20:00:00+00:00,5180,True,ELIGIBLE
E_CONFIRM,2026-08-04T21:00:00+00:00,5181,True,ELIGIBLE
E_CONFIRM,2026-08-04T22:00:00+00:00,5182,True,ELIGIBLE
E_CONFIRM,2026-08-04T23:00:00+00:00,5183,True,ELIGIBLE
E_CONFIRM,2026-08-05T00:00:00+00:00,5184,True,ELIGIBLE
E_CONFIRM,2026-08-05T01:00:00+00:00,5185,True,ELIGIBLE
E_CONFIRM,2026-08-05T02:00:00+00:00,5186,True,ELIGIBLE
E_CONFIRM,2026-08-05T03:00:00+00:00,5187,True,ELIGIBLE
E_CONFIRM,2026-08-05T04:00:00+00:00,5188,True,ELIGIBLE
E_CONFIRM,2026-08-05T05:00:00+00:00,5189,True,ELIGIBLE
E_CONFIRM,2026-08-05T06:00:00+00:00,5190,True,ELIGIBLE
E_CONFIRM,2026-08-05T07:00:00+00:00,5191,True,ELIGIBLE
E_CONFIRM,2026-08-05T08:00:00+00:00,5192,True,ELIGIBLE
E_CONFIRM,2026-08-05T09:00:00+00:00,5193,True,ELIGIBLE
E_CONFIRM,2026-08-05T10:00:00+00:00,5194,True,ELIGIBLE
E_CONFIRM,2026-08-05T11:00:00+00:00,5195,True,ELIGIBLE
E_CONFIRM,2026-08-05T12:00:00+00:00,5196,True,ELIGIBLE
E_CONFIRM,2026-08-05T13:00:00+00:00,5197,True,ELIGIBLE
E_CONFIRM,2026-08-05T14:00:00+00:00,5198,True,ELIGIBLE
E_CONFIRM,2026-08-05T15:00:00+00:00,5199,True,ELIGIBLE
E_CONFIRM,2026-08-05T16:00:00+00:00,5200,True,ELIGIBLE
E_CONFIRM,2026-08-05T17:00:00+00:00,5201,True,ELIGIBLE
E_CONFIRM,2026-08-05T18:00:00+00:00,5202,True,ELIGIBLE
E_CONFIRM,2026-08-05T19:00:00+00:00,5203,True,ELIGIBLE
E_CONFIRM,2026-08-05T20:00:00+00:00,5204,True,ELIGIBLE
E_CONFIRM,2026-08-05T21:00:00+00:00,5205,True,ELIGIBLE
E_CONFIRM,2026-08-05T22:00:00+00:00,5206,True,ELIGIBLE
E_CONFIRM,2026-08-05T23:00:00+00:00,5207,True,ELIGIBLE
E_CONFIRM,2026-08-06T00:00:00+00:00,5208,True,ELIGIBLE
E_CONFIRM,2026-08-06T01:00:00+00:00,5209,True,ELIGIBLE
E_CONFIRM,2026-08-06T02:00:00+00:00,5210,True,ELIGIBLE
E_CONFIRM,2026-08-06T03:00:00+00:00,5211,True,ELIGIBLE
E_CONFIRM,2026-08-06T04:00:00+00:00,5212,True,ELIGIBLE
E_CONFIRM,2026-08-06T05:00:00+00:00,5213,True,ELIGIBLE
E_CONFIRM,2026-08-06T06:00:00+00:00,5214,True,ELIGIBLE
E_CONFIRM,2026-08-06T07:00:00+00:00,5215,True,ELIGIBLE
E_CONFIRM,2026-08-06T08:00:00+00:00,5216,True,ELIGIBLE
E_CONFIRM,2026-08-06T09:00:00+00:00,5217,True,ELIGIBLE
E_CONFIRM,2026-08-06T10:00:00+00:00,5218,True,ELIGIBLE
E_CONFIRM,2026-08-06T11:00:00+00:00,5219,True,ELIGIBLE
E_CONFIRM,2026-08-06T12:00:00+00:00,5220,True,ELIGIBLE
E_CONFIRM,2026-08-06T13:00:00+00:00,5221,True,ELIGIBLE
E_CONFIRM,2026-08-06T14:00:00+00:00,5222,True,ELIGIBLE
E_CONFIRM,2026-08-06T15:00:00+00:00,5223,True,ELIGIBLE
E_CONFIRM,2026-08-06T16:00:00+00:00,5224,True,ELIGIBLE
E_CONFIRM,2026-08-06T17:00:00+00:00,5225,True,ELIGIBLE
E_CONFIRM,2026-08-06T18:00:00+00:00,5226,True,ELIGIBLE
E_CONFIRM,2026-08-06T19:00:00+00:00,5227,True,ELIGIBLE
E_CONFIRM,2026-08-06T20:00:00+00:00,5228,True,ELIGIBLE
E_CONFIRM,2026-08-06T21:00:00+00:00,5229,True,ELIGIBLE
E_CONFIRM,2026-08-06T22:00:00+00:00,5230,True,ELIGIBLE
E_CONFIRM,2026-08-06T23:00:00+00:00,5231,True,ELIGIBLE
E_CONFIRM,2026-08-07T00:00:00+00:00,5232,True,ELIGIBLE
E_CONFIRM,2026-08-07T01:00:00+00:00,5233,True,ELIGIBLE
E_CONFIRM,2026-08-07T02:00:00+00:00,5234,True,ELIGIBLE
E_CONFIRM,2026-08-07T03:00:00+00:00,5235,True,ELIGIBLE
E_CONFIRM,2026-08-07T04:00:00+00:00,5236,True,ELIGIBLE
E_CONFIRM,2026-08-07T05:00:00+00:00,5237,True,ELIGIBLE
E_CONFIRM,2026-08-07T06:00:00+00:00,5238,True,ELIGIBLE
E_CONFIRM,2026-08-07T07:00:00+00:00,5239,True,ELIGIBLE
E_CONFIRM,2026-08-07T08:00:00+00:00,5240,True,ELIGIBLE
E_CONFIRM,2026-08-07T09:00:00+00:00,5241,True,ELIGIBLE
E_CONFIRM,2026-08-07T10:00:00+00:00,5242,True,ELIGIBLE
E_CONFIRM,2026-08-07T11:00:00+00:00,5243,True,ELIGIBLE
E_CONFIRM,2026-08-07T12:00:00+00:00,5244,True,ELIGIBLE
E_CONFIRM,2026-08-07T13:00:00+00:00,5245,True,ELIGIBLE
E_CONFIRM,2026-08-07T14:00:00+00:00,5246,True,ELIGIBLE
E_CONFIRM,2026-08-07T15:00:00+00:00,5247,True,ELIGIBLE
E_CONFIRM,2026-08-07T16:00:00+00:00,5248,True,ELIGIBLE
E_CONFIRM,2026-08-07T17:00:00+00:00,5249,True,ELIGIBLE
E_CONFIRM,2026-08-07T18:00:00+00:00,5250,True,ELIGIBLE
E_CONFIRM,2026-08-07T19:00:00+00:00,5251,True,ELIGIBLE
E_CONFIRM,2026-08-07T20:00:00+00:00,5252,True,ELIGIBLE
E_CONFIRM,2026-08-07T21:00:00+00:00,5253,True,ELIGIBLE
E_CONFIRM,2026-08-07T22:00:00+00:00,5254,True,ELIGIBLE
E_CONFIRM,2026-08-07T23:00:00+00:00,5255,True,ELIGIBLE
E_CONFIRM,2026-08-08T00:00:00+00:00,5256,True,ELIGIBLE
E_CONFIRM,2026-08-08T01:00:00+00:00,5257,True,ELIGIBLE
E_CONFIRM,2026-08-08T02:00:00+00:00,5258,True,ELIGIBLE
E_CONFIRM,2026-08-08T03:00:00+00:00,5259,True,ELIGIBLE
E_CONFIRM,2026-08-08T04:00:00+00:00,5260,True,ELIGIBLE
E_CONFIRM,2026-08-08T05:00:00+00:00,5261,True,ELIGIBLE
E_CONFIRM,2026-08-08T06:00:00+00:00,5262,True,ELIGIBLE
E_CONFIRM,2026-08-08T07:00:00+00:00,5263,True,ELIGIBLE
E_CONFIRM,2026-08-08T08:00:00+00:00,5264,True,ELIGIBLE
E_CONFIRM,2026-08-08T09:00:00+00:00,5265,True,ELIGIBLE
E_CONFIRM,2026-08-08T10:00:00+00:00,5266,True,ELIGIBLE
E_CONFIRM,2026-08-08T11:00:00+00:00,5267,True,ELIGIBLE
E_CONFIRM,2026-08-08T12:00:00+00:00,5268,True,ELIGIBLE
E_CONFIRM,2026-08-08T13:00:00+00:00,5269,True,ELIGIBLE
E_CONFIRM,2026-08-08T14:00:00+00:00,5270,True,ELIGIBLE
E_CONFIRM,2026-08-08T15:00:00+00:00,5271,True,ELIGIBLE
E_CONFIRM,2026-08-08T16:00:00+00:00,5272,True,ELIGIBLE
E_CONFIRM,2026-08-08T17:00:00+00:00,5273,True,ELIGIBLE
E_CONFIRM,2026-08-08T18:00:00+00:00,5274,True,ELIGIBLE
E_CONFIRM,2026-08-08T19:00:00+00:00,5275,True,ELIGIBLE
E_CONFIRM,2026-08-08T20:00:00+00:00,5276,True,ELIGIBLE
E_CONFIRM,2026-08-08T21:00:00+00:00,5277,True,ELIGIBLE
E_CONFIRM,2026-08-08T22:00:00+00:00,5278,True,ELIGIBLE
E_CONFIRM,2026-08-08T23:00:00+00:00,5279,True,ELIGIBLE
E_CONFIRM,2026-08-09T00:00:00+00:00,5280,True,ELIGIBLE
E_CONFIRM,2026-08-09T01:00:00+00:00,5281,True,ELIGIBLE
E_CONFIRM,2026-08-09T02:00:00+00:00,5282,True,ELIGIBLE
E_CONFIRM,2026-08-09T03:00:00+00:00,5283,True,ELIGIBLE
E_CONFIRM,2026-08-09T04:00:00+00:00,5284,True,ELIGIBLE
E_CONFIRM,2026-08-09T05:00:00+00:00,5285,True,ELIGIBLE
E_CONFIRM,2026-08-09T06:00:00+00:00,5286,True,ELIGIBLE
E_CONFIRM,2026-08-09T07:00:00+00:00,5287,True,ELIGIBLE
E_CONFIRM,2026-08-09T08:00:00+00:00,5288,True,ELIGIBLE
E_CONFIRM,2026-08-09T09:00:00+00:00,5289,True,ELIGIBLE
E_CONFIRM,2026-08-09T10:00:00+00:00,5290,True,ELIGIBLE
E_CONFIRM,2026-08-09T11:00:00+00:00,5291,True,ELIGIBLE
E_CONFIRM,2026-08-09T12:00:00+00:00,5292,True,ELIGIBLE
E_CONFIRM,2026-08-09T13:00:00+00:00,5293,True,ELIGIBLE
E_CONFIRM,2026-08-09T14:00:00+00:00,5294,True,ELIGIBLE
E_CONFIRM,2026-08-09T15:00:00+00:00,5295,True,ELIGIBLE
E_CONFIRM,2026-08-09T16:00:00+00:00,5296,True,ELIGIBLE
E_CONFIRM,2026-08-09T17:00:00+00:00,5297,True,ELIGIBLE
E_CONFIRM,2026-08-09T18:00:00+00:00,5298,True,ELIGIBLE
E_CONFIRM,2026-08-09T19:00:00+00:00,5299,True,ELIGIBLE
E_CONFIRM,2026-08-09T20:00:00+00:00,5300,True,ELIGIBLE
E_CONFIRM,2026-08-09T21:00:00+00:00,5301,True,ELIGIBLE
E_CONFIRM,2026-08-09T22:00:00+00:00,5302,True,ELIGIBLE
E_CONFIRM,2026-08-09T23:00:00+00:00,5303,True,ELIGIBLE
E_CONFIRM,2026-08-10T00:00:00+00:00,5304,True,ELIGIBLE
E_CONFIRM,2026-08-10T01:00:00+00:00,5305,True,ELIGIBLE
E_CONFIRM,2026-08-10T02:00:00+00:00,5306,True,ELIGIBLE
E_CONFIRM,2026-08-10T03:00:00+00:00,5307,True,ELIGIBLE
E_CONFIRM,2026-08-10T04:00:00+00:00,5308,True,ELIGIBLE
E_CONFIRM,2026-08-10T05:00:00+00:00,5309,True,ELIGIBLE
E_CONFIRM,2026-08-10T06:00:00+00:00,5310,True,ELIGIBLE
E_CONFIRM,2026-08-10T07:00:00+00:00,5311,True,ELIGIBLE
E_CONFIRM,2026-08-10T08:00:00+00:00,5312,True,ELIGIBLE
E_CONFIRM,2026-08-10T09:00:00+00:00,5313,True,ELIGIBLE
E_CONFIRM,2026-08-10T10:00:00+00:00,5314,True,ELIGIBLE
E_CONFIRM,2026-08-10T11:00:00+00:00,5315,True,ELIGIBLE
E_CONFIRM,2026-08-10T12:00:00+00:00,5316,True,ELIGIBLE
E_CONFIRM,2026-08-10T13:00:00+00:00,5317,True,ELIGIBLE
E_CONFIRM,2026-08-10T14:00:00+00:00,5318,True,ELIGIBLE
E_CONFIRM,2026-08-10T15:00:00+00:00,5319,True,ELIGIBLE
E_CONFIRM,2026-08-10T16:00:00+00:00,5320,True,ELIGIBLE
E_CONFIRM,2026-08-10T17:00:00+00:00,5321,True,ELIGIBLE
E_CONFIRM,2026-08-10T18:00:00+00:00,5322,True,ELIGIBLE
E_CONFIRM,2026-08-10T19:00:00+00:00,5323,True,ELIGIBLE
E_CONFIRM,2026-08-10T20:00:00+00:00,5324,True,ELIGIBLE
E_CONFIRM,2026-08-10T21:00:00+00:00,5325,True,ELIGIBLE
E_CONFIRM,2026-08-10T22:00:00+00:00,5326,True,ELIGIBLE
E_CONFIRM,2026-08-10T23:00:00+00:00,5327,True,ELIGIBLE
E_CONFIRM,2026-08-11T00:00:00+00:00,5328,True,ELIGIBLE
E_CONFIRM,2026-08-11T01:00:00+00:00,5329,True,ELIGIBLE
E_CONFIRM,2026-08-11T02:00:00+00:00,5330,True,ELIGIBLE
E_CONFIRM,2026-08-11T03:00:00+00:00,5331,True,ELIGIBLE
E_CONFIRM,2026-08-11T04:00:00+00:00,5332,True,ELIGIBLE
E_CONFIRM,2026-08-11T05:00:00+00:00,5333,True,ELIGIBLE
E_CONFIRM,2026-08-11T06:00:00+00:00,5334,True,ELIGIBLE
E_CONFIRM,2026-08-11T07:00:00+00:00,5335,True,ELIGIBLE
E_CONFIRM,2026-08-11T08:00:00+00:00,5336,True,ELIGIBLE
E_CONFIRM,2026-08-11T09:00:00+00:00,5337,True,ELIGIBLE
E_CONFIRM,2026-08-11T10:00:00+00:00,5338,True,ELIGIBLE
E_CONFIRM,2026-08-11T11:00:00+00:00,5339,True,ELIGIBLE
E_CONFIRM,2026-08-11T12:00:00+00:00,5340,True,ELIGIBLE
E_CONFIRM,2026-08-11T13:00:00+00:00,5341,True,ELIGIBLE
E_CONFIRM,2026-08-11T14:00:00+00:00,5342,True,ELIGIBLE
E_CONFIRM,2026-08-11T15:00:00+00:00,5343,True,ELIGIBLE
E_CONFIRM,2026-08-11T16:00:00+00:00,5344,True,ELIGIBLE
E_CONFIRM,2026-08-11T17:00:00+00:00,5345,True,ELIGIBLE
E_CONFIRM,2026-08-11T18:00:00+00:00,5346,True,ELIGIBLE
E_CONFIRM,2026-08-11T19:00:00+00:00,5347,True,ELIGIBLE
E_CONFIRM,2026-08-11T20:00:00+00:00,5348,True,ELIGIBLE
E_CONFIRM,2026-08-11T21:00:00+00:00,5349,True,ELIGIBLE
E_CONFIRM,2026-08-11T22:00:00+00:00,5350,True,ELIGIBLE
E_CONFIRM,2026-08-11T23:00:00+00:00,5351,True,ELIGIBLE
E_CONFIRM,2026-08-12T00:00:00+00:00,5352,True,ELIGIBLE
E_CONFIRM,2026-08-12T01:00:00+00:00,5353,True,ELIGIBLE
E_CONFIRM,2026-08-12T02:00:00+00:00,5354,True,ELIGIBLE
E_CONFIRM,2026-08-12T03:00:00+00:00,5355,True,ELIGIBLE
E_CONFIRM,2026-08-12T04:00:00+00:00,5356,True,ELIGIBLE
E_CONFIRM,2026-08-12T05:00:00+00:00,5357,True,ELIGIBLE
E_CONFIRM,2026-08-12T06:00:00+00:00,5358,True,ELIGIBLE
E_CONFIRM,2026-08-12T07:00:00+00:00,5359,True,ELIGIBLE
E_CONFIRM,2026-08-12T08:00:00+00:00,5360,True,ELIGIBLE
E_CONFIRM,2026-08-12T09:00:00+00:00,5361,True,ELIGIBLE
E_CONFIRM,2026-08-12T10:00:00+00:00,5362,True,ELIGIBLE
E_CONFIRM,2026-08-12T11:00:00+00:00,5363,True,ELIGIBLE
E_CONFIRM,2026-08-12T12:00:00+00:00,5364,True,ELIGIBLE
E_CONFIRM,2026-08-12T13:00:00+00:00,5365,True,ELIGIBLE
E_CONFIRM,2026-08-12T14:00:00+00:00,5366,True,ELIGIBLE
E_CONFIRM,2026-08-12T15:00:00+00:00,5367,True,ELIGIBLE
E_CONFIRM,2026-08-12T16:00:00+00:00,5368,True,ELIGIBLE
E_CONFIRM,2026-08-12T17:00:00+00:00,5369,True,ELIGIBLE
E_CONFIRM,2026-08-12T18:00:00+00:00,5370,True,ELIGIBLE
E_CONFIRM,2026-08-12T19:00:00+00:00,5371,True,ELIGIBLE
E_CONFIRM,2026-08-12T20:00:00+00:00,5372,True,ELIGIBLE
E_CONFIRM,2026-08-12T21:00:00+00:00,5373,True,ELIGIBLE
E_CONFIRM,2026-08-12T22:00:00+00:00,5374,True,ELIGIBLE
E_CONFIRM,2026-08-12T23:00:00+00:00,5375,True,ELIGIBLE
E_CONFIRM,2026-08-13T00:00:00+00:00,5376,True,ELIGIBLE
E_CONFIRM,2026-08-13T01:00:00+00:00,5377,True,ELIGIBLE
E_CONFIRM,2026-08-13T02:00:00+00:00,5378,True,ELIGIBLE
E_CONFIRM,2026-08-13T03:00:00+00:00,5379,True,ELIGIBLE
E_CONFIRM,2026-08-13T04:00:00+00:00,5380,True,ELIGIBLE
E_CONFIRM,2026-08-13T05:00:00+00:00,5381,True,ELIGIBLE
E_CONFIRM,2026-08-13T06:00:00+00:00,5382,True,ELIGIBLE
E_CONFIRM,2026-08-13T07:00:00+00:00,5383,True,ELIGIBLE
E_CONFIRM,2026-08-13T08:00:00+00:00,5384,True,ELIGIBLE
E_CONFIRM,2026-08-13T09:00:00+00:00,5385,True,ELIGIBLE
E_CONFIRM,2026-08-13T10:00:00+00:00,5386,True,ELIGIBLE
E_CONFIRM,2026-08-13T11:00:00+00:00,5387,True,ELIGIBLE
E_CONFIRM,2026-08-13T12:00:00+00:00,5388,True,ELIGIBLE
E_CONFIRM,2026-08-13T13:00:00+00:00,5389,True,ELIGIBLE
E_CONFIRM,2026-08-13T14:00:00+00:00,5390,True,ELIGIBLE
E_CONFIRM,2026-08-13T15:00:00+00:00,5391,True,ELIGIBLE
E_CONFIRM,2026-08-13T16:00:00+00:00,5392,True,ELIGIBLE
E_CONFIRM,2026-08-13T17:00:00+00:00,5393,True,ELIGIBLE
E_CONFIRM,2026-08-13T18:00:00+00:00,5394,True,ELIGIBLE
E_CONFIRM,2026-08-13T19:00:00+00:00,5395,True,ELIGIBLE
E_CONFIRM,2026-08-13T20:00:00+00:00,5396,True,ELIGIBLE
E_CONFIRM,2026-08-13T21:00:00+00:00,5397,True,ELIGIBLE
E_CONFIRM,2026-08-13T22:00:00+00:00,5398,True,ELIGIBLE
E_CONFIRM,2026-08-13T23:00:00+00:00,5399,True,ELIGIBLE
E_CONFIRM,2026-08-14T00:00:00+00:00,5400,True,ELIGIBLE
E_CONFIRM,2026-08-14T01:00:00+00:00,5401,True,ELIGIBLE
E_CONFIRM,2026-08-14T02:00:00+00:00,5402,True,ELIGIBLE
E_CONFIRM,2026-08-14T03:00:00+00:00,5403,True,ELIGIBLE
E_CONFIRM,2026-08-14T04:00:00+00:00,5404,True,ELIGIBLE
E_CONFIRM,2026-08-14T05:00:00+00:00,5405,True,ELIGIBLE
E_CONFIRM,2026-08-14T06:00:00+00:00,5406,True,ELIGIBLE
E_CONFIRM,2026-08-14T07:00:00+00:00,5407,True,ELIGIBLE
E_CONFIRM,2026-08-14T08:00:00+00:00,5408,True,ELIGIBLE
E_CONFIRM,2026-08-14T09:00:00+00:00,5409,True,ELIGIBLE
E_CONFIRM,2026-08-14T10:00:00+00:00,5410,True,ELIGIBLE
E_CONFIRM,2026-08-14T11:00:00+00:00,5411,True,ELIGIBLE
E_CONFIRM,2026-08-14T12:00:00+00:00,5412,True,ELIGIBLE
E_CONFIRM,2026-08-14T13:00:00+00:00,5413,True,ELIGIBLE
E_CONFIRM,2026-08-14T14:00:00+00:00,5414,True,ELIGIBLE
E_CONFIRM,2026-08-14T15:00:00+00:00,5415,True,ELIGIBLE
E_CONFIRM,2026-08-14T16:00:00+00:00,5416,True,ELIGIBLE
E_CONFIRM,2026-08-14T17:00:00+00:00,5417,True,ELIGIBLE
E_CONFIRM,2026-08-14T18:00:00+00:00,5418,True,ELIGIBLE
E_CONFIRM,2026-08-14T19:00:00+00:00,5419,True,ELIGIBLE
E_CONFIRM,2026-08-14T20:00:00+00:00,5420,True,ELIGIBLE
E_CONFIRM,2026-08-14T21:00:00+00:00,5421,True,ELIGIBLE
E_CONFIRM,2026-08-14T22:00:00+00:00,5422,True,ELIGIBLE
E_CONFIRM,2026-08-14T23:00:00+00:00,5423,True,ELIGIBLE
E_CONFIRM,2026-08-15T00:00:00+00:00,5424,True,ELIGIBLE
E_CONFIRM,2026-08-15T01:00:00+00:00,5425,True,ELIGIBLE
E_CONFIRM,2026-08-15T02:00:00+00:00,5426,True,ELIGIBLE
E_CONFIRM,2026-08-15T03:00:00+00:00,5427,True,ELIGIBLE
E_CONFIRM,2026-08-15T04:00:00+00:00,5428,True,ELIGIBLE
E_CONFIRM,2026-08-15T05:00:00+00:00,5429,True,ELIGIBLE
E_CONFIRM,2026-08-15T06:00:00+00:00,5430,True,ELIGIBLE
E_CONFIRM,2026-08-15T07:00:00+00:00,5431,True,ELIGIBLE
E_CONFIRM,2026-08-15T08:00:00+00:00,5432,True,ELIGIBLE
E_CONFIRM,2026-08-15T09:00:00+00:00,5433,True,ELIGIBLE
E_CONFIRM,2026-08-15T10:00:00+00:00,5434,True,ELIGIBLE
E_CONFIRM,2026-08-15T11:00:00+00:00,5435,True,ELIGIBLE
E_CONFIRM,2026-08-15T12:00:00+00:00,5436,True,ELIGIBLE
E_CONFIRM,2026-08-15T13:00:00+00:00,5437,True,ELIGIBLE
E_CONFIRM,2026-08-15T14:00:00+00:00,5438,True,ELIGIBLE
E_CONFIRM,2026-08-15T15:00:00+00:00,5439,True,ELIGIBLE
E_CONFIRM,2026-08-15T16:00:00+00:00,5440,True,ELIGIBLE
E_CONFIRM,2026-08-15T17:00:00+00:00,5441,True,ELIGIBLE
E_CONFIRM,2026-08-15T18:00:00+00:00,5442,True,ELIGIBLE
E_CONFIRM,2026-08-15T19:00:00+00:00,5443,True,ELIGIBLE
E_CONFIRM,2026-08-15T20:00:00+00:00,5444,True,ELIGIBLE
E_CONFIRM,2026-08-15T21:00:00+00:00,5445,True,ELIGIBLE
E_CONFIRM,2026-08-15T22:00:00+00:00,5446,True,ELIGIBLE
E_CONFIRM,2026-08-15T23:00:00+00:00,5447,True,ELIGIBLE
E_CONFIRM,2026-08-16T00:00:00+00:00,5448,True,ELIGIBLE
E_CONFIRM,2026-08-16T01:00:00+00:00,5449,True,ELIGIBLE
E_CONFIRM,2026-08-16T02:00:00+00:00,5450,True,ELIGIBLE
E_CONFIRM,2026-08-16T03:00:00+00:00,5451,True,ELIGIBLE
E_CONFIRM,2026-08-16T04:00:00+00:00,5452,True,ELIGIBLE
E_CONFIRM,2026-08-16T05:00:00+00:00,5453,True,ELIGIBLE
E_CONFIRM,2026-08-16T06:00:00+00:00,5454,True,ELIGIBLE
E_CONFIRM,2026-08-16T07:00:00+00:00,5455,True,ELIGIBLE
E_CONFIRM,2026-08-16T08:00:00+00:00,5456,True,ELIGIBLE
E_CONFIRM,2026-08-16T09:00:00+00:00,5457,True,ELIGIBLE
E_CONFIRM,2026-08-16T10:00:00+00:00,5458,True,ELIGIBLE
E_CONFIRM,2026-08-16T11:00:00+00:00,5459,True,ELIGIBLE
E_CONFIRM,2026-08-16T12:00:00+00:00,5460,True,ELIGIBLE
E_CONFIRM,2026-08-16T13:00:00+00:00,5461,True,ELIGIBLE
E_CONFIRM,2026-08-16T14:00:00+00:00,5462,True,ELIGIBLE
E_CONFIRM,2026-08-16T15:00:00+00:00,5463,True,ELIGIBLE
E_CONFIRM,2026-08-16T16:00:00+00:00,5464,True,ELIGIBLE
E_CONFIRM,2026-08-16T17:00:00+00:00,5465,True,ELIGIBLE
E_CONFIRM,2026-08-16T18:00:00+00:00,5466,True,ELIGIBLE
E_CONFIRM,2026-08-16T19:00:00+00:00,5467,True,ELIGIBLE
E_CONFIRM,2026-08-16T20:00:00+00:00,5468,True,ELIGIBLE
E_CONFIRM,2026-08-16T21:00:00+00:00,5469,True,ELIGIBLE
E_CONFIRM,2026-08-16T22:00:00+00:00,5470,True,ELIGIBLE
E_CONFIRM,2026-08-16T23:00:00+00:00,5471,True,ELIGIBLE
E_CONFIRM,2026-08-17T00:00:00+00:00,5472,True,ELIGIBLE
E_CONFIRM,2026-08-17T01:00:00+00:00,5473,True,ELIGIBLE
E_CONFIRM,2026-08-17T02:00:00+00:00,5474,True,ELIGIBLE
E_CONFIRM,2026-08-17T03:00:00+00:00,5475,True,ELIGIBLE
E_CONFIRM,2026-08-17T04:00:00+00:00,5476,True,ELIGIBLE
E_CONFIRM,2026-08-17T05:00:00+00:00,5477,True,ELIGIBLE
E_CONFIRM,2026-08-17T06:00:00+00:00,5478,True,ELIGIBLE
E_CONFIRM,2026-08-17T07:00:00+00:00,5479,True,ELIGIBLE
E_CONFIRM,2026-08-17T08:00:00+00:00,5480,True,ELIGIBLE
E_CONFIRM,2026-08-17T09:00:00+00:00,5481,True,ELIGIBLE
E_CONFIRM,2026-08-17T10:00:00+00:00,5482,True,ELIGIBLE
E_CONFIRM,2026-08-17T11:00:00+00:00,5483,True,ELIGIBLE
E_CONFIRM,2026-08-17T12:00:00+00:00,5484,True,ELIGIBLE
E_CONFIRM,2026-08-17T13:00:00+00:00,5485,True,ELIGIBLE
E_CONFIRM,2026-08-17T14:00:00+00:00,5486,True,ELIGIBLE
E_CONFIRM,2026-08-17T15:00:00+00:00,5487,True,ELIGIBLE
E_CONFIRM,2026-08-17T16:00:00+00:00,5488,True,ELIGIBLE
E_CONFIRM,2026-08-17T17:00:00+00:00,5489,True,ELIGIBLE
E_CONFIRM,2026-08-17T18:00:00+00:00,5490,True,ELIGIBLE
E_CONFIRM,2026-08-17T19:00:00+00:00,5491,True,ELIGIBLE
E_CONFIRM,2026-08-17T20:00:00+00:00,5492,True,ELIGIBLE
E_CONFIRM,2026-08-17T21:00:00+00:00,5493,True,ELIGIBLE
E_CONFIRM,2026-08-17T22:00:00+00:00,5494,True,ELIGIBLE
E_CONFIRM,2026-08-17T23:00:00+00:00,5495,True,ELIGIBLE
E_CONFIRM,2026-08-18T00:00:00+00:00,5496,True,ELIGIBLE
E_CONFIRM,2026-08-18T01:00:00+00:00,5497,True,ELIGIBLE
E_CONFIRM,2026-08-18T02:00:00+00:00,5498,True,ELIGIBLE
E_CONFIRM,2026-08-18T03:00:00+00:00,5499,True,ELIGIBLE
E_CONFIRM,2026-08-18T04:00:00+00:00,5500,True,ELIGIBLE
E_CONFIRM,2026-08-18T05:00:00+00:00,5501,True,ELIGIBLE
E_CONFIRM,2026-08-18T06:00:00+00:00,5502,True,ELIGIBLE
E_CONFIRM,2026-08-18T07:00:00+00:00,5503,True,ELIGIBLE
E_CONFIRM,2026-08-18T08:00:00+00:00,5504,True,ELIGIBLE
E_CONFIRM,2026-08-18T09:00:00+00:00,5505,True,ELIGIBLE
E_CONFIRM,2026-08-18T10:00:00+00:00,5506,True,ELIGIBLE
E_CONFIRM,2026-08-18T11:00:00+00:00,5507,True,ELIGIBLE
E_CONFIRM,2026-08-18T12:00:00+00:00,5508,True,ELIGIBLE
E_CONFIRM,2026-08-18T13:00:00+00:00,5509,True,ELIGIBLE
E_CONFIRM,2026-08-18T14:00:00+00:00,5510,True,ELIGIBLE
E_CONFIRM,2026-08-18T15:00:00+00:00,5511,True,ELIGIBLE
E_CONFIRM,2026-08-18T16:00:00+00:00,5512,True,ELIGIBLE
E_CONFIRM,2026-08-18T17:00:00+00:00,5513,True,ELIGIBLE
E_CONFIRM,2026-08-18T18:00:00+00:00,5514,True,ELIGIBLE
E_CONFIRM,2026-08-18T19:00:00+00:00,5515,True,ELIGIBLE
E_CONFIRM,2026-08-18T20:00:00+00:00,5516,True,ELIGIBLE
E_CONFIRM,2026-08-18T21:00:00+00:00,5517,True,ELIGIBLE
E_CONFIRM,2026-08-18T22:00:00+00:00,5518,True,ELIGIBLE
E_CONFIRM,2026-08-18T23:00:00+00:00,5519,True,ELIGIBLE
E_CONFIRM,2026-08-19T00:00:00+00:00,5520,True,ELIGIBLE
E_CONFIRM,2026-08-19T01:00:00+00:00,5521,True,ELIGIBLE
E_CONFIRM,2026-08-19T02:00:00+00:00,5522,True,ELIGIBLE
E_CONFIRM,2026-08-19T03:00:00+00:00,5523,True,ELIGIBLE
E_CONFIRM,2026-08-19T04:00:00+00:00,5524,True,ELIGIBLE
E_CONFIRM,2026-08-19T05:00:00+00:00,5525,True,ELIGIBLE
E_CONFIRM,2026-08-19T06:00:00+00:00,5526,True,ELIGIBLE
E_CONFIRM,2026-08-19T07:00:00+00:00,5527,True,ELIGIBLE
E_CONFIRM,2026-08-19T08:00:00+00:00,5528,True,ELIGIBLE
E_CONFIRM,2026-08-19T09:00:00+00:00,5529,True,ELIGIBLE
E_CONFIRM,2026-08-19T10:00:00+00:00,5530,True,ELIGIBLE
E_CONFIRM,2026-08-19T11:00:00+00:00,5531,True,ELIGIBLE
E_CONFIRM,2026-08-19T12:00:00+00:00,5532,True,ELIGIBLE
E_CONFIRM,2026-08-19T13:00:00+00:00,5533,True,ELIGIBLE
E_CONFIRM,2026-08-19T14:00:00+00:00,5534,True,ELIGIBLE
E_CONFIRM,2026-08-19T15:00:00+00:00,5535,True,ELIGIBLE
E_CONFIRM,2026-08-19T16:00:00+00:00,5536,True,ELIGIBLE
E_CONFIRM,2026-08-19T17:00:00+00:00,5537,True,ELIGIBLE
E_CONFIRM,2026-08-19T18:00:00+00:00,5538,True,ELIGIBLE
E_CONFIRM,2026-08-19T19:00:00+00:00,5539,True,ELIGIBLE
E_CONFIRM,2026-08-19T20:00:00+00:00,5540,True,ELIGIBLE
E_CONFIRM,2026-08-19T21:00:00+00:00,5541,True,ELIGIBLE
E_CONFIRM,2026-08-19T22:00:00+00:00,5542,True,ELIGIBLE
E_CONFIRM,2026-08-19T23:00:00+00:00,5543,True,ELIGIBLE
E_CONFIRM,2026-08-20T00:00:00+00:00,5544,True,ELIGIBLE
E_CONFIRM,2026-08-20T01:00:00+00:00,5545,True,ELIGIBLE
E_CONFIRM,2026-08-20T02:00:00+00:00,5546,True,ELIGIBLE
E_CONFIRM,2026-08-20T03:00:00+00:00,5547,True,ELIGIBLE
E_CONFIRM,2026-08-20T04:00:00+00:00,5548,True,ELIGIBLE
E_CONFIRM,2026-08-20T05:00:00+00:00,5549,True,ELIGIBLE
E_CONFIRM,2026-08-20T06:00:00+00:00,5550,True,ELIGIBLE
E_CONFIRM,2026-08-20T07:00:00+00:00,5551,True,ELIGIBLE
E_CONFIRM,2026-08-20T08:00:00+00:00,5552,True,ELIGIBLE
E_CONFIRM,2026-08-20T09:00:00+00:00,5553,True,ELIGIBLE
E_CONFIRM,2026-08-20T10:00:00+00:00,5554,True,ELIGIBLE
E_CONFIRM,2026-08-20T11:00:00+00:00,5555,True,ELIGIBLE
E_CONFIRM,2026-08-20T12:00:00+00:00,5556,True,ELIGIBLE
E_CONFIRM,2026-08-20T13:00:00+00:00,5557,True,ELIGIBLE
E_CONFIRM,2026-08-20T14:00:00+00:00,5558,True,ELIGIBLE
E_CONFIRM,2026-08-20T15:00:00+00:00,5559,True,ELIGIBLE
E_CONFIRM,2026-08-20T16:00:00+00:00,5560,True,ELIGIBLE
E_CONFIRM,2026-08-20T17:00:00+00:00,5561,True,ELIGIBLE
E_CONFIRM,2026-08-20T18:00:00+00:00,5562,True,ELIGIBLE
E_CONFIRM,2026-08-20T19:00:00+00:00,5563,True,ELIGIBLE
E_CONFIRM,2026-08-20T20:00:00+00:00,5564,True,ELIGIBLE
E_CONFIRM,2026-08-20T21:00:00+00:00,5565,True,ELIGIBLE
E_CONFIRM,2026-08-20T22:00:00+00:00,5566,True,ELIGIBLE
E_CONFIRM,2026-08-20T23:00:00+00:00,5567,True,ELIGIBLE
E_CONFIRM,2026-08-21T00:00:00+00:00,5568,True,ELIGIBLE
E_CONFIRM,2026-08-21T01:00:00+00:00,5569,True,ELIGIBLE
E_CONFIRM,2026-08-21T02:00:00+00:00,5570,True,ELIGIBLE
E_CONFIRM,2026-08-21T03:00:00+00:00,5571,True,ELIGIBLE
E_CONFIRM,2026-08-21T04:00:00+00:00,5572,True,ELIGIBLE
E_CONFIRM,2026-08-21T05:00:00+00:00,5573,True,ELIGIBLE
E_CONFIRM,2026-08-21T06:00:00+00:00,5574,True,ELIGIBLE
E_CONFIRM,2026-08-21T07:00:00+00:00,5575,True,ELIGIBLE
E_CONFIRM,2026-08-21T08:00:00+00:00,5576,True,ELIGIBLE
E_CONFIRM,2026-08-21T09:00:00+00:00,5577,True,ELIGIBLE
E_CONFIRM,2026-08-21T10:00:00+00:00,5578,True,ELIGIBLE
E_CONFIRM,2026-08-21T11:00:00+00:00,5579,True,ELIGIBLE
E_CONFIRM,2026-08-21T12:00:00+00:00,5580,True,ELIGIBLE
E_CONFIRM,2026-08-21T13:00:00+00:00,5581,True,ELIGIBLE
E_CONFIRM,2026-08-21T14:00:00+00:00,5582,True,ELIGIBLE
E_CONFIRM,2026-08-21T15:00:00+00:00,5583,True,ELIGIBLE
E_CONFIRM,2026-08-21T16:00:00+00:00,5584,True,ELIGIBLE
E_CONFIRM,2026-08-21T17:00:00+00:00,5585,True,ELIGIBLE
E_CONFIRM,2026-08-21T18:00:00+00:00,5586,True,ELIGIBLE
E_CONFIRM,2026-08-21T19:00:00+00:00,5587,True,ELIGIBLE
E_CONFIRM,2026-08-21T20:00:00+00:00,5588,True,ELIGIBLE
E_CONFIRM,2026-08-21T21:00:00+00:00,5589,True,ELIGIBLE
E_CONFIRM,2026-08-21T22:00:00+00:00,5590,True,ELIGIBLE
E_CONFIRM,2026-08-21T23:00:00+00:00,5591,True,ELIGIBLE
E_CONFIRM,2026-08-22T00:00:00+00:00,5592,True,ELIGIBLE
E_CONFIRM,2026-08-22T01:00:00+00:00,5593,True,ELIGIBLE
E_CONFIRM,2026-08-22T02:00:00+00:00,5594,True,ELIGIBLE
E_CONFIRM,2026-08-22T03:00:00+00:00,5595,True,ELIGIBLE
E_CONFIRM,2026-08-22T04:00:00+00:00,5596,True,ELIGIBLE
E_CONFIRM,2026-08-22T05:00:00+00:00,5597,True,ELIGIBLE
E_CONFIRM,2026-08-22T06:00:00+00:00,5598,True,ELIGIBLE
E_CONFIRM,2026-08-22T07:00:00+00:00,5599,True,ELIGIBLE
E_CONFIRM,2026-08-22T08:00:00+00:00,5600,True,ELIGIBLE
E_CONFIRM,2026-08-22T09:00:00+00:00,5601,True,ELIGIBLE
E_CONFIRM,2026-08-22T10:00:00+00:00,5602,True,ELIGIBLE
E_CONFIRM,2026-08-22T11:00:00+00:00,5603,True,ELIGIBLE
E_CONFIRM,2026-08-22T12:00:00+00:00,5604,True,ELIGIBLE
E_CONFIRM,2026-08-22T13:00:00+00:00,5605,True,ELIGIBLE
E_CONFIRM,2026-08-22T14:00:00+00:00,5606,True,ELIGIBLE
E_CONFIRM,2026-08-22T15:00:00+00:00,5607,True,ELIGIBLE
E_CONFIRM,2026-08-22T16:00:00+00:00,5608,True,ELIGIBLE
E_CONFIRM,2026-08-22T17:00:00+00:00,5609,True,ELIGIBLE
E_CONFIRM,2026-08-22T18:00:00+00:00,5610,True,ELIGIBLE
E_CONFIRM,2026-08-22T19:00:00+00:00,5611,True,ELIGIBLE
E_CONFIRM,2026-08-22T20:00:00+00:00,5612,True,ELIGIBLE
E_CONFIRM,2026-08-22T21:00:00+00:00,5613,True,ELIGIBLE
E_CONFIRM,2026-08-22T22:00:00+00:00,5614,True,ELIGIBLE
E_CONFIRM,2026-08-22T23:00:00+00:00,5615,True,ELIGIBLE
E_CONFIRM,2026-08-23T00:00:00+00:00,5616,True,ELIGIBLE
E_CONFIRM,2026-08-23T01:00:00+00:00,5617,True,ELIGIBLE
E_CONFIRM,2026-08-23T02:00:00+00:00,5618,True,ELIGIBLE
E_CONFIRM,2026-08-23T03:00:00+00:00,5619,True,ELIGIBLE
E_CONFIRM,2026-08-23T04:00:00+00:00,5620,True,ELIGIBLE
E_CONFIRM,2026-08-23T05:00:00+00:00,5621,True,ELIGIBLE
E_CONFIRM,2026-08-23T06:00:00+00:00,5622,True,ELIGIBLE
E_CONFIRM,2026-08-23T07:00:00+00:00,5623,True,ELIGIBLE
E_CONFIRM,2026-08-23T08:00:00+00:00,5624,True,ELIGIBLE
E_CONFIRM,2026-08-23T09:00:00+00:00,5625,True,ELIGIBLE
E_CONFIRM,2026-08-23T10:00:00+00:00,5626,True,ELIGIBLE
E_CONFIRM,2026-08-23T11:00:00+00:00,5627,True,ELIGIBLE
E_CONFIRM,2026-08-23T12:00:00+00:00,5628,True,ELIGIBLE
E_CONFIRM,2026-08-23T13:00:00+00:00,5629,True,ELIGIBLE
E_CONFIRM,2026-08-23T14:00:00+00:00,5630,True,ELIGIBLE
E_CONFIRM,2026-08-23T15:00:00+00:00,5631,True,ELIGIBLE
E_CONFIRM,2026-08-23T16:00:00+00:00,5632,True,ELIGIBLE
E_CONFIRM,2026-08-23T17:00:00+00:00,5633,True,ELIGIBLE
E_CONFIRM,2026-08-23T18:00:00+00:00,5634,True,ELIGIBLE
E_CONFIRM,2026-08-23T19:00:00+00:00,5635,True,ELIGIBLE
E_CONFIRM,2026-08-23T20:00:00+00:00,5636,True,ELIGIBLE
E_CONFIRM,2026-08-23T21:00:00+00:00,5637,True,ELIGIBLE
E_CONFIRM,2026-08-23T22:00:00+00:00,5638,True,ELIGIBLE
E_CONFIRM,2026-08-23T23:00:00+00:00,5639,True,ELIGIBLE
E_CONFIRM,2026-08-24T00:00:00+00:00,5640,True,ELIGIBLE
E_CONFIRM,2026-08-24T01:00:00+00:00,5641,True,ELIGIBLE
E_CONFIRM,2026-08-24T02:00:00+00:00,5642,True,ELIGIBLE
E_CONFIRM,2026-08-24T03:00:00+00:00,5643,True,ELIGIBLE
E_CONFIRM,2026-08-24T04:00:00+00:00,5644,True,ELIGIBLE
E_CONFIRM,2026-08-24T05:00:00+00:00,5645,True,ELIGIBLE
E_CONFIRM,2026-08-24T06:00:00+00:00,5646,True,ELIGIBLE
E_CONFIRM,2026-08-24T07:00:00+00:00,5647,True,ELIGIBLE
E_CONFIRM,2026-08-24T08:00:00+00:00,5648,True,ELIGIBLE
E_CONFIRM,2026-08-24T09:00:00+00:00,5649,True,ELIGIBLE
E_CONFIRM,2026-08-24T10:00:00+00:00,5650,True,ELIGIBLE
E_CONFIRM,2026-08-24T11:00:00+00:00,5651,True,ELIGIBLE
E_CONFIRM,2026-08-24T12:00:00+00:00,5652,True,ELIGIBLE
E_CONFIRM,2026-08-24T13:00:00+00:00,5653,True,ELIGIBLE
E_CONFIRM,2026-08-24T14:00:00+00:00,5654,True,ELIGIBLE
E_CONFIRM,2026-08-24T15:00:00+00:00,5655,True,ELIGIBLE
E_CONFIRM,2026-08-24T16:00:00+00:00,5656,True,ELIGIBLE
E_CONFIRM,2026-08-24T17:00:00+00:00,5657,True,ELIGIBLE
E_CONFIRM,2026-08-24T18:00:00+00:00,5658,True,ELIGIBLE
E_CONFIRM,2026-08-24T19:00:00+00:00,5659,True,ELIGIBLE
E_CONFIRM,2026-08-24T20:00:00+00:00,5660,True,ELIGIBLE
E_CONFIRM,2026-08-24T21:00:00+00:00,5661,True,ELIGIBLE
E_CONFIRM,2026-08-24T22:00:00+00:00,5662,True,ELIGIBLE
E_CONFIRM,2026-08-24T23:00:00+00:00,5663,True,ELIGIBLE
E_CONFIRM,2026-08-25T00:00:00+00:00,5664,True,ELIGIBLE
E_CONFIRM,2026-08-25T01:00:00+00:00,5665,True,ELIGIBLE
E_CONFIRM,2026-08-25T02:00:00+00:00,5666,True,ELIGIBLE
E_CONFIRM,2026-08-25T03:00:00+00:00,5667,True,ELIGIBLE
E_CONFIRM,2026-08-25T04:00:00+00:00,5668,True,ELIGIBLE
E_CONFIRM,2026-08-25T05:00:00+00:00,5669,True,ELIGIBLE
E_CONFIRM,2026-08-25T06:00:00+00:00,5670,True,ELIGIBLE
E_CONFIRM,2026-08-25T07:00:00+00:00,5671,True,ELIGIBLE
E_CONFIRM,2026-08-25T08:00:00+00:00,5672,True,ELIGIBLE
E_CONFIRM,2026-08-25T09:00:00+00:00,5673,True,ELIGIBLE
E_CONFIRM,2026-08-25T10:00:00+00:00,5674,True,ELIGIBLE
E_CONFIRM,2026-08-25T11:00:00+00:00,5675,True,ELIGIBLE
E_CONFIRM,2026-08-25T12:00:00+00:00,5676,True,ELIGIBLE
E_CONFIRM,2026-08-25T13:00:00+00:00,5677,True,ELIGIBLE
E_CONFIRM,2026-08-25T14:00:00+00:00,5678,True,ELIGIBLE
E_CONFIRM,2026-08-25T15:00:00+00:00,5679,True,ELIGIBLE
E_CONFIRM,2026-08-25T16:00:00+00:00,5680,True,ELIGIBLE
E_CONFIRM,2026-08-25T17:00:00+00:00,5681,True,ELIGIBLE
E_CONFIRM,2026-08-25T18:00:00+00:00,5682,True,ELIGIBLE
E_CONFIRM,2026-08-25T19:00:00+00:00,5683,True,ELIGIBLE
E_CONFIRM,2026-08-25T20:00:00+00:00,5684,True,ELIGIBLE
E_CONFIRM,2026-08-25T21:00:00+00:00,5685,True,ELIGIBLE
E_CONFIRM,2026-08-25T22:00:00+00:00,5686,True,ELIGIBLE
E_CONFIRM,2026-08-25T23:00:00+00:00,5687,True,ELIGIBLE
E_CONFIRM,2026-08-26T00:00:00+00:00,5688,True,ELIGIBLE
E_CONFIRM,2026-08-26T01:00:00+00:00,5689,True,ELIGIBLE
E_CONFIRM,2026-08-26T02:00:00+00:00,5690,True,ELIGIBLE
E_CONFIRM,2026-08-26T03:00:00+00:00,5691,True,ELIGIBLE
E_CONFIRM,2026-08-26T04:00:00+00:00,5692,True,ELIGIBLE
E_CONFIRM,2026-08-26T05:00:00+00:00,5693,True,ELIGIBLE
E_CONFIRM,2026-08-26T06:00:00+00:00,5694,True,ELIGIBLE
E_CONFIRM,2026-08-26T07:00:00+00:00,5695,True,ELIGIBLE
E_CONFIRM,2026-08-26T08:00:00+00:00,5696,True,ELIGIBLE
E_CONFIRM,2026-08-26T09:00:00+00:00,5697,True,ELIGIBLE
E_CONFIRM,2026-08-26T10:00:00+00:00,5698,True,ELIGIBLE
E_CONFIRM,2026-08-26T11:00:00+00:00,5699,True,ELIGIBLE
E_CONFIRM,2026-08-26T12:00:00+00:00,5700,True,ELIGIBLE
E_CONFIRM,2026-08-26T13:00:00+00:00,5701,True,ELIGIBLE
E_CONFIRM,2026-08-26T14:00:00+00:00,5702,True,ELIGIBLE
E_CONFIRM,2026-08-26T15:00:00+00:00,5703,True,ELIGIBLE
E_CONFIRM,2026-08-26T16:00:00+00:00,5704,True,ELIGIBLE
E_CONFIRM,2026-08-26T17:00:00+00:00,5705,True,ELIGIBLE
E_CONFIRM,2026-08-26T18:00:00+00:00,5706,True,ELIGIBLE
E_CONFIRM,2026-08-26T19:00:00+00:00,5707,True,ELIGIBLE
E_CONFIRM,2026-08-26T20:00:00+00:00,5708,True,ELIGIBLE
E_CONFIRM,2026-08-26T21:00:00+00:00,5709,True,ELIGIBLE
E_CONFIRM,2026-08-26T22:00:00+00:00,5710,True,ELIGIBLE
E_CONFIRM,2026-08-26T23:00:00+00:00,5711,True,ELIGIBLE
E_CONFIRM,2026-08-27T00:00:00+00:00,5712,True,ELIGIBLE
E_CONFIRM,2026-08-27T01:00:00+00:00,5713,True,ELIGIBLE
E_CONFIRM,2026-08-27T02:00:00+00:00,5714,True,ELIGIBLE
E_CONFIRM,2026-08-27T03:00:00+00:00,5715,True,ELIGIBLE
E_CONFIRM,2026-08-27T04:00:00+00:00,5716,True,ELIGIBLE
E_CONFIRM,2026-08-27T05:00:00+00:00,5717,True,ELIGIBLE
E_CONFIRM,2026-08-27T06:00:00+00:00,5718,True,ELIGIBLE
E_CONFIRM,2026-08-27T07:00:00+00:00,5719,True,ELIGIBLE
E_CONFIRM,2026-08-27T08:00:00+00:00,5720,True,ELIGIBLE
E_CONFIRM,2026-08-27T09:00:00+00:00,5721,True,ELIGIBLE
E_CONFIRM,2026-08-27T10:00:00+00:00,5722,True,ELIGIBLE
E_CONFIRM,2026-08-27T11:00:00+00:00,5723,True,ELIGIBLE
E_CONFIRM,2026-08-27T12:00:00+00:00,5724,True,ELIGIBLE
E_CONFIRM,2026-08-27T13:00:00+00:00,5725,True,ELIGIBLE
E_CONFIRM,2026-08-27T14:00:00+00:00,5726,True,ELIGIBLE
E_CONFIRM,2026-08-27T15:00:00+00:00,5727,True,ELIGIBLE
E_CONFIRM,2026-08-27T16:00:00+00:00,5728,True,ELIGIBLE
E_CONFIRM,2026-08-27T17:00:00+00:00,5729,True,ELIGIBLE
E_CONFIRM,2026-08-27T18:00:00+00:00,5730,True,ELIGIBLE
E_CONFIRM,2026-08-27T19:00:00+00:00,5731,True,ELIGIBLE
E_CONFIRM,2026-08-27T20:00:00+00:00,5732,True,ELIGIBLE
E_CONFIRM,2026-08-27T21:00:00+00:00,5733,True,ELIGIBLE
E_CONFIRM,2026-08-27T22:00:00+00:00,5734,True,ELIGIBLE
E_CONFIRM,2026-08-27T23:00:00+00:00,5735,True,ELIGIBLE
E_CONFIRM,2026-08-28T00:00:00+00:00,5736,True,ELIGIBLE
E_CONFIRM,2026-08-28T01:00:00+00:00,5737,True,ELIGIBLE
E_CONFIRM,2026-08-28T02:00:00+00:00,5738,True,ELIGIBLE
E_CONFIRM,2026-08-28T03:00:00+00:00,5739,True,ELIGIBLE
E_CONFIRM,2026-08-28T04:00:00+00:00,5740,True,ELIGIBLE
E_CONFIRM,2026-08-28T05:00:00+00:00,5741,True,ELIGIBLE
E_CONFIRM,2026-08-28T06:00:00+00:00,5742,True,ELIGIBLE
E_CONFIRM,2026-08-28T07:00:00+00:00,5743,True,ELIGIBLE
E_CONFIRM,2026-08-28T08:00:00+00:00,5744,True,ELIGIBLE
E_CONFIRM,2026-08-28T09:00:00+00:00,5745,True,ELIGIBLE
E_CONFIRM,2026-08-28T10:00:00+00:00,5746,True,ELIGIBLE
E_CONFIRM,2026-08-28T11:00:00+00:00,5747,True,ELIGIBLE
E_CONFIRM,2026-08-28T12:00:00+00:00,5748,True,ELIGIBLE
E_CONFIRM,2026-08-28T13:00:00+00:00,5749,True,ELIGIBLE
E_CONFIRM,2026-08-28T14:00:00+00:00,5750,True,ELIGIBLE
E_CONFIRM,2026-08-28T15:00:00+00:00,5751,True,ELIGIBLE
E_CONFIRM,2026-08-28T16:00:00+00:00,5752,True,ELIGIBLE
E_CONFIRM,2026-08-28T17:00:00+00:00,5753,True,ELIGIBLE
E_CONFIRM,2026-08-28T18:00:00+00:00,5754,True,ELIGIBLE
E_CONFIRM,2026-08-28T19:00:00+00:00,5755,True,ELIGIBLE
E_CONFIRM,2026-08-28T20:00:00+00:00,5756,True,ELIGIBLE
E_CONFIRM,2026-08-28T21:00:00+00:00,5757,True,ELIGIBLE
E_CONFIRM,2026-08-28T22:00:00+00:00,5758,True,ELIGIBLE
E_CONFIRM,2026-08-28T23:00:00+00:00,5759,True,ELIGIBLE
E_CONFIRM,2026-08-29T00:00:00+00:00,5760,True,ELIGIBLE
E_CONFIRM,2026-08-29T01:00:00+00:00,5761,True,ELIGIBLE
E_CONFIRM,2026-08-29T02:00:00+00:00,5762,True,ELIGIBLE
E_CONFIRM,2026-08-29T03:00:00+00:00,5763,True,ELIGIBLE
E_CONFIRM,2026-08-29T04:00:00+00:00,5764,True,ELIGIBLE
E_CONFIRM,2026-08-29T05:00:00+00:00,5765,True,ELIGIBLE
E_CONFIRM,2026-08-29T06:00:00+00:00,5766,True,ELIGIBLE
E_CONFIRM,2026-08-29T07:00:00+00:00,5767,True,ELIGIBLE
E_CONFIRM,2026-08-29T08:00:00+00:00,5768,True,ELIGIBLE
E_CONFIRM,2026-08-29T09:00:00+00:00,5769,False,TARGET_OUTSIDE_SPLIT
E_CONFIRM,2026-08-29T10:00:00+00:00,5770,False,TARGET_OUTSIDE_SPLIT
E_CONFIRM,2026-08-29T11:00:00+00:00,5771,False,TARGET_OUTSIDE_SPLIT
E_CONFIRM,2026-08-29T12:00:00+00:00,5772,False,TARGET_OUTSIDE_SPLIT
E_CONFIRM,2026-08-29T13:00:00+00:00,5773,False,TARGET_OUTSIDE_SPLIT
E_CONFIRM,2026-08-29T14:00:00+00:00,5774,False,TARGET_OUTSIDE_SPLIT
E_CONFIRM,2026-08-29T15:00:00+00:00,5775,False,TARGET_OUTSIDE_SPLIT
E_CONFIRM,2026-08-29T16:00:00+00:00,5776,False,TARGET_OUTSIDE_SPLIT
E_CONFIRM,2026-08-29T17:00:00+00:00,5777,False,TARGET_OUTSIDE_SPLIT
E_CONFIRM,2026-08-29T18:00:00+00:00,5778,False,TARGET_OUTSIDE_SPLIT
E_CONFIRM,2026-08-29T19:00:00+00:00,5779,False,TARGET_OUTSIDE_SPLIT
E_CONFIRM,2026-08-29T20:00:00+00:00,5780,False,TARGET_OUTSIDE_SPLIT
E_CONFIRM,2026-08-29T21:00:00+00:00,5781,False,TARGET_OUTSIDE_SPLIT
E_CONFIRM,2026-08-29T22:00:00+00:00,5782,False,TARGET_OUTSIDE_SPLIT
E_CONFIRM,2026-08-29T23:00:00+00:00,5783,False,TARGET_OUTSIDE_SPLIT
E_CONFIRM,2026-08-30T00:00:00+00:00,5784,False,TARGET_OUTSIDE_SPLIT
E_CONFIRM,2026-08-30T01:00:00+00:00,5785,False,TARGET_OUTSIDE_SPLIT
E_CONFIRM,2026-08-30T02:00:00+00:00,5786,False,TARGET_OUTSIDE_SPLIT
E_CONFIRM,2026-08-30T03:00:00+00:00,5787,False,TARGET_OUTSIDE_SPLIT
E_CONFIRM,2026-08-30T04:00:00+00:00,5788,False,TARGET_OUTSIDE_SPLIT
E_CONFIRM,2026-08-30T05:00:00+00:00,5789,False,TARGET_OUTSIDE_SPLIT
E_CONFIRM,2026-08-30T06:00:00+00:00,5790,False,TARGET_OUTSIDE_SPLIT
E_CONFIRM,2026-08-30T07:00:00+00:00,5791,False,TARGET_OUTSIDE_SPLIT
E_CONFIRM,2026-08-30T08:00:00+00:00,5792,False,TARGET_OUTSIDE_SPLIT
E_CONFIRM,2026-08-30T09:00:00+00:00,5793,False,TARGET_OUTSIDE_SPLIT
E_CONFIRM,2026-08-30T10:00:00+00:00,5794,False,TARGET_OUTSIDE_SPLIT
E_CONFIRM,2026-08-30T11:00:00+00:00,5795,False,TARGET_OUTSIDE_SPLIT
E_CONFIRM,2026-08-30T12:00:00+00:00,5796,False,TARGET_OUTSIDE_SPLIT
E_CONFIRM,2026-08-30T13:00:00+00:00,5797,False,TARGET_OUTSIDE_SPLIT
E_CONFIRM,2026-08-30T14:00:00+00:00,5798,False,TARGET_OUTSIDE_SPLIT
E_CONFIRM,2026-08-30T15:00:00+00:00,5799,False,TARGET_OUTSIDE_SPLIT
E_CONFIRM,2026-08-30T16:00:00+00:00,5800,False,TARGET_OUTSIDE_SPLIT
E_CONFIRM,2026-08-30T17:00:00+00:00,5801,False,TARGET_OUTSIDE_SPLIT
E_CONFIRM,2026-08-30T18:00:00+00:00,5802,False,TARGET_OUTSIDE_SPLIT
E_CONFIRM,2026-08-30T19:00:00+00:00,5803,False,TARGET_OUTSIDE_SPLIT
E_CONFIRM,2026-08-30T20:00:00+00:00,5804,False,TARGET_OUTSIDE_SPLIT
E_CONFIRM,2026-08-30T21:00:00+00:00,5805,False,TARGET_OUTSIDE_SPLIT
E_CONFIRM,2026-08-30T22:00:00+00:00,5806,False,TARGET_OUTSIDE_SPLIT
E_CONFIRM,2026-08-30T23:00:00+00:00,5807,False,TARGET_OUTSIDE_SPLIT
E_CONFIRM,2026-08-31T00:00:00+00:00,5808,False,TARGET_OUTSIDE_SPLIT
E_CONFIRM,2026-08-31T01:00:00+00:00,5809,False,TARGET_OUTSIDE_SPLIT
E_CONFIRM,2026-08-31T02:00:00+00:00,5810,False,TARGET_OUTSIDE_SPLIT
E_CONFIRM,2026-08-31T03:00:00+00:00,5811,False,TARGET_OUTSIDE_SPLIT
E_CONFIRM,2026-08-31T04:00:00+00:00,5812,False,TARGET_OUTSIDE_SPLIT
E_CONFIRM,2026-08-31T05:00:00+00:00,5813,False,TARGET_OUTSIDE_SPLIT
E_CONFIRM,2026-08-31T06:00:00+00:00,5814,False,TARGET_OUTSIDE_SPLIT
E_CONFIRM,2026-08-31T07:00:00+00:00,5815,False,TARGET_OUTSIDE_SPLIT
E_CONFIRM,2026-08-31T08:00:00+00:00,5816,False,TARGET_OUTSIDE_SPLIT
E_CONFIRM,2026-08-31T09:00:00+00:00,5817,False,TARGET_OUTSIDE_SPLIT
E_CONFIRM,2026-08-31T10:00:00+00:00,5818,False,TARGET_OUTSIDE_SPLIT
E_CONFIRM,2026-08-31T11:00:00+00:00,5819,False,TARGET_OUTSIDE_SPLIT
E_CONFIRM,2026-08-31T12:00:00+00:00,5820,False,TARGET_OUTSIDE_SPLIT
E_CONFIRM,2026-08-31T13:00:00+00:00,5821,False,TARGET_OUTSIDE_SPLIT
E_CONFIRM,2026-08-31T14:00:00+00:00,5822,False,TARGET_OUTSIDE_SPLIT
E_CONFIRM,2026-08-31T15:00:00+00:00,5823,False,TARGET_OUTSIDE_SPLIT
E_CONFIRM,2026-08-31T16:00:00+00:00,5824,False,TARGET_OUTSIDE_SPLIT
E_CONFIRM,2026-08-31T17:00:00+00:00,5825,False,TARGET_OUTSIDE_SPLIT
E_CONFIRM,2026-08-31T18:00:00+00:00,5826,False,TARGET_OUTSIDE_SPLIT
E_CONFIRM,2026-08-31T19:00:00+00:00,5827,False,TARGET_OUTSIDE_SPLIT
E_CONFIRM,2026-08-31T20:00:00+00:00,5828,False,TARGET_OUTSIDE_SPLIT
E_CONFIRM,2026-08-31T21:00:00+00:00,5829,False,TARGET_OUTSIDE_SPLIT
E_CONFIRM,2026-08-31T22:00:00+00:00,5830,False,TARGET_OUTSIDE_SPLIT
E_CONFIRM,2026-08-31T23:00:00+00:00,5831,False,TARGET_OUTSIDE_SPLIT
