panel,kind,stage,condition,seed,proposed,baseline,proposed_nmae,baseline_nmae,gain_pct
electricity,shape,fixed1024,PAIRED_SHIFT8_D32,81551,C3,B0,0.2054921451960412,0.2114207846374824,2.8041894989685567
electricity,shape,fixed1024,PAIRED_SHIFT8_D32,81551,C3,PLAIN,0.2054921451960412,0.2088059125347873,1.5870083842544624
electricity,shape,fixed1024,PAIRED_SHIFT8_D32,81551,C3,MAG_ONLY,0.2054921451960412,0.2055848188661604,0.04507807075946335
electricity,shape,fixed1024,PAIRED_SHIFT8_D32,81551,C3,DELTA_XY_BUDGET,0.2054921451960412,0.2105255875351958,2.3908933816955136
electricity,shape,fixed1024,PAIRED_SHIFT8_D32,81551,C3,DELTA_XY_DEFAULT,0.2054921451960412,0.2214519984982277,7.206913195824793
electricity,shape,fixed1024,PAIRED_SHIFT8_D32,81551,MAG_ONLY,B0,0.2055848188661604,0.2114207846374824,2.760355743324283
electricity,shape,fixed1024,PAIRED_SHIFT8_D32,81551,MAG_ONLY,PLAIN,0.2055848188661604,0.2088059125347873,1.5426256993993248
electricity,shape,fixed1024,PAIRED_SHIFT8_D32,81551,MAG_ONLY,C3,0.2055848188661604,0.2054921451960412,-0.04509840024824463
electricity,shape,fixed1024,PAIRED_SHIFT8_D32,81551,MAG_ONLY,DELTA_XY_BUDGET,0.2055848188661604,0.2105255875351958,2.3468732361140665
electricity,shape,fixed1024,PAIRED_SHIFT8_D32,81551,MAG_ONLY,DELTA_XY_DEFAULT,0.2055848188661604,0.2214519984982277,7.165064998135151
electricity,shape,fixed1024,PAIRED_SHIFT8_D32,81552,C3,B0,0.2059484875841876,0.2143870549534957,3.936136615682584
electricity,shape,fixed1024,PAIRED_SHIFT8_D32,81552,C3,PLAIN,0.2059484875841876,0.2101600645460429,2.003985377028006
electricity,shape,fixed1024,PAIRED_SHIFT8_D32,81552,C3,MAG_ONLY,0.2059484875841876,0.2058889032308448,-0.028940050875880807
electricity,shape,fixed1024,PAIRED_SHIFT8_D32,81552,C3,DELTA_XY_BUDGET,0.2059484875841876,0.2118774937188657,2.7983180424746346
electricity,shape,fixed1024,PAIRED_SHIFT8_D32,81552,C3,DELTA_XY_DEFAULT,0.2059484875841876,0.215845615072349,4.585280773410194
electricity,shape,fixed1024,PAIRED_SHIFT8_D32,81552,MAG_ONLY,B0,0.2058889032308448,0.2143870549534957,3.9639295033435107
electricity,shape,fixed1024,PAIRED_SHIFT8_D32,81552,MAG_ONLY,PLAIN,0.2058889032308448,0.2101600645460429,2.0323372684644236
electricity,shape,fixed1024,PAIRED_SHIFT8_D32,81552,MAG_ONLY,C3,0.2058889032308448,0.2059484875841876,0.028931678033539132
electricity,shape,fixed1024,PAIRED_SHIFT8_D32,81552,MAG_ONLY,DELTA_XY_BUDGET,0.2058889032308448,0.2118774937188657,2.826440120141771
electricity,shape,fixed1024,PAIRED_SHIFT8_D32,81552,MAG_ONLY,DELTA_XY_DEFAULT,0.2058889032308448,0.215845615072349,4.612885852773441
electricity,shape,fixed1024,PULSE8_D32,81551,C3,B0,2.9864796282574626,2.993564815341061,0.23668059723608303
electricity,shape,fixed1024,PULSE8_D32,81551,C3,PLAIN,2.9864796282574626,2.965597166711496,-0.7041570507407391
electricity,shape,fixed1024,PULSE8_D32,81551,C3,MAG_ONLY,2.9864796282574626,2.985563775685048,-0.030676034451970757
electricity,shape,fixed1024,PULSE8_D32,81551,C3,DELTA_XY_BUDGET,2.9864796282574626,2.991780878723189,0.17719380799000595
electricity,shape,fixed1024,PULSE8_D32,81551,C3,DELTA_XY_DEFAULT,2.9864796282574626,2.949818252308633,-1.2428350770470997
electricity,shape,fixed1024,PULSE8_D32,81551,MAG_ONLY,B0,2.985563775685048,2.993564815341061,0.26727464242665144
electricity,shape,fixed1024,PULSE8_D32,81551,MAG_ONLY,PLAIN,2.985563775685048,2.965597166711496,-0.6732744823766179
electricity,shape,fixed1024,PULSE8_D32,81551,MAG_ONLY,C3,2.985563775685048,2.9864796282574626,0.030666627146858083
electricity,shape,fixed1024,PULSE8_D32,81551,MAG_ONLY,DELTA_XY_BUDGET,2.985563775685048,2.991780878723189,0.2078060957724448
electricity,shape,fixed1024,PULSE8_D32,81551,MAG_ONLY,DELTA_XY_DEFAULT,2.985563775685048,2.949818252308633,-1.211787314301116
electricity,shape,fixed1024,PULSE8_D32,81552,C3,B0,2.979466104922773,2.9513351355726445,-0.9531607919095464
electricity,shape,fixed1024,PULSE8_D32,81552,C3,PLAIN,2.979466104922773,2.9610386759809084,-0.6223298969832092
electricity,shape,fixed1024,PULSE8_D32,81552,C3,MAG_ONLY,2.979466104922773,2.980330714815212,0.029010535244988755
electricity,shape,fixed1024,PULSE8_D32,81552,C3,DELTA_XY_BUDGET,2.979466104922773,2.9598927272284272,-0.6612867255048727
electricity,shape,fixed1024,PULSE8_D32,81552,C3,DELTA_XY_DEFAULT,2.979466104922773,2.947042506706737,-1.1002080269371106
electricity,shape,fixed1024,PULSE8_D32,81552,MAG_ONLY,B0,2.980330714815212,2.9513351355726445,-0.9824563429981836
electricity,shape,fixed1024,PULSE8_D32,81552,MAG_ONLY,PLAIN,2.980330714815212,2.9610386759809084,-0.651529444407295
electricity,shape,fixed1024,PULSE8_D32,81552,MAG_ONLY,C3,2.980330714815212,2.979466104922773,-0.029018953798809477
electricity,shape,fixed1024,PULSE8_D32,81552,MAG_ONLY,DELTA_XY_BUDGET,2.980330714815212,2.9598927272284272,-0.6904975777930478
electricity,shape,fixed1024,PULSE8_D32,81552,MAG_ONLY,DELTA_XY_DEFAULT,2.980330714815212,2.947042506706737,-1.129546249594937
electricity,shape,fixed1024,RAMP8_D32,81551,C3,B0,0.5391172877823662,0.5137246579801916,-4.942848159558988
electricity,shape,fixed1024,RAMP8_D32,81551,C3,PLAIN,0.5391172877823662,0.5501787954038578,2.010529615808243
electricity,shape,fixed1024,RAMP8_D32,81551,C3,MAG_ONLY,0.5391172877823662,0.5378923284382193,-0.22773318736550863
electricity,shape,fixed1024,RAMP8_D32,81551,C3,DELTA_XY_BUDGET,0.5391172877823662,0.518917044459446,-3.892769285303155
electricity,shape,fixed1024,RAMP8_D32,81551,C3,DELTA_XY_DEFAULT,0.5391172877823662,0.5390748485380766,-0.007872607005254828
electricity,shape,fixed1024,RAMP8_D32,81551,MAG_ONLY,B0,0.5378923284382193,0.5137246579801916,-4.704401488736698
electricity,shape,fixed1024,RAMP8_D32,81551,MAG_ONLY,PLAIN,0.5378923284382193,0.5501787954038578,2.2331771177440007
electricity,shape,fixed1024,RAMP8_D32,81551,MAG_ONLY,C3,0.5378923284382193,0.5391172877823662,0.2272157417147036
electricity,shape,fixed1024,RAMP8_D32,81551,MAG_ONLY,DELTA_XY_BUDGET,0.5378923284382193,0.518917044459446,-3.6567085589836124
electricity,shape,fixed1024,RAMP8_D32,81551,MAG_ONLY,DELTA_XY_DEFAULT,0.5378923284382193,0.5390748485380766,0.21936102251184364
electricity,shape,fixed1024,RAMP8_D32,81552,C3,B0,0.4363061336969255,0.4598948315492489,5.129150456607667
electricity,shape,fixed1024,RAMP8_D32,81552,C3,PLAIN,0.4363061336969255,0.4443455181722987,1.8092642204294407
electricity,shape,fixed1024,RAMP8_D32,81552,C3,MAG_ONLY,0.4363061336969255,0.4266079724157542,-2.273319278646735
electricity,shape,fixed1024,RAMP8_D32,81552,C3,DELTA_XY_BUDGET,0.4363061336969255,0.4497530673516387,2.9898481257493614
electricity,shape,fixed1024,RAMP8_D32,81552,C3,DELTA_XY_DEFAULT,0.4363061336969255,0.4637002564014921,5.907722138684257
electricity,shape,fixed1024,RAMP8_D32,81552,MAG_ONLY,B0,0.4266079724157542,0.4598948315492489,7.237928511038305
electricity,shape,fixed1024,RAMP8_D32,81552,MAG_ONLY,PLAIN,0.4266079724157542,0.4443455181722987,3.991836314565156
electricity,shape,fixed1024,RAMP8_D32,81552,MAG_ONLY,C3,0.4266079724157542,0.4363061336969255,2.2227882058398873
electricity,shape,fixed1024,RAMP8_D32,81552,MAG_ONLY,DELTA_XY_BUDGET,0.4266079724157542,0.4497530673516387,5.146178340077567
electricity,shape,fixed1024,RAMP8_D32,81552,MAG_ONLY,DELTA_XY_DEFAULT,0.4266079724157542,0.4637002564014921,7.999194193591674
electricity,shape,fixed1024,STEP12_D17,81551,C3,B0,0.2994322499119348,0.3049869534938703,1.8212921957158845
electricity,shape,fixed1024,STEP12_D17,81551,C3,PLAIN,0.2994322499119348,0.3150218131645115,4.9487250092219774
electricity,shape,fixed1024,STEP12_D17,81551,C3,MAG_ONLY,0.2994322499119348,0.3009043020720645,0.48920940976681093
electricity,shape,fixed1024,STEP12_D17,81551,C3,DELTA_XY_BUDGET,0.2994322499119348,0.3075544878380984,2.6409102280566588
electricity,shape,fixed1024,STEP12_D17,81551,C3,DELTA_XY_DEFAULT,0.2994322499119348,0.3067628063338454,2.3896496806502854
electricity,shape,fixed1024,STEP12_D17,81551,MAG_ONLY,B0,0.3009043020720645,0.3049869534938703,1.3386314971954527
electricity,shape,fixed1024,STEP12_D17,81551,MAG_ONLY,PLAIN,0.3009043020720645,0.3150218131645115,4.481439221821293
electricity,shape,fixed1024,STEP12_D17,81551,MAG_ONLY,C3,0.3009043020720645,0.2994322499119348,-0.4916144338369177
electricity,shape,fixed1024,STEP12_D17,81551,MAG_ONLY,DELTA_XY_BUDGET,0.3009043020720645,0.3075544878380984,2.162278890085545
electricity,shape,fixed1024,STEP12_D17,81551,MAG_ONLY,DELTA_XY_DEFAULT,0.3009043020720645,0.3067628063338454,1.9097831095615914
electricity,shape,fixed1024,STEP12_D17,81552,C3,B0,0.3010858627054494,0.341316569364508,11.786918734699437
electricity,shape,fixed1024,STEP12_D17,81552,C3,PLAIN,0.3010858627054494,0.3085662856970167,2.42425155900291
electricity,shape,fixed1024,STEP12_D17,81552,C3,MAG_ONLY,0.3010858627054494,0.2905752954697104,-3.617157893188705
electricity,shape,fixed1024,STEP12_D17,81552,C3,DELTA_XY_BUDGET,0.3010858627054494,0.328841061153706,8.44030801715584
electricity,shape,fixed1024,STEP12_D17,81552,C3,DELTA_XY_DEFAULT,0.3010858627054494,0.3421170274515655,11.993312654373812
electricity,shape,fixed1024,STEP12_D17,81552,MAG_ONLY,B0,0.2905752954697104,0.341316569364508,14.866337719634293
electricity,shape,fixed1024,STEP12_D17,81552,MAG_ONLY,PLAIN,0.2905752954697104,0.3085662856970167,5.830510675094236
electricity,shape,fixed1024,STEP12_D17,81552,MAG_ONLY,C3,0.2905752954697104,0.3010858627054494,3.4908869985773583
electricity,shape,fixed1024,STEP12_D17,81552,MAG_ONLY,DELTA_XY_BUDGET,0.2905752954697104,0.328841061153706,11.63655340052242
electricity,shape,fixed1024,STEP12_D17,81552,MAG_ONLY,DELTA_XY_DEFAULT,0.2905752954697104,0.3421170274515655,15.065526660800899
electricity,shape,fixed1024,STEP12_D63,81551,C3,B0,0.2185042155282388,0.2257596413913575,3.2137833929942072
electricity,shape,fixed1024,STEP12_D63,81551,C3,PLAIN,0.2185042155282388,0.219655108978422,0.5239547832671887
electricity,shape,fixed1024,STEP12_D63,81551,C3,MAG_ONLY,0.2185042155282388,0.2172542527328877,-0.5753456052655093
electricity,shape,fixed1024,STEP12_D63,81551,C3,DELTA_XY_BUDGET,0.2185042155282388,0.2230686351855285,2.046195178221011
electricity,shape,fixed1024,STEP12_D63,81551,C3,DELTA_XY_DEFAULT,0.2185042155282388,0.2262183031697811,3.4100192307395805
electricity,shape,fixed1024,STEP12_D63,81551,MAG_ONLY,B0,0.2172542527328877,0.2257596413913575,3.7674531222901764
electricity,shape,fixed1024,STEP12_D63,81551,MAG_ONLY,PLAIN,0.2172542527328877,0.219655108978422,1.0930117932154038
electricity,shape,fixed1024,STEP12_D63,81551,MAG_ONLY,C3,0.2172542527328877,0.2185042155282388,0.5720543158992508
electricity,shape,fixed1024,STEP12_D63,81551,MAG_ONLY,DELTA_XY_BUDGET,0.2172542527328877,0.2230686351855285,2.606544146291523
electricity,shape,fixed1024,STEP12_D63,81551,MAG_ONLY,DELTA_XY_DEFAULT,0.2172542527328877,0.2262183031697811,3.9625663844563896
electricity,shape,fixed1024,STEP12_D63,81552,C3,B0,0.2112057543172824,0.2120799809034642,0.412215515324732
electricity,shape,fixed1024,STEP12_D63,81552,C3,PLAIN,0.2112057543172824,0.2087033755745371,-1.199012107905073
electricity,shape,fixed1024,STEP12_D63,81552,C3,MAG_ONLY,0.2112057543172824,0.2125816609541409,0.6472367516007549
electricity,shape,fixed1024,STEP12_D63,81552,C3,DELTA_XY_BUDGET,0.2112057543172824,0.2145171261680317,1.5436398528644757
electricity,shape,fixed1024,STEP12_D63,81552,C3,DELTA_XY_DEFAULT,0.2112057543172824,0.2171770126538988,2.7494891211771177
electricity,shape,fixed1024,STEP12_D63,81552,MAG_ONLY,B0,0.2125816609541409,0.2120799809034642,-0.2365522896312866
electricity,shape,fixed1024,STEP12_D63,81552,MAG_ONLY,PLAIN,0.2125816609541409,0.2087033755745371,-1.858276306709139
electricity,shape,fixed1024,STEP12_D63,81552,MAG_ONLY,C3,0.2125816609541409,0.2112057543172824,-0.6514531961054226
electricity,shape,fixed1024,STEP12_D63,81552,MAG_ONLY,DELTA_XY_BUDGET,0.2125816609541409,0.2145171261680317,0.9022427479168926
electricity,shape,fixed1024,STEP12_D63,81552,MAG_ONLY,DELTA_XY_DEFAULT,0.2125816609541409,0.2171770126538988,2.1159475598281685
electricity,shape,fixed1024,STEP6_D17,81551,C3,B0,0.2388730382192448,0.2393722619533945,0.20855538151154374
electricity,shape,fixed1024,STEP6_D17,81551,C3,PLAIN,0.2388730382192448,0.2444945140709552,2.2992237159476736
electricity,shape,fixed1024,STEP6_D17,81551,C3,MAG_ONLY,0.2388730382192448,0.2389582317281187,0.03565205025907181
electricity,shape,fixed1024,STEP6_D17,81551,C3,DELTA_XY_BUDGET,0.2388730382192448,0.2415461181568109,1.1066540658834945
electricity,shape,fixed1024,STEP6_D17,81551,C3,DELTA_XY_DEFAULT,0.2388730382192448,0.2444958737188777,2.2997670325095365
electricity,shape,fixed1024,STEP6_D17,81551,MAG_ONLY,B0,0.2389582317281187,0.2393722619533945,0.1729649968200686
electricity,shape,fixed1024,STEP6_D17,81551,MAG_ONLY,PLAIN,0.2389582317281187,0.2444945140709552,2.2643789632146194
electricity,shape,fixed1024,STEP6_D17,81551,MAG_ONLY,C3,0.2389582317281187,0.2388730382192448,-0.03566476547918196
electricity,shape,fixed1024,STEP6_D17,81551,MAG_ONLY,DELTA_XY_BUDGET,0.2389582317281187,0.2415461181568109,1.0713839859815777
electricity,shape,fixed1024,STEP6_D17,81551,MAG_ONLY,DELTA_XY_DEFAULT,0.2389582317281187,0.2444958737188777,2.264922473549069
electricity,shape,fixed1024,STEP6_D17,81552,C3,B0,0.2341843314157159,0.2459610399515569,4.788038194244293
electricity,shape,fixed1024,STEP6_D17,81552,C3,PLAIN,0.2341843314157159,0.2350108337583387,0.3516869113671106
electricity,shape,fixed1024,STEP6_D17,81552,C3,MAG_ONLY,0.2341843314157159,0.2318954641173776,-0.987025471606362
electricity,shape,fixed1024,STEP6_D17,81552,C3,DELTA_XY_BUDGET,0.2341843314157159,0.2423980544862813,3.3885268130443125
electricity,shape,fixed1024,STEP6_D17,81552,C3,DELTA_XY_DEFAULT,0.2341843314157159,0.2487582820749312,5.858679573460524
electricity,shape,fixed1024,STEP6_D17,81552,MAG_ONLY,B0,0.2318954641173776,0.2459610399515569,5.718619435399031
electricity,shape,fixed1024,STEP6_D17,81552,MAG_ONLY,PLAIN,0.2318954641173776,0.2350108337583387,1.3256280960071032
electricity,shape,fixed1024,STEP6_D17,81552,MAG_ONLY,C3,0.2318954641173776,0.2341843314157159,0.9773784968880705
electricity,shape,fixed1024,STEP6_D17,81552,MAG_ONLY,DELTA_XY_BUDGET,0.2318954641173776,0.2423980544862813,4.332786577500391
electricity,shape,fixed1024,STEP6_D17,81552,MAG_ONLY,DELTA_XY_DEFAULT,0.2318954641173776,0.2487582820749312,6.778796595996017
electricity,shape,fixed1024,STEP6_D63,81551,C3,B0,0.1967115587370205,0.2022326850142712,2.7300860278154704
electricity,shape,fixed1024,STEP6_D63,81551,C3,PLAIN,0.1967115587370205,0.196048081082121,-0.3384259877665441
electricity,shape,fixed1024,STEP6_D63,81551,C3,MAG_ONLY,0.1967115587370205,0.1964444605388333,-0.13596626621823482
electricity,shape,fixed1024,STEP6_D63,81551,C3,DELTA_XY_BUDGET,0.1967115587370205,0.2009377108775698,2.1032150322067955
electricity,shape,fixed1024,STEP6_D63,81551,C3,DELTA_XY_DEFAULT,0.1967115587370205,0.2031440406208834,3.1664634927034307
electricity,shape,fixed1024,STEP6_D63,81551,MAG_ONLY,B0,0.1964444605388333,0.2022326850142712,2.862160720968243
electricity,shape,fixed1024,STEP6_D63,81551,MAG_ONLY,PLAIN,0.1964444605388333,0.196048081082121,-0.20218481839986424
electricity,shape,fixed1024,STEP6_D63,81551,MAG_ONLY,C3,0.1964444605388333,0.1967115587370205,0.13578164897990463
electricity,shape,fixed1024,STEP6_D63,81551,MAG_ONLY,DELTA_XY_BUDGET,0.1964444605388333,0.2009377108775698,2.236140901134387
electricity,shape,fixed1024,STEP6_D63,81551,MAG_ONLY,DELTA_XY_DEFAULT,0.1964444605388333,0.2031440406208834,3.2979456653385975
electricity,shape,fixed1024,STEP6_D63,81552,C3,B0,0.1919691918074674,0.1907568513860215,-0.6355422689340751
electricity,shape,fixed1024,STEP6_D63,81552,C3,PLAIN,0.1919691918074674,0.1911179285676325,-0.4454125503634776
electricity,shape,fixed1024,STEP6_D63,81552,C3,MAG_ONLY,0.1919691918074674,0.1927469258128197,0.4035000828535029
electricity,shape,fixed1024,STEP6_D63,81552,C3,DELTA_XY_BUDGET,0.1919691918074674,0.1934705297587903,0.7760034322512599
electricity,shape,fixed1024,STEP6_D63,81552,C3,DELTA_XY_DEFAULT,0.1919691918074674,0.1968580977465229,2.4834670227030786
electricity,shape,fixed1024,STEP6_D63,81552,MAG_ONLY,B0,0.1927469258128197,0.1907568513860215,-1.0432518739633911
electricity,shape,fixed1024,STEP6_D63,81552,MAG_ONLY,PLAIN,0.1927469258128197,0.1911179285676325,-0.8523518737336921
electricity,shape,fixed1024,STEP6_D63,81552,MAG_ONLY,C3,0.1927469258128197,0.1919691918074674,-0.4051348021157031
electricity,shape,fixed1024,STEP6_D63,81552,MAG_ONLY,DELTA_XY_BUDGET,0.1927469258128197,0.1934705297587903,0.3740124901052133
electricity,shape,fixed1024,STEP6_D63,81552,MAG_ONLY,DELTA_XY_DEFAULT,0.1927469258128197,0.1968580977465229,2.0883936097954137
electricity,shape,fixed1024,STEP8_D31,81551,C3,B0,0.2080386591122182,0.2099953720287695,0.9317885902186629
electricity,shape,fixed1024,STEP8_D31,81551,C3,PLAIN,0.2080386591122182,0.2094782535306883,0.6872285758575014
electricity,shape,fixed1024,STEP8_D31,81551,C3,MAG_ONLY,0.2080386591122182,0.2080355471891074,-0.0014958612375659541
electricity,shape,fixed1024,STEP8_D31,81551,C3,DELTA_XY_BUDGET,0.2080386591122182,0.2113006812135752,1.5437821035985566
electricity,shape,fixed1024,STEP8_D31,81551,C3,DELTA_XY_DEFAULT,0.2080386591122182,0.2167038452332872,3.9986305327165295
electricity,shape,fixed1024,STEP8_D31,81551,MAG_ONLY,B0,0.2080355471891074,0.2099953720287695,0.933270491024718
electricity,shape,fixed1024,STEP8_D31,81551,MAG_ONLY,PLAIN,0.2080355471891074,0.2094782535306883,0.6887141348872916
electricity,shape,fixed1024,STEP8_D31,81551,MAG_ONLY,C3,0.2080355471891074,0.2080386591122182,0.001495838861897969
electricity,shape,fixed1024,STEP8_D31,81551,MAG_ONLY,DELTA_XY_BUDGET,0.2080355471891074,0.2113006812135752,1.5452548499678143
electricity,shape,fixed1024,STEP8_D31,81551,MAG_ONLY,DELTA_XY_DEFAULT,0.2080355471891074,0.2167038452332872,4.000066558508985
electricity,shape,fixed1024,STEP8_D31,81552,C3,B0,0.2079394575900191,0.2153050211619759,3.4209901525778186
electricity,shape,fixed1024,STEP8_D31,81552,C3,PLAIN,0.2079394575900191,0.2099957599106122,0.979211352395104
electricity,shape,fixed1024,STEP8_D31,81552,C3,MAG_ONLY,0.2079394575900191,0.2079082718994579,-0.01499973535266097
electricity,shape,fixed1024,STEP8_D31,81552,C3,DELTA_XY_BUDGET,0.2079394575900191,0.2125855172966001,2.1855015175369585
electricity,shape,fixed1024,STEP8_D31,81552,C3,DELTA_XY_DEFAULT,0.2079394575900191,0.2133424001957679,2.532521711947988
electricity,shape,fixed1024,STEP8_D31,81552,MAG_ONLY,B0,0.2079082718994579,0.2153050211619759,3.435474575835995
electricity,shape,fixed1024,STEP8_D31,81552,MAG_ONLY,PLAIN,0.2079082718994579,0.2099957599106122,0.9940619810813622
electricity,shape,fixed1024,STEP8_D31,81552,MAG_ONLY,C3,0.2079082718994579,0.2079394575900191,0.014997485769485674
electricity,shape,fixed1024,STEP8_D31,81552,MAG_ONLY,DELTA_XY_BUDGET,0.2079082718994579,0.2125855172966001,2.2001712330273593
electricity,shape,fixed1024,STEP8_D31,81552,MAG_ONLY,DELTA_XY_DEFAULT,0.2079082718994579,0.2133424001957679,2.5471393831341116
electricity,shape,fixed1024,STEP8_D33,81551,C3,B0,0.2090409703457131,0.2148553999982557,2.7062059657750326
electricity,shape,fixed1024,STEP8_D33,81551,C3,PLAIN,0.2090409703457131,0.2122032041990768,1.490191378258865
electricity,shape,fixed1024,STEP8_D33,81551,C3,MAG_ONLY,0.2090409703457131,0.2093428024939328,0.14418080995569627
electricity,shape,fixed1024,STEP8_D33,81551,C3,DELTA_XY_BUDGET,0.2090409703457131,0.2129993966989303,1.8584213920626147
electricity,shape,fixed1024,STEP8_D33,81551,C3,DELTA_XY_DEFAULT,0.2090409703457131,0.225571619626637,7.3283373627787025
electricity,shape,fixed1024,STEP8_D33,81551,MAG_ONLY,B0,0.2093428024939328,0.2148553999982557,2.565724438095407
electricity,shape,fixed1024,STEP8_D33,81551,MAG_ONLY,PLAIN,0.2093428024939328,0.2122032041990768,1.3479540593838157
electricity,shape,fixed1024,STEP8_D33,81551,MAG_ONLY,C3,0.2093428024939328,0.2090409703457131,-0.14438899117266146
electricity,shape,fixed1024,STEP8_D33,81551,MAG_ONLY,DELTA_XY_BUDGET,0.2093428024939328,0.2129993966989303,1.7167157567896885
electricity,shape,fixed1024,STEP8_D33,81551,MAG_ONLY,DELTA_XY_DEFAULT,0.2093428024939328,0.225571619626637,7.194529683993888
electricity,shape,fixed1024,STEP8_D33,81552,C3,B0,0.2106401869306605,0.2190630728566661,3.844959269569237
electricity,shape,fixed1024,STEP8_D33,81552,C3,PLAIN,0.2106401869306605,0.2150456582704509,2.04862138358074
electricity,shape,fixed1024,STEP8_D33,81552,C3,MAG_ONLY,0.2106401869306605,0.2096943627871464,-0.45104891278082704
electricity,shape,fixed1024,STEP8_D33,81552,C3,DELTA_XY_BUDGET,0.2106401869306605,0.2157642149753291,2.3748275613055148
electricity,shape,fixed1024,STEP8_D33,81552,C3,DELTA_XY_DEFAULT,0.2106401869306605,0.2257412260545539,6.6895353533005135
electricity,shape,fixed1024,STEP8_D33,81552,MAG_ONLY,B0,0.2096943627871464,0.2190630728566661,4.276718091893872
electricity,shape,fixed1024,STEP8_D33,81552,MAG_ONLY,PLAIN,0.2096943627871464,0.2150456582704509,2.4884461868904584
electricity,shape,fixed1024,STEP8_D33,81552,MAG_ONLY,C3,0.2096943627871464,0.2106401869306605,0.4490235967296474
electricity,shape,fixed1024,STEP8_D33,81552,MAG_ONLY,DELTA_XY_BUDGET,0.2096943627871464,0.2157642149753291,2.813187621903268
electricity,shape,fixed1024,STEP8_D33,81552,MAG_ONLY,DELTA_XY_DEFAULT,0.2096943627871464,0.2257412260545539,7.10852135778226
electricity,shape,selected,PAIRED_SHIFT8_D32,81551,C3,B0,0.2047833183822829,0.2114207846374824,3.1394577721299277
electricity,shape,selected,PAIRED_SHIFT8_D32,81551,C3,PLAIN,0.2047833183822829,0.2050580198354147,0.1339627942141819
electricity,shape,selected,PAIRED_SHIFT8_D32,81551,C3,MAG_ONLY,0.2047833183822829,0.204623093178736,-0.07830260067809292
electricity,shape,selected,PAIRED_SHIFT8_D32,81551,C3,DELTA_XY_BUDGET,0.2047833183822829,0.209463282604419,2.234264718831136
electricity,shape,selected,PAIRED_SHIFT8_D32,81551,C3,DELTA_XY_DEFAULT,0.2047833183822829,0.210571632068271,2.748857302920771
electricity,shape,selected,PAIRED_SHIFT8_D32,81551,MAG_ONLY,B0,0.204623093178736,0.2114207846374824,3.215242754113423
electricity,shape,selected,PAIRED_SHIFT8_D32,81551,MAG_ONLY,PLAIN,0.204623093178736,0.2050580198354147,0.21209931561212425
electricity,shape,selected,PAIRED_SHIFT8_D32,81551,MAG_ONLY,C3,0.204623093178736,0.2047833183822829,0.07824133567744251
electricity,shape,selected,PAIRED_SHIFT8_D32,81551,MAG_ONLY,DELTA_XY_BUDGET,0.204623093178736,0.209463282604419,2.310757935950003
electricity,shape,selected,PAIRED_SHIFT8_D32,81551,MAG_ONLY,DELTA_XY_DEFAULT,0.204623093178736,0.210571632068271,2.8249478959285423
electricity,shape,selected,PAIRED_SHIFT8_D32,81552,C3,B0,0.2049563213411614,0.2143870549534957,4.398928664037105
electricity,shape,selected,PAIRED_SHIFT8_D32,81552,C3,PLAIN,0.2049563213411614,0.2101600645460429,2.4760856522012764
electricity,shape,selected,PAIRED_SHIFT8_D32,81552,C3,MAG_ONLY,0.2049563213411614,0.2047028162695488,-0.12384053929124228
electricity,shape,selected,PAIRED_SHIFT8_D32,81552,C3,DELTA_XY_BUDGET,0.2049563213411614,0.2118774937188657,3.266591583761036
electricity,shape,selected,PAIRED_SHIFT8_D32,81552,C3,DELTA_XY_DEFAULT,0.2049563213411614,0.215845615072349,5.04494554014342
electricity,shape,selected,PAIRED_SHIFT8_D32,81552,MAG_ONLY,B0,0.2047028162695488,0.2143870549534957,4.517175109312255
electricity,shape,selected,PAIRED_SHIFT8_D32,81552,MAG_ONLY,PLAIN,0.2047028162695488,0.2101600645460429,2.5967104113153283
electricity,shape,selected,PAIRED_SHIFT8_D32,81552,MAG_ONLY,C3,0.2047028162695488,0.2049563213411614,0.12368736419240411
electricity,shape,selected,PAIRED_SHIFT8_D32,81552,MAG_ONLY,DELTA_XY_BUDGET,0.2047028162695488,0.2118774937188657,3.3862385869245504
electricity,shape,selected,PAIRED_SHIFT8_D32,81552,MAG_ONLY,DELTA_XY_DEFAULT,0.2047028162695488,0.215845615072349,5.162392944172279
electricity,shape,selected,PULSE8_D32,81551,C3,B0,2.998005954676624,2.993564815341061,-0.14835621105657726
electricity,shape,selected,PULSE8_D32,81551,C3,PLAIN,2.998005954676624,2.988170780966064,-0.32913693464937666
electricity,shape,selected,PULSE8_D32,81551,C3,MAG_ONLY,2.998005954676624,2.998370158958871,0.01214674182767883
electricity,shape,selected,PULSE8_D32,81551,C3,DELTA_XY_BUDGET,2.998005954676624,2.995556069063484,-0.08178400125575802
electricity,shape,selected,PULSE8_D32,81551,C3,DELTA_XY_DEFAULT,2.998005954676624,2.976727447761515,-0.7148288611747322
electricity,shape,selected,PULSE8_D32,81551,MAG_ONLY,B0,2.998370158958871,2.993564815341061,-0.1605224511319836
electricity,shape,selected,PULSE8_D32,81551,MAG_ONLY,PLAIN,2.998370158958871,2.988170780966064,-0.34132513636015993
electricity,shape,selected,PULSE8_D32,81551,MAG_ONLY,C3,2.998370158958871,2.998005954676624,-0.012148217440288711
electricity,shape,selected,PULSE8_D32,81551,MAG_ONLY,DELTA_XY_BUDGET,2.998370158958871,2.995556069063484,-0.09394215399436412
electricity,shape,selected,PULSE8_D32,81551,MAG_ONLY,DELTA_XY_DEFAULT,2.998370158958871,2.976727447761515,-0.7270639175793958
electricity,shape,selected,PULSE8_D32,81552,C3,B0,2.990601584052126,2.9513351355726445,-1.3304638977187144
electricity,shape,selected,PULSE8_D32,81552,C3,PLAIN,2.990601584052126,2.9610386759809084,-0.9983965529063665
electricity,shape,selected,PULSE8_D32,81552,C3,MAG_ONLY,2.990601584052126,2.992174020015917,0.05255162143886771
electricity,shape,selected,PULSE8_D32,81552,C3,DELTA_XY_BUDGET,2.990601584052126,2.9598927272284272,-1.0374989789732725
electricity,shape,selected,PULSE8_D32,81552,C3,DELTA_XY_DEFAULT,2.990601584052126,2.947042506706737,-1.4780607081933628
electricity,shape,selected,PULSE8_D32,81552,MAG_ONLY,B0,2.992174020015917,2.9513351355726445,-1.3837426983821066
electricity,shape,selected,PULSE8_D32,81552,MAG_ONLY,PLAIN,2.992174020015917,2.9610386759809084,-1.0515007550414346
electricity,shape,selected,PULSE8_D32,81552,MAG_ONLY,C3,2.992174020015917,2.990601584052126,-0.05257925268868924
electricity,shape,selected,PULSE8_D32,81552,MAG_ONLY,DELTA_XY_BUDGET,2.992174020015917,2.9598927272284272,-1.0906237408717434
electricity,shape,selected,PULSE8_D32,81552,MAG_ONLY,DELTA_XY_DEFAULT,2.992174020015917,2.947042506706737,-1.5314171141566968
electricity,shape,selected,RAMP8_D32,81551,C3,B0,0.5301479703551113,0.5137246579801916,-3.1969094961279643
electricity,shape,selected,RAMP8_D32,81551,C3,PLAIN,0.5301479703551113,0.5417752375211132,2.146142230346737
electricity,shape,selected,RAMP8_D32,81551,C3,MAG_ONLY,0.5301479703551113,0.5288581419875704,-0.24388928998868575
electricity,shape,selected,RAMP8_D32,81551,C3,DELTA_XY_BUDGET,0.5301479703551113,0.5156254139916114,-2.816493518245422
electricity,shape,selected,RAMP8_D32,81551,C3,DELTA_XY_DEFAULT,0.5301479703551113,0.5599212986755598,5.317413070528754
electricity,shape,selected,RAMP8_D32,81551,MAG_ONLY,B0,0.5288581419875704,0.5137246579801916,-2.945835628540583
electricity,shape,selected,RAMP8_D32,81551,MAG_ONLY,PLAIN,0.5288581419875704,0.5417752375211132,2.384216671224182
electricity,shape,selected,RAMP8_D32,81551,MAG_ONLY,C3,0.5288581419875704,0.5301479703551113,0.24329591730340994
electricity,shape,selected,RAMP8_D32,81551,MAG_ONLY,DELTA_XY_BUDGET,0.5288581419875704,0.5156254139916114,-2.5663451872010024
electricity,shape,selected,RAMP8_D32,81551,MAG_ONLY,DELTA_XY_DEFAULT,0.5288581419875704,0.5599212986755598,5.547771938925406
electricity,shape,selected,RAMP8_D32,81552,C3,B0,0.4308754729868113,0.4598948315492489,6.309998845753495
electricity,shape,selected,RAMP8_D32,81552,C3,PLAIN,0.4308754729868113,0.4443455181722987,3.031434915984532
electricity,shape,selected,RAMP8_D32,81552,C3,MAG_ONLY,0.4308754729868113,0.424319231284178,-1.545120093376684
electricity,shape,selected,RAMP8_D32,81552,C3,DELTA_XY_BUDGET,0.4308754729868113,0.4497530673516387,4.1973242063667815
electricity,shape,selected,RAMP8_D32,81552,C3,DELTA_XY_DEFAULT,0.4308754729868113,0.4637002564014921,7.0788797205796
electricity,shape,selected,RAMP8_D32,81552,MAG_ONLY,B0,0.424319231284178,0.4598948315492489,7.735594710909732
electricity,shape,selected,RAMP8_D32,81552,MAG_ONLY,PLAIN,0.424319231284178,0.4443455181722987,4.506917718106784
electricity,shape,selected,RAMP8_D32,81552,MAG_ONLY,C3,0.424319231284178,0.4308754729868113,1.5216094007824865
electricity,shape,selected,RAMP8_D32,81552,MAG_ONLY,DELTA_XY_BUDGET,0.424319231284178,0.4497530673516387,5.655066727443869
electricity,shape,selected,RAMP8_D32,81552,MAG_ONLY,DELTA_XY_DEFAULT,0.424319231284178,0.4637002564014921,8.492776222063657
electricity,shape,selected,STEP12_D17,81551,C3,B0,0.2969892494415744,0.3049869534938703,2.622310220380175
electricity,shape,selected,STEP12_D17,81551,C3,PLAIN,0.2969892494415744,0.307403281977952,3.387742794862081
electricity,shape,selected,STEP12_D17,81551,C3,MAG_ONLY,0.2969892494415744,0.2973773903823255,0.13052133528110854
electricity,shape,selected,STEP12_D17,81551,C3,DELTA_XY_BUDGET,0.2969892494415744,0.3050963085109967,2.6572130973948282
electricity,shape,selected,STEP12_D17,81551,C3,DELTA_XY_DEFAULT,0.2969892494415744,0.3173569830451726,6.417925141637449
electricity,shape,selected,STEP12_D17,81551,MAG_ONLY,B0,0.2973773903823255,0.3049869534938703,2.4950454517385423
electricity,shape,selected,STEP12_D17,81551,MAG_ONLY,PLAIN,0.2973773903823255,0.307403281977952,3.261478384718608
electricity,shape,selected,STEP12_D17,81551,MAG_ONLY,C3,0.2973773903823255,0.2969892494415744,-0.1306919161151221
electricity,shape,selected,STEP12_D17,81551,MAG_ONLY,DELTA_XY_BUDGET,0.2973773903823255,0.3050963085109967,2.5299939439919483
electricity,shape,selected,STEP12_D17,81551,MAG_ONLY,DELTA_XY_DEFAULT,0.2973773903823255,0.3173569830451726,6.295620934864765
electricity,shape,selected,STEP12_D17,81552,C3,B0,0.3033284513344172,0.341316569364508,11.129878077943967
electricity,shape,selected,STEP12_D17,81552,C3,PLAIN,0.3033284513344172,0.3085662856970167,1.6974746125513418
electricity,shape,selected,STEP12_D17,81552,C3,MAG_ONLY,0.3033284513344172,0.2934732611741167,-3.358122004325792
electricity,shape,selected,STEP12_D17,81552,C3,DELTA_XY_BUDGET,0.3033284513344172,0.328841061153706,7.75834067977409
electricity,shape,selected,STEP12_D17,81552,C3,DELTA_XY_DEFAULT,0.3033284513344172,0.3421170274515655,11.337809288852107
electricity,shape,selected,STEP12_D17,81552,MAG_ONLY,B0,0.2934732611741167,0.341316569364508,14.017282629867633
electricity,shape,selected,STEP12_D17,81552,MAG_ONLY,PLAIN,0.2934732611741167,0.3085662856970167,4.891339469834355
electricity,shape,selected,STEP12_D17,81552,MAG_ONLY,C3,0.2934732611741167,0.3033284513344172,3.249016080405609
electricity,shape,selected,STEP12_D17,81552,MAG_ONLY,DELTA_XY_BUDGET,0.2934732611741167,0.328841061153706,10.75528702392119
electricity,shape,selected,STEP12_D17,81552,MAG_ONLY,DELTA_XY_DEFAULT,0.2934732611741167,0.3421170274515655,14.218458122297184
electricity,shape,selected,STEP12_D63,81551,C3,B0,0.2214372881221064,0.2257596413913575,1.9145819166846878
electricity,shape,selected,STEP12_D63,81551,C3,PLAIN,0.2214372881221064,0.2240169335711794,1.1515403804299273
electricity,shape,selected,STEP12_D63,81551,C3,MAG_ONLY,0.2214372881221064,0.2205994905354624,-0.37978219469609886
electricity,shape,selected,STEP12_D63,81551,C3,DELTA_XY_BUDGET,0.2214372881221064,0.2242937220043668,1.273523777988228
electricity,shape,selected,STEP12_D63,81551,C3,DELTA_XY_DEFAULT,0.2214372881221064,0.2223650680385186,0.41723276258998077
electricity,shape,selected,STEP12_D63,81551,MAG_ONLY,B0,0.2205994905354624,0.2257596413913575,2.285683492449353
electricity,shape,selected,STEP12_D63,81551,MAG_ONLY,PLAIN,0.2205994905354624,0.2240169335711794,1.525528888034322
electricity,shape,selected,STEP12_D63,81551,MAG_ONLY,C3,0.2205994905354624,0.2214372881221064,0.3783453065872133
electricity,shape,selected,STEP12_D63,81551,MAG_ONLY,DELTA_XY_BUDGET,0.2205994905354624,0.2242937220043668,1.6470507671331402
electricity,shape,selected,STEP12_D63,81551,MAG_ONLY,DELTA_XY_DEFAULT,0.2205994905354624,0.2223650680385186,0.7939994886023927
electricity,shape,selected,STEP12_D63,81552,C3,B0,0.2172209187176435,0.2120799809034642,-2.4240561472510747
electricity,shape,selected,STEP12_D63,81552,C3,PLAIN,0.2172209187176435,0.2087033755745371,-4.0811717202266395
electricity,shape,selected,STEP12_D63,81552,C3,MAG_ONLY,0.2172209187176435,0.2192241159603945,0.9137668244094566
electricity,shape,selected,STEP12_D63,81552,C3,DELTA_XY_BUDGET,0.2172209187176435,0.2145171261680317,-1.2604087132390251
electricity,shape,selected,STEP12_D63,81552,C3,DELTA_XY_DEFAULT,0.2172209187176435,0.2171770126538988,-0.02021671778618117
electricity,shape,selected,STEP12_D63,81552,MAG_ONLY,B0,0.2192241159603945,0.2120799809034642,-3.3686041589103155
electricity,shape,selected,STEP12_D63,81552,MAG_ONLY,PLAIN,0.2192241159603945,0.2087033755745371,-5.041001544366486
electricity,shape,selected,STEP12_D63,81552,MAG_ONLY,C3,0.2192241159603945,0.2172209187176435,-0.9221935228783673
electricity,shape,selected,STEP12_D63,81552,MAG_ONLY,DELTA_XY_BUDGET,0.2192241159603945,0.2145171261680317,-2.1942256436326746
electricity,shape,selected,STEP12_D63,81552,MAG_ONLY,DELTA_XY_DEFAULT,0.2192241159603945,0.2171770126538988,-0.9425966779265327
electricity,shape,selected,STEP6_D17,81551,C3,B0,0.2390200029959951,0.2393722619533945,0.14715947224829273
electricity,shape,selected,STEP6_D17,81551,C3,PLAIN,0.2390200029959951,0.2424337233792605,1.408104588619885
electricity,shape,selected,STEP6_D17,81551,C3,MAG_ONLY,0.2390200029959951,0.2392709270115153,0.10487024840595272
electricity,shape,selected,STEP6_D17,81551,C3,DELTA_XY_BUDGET,0.2390200029959951,0.2387152252884105,-0.12767418048698076
electricity,shape,selected,STEP6_D17,81551,C3,DELTA_XY_DEFAULT,0.2390200029959951,0.248052605017374,3.641405830326294
electricity,shape,selected,STEP6_D17,81551,MAG_ONLY,B0,0.2392709270115153,0.2393722619533945,0.04233361921396339
electricity,shape,selected,STEP6_D17,81551,MAG_ONLY,PLAIN,0.2392709270115153,0.2424337233792605,1.3046024800754896
electricity,shape,selected,STEP6_D17,81551,MAG_ONLY,C3,0.2392709270115153,0.2390200029959951,-0.10498034155090874
electricity,shape,selected,STEP6_D17,81551,MAG_ONLY,DELTA_XY_BUDGET,0.2392709270115153,0.2387152252884105,-0.23278855482864458
electricity,shape,selected,STEP6_D17,81551,MAG_ONLY,DELTA_XY_DEFAULT,0.2392709270115153,0.248052605017374,3.5402482490533016
electricity,shape,selected,STEP6_D17,81552,C3,B0,0.2346741849754628,0.2459610399515569,4.588879189288308
electricity,shape,selected,STEP6_D17,81552,C3,PLAIN,0.2346741849754628,0.2350108337583387,0.1432481973244193
electricity,shape,selected,STEP6_D17,81552,C3,MAG_ONLY,0.2346741849754628,0.2330460949401347,-0.6986128798881275
electricity,shape,selected,STEP6_D17,81552,C3,DELTA_XY_BUDGET,0.2346741849754628,0.2423980544862813,3.186440389213452
electricity,shape,selected,STEP6_D17,81552,C3,DELTA_XY_DEFAULT,0.2346741849754628,0.2487582820749312,5.661760075681011
electricity,shape,selected,STEP6_D17,81552,MAG_ONLY,B0,0.2330460949401347,0.2459610399515569,5.25080923953073
electricity,shape,selected,STEP6_D17,81552,MAG_ONLY,PLAIN,0.2330460949401347,0.2350108337583387,0.8360205301106816
electricity,shape,selected,STEP6_D17,81552,MAG_ONLY,C3,0.2330460949401347,0.2346741849754628,0.6937661402758644
electricity,shape,selected,STEP6_D17,81552,MAG_ONLY,DELTA_XY_BUDGET,0.2330460949401347,0.2423980544862813,3.858100084988869
electricity,shape,selected,STEP6_D17,81552,MAG_ONLY,DELTA_XY_DEFAULT,0.2330460949401347,0.2487582820749312,6.31624684160813
electricity,shape,selected,STEP6_D63,81551,C3,B0,0.1971669655927223,0.2022326850142712,2.504896486535513
electricity,shape,selected,STEP6_D63,81551,C3,PLAIN,0.1971669655927223,0.1967281127899064,-0.22307579562081958
electricity,shape,selected,STEP6_D63,81551,C3,MAG_ONLY,0.1971669655927223,0.1969135890900064,-0.128673954848324
electricity,shape,selected,STEP6_D63,81551,C3,DELTA_XY_BUDGET,0.1971669655927223,0.2016744187706894,2.23501483502091
electricity,shape,selected,STEP6_D63,81551,C3,DELTA_XY_DEFAULT,0.1971669655927223,0.2011857575204677,1.997552897021826
electricity,shape,selected,STEP6_D63,81551,MAG_ONLY,B0,0.1969135890900064,0.2022326850142712,2.6301860769387675
electricity,shape,selected,STEP6_D63,81551,MAG_ONLY,PLAIN,0.1969135890900064,0.1967281127899064,-0.09428052629065764
electricity,shape,selected,STEP6_D63,81551,MAG_ONLY,C3,0.1969135890900064,0.1971669655927223,0.12850859775327406
electricity,shape,selected,STEP6_D63,81551,MAG_ONLY,DELTA_XY_BUDGET,0.1969135890900064,0.2016744187706894,2.3606512465501273
electricity,shape,selected,STEP6_D63,81551,MAG_ONLY,DELTA_XY_DEFAULT,0.1969135890900064,0.2011857575204677,2.1234944675577627
electricity,shape,selected,STEP6_D63,81552,C3,B0,0.1943692008981296,0.1907568513860215,-1.893693194168966
electricity,shape,selected,STEP6_D63,81552,C3,PLAIN,0.1943692008981296,0.1911179285676325,-1.701186463700366
electricity,shape,selected,STEP6_D63,81552,C3,MAG_ONLY,0.1943692008981296,0.1951812946245741,0.4160714929197229
electricity,shape,selected,STEP6_D63,81552,C3,DELTA_XY_BUDGET,0.1943692008981296,0.1934705297587903,-0.4645002732249104
electricity,shape,selected,STEP6_D63,81552,C3,DELTA_XY_DEFAULT,0.1943692008981296,0.1968580977465229,1.2643101182446936
electricity,shape,selected,STEP6_D63,81552,MAG_ONLY,B0,0.1951812946245741,0.1907568513860215,-2.3194151121729067
electricity,shape,selected,STEP6_D63,81552,MAG_ONLY,PLAIN,0.1951812946245741,0.1911179285676325,-2.1261040695633504
electricity,shape,selected,STEP6_D63,81552,MAG_ONLY,C3,0.1951812946245741,0.1943692008981296,-0.41780988072803726
electricity,shape,selected,STEP6_D63,81552,MAG_ONLY,DELTA_XY_BUDGET,0.1951812946245741,0.1934705297587903,-0.8842508819904893
electricity,shape,selected,STEP6_D63,81552,MAG_ONLY,DELTA_XY_DEFAULT,0.1951812946245741,0.1968580977465229,0.8517826501137304
electricity,shape,selected,STEP8_D31,81551,C3,B0,0.2078958164453094,0.2099953720287695,0.9998104068562275
electricity,shape,selected,STEP8_D31,81551,C3,PLAIN,0.2078958164453094,0.2067769163174251,-0.541114621405181
electricity,shape,selected,STEP8_D31,81551,C3,MAG_ONLY,0.2078958164453094,0.2078585136730087,-0.017946232579824084
electricity,shape,selected,STEP8_D31,81551,C3,DELTA_XY_BUDGET,0.2078958164453094,0.2098993459055415,0.9545191537346231
electricity,shape,selected,STEP8_D31,81551,C3,DELTA_XY_DEFAULT,0.2078958164453094,0.2101415181154754,1.06866158115978
electricity,shape,selected,STEP8_D31,81551,MAG_ONLY,B0,0.2078585136730087,0.2099953720287695,1.0175740232351682
electricity,shape,selected,STEP8_D31,81551,MAG_ONLY,PLAIN,0.2078585136730087,0.2067769163174251,-0.5230745166560302
electricity,shape,selected,STEP8_D31,81551,MAG_ONLY,C3,0.2078585136730087,0.2078958164453094,0.01794301248506658
electricity,shape,selected,STEP8_D31,81551,MAG_ONLY,DELTA_XY_BUDGET,0.2078585136730087,0.2098993459055415,0.9722908967287558
electricity,shape,selected,STEP8_D31,81551,MAG_ONLY,DELTA_XY_DEFAULT,0.2078585136730087,0.2101415181154754,1.0864128435639109
electricity,shape,selected,STEP8_D31,81552,C3,B0,0.2067941801108488,0.2153050211619759,3.952922697852135
electricity,shape,selected,STEP8_D31,81552,C3,PLAIN,0.2067941801108488,0.2099957599106122,1.5245925923105363
electricity,shape,selected,STEP8_D31,81552,C3,MAG_ONLY,0.2067941801108488,0.2067761628209813,-0.008713426935536006
electricity,shape,selected,STEP8_D31,81552,C3,DELTA_XY_BUDGET,0.2067941801108488,0.2125855172966001,2.724238818993119
electricity,shape,selected,STEP8_D31,81552,C3,DELTA_XY_DEFAULT,0.2067941801108488,0.2133424001957679,3.0693477147113235
electricity,shape,selected,STEP8_D31,81552,MAG_ONLY,B0,0.2067761628209813,0.2153050211619759,3.9612909605941105
electricity,shape,selected,STEP8_D31,81552,MAG_ONLY,PLAIN,0.2067761628209813,0.2099957599106122,1.5331724273868086
electricity,shape,selected,STEP8_D31,81552,MAG_ONLY,C3,0.2067761628209813,0.2067941801108488,0.008712667763588477
electricity,shape,selected,STEP8_D31,81552,MAG_ONLY,DELTA_XY_BUDGET,0.2067761628209813,0.2125855172966001,2.7327141328793214
electricity,shape,selected,STEP8_D31,81552,MAG_ONLY,DELTA_XY_DEFAULT,0.2067761628209813,0.2133424001957679,3.077792960406023
electricity,shape,selected,STEP8_D33,81551,C3,B0,0.2072638111511831,0.2148553999982557,3.5333479387226085
electricity,shape,selected,STEP8_D33,81551,C3,PLAIN,0.2072638111511831,0.207345269450618,0.039286307158459266
electricity,shape,selected,STEP8_D33,81551,C3,MAG_ONLY,0.2072638111511831,0.2072626731555361,-0.0005490596206803033
electricity,shape,selected,STEP8_D33,81551,C3,DELTA_XY_BUDGET,0.2072638111511831,0.2120008124226543,2.234425999286882
electricity,shape,selected,STEP8_D33,81551,C3,DELTA_XY_DEFAULT,0.2072638111511831,0.2126840202411369,2.5484797042149454
electricity,shape,selected,STEP8_D33,81551,MAG_ONLY,B0,0.2072626731555361,0.2148553999982557,3.533877595248358
electricity,shape,selected,STEP8_D33,81551,MAG_ONLY,PLAIN,0.2072626731555361,0.207345269450618,0.03983514806041866
electricity,shape,selected,STEP8_D33,81551,MAG_ONLY,C3,0.2072626731555361,0.2072638111511831,0.0005490566060251112
electricity,shape,selected,STEP8_D33,81551,MAG_ONLY,DELTA_XY_BUDGET,0.2072626731555361,0.2120008124226543,2.2349627876293465
electricity,shape,selected,STEP8_D33,81551,MAG_ONLY,DELTA_XY_DEFAULT,0.2072626731555361,0.2126840202411369,2.5490147682248
electricity,shape,selected,STEP8_D33,81552,C3,B0,0.208018594293347,0.2190630728566661,5.041688870376415
electricity,shape,selected,STEP8_D33,81552,C3,PLAIN,0.208018594293347,0.2150456582704509,3.2677079061351644
electricity,shape,selected,STEP8_D33,81552,C3,MAG_ONLY,0.208018594293347,0.2072883957627972,-0.35226213597858713
electricity,shape,selected,STEP8_D33,81552,C3,DELTA_XY_BUDGET,0.208018594293347,0.2157642149753291,3.5898541761745673
electricity,shape,selected,STEP8_D33,81552,C3,DELTA_XY_DEFAULT,0.208018594293347,0.2257412260545539,7.8508618345698
electricity,shape,selected,STEP8_D33,81552,MAG_ONLY,B0,0.2072883957627972,0.2190630728566661,5.375016857164749
electricity,shape,selected,STEP8_D33,81552,MAG_ONLY,PLAIN,0.2072883957627972,0.2150456582704509,3.607263020347906
electricity,shape,selected,STEP8_D33,81552,MAG_ONLY,C3,0.2072883957627972,0.208018594293347,0.351025605682187
electricity,shape,selected,STEP8_D33,81552,MAG_ONLY,DELTA_XY_BUDGET,0.2072883957627972,0.2157642149753291,3.92827847449172
electricity,shape,selected,STEP8_D33,81552,MAG_ONLY,DELTA_XY_DEFAULT,0.2072883957627972,0.2257412260545539,8.174328904945916
electricity,standard,fixed1024,BURST16,81551,C3,B0,0.1785458266978296,0.176287207077633,-1.2812158395600015
electricity,standard,fixed1024,BURST16,81551,C3,PLAIN,0.1785458266978296,0.1781688981389119,-0.21155687825145097
electricity,standard,fixed1024,BURST16,81551,C3,MAG_ONLY,0.1785458266978296,0.1783606448741592,-0.10382437437419512
electricity,standard,fixed1024,BURST16,81551,C3,DELTA_XY_BUDGET,0.1785458266978296,0.1786732669308248,0.07132585371294464
electricity,standard,fixed1024,BURST16,81551,C3,DELTA_XY_DEFAULT,0.1785458266978296,0.1817617927081976,1.7693300459084682
electricity,standard,fixed1024,BURST16,81551,MAG_ONLY,B0,0.1783606448741592,0.176287207077633,-1.1761703137160184
electricity,standard,fixed1024,BURST16,81551,MAG_ONLY,PLAIN,0.1783606448741592,0.1781688981389119,-0.10762076728891845
electricity,standard,fixed1024,BURST16,81551,MAG_ONLY,C3,0.1783606448741592,0.1785458266978296,0.10371669116847615
electricity,standard,fixed1024,BURST16,81551,MAG_ONLY,DELTA_XY_BUDGET,0.1783606448741592,0.1786732669308248,0.17496856806599181
electricity,standard,fixed1024,BURST16,81551,MAG_ONLY,DELTA_XY_DEFAULT,0.1783606448741592,0.1817617927081976,1.8712116464974726
electricity,standard,fixed1024,BURST16,81552,C3,B0,0.1761312818624646,0.175634516185082,-0.2828405760853414
electricity,standard,fixed1024,BURST16,81552,C3,PLAIN,0.1761312818624646,0.176190671863466,0.033707800971105595
electricity,standard,fixed1024,BURST16,81552,C3,MAG_ONLY,0.1761312818624646,0.1762683588783122,0.07776609297316384
electricity,standard,fixed1024,BURST16,81552,C3,DELTA_XY_BUDGET,0.1761312818624646,0.1769965147765371,0.4888417803960099
electricity,standard,fixed1024,BURST16,81552,C3,DELTA_XY_DEFAULT,0.1761312818624646,0.1810884335820583,2.7374203981655354
electricity,standard,fixed1024,BURST16,81552,MAG_ONLY,B0,0.1762683588783122,0.175634516185082,-0.360887317025016
electricity,standard,fixed1024,BURST16,81552,MAG_ONLY,PLAIN,0.1762683588783122,0.176190671863466,-0.04409258107966885
electricity,standard,fixed1024,BURST16,81552,MAG_ONLY,C3,0.1762683588783122,0.1761312818624646,-0.07782661569148974
electricity,standard,fixed1024,BURST16,81552,MAG_ONLY,DELTA_XY_BUDGET,0.1762683588783122,0.1769965147765371,0.4113956137182906
electricity,standard,fixed1024,BURST16,81552,MAG_ONLY,DELTA_XY_DEFAULT,0.1762683588783122,0.1810884335820583,2.6617242241271932
electricity,standard,fixed1024,BURST4,81551,C3,B0,0.170426460744969,0.169609032760875,-0.4819483790385659
electricity,standard,fixed1024,BURST4,81551,C3,PLAIN,0.170426460744969,0.1701632129907732,-0.1547030933237492
electricity,standard,fixed1024,BURST4,81551,C3,MAG_ONLY,0.170426460744969,0.1703456678885997,-0.0474287707874943
electricity,standard,fixed1024,BURST4,81551,C3,DELTA_XY_BUDGET,0.170426460744969,0.1716822843802475,0.7314812007609639
electricity,standard,fixed1024,BURST4,81551,C3,DELTA_XY_DEFAULT,0.170426460744969,0.1734496075384465,1.7429539543970307
electricity,standard,fixed1024,BURST4,81551,MAG_ONLY,B0,0.1703456678885997,0.169609032760875,-0.43431361864039175
electricity,standard,fixed1024,BURST4,81551,MAG_ONLY,PLAIN,0.1703456678885997,0.1701632129907732,-0.10722346776350644
electricity,standard,fixed1024,BURST4,81551,MAG_ONLY,C3,0.1703456678885997,0.170426460744969,0.04740628656849655
electricity,standard,fixed1024,BURST4,81551,MAG_ONLY,DELTA_XY_BUDGET,0.1703456678885997,0.1716822843802475,0.7785407192552274
electricity,standard,fixed1024,BURST4,81551,MAG_ONLY,DELTA_XY_DEFAULT,0.1703456678885997,0.1734496075384465,1.7895339712191483
electricity,standard,fixed1024,BURST4,81552,C3,B0,0.1689893629810317,0.1683163159748235,-0.3998703288568217
electricity,standard,fixed1024,BURST4,81552,C3,PLAIN,0.1689893629810317,0.168665680959641,-0.1919074583217384
electricity,standard,fixed1024,BURST4,81552,C3,MAG_ONLY,0.1689893629810317,0.1690970070268186,0.06365816147758663
electricity,standard,fixed1024,BURST4,81552,C3,DELTA_XY_BUDGET,0.1689893629810317,0.1697407191304732,0.44264932615488695
electricity,standard,fixed1024,BURST4,81552,C3,DELTA_XY_DEFAULT,0.1689893629810317,0.1727889425057963,2.1989714559640494
electricity,standard,fixed1024,BURST4,81552,MAG_ONLY,B0,0.1690970070268186,0.1683163159748235,-0.46382375200741954
electricity,standard,fixed1024,BURST4,81552,MAG_ONLY,PLAIN,0.1690970070268186,0.168665680959641,-0.25572841180465655
electricity,standard,fixed1024,BURST4,81552,MAG_ONLY,C3,0.1690970070268186,0.1689893629810317,-0.06369871090583512
electricity,standard,fixed1024,BURST4,81552,MAG_ONLY,DELTA_XY_BUDGET,0.1690970070268186,0.1697407191304732,0.3792325771636462
electricity,standard,fixed1024,BURST4,81552,MAG_ONLY,DELTA_XY_DEFAULT,0.1690970070268186,0.1727889425057963,2.1366734615288485
electricity,standard,fixed1024,BURST8,81551,C3,B0,0.1800525729324436,0.1787276220968876,-0.7413240438222335
electricity,standard,fixed1024,BURST8,81551,C3,PLAIN,0.1800525729324436,0.1795688547777268,-0.26937753504945317
electricity,standard,fixed1024,BURST8,81551,C3,MAG_ONLY,0.1800525729324436,0.1799200049030781,-0.07368165059626897
electricity,standard,fixed1024,BURST8,81551,C3,DELTA_XY_BUDGET,0.1800525729324436,0.180453828828126,0.2223593138966251
electricity,standard,fixed1024,BURST8,81551,C3,DELTA_XY_DEFAULT,0.1800525729324436,0.1831638661543166,1.6986391951629431
electricity,standard,fixed1024,BURST8,81551,MAG_ONLY,B0,0.1799200049030781,0.1787276220968876,-0.667150825485785
electricity,standard,fixed1024,BURST8,81551,MAG_ONLY,PLAIN,0.1799200049030781,0.1795688547777268,-0.19555179866017625
electricity,standard,fixed1024,BURST8,81551,MAG_ONLY,C3,0.1799200049030781,0.1800525729324436,0.07362740071213958
electricity,standard,fixed1024,BURST8,81551,MAG_ONLY,DELTA_XY_BUDGET,0.1799200049030781,0.180453828828126,0.29582299722569205
electricity,standard,fixed1024,BURST8,81551,MAG_ONLY,DELTA_XY_DEFAULT,0.1799200049030781,0.1831638661543166,1.7710159319881957
electricity,standard,fixed1024,BURST8,81552,C3,B0,0.1783359406537292,0.1777195586493293,-0.34682845775917404
electricity,standard,fixed1024,BURST8,81552,C3,PLAIN,0.1783359406537292,0.1780027290733955,-0.18719464699685773
electricity,standard,fixed1024,BURST8,81552,C3,MAG_ONLY,0.1783359406537292,0.1783193116956249,-0.009325382621883094
electricity,standard,fixed1024,BURST8,81552,C3,DELTA_XY_BUDGET,0.1783359406537292,0.1794493570209202,0.6204627231187088
electricity,standard,fixed1024,BURST8,81552,C3,DELTA_XY_DEFAULT,0.1783359406537292,0.1823166380699521,2.183397773436102
electricity,standard,fixed1024,BURST8,81552,MAG_ONLY,B0,0.1783193116956249,0.1777195586493293,-0.3374716046189441
electricity,standard,fixed1024,BURST8,81552,MAG_ONLY,PLAIN,0.1783193116956249,0.1780027290733955,-0.1778526789321555
electricity,standard,fixed1024,BURST8,81552,MAG_ONLY,C3,0.1783193116956249,0.1783359406537292,0.009324513075348317
electricity,standard,fixed1024,BURST8,81552,MAG_ONLY,DELTA_XY_BUDGET,0.1783193116956249,0.1794493570209202,0.6297293810663129
electricity,standard,fixed1024,BURST8,81552,MAG_ONLY,DELTA_XY_DEFAULT,0.1783193116956249,0.1823166380699521,2.1925186953005826
electricity,standard,fixed1024,FAULT,81551,C3,B0,0.1732889532095745,0.1721411039374286,-0.6668071982175228
electricity,standard,fixed1024,FAULT,81551,C3,PLAIN,0.1732889532095745,0.1729817471988873,-0.17759446627279019
electricity,standard,fixed1024,FAULT,81551,C3,MAG_ONLY,0.1732889532095745,0.1731595139332375,-0.07475146666611199
electricity,standard,fixed1024,FAULT,81551,C3,DELTA_XY_BUDGET,0.1732889532095745,0.1740412326311723,0.432242067138211
electricity,standard,fixed1024,FAULT,81551,C3,DELTA_XY_DEFAULT,0.1732889532095745,0.1761678256984862,1.6341647389341962
electricity,standard,fixed1024,FAULT,81551,MAG_ONLY,B0,0.1731595139332375,0.1721411039374286,-0.5916134917893112
electricity,standard,fixed1024,FAULT,81551,MAG_ONLY,PLAIN,0.1731595139332375,0.1729817471988873,-0.10276618037960983
electricity,standard,fixed1024,FAULT,81551,MAG_ONLY,C3,0.1731595139332375,0.1732889532095745,0.07469563058670747
electricity,standard,fixed1024,FAULT,81551,MAG_ONLY,DELTA_XY_BUDGET,0.1731595139332375,0.1740412326311723,0.506614831787211
electricity,standard,fixed1024,FAULT,81551,MAG_ONLY,DELTA_XY_DEFAULT,0.1731595139332375,0.1761678256984862,1.707639719864329
electricity,standard,fixed1024,FAULT,81552,C3,B0,0.1712763965000955,0.1707791992510393,-0.291134547554206
electricity,standard,fixed1024,FAULT,81552,C3,PLAIN,0.1712763965000955,0.1710933026205127,-0.10701405419060173
electricity,standard,fixed1024,FAULT,81552,C3,MAG_ONLY,0.1712763965000955,0.1713316589600761,0.03225466928648002
electricity,standard,fixed1024,FAULT,81552,C3,DELTA_XY_BUDGET,0.1712763965000955,0.1721875694292702,0.5291746275267406
electricity,standard,fixed1024,FAULT,81552,C3,DELTA_XY_DEFAULT,0.1712763965000955,0.1752538874974555,2.269559354235584
electricity,standard,fixed1024,FAULT,81552,MAG_ONLY,B0,0.1713316589600761,0.1707791992510393,-0.32349355861818196
electricity,standard,fixed1024,FAULT,81552,MAG_ONLY,PLAIN,0.1713316589600761,0.1710933026205127,-0.13931365863693035
electricity,standard,fixed1024,FAULT,81552,MAG_ONLY,C3,0.1713316589600761,0.1712763965000955,-0.03226507628013575
electricity,standard,fixed1024,FAULT,81552,MAG_ONLY,DELTA_XY_BUDGET,0.1713316589600761,0.1721875694292702,0.4970802898438431
electricity,standard,fixed1024,FAULT,81552,MAG_ONLY,DELTA_XY_DEFAULT,0.1713316589600761,0.1752538874974555,2.238026553012318
electricity,standard,fixed1024,POINT16,81551,C3,B0,0.1715347998006867,0.170275292812831,-0.7396886342401876
electricity,standard,fixed1024,POINT16,81551,C3,PLAIN,0.1715347998006867,0.1712741915137655,-0.1521585269899095
electricity,standard,fixed1024,POINT16,81551,C3,MAG_ONLY,0.1715347998006867,0.1713789440742204,-0.09094216755052287
electricity,standard,fixed1024,POINT16,81551,C3,DELTA_XY_BUDGET,0.1715347998006867,0.1717578253863978,0.12984886435850607
electricity,standard,fixed1024,POINT16,81551,C3,DELTA_XY_DEFAULT,0.1715347998006867,0.1739294724374235,1.3768067039922394
electricity,standard,fixed1024,POINT16,81551,MAG_ONLY,B0,0.1713789440742204,0.170275292812831,-0.648157018647777
electricity,standard,fixed1024,POINT16,81551,MAG_ONLY,PLAIN,0.1713789440742204,0.1712741915137655,-0.06116073853805748
electricity,standard,fixed1024,POINT16,81551,MAG_ONLY,C3,0.1713789440742204,0.1715347998006867,0.09085953791730939
electricity,standard,fixed1024,POINT16,81551,MAG_ONLY,DELTA_XY_BUDGET,0.1713789440742204,0.1717578253863978,0.2205904221976751
electricity,standard,fixed1024,POINT16,81551,MAG_ONLY,DELTA_XY_DEFAULT,0.1713789440742204,0.1739294724374235,1.4664152817002951
electricity,standard,fixed1024,POINT16,81552,C3,B0,0.1689676546988872,0.1687676952105559,-0.11848208751195077
electricity,standard,fixed1024,POINT16,81552,C3,PLAIN,0.1689676546988872,0.168978733893317,0.006556561393578075
electricity,standard,fixed1024,POINT16,81552,C3,MAG_ONLY,0.1689676546988872,0.1690215438038991,0.031882980003095085
electricity,standard,fixed1024,POINT16,81552,C3,DELTA_XY_BUDGET,0.1689676546988872,0.1701065880197274,0.6695409825680065
electricity,standard,fixed1024,POINT16,81552,C3,DELTA_XY_DEFAULT,0.1689676546988872,0.1728346684341855,2.2374062856323484
electricity,standard,fixed1024,POINT16,81552,MAG_ONLY,B0,0.1690215438038991,0.1687676952105559,-0.15041302366931575
electricity,standard,fixed1024,POINT16,81552,MAG_ONLY,PLAIN,0.1690215438038991,0.168978733893317,-0.025334496001816476
electricity,standard,fixed1024,POINT16,81552,MAG_ONLY,C3,0.1690215438038991,0.1689676546988872,-0.03189314848925928
electricity,standard,fixed1024,POINT16,81552,MAG_ONLY,DELTA_XY_BUDGET,0.1690215438038991,0.1701065880197274,0.6378613717785253
electricity,standard,fixed1024,POINT16,81552,MAG_ONLY,DELTA_XY_DEFAULT,0.1690215438038991,0.1728346684341855,2.2062267164520866
electricity,standard,fixed1024,POINT4,81551,C3,B0,0.1687131255451733,0.168178908770806,-0.31764790143533617
electricity,standard,fixed1024,POINT4,81551,C3,PLAIN,0.1687131255451733,0.1684671975463868,-0.1459797529538509
electricity,standard,fixed1024,POINT4,81551,C3,MAG_ONLY,0.1687131255451733,0.1686083377350416,-0.062148652634452795
electricity,standard,fixed1024,POINT4,81551,C3,DELTA_XY_BUDGET,0.1687131255451733,0.1700817441821316,0.804682856199268
electricity,standard,fixed1024,POINT4,81551,C3,DELTA_XY_DEFAULT,0.1687131255451733,0.1716907200832362,1.7342780883086495
electricity,standard,fixed1024,POINT4,81551,MAG_ONLY,B0,0.1686083377350416,0.168178908770806,-0.2553405580843826
electricity,standard,fixed1024,POINT4,81551,MAG_ONLY,PLAIN,0.1686083377350416,0.1684671975463868,-0.08377903277931864
electricity,standard,fixed1024,POINT4,81551,MAG_ONLY,C3,0.1686083377350416,0.1687131255451733,0.06211005207393816
electricity,standard,fixed1024,POINT4,81551,MAG_ONLY,DELTA_XY_BUDGET,0.1686083377350416,0.1700817441821316,0.8662931193321954
electricity,standard,fixed1024,POINT4,81551,MAG_ONLY,DELTA_XY_DEFAULT,0.1686083377350416,0.1716907200832362,1.7953109793588329
electricity,standard,fixed1024,POINT4,81552,C3,B0,0.166988748125348,0.166434772362149,-0.3328485720481389
electricity,standard,fixed1024,POINT4,81552,C3,PLAIN,0.166988748125348,0.1667355096238534,-0.15188036553575035
electricity,standard,fixed1024,POINT4,81552,C3,MAG_ONLY,0.166988748125348,0.1670049106099241,0.009677849900979751
electricity,standard,fixed1024,POINT4,81552,C3,DELTA_XY_BUDGET,0.166988748125348,0.167764664068604,0.4625026059949633
electricity,standard,fixed1024,POINT4,81552,C3,DELTA_XY_DEFAULT,0.166988748125348,0.1705420815870695,2.083552299030278
electricity,standard,fixed1024,POINT4,81552,MAG_ONLY,B0,0.1670049106099241,0.166434772362149,-0.34255957435054274
electricity,standard,fixed1024,POINT4,81552,MAG_ONLY,PLAIN,0.1670049106099241,0.1667355096238534,-0.16157385231163612
electricity,standard,fixed1024,POINT4,81552,MAG_ONLY,C3,0.1670049106099241,0.166988748125348,-0.009678786599409683
electricity,standard,fixed1024,POINT4,81552,MAG_ONLY,DELTA_XY_BUDGET,0.1670049106099241,0.167764664068604,0.45286858403580377
electricity,standard,fixed1024,POINT4,81552,MAG_ONLY,DELTA_XY_DEFAULT,0.1670049106099241,0.1705420815870695,2.0740751750115805
electricity,standard,fixed1024,POINT8,81551,C3,B0,0.1704609335363447,0.1697685601055389,-0.40783371807793234
electricity,standard,fixed1024,POINT8,81551,C3,PLAIN,0.1704609335363447,0.1702481282257593,-0.12499715139493439
electricity,standard,fixed1024,POINT8,81551,C3,MAG_ONLY,0.1704609335363447,0.1703434841243257,-0.06894857917387753
electricity,standard,fixed1024,POINT8,81551,C3,DELTA_XY_BUDGET,0.1704609335363447,0.1715984460793061,0.6628921001042731
electricity,standard,fixed1024,POINT8,81551,C3,DELTA_XY_DEFAULT,0.1704609335363447,0.1730114952692967,1.4742151837841777
electricity,standard,fixed1024,POINT8,81551,MAG_ONLY,B0,0.1703434841243257,0.1697685601055389,-0.3386516434075837
electricity,standard,fixed1024,POINT8,81551,MAG_ONLY,PLAIN,0.1703434841243257,0.1702481282257593,-0.05600995415349086
electricity,standard,fixed1024,POINT8,81551,MAG_ONLY,C3,0.1703434841243257,0.1704609335363447,0.06890107286310343
electricity,standard,fixed1024,POINT8,81551,MAG_ONLY,DELTA_XY_BUDGET,0.1703434841243257,0.1715984460793061,0.7313364331984706
electricity,standard,fixed1024,POINT8,81551,MAG_ONLY,DELTA_XY_DEFAULT,0.1703434841243257,0.1730114952692967,1.5421005065693327
electricity,standard,fixed1024,POINT8,81552,C3,B0,0.1682453906791124,0.167802337124296,-0.2640330059814344
electricity,standard,fixed1024,POINT8,81552,C3,PLAIN,0.1682453906791124,0.1679864903094032,-0.154119756435378
electricity,standard,fixed1024,POINT8,81552,C3,MAG_ONLY,0.1682453906791124,0.1682788217458777,0.019866473046603605
electricity,standard,fixed1024,POINT8,81552,C3,DELTA_XY_BUDGET,0.1682453906791124,0.169067573559359,0.48630430007202685
electricity,standard,fixed1024,POINT8,81552,C3,DELTA_XY_DEFAULT,0.1682453906791124,0.1719525608056712,2.1559260933301183
electricity,standard,fixed1024,POINT8,81552,MAG_ONLY,B0,0.1682788217458777,0.167802337124296,-0.28395589104859287
electricity,standard,fixed1024,POINT8,81552,MAG_ONLY,PLAIN,0.1682788217458777,0.1679864903094032,-0.17402080127755237
electricity,standard,fixed1024,POINT8,81552,MAG_ONLY,C3,0.1682788217458777,0.1682453906791124,-0.019870420598366856
electricity,standard,fixed1024,POINT8,81552,MAG_ONLY,DELTA_XY_BUDGET,0.1682788217458777,0.169067573559359,0.4665305101834827
electricity,standard,fixed1024,POINT8,81552,MAG_ONLY,DELTA_XY_DEFAULT,0.1682788217458777,0.1719525608056712,2.1364840643142924
electricity,standard,fixed1024,REFERENCE,81551,C3,B0,0.1678363362319431,0.1672163268582406,-0.3707827969622546
electricity,standard,fixed1024,REFERENCE,81551,C3,PLAIN,0.1678363362319431,0.167577517574037,-0.15444712492043156
electricity,standard,fixed1024,REFERENCE,81551,C3,MAG_ONLY,0.1678363362319431,0.1677517785212978,-0.050406446590711695
electricity,standard,fixed1024,REFERENCE,81551,C3,DELTA_XY_BUDGET,0.1678363362319431,0.1693055583427767,0.867793193097055
electricity,standard,fixed1024,REFERENCE,81551,C3,DELTA_XY_DEFAULT,0.1678363362319431,0.1710399721320671,1.8730334553903716
electricity,standard,fixed1024,REFERENCE,81551,MAG_ONLY,B0,0.1677517785212978,0.1672163268582406,-0.32021494139813367
electricity,standard,fixed1024,REFERENCE,81551,MAG_ONLY,PLAIN,0.1677517785212978,0.167577517574037,-0.10398826154218721
electricity,standard,fixed1024,REFERENCE,81551,MAG_ONLY,C3,0.1677517785212978,0.1678363362319431,0.05038105129300252
electricity,standard,fixed1024,REFERENCE,81551,MAG_ONLY,DELTA_XY_BUDGET,0.1677517785212978,0.1693055583427767,0.9177370410563213
electricity,standard,fixed1024,REFERENCE,81551,MAG_ONLY,DELTA_XY_DEFAULT,0.1677517785212978,0.1710399721320671,1.922470852737479
electricity,standard,fixed1024,REFERENCE,81552,C3,B0,0.1662922428131386,0.1658318078573181,-0.2776517736673645
electricity,standard,fixed1024,REFERENCE,81552,C3,PLAIN,0.1662922428131386,0.1659924363419048,-0.18061453753004386
electricity,standard,fixed1024,REFERENCE,81552,C3,MAG_ONLY,0.1662922428131386,0.1663231749468005,0.018597608945225552
electricity,standard,fixed1024,REFERENCE,81552,C3,DELTA_XY_BUDGET,0.1662922428131386,0.1672135518058654,0.5509774673026713
electricity,standard,fixed1024,REFERENCE,81552,C3,DELTA_XY_DEFAULT,0.1662922428131386,0.1701684739922992,2.2778785565979898
electricity,standard,fixed1024,REFERENCE,81552,MAG_ONLY,B0,0.1663231749468005,0.1658318078573181,-0.2963044881625798
electricity,standard,fixed1024,REFERENCE,81552,MAG_ONLY,PLAIN,0.1663231749468005,0.1659924363419048,-0.19924920206271235
electricity,standard,fixed1024,REFERENCE,81552,MAG_ONLY,C3,0.1663231749468005,0.1662922428131386,-0.018601068299162193
electricity,standard,fixed1024,REFERENCE,81552,MAG_ONLY,DELTA_XY_BUDGET,0.1663231749468005,0.1672135518058654,0.5324788866985064
electricity,standard,fixed1024,REFERENCE,81552,MAG_ONLY,DELTA_XY_DEFAULT,0.1663231749468005,0.1701684739922992,2.2597011980449055
electricity,standard,fixed1024,SHIFT4,81551,C3,B0,0.1898378664107882,0.1924753307602616,1.3702869552454477
electricity,standard,fixed1024,SHIFT4,81551,C3,PLAIN,0.1898378664107882,0.1903419336249638,0.2648219467859203
electricity,standard,fixed1024,SHIFT4,81551,C3,MAG_ONLY,0.1898378664107882,0.189853054205338,0.007999763086963263
electricity,standard,fixed1024,SHIFT4,81551,C3,DELTA_XY_BUDGET,0.1898378664107882,0.1926624293076447,1.466068349188221
electricity,standard,fixed1024,SHIFT4,81551,C3,DELTA_XY_DEFAULT,0.1898378664107882,0.1992992778877319,4.747338564002956
electricity,standard,fixed1024,SHIFT4,81551,MAG_ONLY,B0,0.189853054205338,0.1924753307602616,1.3623961806252471
electricity,standard,fixed1024,SHIFT4,81551,MAG_ONLY,PLAIN,0.189853054205338,0.1903419336249638,0.2568427305088994
electricity,standard,fixed1024,SHIFT4,81551,MAG_ONLY,C3,0.189853054205338,0.1898378664107882,-0.008000403100250075
electricity,standard,fixed1024,SHIFT4,81551,MAG_ONLY,DELTA_XY_BUDGET,0.189853054205338,0.1926624293076447,1.4581852374656257
electricity,standard,fixed1024,SHIFT4,81551,MAG_ONLY,DELTA_XY_DEFAULT,0.189853054205338,0.1992992778877319,4.739717967124357
electricity,standard,fixed1024,SHIFT4,81552,C3,B0,0.1883524317300905,0.1901396359819989,0.9399430280163101
electricity,standard,fixed1024,SHIFT4,81552,C3,PLAIN,0.1883524317300905,0.1889073036005311,0.2937270607673015
electricity,standard,fixed1024,SHIFT4,81552,C3,MAG_ONLY,0.1883524317300905,0.1884212911628282,0.036545462730208644
electricity,standard,fixed1024,SHIFT4,81552,C3,DELTA_XY_BUDGET,0.1883524317300905,0.190644939993385,1.20250150010488
electricity,standard,fixed1024,SHIFT4,81552,C3,DELTA_XY_DEFAULT,0.1883524317300905,0.1951573612710991,3.4868936004702644
electricity,standard,fixed1024,SHIFT4,81552,MAG_ONLY,B0,0.1884212911628282,0.1901396359819989,0.9037278368058899
electricity,standard,fixed1024,SHIFT4,81552,MAG_ONLY,PLAIN,0.1884212911628282,0.1889073036005311,0.2572756206031368
electricity,standard,fixed1024,SHIFT4,81552,MAG_ONLY,C3,0.1884212911628282,0.1883524317300905,-0.03655882332136429
electricity,standard,fixed1024,SHIFT4,81552,MAG_ONLY,DELTA_XY_BUDGET,0.1884212911628282,0.190644939993385,1.1663822971823778
electricity,standard,fixed1024,SHIFT4,81552,MAG_ONLY,DELTA_XY_DEFAULT,0.1884212911628282,0.1951573612710991,3.4516095444197092
electricity,standard,fixed1024,SHIFT8,81551,C3,B0,0.202189945047129,0.2083321769911373,2.9482876974254335
electricity,standard,fixed1024,SHIFT8,81551,C3,PLAIN,0.202189945047129,0.2059710171827932,1.8357301854311947
electricity,standard,fixed1024,SHIFT8,81551,C3,MAG_ONLY,0.202189945047129,0.2023153300577091,0.06197504190331715
electricity,standard,fixed1024,SHIFT8,81551,C3,DELTA_XY_BUDGET,0.202189945047129,0.207373704929903,2.499718990180666
electricity,standard,fixed1024,SHIFT8,81551,C3,DELTA_XY_DEFAULT,0.202189945047129,0.2169155740043629,6.788645317342546
electricity,standard,fixed1024,SHIFT8,81551,MAG_ONLY,B0,0.2023153300577091,0.2083321769911373,2.8881025582928377
electricity,standard,fixed1024,SHIFT8,81551,MAG_ONLY,PLAIN,0.2023153300577091,0.2059710171827932,1.7748551107264698
electricity,standard,fixed1024,SHIFT8,81551,MAG_ONLY,C3,0.2023153300577091,0.202189945047129,-0.06201347478029806
electricity,standard,fixed1024,SHIFT8,81551,MAG_ONLY,DELTA_XY_BUDGET,0.2023153300577091,0.207373704929903,2.439255678005925
electricity,standard,fixed1024,SHIFT8,81551,MAG_ONLY,DELTA_XY_DEFAULT,0.2023153300577091,0.2169155740043629,6.730841717414049
electricity,standard,fixed1024,SHIFT8,81552,C3,B0,0.2030023691321395,0.211732375942667,4.123132691285436
electricity,standard,fixed1024,SHIFT8,81552,C3,PLAIN,0.2030023691321395,0.2071487809801221,2.001658821434471
electricity,standard,fixed1024,SHIFT8,81552,C3,MAG_ONLY,0.2030023691321395,0.2028300367670499,-0.08496392735339864
electricity,standard,fixed1024,SHIFT8,81552,C3,DELTA_XY_BUDGET,0.2030023691321395,0.2088219517359981,2.7868634286188243
electricity,standard,fixed1024,SHIFT8,81552,C3,DELTA_XY_DEFAULT,0.2030023691321395,0.2120848491298464,4.282474695845084
electricity,standard,fixed1024,SHIFT8,81552,MAG_ONLY,B0,0.2028300367670499,0.211732375942667,4.204524289675804
electricity,standard,fixed1024,SHIFT8,81552,MAG_ONLY,PLAIN,0.2028300367670499,0.2071487809801221,2.0848513771783317
electricity,standard,fixed1024,SHIFT8,81552,MAG_ONLY,C3,0.2028300367670499,0.2030023691321395,0.08489179994616292
electricity,standard,fixed1024,SHIFT8,81552,MAG_ONLY,DELTA_XY_BUDGET,0.2028300367670499,0.2088219517359981,2.869389410038392
electricity,standard,fixed1024,SHIFT8,81552,MAG_ONLY,DELTA_XY_DEFAULT,0.2028300367670499,0.2120848491298464,4.363731025939699
electricity,standard,fixed1024,SHIFT_POINT,81551,C3,B0,0.1952888759178196,0.1984636882479122,1.599694310894173
electricity,standard,fixed1024,SHIFT_POINT,81551,C3,PLAIN,0.1952888759178196,0.1959109152139145,0.3175113012032438
electricity,standard,fixed1024,SHIFT_POINT,81551,C3,MAG_ONLY,0.1952888759178196,0.1955778344272524,0.14774604201903685
electricity,standard,fixed1024,SHIFT_POINT,81551,C3,DELTA_XY_BUDGET,0.1952888759178196,0.1983852003942266,1.560763842390489
electricity,standard,fixed1024,SHIFT_POINT,81551,C3,DELTA_XY_DEFAULT,0.1952888759178196,0.2058469462744634,5.129087677874189
electricity,standard,fixed1024,SHIFT_POINT,81551,MAG_ONLY,B0,0.1955778344272524,0.1984636882479122,1.4540966391065502
electricity,standard,fixed1024,SHIFT_POINT,81551,MAG_ONLY,PLAIN,0.1955778344272524,0.1959109152139145,0.17001645176246694
electricity,standard,fixed1024,SHIFT_POINT,81551,MAG_ONLY,C3,0.1955778344272524,0.1952888759178196,-0.14796465393882574
electricity,standard,fixed1024,SHIFT_POINT,81551,MAG_ONLY,DELTA_XY_BUDGET,0.1955778344272524,0.1983852003942266,1.4151085672698738
electricity,standard,fixed1024,SHIFT_POINT,81551,MAG_ONLY,DELTA_XY_DEFAULT,0.1955778344272524,0.2058469462744634,4.988712260768158
electricity,standard,fixed1024,SHIFT_POINT,81552,C3,B0,0.1919087913772474,0.1939792235709032,1.0673473970778224
electricity,standard,fixed1024,SHIFT_POINT,81552,C3,PLAIN,0.1919087913772474,0.1924038526141119,0.2573031829343875
electricity,standard,fixed1024,SHIFT_POINT,81552,C3,MAG_ONLY,0.1919087913772474,0.1919675296574786,0.03059802891458574
electricity,standard,fixed1024,SHIFT_POINT,81552,C3,DELTA_XY_BUDGET,0.1919087913772474,0.1941947959437542,1.177170868764632
electricity,standard,fixed1024,SHIFT_POINT,81552,C3,DELTA_XY_DEFAULT,0.1919087913772474,0.1998132704343066,3.9559329767629214
electricity,standard,fixed1024,SHIFT_POINT,81552,MAG_ONLY,B0,0.1919675296574786,0.1939792235709032,1.0370666901289516
electricity,standard,fixed1024,SHIFT_POINT,81552,MAG_ONLY,PLAIN,0.1919675296574786,0.1924038526141119,0.22677454255990437
electricity,standard,fixed1024,SHIFT_POINT,81552,MAG_ONLY,C3,0.1919675296574786,0.1919087913772474,-0.03060739417390934
electricity,standard,fixed1024,SHIFT_POINT,81552,MAG_ONLY,DELTA_XY_BUDGET,0.1919675296574786,0.1941947959437542,1.146923775918629
electricity,standard,fixed1024,SHIFT_POINT,81552,MAG_ONLY,DELTA_XY_DEFAULT,0.1919675296574786,0.1998132704343066,3.9265363905884754
electricity,standard,selected,BURST16,81551,C3,B0,0.1777854069805268,0.176287207077633,-0.8498630886097258
electricity,standard,selected,BURST16,81551,C3,PLAIN,0.1777854069805268,0.1775759610397823,-0.11794723763178805
electricity,standard,selected,BURST16,81551,C3,MAG_ONLY,0.1777854069805268,0.17765027456903,-0.07606653680927167
electricity,standard,selected,BURST16,81551,C3,DELTA_XY_BUDGET,0.1777854069805268,0.1790238162728704,0.6917567271920944
electricity,standard,selected,BURST16,81551,C3,DELTA_XY_DEFAULT,0.1777854069805268,0.1796735846122941,1.0508932828616202
electricity,standard,selected,BURST16,81551,MAG_ONLY,B0,0.17765027456903,0.176287207077633,-0.7732083989490546
electricity,standard,selected,BURST16,81551,MAG_ONLY,PLAIN,0.17765027456903,0.1775759610397823,-0.041848867838045756
electricity,standard,selected,BURST16,81551,MAG_ONLY,C3,0.17765027456903,0.1777854069805268,0.07600871960858901
electricity,standard,selected,BURST16,81551,MAG_ONLY,DELTA_XY_BUDGET,0.17765027456903,0.1790238162728704,0.7672396513695334
electricity,standard,selected,BURST16,81551,MAG_ONLY,DELTA_XY_DEFAULT,0.17765027456903,0.1796735846122941,1.1261032319414555
electricity,standard,selected,BURST16,81552,C3,B0,0.1759714924658874,0.175634516185082,-0.19186221941152048
electricity,standard,selected,BURST16,81552,C3,PLAIN,0.1759714924658874,0.176190671863466,0.12439897939003908
electricity,standard,selected,BURST16,81552,C3,MAG_ONLY,0.1759714924658874,0.1760549751389847,0.047418525396059064
electricity,standard,selected,BURST16,81552,C3,DELTA_XY_BUDGET,0.1759714924658874,0.1769965147765371,0.579120053264226
electricity,standard,selected,BURST16,81552,C3,DELTA_XY_DEFAULT,0.1759714924658874,0.1810884335820583,2.8256587209653183
electricity,standard,selected,BURST16,81552,MAG_ONLY,B0,0.1760549751389847,0.175634516185082,-0.2393942620365186
electricity,standard,selected,BURST16,81552,MAG_ONLY,PLAIN,0.1760549751389847,0.176190671863466,0.07701697430749777
electricity,standard,selected,BURST16,81552,MAG_ONLY,C3,0.1760549751389847,0.1759714924658874,-0.04744102122875571
electricity,standard,selected,BURST16,81552,MAG_ONLY,DELTA_XY_BUDGET,0.1760549751389847,0.1769965147765371,0.5319537725028911
electricity,standard,selected,BURST16,81552,MAG_ONLY,DELTA_XY_DEFAULT,0.1760549751389847,0.1810884335820583,2.779558221090228
electricity,standard,selected,BURST4,81551,C3,B0,0.1700741009567305,0.169609032760875,-0.27420013444166
electricity,standard,selected,BURST4,81551,C3,PLAIN,0.1700741009567305,0.1698462518105908,-0.1341502351160484
electricity,standard,selected,BURST4,81551,C3,MAG_ONLY,0.1700741009567305,0.170058952231576,-0.008907925725587518
electricity,standard,selected,BURST4,81551,C3,DELTA_XY_BUDGET,0.1700741009567305,0.172357875011601,1.3250186884218529
electricity,standard,selected,BURST4,81551,C3,DELTA_XY_DEFAULT,0.1700741009567305,0.1710339041409727,0.5611771473397975
electricity,standard,selected,BURST4,81551,MAG_ONLY,B0,0.170058952231576,0.169609032760875,-0.2652685787880804
electricity,standard,selected,BURST4,81551,MAG_ONLY,PLAIN,0.170058952231576,0.1698462518105908,-0.12523115389229122
electricity,standard,selected,BURST4,81551,MAG_ONLY,C3,0.170058952231576,0.1700741009567305,0.008907132284863284
electricity,standard,selected,BURST4,81551,MAG_ONLY,DELTA_XY_BUDGET,0.170058952231576,0.172357875011601,1.3338077995393327
electricity,standard,selected,BURST4,81551,MAG_ONLY,DELTA_XY_DEFAULT,0.170058952231576,0.1710339041409727,0.5700342948337878
electricity,standard,selected,BURST4,81552,C3,B0,0.1689159143878844,0.1683163159748235,-0.3562330898156052
electricity,standard,selected,BURST4,81552,C3,PLAIN,0.1689159143878844,0.168665680959641,-0.1483606071013721
electricity,standard,selected,BURST4,81552,C3,MAG_ONLY,0.1689159143878844,0.1690587540393005,0.08449112986064211
electricity,standard,selected,BURST4,81552,C3,DELTA_XY_BUDGET,0.1689159143878844,0.1697407191304732,0.4859203771575893
electricity,standard,selected,BURST4,81552,C3,DELTA_XY_DEFAULT,0.1689159143878844,0.1727889425057963,2.2414791489229535
electricity,standard,selected,BURST4,81552,MAG_ONLY,B0,0.1690587540393005,0.1683163159748235,-0.4410969074370996
electricity,standard,selected,BURST4,81552,MAG_ONLY,PLAIN,0.1690587540393005,0.168665680959641,-0.23304864239310774
electricity,standard,selected,BURST4,81552,MAG_ONLY,C3,0.1690587540393005,0.1689159143878844,-0.08456257773801212
electricity,standard,selected,BURST4,81552,MAG_ONLY,DELTA_XY_BUDGET,0.1690587540393005,0.1697407191304732,0.4017687062162656
electricity,standard,selected,BURST4,81552,MAG_ONLY,DELTA_XY_DEFAULT,0.1690587540393005,0.1727889425057963,2.158812023732737
electricity,standard,selected,BURST8,81551,C3,B0,0.1796061344569981,0.1787276220968876,-0.4915369822546367
electricity,standard,selected,BURST8,81551,C3,PLAIN,0.1796061344569981,0.179249234077356,-0.19910845448192216
electricity,standard,selected,BURST8,81551,C3,MAG_ONLY,0.1796061344569981,0.1795667860733784,-0.02191295198858967
electricity,standard,selected,BURST8,81551,C3,DELTA_XY_BUDGET,0.1796061344569981,0.1809973697527246,0.7686494547557099
electricity,standard,selected,BURST8,81551,C3,DELTA_XY_DEFAULT,0.1796061344569981,0.1806460811778254,0.5756818603795733
electricity,standard,selected,BURST8,81551,MAG_ONLY,B0,0.1795667860733784,0.1787276220968876,-0.469521144323104
electricity,standard,selected,BURST8,81551,MAG_ONLY,PLAIN,0.1795667860733784,0.179249234077356,-0.17715668223461378
electricity,standard,selected,BURST8,81551,MAG_ONLY,C3,0.1795667860733784,0.1796061344569981,0.021908151265925824
electricity,standard,selected,BURST8,81551,MAG_ONLY,DELTA_XY_BUDGET,0.1795667860733784,0.1809973697527246,0.7903892091363773
electricity,standard,selected,BURST8,81551,MAG_ONLY,DELTA_XY_DEFAULT,0.1795667860733784,0.1806460811778254,0.5974638903927132
electricity,standard,selected,BURST8,81552,C3,B0,0.1780590715635162,0.1777195586493293,-0.19103857603923746
electricity,standard,selected,BURST8,81552,C3,PLAIN,0.1780590715635162,0.1780027290733955,-0.03165259904382989
electricity,standard,selected,BURST8,81552,C3,MAG_ONLY,0.1780590715635162,0.1781697616113433,0.06212616934884174
electricity,standard,selected,BURST8,81552,C3,DELTA_XY_BUDGET,0.1780590715635162,0.1794493570209202,0.7747508714906925
electricity,standard,selected,BURST8,81552,C3,DELTA_XY_DEFAULT,0.1780590715635162,0.1823166380699521,2.3352594428613482
electricity,standard,selected,BURST8,81552,MAG_ONLY,B0,0.1781697616113433,0.1777195586493293,-0.2533221247202677
electricity,standard,selected,BURST8,81552,MAG_ONLY,PLAIN,0.1781697616113433,0.1780027290733955,-0.09383706576706619
electricity,standard,selected,BURST8,81552,MAG_ONLY,C3,0.1781697616113433,0.1780590715635162,-0.062164789951535404
electricity,standard,selected,BURST8,81552,MAG_ONLY,DELTA_XY_BUDGET,0.1781697616113433,0.1794493570209202,0.7130677037910704
electricity,standard,selected,BURST8,81552,MAG_ONLY,DELTA_XY_DEFAULT,0.1781697616113433,0.1823166380699521,2.2745463620372997
electricity,standard,selected,FAULT,81551,C3,B0,0.1728421641129205,0.1721411039374286,-0.4072590214982741
electricity,standard,selected,FAULT,81551,C3,PLAIN,0.1728421641129205,0.1725517992898465,-0.16827690251217664
electricity,standard,selected,FAULT,81551,C3,MAG_ONLY,0.1728421641129205,0.1727926681055347,-0.028644738187377783
electricity,standard,selected,FAULT,81551,C3,DELTA_XY_BUDGET,0.1728421641129205,0.1745964814938872,1.0047839257448787
electricity,standard,selected,FAULT,81551,C3,DELTA_XY_DEFAULT,0.1728421641129205,0.1738194779737111,0.5622579656685112
electricity,standard,selected,FAULT,81551,MAG_ONLY,B0,0.1727926681055347,0.1721411039374286,-0.3785058612979064
electricity,standard,selected,FAULT,81551,MAG_ONLY,PLAIN,0.1727926681055347,0.1725517992898465,-0.13959217851073902
electricity,standard,selected,FAULT,81551,MAG_ONLY,C3,0.1727926681055347,0.1728421641129205,0.028636535326798107
electricity,standard,selected,FAULT,81551,MAG_ONLY,DELTA_XY_BUDGET,0.1727926681055347,0.1745964814938872,1.0331327257678158
electricity,standard,selected,FAULT,81551,MAG_ONLY,DELTA_XY_DEFAULT,0.1727926681055347,0.1738194779737111,0.5907334897943373
electricity,standard,selected,FAULT,81552,C3,B0,0.1711469339711502,0.1707791992510393,-0.21532758188562706
electricity,standard,selected,FAULT,81552,C3,PLAIN,0.1711469339711502,0.1710933026205127,-0.03134625950640402
electricity,standard,selected,FAULT,81552,C3,MAG_ONLY,0.1711469339711502,0.1712431818110388,0.05620535595678433
electricity,standard,selected,FAULT,81552,C3,DELTA_XY_BUDGET,0.1711469339711502,0.1721875694292702,0.6043615468696584
electricity,standard,selected,FAULT,81552,C3,DELTA_XY_DEFAULT,0.1711469339711502,0.1752538874974555,2.3434307706098223
electricity,standard,selected,FAULT,81552,MAG_ONLY,B0,0.1712431818110388,0.1707791992510393,-0.27168563972330695
electricity,standard,selected,FAULT,81552,MAG_ONLY,PLAIN,0.1712431818110388,0.1710933026205127,-0.08760085183376898
electricity,standard,selected,FAULT,81552,MAG_ONLY,C3,0.1712431818110388,0.1711469339711502,-0.056236964142653
electricity,standard,selected,FAULT,81552,MAG_ONLY,DELTA_XY_BUDGET,0.1712431818110388,0.1721875694292702,0.5484644573133912
electricity,standard,selected,FAULT,81552,MAG_ONLY,DELTA_XY_DEFAULT,0.1712431818110388,0.1752538874974555,2.28851168078934
electricity,standard,selected,POINT16,81551,C3,B0,0.1710456026679813,0.170275292812831,-0.4523908562571233
electricity,standard,selected,POINT16,81551,C3,PLAIN,0.1710456026679813,0.1706895472212371,-0.20859827244295026
electricity,standard,selected,POINT16,81551,C3,MAG_ONLY,0.1710456026679813,0.1709991345245697,-0.027174490409453966
electricity,standard,selected,POINT16,81551,C3,DELTA_XY_BUDGET,0.1710456026679813,0.1723488663877555,0.7561777150550508
electricity,standard,selected,POINT16,81551,C3,DELTA_XY_DEFAULT,0.1710456026679813,0.1714674429942292,0.24601773892557466
electricity,standard,selected,POINT16,81551,MAG_ONLY,B0,0.1709991345245697,0.170275292812831,-0.425100846858828
electricity,standard,selected,POINT16,81551,MAG_ONLY,PLAIN,0.1709991345245697,0.1706895472212371,-0.18137449443891285
electricity,standard,selected,POINT16,81551,MAG_ONLY,C3,0.1709991345245697,0.1710456026679813,0.02716710788631671
electricity,standard,selected,POINT16,81551,MAG_ONLY,DELTA_XY_BUDGET,0.1709991345245697,0.1723488663877555,0.7831393913257045
electricity,standard,selected,POINT16,81551,MAG_ONLY,DELTA_XY_DEFAULT,0.1709991345245697,0.1714674429942292,0.2731180109073361
electricity,standard,selected,POINT16,81552,C3,B0,0.1688744680577383,0.1687676952105559,-0.06326616420824216
electricity,standard,selected,POINT16,81552,C3,PLAIN,0.1688744680577383,0.168978733893317,0.06170352515750821
electricity,standard,selected,POINT16,81552,C3,MAG_ONLY,0.1688744680577383,0.1689444584113993,0.041428025706868876
electricity,standard,selected,POINT16,81552,C3,DELTA_XY_BUDGET,0.1688744680577383,0.1701065880197274,0.7243223065800497
electricity,standard,selected,POINT16,81552,C3,DELTA_XY_DEFAULT,0.1688744680577383,0.1728346684341855,2.291322922840122
electricity,standard,selected,POINT16,81552,MAG_ONLY,B0,0.1689444584113993,0.1687676952105559,-0.10473758062694571
electricity,standard,selected,POINT16,81552,MAG_ONLY,PLAIN,0.1689444584113993,0.168978733893317,0.02028390267105884
electricity,standard,selected,POINT16,81552,MAG_ONLY,C3,0.1689444584113993,0.1688744680577383,-0.04144519563318294
electricity,standard,selected,POINT16,81552,MAG_ONLY,DELTA_XY_BUDGET,0.1689444584113993,0.1701065880197274,0.6831773077438541
electricity,standard,selected,POINT16,81552,MAG_ONLY,DELTA_XY_DEFAULT,0.1689444584113993,0.1728346684341855,2.250827370474906
electricity,standard,selected,POINT4,81551,C3,B0,0.1683875277410313,0.168178908770806,-0.12404585792005207
electricity,standard,selected,POINT4,81551,C3,PLAIN,0.1683875277410313,0.168090977057594,-0.17642272573363815
electricity,standard,selected,POINT4,81551,C3,MAG_ONLY,0.1683875277410313,0.1683616808336488,-0.01535201315081558
electricity,standard,selected,POINT4,81551,C3,DELTA_XY_BUDGET,0.1683875277410313,0.1706835937828461,1.3452177745542304
electricity,standard,selected,POINT4,81551,C3,DELTA_XY_DEFAULT,0.1683875277410313,0.1692671525895126,0.5196665950980339
electricity,standard,selected,POINT4,81551,MAG_ONLY,B0,0.1683616808336488,0.168178908770806,-0.10867716063724941
electricity,standard,selected,POINT4,81551,MAG_ONLY,PLAIN,0.1683616808336488,0.168090977057594,-0.1610459887814608
electricity,standard,selected,POINT4,81551,MAG_ONLY,C3,0.1683616808336488,0.1683875277410313,0.015349656669494394
electricity,standard,selected,POINT4,81551,MAG_ONLY,DELTA_XY_BUDGET,0.1683616808336488,0.1706835937828461,1.3603609449138743
electricity,standard,selected,POINT4,81551,MAG_ONLY,DELTA_XY_DEFAULT,0.1683616808336488,0.1692671525895126,0.5349364847293536
electricity,standard,selected,POINT4,81552,C3,B0,0.1668756511403832,0.166434772362149,-0.2648958339516172
electricity,standard,selected,POINT4,81552,C3,PLAIN,0.1668756511403832,0.1667355096238534,-0.08405019233512778
electricity,standard,selected,POINT4,81552,C3,MAG_ONLY,0.1668756511403832,0.1669542799996041,0.04709604283346103
electricity,standard,selected,POINT4,81552,C3,DELTA_XY_BUDGET,0.1668756511403832,0.167764664068604,0.52991667414376
electricity,standard,selected,POINT4,81552,C3,DELTA_XY_DEFAULT,0.1668756511403832,0.1705420815870695,2.149868473849026
electricity,standard,selected,POINT4,81552,MAG_ONLY,B0,0.1669542799996041,0.166434772362149,-0.3121388818465576
electricity,standard,selected,POINT4,81552,MAG_ONLY,PLAIN,0.1669542799996041,0.1667355096238534,-0.13120802895811856
electricity,standard,selected,POINT4,81552,MAG_ONLY,C3,0.1669542799996041,0.1668756511403832,-0.047118233656973096
electricity,standard,selected,POINT4,81552,MAG_ONLY,DELTA_XY_BUDGET,0.1669542799996041,0.167764664068604,0.4830481278635057
electricity,standard,selected,POINT4,81552,MAG_ONLY,DELTA_XY_DEFAULT,0.1669542799996041,0.1705420815870695,2.1037632202428824
electricity,standard,selected,POINT8,81551,C3,B0,0.1701542118742548,0.1697685601055389,-0.22716324416969247
electricity,standard,selected,POINT8,81551,C3,PLAIN,0.1701542118742548,0.1698588245325187,-0.17390167543491764
electricity,standard,selected,POINT8,81551,C3,MAG_ONLY,0.1701542118742548,0.1701191804010053,-0.02059231249935678
electricity,standard,selected,POINT8,81551,C3,DELTA_XY_BUDGET,0.1701542118742548,0.1721673677555255,1.1693016554271352
electricity,standard,selected,POINT8,81551,C3,DELTA_XY_DEFAULT,0.1701542118742548,0.170828702327433,0.3948343832088419
electricity,standard,selected,POINT8,81551,MAG_ONLY,B0,0.1701191804010053,0.1697685601055389,-0.20652840269625994
electricity,standard,selected,POINT8,81551,MAG_ONLY,PLAIN,0.1701191804010053,0.1698588245325187,-0.15327779949210196
electricity,standard,selected,POINT8,81551,MAG_ONLY,C3,0.1701191804010053,0.1701542118742548,0.020588072939031754
electricity,standard,selected,POINT8,81551,MAG_ONLY,DELTA_XY_BUDGET,0.1701191804010053,0.1721673677555255,1.1896489916884745
electricity,standard,selected,POINT8,81551,MAG_ONLY,DELTA_XY_DEFAULT,0.1701191804010053,0.170828702327433,0.41534116735707505
electricity,standard,selected,POINT8,81552,C3,B0,0.1681850062114913,0.167802337124296,-0.22804753125209576
electricity,standard,selected,POINT8,81552,C3,PLAIN,0.1681850062114913,0.1679864903094032,-0.11817373035323264
electricity,standard,selected,POINT8,81552,C3,MAG_ONLY,0.1681850062114913,0.168276861665601,0.05458590872239322
electricity,standard,selected,POINT8,81552,C3,DELTA_XY_BUDGET,0.1681850062114913,0.169067573559359,0.5220204734042833
electricity,standard,selected,POINT8,81552,C3,DELTA_XY_DEFAULT,0.1681850062114913,0.1719525608056712,2.1910430275229986
electricity,standard,selected,POINT8,81552,MAG_ONLY,B0,0.168276861665601,0.167802337124296,-0.28278780226611566
electricity,standard,selected,POINT8,81552,MAG_ONLY,PLAIN,0.168276861665601,0.1679864903094032,-0.17285399299846738
electricity,standard,selected,POINT8,81552,MAG_ONLY,C3,0.168276861665601,0.1681850062114913,-0.054615721210127255
electricity,standard,selected,POINT8,81552,MAG_ONLY,DELTA_XY_BUDGET,0.168276861665601,0.169067573559359,0.46768985744057856
electricity,standard,selected,POINT8,81552,MAG_ONLY,DELTA_XY_DEFAULT,0.168276861665601,0.1719525608056712,2.1376239602643787
electricity,standard,selected,REFERENCE,81551,C3,B0,0.1675442325905699,0.1672163268582406,-0.19609672003340073
electricity,standard,selected,REFERENCE,81551,C3,PLAIN,0.1675442325905699,0.1672360917549172,-0.1842549849253361
electricity,standard,selected,REFERENCE,81551,C3,MAG_ONLY,0.1675442325905699,0.1675246167036819,-0.011709256391090328
electricity,standard,selected,REFERENCE,81551,C3,DELTA_XY_BUDGET,0.1675442325905699,0.1699213928749088,1.3989764585374265
electricity,standard,selected,REFERENCE,81551,C3,DELTA_XY_DEFAULT,0.1675442325905699,0.1685972128575633,0.624553780662418
electricity,standard,selected,REFERENCE,81551,MAG_ONLY,B0,0.1675246167036819,0.1672163268582406,-0.18436587576922125
electricity,standard,selected,REFERENCE,81551,MAG_ONLY,PLAIN,0.1675246167036819,0.1672360917549172,-0.172525527077938
electricity,standard,selected,REFERENCE,81551,MAG_ONLY,C3,0.1675246167036819,0.1675442325905699,0.011707885484746328
electricity,standard,selected,REFERENCE,81551,MAG_ONLY,DELTA_XY_BUDGET,0.1675246167036819,0.1699213928749088,1.4105205534604592
electricity,standard,selected,REFERENCE,81551,MAG_ONLY,DELTA_XY_DEFAULT,0.1675246167036819,0.1685972128575633,0.6361885441057424
electricity,standard,selected,REFERENCE,81552,C3,B0,0.1661617099968632,0.1658318078573181,-0.19893779354376306
electricity,standard,selected,REFERENCE,81552,C3,PLAIN,0.1661617099968632,0.1659924363419048,-0.10197672778879951
electricity,standard,selected,REFERENCE,81552,C3,MAG_ONLY,0.1661617099968632,0.1662546400244993,0.05589620092553149
electricity,standard,selected,REFERENCE,81552,C3,DELTA_XY_BUDGET,0.1661617099968632,0.1672135518058654,0.6290410063314655
electricity,standard,selected,REFERENCE,81552,C3,DELTA_XY_DEFAULT,0.1661617099968632,0.1701684739922992,2.354586546752091
electricity,standard,selected,REFERENCE,81552,MAG_ONLY,B0,0.1662546400244993,0.1658318078573181,-0.2549765166553586
electricity,standard,selected,REFERENCE,81552,MAG_ONLY,PLAIN,0.1662546400244993,0.1659924363419048,-0.15796122303695093
electricity,standard,selected,REFERENCE,81552,MAG_ONLY,C3,0.1662546400244993,0.1661617099968632,-0.05592746225220324
electricity,standard,selected,REFERENCE,81552,MAG_ONLY,DELTA_XY_BUDGET,0.1662546400244993,0.1672135518058654,0.5734653507506238
electricity,standard,selected,REFERENCE,81552,MAG_ONLY,DELTA_XY_DEFAULT,0.1662546400244993,0.1701684739922992,2.2999759450020196
electricity,standard,selected,SHIFT4,81551,C3,B0,0.1895036992698969,0.1924753307602616,1.5439025243531246
electricity,standard,selected,SHIFT4,81551,C3,PLAIN,0.1895036992698969,0.1892788615879906,-0.11878647199163872
electricity,standard,selected,SHIFT4,81551,C3,MAG_ONLY,0.1895036992698969,0.1895151416176668,0.006037695812710631
electricity,standard,selected,SHIFT4,81551,C3,DELTA_XY_BUDGET,0.1895036992698969,0.1918342138559489,1.2148586736472344
electricity,standard,selected,SHIFT4,81551,C3,DELTA_XY_DEFAULT,0.1895036992698969,0.1927332960956425,1.6756818314065058
electricity,standard,selected,SHIFT4,81551,MAG_ONLY,B0,0.1895151416176668,0.1924753307602616,1.5379576857472044
electricity,standard,selected,SHIFT4,81551,MAG_ONLY,PLAIN,0.1895151416176668,0.1892788615879906,-0.12483170476296213
electricity,standard,selected,SHIFT4,81551,MAG_ONLY,C3,0.1895151416176668,0.1895036992698969,-0.006038060372426379
electricity,standard,selected,SHIFT4,81551,MAG_ONLY,DELTA_XY_BUDGET,0.1895151416176668,0.1918342138559489,1.2088939671749732
electricity,standard,selected,SHIFT4,81551,MAG_ONLY,DELTA_XY_DEFAULT,0.1895151416176668,0.1927332960956425,1.6697449497147132
electricity,standard,selected,SHIFT4,81552,C3,B0,0.1887560138122401,0.1901396359819989,0.7276873980603282
electricity,standard,selected,SHIFT4,81552,C3,PLAIN,0.1887560138122401,0.1889073036005311,0.08008678616836518
electricity,standard,selected,SHIFT4,81552,C3,MAG_ONLY,0.1887560138122401,0.1888051048091325,0.026000884320387385
electricity,standard,selected,SHIFT4,81552,C3,DELTA_XY_BUDGET,0.1887560138122401,0.190644939993385,0.9908084532484485
electricity,standard,selected,SHIFT4,81552,C3,DELTA_XY_DEFAULT,0.1887560138122401,0.1951573612710991,3.280095312401088
electricity,standard,selected,SHIFT4,81552,MAG_ONLY,B0,0.1888051048091325,0.1901396359819989,0.7018690058882449
electricity,standard,selected,SHIFT4,81552,MAG_ONLY,PLAIN,0.1888051048091325,0.1889073036005311,0.054099968318166436
electricity,standard,selected,SHIFT4,81552,MAG_ONLY,C3,0.1888051048091325,0.1887560138122401,-0.026007646538483975
electricity,standard,selected,SHIFT4,81552,MAG_ONLY,DELTA_XY_BUDGET,0.1888051048091325,0.190644939993385,0.9650584926703676
electricity,standard,selected,SHIFT4,81552,MAG_ONLY,DELTA_XY_DEFAULT,0.1888051048091325,0.1951573612710991,3.2549407414575904
electricity,standard,selected,SHIFT8,81551,C3,B0,0.2012248141698813,0.2083321769911373,3.4115530898322755
electricity,standard,selected,SHIFT8,81551,C3,PLAIN,0.2012248141698813,0.2016593313396533,0.21547089682656395
electricity,standard,selected,SHIFT8,81551,C3,MAG_ONLY,0.2012248141698813,0.2010786027996061,-0.0727135399985368
electricity,standard,selected,SHIFT8,81551,C3,DELTA_XY_BUDGET,0.2012248141698813,0.206077226524425,2.3546572497997853
electricity,standard,selected,SHIFT8,81551,C3,DELTA_XY_DEFAULT,0.2012248141698813,0.2072842347962809,2.9232423933999496
electricity,standard,selected,SHIFT8,81551,MAG_ONLY,B0,0.2010786027996061,0.2083321769911373,3.4817349371046857
electricity,standard,selected,SHIFT8,81551,MAG_ONLY,PLAIN,0.2010786027996061,0.2016593313396533,0.2879750399792269
electricity,standard,selected,SHIFT8,81551,MAG_ONLY,C3,0.2010786027996061,0.2012248141698813,0.07266070582715445
electricity,standard,selected,SHIFT8,81551,MAG_ONLY,DELTA_XY_BUDGET,0.2010786027996061,0.206077226524425,2.425607045049416
electricity,standard,selected,SHIFT8,81551,MAG_ONLY,DELTA_XY_DEFAULT,0.2010786027996061,0.2072842347962809,2.9937790506710193
electricity,standard,selected,SHIFT8,81552,C3,B0,0.2021936208966793,0.211732375942667,4.505099894864739
electricity,standard,selected,SHIFT8,81552,C3,PLAIN,0.2021936208966793,0.2071487809801221,2.392077838931761
electricity,standard,selected,SHIFT8,81552,C3,MAG_ONLY,0.2021936208966793,0.201769555471884,-0.2101731471844337
electricity,standard,selected,SHIFT8,81552,C3,DELTA_XY_BUDGET,0.2021936208966793,0.2088219517359981,3.174154242030369
electricity,standard,selected,SHIFT8,81552,C3,DELTA_XY_DEFAULT,0.2021936208966793,0.2120848491298464,4.663807091241734
electricity,standard,selected,SHIFT8,81552,MAG_ONLY,B0,0.201769555471884,0.211732375942667,4.705383589272505
electricity,standard,selected,SHIFT8,81552,MAG_ONLY,PLAIN,0.201769555471884,0.2071487809801221,2.596793224071303
electricity,standard,selected,SHIFT8,81552,MAG_ONLY,C3,0.201769555471884,0.2021936208966793,0.20973234611195712
electricity,standard,selected,SHIFT8,81552,MAG_ONLY,DELTA_XY_BUDGET,0.201769555471884,0.2088219517359981,3.377229359981304
electricity,standard,selected,SHIFT8,81552,MAG_ONLY,DELTA_XY_DEFAULT,0.201769555471884,0.2120848491298464,4.863757925323087
electricity,standard,selected,SHIFT_POINT,81551,C3,B0,0.1946615139123658,0.1984636882479122,1.9158035251248928
electricity,standard,selected,SHIFT_POINT,81551,C3,PLAIN,0.1946615139123658,0.1946874702696325,0.013332320375192275
electricity,standard,selected,SHIFT_POINT,81551,C3,MAG_ONLY,0.1946615139123658,0.1948228950883304,0.08283481050388453
electricity,standard,selected,SHIFT_POINT,81551,C3,DELTA_XY_BUDGET,0.1946615139123658,0.1976797074892372,1.5268100176826227
electricity,standard,selected,SHIFT_POINT,81551,C3,DELTA_XY_DEFAULT,0.1946615139123658,0.198370892784065,1.8699209443680864
electricity,standard,selected,SHIFT_POINT,81551,MAG_ONLY,B0,0.1948228950883304,0.1984636882479122,1.834488309535931
electricity,standard,selected,SHIFT_POINT,81551,MAG_ONLY,PLAIN,0.1948228950883304,0.1946874702696325,-0.06956011011407526
electricity,standard,selected,SHIFT_POINT,81551,MAG_ONLY,C3,0.1948228950883304,0.1946615139123658,-0.08290348344730525
electricity,standard,selected,SHIFT_POINT,81551,MAG_ONLY,DELTA_XY_BUDGET,0.1948228950883304,0.1976797074892372,1.4451723129256133
electricity,standard,selected,SHIFT_POINT,81551,MAG_ONLY,DELTA_XY_DEFAULT,0.1948228950883304,0.198370892784065,1.788567690521381
electricity,standard,selected,SHIFT_POINT,81552,C3,B0,0.1922021980869313,0.1939792235709032,0.9160906262326463
electricity,standard,selected,SHIFT_POINT,81552,C3,PLAIN,0.1922021980869313,0.1924038526141119,0.10480794663974002
electricity,standard,selected,SHIFT_POINT,81552,C3,MAG_ONLY,0.1922021980869313,0.1922169662631711,0.007683076331366223
electricity,standard,selected,SHIFT_POINT,81552,C3,DELTA_XY_BUDGET,0.1922021980869313,0.1941947959437542,1.0260820055136954
electricity,standard,selected,SHIFT_POINT,81552,C3,DELTA_XY_DEFAULT,0.1922021980869313,0.1998132704343066,3.809092524651736
electricity,standard,selected,SHIFT_POINT,81552,MAG_ONLY,B0,0.1922169662631711,0.1939792235709032,0.9084773489094533
electricity,standard,selected,SHIFT_POINT,81552,MAG_ONLY,PLAIN,0.1922169662631711,0.1924038526141119,0.09713233305966851
electricity,standard,selected,SHIFT_POINT,81552,MAG_ONLY,C3,0.1922169662631711,0.1922021980869313,-0.007683666673341527
electricity,standard,selected,SHIFT_POINT,81552,MAG_ONLY,DELTA_XY_BUDGET,0.1922169662631711,0.1941947959437542,1.018477179561461
electricity,standard,selected,SHIFT_POINT,81552,MAG_ONLY,DELTA_XY_DEFAULT,0.1922169662631711,0.1998132704343066,3.801701535951263
electricity_transfer,shape,fixed1024,PAIRED_SHIFT8_D32,81551,C3,B0,0.361715817814536,0.3891380736575109,7.04692182526191
electricity_transfer,shape,fixed1024,PAIRED_SHIFT8_D32,81551,C3,PLAIN,0.361715817814536,0.3751016908387005,3.568598423066194
electricity_transfer,shape,fixed1024,PAIRED_SHIFT8_D32,81551,C3,MAG_ONLY,0.361715817814536,0.3619101962032958,0.053709011461677836
electricity_transfer,shape,fixed1024,PAIRED_SHIFT8_D32,81551,C3,DELTA_XY_BUDGET,0.361715817814536,0.3859240963413526,6.272808242946359
electricity_transfer,shape,fixed1024,PAIRED_SHIFT8_D32,81551,C3,DELTA_XY_DEFAULT,0.361715817814536,0.3908058964914732,7.443613041179353
electricity_transfer,shape,fixed1024,PAIRED_SHIFT8_D32,81551,MAG_ONLY,B0,0.3619101962032958,0.3891380736575109,6.996970817658665
electricity_transfer,shape,fixed1024,PAIRED_SHIFT8_D32,81551,MAG_ONLY,PLAIN,0.3619101962032958,0.3751016908387005,3.5167782384316837
electricity_transfer,shape,fixed1024,PAIRED_SHIFT8_D32,81551,MAG_ONLY,C3,0.3619101962032958,0.361715817814536,-0.05373787354232551
electricity_transfer,shape,fixed1024,PAIRED_SHIFT8_D32,81551,MAG_ONLY,DELTA_XY_BUDGET,0.3619101962032958,0.3859240963413526,6.222441243165178
electricity_transfer,shape,fixed1024,PAIRED_SHIFT8_D32,81551,MAG_ONLY,DELTA_XY_DEFAULT,0.3619101962032958,0.3908058964914732,7.393875207000066
electricity_transfer,shape,fixed1024,PAIRED_SHIFT8_D32,81552,C3,B0,0.3704855369856941,0.4169135753781621,11.136130156077407
electricity_transfer,shape,fixed1024,PAIRED_SHIFT8_D32,81552,C3,PLAIN,0.3704855369856941,0.3898410658006173,4.964979452632246
electricity_transfer,shape,fixed1024,PAIRED_SHIFT8_D32,81552,C3,MAG_ONLY,0.3704855369856941,0.3695891211493219,-0.2425438913311595
electricity_transfer,shape,fixed1024,PAIRED_SHIFT8_D32,81552,C3,DELTA_XY_BUDGET,0.3704855369856941,0.4124897151567581,10.183084966155143
electricity_transfer,shape,fixed1024,PAIRED_SHIFT8_D32,81552,C3,DELTA_XY_DEFAULT,0.3704855369856941,0.4165054142458903,11.049046587669975
electricity_transfer,shape,fixed1024,PAIRED_SHIFT8_D32,81552,MAG_ONLY,B0,0.3695891211493219,0.4169135753781621,11.351142544570415
electricity_transfer,shape,fixed1024,PAIRED_SHIFT8_D32,81552,MAG_ONLY,PLAIN,0.3695891211493219,0.3898410658006173,5.194923374658833
electricity_transfer,shape,fixed1024,PAIRED_SHIFT8_D32,81552,MAG_ONLY,C3,0.3695891211493219,0.3704855369856941,0.24195703931265689
electricity_transfer,shape,fixed1024,PAIRED_SHIFT8_D32,81552,MAG_ONLY,DELTA_XY_BUDGET,0.3695891211493219,0.4124897151567581,10.400403314572992
electricity_transfer,shape,fixed1024,PAIRED_SHIFT8_D32,81552,MAG_ONLY,DELTA_XY_DEFAULT,0.3695891211493219,0.4165054142458903,11.264269680986827
electricity_transfer,shape,fixed1024,PULSE8_D32,81551,C3,B0,7.035548092758298,7.026497943596206,-0.12880028194330873
electricity_transfer,shape,fixed1024,PULSE8_D32,81551,C3,PLAIN,7.035548092758298,6.978324878503411,-0.8200136171814254
electricity_transfer,shape,fixed1024,PULSE8_D32,81551,C3,MAG_ONLY,7.035548092758298,7.030768400702081,-0.0679824989789024
electricity_transfer,shape,fixed1024,PULSE8_D32,81551,C3,DELTA_XY_BUDGET,7.035548092758298,7.0205546633249405,-0.2135647417102593
electricity_transfer,shape,fixed1024,PULSE8_D32,81551,C3,DELTA_XY_DEFAULT,7.035548092758298,6.969640279009273,-0.9456415411785768
electricity_transfer,shape,fixed1024,PULSE8_D32,81551,MAG_ONLY,B0,7.030768400702081,7.026497943596206,-0.06077646560429528
electricity_transfer,shape,fixed1024,PULSE8_D32,81551,MAG_ONLY,PLAIN,7.030768400702081,6.978324878503411,-0.751520215979351
electricity_transfer,shape,fixed1024,PULSE8_D32,81551,MAG_ONLY,C3,7.030768400702081,7.035548092758298,0.06793631417482127
electricity_transfer,shape,fixed1024,PULSE8_D32,81551,MAG_ONLY,DELTA_XY_BUDGET,7.030768400702081,7.0205546633249405,-0.14548333952155712
electricity_transfer,shape,fixed1024,PULSE8_D32,81551,MAG_ONLY,DELTA_XY_DEFAULT,7.030768400702081,6.969640279009273,-0.8770627929953756
electricity_transfer,shape,fixed1024,PULSE8_D32,81552,C3,B0,6.973685149933863,6.886718787792802,-1.2628127388505384
electricity_transfer,shape,fixed1024,PULSE8_D32,81552,C3,PLAIN,6.973685149933863,6.931444756590374,-0.609402438118356
electricity_transfer,shape,fixed1024,PULSE8_D32,81552,C3,MAG_ONLY,6.973685149933863,6.976121121535962,0.03491871141082514
electricity_transfer,shape,fixed1024,PULSE8_D32,81552,C3,DELTA_XY_BUDGET,6.973685149933863,6.895012731549684,-1.1410046862451173
electricity_transfer,shape,fixed1024,PULSE8_D32,81552,C3,DELTA_XY_DEFAULT,6.973685149933863,6.8904313214958135,-1.208252786415942
electricity_transfer,shape,fixed1024,PULSE8_D32,81552,MAG_ONLY,B0,6.976121121535962,6.886718787792802,-1.2981847596511775
electricity_transfer,shape,fixed1024,PULSE8_D32,81552,MAG_ONLY,PLAIN,6.976121121535962,6.931444756590374,-0.6445462167625315
electricity_transfer,shape,fixed1024,PULSE8_D32,81552,MAG_ONLY,C3,6.976121121535962,6.973685149933863,-0.034930908834063246
electricity_transfer,shape,fixed1024,PULSE8_D32,81552,MAG_ONLY,DELTA_XY_BUDGET,6.976121121535962,6.895012731549684,-1.1763341583859166
electricity_transfer,shape,fixed1024,PULSE8_D32,81552,MAG_ONLY,DELTA_XY_DEFAULT,6.976121121535962,6.8904313214958135,-1.2436057489293217
electricity_transfer,shape,fixed1024,RAMP8_D32,81551,C3,B0,0.9913142496559668,0.952560982785446,-4.068323978292687
electricity_transfer,shape,fixed1024,RAMP8_D32,81551,C3,PLAIN,0.9913142496559668,1.0386882550213248,4.560945513375936
electricity_transfer,shape,fixed1024,RAMP8_D32,81551,C3,MAG_ONLY,0.9913142496559668,0.9905155908223962,-0.08063061712209052
electricity_transfer,shape,fixed1024,RAMP8_D32,81551,C3,DELTA_XY_BUDGET,0.9913142496559668,0.9591493579078504,-3.353481028051375
electricity_transfer,shape,fixed1024,RAMP8_D32,81551,C3,DELTA_XY_DEFAULT,0.9913142496559668,0.9919968116072369,0.06880686946605374
electricity_transfer,shape,fixed1024,RAMP8_D32,81551,MAG_ONLY,B0,0.9905155908223962,0.952560982785446,-3.9844806498335217
electricity_transfer,shape,fixed1024,RAMP8_D32,81551,MAG_ONLY,PLAIN,0.9905155908223962,1.0386882550213248,4.637836614214885
electricity_transfer,shape,fixed1024,RAMP8_D32,81551,MAG_ONLY,C3,0.9905155908223962,0.9913142496559668,0.08056565653604686
electricity_transfer,shape,fixed1024,RAMP8_D32,81551,MAG_ONLY,DELTA_XY_BUDGET,0.9905155908223962,0.9591493579078504,-3.2702136175082774
electricity_transfer,shape,fixed1024,RAMP8_D32,81551,MAG_ONLY,DELTA_XY_DEFAULT,0.9905155908223962,0.9919968116072369,0.14931709129597515
electricity_transfer,shape,fixed1024,RAMP8_D32,81552,C3,B0,0.8239866062898826,0.8839357963111114,6.782075154260292
electricity_transfer,shape,fixed1024,RAMP8_D32,81552,C3,PLAIN,0.8239866062898826,0.8352613781203919,1.3498495352294637
electricity_transfer,shape,fixed1024,RAMP8_D32,81552,C3,MAG_ONLY,0.8239866062898826,0.8071151584043037,-2.0903396138581165
electricity_transfer,shape,fixed1024,RAMP8_D32,81552,C3,DELTA_XY_BUDGET,0.8239866062898826,0.8624649163844532,4.461434820546195
electricity_transfer,shape,fixed1024,RAMP8_D32,81552,C3,DELTA_XY_DEFAULT,0.8239866062898826,0.8818580177528071,6.562440925626012
electricity_transfer,shape,fixed1024,RAMP8_D32,81552,MAG_ONLY,B0,0.8071151584043037,0.8839357963111114,8.690748607240451
electricity_transfer,shape,fixed1024,RAMP8_D32,81552,MAG_ONLY,PLAIN,0.8071151584043037,0.8352613781203919,3.369749931383914
electricity_transfer,shape,fixed1024,RAMP8_D32,81552,MAG_ONLY,C3,0.8071151584043037,0.8239866062898826,2.047539093086115
electricity_transfer,shape,fixed1024,RAMP8_D32,81552,MAG_ONLY,DELTA_XY_BUDGET,0.8071151584043037,0.8624649163844532,6.417624291569068
electricity_transfer,shape,fixed1024,RAMP8_D32,81552,MAG_ONLY,DELTA_XY_DEFAULT,0.8071151584043037,0.8818580177528071,8.47561147529925
electricity_transfer,shape,fixed1024,STEP12_D17,81551,C3,B0,0.5529296416488292,0.5822282099360754,5.032145091434681
electricity_transfer,shape,fixed1024,STEP12_D17,81551,C3,PLAIN,0.5529296416488292,0.6051423290330401,8.62816644600648
electricity_transfer,shape,fixed1024,STEP12_D17,81551,C3,MAG_ONLY,0.5529296416488292,0.5584083911244307,0.9811366667627164
electricity_transfer,shape,fixed1024,STEP12_D17,81551,C3,DELTA_XY_BUDGET,0.5529296416488292,0.5841487230620078,5.3443721060509315
electricity_transfer,shape,fixed1024,STEP12_D17,81551,C3,DELTA_XY_DEFAULT,0.5529296416488292,0.5853793728341147,5.543367718643744
electricity_transfer,shape,fixed1024,STEP12_D17,81551,MAG_ONLY,B0,0.5584083911244307,0.5822282099360754,4.09114817955315
electricity_transfer,shape,fixed1024,STEP12_D17,81551,MAG_ONLY,PLAIN,0.5584083911244307,0.6051423290330401,7.722801011670388
electricity_transfer,shape,fixed1024,STEP12_D17,81551,MAG_ONLY,C3,0.5584083911244307,0.5529296416488292,-0.9908583412645333
electricity_transfer,shape,fixed1024,STEP12_D17,81551,MAG_ONLY,DELTA_XY_BUDGET,0.5584083911244307,0.5841487230620078,4.406468921587415
electricity_transfer,shape,fixed1024,STEP12_D17,81551,MAG_ONLY,DELTA_XY_DEFAULT,0.5584083911244307,0.5853793728341147,4.607436298806345
electricity_transfer,shape,fixed1024,STEP12_D17,81552,C3,B0,0.5843693613914519,0.7216019544636572,19.017769037807785
electricity_transfer,shape,fixed1024,STEP12_D17,81552,C3,PLAIN,0.5843693613914519,0.6139749888940228,4.8219598579904215
electricity_transfer,shape,fixed1024,STEP12_D17,81552,C3,MAG_ONLY,0.5843693613914519,0.551599865513562,-5.940809258062485
electricity_transfer,shape,fixed1024,STEP12_D17,81552,C3,DELTA_XY_BUDGET,0.5843693613914519,0.7036504316743277,16.951751169831297
electricity_transfer,shape,fixed1024,STEP12_D17,81552,C3,DELTA_XY_DEFAULT,0.5843693613914519,0.7123570555166058,17.96678970665019
electricity_transfer,shape,fixed1024,STEP12_D17,81552,MAG_ONLY,B0,0.551599865513562,0.7216019544636572,23.558983993668935
electricity_transfer,shape,fixed1024,STEP12_D17,81552,MAG_ONLY,PLAIN,0.551599865513562,0.6139749888940228,10.15922871594811
electricity_transfer,shape,fixed1024,STEP12_D17,81552,MAG_ONLY,C3,0.551599865513562,0.5843693613914519,5.6076683760185375
electricity_transfer,shape,fixed1024,STEP12_D17,81552,MAG_ONLY,DELTA_XY_BUDGET,0.551599865513562,0.7036504316743277,21.60882155631785
electricity_transfer,shape,fixed1024,STEP12_D17,81552,MAG_ONLY,DELTA_XY_DEFAULT,0.551599865513562,0.7123570555166058,22.56694009810314
electricity_transfer,shape,fixed1024,STEP12_D63,81551,C3,B0,0.4005973254350798,0.4113380322504023,2.611163075916123
electricity_transfer,shape,fixed1024,STEP12_D63,81551,C3,PLAIN,0.4005973254350798,0.4013051412297124,0.17637845168483324
electricity_transfer,shape,fixed1024,STEP12_D63,81551,C3,MAG_ONLY,0.4005973254350798,0.3965757991527585,-1.014062454368836
electricity_transfer,shape,fixed1024,STEP12_D63,81551,C3,DELTA_XY_BUDGET,0.4005973254350798,0.4079538298944018,1.8032688800166952
electricity_transfer,shape,fixed1024,STEP12_D63,81551,C3,DELTA_XY_DEFAULT,0.4005973254350798,0.4050874641880676,1.1084368562200742
electricity_transfer,shape,fixed1024,STEP12_D63,81551,MAG_ONLY,B0,0.3965757991527585,0.4113380322504023,3.588832527077701
electricity_transfer,shape,fixed1024,STEP12_D63,81551,MAG_ONLY,PLAIN,0.3965757991527585,0.4013051412297124,1.1784902786099005
electricity_transfer,shape,fixed1024,STEP12_D63,81551,MAG_ONLY,C3,0.3965757991527585,0.4005973254350798,1.003882459263461
electricity_transfer,shape,fixed1024,STEP12_D63,81551,MAG_ONLY,DELTA_XY_BUDGET,0.3965757991527585,0.4079538298944018,2.7890486393003178
electricity_transfer,shape,fixed1024,STEP12_D63,81551,MAG_ONLY,DELTA_XY_DEFAULT,0.3965757991527585,0.4050874641880676,2.1011919123119283
electricity_transfer,shape,fixed1024,STEP12_D63,81552,C3,B0,0.3780765957650029,0.3714624323176014,-1.780573988635914
electricity_transfer,shape,fixed1024,STEP12_D63,81552,C3,PLAIN,0.3780765957650029,0.3662862827307958,-3.2188792182732406
electricity_transfer,shape,fixed1024,STEP12_D63,81552,C3,MAG_ONLY,0.3780765957650029,0.3821962399782443,1.07788716432059
electricity_transfer,shape,fixed1024,STEP12_D63,81552,C3,DELTA_XY_BUDGET,0.3780765957650029,0.3704627679698768,-2.0552207815240475
electricity_transfer,shape,fixed1024,STEP12_D63,81552,C3,DELTA_XY_DEFAULT,0.3780765957650029,0.371990374615203,-1.6361232884306798
electricity_transfer,shape,fixed1024,STEP12_D63,81552,MAG_ONLY,B0,0.3821962399782443,0.3714624323176014,-2.8896078652350665
electricity_transfer,shape,fixed1024,STEP12_D63,81552,MAG_ONLY,PLAIN,0.3821962399782443,0.3662862827307958,-4.343585331351774
electricity_transfer,shape,fixed1024,STEP12_D63,81552,MAG_ONLY,C3,0.3821962399782443,0.3780765957650029,-1.0896321696151734
electricity_transfer,shape,fixed1024,STEP12_D63,81552,MAG_ONLY,DELTA_XY_BUDGET,0.3821962399782443,0.3704627679698768,-3.1672472979313193
electricity_transfer,shape,fixed1024,STEP12_D63,81552,MAG_ONLY,DELTA_XY_DEFAULT,0.3821962399782443,0.371990374615203,-2.7435831837311797
electricity_transfer,shape,fixed1024,STEP6_D17,81551,C3,B0,0.3991139722990121,0.4118051159163364,3.0818324316064793
electricity_transfer,shape,fixed1024,STEP6_D17,81551,C3,PLAIN,0.3991139722990121,0.4233506441398729,5.724963969312668
electricity_transfer,shape,fixed1024,STEP6_D17,81551,C3,MAG_ONLY,0.3991139722990121,0.3999099787715264,0.19904641413538426
electricity_transfer,shape,fixed1024,STEP6_D17,81551,C3,DELTA_XY_BUDGET,0.3991139722990121,0.4116951960796415,3.0559559354672694
electricity_transfer,shape,fixed1024,STEP6_D17,81551,C3,DELTA_XY_DEFAULT,0.3991139722990121,0.4167393567531956,4.229354431868981
electricity_transfer,shape,fixed1024,STEP6_D17,81551,MAG_ONLY,B0,0.3999099787715264,0.4118051159163364,2.8885355438922344
electricity_transfer,shape,fixed1024,STEP6_D17,81551,MAG_ONLY,PLAIN,0.3999099787715264,0.4233506441398729,5.536938632979105
electricity_transfer,shape,fixed1024,STEP6_D17,81551,MAG_ONLY,C3,0.3999099787715264,0.3991139722990121,-0.1994433990694766
electricity_transfer,shape,fixed1024,STEP6_D17,81551,MAG_ONLY,DELTA_XY_BUDGET,0.3999099787715264,0.4116951960796415,2.862607438789566
electricity_transfer,shape,fixed1024,STEP6_D17,81551,MAG_ONLY,DELTA_XY_DEFAULT,0.3999099787715264,0.4167393567531956,4.038346201037124
electricity_transfer,shape,fixed1024,STEP6_D17,81552,C3,B0,0.4046061241404408,0.4514313088635943,10.37260460312963
electricity_transfer,shape,fixed1024,STEP6_D17,81552,C3,PLAIN,0.4046061241404408,0.4143245464368419,2.3456062113574427
electricity_transfer,shape,fixed1024,STEP6_D17,81552,C3,MAG_ONLY,0.4046061241404408,0.3946474099663655,-2.523445972931637
electricity_transfer,shape,fixed1024,STEP6_D17,81552,C3,DELTA_XY_BUDGET,0.4046061241404408,0.4422950210879978,8.521212121006116
electricity_transfer,shape,fixed1024,STEP6_D17,81552,C3,DELTA_XY_DEFAULT,0.4046061241404408,0.4504112478327117,10.169622520013865
electricity_transfer,shape,fixed1024,STEP6_D17,81552,MAG_ONLY,B0,0.3946474099663655,0.4514313088635943,12.578635504961566
electricity_transfer,shape,fixed1024,STEP6_D17,81552,MAG_ONLY,PLAIN,0.3946474099663655,0.4143245464368419,4.749208474298284
electricity_transfer,shape,fixed1024,STEP6_D17,81552,MAG_ONLY,C3,0.3946474099663655,0.4046061241404408,2.4613355013426763
electricity_transfer,shape,fixed1024,STEP6_D17,81552,MAG_ONLY,DELTA_XY_BUDGET,0.3946474099663655,0.4422950210879978,10.772812003269749
electricity_transfer,shape,fixed1024,STEP6_D17,81552,MAG_ONLY,DELTA_XY_DEFAULT,0.3946474099663655,0.4504112478327117,12.380649491918906
electricity_transfer,shape,fixed1024,STEP6_D63,81551,C3,B0,0.3467775822039515,0.360955539342189,3.927895708173812
electricity_transfer,shape,fixed1024,STEP6_D63,81551,C3,PLAIN,0.3467775822039515,0.3425108901191669,-1.2457099052529674
electricity_transfer,shape,fixed1024,STEP6_D63,81551,C3,MAG_ONLY,0.3467775822039515,0.3444481123698272,-0.676290492085263
electricity_transfer,shape,fixed1024,STEP6_D63,81551,C3,DELTA_XY_BUDGET,0.3467775822039515,0.3582083268353357,3.191088474232706
electricity_transfer,shape,fixed1024,STEP6_D63,81551,C3,DELTA_XY_DEFAULT,0.3467775822039515,0.3532286032012884,1.8263019865525365
electricity_transfer,shape,fixed1024,STEP6_D63,81551,MAG_ONLY,B0,0.3444481123698272,0.360955539342189,4.573257693300725
electricity_transfer,shape,fixed1024,STEP6_D63,81551,MAG_ONLY,PLAIN,0.3444481123698272,0.3425108901191669,-0.5655943523390716
electricity_transfer,shape,fixed1024,STEP6_D63,81551,MAG_ONLY,C3,0.3444481123698272,0.3467775822039515,0.6717475274264584
electricity_transfer,shape,fixed1024,STEP6_D63,81551,MAG_ONLY,DELTA_XY_BUDGET,0.3444481123698272,0.3582083268353357,3.841399943735513
electricity_transfer,shape,fixed1024,STEP6_D63,81551,MAG_ONLY,DELTA_XY_DEFAULT,0.3444481123698272,0.3532286032012884,2.485781375540985
electricity_transfer,shape,fixed1024,STEP6_D63,81552,C3,B0,0.3310324996149321,0.3236020559900276,-2.2961670012175306
electricity_transfer,shape,fixed1024,STEP6_D63,81552,C3,PLAIN,0.3310324996149321,0.3252060736275301,-1.7916104463888916
electricity_transfer,shape,fixed1024,STEP6_D63,81552,C3,MAG_ONLY,0.3310324996149321,0.3335714975258345,0.7611555332918574
electricity_transfer,shape,fixed1024,STEP6_D63,81552,C3,DELTA_XY_BUDGET,0.3310324996149321,0.3235284439683369,-2.31944231998642
electricity_transfer,shape,fixed1024,STEP6_D63,81552,C3,DELTA_XY_DEFAULT,0.3310324996149321,0.3256641260917847,-1.6484387112488896
electricity_transfer,shape,fixed1024,STEP6_D63,81552,MAG_ONLY,B0,0.3335714975258345,0.3236020559900276,-3.080772001063581
electricity_transfer,shape,fixed1024,STEP6_D63,81552,MAG_ONLY,PLAIN,0.3335714975258345,0.3252060736275301,-2.572345530017861
electricity_transfer,shape,fixed1024,STEP6_D63,81552,MAG_ONLY,C3,0.3335714975258345,0.3310324996149321,-0.766993547115713
electricity_transfer,shape,fixed1024,STEP6_D63,81552,MAG_ONLY,DELTA_XY_BUDGET,0.3335714975258345,0.3235284439683369,-3.1042258400255207
electricity_transfer,shape,fixed1024,STEP6_D63,81552,MAG_ONLY,DELTA_XY_DEFAULT,0.3335714975258345,0.3256641260917847,-2.428075676908059
electricity_transfer,shape,fixed1024,STEP8_D31,81551,C3,B0,0.3658910135036887,0.3807328921724644,3.89823915241152
electricity_transfer,shape,fixed1024,STEP8_D31,81551,C3,PLAIN,0.3658910135036887,0.3760032678888001,2.689405983594284
electricity_transfer,shape,fixed1024,STEP8_D31,81551,C3,MAG_ONLY,0.3658910135036887,0.3663026971904998,0.11238893133156402
electricity_transfer,shape,fixed1024,STEP8_D31,81551,C3,DELTA_XY_BUDGET,0.3658910135036887,0.379513726762348,3.5895179272895983
electricity_transfer,shape,fixed1024,STEP8_D31,81551,C3,DELTA_XY_DEFAULT,0.3658910135036887,0.3824768361089933,4.336425383046782
electricity_transfer,shape,fixed1024,STEP8_D31,81551,MAG_ONLY,B0,0.3663026971904998,0.3807328921724644,3.790109885076076
electricity_transfer,shape,fixed1024,STEP8_D31,81551,MAG_ONLY,PLAIN,0.3663026971904998,0.3760032678888001,2.5799165929507817
electricity_transfer,shape,fixed1024,STEP8_D31,81551,MAG_ONLY,C3,0.3663026971904998,0.3658910135036887,-0.11251538617167434
electricity_transfer,shape,fixed1024,STEP8_D31,81551,MAG_ONLY,DELTA_XY_BUDGET,0.3663026971904998,0.379513726762348,3.481041301075516
electricity_transfer,shape,fixed1024,STEP8_D31,81551,MAG_ONLY,DELTA_XY_DEFAULT,0.3663026971904998,0.3824768361089933,4.2287891426408875
electricity_transfer,shape,fixed1024,STEP8_D31,81552,C3,B0,0.3736064816797578,0.4196664424254276,10.975373794356791
electricity_transfer,shape,fixed1024,STEP8_D31,81552,C3,PLAIN,0.3736064816797578,0.3900204916630097,4.208499382497621
electricity_transfer,shape,fixed1024,STEP8_D31,81552,C3,MAG_ONLY,0.3736064816797578,0.3731574061512502,-0.12034479849651891
electricity_transfer,shape,fixed1024,STEP8_D31,81552,C3,DELTA_XY_BUDGET,0.3736064816797578,0.413700857699235,9.691634733961862
electricity_transfer,shape,fixed1024,STEP8_D31,81552,C3,DELTA_XY_DEFAULT,0.3736064816797578,0.4130552791131818,9.55048862179403
electricity_transfer,shape,fixed1024,STEP8_D31,81552,MAG_ONLY,B0,0.3731574061512502,0.4196664424254276,11.082381523140683
electricity_transfer,shape,fixed1024,STEP8_D31,81552,MAG_ONLY,PLAIN,0.3731574061512502,0.3900204916630097,4.3236409040604435
electricity_transfer,shape,fixed1024,STEP8_D31,81552,MAG_ONLY,C3,0.3731574061512502,0.3736064816797578,0.12020014387559286
electricity_transfer,shape,fixed1024,STEP8_D31,81552,MAG_ONLY,DELTA_XY_BUDGET,0.3731574061512502,0.413700857699235,9.800185518943326
electricity_transfer,shape,fixed1024,STEP8_D31,81552,MAG_ONLY,DELTA_XY_DEFAULT,0.3731574061512502,0.4130552791131818,9.6592090646054
electricity_transfer,shape,fixed1024,STEP8_D33,81551,C3,B0,0.3767583846578012,0.3988651771175441,5.542422284016057
electricity_transfer,shape,fixed1024,STEP8_D33,81551,C3,PLAIN,0.3767583846578012,0.3918770765017014,3.8580189427932843
electricity_transfer,shape,fixed1024,STEP8_D33,81551,C3,MAG_ONLY,0.3767583846578012,0.3778102226021695,0.27840378090454587
electricity_transfer,shape,fixed1024,STEP8_D33,81551,C3,DELTA_XY_BUDGET,0.3767583846578012,0.3960320852407789,4.866701790401573
electricity_transfer,shape,fixed1024,STEP8_D33,81551,C3,DELTA_XY_DEFAULT,0.3767583846578012,0.4067446752947732,7.3722638446933715
electricity_transfer,shape,fixed1024,STEP8_D33,81551,MAG_ONLY,B0,0.3778102226021695,0.3988651771175441,5.278714644264316
electricity_transfer,shape,fixed1024,STEP8_D33,81551,MAG_ONLY,PLAIN,0.3778102226021695,0.3918770765017014,3.5896087684197053
electricity_transfer,shape,fixed1024,STEP8_D33,81551,MAG_ONLY,C3,0.3778102226021695,0.3767583846578012,-0.2791810314516807
electricity_transfer,shape,fixed1024,STEP8_D33,81551,MAG_ONLY,DELTA_XY_BUDGET,0.3778102226021695,0.3960320852407789,4.601107667206017
electricity_transfer,shape,fixed1024,STEP8_D33,81551,MAG_ONLY,DELTA_XY_DEFAULT,0.3778102226021695,0.4067446752947732,7.113664775484652
electricity_transfer,shape,fixed1024,STEP8_D33,81552,C3,B0,0.3943329448303027,0.4442196073566347,11.23018023071667
electricity_transfer,shape,fixed1024,STEP8_D33,81552,C3,PLAIN,0.3943329448303027,0.4129331400446954,4.504408440644758
electricity_transfer,shape,fixed1024,STEP8_D33,81552,C3,MAG_ONLY,0.3943329448303027,0.389812013151554,-1.1597722815666511
electricity_transfer,shape,fixed1024,STEP8_D33,81552,C3,DELTA_XY_BUDGET,0.3943329448303027,0.4388840750660436,10.151001771717693
electricity_transfer,shape,fixed1024,STEP8_D33,81552,C3,DELTA_XY_DEFAULT,0.3943329448303027,0.4533559796883403,13.01913672752547
electricity_transfer,shape,fixed1024,STEP8_D33,81552,MAG_ONLY,B0,0.389812013151554,0.4442196073566347,12.247904708402569
electricity_transfer,shape,fixed1024,STEP8_D33,81552,MAG_ONLY,PLAIN,0.389812013151554,0.4129331400446954,5.599242262473481
electricity_transfer,shape,fixed1024,STEP8_D33,81552,MAG_ONLY,C3,0.389812013151554,0.3943329448303027,1.146475773332667
electricity_transfer,shape,fixed1024,STEP8_D33,81552,MAG_ONLY,DELTA_XY_BUDGET,0.389812013151554,0.4388840750660436,11.181098768987052
electricity_transfer,shape,fixed1024,STEP8_D33,81552,MAG_ONLY,DELTA_XY_DEFAULT,0.389812013151554,0.4533559796883403,14.01635125238
electricity_transfer,shape,selected,PAIRED_SHIFT8_D32,81551,C3,B0,0.3627202455636387,0.3891380736575109,6.788805794706976
electricity_transfer,shape,selected,PAIRED_SHIFT8_D32,81551,C3,PLAIN,0.3627202455636387,0.3659118933308459,0.8722448833663354
electricity_transfer,shape,selected,PAIRED_SHIFT8_D32,81551,C3,MAG_ONLY,0.3627202455636387,0.3621022632131718,-0.1706651444216778
electricity_transfer,shape,selected,PAIRED_SHIFT8_D32,81551,C3,DELTA_XY_BUDGET,0.3627202455636387,0.3862828247620411,6.099825746308419
electricity_transfer,shape,selected,PAIRED_SHIFT8_D32,81551,C3,DELTA_XY_DEFAULT,0.3627202455636387,0.3852251720233998,5.842018667044446
electricity_transfer,shape,selected,PAIRED_SHIFT8_D32,81551,MAG_ONLY,B0,0.3621022632131718,0.3891380736575109,6.9476137840302705
electricity_transfer,shape,selected,PAIRED_SHIFT8_D32,81551,MAG_ONLY,PLAIN,0.3621022632131718,0.3659118933308459,1.041133176348974
electricity_transfer,shape,selected,PAIRED_SHIFT8_D32,81551,MAG_ONLY,C3,0.3621022632131718,0.3627202455636387,0.17037437474894945
electricity_transfer,shape,selected,PAIRED_SHIFT8_D32,81551,MAG_ONLY,DELTA_XY_BUDGET,0.3621022632131718,0.3862828247620411,6.259807581081322
electricity_transfer,shape,selected,PAIRED_SHIFT8_D32,81551,MAG_ONLY,DELTA_XY_DEFAULT,0.3621022632131718,0.3852251720233998,6.002439739016696
electricity_transfer,shape,selected,PAIRED_SHIFT8_D32,81552,C3,B0,0.3685946676180216,0.4169135753781621,11.589670045239654
electricity_transfer,shape,selected,PAIRED_SHIFT8_D32,81552,C3,PLAIN,0.3685946676180216,0.3898410658006173,5.450015415631471
electricity_transfer,shape,selected,PAIRED_SHIFT8_D32,81552,C3,MAG_ONLY,0.3685946676180216,0.3663794011386528,-0.6046372892373642
electricity_transfer,shape,selected,PAIRED_SHIFT8_D32,81552,C3,DELTA_XY_BUDGET,0.3685946676180216,0.4124897151567581,10.641488969501955
electricity_transfer,shape,selected,PAIRED_SHIFT8_D32,81552,C3,DELTA_XY_DEFAULT,0.3685946676180216,0.4165054142458903,11.503030930489622
electricity_transfer,shape,selected,PAIRED_SHIFT8_D32,81552,MAG_ONLY,B0,0.3663794011386528,0.4169135753781621,12.121019132963518
electricity_transfer,shape,selected,PAIRED_SHIFT8_D32,81552,MAG_ONLY,PLAIN,0.3663794011386528,0.3898410658006173,6.018264036340348
electricity_transfer,shape,selected,PAIRED_SHIFT8_D32,81552,MAG_ONLY,C3,0.3663794011386528,0.3685946676180216,0.6010033985799579
electricity_transfer,shape,selected,PAIRED_SHIFT8_D32,81552,MAG_ONLY,DELTA_XY_BUDGET,0.3663794011386528,0.4124897151567581,11.178536657715698
electricity_transfer,shape,selected,PAIRED_SHIFT8_D32,81552,MAG_ONLY,DELTA_XY_DEFAULT,0.3663794011386528,0.4165054142458903,12.03490072223764
electricity_transfer,shape,selected,PULSE8_D32,81551,C3,B0,7.059991738053184,7.026497943596206,-0.47667834995246405
electricity_transfer,shape,selected,PULSE8_D32,81551,C3,PLAIN,7.059991738053184,7.0293865673894285,-0.4353889257668442
electricity_transfer,shape,selected,PULSE8_D32,81551,C3,MAG_ONLY,7.059991738053184,7.059179835050502,-0.011501378653799854
electricity_transfer,shape,selected,PULSE8_D32,81551,C3,DELTA_XY_BUDGET,7.059991738053184,7.0232217222143065,-0.5235491245075607
electricity_transfer,shape,selected,PULSE8_D32,81551,C3,DELTA_XY_DEFAULT,7.059991738053184,6.998366215678862,-0.8805701284430922
electricity_transfer,shape,selected,PULSE8_D32,81551,MAG_ONLY,B0,7.059179835050502,7.026497943596206,-0.4651234756865241
electricity_transfer,shape,selected,PULSE8_D32,81551,MAG_ONLY,PLAIN,7.059179835050502,7.0293865673894285,-0.42383879980778527
electricity_transfer,shape,selected,PULSE8_D32,81551,MAG_ONLY,C3,7.059179835050502,7.059991738053184,0.01150005598882231
electricity_transfer,shape,selected,PULSE8_D32,81551,MAG_ONLY,DELTA_XY_BUDGET,7.059179835050502,7.0232217222143065,-0.5119888600762845
electricity_transfer,shape,selected,PULSE8_D32,81551,MAG_ONLY,DELTA_XY_DEFAULT,7.059179835050502,6.998366215678862,-0.8689688063964862
electricity_transfer,shape,selected,PULSE8_D32,81552,C3,B0,6.990757770873129,6.886718787792802,-1.51071920149759
electricity_transfer,shape,selected,PULSE8_D32,81552,C3,PLAIN,6.990757770873129,6.931444756590374,-0.855709254933612
electricity_transfer,shape,selected,PULSE8_D32,81552,C3,MAG_ONLY,6.990757770873129,6.996502980004075,0.08211543891806228
electricity_transfer,shape,selected,PULSE8_D32,81552,C3,DELTA_XY_BUDGET,6.990757770873129,6.895012731549684,-1.3886129446192497
electricity_transfer,shape,selected,PULSE8_D32,81552,C3,DELTA_XY_DEFAULT,6.990757770873129,6.8904313214958135,-1.4560256781651848
electricity_transfer,shape,selected,PULSE8_D32,81552,MAG_ONLY,B0,6.996502980004075,6.886718787792802,-1.5941436784942198
electricity_transfer,shape,selected,PULSE8_D32,81552,MAG_ONLY,PLAIN,6.996502980004075,6.931444756590374,-0.9385954256050821
electricity_transfer,shape,selected,PULSE8_D32,81552,MAG_ONLY,C3,6.996502980004075,6.990757770873129,-0.08218292378663339
electricity_transfer,shape,selected,PULSE8_D32,81552,MAG_ONLY,DELTA_XY_BUDGET,6.996502980004075,6.895012731549684,-1.4719370711238744
electricity_transfer,shape,selected,PULSE8_D32,81552,MAG_ONLY,DELTA_XY_DEFAULT,6.996502980004075,6.8904313214958135,-1.5394052064252373
electricity_transfer,shape,selected,RAMP8_D32,81551,C3,B0,0.969641551666526,0.952560982785446,-1.7931207754419587
electricity_transfer,shape,selected,RAMP8_D32,81551,C3,PLAIN,0.969641551666526,1.0098777490974422,3.9842641811720814
electricity_transfer,shape,selected,RAMP8_D32,81551,C3,MAG_ONLY,0.969641551666526,0.9679669185209177,-0.17300520436867028
electricity_transfer,shape,selected,RAMP8_D32,81551,C3,DELTA_XY_BUDGET,0.969641551666526,0.9554936774859244,-1.4806873675843768
electricity_transfer,shape,selected,RAMP8_D32,81551,C3,DELTA_XY_DEFAULT,0.969641551666526,1.0096808557080907,3.9655405780161246
electricity_transfer,shape,selected,RAMP8_D32,81551,MAG_ONLY,B0,0.9679669185209177,0.952560982785446,-1.6173175275794094
electricity_transfer,shape,selected,RAMP8_D32,81551,MAG_ONLY,PLAIN,0.9679669185209177,1.0098777490974422,4.150089514694377
electricity_transfer,shape,selected,RAMP8_D32,81551,MAG_ONLY,C3,0.9679669185209177,0.969641551666526,0.17270641328541725
electricity_transfer,shape,selected,RAMP8_D32,81551,MAG_ONLY,DELTA_XY_BUDGET,0.9679669185209177,0.9554936774859244,-1.3054237122544388
electricity_transfer,shape,selected,RAMP8_D32,81551,MAG_ONLY,DELTA_XY_DEFAULT,0.9679669185209177,1.0096808557080907,4.131398248401874
electricity_transfer,shape,selected,RAMP8_D32,81552,C3,B0,0.8171383019307668,0.8839357963111114,7.556826486619006
electricity_transfer,shape,selected,RAMP8_D32,81552,C3,PLAIN,0.8171383019307668,0.8352613781203919,2.169749094637652
electricity_transfer,shape,selected,RAMP8_D32,81552,C3,MAG_ONLY,0.8171383019307668,0.8077544832106008,-1.161716699221249
electricity_transfer,shape,selected,RAMP8_D32,81552,C3,DELTA_XY_BUDGET,0.8171383019307668,0.8624649163844532,5.25547342188718
electricity_transfer,shape,selected,RAMP8_D32,81552,C3,DELTA_XY_DEFAULT,0.8171383019307668,0.8818580177528071,7.33901767848778
electricity_transfer,shape,selected,RAMP8_D32,81552,MAG_ONLY,B0,0.8077544832106008,0.8839357963111114,8.618421543559451
electricity_transfer,shape,selected,RAMP8_D32,81552,MAG_ONLY,PLAIN,0.8077544832106008,0.8352613781203919,3.2932080460478685
electricity_transfer,shape,selected,RAMP8_D32,81552,MAG_ONLY,C3,0.8077544832106008,0.8171383019307668,1.1483758254867582
electricity_transfer,shape,selected,RAMP8_D32,81552,MAG_ONLY,DELTA_XY_BUDGET,0.8077544832106008,0.8624649163844532,6.343496661082105
electricity_transfer,shape,selected,RAMP8_D32,81552,MAG_ONLY,DELTA_XY_DEFAULT,0.8077544832106008,0.8818580177528071,8.403113999126576
electricity_transfer,shape,selected,STEP12_D17,81551,C3,B0,0.5466698307211066,0.5822282099360754,6.107292399808795
electricity_transfer,shape,selected,STEP12_D17,81551,C3,PLAIN,0.5466698307211066,0.5802088850584409,5.7805137427283775
electricity_transfer,shape,selected,STEP12_D17,81551,C3,MAG_ONLY,0.5466698307211066,0.5479324782277772,0.23043852241694252
electricity_transfer,shape,selected,STEP12_D17,81551,C3,DELTA_XY_BUDGET,0.5466698307211066,0.5826349635424231,6.172841499701331
electricity_transfer,shape,selected,STEP12_D17,81551,C3,DELTA_XY_DEFAULT,0.5466698307211066,0.5995241871218192,8.816050717562284
electricity_transfer,shape,selected,STEP12_D17,81551,MAG_ONLY,B0,0.5479324782277772,0.5822282099360754,5.890427691929179
electricity_transfer,shape,selected,STEP12_D17,81551,MAG_ONLY,PLAIN,0.5479324782277772,0.5802088850584409,5.5628942716747005
electricity_transfer,shape,selected,STEP12_D17,81551,MAG_ONLY,C3,0.5479324782277772,0.5466698307211066,-0.2309707680420381
electricity_transfer,shape,selected,STEP12_D17,81551,MAG_ONLY,DELTA_XY_BUDGET,0.5479324782277772,0.5826349635424231,5.956128191081178
electricity_transfer,shape,selected,STEP12_D17,81551,MAG_ONLY,DELTA_XY_DEFAULT,0.5479324782277772,0.5995241871218192,8.605442449573575
electricity_transfer,shape,selected,STEP12_D17,81552,C3,B0,0.5964889819700575,0.7216019544636572,17.338225280527688
electricity_transfer,shape,selected,STEP12_D17,81552,C3,PLAIN,0.5964889819700575,0.6139749888940228,2.8479998762593772
electricity_transfer,shape,selected,STEP12_D17,81552,C3,MAG_ONLY,0.5964889819700575,0.5648136600404102,-5.608101250132846
electricity_transfer,shape,selected,STEP12_D17,81552,C3,DELTA_XY_BUDGET,0.5964889819700575,0.7036504316743277,15.229358908979961
electricity_transfer,shape,selected,STEP12_D17,81552,C3,DELTA_XY_DEFAULT,0.5964889819700575,0.7123570555166058,16.265448997696808
electricity_transfer,shape,selected,STEP12_D17,81552,MAG_ONLY,B0,0.5648136600404102,0.7216019544636572,21.727809002372023
electricity_transfer,shape,selected,STEP12_D17,81552,MAG_ONLY,PLAIN,0.5648136600404102,0.6139749888940228,8.007057248727477
electricity_transfer,shape,selected,STEP12_D17,81552,MAG_ONLY,C3,0.5648136600404102,0.5964889819700575,5.31029455481834
electricity_transfer,shape,selected,STEP12_D17,81552,MAG_ONLY,DELTA_XY_BUDGET,0.5648136600404102,0.7036504316743277,19.73092964692099
electricity_transfer,shape,selected,STEP12_D17,81552,MAG_ONLY,DELTA_XY_DEFAULT,0.5648136600404102,0.7123570555166058,20.712000300073697
electricity_transfer,shape,selected,STEP12_D63,81551,C3,B0,0.4135866845782603,0.4113380322504023,-0.546667740776563
electricity_transfer,shape,selected,STEP12_D63,81551,C3,PLAIN,0.4135866845782603,0.4212495053284527,1.8190693765248622
electricity_transfer,shape,selected,STEP12_D63,81551,C3,MAG_ONLY,0.4135866845782603,0.4109538360080619,-0.6406677197063004
electricity_transfer,shape,selected,STEP12_D63,81551,C3,DELTA_XY_BUDGET,0.4135866845782603,0.4077582156519719,-1.429393376407928
electricity_transfer,shape,selected,STEP12_D63,81551,C3,DELTA_XY_DEFAULT,0.4135866845782603,0.4025781818142665,-2.734500591756528
electricity_transfer,shape,selected,STEP12_D63,81551,MAG_ONLY,B0,0.4109538360080619,0.4113380322504023,0.0934015851241532
electricity_transfer,shape,selected,STEP12_D63,81551,MAG_ONLY,PLAIN,0.4109538360080619,0.4212495053284527,2.4440786731282027
electricity_transfer,shape,selected,STEP12_D63,81551,MAG_ONLY,C3,0.4109538360080619,0.4135866845782603,0.6365892975696674
electricity_transfer,shape,selected,STEP12_D63,81551,MAG_ONLY,DELTA_XY_BUDGET,0.4109538360080619,0.4077582156519719,-0.783704713583866
electricity_transfer,shape,selected,STEP12_D63,81551,MAG_ONLY,DELTA_XY_DEFAULT,0.4109538360080619,0.4025781818142665,-2.080503756077756
electricity_transfer,shape,selected,STEP12_D63,81552,C3,B0,0.3909753700784095,0.3714624323176014,-5.253004358762303
electricity_transfer,shape,selected,STEP12_D63,81552,C3,PLAIN,0.3909753700784095,0.3662862827307958,-6.740380001005697
electricity_transfer,shape,selected,STEP12_D63,81552,C3,MAG_ONLY,0.3909753700784095,0.3974548866941067,1.6302520946695709
electricity_transfer,shape,selected,STEP12_D63,81552,C3,DELTA_XY_BUDGET,0.3909753700784095,0.3704627679698768,-5.537021229134864
electricity_transfer,shape,selected,STEP12_D63,81552,C3,DELTA_XY_DEFAULT,0.3909753700784095,0.371990374615203,-5.103625458815997
electricity_transfer,shape,selected,STEP12_D63,81552,MAG_ONLY,B0,0.3974548866941067,0.3714624323176014,-6.997330581812844
electricity_transfer,shape,selected,STEP12_D63,81552,MAG_ONLY,PLAIN,0.3974548866941067,0.3662862827307958,-8.509356050938566
electricity_transfer,shape,selected,STEP12_D63,81552,MAG_ONLY,C3,0.3974548866941067,0.3909753700784095,-1.6572697698061578
electricity_transfer,shape,selected,STEP12_D63,81552,MAG_ONLY,DELTA_XY_BUDGET,0.3974548866941067,0.3704627679698768,-7.286054377919204
electricity_transfer,shape,selected,STEP12_D63,81552,MAG_ONLY,DELTA_XY_DEFAULT,0.3974548866941067,0.371990374615203,-6.845476070515244
electricity_transfer,shape,selected,STEP6_D17,81551,C3,B0,0.4007410873369391,0.4118051159163364,2.6867146987180957
electricity_transfer,shape,selected,STEP6_D17,81551,C3,PLAIN,0.4007410873369391,0.4154392279523058,3.5379761049079694
electricity_transfer,shape,selected,STEP6_D17,81551,C3,MAG_ONLY,0.4007410873369391,0.401220618698056,0.1195181251334887
electricity_transfer,shape,selected,STEP6_D17,81551,C3,DELTA_XY_BUDGET,0.4007410873369391,0.4114578232575945,2.6045770222106523
electricity_transfer,shape,selected,STEP6_D17,81551,C3,DELTA_XY_DEFAULT,0.4007410873369391,0.4222430159203414,5.09231124558347
electricity_transfer,shape,selected,STEP6_D17,81551,MAG_ONLY,B0,0.401220618698056,0.4118051159163364,2.5702685103190404
electricity_transfer,shape,selected,STEP6_D17,81551,MAG_ONLY,PLAIN,0.401220618698056,0.4154392279523058,3.4225485456280014
electricity_transfer,shape,selected,STEP6_D17,81551,MAG_ONLY,C3,0.401220618698056,0.4007410873369391,-0.11966114188677324
electricity_transfer,shape,selected,STEP6_D17,81551,MAG_ONLY,DELTA_XY_BUDGET,0.401220618698056,0.4114578232575945,2.4880325469299636
electricity_transfer,shape,selected,STEP6_D17,81551,MAG_ONLY,DELTA_XY_DEFAULT,0.401220618698056,0.4222430159203414,4.9787436214815735
electricity_transfer,shape,selected,STEP6_D17,81552,C3,B0,0.4080503570275455,0.4514313088635943,9.609646248341386
electricity_transfer,shape,selected,STEP6_D17,81552,C3,PLAIN,0.4080503570275455,0.4143245464368419,1.5143175713951629
electricity_transfer,shape,selected,STEP6_D17,81552,C3,MAG_ONLY,0.4080503570275455,0.3990079421566375,-2.2662242816606115
electricity_transfer,shape,selected,STEP6_D17,81552,C3,DELTA_XY_BUDGET,0.4080503570275455,0.4422950210879978,7.7424936813021645
electricity_transfer,shape,selected,STEP6_D17,81552,C3,DELTA_XY_DEFAULT,0.4080503570275455,0.4504112478327117,9.404936268576392
electricity_transfer,shape,selected,STEP6_D17,81552,MAG_ONLY,B0,0.3990079421566375,0.4514313088635943,11.612700687270493
electricity_transfer,shape,selected,STEP6_D17,81552,MAG_ONLY,PLAIN,0.3990079421566375,0.4143245464368419,3.6967648699373523
electricity_transfer,shape,selected,STEP6_D17,81552,MAG_ONLY,C3,0.3990079421566375,0.4080503570275455,2.216004646283787
electricity_transfer,shape,selected,STEP6_D17,81552,MAG_ONLY,DELTA_XY_BUDGET,0.3990079421566375,0.4422950210879978,9.78692430787007
electricity_transfer,shape,selected,STEP6_D17,81552,MAG_ONLY,DELTA_XY_DEFAULT,0.3990079421566375,0.4504112478327117,11.412527090168501
electricity_transfer,shape,selected,STEP6_D63,81551,C3,B0,0.352046948454327,0.360955539342189,2.4680576738335014
electricity_transfer,shape,selected,STEP6_D63,81551,C3,PLAIN,0.352046948454327,0.3511973760302135,-0.2419073951282602
electricity_transfer,shape,selected,STEP6_D63,81551,C3,MAG_ONLY,0.352046948454327,0.3502664942749957,-0.5083141574864669
electricity_transfer,shape,selected,STEP6_D63,81551,C3,DELTA_XY_BUDGET,0.352046948454327,0.3584566448831162,1.7881371486025088
electricity_transfer,shape,selected,STEP6_D63,81551,C3,DELTA_XY_DEFAULT,0.352046948454327,0.3511629669104906,-0.2517297172915489
electricity_transfer,shape,selected,STEP6_D63,81551,MAG_ONLY,B0,0.3502664942749957,0.360955539342189,2.961319027455067
electricity_transfer,shape,selected,STEP6_D63,81551,MAG_ONLY,PLAIN,0.3502664942749957,0.3511973760302135,0.26505942776113844
electricity_transfer,shape,selected,STEP6_D63,81551,MAG_ONLY,C3,0.3502664942749957,0.352046948454327,0.5057433922232346
electricity_transfer,shape,selected,STEP6_D63,81551,MAG_ONLY,DELTA_XY_BUDGET,0.3502664942749957,0.3584566448831162,2.2848371553528035
electricity_transfer,shape,selected,STEP6_D63,81551,MAG_ONLY,DELTA_XY_DEFAULT,0.3502664942749957,0.3511629669104906,0.25528678134315586
electricity_transfer,shape,selected,STEP6_D63,81552,C3,B0,0.3376336348955966,0.3236020559900276,-4.3360598753431345
electricity_transfer,shape,selected,STEP6_D63,81552,C3,PLAIN,0.3376336348955966,0.3252060736275301,-3.8214419335538707
electricity_transfer,shape,selected,STEP6_D63,81552,C3,MAG_ONLY,0.3376336348955966,0.3409834181872406,0.9823889118867779
electricity_transfer,shape,selected,STEP6_D63,81552,C3,DELTA_XY_BUDGET,0.3376336348955966,0.3235284439683369,-4.359799328383063
electricity_transfer,shape,selected,STEP6_D63,81552,C3,DELTA_XY_DEFAULT,0.3376336348955966,0.3256641260917847,-3.675415203834409
electricity_transfer,shape,selected,STEP6_D63,81552,MAG_ONLY,B0,0.3409834181872406,0.3236020559900276,-5.37121500790112
electricity_transfer,shape,selected,STEP6_D63,81552,MAG_ONLY,PLAIN,0.3409834181872406,0.3252060736275301,-4.851491358608762
electricity_transfer,shape,selected,STEP6_D63,81552,MAG_ONLY,C3,0.3409834181872406,0.3376336348955966,-0.9921355414367339
electricity_transfer,shape,selected,STEP6_D63,81552,MAG_ONLY,DELTA_XY_BUDGET,0.3409834181872406,0.3235284439683369,-5.395189988492
electricity_transfer,shape,selected,STEP6_D63,81552,MAG_ONLY,DELTA_XY_DEFAULT,0.3409834181872406,0.3256641260917847,-4.704015845803755
electricity_transfer,shape,selected,STEP8_D31,81551,C3,B0,0.3668678431773039,0.3807328921724644,3.6416735407457046
electricity_transfer,shape,selected,STEP8_D31,81551,C3,PLAIN,0.3668678431773039,0.3663854075761973,-0.1316743492318917
electricity_transfer,shape,selected,STEP8_D31,81551,C3,MAG_ONLY,0.3668678431773039,0.3668200887895789,-0.013018476682291613
electricity_transfer,shape,selected,STEP8_D31,81551,C3,DELTA_XY_BUDGET,0.3668678431773039,0.3790689572097077,3.2187056735574093
electricity_transfer,shape,selected,STEP8_D31,81551,C3,DELTA_XY_DEFAULT,0.3668678431773039,0.3801747988696567,3.5002203544046817
electricity_transfer,shape,selected,STEP8_D31,81551,MAG_ONLY,B0,0.3668200887895789,0.3807328921724644,3.654216294131818
electricity_transfer,shape,selected,STEP8_D31,81551,MAG_ONLY,PLAIN,0.3668200887895789,0.3663854075761973,-0.11864042737323999
electricity_transfer,shape,selected,STEP8_D31,81551,MAG_ONLY,C3,0.3668200887895789,0.3668678431773039,0.013016782095554014
electricity_transfer,shape,selected,STEP8_D31,81551,MAG_ONLY,DELTA_XY_BUDGET,0.3668200887895789,0.3790689572097077,3.231303483749126
electricity_transfer,shape,selected,STEP8_D31,81551,MAG_ONLY,DELTA_XY_DEFAULT,0.3668200887895789,0.3801747988696567,3.5127815204438417
electricity_transfer,shape,selected,STEP8_D31,81552,C3,B0,0.3702389834358611,0.4196664424254276,11.777796362250125
electricity_transfer,shape,selected,STEP8_D31,81552,C3,PLAIN,0.3702389834358611,0.3900204916630097,5.071915104460844
electricity_transfer,shape,selected,STEP8_D31,81552,C3,MAG_ONLY,0.3702389834358611,0.3689409773094826,-0.3518194524891882
electricity_transfer,shape,selected,STEP8_D31,81552,C3,DELTA_XY_BUDGET,0.3702389834358611,0.413700857699235,10.505628270892087
electricity_transfer,shape,selected,STEP8_D31,81552,C3,DELTA_XY_DEFAULT,0.3702389834358611,0.4130552791131818,10.365754377778714
electricity_transfer,shape,selected,STEP8_D31,81552,MAG_ONLY,B0,0.3689409773094826,0.4196664424254276,12.08709107709003
electricity_transfer,shape,selected,STEP8_D31,81552,MAG_ONLY,PLAIN,0.3689409773094826,0.3900204916630097,5.404719701686977
electricity_transfer,shape,selected,STEP8_D31,81552,MAG_ONLY,C3,0.3689409773094826,0.3702389834358611,0.35058602266374583
electricity_transfer,shape,selected,STEP8_D31,81552,MAG_ONLY,DELTA_XY_BUDGET,0.3689409773094826,0.413700857699235,10.819383029245078
electricity_transfer,shape,selected,STEP8_D31,81552,MAG_ONLY,DELTA_XY_DEFAULT,0.3689409773094826,0.4130552791131818,10.679999514450312
electricity_transfer,shape,selected,STEP8_D33,81551,C3,B0,0.3739908195765827,0.3988651771175441,6.236282074238586
electricity_transfer,shape,selected,STEP8_D33,81551,C3,PLAIN,0.3739908195765827,0.3792910972444843,1.3974168406291732
electricity_transfer,shape,selected,STEP8_D33,81551,C3,MAG_ONLY,0.3739908195765827,0.3739661151638649,-0.006606056462343801
electricity_transfer,shape,selected,STEP8_D33,81551,C3,DELTA_XY_BUDGET,0.3739908195765827,0.3958757749569713,5.5282380900340105
electricity_transfer,shape,selected,STEP8_D33,81551,C3,DELTA_XY_DEFAULT,0.3739908195765827,0.3969167195580613,5.775997546035594
electricity_transfer,shape,selected,STEP8_D33,81551,MAG_ONLY,B0,0.3739661151638649,0.3988651771175441,6.242475749228293
electricity_transfer,shape,selected,STEP8_D33,81551,MAG_ONLY,PLAIN,0.3739661151638649,0.3792910972444843,1.4039301526729497
electricity_transfer,shape,selected,STEP8_D33,81551,MAG_ONLY,C3,0.3739661151638649,0.3739908195765827,0.006605620091360009
electricity_transfer,shape,selected,STEP8_D33,81551,MAG_ONLY,DELTA_XY_BUDGET,0.3739661151638649,0.3958757749569713,5.534478535719389
electricity_transfer,shape,selected,STEP8_D33,81551,MAG_ONLY,DELTA_XY_DEFAULT,0.3739661151638649,0.3969167195580613,5.7822216256725785
electricity_transfer,shape,selected,STEP8_D33,81552,C3,B0,0.3876976065917132,0.4442196073566347,12.723886975917221
electricity_transfer,shape,selected,STEP8_D33,81552,C3,PLAIN,0.3876976065917132,0.4129331400446954,6.1112880042155755
electricity_transfer,shape,selected,STEP8_D33,81552,C3,MAG_ONLY,0.3876976065917132,0.3830002760364964,-1.2264561800914286
electricity_transfer,shape,selected,STEP8_D33,81552,C3,DELTA_XY_BUDGET,0.3876976065917132,0.4388840750660436,11.662867573089276
electricity_transfer,shape,selected,STEP8_D33,81552,C3,DELTA_XY_DEFAULT,0.3876976065917132,0.4533559796883403,14.482741165510593
electricity_transfer,shape,selected,STEP8_D33,81552,MAG_ONLY,B0,0.3830002760364964,0.4442196073566347,13.781321289357074
electricity_transfer,shape,selected,STEP8_D33,81552,MAG_ONLY,PLAIN,0.3830002760364964,0.4129331400446954,7.248840334045148
electricity_transfer,shape,selected,STEP8_D33,81552,MAG_ONLY,C3,0.3830002760364964,0.3876976065917132,1.211596480182453
electricity_transfer,shape,selected,STEP8_D33,81552,MAG_ONLY,DELTA_XY_BUDGET,0.3830002760364964,0.4388840750660436,12.733157160267838
electricity_transfer,shape,selected,STEP8_D33,81552,MAG_ONLY,DELTA_XY_DEFAULT,0.3830002760364964,0.4533559796883403,15.518865263497784
electricity_transfer,standard,fixed1024,BURST16,81551,C3,B0,0.2915701404356027,0.2882351228699941,-1.1570475979476136
electricity_transfer,standard,fixed1024,BURST16,81551,C3,PLAIN,0.2915701404356027,0.289753546446045,-0.6269445229709847
electricity_transfer,standard,fixed1024,BURST16,81551,C3,MAG_ONLY,0.2915701404356027,0.2915932374904768,0.0079209844072059
electricity_transfer,standard,fixed1024,BURST16,81551,C3,DELTA_XY_BUDGET,0.2915701404356027,0.2890039541440884,-0.8879415851296146
electricity_transfer,standard,fixed1024,BURST16,81551,C3,DELTA_XY_DEFAULT,0.2915701404356027,0.290960995407046,-0.20935624986591073
electricity_transfer,standard,fixed1024,BURST16,81551,MAG_ONLY,B0,0.2915932374904768,0.2882351228699941,-1.1650608666443851
electricity_transfer,standard,fixed1024,BURST16,81551,MAG_ONLY,PLAIN,0.2915932374904768,0.289753546446045,-0.6349157989596232
electricity_transfer,standard,fixed1024,BURST16,81551,MAG_ONLY,C3,0.2915932374904768,0.2915701404356027,-0.007921611876837709
electricity_transfer,standard,fixed1024,BURST16,81551,MAG_ONLY,DELTA_XY_BUDGET,0.2915932374904768,0.2890039541440884,-0.8959335362925147
electricity_transfer,standard,fixed1024,BURST16,81551,MAG_ONLY,DELTA_XY_DEFAULT,0.2915932374904768,0.290960995407046,-0.21729444613229898
electricity_transfer,standard,fixed1024,BURST16,81552,C3,B0,0.2809987661099664,0.28012688113424,-0.3112464509639645
electricity_transfer,standard,fixed1024,BURST16,81552,C3,PLAIN,0.2809987661099664,0.2812631075269793,0.09398367931620077
electricity_transfer,standard,fixed1024,BURST16,81552,C3,MAG_ONLY,0.2809987661099664,0.2817535305314339,0.26788108743267536
electricity_transfer,standard,fixed1024,BURST16,81552,C3,DELTA_XY_BUDGET,0.2809987661099664,0.2808334816229364,-0.05885497914093207
electricity_transfer,standard,fixed1024,BURST16,81552,C3,DELTA_XY_DEFAULT,0.2809987661099664,0.2851148000329828,1.4436409202679967
electricity_transfer,standard,fixed1024,BURST16,81552,MAG_ONLY,B0,0.2817535305314339,0.28012688113424,-0.580683078541977
electricity_transfer,standard,fixed1024,BURST16,81552,MAG_ONLY,PLAIN,0.2817535305314339,0.2812631075269793,-0.17436449762882056
electricity_transfer,standard,fixed1024,BURST16,81552,MAG_ONLY,C3,0.2817535305314339,0.2809987661099664,-0.2686006176881861
electricity_transfer,standard,fixed1024,BURST16,81552,MAG_ONLY,DELTA_XY_BUDGET,0.2817535305314339,0.2808334816229364,-0.3276136816666497
electricity_transfer,standard,fixed1024,BURST16,81552,MAG_ONLY,DELTA_XY_DEFAULT,0.2817535305314339,0.2851148000329828,1.1789179310088493
electricity_transfer,standard,fixed1024,BURST4,81551,C3,B0,0.2532273377931389,0.2536435190736931,0.1640811805774134
electricity_transfer,standard,fixed1024,BURST4,81551,C3,PLAIN,0.2532273377931389,0.25287137047172,-0.14077011595059474
electricity_transfer,standard,fixed1024,BURST4,81551,C3,MAG_ONLY,0.2532273377931389,0.2531960629596397,-0.012352022039219257
electricity_transfer,standard,fixed1024,BURST4,81551,C3,DELTA_XY_BUDGET,0.2532273377931389,0.254536747194492,0.5144284335308891
electricity_transfer,standard,fixed1024,BURST4,81551,C3,DELTA_XY_DEFAULT,0.2532273377931389,0.2576498938284508,1.7164982952628693
electricity_transfer,standard,fixed1024,BURST4,81551,MAG_ONLY,B0,0.2531960629596397,0.2536435190736931,0.17641141224009615
electricity_transfer,standard,fixed1024,BURST4,81551,MAG_ONLY,PLAIN,0.2531960629596397,0.25287137047172,-0.128402233639191
electricity_transfer,standard,fixed1024,BURST4,81551,MAG_ONLY,C3,0.2531960629596397,0.2532273377931389,0.012350496503155117
electricity_transfer,standard,fixed1024,BURST4,81551,MAG_ONLY,DELTA_XY_BUDGET,0.2531960629596397,0.254536747194492,0.5267153955683557
electricity_transfer,standard,fixed1024,BURST4,81551,MAG_ONLY,DELTA_XY_DEFAULT,0.2531960629596397,0.2576498938284508,1.728636795704086
electricity_transfer,standard,fixed1024,BURST4,81552,C3,B0,0.2492166373678278,0.2478356354815973,-0.557224905751319
electricity_transfer,standard,fixed1024,BURST4,81552,C3,PLAIN,0.2492166373678278,0.2492193806131369,0.0011007351444214386
electricity_transfer,standard,fixed1024,BURST4,81552,C3,MAG_ONLY,0.2492166373678278,0.2495082421201955,0.11687179144457271
electricity_transfer,standard,fixed1024,BURST4,81552,C3,DELTA_XY_BUDGET,0.2492166373678278,0.2492831840955073,0.02669523334314361
electricity_transfer,standard,fixed1024,BURST4,81552,C3,DELTA_XY_DEFAULT,0.2492166373678278,0.2547589415093229,2.1755091729694143
electricity_transfer,standard,fixed1024,BURST4,81552,MAG_ONLY,B0,0.2495082421201955,0.2478356354815973,-0.6748854479090571
electricity_transfer,standard,fixed1024,BURST4,81552,MAG_ONLY,PLAIN,0.2495082421201955,0.2492193806131369,-0.1159065183245156
electricity_transfer,standard,fixed1024,BURST4,81552,MAG_ONLY,C3,0.2495082421201955,0.2492166373678278,-0.11700854142306927
electricity_transfer,standard,fixed1024,BURST4,81552,MAG_ONLY,DELTA_XY_BUDGET,0.2495082421201955,0.2492831840955073,-0.09028207237677943
electricity_transfer,standard,fixed1024,BURST4,81552,MAG_ONLY,DELTA_XY_DEFAULT,0.2495082421201955,0.2547589415093229,2.061046163098157
electricity_transfer,standard,fixed1024,BURST8,81551,C3,B0,0.2671665109022366,0.2661035084090802,-0.399469552097087
electricity_transfer,standard,fixed1024,BURST8,81551,C3,PLAIN,0.2671665109022366,0.2665720367322347,-0.22300695049985997
electricity_transfer,standard,fixed1024,BURST8,81551,C3,MAG_ONLY,0.2671665109022366,0.2669796609091243,-0.06998660215389307
electricity_transfer,standard,fixed1024,BURST8,81551,C3,DELTA_XY_BUDGET,0.2671665109022366,0.2671372853256867,-0.010940283575266996
electricity_transfer,standard,fixed1024,BURST8,81551,C3,DELTA_XY_DEFAULT,0.2671665109022366,0.2702250056163742,1.131832602671723
electricity_transfer,standard,fixed1024,BURST8,81551,MAG_ONLY,B0,0.2669796609091243,0.2661035084090802,-0.3292525172938321
electricity_transfer,standard,fixed1024,BURST8,81551,MAG_ONLY,PLAIN,0.2669796609091243,0.2665720367322347,-0.1529133295024021
electricity_transfer,standard,fixed1024,BURST8,81551,MAG_ONLY,C3,0.2669796609091243,0.2671665109022366,0.06993765516541961
electricity_transfer,standard,fixed1024,BURST8,81551,MAG_ONLY,DELTA_XY_BUDGET,0.2669796609091243,0.2671372853256867,0.05900502296796173
electricity_transfer,standard,fixed1024,BURST8,81551,MAG_ONLY,DELTA_XY_DEFAULT,0.2669796609091243,0.2702250056163742,1.200978680654441
electricity_transfer,standard,fixed1024,BURST8,81552,C3,B0,0.2623504355642326,0.2613455485046665,-0.3845051370936714
electricity_transfer,standard,fixed1024,BURST8,81552,C3,PLAIN,0.2623504355642326,0.2621017483423883,-0.09488193932969402
electricity_transfer,standard,fixed1024,BURST8,81552,C3,MAG_ONLY,0.2623504355642326,0.2624223545349126,0.027405809542191406
electricity_transfer,standard,fixed1024,BURST8,81552,C3,DELTA_XY_BUDGET,0.2623504355642326,0.2626122180169198,0.09968403399659431
electricity_transfer,standard,fixed1024,BURST8,81552,C3,DELTA_XY_DEFAULT,0.2623504355642326,0.2680499729107229,2.1262965575410075
electricity_transfer,standard,fixed1024,BURST8,81552,MAG_ONLY,B0,0.2624223545349126,0.2613455485046665,-0.4120238651116104
electricity_transfer,standard,fixed1024,BURST8,81552,MAG_ONLY,PLAIN,0.2624223545349126,0.2621017483423883,-0.12232127200673126
electricity_transfer,standard,fixed1024,BURST8,81552,MAG_ONLY,C3,0.2624223545349126,0.2623504355642326,-0.027413322385116956
electricity_transfer,standard,fixed1024,BURST8,81552,MAG_ONLY,DELTA_XY_BUDGET,0.2624223545349126,0.2626122180169198,0.07229803831708681
electricity_transfer,standard,fixed1024,BURST8,81552,MAG_ONLY,DELTA_XY_DEFAULT,0.2624223545349126,0.2680499729107229,2.099466123686078
electricity_transfer,standard,fixed1024,FAULT,81551,C3,B0,0.2585535497099341,0.2580655322916659,-0.1891060049494131
electricity_transfer,standard,fixed1024,FAULT,81551,C3,PLAIN,0.2585535497099341,0.2579788972550624,-0.22275172930270593
electricity_transfer,standard,fixed1024,FAULT,81551,C3,MAG_ONLY,0.2585535497099341,0.2584761173877589,-0.02995724438983327
electricity_transfer,standard,fixed1024,FAULT,81551,C3,DELTA_XY_BUDGET,0.2585535497099341,0.2589483947959249,0.15248022151362894
electricity_transfer,standard,fixed1024,FAULT,81551,C3,DELTA_XY_DEFAULT,0.2585535497099341,0.2617815756155967,1.2330989673630222
electricity_transfer,standard,fixed1024,FAULT,81551,MAG_ONLY,B0,0.2584761173877589,0.2580655322916659,-0.1591010982547436
electricity_transfer,standard,fixed1024,FAULT,81551,MAG_ONLY,PLAIN,0.2584761173877589,0.2579788972550624,-0.19273674629474158
electricity_transfer,standard,fixed1024,FAULT,81551,MAG_ONLY,C3,0.2584761173877589,0.2585535497099341,0.02994827271258771
electricity_transfer,standard,fixed1024,FAULT,81551,MAG_ONLY,DELTA_XY_BUDGET,0.2584761173877589,0.2589483947959249,0.1823828290336449
electricity_transfer,standard,fixed1024,FAULT,81551,MAG_ONLY,DELTA_XY_DEFAULT,0.2584761173877589,0.2617815756155967,1.2626779482340478
electricity_transfer,standard,fixed1024,FAULT,81552,C3,B0,0.2531459040830885,0.2523547087307067,-0.3135250997936101
electricity_transfer,standard,fixed1024,FAULT,81552,C3,PLAIN,0.2531459040830885,0.2532481199455417,0.040361943249633825
electricity_transfer,standard,fixed1024,FAULT,81552,C3,MAG_ONLY,0.2531459040830885,0.2535024801179349,0.14065978158498416
electricity_transfer,standard,fixed1024,FAULT,81552,C3,DELTA_XY_BUDGET,0.2531459040830885,0.2535523467952965,0.16029932964339855
electricity_transfer,standard,fixed1024,FAULT,81552,C3,DELTA_XY_DEFAULT,0.2531459040830885,0.2586968233977885,2.1457238020138103
electricity_transfer,standard,fixed1024,FAULT,81552,MAG_ONLY,B0,0.2535024801179349,0.2523547087307067,-0.4548246367191977
electricity_transfer,standard,fixed1024,FAULT,81552,MAG_ONLY,PLAIN,0.2535024801179349,0.2532481199455417,-0.10043911577621856
electricity_transfer,standard,fixed1024,FAULT,81552,MAG_ONLY,C3,0.2535024801179349,0.2531459040830885,-0.14085791201636777
electricity_transfer,standard,fixed1024,FAULT,81552,MAG_ONLY,DELTA_XY_BUDGET,0.2535024801179349,0.2535523467952965,0.0196672119157415
electricity_transfer,standard,fixed1024,FAULT,81552,MAG_ONLY,DELTA_XY_DEFAULT,0.2535024801179349,0.2586968233977885,2.0078883117425894
electricity_transfer,standard,fixed1024,POINT16,81551,C3,B0,0.2495047750413435,0.2493060607142475,-0.07970697805208538
electricity_transfer,standard,fixed1024,POINT16,81551,C3,PLAIN,0.2495047750413435,0.2490559383973087,-0.1802151945956787
electricity_transfer,standard,fixed1024,POINT16,81551,C3,MAG_ONLY,0.2495047750413435,0.2494017149350667,-0.04132293408793952
electricity_transfer,standard,fixed1024,POINT16,81551,C3,DELTA_XY_BUDGET,0.2495047750413435,0.2502251236682404,0.28788021615766546
electricity_transfer,standard,fixed1024,POINT16,81551,C3,DELTA_XY_DEFAULT,0.2495047750413435,0.2530487914138706,1.4005268915632696
electricity_transfer,standard,fixed1024,POINT16,81551,MAG_ONLY,B0,0.2494017149350667,0.2493060607142475,-0.03836818910265549
electricity_transfer,standard,fixed1024,POINT16,81551,MAG_ONLY,PLAIN,0.2494017149350667,0.2490559383973087,-0.13883488985770853
electricity_transfer,standard,fixed1024,POINT16,81551,MAG_ONLY,C3,0.2494017149350667,0.2495047750413435,0.041305865292451394
electricity_transfer,standard,fixed1024,POINT16,81551,MAG_ONLY,DELTA_XY_BUDGET,0.2494017149350667,0.2502251236682404,0.32906717003582386
electricity_transfer,standard,fixed1024,POINT16,81551,MAG_ONLY,DELTA_XY_DEFAULT,0.2494017149350667,0.2530487914138706,1.4412542571045073
electricity_transfer,standard,fixed1024,POINT16,81552,C3,B0,0.2448015347939778,0.2449191853356053,0.048036474344104185
electricity_transfer,standard,fixed1024,POINT16,81552,C3,PLAIN,0.2448015347939778,0.2451390352373326,0.1376771524894238
electricity_transfer,standard,fixed1024,POINT16,81552,C3,MAG_ONLY,0.2448015347939778,0.245217111138121,0.16947281623799215
electricity_transfer,standard,fixed1024,POINT16,81552,C3,DELTA_XY_BUDGET,0.2448015347939778,0.2461148700609644,0.5336269469054411
electricity_transfer,standard,fixed1024,POINT16,81552,C3,DELTA_XY_DEFAULT,0.2448015347939778,0.2508631101774982,2.4162880621353744
electricity_transfer,standard,fixed1024,POINT16,81552,MAG_ONLY,B0,0.245217111138121,0.2449191853356053,-0.12164249285226969
electricity_transfer,standard,fixed1024,POINT16,81552,MAG_ONLY,PLAIN,0.245217111138121,0.2451390352373326,-0.03184964023081882
electricity_transfer,standard,fixed1024,POINT16,81552,MAG_ONLY,C3,0.245217111138121,0.2448015347939778,-0.16976051416219828
electricity_transfer,standard,fixed1024,POINT16,81552,MAG_ONLY,DELTA_XY_BUDGET,0.245217111138121,0.2461148700609644,0.3647723205920217
electricity_transfer,standard,fixed1024,POINT16,81552,MAG_ONLY,DELTA_XY_DEFAULT,0.245217111138121,0.2508631101774982,2.250629451011088
electricity_transfer,standard,fixed1024,POINT4,81551,C3,B0,0.2437151659554896,0.2444843806904366,0.3146273527882215
electricity_transfer,standard,fixed1024,POINT4,81551,C3,PLAIN,0.2437151659554896,0.2436620116684905,-0.02181476161799978
electricity_transfer,standard,fixed1024,POINT4,81551,C3,MAG_ONLY,0.2437151659554896,0.2436311273602374,-0.03449419463052994
electricity_transfer,standard,fixed1024,POINT4,81551,C3,DELTA_XY_BUDGET,0.2437151659554896,0.2452788342258803,0.6375064017756671
electricity_transfer,standard,fixed1024,POINT4,81551,C3,DELTA_XY_DEFAULT,0.2437151659554896,0.2483969958082421,1.8848174220137515
electricity_transfer,standard,fixed1024,POINT4,81551,MAG_ONLY,B0,0.2436311273602374,0.2444843806904366,0.3490011622785727
electricity_transfer,standard,fixed1024,POINT4,81551,MAG_ONLY,PLAIN,0.2436311273602374,0.2436620116684905,0.01267506085237402
electricity_transfer,standard,fixed1024,POINT4,81551,MAG_ONLY,C3,0.2436311273602374,0.2437151659554896,0.034482300238769525
electricity_transfer,standard,fixed1024,POINT4,81551,MAG_ONLY,DELTA_XY_BUDGET,0.2436311273602374,0.2452788342258803,0.6717688751429307
electricity_transfer,standard,fixed1024,POINT4,81551,MAG_ONLY,DELTA_XY_DEFAULT,0.2436311273602374,0.2483969958082421,1.9186497938501024
electricity_transfer,standard,fixed1024,POINT4,81552,C3,B0,0.2396756242665875,0.238745222801268,-0.38970474650878995
electricity_transfer,standard,fixed1024,POINT4,81552,C3,PLAIN,0.2396756242665875,0.2397705079368262,0.039572702687729056
electricity_transfer,standard,fixed1024,POINT4,81552,C3,MAG_ONLY,0.2396756242665875,0.2399698594780991,0.12261340326302772
electricity_transfer,standard,fixed1024,POINT4,81552,C3,DELTA_XY_BUDGET,0.2396756242665875,0.2400720759960946,0.1651386267487176
electricity_transfer,standard,fixed1024,POINT4,81552,C3,DELTA_XY_DEFAULT,0.2396756242665875,0.2456054487487356,2.414370085174511
electricity_transfer,standard,fixed1024,POINT4,81552,MAG_ONLY,B0,0.2399698594780991,0.238745222801268,-0.5129470916578116
electricity_transfer,standard,fixed1024,POINT4,81552,MAG_ONLY,PLAIN,0.2399698594780991,0.2397705079368262,-0.0831426446014083
electricity_transfer,standard,fixed1024,POINT4,81552,MAG_ONLY,C3,0.2399698594780991,0.2396756242665875,-0.12276392829349003
electricity_transfer,standard,fixed1024,POINT4,81552,MAG_ONLY,DELTA_XY_BUDGET,0.2399698594780991,0.2400720759960946,0.042577429120560506
electricity_transfer,standard,fixed1024,POINT4,81552,MAG_ONLY,DELTA_XY_DEFAULT,0.2399698594780991,0.2456054487487356,2.2945701324411316
electricity_transfer,standard,fixed1024,POINT8,81551,C3,B0,0.2461373681317935,0.2466206019925441,0.19594221117229527
electricity_transfer,standard,fixed1024,POINT8,81551,C3,PLAIN,0.2461373681317935,0.2459584798145752,-0.07273110378351877
electricity_transfer,standard,fixed1024,POINT8,81551,C3,MAG_ONLY,0.2461373681317935,0.2460549006720084,-0.033515877781686854
electricity_transfer,standard,fixed1024,POINT8,81551,C3,DELTA_XY_BUDGET,0.2461373681317935,0.2475084242171619,0.5539431999960764
electricity_transfer,standard,fixed1024,POINT8,81551,C3,DELTA_XY_DEFAULT,0.2461373681317935,0.2504077716195964,1.7053797732325182
electricity_transfer,standard,fixed1024,POINT8,81551,MAG_ONLY,B0,0.2460549006720084,0.2466206019925441,0.2293812098280501
electricity_transfer,standard,fixed1024,POINT8,81551,MAG_ONLY,PLAIN,0.2460549006720084,0.2459584798145752,-0.03920208707821615
electricity_transfer,standard,fixed1024,POINT8,81551,MAG_ONLY,C3,0.2460549006720084,0.2461373681317935,0.033504648404680815
electricity_transfer,standard,fixed1024,POINT8,81551,MAG_ONLY,DELTA_XY_BUDGET,0.2460549006720084,0.2475084242171619,0.5872622516792436
electricity_transfer,standard,fixed1024,POINT8,81551,MAG_ONLY,DELTA_XY_DEFAULT,0.2460549006720084,0.2504077716195964,1.738313040140227
electricity_transfer,standard,fixed1024,POINT8,81552,C3,B0,0.241832426395939,0.2411557791268626,-0.2805851352707833
electricity_transfer,standard,fixed1024,POINT8,81552,C3,PLAIN,0.241832426395939,0.241994940016587,0.0671557928594968
electricity_transfer,standard,fixed1024,POINT8,81552,C3,MAG_ONLY,0.241832426395939,0.2421437829048473,0.12858331738819784
electricity_transfer,standard,fixed1024,POINT8,81552,C3,DELTA_XY_BUDGET,0.241832426395939,0.2423982509793567,0.23342766753952082
electricity_transfer,standard,fixed1024,POINT8,81552,C3,DELTA_XY_DEFAULT,0.241832426395939,0.2477886670074682,2.403758284615054
electricity_transfer,standard,fixed1024,POINT8,81552,MAG_ONLY,B0,0.2421437829048473,0.2411557791268626,-0.40969525240568405
electricity_transfer,standard,fixed1024,POINT8,81552,MAG_ONLY,PLAIN,0.2421437829048473,0.241994940016587,-0.06150661177051209
electricity_transfer,standard,fixed1024,POINT8,81552,MAG_ONLY,C3,0.2421437829048473,0.241832426395939,-0.12874886695242171
electricity_transfer,standard,fixed1024,POINT8,81552,MAG_ONLY,DELTA_XY_BUDGET,0.2421437829048473,0.2423982509793567,0.10497933606420373
electricity_transfer,standard,fixed1024,POINT8,81552,MAG_ONLY,DELTA_XY_DEFAULT,0.2421437829048473,0.2477886670074682,2.2781042292183473
electricity_transfer,standard,fixed1024,REFERENCE,81551,C3,B0,0.2419340382410044,0.2424920301752771,0.2301073292468092
electricity_transfer,standard,fixed1024,REFERENCE,81551,C3,PLAIN,0.2419340382410044,0.2418181667237152,-0.04791679585496311
electricity_transfer,standard,fixed1024,REFERENCE,81551,C3,MAG_ONLY,0.2419340382410044,0.2418580542681091,-0.03141676349180944
electricity_transfer,standard,fixed1024,REFERENCE,81551,C3,DELTA_XY_BUDGET,0.2419340382410044,0.2434914848449932,0.6396308293820874
electricity_transfer,standard,fixed1024,REFERENCE,81551,C3,DELTA_XY_DEFAULT,0.2419340382410044,0.246934911926056,2.0251788805582427
electricity_transfer,standard,fixed1024,REFERENCE,81551,MAG_ONLY,B0,0.2418580542681091,0.2424920301752771,0.2614419561375869
electricity_transfer,standard,fixed1024,REFERENCE,81551,MAG_ONLY,PLAIN,0.2418580542681091,0.2418181667237152,-0.01649485021506525
electricity_transfer,standard,fixed1024,REFERENCE,81551,MAG_ONLY,C3,0.2418580542681091,0.2419340382410044,0.0314068964614278
electricity_transfer,standard,fixed1024,REFERENCE,81551,MAG_ONLY,DELTA_XY_BUDGET,0.2418580542681091,0.2434914848449932,0.6708368376511897
electricity_transfer,standard,fixed1024,REFERENCE,81551,MAG_ONLY,DELTA_XY_DEFAULT,0.2418580542681091,0.246934911926056,2.0559497311854913
electricity_transfer,standard,fixed1024,REFERENCE,81552,C3,B0,0.2382763829042861,0.2372200444536495,-0.4452989851972733
electricity_transfer,standard,fixed1024,REFERENCE,81552,C3,PLAIN,0.2382763829042861,0.238248960361335,-0.011510036773931809
electricity_transfer,standard,fixed1024,REFERENCE,81552,C3,MAG_ONLY,0.2382763829042861,0.2385599958631951,0.11888538054454223
electricity_transfer,standard,fixed1024,REFERENCE,81552,C3,DELTA_XY_BUDGET,0.2382763829042861,0.2385588840816945,0.11841989389573815
electricity_transfer,standard,fixed1024,REFERENCE,81552,C3,DELTA_XY_DEFAULT,0.2382763829042861,0.2442618884518441,2.450445947787727
electricity_transfer,standard,fixed1024,REFERENCE,81552,MAG_ONLY,B0,0.2385599958631951,0.2372200444536495,-0.5648558968242678
electricity_transfer,standard,fixed1024,REFERENCE,81552,MAG_ONLY,PLAIN,0.2385599958631951,0.238248960361335,-0.13055062292333108
electricity_transfer,standard,fixed1024,REFERENCE,81552,MAG_ONLY,C3,0.2385599958631951,0.2382763829042861,-0.11902688611105106
electricity_transfer,standard,fixed1024,REFERENCE,81552,MAG_ONLY,DELTA_XY_BUDGET,0.2385599958631951,0.2385588840816945,-0.0004660407030510072
electricity_transfer,standard,fixed1024,REFERENCE,81552,MAG_ONLY,DELTA_XY_DEFAULT,0.2385599958631951,0.2442618884518441,2.334335751184169
electricity_transfer,standard,fixed1024,SHIFT4,81551,C3,B0,0.317885939368119,0.3315112958589357,4.110073068706099
electricity_transfer,standard,fixed1024,SHIFT4,81551,C3,PLAIN,0.317885939368119,0.3207182579876507,0.8831173620432842
electricity_transfer,standard,fixed1024,SHIFT4,81551,C3,MAG_ONLY,0.317885939368119,0.3177333915884093,-0.04801125212150481
electricity_transfer,standard,fixed1024,SHIFT4,81551,C3,DELTA_XY_BUDGET,0.317885939368119,0.3295111928196059,3.528029913645836
electricity_transfer,standard,fixed1024,SHIFT4,81551,C3,DELTA_XY_DEFAULT,0.317885939368119,0.3285999533166256,3.2605037950760307
electricity_transfer,standard,fixed1024,SHIFT4,81551,MAG_ONLY,B0,0.3177333915884093,0.3315112958589357,4.156088930492774
electricity_transfer,standard,fixed1024,SHIFT4,81551,MAG_ONLY,PLAIN,0.3177333915884093,0.3207182579876507,0.930681782187881
electricity_transfer,standard,fixed1024,SHIFT4,81551,MAG_ONLY,C3,0.3177333915884093,0.317885939368119,0.047988212379856954
electricity_transfer,standard,fixed1024,SHIFT4,81551,MAG_ONLY,DELTA_XY_BUDGET,0.3177333915884093,0.3295111928196059,3.5743250875379107
electricity_transfer,standard,fixed1024,SHIFT4,81551,MAG_ONLY,DELTA_XY_DEFAULT,0.3177333915884093,0.3285999533166256,3.306927349970057
electricity_transfer,standard,fixed1024,SHIFT4,81552,C3,B0,0.3160353869311966,0.3213868037812113,1.6651016118439554
electricity_transfer,standard,fixed1024,SHIFT4,81552,C3,PLAIN,0.3160353869311966,0.3181506244631231,0.6648541191757618
electricity_transfer,standard,fixed1024,SHIFT4,81552,C3,MAG_ONLY,0.3160353869311966,0.3155145238964078,-0.165083695151802
electricity_transfer,standard,fixed1024,SHIFT4,81552,C3,DELTA_XY_BUDGET,0.3160353869311966,0.3208355578186456,1.4961467862493971
electricity_transfer,standard,fixed1024,SHIFT4,81552,C3,DELTA_XY_DEFAULT,0.3160353869311966,0.3241054687551738,2.489955462637783
electricity_transfer,standard,fixed1024,SHIFT4,81552,MAG_ONLY,B0,0.3155145238964078,0.3213868037812113,1.8271689489781195
electricity_transfer,standard,fixed1024,SHIFT4,81552,MAG_ONLY,PLAIN,0.3155145238964078,0.3181506244631231,0.8285699803870283
electricity_transfer,standard,fixed1024,SHIFT4,81552,MAG_ONLY,C3,0.3155145238964078,0.3160353869311966,0.16481161804270394
electricity_transfer,standard,fixed1024,SHIFT4,81552,MAG_ONLY,DELTA_XY_BUDGET,0.3155145238964078,0.3208355578186456,1.658492580565385
electricity_transfer,standard,fixed1024,SHIFT4,81552,MAG_ONLY,DELTA_XY_DEFAULT,0.3155145238964078,0.3241054687551738,2.6506633447939687
electricity_transfer,standard,fixed1024,SHIFT8,81551,C3,B0,0.360663576342549,0.384324615926422,6.156524615743808
electricity_transfer,standard,fixed1024,SHIFT8,81551,C3,PLAIN,0.360663576342549,0.3748285300701823,3.7790489760694324
electricity_transfer,standard,fixed1024,SHIFT8,81551,C3,MAG_ONLY,0.360663576342549,0.3606423513591418,-0.005885327479471236
electricity_transfer,standard,fixed1024,SHIFT8,81551,C3,DELTA_XY_BUDGET,0.360663576342549,0.3815904138564151,5.484109860721109
electricity_transfer,standard,fixed1024,SHIFT8,81551,C3,DELTA_XY_DEFAULT,0.360663576342549,0.3871507643077315,6.841569333472597
electricity_transfer,standard,fixed1024,SHIFT8,81551,MAG_ONLY,B0,0.3606423513591418,0.384324615926422,6.162047286561023
electricity_transfer,standard,fixed1024,SHIFT8,81551,MAG_ONLY,PLAIN,0.3606423513591418,0.3748285300701823,3.7847115608793946
electricity_transfer,standard,fixed1024,SHIFT8,81551,MAG_ONLY,C3,0.3606423513591418,0.360663576342549,0.005884981129067324
electricity_transfer,standard,fixed1024,SHIFT8,81551,MAG_ONLY,DELTA_XY_BUDGET,0.3606423513591418,0.3815904138564151,5.489672103019771
electricity_transfer,standard,fixed1024,SHIFT8,81551,MAG_ONLY,DELTA_XY_DEFAULT,0.3606423513591418,0.3871507643077315,6.847051689537453
electricity_transfer,standard,fixed1024,SHIFT8,81552,C3,B0,0.3700370067820493,0.4151991933463959,10.877233696036658
electricity_transfer,standard,fixed1024,SHIFT8,81552,C3,PLAIN,0.3700370067820493,0.3898628858890928,5.085346624321529
electricity_transfer,standard,fixed1024,SHIFT8,81552,C3,MAG_ONLY,0.3700370067820493,0.3690127420809882,-0.27756892493329133
electricity_transfer,standard,fixed1024,SHIFT8,81552,C3,DELTA_XY_BUDGET,0.3700370067820493,0.4107511651236855,9.91212242316496
electricity_transfer,standard,fixed1024,SHIFT8,81552,C3,DELTA_XY_DEFAULT,0.3700370067820493,0.4141222719174403,10.645470703922877
electricity_transfer,standard,fixed1024,SHIFT8,81552,MAG_ONLY,B0,0.3690127420809882,0.4151991933463959,11.123926058997624
electricity_transfer,standard,fixed1024,SHIFT8,81552,MAG_ONLY,PLAIN,0.3690127420809882,0.3898628858890928,5.34807096616936
electricity_transfer,standard,fixed1024,SHIFT8,81552,MAG_ONLY,C3,0.3690127420809882,0.3700370067820493,0.2768006124491129
electricity_transfer,standard,fixed1024,SHIFT8,81552,MAG_ONLY,DELTA_XY_BUDGET,0.3690127420809882,0.4107511651236855,10.16148622004005
electricity_transfer,standard,fixed1024,SHIFT8,81552,MAG_ONLY,DELTA_XY_DEFAULT,0.3690127420809882,0.4141222719174403,10.892804588265449
electricity_transfer,standard,fixed1024,SHIFT_POINT,81551,C3,B0,0.3343680757312073,0.3491444549705539,4.232167811627663
electricity_transfer,standard,fixed1024,SHIFT_POINT,81551,C3,PLAIN,0.3343680757312073,0.3386978484057568,1.2783584823256589
electricity_transfer,standard,fixed1024,SHIFT_POINT,81551,C3,MAG_ONLY,0.3343680757312073,0.3345875100986817,0.06558355014796291
electricity_transfer,standard,fixed1024,SHIFT_POINT,81551,C3,DELTA_XY_BUDGET,0.3343680757312073,0.3464930147111251,3.499331433860642
electricity_transfer,standard,fixed1024,SHIFT_POINT,81551,C3,DELTA_XY_DEFAULT,0.3343680757312073,0.348764807958499,4.127919990426565
electricity_transfer,standard,fixed1024,SHIFT_POINT,81551,MAG_ONLY,B0,0.3345875100986817,0.3491444549705539,4.169318648666465
electricity_transfer,standard,fixed1024,SHIFT_POINT,81551,MAG_ONLY,PLAIN,0.3345875100986817,0.3386978484057568,1.2135708350148544
electricity_transfer,standard,fixed1024,SHIFT_POINT,81551,MAG_ONLY,C3,0.3345875100986817,0.3343680757312073,-0.06562659039579533
electricity_transfer,standard,fixed1024,SHIFT_POINT,81551,MAG_ONLY,DELTA_XY_BUDGET,0.3345875100986817,0.3464930147111251,3.4360013353715413
electricity_transfer,standard,fixed1024,SHIFT_POINT,81551,MAG_ONLY,DELTA_XY_DEFAULT,0.3345875100986817,0.348764807958499,4.065002413174756
electricity_transfer,standard,fixed1024,SHIFT_POINT,81552,C3,B0,0.3312050298922717,0.3364809506941514,1.5679701305514104
electricity_transfer,standard,fixed1024,SHIFT_POINT,81552,C3,PLAIN,0.3312050298922717,0.3337344386146224,0.7579106108589251
electricity_transfer,standard,fixed1024,SHIFT_POINT,81552,C3,MAG_ONLY,0.3312050298922717,0.3305077151604416,-0.21098289082044364
electricity_transfer,standard,fixed1024,SHIFT_POINT,81552,C3,DELTA_XY_BUDGET,0.3312050298922717,0.3357965289263371,1.367345591315694
electricity_transfer,standard,fixed1024,SHIFT_POINT,81552,C3,DELTA_XY_DEFAULT,0.3312050298922717,0.3405544652032983,2.745356841950475
electricity_transfer,standard,fixed1024,SHIFT_POINT,81552,MAG_ONLY,B0,0.3305077151604416,0.3364809506941514,1.7752076369812908
electricity_transfer,standard,fixed1024,SHIFT_POINT,81552,MAG_ONLY,PLAIN,0.3305077151604416,0.3337344386146224,0.9668536059914468
electricity_transfer,standard,fixed1024,SHIFT_POINT,81552,MAG_ONLY,C3,0.3305077151604416,0.3312050298922717,0.21053869020555283
electricity_transfer,standard,fixed1024,SHIFT_POINT,81552,MAG_ONLY,DELTA_XY_BUDGET,0.3305077151604416,0.3357965289263371,1.5750054900227184
electricity_transfer,standard,fixed1024,SHIFT_POINT,81552,MAG_ONLY,DELTA_XY_DEFAULT,0.3305077151604416,0.3405544652032983,2.950115493819516
electricity_transfer,standard,selected,BURST16,81551,C3,B0,0.2900267649792482,0.2882351228699941,-0.6215904888392743
electricity_transfer,standard,selected,BURST16,81551,C3,PLAIN,0.2900267649792482,0.2887374647749418,-0.44653027805428014
electricity_transfer,standard,selected,BURST16,81551,C3,MAG_ONLY,0.2900267649792482,0.2899339130373352,-0.03202520910379203
electricity_transfer,standard,selected,BURST16,81551,C3,DELTA_XY_BUDGET,0.2900267649792482,0.2893143038225613,-0.24625853173296797
electricity_transfer,standard,selected,BURST16,81551,C3,DELTA_XY_DEFAULT,0.2900267649792482,0.2886123473402623,-0.4900752348333537
electricity_transfer,standard,selected,BURST16,81551,MAG_ONLY,B0,0.2899339130373352,0.2882351228699941,-0.5893765306691279
electricity_transfer,standard,selected,BURST16,81551,MAG_ONLY,PLAIN,0.2899339130373352,0.2887374647749418,-0.4143723653340148
electricity_transfer,standard,selected,BURST16,81551,MAG_ONLY,C3,0.2899339130373352,0.2900267649792482,0.03201495624710615
electricity_transfer,standard,selected,BURST16,81551,MAG_ONLY,DELTA_XY_BUDGET,0.2899339130373352,0.2893143038225613,-0.21416473592466012
electricity_transfer,standard,selected,BURST16,81551,MAG_ONLY,DELTA_XY_DEFAULT,0.2899339130373352,0.2886123473402623,-0.457903381214253
electricity_transfer,standard,selected,BURST16,81552,C3,B0,0.2800504169093277,0.28012688113424,0.027296282528366245
electricity_transfer,standard,selected,BURST16,81552,C3,PLAIN,0.2800504169093277,0.2812631075269793,0.4311587923187865
electricity_transfer,standard,selected,BURST16,81552,C3,MAG_ONLY,0.2800504169093277,0.2806710298765393,0.22111757222845752
electricity_transfer,standard,selected,BURST16,81552,C3,DELTA_XY_BUDGET,0.2800504169093277,0.2808334816229364,0.27883595256641414
electricity_transfer,standard,selected,BURST16,81552,C3,DELTA_XY_DEFAULT,0.2800504169093277,0.2851148000329828,1.7762610439967408
electricity_transfer,standard,selected,BURST16,81552,MAG_ONLY,B0,0.2806710298765393,0.28012688113424,-0.1942508123804476
electricity_transfer,standard,selected,BURST16,81552,MAG_ONLY,PLAIN,0.2806710298765393,0.2812631075269793,0.2105066873668182
electricity_transfer,standard,selected,BURST16,81552,MAG_ONLY,C3,0.2806710298765393,0.2800504169093277,-0.2216075855414834
electricity_transfer,standard,selected,BURST16,81552,MAG_ONLY,DELTA_XY_BUDGET,0.2806710298765393,0.2808334816229364,0.05784628864703434
electricity_transfer,standard,selected,BURST16,81552,MAG_ONLY,DELTA_XY_DEFAULT,0.2806710298765393,0.2851148000329828,1.5585897876677857
electricity_transfer,standard,selected,BURST4,81551,C3,B0,0.2532438590270134,0.2536435190736931,0.15756761621161797
electricity_transfer,standard,selected,BURST4,81551,C3,PLAIN,0.2532438590270134,0.2526863283395181,-0.2206414138663515
electricity_transfer,standard,selected,BURST4,81551,C3,MAG_ONLY,0.2532438590270134,0.2531831315456638,-0.023985595319442332
electricity_transfer,standard,selected,BURST4,81551,C3,DELTA_XY_BUDGET,0.2532438590270134,0.2549162572750943,0.6560579015076784
electricity_transfer,standard,selected,BURST4,81551,C3,DELTA_XY_DEFAULT,0.2532438590270134,0.2545324986501696,0.5062770490959156
electricity_transfer,standard,selected,BURST4,81551,MAG_ONLY,B0,0.2531831315456638,0.2536435190736931,0.18150967535485174
electricity_transfer,standard,selected,BURST4,81551,MAG_ONLY,PLAIN,0.2531831315456638,0.2526863283395181,-0.19660866078918815
electricity_transfer,standard,selected,BURST4,81551,MAG_ONLY,C3,0.2531831315456638,0.2532438590270134,0.023979843611188212
electricity_transfer,standard,selected,BURST4,81551,MAG_ONLY,DELTA_XY_BUDGET,0.2531831315456638,0.2549162572750943,0.6798804234600886
electricity_transfer,standard,selected,BURST4,81551,MAG_ONLY,DELTA_XY_DEFAULT,0.2531831315456638,0.2545324986501696,0.5301354882624842
electricity_transfer,standard,selected,BURST4,81552,C3,B0,0.2493430623085505,0.2478356354815973,-0.608236512890481
electricity_transfer,standard,selected,BURST4,81552,C3,PLAIN,0.2493430623085505,0.2492193806131369,-0.04962763935505432
electricity_transfer,standard,selected,BURST4,81552,C3,MAG_ONLY,0.2493430623085505,0.2496181856273826,0.11021765827703423
electricity_transfer,standard,selected,BURST4,81552,C3,DELTA_XY_BUDGET,0.2493430623085505,0.2492831840955073,-0.024020157340531867
electricity_transfer,standard,selected,BURST4,81552,C3,DELTA_XY_DEFAULT,0.2493430623085505,0.2547589415093229,2.125883852667121
electricity_transfer,standard,selected,BURST4,81552,MAG_ONLY,B0,0.2496181856273826,0.2478356354815973,-0.719246908267035
electricity_transfer,standard,selected,BURST4,81552,MAG_ONLY,PLAIN,0.2496181856273826,0.2492193806131369,-0.16002166976925025
electricity_transfer,standard,selected,BURST4,81552,MAG_ONLY,C3,0.2496181856273826,0.2493430623085505,-0.1103392716383933
electricity_transfer,standard,selected,BURST4,81552,MAG_ONLY,DELTA_XY_BUDGET,0.2496181856273826,0.2492831840955073,-0.1343859326455643
electricity_transfer,standard,selected,BURST4,81552,MAG_ONLY,DELTA_XY_DEFAULT,0.2496181856273826,0.2547589415093229,2.0178902657876474
electricity_transfer,standard,selected,BURST8,81551,C3,B0,0.2668069481144237,0.2661035084090802,-0.2643481514201129
electricity_transfer,standard,selected,BURST8,81551,C3,PLAIN,0.2668069481144237,0.2665484044990426,-0.09699687224427045
electricity_transfer,standard,selected,BURST8,81551,C3,MAG_ONLY,0.2668069481144237,0.2666645637396043,-0.053394561625519366
electricity_transfer,standard,selected,BURST8,81551,C3,DELTA_XY_BUDGET,0.2668069481144237,0.2675562277093122,0.2800456566843912
electricity_transfer,standard,selected,BURST8,81551,C3,DELTA_XY_DEFAULT,0.2668069481144237,0.2672978509576653,0.18365386832809305
electricity_transfer,standard,selected,BURST8,81551,MAG_ONLY,B0,0.2666645637396043,0.2661035084090802,-0.21084101216042317
electricity_transfer,standard,selected,BURST8,81551,MAG_ONLY,PLAIN,0.2666645637396043,0.2665484044990426,-0.04357904178042826
electricity_transfer,standard,selected,BURST8,81551,MAG_ONLY,C3,0.2666645637396043,0.2668069481144237,0.05336606704797742
electricity_transfer,standard,selected,BURST8,81551,MAG_ONLY,DELTA_XY_BUDGET,0.2666645637396043,0.2675562277093122,0.3332622743794533
electricity_transfer,standard,selected,BURST8,81551,MAG_ONLY,DELTA_XY_DEFAULT,0.2666645637396043,0.2672978509576653,0.23692192652955413
electricity_transfer,standard,selected,BURST8,81552,C3,B0,0.2622082720721638,0.2613455485046665,-0.3301083842573549
electricity_transfer,standard,selected,BURST8,81552,C3,PLAIN,0.2622082720721638,0.2621017483423883,-0.04064212865773076
electricity_transfer,standard,selected,BURST8,81552,C3,MAG_ONLY,0.2622082720721638,0.2623571639017116,0.05675157763315175
electricity_transfer,standard,selected,BURST8,81552,C3,DELTA_XY_BUDGET,0.2622082720721638,0.2626122180169198,0.1538184124890929
electricity_transfer,standard,selected,BURST8,81552,C3,DELTA_XY_DEFAULT,0.2622082720721638,0.2680499729107229,2.1793327472205193
electricity_transfer,standard,selected,BURST8,81552,MAG_ONLY,B0,0.2623571639017116,0.2613455485046665,-0.387079635690446
electricity_transfer,standard,selected,BURST8,81552,MAG_ONLY,PLAIN,0.2623571639017116,0.2621017483423883,-0.09744901014152596
electricity_transfer,standard,selected,BURST8,81552,MAG_ONLY,C3,0.2623571639017116,0.2622082720721638,-0.05678380333737909
electricity_transfer,standard,selected,BURST8,81552,MAG_ONLY,DELTA_XY_BUDGET,0.2623571639017116,0.2626122180169198,0.09712195309655725
electricity_transfer,standard,selected,BURST8,81552,MAG_ONLY,DELTA_XY_DEFAULT,0.2623571639017116,0.2680499729107229,2.123786451904386
electricity_transfer,standard,selected,FAULT,81551,C3,B0,0.2582100309458722,0.2580655322916659,-0.055993008025168045
electricity_transfer,standard,selected,FAULT,81551,C3,PLAIN,0.2582100309458722,0.2576069182566289,-0.23412130905680062
electricity_transfer,standard,selected,FAULT,81551,C3,MAG_ONLY,0.2582100309458722,0.2581277463982322,-0.0318774516835596
electricity_transfer,standard,selected,FAULT,81551,C3,DELTA_XY_BUDGET,0.2582100309458722,0.2592967610915059,0.4191067181322006
electricity_transfer,standard,selected,FAULT,81551,C3,DELTA_XY_DEFAULT,0.2582100309458722,0.2588966872220379,0.26522404884107287
electricity_transfer,standard,selected,FAULT,81551,MAG_ONLY,B0,0.2581277463982322,0.2580655322916659,-0.02410787136657433
electricity_transfer,standard,selected,FAULT,81551,MAG_ONLY,PLAIN,0.2581277463982322,0.2576069182566289,-0.20217940773021859
electricity_transfer,standard,selected,FAULT,81551,MAG_ONLY,C3,0.2581277463982322,0.2582100309458722,0.03186729320256987
electricity_transfer,standard,selected,FAULT,81551,MAG_ONLY,DELTA_XY_BUDGET,0.2581277463982322,0.2592967610915059,0.4508404533680732
electricity_transfer,standard,selected,FAULT,81551,MAG_ONLY,DELTA_XY_DEFAULT,0.2581277463982322,0.2588966872220379,0.2970068223183575
electricity_transfer,standard,selected,FAULT,81552,C3,B0,0.2530274228709959,0.2523547087307067,-0.26657483178056385
electricity_transfer,standard,selected,FAULT,81552,C3,PLAIN,0.2530274228709959,0.2532481199455417,0.08714657964421502
electricity_transfer,standard,selected,FAULT,81552,C3,MAG_ONLY,0.2530274228709959,0.253326539975278,0.11807570746882323
electricity_transfer,standard,selected,FAULT,81552,C3,DELTA_XY_BUDGET,0.2530274228709959,0.2535523467952965,0.20702783111070655
electricity_transfer,standard,selected,FAULT,81552,C3,DELTA_XY_DEFAULT,0.2530274228709959,0.2586968233977885,2.1915230547979947
electricity_transfer,standard,selected,FAULT,81552,MAG_ONLY,B0,0.253326539975278,0.2523547087307067,-0.38510525500372594
electricity_transfer,standard,selected,FAULT,81552,MAG_ONLY,PLAIN,0.253326539975278,0.2532481199455417,-0.0309656907830691
electricity_transfer,standard,selected,FAULT,81552,MAG_ONLY,C3,0.253326539975278,0.2530274228709959,-0.11821529101001538
electricity_transfer,standard,selected,FAULT,81552,MAG_ONLY,DELTA_XY_BUDGET,0.253326539975278,0.2535523467952965,0.08905727865370361
electricity_transfer,standard,selected,FAULT,81552,MAG_ONLY,DELTA_XY_DEFAULT,0.253326539975278,0.2586968233977885,2.0758984791447666
electricity_transfer,standard,selected,POINT16,81551,C3,B0,0.2493189271671305,0.2493060607142475,-0.005160906576495705
electricity_transfer,standard,selected,POINT16,81551,C3,PLAIN,0.2493189271671305,0.248661642535912,-0.2643289188132725
electricity_transfer,standard,selected,POINT16,81551,C3,MAG_ONLY,0.2493189271671305,0.2492466799878937,-0.028986215278892224
electricity_transfer,standard,selected,POINT16,81551,C3,DELTA_XY_BUDGET,0.2493189271671305,0.2505685377782183,0.4987101023009699
electricity_transfer,standard,selected,POINT16,81551,C3,DELTA_XY_DEFAULT,0.2493189271671305,0.2502694725056161,0.37980874333934933
electricity_transfer,standard,selected,POINT16,81551,MAG_ONLY,B0,0.2492466799878937,0.2493060607142475,0.023818404648345837
electricity_transfer,standard,selected,POINT16,81551,MAG_ONLY,PLAIN,0.2492466799878937,0.248661642535912,-0.235274506359473
electricity_transfer,standard,selected,POINT16,81551,MAG_ONLY,C3,0.2492466799878937,0.2493189271671305,0.028977815706854315
electricity_transfer,standard,selected,POINT16,81551,MAG_ONLY,DELTA_XY_BUDGET,0.2492466799878937,0.2505685377782183,0.5275434027134707
electricity_transfer,standard,selected,POINT16,81551,MAG_ONLY,DELTA_XY_DEFAULT,0.2492466799878937,0.2502694725056161,0.4086764987685121
electricity_transfer,standard,selected,POINT16,81552,C3,B0,0.2447769502763997,0.2449191853356053,0.058074282343667516
electricity_transfer,standard,selected,POINT16,81552,C3,PLAIN,0.2447769502763997,0.2451390352373326,0.1477059582054463
electricity_transfer,standard,selected,POINT16,81552,C3,MAG_ONLY,0.2447769502763997,0.2450125501575768,0.09615829108573504
electricity_transfer,standard,selected,POINT16,81552,C3,DELTA_XY_BUDGET,0.2447769502763997,0.2461148700609644,0.543615988840207
electricity_transfer,standard,selected,POINT16,81552,C3,DELTA_XY_DEFAULT,0.2447769502763997,0.2508631101774982,2.426088035340157
electricity_transfer,standard,selected,POINT16,81552,MAG_ONLY,B0,0.2450125501575768,0.2449191853356053,-0.03812066492201449
electricity_transfer,standard,selected,POINT16,81552,MAG_ONLY,PLAIN,0.2450125501575768,0.2451390352373326,0.051597282184512316
electricity_transfer,standard,selected,POINT16,81552,MAG_ONLY,C3,0.2450125501575768,0.2447769502763997,-0.09625084425273212
electricity_transfer,standard,selected,POINT16,81552,MAG_ONLY,DELTA_XY_BUDGET,0.2450125501575768,0.2461148700609644,0.4478883795662414
electricity_transfer,standard,selected,POINT16,81552,MAG_ONLY,DELTA_XY_DEFAULT,0.2450125501575768,0.2508631101774982,2.3321723213037604
electricity_transfer,standard,selected,POINT4,81551,C3,B0,0.2437309011377525,0.2444843806904366,0.3081912842678225
electricity_transfer,standard,selected,POINT4,81551,C3,PLAIN,0.2437309011377525,0.2433671316528397,-0.1494735474105502
electricity_transfer,standard,selected,POINT4,81551,C3,MAG_ONLY,0.2437309011377525,0.2436666424281116,-0.026371566087424192
electricity_transfer,standard,selected,POINT4,81551,C3,DELTA_XY_BUDGET,0.2437309011377525,0.2455856176055237,0.7552219408672234
electricity_transfer,standard,selected,POINT4,81551,C3,DELTA_XY_DEFAULT,0.2437309011377525,0.2452365840322791,0.6139715656487965
electricity_transfer,standard,selected,POINT4,81551,MAG_ONLY,B0,0.2436666424281116,0.2444843806904366,0.3344746441534152
electricity_transfer,standard,selected,POINT4,81551,MAG_ONLY,PLAIN,0.2436666424281116,0.2433671316528397,-0.1230695259617498
electricity_transfer,standard,selected,POINT4,81551,MAG_ONLY,C3,0.2436666424281116,0.2437309011377525,0.026364613325990938
electricity_transfer,standard,selected,POINT4,81551,MAG_ONLY,DELTA_XY_BUDGET,0.2436666424281116,0.2455856176055237,0.7813874428487466
electricity_transfer,standard,selected,POINT4,81551,MAG_ONLY,DELTA_XY_DEFAULT,0.2436666424281116,0.2452365840322791,0.6401743077455668
electricity_transfer,standard,selected,POINT4,81552,C3,B0,0.2398359964525645,0.238745222801268,-0.4568776868069335
electricity_transfer,standard,selected,POINT4,81552,C3,PLAIN,0.2398359964525645,0.2397705079368262,-0.02731299870939452
electricity_transfer,standard,selected,POINT4,81552,C3,MAG_ONLY,0.2398359964525645,0.2401031510252196,0.11126658334734696
electricity_transfer,standard,selected,POINT4,81552,C3,DELTA_XY_BUDGET,0.2398359964525645,0.2400720759960946,0.09833694424915551
electricity_transfer,standard,selected,POINT4,81552,C3,DELTA_XY_DEFAULT,0.2398359964525645,0.2456054487487356,2.3490734124850254
electricity_transfer,standard,selected,POINT4,81552,MAG_ONLY,B0,0.2401031510252196,0.238745222801268,-0.5687771290326271
electricity_transfer,standard,selected,POINT4,81552,MAG_ONLY,PLAIN,0.2401031510252196,0.2397705079368262,-0.13873394657906157
electricity_transfer,standard,selected,POINT4,81552,MAG_ONLY,C3,0.2401031510252196,0.2398359964525645,-0.11139052377733272
electricity_transfer,standard,selected,POINT4,81552,MAG_ONLY,DELTA_XY_BUDGET,0.2401031510252196,0.2400720759960946,-0.012944041490903224
electricity_transfer,standard,selected,POINT4,81552,MAG_ONLY,DELTA_XY_DEFAULT,0.2401031510252196,0.2456054487487356,2.240299533885781
electricity_transfer,standard,selected,POINT8,81551,C3,B0,0.2461327852496651,0.2466206019925441,0.1978004833893654
electricity_transfer,standard,selected,POINT8,81551,C3,PLAIN,0.2461327852496651,0.245640537737519,-0.20039343533437837
electricity_transfer,standard,selected,POINT8,81551,C3,MAG_ONLY,0.2461327852496651,0.2460715476507843,-0.02488609490427507
electricity_transfer,standard,selected,POINT8,81551,C3,DELTA_XY_BUDGET,0.2461327852496651,0.2478396223583257,0.6886861319506443
electricity_transfer,standard,selected,POINT8,81551,C3,DELTA_XY_DEFAULT,0.2461327852496651,0.2474313698462353,0.5248261759926431
electricity_transfer,standard,selected,POINT8,81551,MAG_ONLY,B0,0.2460715476507843,0.2466206019925441,0.2226311740883724
electricity_transfer,standard,selected,POINT8,81551,MAG_ONLY,PLAIN,0.2460715476507843,0.245640537737519,-0.17546367437357713
electricity_transfer,standard,selected,POINT8,81551,MAG_ONLY,C3,0.2460715476507843,0.2461327852496651,0.024879903267938097
electricity_transfer,standard,selected,POINT8,81551,MAG_ONLY,DELTA_XY_BUDGET,0.2460715476507843,0.2478396223583257,0.7133946907751265
electricity_transfer,standard,selected,POINT8,81551,MAG_ONLY,DELTA_XY_DEFAULT,0.2460715476507843,0.2474313698462353,0.5495755030156646
electricity_transfer,standard,selected,POINT8,81552,C3,B0,0.2419498392069692,0.2411557791268626,-0.32927267303384244
electricity_transfer,standard,selected,POINT8,81552,C3,PLAIN,0.2419498392069692,0.241994940016587,0.018637087872463987
electricity_transfer,standard,selected,POINT8,81552,C3,MAG_ONLY,0.2419498392069692,0.2421971592632382,0.10211517633871292
electricity_transfer,standard,selected,POINT8,81552,C3,DELTA_XY_BUDGET,0.2419498392069692,0.2423982509793567,0.18498968972581187
electricity_transfer,standard,selected,POINT8,81552,C3,DELTA_XY_DEFAULT,0.2419498392069692,0.2477886670074682,2.3563740307473546
electricity_transfer,standard,selected,POINT8,81552,MAG_ONLY,B0,0.2421971592632382,0.2411557791268626,-0.43182881212553426
electricity_transfer,standard,selected,POINT8,81552,MAG_ONLY,PLAIN,0.2421971592632382,0.241994940016587,-0.08356341939932399
electricity_transfer,standard,selected,POINT8,81552,MAG_ONLY,C3,0.2421971592632382,0.2419498392069692,-0.1022195580206331
electricity_transfer,standard,selected,POINT8,81552,MAG_ONLY,DELTA_XY_BUDGET,0.2421971592632382,0.2423982509793567,0.08295922734838923
electricity_transfer,standard,selected,POINT8,81552,MAG_ONLY,DELTA_XY_DEFAULT,0.2421971592632382,0.2477886670074682,2.2565631478462578
electricity_transfer,standard,selected,REFERENCE,81551,C3,B0,0.241941202006668,0.2424920301752771,0.22715310198482275
electricity_transfer,standard,selected,REFERENCE,81551,C3,PLAIN,0.241941202006668,0.2416112286038159,-0.13657204789647714
electricity_transfer,standard,selected,REFERENCE,81551,C3,MAG_ONLY,0.241941202006668,0.2418598286428344,-0.03364484473928897
electricity_transfer,standard,selected,REFERENCE,81551,C3,DELTA_XY_BUDGET,0.241941202006668,0.2438411359048541,0.7791687367005418
electricity_transfer,standard,selected,REFERENCE,81551,C3,DELTA_XY_DEFAULT,0.241941202006668,0.2436591004171404,0.7050417602016079
electricity_transfer,standard,selected,REFERENCE,81551,MAG_ONLY,B0,0.2418598286428344,0.2424920301752771,0.2607102311716125
electricity_transfer,standard,selected,REFERENCE,81551,MAG_ONLY,PLAIN,0.2418598286428344,0.2416112286038159,-0.1028925851066953
electricity_transfer,standard,selected,REFERENCE,81551,MAG_ONLY,C3,0.2418598286428344,0.241941202006668,0.033633528790744105
electricity_transfer,standard,selected,REFERENCE,81551,MAG_ONLY,DELTA_XY_BUDGET,0.2418598286428344,0.2438411359048541,0.8125402035499052
electricity_transfer,standard,selected,REFERENCE,81551,MAG_ONLY,DELTA_XY_DEFAULT,0.2418598286428344,0.2436591004171404,0.7384381585689548
electricity_transfer,standard,selected,REFERENCE,81552,C3,B0,0.2384292296622151,0.2372200444536495,-0.5097314652944052
electricity_transfer,standard,selected,REFERENCE,81552,C3,PLAIN,0.2384292296622151,0.238248960361335,-0.07566425499054841
electricity_transfer,standard,selected,REFERENCE,81552,C3,MAG_ONLY,0.2384292296622151,0.2386863046316393,0.10770411390839119
electricity_transfer,standard,selected,REFERENCE,81552,C3,DELTA_XY_BUDGET,0.2384292296622151,0.2385588840816945,0.05434902161723931
electricity_transfer,standard,selected,REFERENCE,81552,C3,DELTA_XY_DEFAULT,0.2384292296622151,0.2442618884518441,2.3878709964116673
electricity_transfer,standard,selected,REFERENCE,81552,MAG_ONLY,B0,0.2386863046316393,0.2372200444536495,-0.6181012997307223
electricity_transfer,standard,selected,REFERENCE,81552,MAG_ONLY,PLAIN,0.2386863046316393,0.238248960361335,-0.1835660771157377
electricity_transfer,standard,selected,REFERENCE,81552,MAG_ONLY,C3,0.2386863046316393,0.2384292296622151,-0.10782024074329488
electricity_transfer,standard,selected,REFERENCE,81552,MAG_ONLY,DELTA_XY_BUDGET,0.2386863046316393,0.2385588840816945,-0.053412619880122136
electricity_transfer,standard,selected,REFERENCE,81552,MAG_ONLY,DELTA_XY_DEFAULT,0.2386863046316393,0.2442618884518441,2.282625363925328
electricity_transfer,standard,selected,SHIFT4,81551,C3,B0,0.3204009455499169,0.3315112958589357,3.351424355007937
electricity_transfer,standard,selected,SHIFT4,81551,C3,PLAIN,0.3204009455499169,0.3197396425441905,-0.2068254660148927
electricity_transfer,standard,selected,SHIFT4,81551,C3,MAG_ONLY,0.3204009455499169,0.32045840554791,0.01793056352972222
electricity_transfer,standard,selected,SHIFT4,81551,C3,DELTA_XY_BUDGET,0.3204009455499169,0.3297759466955829,2.842839582330159
electricity_transfer,standard,selected,SHIFT4,81551,C3,DELTA_XY_DEFAULT,0.3204009455499169,0.3265833416698074,1.8930531141852391
electricity_transfer,standard,selected,SHIFT4,81551,MAG_ONLY,B0,0.32045840554791,0.3315112958589357,3.3340916128930087
electricity_transfer,standard,selected,SHIFT4,81551,MAG_ONLY,PLAIN,0.32045840554791,0.3197396425441905,-0.2247963367945971
electricity_transfer,standard,selected,SHIFT4,81551,MAG_ONLY,C3,0.32045840554791,0.3204009455499169,-0.017933779157397467
electricity_transfer,standard,selected,SHIFT4,81551,MAG_ONLY,DELTA_XY_BUDGET,0.32045840554791,0.3297759466955829,2.825415631745265
electricity_transfer,standard,selected,SHIFT4,81551,MAG_ONLY,DELTA_XY_DEFAULT,0.32045840554791,0.3265833416698074,1.8754588309926823
electricity_transfer,standard,selected,SHIFT4,81552,C3,B0,0.3188698854221856,0.3213868037812113,0.7831430318275157
electricity_transfer,standard,selected,SHIFT4,81552,C3,PLAIN,0.3188698854221856,0.3181506244631231,-0.22607560814198457
electricity_transfer,standard,selected,SHIFT4,81552,C3,MAG_ONLY,0.3188698854221856,0.317738179646866,-0.35617557089844265
electricity_transfer,standard,selected,SHIFT4,81552,C3,DELTA_XY_BUDGET,0.3188698854221856,0.3208355578186456,0.6126728626417166
electricity_transfer,standard,selected,SHIFT4,81552,C3,DELTA_XY_DEFAULT,0.3188698854221856,0.3241054687551738,1.6153949370546261
electricity_transfer,standard,selected,SHIFT4,81552,MAG_ONLY,B0,0.317738179646866,0.3213868037812113,1.1352750304051584
electricity_transfer,standard,selected,SHIFT4,81552,MAG_ONLY,PLAIN,0.317738179646866,0.3181506244631231,0.12963822307533457
electricity_transfer,standard,selected,SHIFT4,81552,MAG_ONLY,C3,0.317738179646866,0.3188698854221856,0.354911462969032
electricity_transfer,standard,selected,SHIFT4,81552,MAG_ONLY,DELTA_XY_BUDGET,0.317738179646866,0.3208355578186456,0.9654098793907329
electricity_transfer,standard,selected,SHIFT4,81552,MAG_ONLY,DELTA_XY_DEFAULT,0.317738179646866,0.3241054687551738,1.9645731782198306
electricity_transfer,standard,selected,SHIFT8,81551,C3,B0,0.3614015941602764,0.384324615926422,5.964494808871191
electricity_transfer,standard,selected,SHIFT8,81551,C3,PLAIN,0.3614015941602764,0.3648465851973455,0.9442300344419285
electricity_transfer,standard,selected,SHIFT8,81551,C3,MAG_ONLY,0.3614015941602764,0.3607090706708034,-0.19198948564980167
electricity_transfer,standard,selected,SHIFT8,81551,C3,DELTA_XY_BUDGET,0.3614015941602764,0.3816001496049391,5.2931204208315314
electricity_transfer,standard,selected,SHIFT8,81551,C3,DELTA_XY_DEFAULT,0.3614015941602764,0.3814054177010784,5.244766490569286
electricity_transfer,standard,selected,SHIFT8,81551,MAG_ONLY,B0,0.3607090706708034,0.384324615926422,6.144687141283645
electricity_transfer,standard,selected,SHIFT8,81551,MAG_ONLY,PLAIN,0.3607090706708034,0.3648465851973455,1.1340422781548343
electricity_transfer,standard,selected,SHIFT8,81551,MAG_ONLY,C3,0.3607090706708034,0.3614015941602764,0.1916215923402631
electricity_transfer,standard,selected,SHIFT8,81551,MAG_ONLY,DELTA_XY_BUDGET,0.3607090706708034,0.3816001496049391,5.474599251536905
electricity_transfer,standard,selected,SHIFT8,81551,MAG_ONLY,DELTA_XY_DEFAULT,0.3607090706708034,0.3814054177010784,5.4263379778457965
electricity_transfer,standard,selected,SHIFT8,81552,C3,B0,0.3676752283120135,0.4151991933463959,11.446063912444481
electricity_transfer,standard,selected,SHIFT8,81552,C3,PLAIN,0.3676752283120135,0.3898628858890928,5.691143830344291
electricity_transfer,standard,selected,SHIFT8,81552,C3,MAG_ONLY,0.3676752283120135,0.3653702045829993,-0.6308734812257022
electricity_transfer,standard,selected,SHIFT8,81552,C3,DELTA_XY_BUDGET,0.3676752283120135,0.4107511651236855,10.48711250732568
electricity_transfer,standard,selected,SHIFT8,81552,C3,DELTA_XY_DEFAULT,0.3676752283120135,0.4141222719174403,11.215780158447142
electricity_transfer,standard,selected,SHIFT8,81552,MAG_ONLY,B0,0.3653702045829993,0.4151991933463959,12.001224848677595
electricity_transfer,standard,selected,SHIFT8,81552,MAG_ONLY,PLAIN,0.3653702045829993,0.3898628858890928,6.282383420580617
electricity_transfer,standard,selected,SHIFT8,81552,MAG_ONLY,C3,0.3653702045829993,0.3676752283120135,0.6269184191702304
electricity_transfer,standard,selected,SHIFT8,81552,MAG_ONLY,DELTA_XY_BUDGET,0.3653702045829993,0.4107511651236855,11.048285286548376
electricity_transfer,standard,selected,SHIFT8,81552,MAG_ONLY,DELTA_XY_DEFAULT,0.3653702045829993,0.4141222719174403,11.772384785950429
electricity_transfer,standard,selected,SHIFT_POINT,81551,C3,B0,0.3360144999104432,0.3491444549705539,3.7606082162233045
electricity_transfer,standard,selected,SHIFT_POINT,81551,C3,PLAIN,0.3360144999104432,0.3357093807816125,-0.09088787692506095
electricity_transfer,standard,selected,SHIFT_POINT,81551,C3,MAG_ONLY,0.3360144999104432,0.3358563595535099,-0.04708571162490571
electricity_transfer,standard,selected,SHIFT_POINT,81551,C3,DELTA_XY_BUDGET,0.3360144999104432,0.3469441577985553,3.150264283873072
electricity_transfer,standard,selected,SHIFT_POINT,81551,C3,DELTA_XY_DEFAULT,0.3360144999104432,0.3444665809869294,2.453672298854126
electricity_transfer,standard,selected,SHIFT_POINT,81551,MAG_ONLY,B0,0.3358563595535099,0.3491444549705539,3.8059018918586873
electricity_transfer,standard,selected,SHIFT_POINT,81551,MAG_ONLY,PLAIN,0.3358563595535099,0.3357093807816125,-0.0437815504455763
electricity_transfer,standard,selected,SHIFT_POINT,81551,MAG_ONLY,C3,0.3358563595535099,0.3360144999104432,0.04706355141681495
electricity_transfer,standard,selected,SHIFT_POINT,81551,MAG_ONLY,DELTA_XY_BUDGET,0.3358563595535099,0.3469441577985553,3.1958452090388723
electricity_transfer,standard,selected,SHIFT_POINT,81551,MAG_ONLY,DELTA_XY_DEFAULT,0.3358563595535099,0.3444665809869294,2.499581064946965
electricity_transfer,standard,selected,SHIFT_POINT,81552,C3,B0,0.3341265415484771,0.3364809506941514,0.6997154343558631
electricity_transfer,standard,selected,SHIFT_POINT,81552,C3,PLAIN,0.3341265415484771,0.3337344386146224,-0.11748950317576057
electricity_transfer,standard,selected,SHIFT_POINT,81552,C3,MAG_ONLY,0.3341265415484771,0.3327340592313929,-0.41849707850791784
electricity_transfer,standard,selected,SHIFT_POINT,81552,C3,DELTA_XY_BUDGET,0.3341265415484771,0.3357965289263371,0.4973212150821138
electricity_transfer,standard,selected,SHIFT_POINT,81552,C3,DELTA_XY_DEFAULT,0.3341265415484771,0.3405544652032983,1.8874877036141546
electricity_transfer,standard,selected,SHIFT_POINT,81552,MAG_ONLY,B0,0.3327340592313929,0.3364809506941514,1.1135523288996918
electricity_transfer,standard,selected,SHIFT_POINT,81552,MAG_ONLY,PLAIN,0.3327340592313929,0.3337344386146224,0.29975311729356635
electricity_transfer,standard,selected,SHIFT_POINT,81552,MAG_ONLY,C3,0.3327340592313929,0.3341265415484771,0.41675297946427436
electricity_transfer,standard,selected,SHIFT_POINT,81552,MAG_ONLY,DELTA_XY_BUDGET,0.3327340592313929,0.3357965289263371,0.9120015935650261
electricity_transfer,standard,selected,SHIFT_POINT,81552,MAG_ONLY,DELTA_XY_DEFAULT,0.3327340592313929,0.3405544652032983,2.296374521836597
ettm1,shape,fixed1024,PAIRED_SHIFT8_D32,81551,C3,B0,0.5336454163956313,0.5321689177080868,-0.2774492531250061
ettm1,shape,fixed1024,PAIRED_SHIFT8_D32,81551,C3,PLAIN,0.5336454163956313,0.5282011425420086,-1.0307198177235577
ettm1,shape,fixed1024,PAIRED_SHIFT8_D32,81551,C3,MAG_ONLY,0.5336454163956313,0.5346842248226275,0.1942844727354176
ettm1,shape,fixed1024,PAIRED_SHIFT8_D32,81551,C3,DELTA_XY_BUDGET,0.5336454163956313,0.5380035752738372,0.8100613227314812
ettm1,shape,fixed1024,PAIRED_SHIFT8_D32,81551,C3,DELTA_XY_DEFAULT,0.5336454163956313,0.5457641276786135,2.220503449819722
ettm1,shape,fixed1024,PAIRED_SHIFT8_D32,81551,MAG_ONLY,B0,0.5346842248226275,0.5321689177080868,-0.47265201533630563
ettm1,shape,fixed1024,PAIRED_SHIFT8_D32,81551,MAG_ONLY,PLAIN,0.5346842248226275,0.5282011425420086,-1.2273889165439034
ettm1,shape,fixed1024,PAIRED_SHIFT8_D32,81551,MAG_ONLY,C3,0.5346842248226275,0.5336454163956313,-0.19466267208148036
ettm1,shape,fixed1024,PAIRED_SHIFT8_D32,81551,MAG_ONLY,DELTA_XY_BUDGET,0.5346842248226275,0.5380035752738372,0.61697553766632
ettm1,shape,fixed1024,PAIRED_SHIFT8_D32,81551,MAG_ONLY,DELTA_XY_DEFAULT,0.5346842248226275,0.5457641276786135,2.030163269087315
ettm1,shape,fixed1024,PAIRED_SHIFT8_D32,81552,C3,B0,0.5527612954339932,0.5459552259605742,-1.2466350993241448
ettm1,shape,fixed1024,PAIRED_SHIFT8_D32,81552,C3,PLAIN,0.5527612954339932,0.5359450971559677,-3.137671818860155
ettm1,shape,fixed1024,PAIRED_SHIFT8_D32,81552,C3,MAG_ONLY,0.5527612954339932,0.5537087245960989,0.17110605631087683
ettm1,shape,fixed1024,PAIRED_SHIFT8_D32,81552,C3,DELTA_XY_BUDGET,0.5527612954339932,0.5510943398010308,-0.30248099328404887
ettm1,shape,fixed1024,PAIRED_SHIFT8_D32,81552,C3,DELTA_XY_DEFAULT,0.5527612954339932,0.5541133365120562,0.2440008187807874
ettm1,shape,fixed1024,PAIRED_SHIFT8_D32,81552,MAG_ONLY,B0,0.5537087245960989,0.5459552259605742,-1.420171154490335
ettm1,shape,fixed1024,PAIRED_SHIFT8_D32,81552,MAG_ONLY,PLAIN,0.5537087245960989,0.5359450971559677,-3.3144490983116004
ettm1,shape,fixed1024,PAIRED_SHIFT8_D32,81552,MAG_ONLY,C3,0.5537087245960989,0.5527612954339932,-0.17139933094660886
ettm1,shape,fixed1024,PAIRED_SHIFT8_D32,81552,MAG_ONLY,DELTA_XY_BUDGET,0.5537087245960989,0.5510943398010308,-0.47439877462940316
ettm1,shape,fixed1024,PAIRED_SHIFT8_D32,81552,MAG_ONLY,DELTA_XY_DEFAULT,0.5537087245960989,0.5541133365120562,0.0730197036050817
ettm1,shape,fixed1024,PULSE8_D32,81551,C3,B0,6.488482367112884,6.572331163861875,1.2757847201923633
ettm1,shape,fixed1024,PULSE8_D32,81551,C3,PLAIN,6.488482367112884,6.524572023310792,0.5531344595318566
ettm1,shape,fixed1024,PULSE8_D32,81551,C3,MAG_ONLY,6.488482367112884,6.485285029694536,-0.049301417034230965
ettm1,shape,fixed1024,PULSE8_D32,81551,C3,DELTA_XY_BUDGET,6.488482367112884,6.514461127360939,0.3987860199049065
ettm1,shape,fixed1024,PULSE8_D32,81551,C3,DELTA_XY_DEFAULT,6.488482367112884,6.449089376601147,-0.6108302771343999
ettm1,shape,fixed1024,PULSE8_D32,81551,MAG_ONLY,B0,6.485285029694536,6.572331163861875,1.324433172904682
ettm1,shape,fixed1024,PULSE8_D32,81551,MAG_ONLY,PLAIN,6.485285029694536,6.524572023310792,0.6021390134999249
ettm1,shape,fixed1024,PULSE8_D32,81551,MAG_ONLY,C3,6.485285029694536,6.488482367112884,0.04927712271446394
ettm1,shape,fixed1024,PULSE8_D32,81551,MAG_ONLY,DELTA_XY_BUDGET,6.485285029694536,6.514461127360939,0.44786663234297475
ettm1,shape,fixed1024,PULSE8_D32,81551,MAG_ONLY,DELTA_XY_DEFAULT,6.485285029694536,6.449089376601147,-0.5612521548346905
ettm1,shape,fixed1024,PULSE8_D32,81552,C3,B0,6.425086954972568,6.467736412184301,0.6594186048056616
ettm1,shape,fixed1024,PULSE8_D32,81552,C3,PLAIN,6.425086954972568,6.46978860054593,0.6909289983538236
ettm1,shape,fixed1024,PULSE8_D32,81552,C3,MAG_ONLY,6.425086954972568,6.420788582215083,-0.06694462373968424
ettm1,shape,fixed1024,PULSE8_D32,81552,C3,DELTA_XY_BUDGET,6.425086954972568,6.450799449501156,0.3985939220382484
ettm1,shape,fixed1024,PULSE8_D32,81552,C3,DELTA_XY_DEFAULT,6.425086954972568,6.40901920275054,-0.25070532188657957
ettm1,shape,fixed1024,PULSE8_D32,81552,MAG_ONLY,B0,6.420788582215083,6.467736412184301,0.7258772927229207
ettm1,shape,fixed1024,PULSE8_D32,81552,MAG_ONLY,PLAIN,6.420788582215083,6.46978860054593,0.757366605868881
ettm1,shape,fixed1024,PULSE8_D32,81552,MAG_ONLY,C3,6.420788582215083,6.425086954972568,0.06689983789492926
ettm1,shape,fixed1024,PULSE8_D32,81552,MAG_ONLY,DELTA_XY_BUDGET,6.420788582215083,6.450799449501156,0.46522710124546895
ettm1,shape,fixed1024,PULSE8_D32,81552,MAG_ONLY,DELTA_XY_DEFAULT,6.420788582215083,6.40901920275054,-0.1836377625377139
ettm1,shape,fixed1024,RAMP8_D32,81551,C3,B0,0.997227286730055,0.9893353330054808,-0.7977026051014802
ettm1,shape,fixed1024,RAMP8_D32,81551,C3,PLAIN,0.997227286730055,1.0332616651554416,3.4874397880584884
ettm1,shape,fixed1024,RAMP8_D32,81551,C3,MAG_ONLY,0.997227286730055,0.9961852921708628,-0.10459846851598176
ettm1,shape,fixed1024,RAMP8_D32,81551,C3,DELTA_XY_BUDGET,0.997227286730055,0.9926264926642284,-0.4634970051502485
ettm1,shape,fixed1024,RAMP8_D32,81551,C3,DELTA_XY_DEFAULT,0.997227286730055,1.0095486775744182,1.220485066056165
ettm1,shape,fixed1024,RAMP8_D32,81551,MAG_ONLY,B0,0.9961852921708628,0.9893353330054808,-0.6923799177951828
ettm1,shape,fixed1024,RAMP8_D32,81551,MAG_ONLY,PLAIN,0.9961852921708628,1.0332616651554416,3.5882849654546245
ettm1,shape,fixed1024,RAMP8_D32,81551,MAG_ONLY,C3,0.9961852921708628,0.997227286730055,0.10448917443974803
ettm1,shape,fixed1024,RAMP8_D32,81551,MAG_ONLY,DELTA_XY_BUDGET,0.9961852921708628,0.9926264926642284,-0.3585235265162634
ettm1,shape,fixed1024,RAMP8_D32,81551,MAG_ONLY,DELTA_XY_DEFAULT,0.9961852921708628,1.0095486775744182,1.3236989657262277
ettm1,shape,fixed1024,RAMP8_D32,81552,C3,B0,1.0108770143056052,1.0020228647536351,-0.8836274962794377
ettm1,shape,fixed1024,RAMP8_D32,81552,C3,PLAIN,1.0108770143056052,1.047463263387593,3.4928431727204057
ettm1,shape,fixed1024,RAMP8_D32,81552,C3,MAG_ONLY,1.0108770143056052,1.0119006510379347,0.1011598056864127
ettm1,shape,fixed1024,RAMP8_D32,81552,C3,DELTA_XY_BUDGET,1.0108770143056052,1.0062892982624,-0.45590428628494717
ettm1,shape,fixed1024,RAMP8_D32,81552,C3,DELTA_XY_DEFAULT,1.0108770143056052,1.0211850665818296,1.009420585313503
ettm1,shape,fixed1024,RAMP8_D32,81552,MAG_ONLY,B0,1.0119006510379347,1.0020228647536351,-0.9857845196704407
ettm1,shape,fixed1024,RAMP8_D32,81552,MAG_ONLY,PLAIN,1.0119006510379347,1.047463263387593,3.395117861665675
ettm1,shape,fixed1024,RAMP8_D32,81552,MAG_ONLY,C3,1.0119006510379347,1.0108770143056052,-0.10126224237403392
ettm1,shape,fixed1024,RAMP8_D32,81552,MAG_ONLY,DELTA_XY_BUDGET,1.0119006510379347,1.0062892982624,-0.5576281875623534
ettm1,shape,fixed1024,RAMP8_D32,81552,MAG_ONLY,DELTA_XY_DEFAULT,1.0119006510379347,1.0211850665818296,0.9091805048591528
ettm1,shape,fixed1024,STEP12_D17,81551,C3,B0,0.7815433345916584,0.7638054275610129,-2.322307015712921
ettm1,shape,fixed1024,STEP12_D17,81551,C3,PLAIN,0.7815433345916584,0.7626400002317223,-2.478670716746101
ettm1,shape,fixed1024,STEP12_D17,81551,C3,MAG_ONLY,0.7815433345916584,0.7849061225530181,0.42843186780372466
ettm1,shape,fixed1024,STEP12_D17,81551,C3,DELTA_XY_BUDGET,0.7815433345916584,0.7842267025400285,0.3421673783459478
ettm1,shape,fixed1024,STEP12_D17,81551,C3,DELTA_XY_DEFAULT,0.7815433345916584,0.8332506539635824,6.205494004230805
ettm1,shape,fixed1024,STEP12_D17,81551,MAG_ONLY,B0,0.7849061225530181,0.7638054275610129,-2.7625746336189305
ettm1,shape,fixed1024,STEP12_D17,81551,MAG_ONLY,PLAIN,0.7849061225530181,0.7626400002317223,-2.9196111290425764
ettm1,shape,fixed1024,STEP12_D17,81551,MAG_ONLY,C3,0.7849061225530181,0.7815433345916584,-0.43027530432675487
ettm1,shape,fixed1024,STEP12_D17,81551,MAG_ONLY,DELTA_XY_BUDGET,0.7849061225530181,0.7842267025400285,-0.08663566425231028
ettm1,shape,fixed1024,STEP12_D17,81551,MAG_ONLY,DELTA_XY_DEFAULT,0.7849061225530181,0.8332506539635824,5.801919408115741
ettm1,shape,fixed1024,STEP12_D17,81552,C3,B0,0.867295594099176,0.8415371166060617,-3.06088430145528
ettm1,shape,fixed1024,STEP12_D17,81552,C3,PLAIN,0.867295594099176,0.8346577281135416,-3.910329334564633
ettm1,shape,fixed1024,STEP12_D17,81552,C3,MAG_ONLY,0.867295594099176,0.8703005154601082,0.34527399530994707
ettm1,shape,fixed1024,STEP12_D17,81552,C3,DELTA_XY_BUDGET,0.867295594099176,0.8604610959401306,-0.794283226899184
ettm1,shape,fixed1024,STEP12_D17,81552,C3,DELTA_XY_DEFAULT,0.867295594099176,0.9373756145344,7.476194104967537
ettm1,shape,fixed1024,STEP12_D17,81552,MAG_ONLY,B0,0.8703005154601082,0.8415371166060617,-3.4179596225119457
ettm1,shape,fixed1024,STEP12_D17,81552,MAG_ONLY,PLAIN,0.8703005154601082,0.8346577281135416,-4.270347730095914
ettm1,shape,fixed1024,STEP12_D17,81552,MAG_ONLY,C3,0.8703005154601082,0.867295594099176,-0.34647026704353046
ettm1,shape,fixed1024,STEP12_D17,81552,MAG_ONLY,DELTA_XY_BUDGET,0.8703005154601082,0.8604610959401306,-1.1435054491600427
ettm1,shape,fixed1024,STEP12_D17,81552,MAG_ONLY,DELTA_XY_DEFAULT,0.8703005154601082,0.9373756145344,7.155626627604173
ettm1,shape,fixed1024,STEP12_D63,81551,C3,B0,0.6450330892287712,0.7292794219781763,11.551996424208188
ettm1,shape,fixed1024,STEP12_D63,81551,C3,PLAIN,0.6450330892287712,0.6259432374076399,-3.0497736344580417
ettm1,shape,fixed1024,STEP12_D63,81551,C3,MAG_ONLY,0.6450330892287712,0.6447090156230564,-0.050266647101504525
ettm1,shape,fixed1024,STEP12_D63,81551,C3,DELTA_XY_BUDGET,0.6450330892287712,0.7170868923830312,10.04812721019206
ettm1,shape,fixed1024,STEP12_D63,81551,C3,DELTA_XY_DEFAULT,0.6450330892287712,0.6876804633778263,6.2016265431731
ettm1,shape,fixed1024,STEP12_D63,81551,MAG_ONLY,B0,0.6447090156230564,0.7292794219781763,11.596433932788342
ettm1,shape,fixed1024,STEP12_D63,81551,MAG_ONLY,PLAIN,0.6447090156230564,0.6259432374076399,-2.9979999932798096
ettm1,shape,fixed1024,STEP12_D63,81551,MAG_ONLY,C3,0.6447090156230564,0.6450330892287712,0.05024139243807735
ettm1,shape,fixed1024,STEP12_D63,81551,MAG_ONLY,DELTA_XY_BUDGET,0.6447090156230564,0.7170868923830312,10.093320283605788
ettm1,shape,fixed1024,STEP12_D63,81551,MAG_ONLY,DELTA_XY_DEFAULT,0.6447090156230564,0.6876804633778263,6.248752152082071
ettm1,shape,fixed1024,STEP12_D63,81552,C3,B0,0.6625754309211696,0.694654461330971,4.6179837884201325
ettm1,shape,fixed1024,STEP12_D63,81552,C3,PLAIN,0.6625754309211696,0.6560441226074397,-0.9955593059459478
ettm1,shape,fixed1024,STEP12_D63,81552,C3,MAG_ONLY,0.6625754309211696,0.6590947592627527,-0.5280988218310467
ettm1,shape,fixed1024,STEP12_D63,81552,C3,DELTA_XY_BUDGET,0.6625754309211696,0.686537325131354,3.4902536734765066
ettm1,shape,fixed1024,STEP12_D63,81552,C3,DELTA_XY_DEFAULT,0.6625754309211696,0.6661559877718489,0.5374952588290238
ettm1,shape,fixed1024,STEP12_D63,81552,MAG_ONLY,B0,0.6590947592627527,0.694654461330971,5.119048972936158
ettm1,shape,fixed1024,STEP12_D63,81552,MAG_ONLY,PLAIN,0.6590947592627527,0.6560441226074397,-0.46500479924860283
ettm1,shape,fixed1024,STEP12_D63,81552,MAG_ONLY,C3,0.6590947592627527,0.6625754309211696,0.5253245888664604
ettm1,shape,fixed1024,STEP12_D63,81552,MAG_ONLY,DELTA_XY_BUDGET,0.6590947592627527,0.686537325131354,3.9972431015823817
ettm1,shape,fixed1024,STEP12_D63,81552,MAG_ONLY,DELTA_XY_DEFAULT,0.6590947592627527,0.6661559877718489,1.0599962529368678
ettm1,shape,fixed1024,STEP6_D17,81551,C3,B0,0.6205598832950874,0.6197384702648081,-0.1325418817276658
ettm1,shape,fixed1024,STEP6_D17,81551,C3,PLAIN,0.6205598832950874,0.6277595875179777,1.1468887717599574
ettm1,shape,fixed1024,STEP6_D17,81551,C3,MAG_ONLY,0.6205598832950874,0.621131581468615,0.0920413951864929
ettm1,shape,fixed1024,STEP6_D17,81551,C3,DELTA_XY_BUDGET,0.6205598832950874,0.6245195049697649,0.6340269027897305
ettm1,shape,fixed1024,STEP6_D17,81551,C3,DELTA_XY_DEFAULT,0.6205598832950874,0.6275661028708953,1.1164114096916533
ettm1,shape,fixed1024,STEP6_D17,81551,MAG_ONLY,B0,0.621131581468615,0.6197384702648081,-0.22479017692924597
ettm1,shape,fixed1024,STEP6_D17,81551,MAG_ONLY,PLAIN,0.621131581468615,0.6277595875179777,1.0558191672656592
ettm1,shape,fixed1024,STEP6_D17,81551,MAG_ONLY,C3,0.621131581468615,0.6205598832950874,-0.0921261894165637
ettm1,shape,fixed1024,STEP6_D17,81551,MAG_ONLY,DELTA_XY_BUDGET,0.621131581468615,0.6245195049697649,0.5424848181985853
ettm1,shape,fixed1024,STEP6_D17,81551,MAG_ONLY,DELTA_XY_DEFAULT,0.621131581468615,0.6275661028708953,1.025313727565047
ettm1,shape,fixed1024,STEP6_D17,81552,C3,B0,0.6341777593653729,0.6272455627657982,-1.1051806518977303
ettm1,shape,fixed1024,STEP6_D17,81552,C3,PLAIN,0.6341777593653729,0.634598336642497,0.06627456342688243
ettm1,shape,fixed1024,STEP6_D17,81552,C3,MAG_ONLY,0.6341777593653729,0.6353309756228653,0.18151425032627566
ettm1,shape,fixed1024,STEP6_D17,81552,C3,DELTA_XY_BUDGET,0.6341777593653729,0.631187497397702,-0.47375177423496506
ettm1,shape,fixed1024,STEP6_D17,81552,C3,DELTA_XY_DEFAULT,0.6341777593653729,0.6578467453517243,3.5979483296974424
ettm1,shape,fixed1024,STEP6_D17,81552,MAG_ONLY,B0,0.6353309756228653,0.6272455627657982,-1.2890346838668743
ettm1,shape,fixed1024,STEP6_D17,81552,MAG_ONLY,PLAIN,0.6353309756228653,0.634598336642497,-0.11544924372863807
ettm1,shape,fixed1024,STEP6_D17,81552,MAG_ONLY,C3,0.6353309756228653,0.6341777593653729,-0.18184432368717474
ettm1,shape,fixed1024,STEP6_D17,81552,MAG_ONLY,DELTA_XY_BUDGET,0.6353309756228653,0.631187497397702,-0.6564575886319535
ettm1,shape,fixed1024,STEP6_D17,81552,MAG_ONLY,DELTA_XY_DEFAULT,0.6353309756228653,0.6578467453517243,3.42264667081702
ettm1,shape,fixed1024,STEP6_D63,81551,C3,B0,0.5506227955487902,0.5819535743338907,5.383724779242394
ettm1,shape,fixed1024,STEP6_D63,81551,C3,PLAIN,0.5506227955487902,0.5434825292441645,-1.3137986817268743
ettm1,shape,fixed1024,STEP6_D63,81551,C3,MAG_ONLY,0.5506227955487902,0.5504731296361165,-0.02718859552193198
ettm1,shape,fixed1024,STEP6_D63,81551,C3,DELTA_XY_BUDGET,0.5506227955487902,0.5753303980305915,4.294506698477541
ettm1,shape,fixed1024,STEP6_D63,81551,C3,DELTA_XY_DEFAULT,0.5506227955487902,0.5621721849280374,2.054422059448857
ettm1,shape,fixed1024,STEP6_D63,81551,MAG_ONLY,B0,0.5504731296361165,0.5819535743338907,5.409442623289495
ettm1,shape,fixed1024,STEP6_D63,81551,MAG_ONLY,PLAIN,0.5504731296361165,0.5434825292441645,-1.2862603700755537
ettm1,shape,fixed1024,STEP6_D63,81551,MAG_ONLY,C3,0.5504731296361165,0.5506227955487902,0.027181205333970393
ettm1,shape,fixed1024,STEP6_D63,81551,MAG_ONLY,DELTA_XY_BUDGET,0.5504731296361165,0.5753303980305915,4.320520605127709
ettm1,shape,fixed1024,STEP6_D63,81551,MAG_ONLY,DELTA_XY_DEFAULT,0.5504731296361165,0.5621721849280374,2.0810448481044186
ettm1,shape,fixed1024,STEP6_D63,81552,C3,B0,0.556250706692629,0.5714217824916471,2.654969807567653
ettm1,shape,fixed1024,STEP6_D63,81552,C3,PLAIN,0.556250706692629,0.554387957570584,-0.3360010073465203
ettm1,shape,fixed1024,STEP6_D63,81552,C3,MAG_ONLY,0.556250706692629,0.5542140780734389,-0.367480491702743
ettm1,shape,fixed1024,STEP6_D63,81552,C3,DELTA_XY_BUDGET,0.556250706692629,0.5662739582810997,1.7700357648258946
ettm1,shape,fixed1024,STEP6_D63,81552,C3,DELTA_XY_DEFAULT,0.556250706692629,0.5564959065798221,0.04406139996608882
ettm1,shape,fixed1024,STEP6_D63,81552,MAG_ONLY,B0,0.5542140780734389,0.5714217824916471,3.0113840503550815
ettm1,shape,fixed1024,STEP6_D63,81552,MAG_ONLY,PLAIN,0.5542140780734389,0.554387957570584,0.031364226940833184
ettm1,shape,fixed1024,STEP6_D63,81552,MAG_ONLY,C3,0.5542140780734389,0.556250706692629,0.36613501694218176
ettm1,shape,fixed1024,STEP6_D63,81552,MAG_ONLY,DELTA_XY_BUDGET,0.5542140780734389,0.5662739582810997,2.1296900610206504
ettm1,shape,fixed1024,STEP6_D63,81552,MAG_ONLY,DELTA_XY_DEFAULT,0.5542140780734389,0.5564959065798221,0.4100350926940499
ettm1,shape,fixed1024,STEP8_D31,81551,C3,B0,0.5292186017257052,0.5341098169992387,0.9157695885489425
ettm1,shape,fixed1024,STEP8_D31,81551,C3,PLAIN,0.5292186017257052,0.5224954641809101,-1.2867360591033439
ettm1,shape,fixed1024,STEP8_D31,81551,C3,MAG_ONLY,0.5292186017257052,0.5302614339838454,0.1966637947446781
ettm1,shape,fixed1024,STEP8_D31,81551,C3,DELTA_XY_BUDGET,0.5292186017257052,0.5370710576748716,1.4620888310686198
ettm1,shape,fixed1024,STEP8_D31,81551,C3,DELTA_XY_DEFAULT,0.5292186017257052,0.5383981710785514,1.7049778112093295
ettm1,shape,fixed1024,STEP8_D31,81551,MAG_ONLY,B0,0.5302614339838454,0.5341098169992387,0.7205228012872711
ettm1,shape,fixed1024,STEP8_D31,81551,MAG_ONLY,PLAIN,0.5302614339838454,0.5224954641809101,-1.4863229128906585
ettm1,shape,fixed1024,STEP8_D31,81551,MAG_ONLY,C3,0.5302614339838454,0.5292186017257052,-0.19705132335479103
ettm1,shape,fixed1024,STEP8_D31,81551,MAG_ONLY,DELTA_XY_BUDGET,0.5302614339838454,0.5370710576748716,1.2679185731040765
ettm1,shape,fixed1024,STEP8_D31,81551,MAG_ONLY,DELTA_XY_DEFAULT,0.5302614339838454,0.5383981710785514,1.5112861691944368
ettm1,shape,fixed1024,STEP8_D31,81552,C3,B0,0.5407800661969017,0.5380446180972785,-0.5084054384367986
ettm1,shape,fixed1024,STEP8_D31,81552,C3,PLAIN,0.5407800661969017,0.5263556147765941,-2.740438406158141
ettm1,shape,fixed1024,STEP8_D31,81552,C3,MAG_ONLY,0.5407800661969017,0.5414198918061192,0.11817548983712456
ettm1,shape,fixed1024,STEP8_D31,81552,C3,DELTA_XY_BUDGET,0.5407800661969017,0.5414792515136582,0.12912504307450723
ettm1,shape,fixed1024,STEP8_D31,81552,C3,DELTA_XY_DEFAULT,0.5407800661969017,0.5380220243805014,-0.5126261921295949
ettm1,shape,fixed1024,STEP8_D31,81552,MAG_ONLY,B0,0.5414198918061192,0.5380446180972785,-0.6273222694386904
ettm1,shape,fixed1024,STEP8_D31,81552,MAG_ONLY,PLAIN,0.5414198918061192,0.5263556147765941,-2.861996073874673
ettm1,shape,fixed1024,STEP8_D31,81552,MAG_ONLY,C3,0.5414198918061192,0.5407800661969017,-0.11831530953372305
ettm1,shape,fixed1024,STEP8_D31,81552,MAG_ONLY,DELTA_XY_BUDGET,0.5414198918061192,0.5414792515136582,0.010962508235190516
ettm1,shape,fixed1024,STEP8_D31,81552,MAG_ONLY,DELTA_XY_DEFAULT,0.5414198918061192,0.5380220243805014,-0.631548016929262
ettm1,shape,fixed1024,STEP8_D33,81551,C3,B0,0.5434466247152411,0.5421562932719504,-0.2379999013759404
ettm1,shape,fixed1024,STEP8_D33,81551,C3,PLAIN,0.5434466247152411,0.529330183800501,-2.6668497937121893
ettm1,shape,fixed1024,STEP8_D33,81551,C3,MAG_ONLY,0.5434466247152411,0.5439485053347765,0.09226620068134572
ettm1,shape,fixed1024,STEP8_D33,81551,C3,DELTA_XY_BUDGET,0.5434466247152411,0.5495416995641841,1.1091196270959447
ettm1,shape,fixed1024,STEP8_D33,81551,C3,DELTA_XY_DEFAULT,0.5434466247152411,0.560537427647927,3.0490029906478755
ettm1,shape,fixed1024,STEP8_D33,81551,MAG_ONLY,B0,0.5439485053347765,0.5421562932719504,-0.3305711074586881
ettm1,shape,fixed1024,STEP8_D33,81551,MAG_ONLY,PLAIN,0.5439485053347765,0.529330183800501,-2.7616640769128953
ettm1,shape,fixed1024,STEP8_D33,81551,MAG_ONLY,C3,0.5439485053347765,0.5434466247152411,-0.09235140981846968
ettm1,shape,fixed1024,STEP8_D33,81551,MAG_ONLY,DELTA_XY_BUDGET,0.5439485053347765,0.5495416995641841,1.0177925048896808
ettm1,shape,fixed1024,STEP8_D33,81551,MAG_ONLY,DELTA_XY_DEFAULT,0.5439485053347765,0.560537427647927,2.9594673780766745
ettm1,shape,fixed1024,STEP8_D33,81552,C3,B0,0.5569112328750504,0.5501442339268098,-1.230040874906435
ettm1,shape,fixed1024,STEP8_D33,81552,C3,PLAIN,0.5569112328750504,0.535263272127164,-4.044357585353531
ettm1,shape,fixed1024,STEP8_D33,81552,C3,MAG_ONLY,0.5569112328750504,0.5581587706277147,0.2235094776458113
ettm1,shape,fixed1024,STEP8_D33,81552,C3,DELTA_XY_BUDGET,0.5569112328750504,0.5547391709477799,-0.3915465215047709
ettm1,shape,fixed1024,STEP8_D33,81552,C3,DELTA_XY_DEFAULT,0.5569112328750504,0.5626267687938861,1.0158663319714045
ettm1,shape,fixed1024,STEP8_D33,81552,MAG_ONLY,B0,0.5581587706277147,0.5501442339268098,-1.4568064530457558
ettm1,shape,fixed1024,STEP8_D33,81552,MAG_ONLY,PLAIN,0.5581587706277147,0.535263272127164,-4.2774275189035205
ettm1,shape,fixed1024,STEP8_D33,81552,MAG_ONLY,C3,0.5581587706277147,0.5569112328750504,-0.22401016158783982
ettm1,shape,fixed1024,STEP8_D33,81552,MAG_ONLY,DELTA_XY_BUDGET,0.5581587706277147,0.5547391709477799,-0.6164337870881331
ettm1,shape,fixed1024,STEP8_D33,81552,MAG_ONLY,DELTA_XY_DEFAULT,0.5581587706277147,0.5626267687938861,0.7941318141953202
ettm1,shape,selected,PAIRED_SHIFT8_D32,81551,C3,B0,0.5321689177080868,0.5321689177080868,0.0
ettm1,shape,selected,PAIRED_SHIFT8_D32,81551,C3,PLAIN,0.5321689177080868,0.5321689177080868,0.0
ettm1,shape,selected,PAIRED_SHIFT8_D32,81551,C3,MAG_ONLY,0.5321689177080868,0.5321689177080868,0.0
ettm1,shape,selected,PAIRED_SHIFT8_D32,81551,C3,DELTA_XY_BUDGET,0.5321689177080868,0.5367112968577378,0.8463356698927393
ettm1,shape,selected,PAIRED_SHIFT8_D32,81551,C3,DELTA_XY_DEFAULT,0.5321689177080868,0.5401274660189483,1.4734574358013286
ettm1,shape,selected,PAIRED_SHIFT8_D32,81551,MAG_ONLY,B0,0.5321689177080868,0.5321689177080868,0.0
ettm1,shape,selected,PAIRED_SHIFT8_D32,81551,MAG_ONLY,PLAIN,0.5321689177080868,0.5321689177080868,0.0
ettm1,shape,selected,PAIRED_SHIFT8_D32,81551,MAG_ONLY,C3,0.5321689177080868,0.5321689177080868,0.0
ettm1,shape,selected,PAIRED_SHIFT8_D32,81551,MAG_ONLY,DELTA_XY_BUDGET,0.5321689177080868,0.5367112968577378,0.8463356698927393
ettm1,shape,selected,PAIRED_SHIFT8_D32,81551,MAG_ONLY,DELTA_XY_DEFAULT,0.5321689177080868,0.5401274660189483,1.4734574358013286
ettm1,shape,selected,PAIRED_SHIFT8_D32,81552,C3,B0,0.5527612954339932,0.5459552259605742,-1.2466350993241448
ettm1,shape,selected,PAIRED_SHIFT8_D32,81552,C3,PLAIN,0.5527612954339932,0.5359450971559677,-3.137671818860155
ettm1,shape,selected,PAIRED_SHIFT8_D32,81552,C3,MAG_ONLY,0.5527612954339932,0.5459552259605742,-1.2466350993241448
ettm1,shape,selected,PAIRED_SHIFT8_D32,81552,C3,DELTA_XY_BUDGET,0.5527612954339932,0.5485075223147491,-0.7755177360727616
ettm1,shape,selected,PAIRED_SHIFT8_D32,81552,C3,DELTA_XY_DEFAULT,0.5527612954339932,0.5492229726694344,-0.6442415814038371
ettm1,shape,selected,PAIRED_SHIFT8_D32,81552,MAG_ONLY,B0,0.5459552259605742,0.5459552259605742,0.0
ettm1,shape,selected,PAIRED_SHIFT8_D32,81552,MAG_ONLY,PLAIN,0.5459552259605742,0.5359450971559677,-1.8677526593164018
ettm1,shape,selected,PAIRED_SHIFT8_D32,81552,MAG_ONLY,C3,0.5459552259605742,0.5527612954339932,1.231285462574816
ettm1,shape,selected,PAIRED_SHIFT8_D32,81552,MAG_ONLY,DELTA_XY_BUDGET,0.5459552259605742,0.5485075223147491,0.46531656364601215
ettm1,shape,selected,PAIRED_SHIFT8_D32,81552,MAG_ONLY,DELTA_XY_DEFAULT,0.5459552259605742,0.5492229726694344,0.5949763341066561
ettm1,shape,selected,PULSE8_D32,81551,C3,B0,6.572331163861875,6.572331163861875,0.0
ettm1,shape,selected,PULSE8_D32,81551,C3,PLAIN,6.572331163861875,6.572331163861875,0.0
ettm1,shape,selected,PULSE8_D32,81551,C3,MAG_ONLY,6.572331163861875,6.572331163861875,0.0
ettm1,shape,selected,PULSE8_D32,81551,C3,DELTA_XY_BUDGET,6.572331163861875,6.520070928742523,-0.8015286289137169
ettm1,shape,selected,PULSE8_D32,81551,C3,DELTA_XY_DEFAULT,6.572331163861875,6.56658992388067,-0.08743107225754887
ettm1,shape,selected,PULSE8_D32,81551,MAG_ONLY,B0,6.572331163861875,6.572331163861875,0.0
ettm1,shape,selected,PULSE8_D32,81551,MAG_ONLY,PLAIN,6.572331163861875,6.572331163861875,0.0
ettm1,shape,selected,PULSE8_D32,81551,MAG_ONLY,C3,6.572331163861875,6.572331163861875,0.0
ettm1,shape,selected,PULSE8_D32,81551,MAG_ONLY,DELTA_XY_BUDGET,6.572331163861875,6.520070928742523,-0.8015286289137169
ettm1,shape,selected,PULSE8_D32,81551,MAG_ONLY,DELTA_XY_DEFAULT,6.572331163861875,6.56658992388067,-0.08743107225754887
ettm1,shape,selected,PULSE8_D32,81552,C3,B0,6.425086954972568,6.467736412184301,0.6594186048056616
ettm1,shape,selected,PULSE8_D32,81552,C3,PLAIN,6.425086954972568,6.46978860054593,0.6909289983538236
ettm1,shape,selected,PULSE8_D32,81552,C3,MAG_ONLY,6.425086954972568,6.467736412184301,0.6594186048056616
ettm1,shape,selected,PULSE8_D32,81552,C3,DELTA_XY_BUDGET,6.425086954972568,6.458235613959383,0.5132773247721878
ettm1,shape,selected,PULSE8_D32,81552,C3,DELTA_XY_DEFAULT,6.425086954972568,6.472623269204977,0.7344211497457898
ettm1,shape,selected,PULSE8_D32,81552,MAG_ONLY,B0,6.467736412184301,6.467736412184301,0.0
ettm1,shape,selected,PULSE8_D32,81552,MAG_ONLY,PLAIN,6.467736412184301,6.46978860054593,0.031719558216403154
ettm1,shape,selected,PULSE8_D32,81552,MAG_ONLY,C3,6.467736412184301,6.425086954972568,-0.663795797794231
ettm1,shape,selected,PULSE8_D32,81552,MAG_ONLY,DELTA_XY_BUDGET,6.467736412184301,6.458235613959383,-0.14711135970917333
ettm1,shape,selected,PULSE8_D32,81552,MAG_ONLY,DELTA_XY_DEFAULT,6.467736412184301,6.472623269204977,0.0755004086816835
ettm1,shape,selected,RAMP8_D32,81551,C3,B0,0.9893353330054808,0.9893353330054808,0.0
ettm1,shape,selected,RAMP8_D32,81551,C3,PLAIN,0.9893353330054808,0.9893353330054808,0.0
ettm1,shape,selected,RAMP8_D32,81551,C3,MAG_ONLY,0.9893353330054808,0.9893353330054808,0.0
ettm1,shape,selected,RAMP8_D32,81551,C3,DELTA_XY_BUDGET,0.9893353330054808,0.989946387941348,0.0617260634828809
ettm1,shape,selected,RAMP8_D32,81551,C3,DELTA_XY_DEFAULT,0.9893353330054808,0.9970730098652428,0.7760391448975001
ettm1,shape,selected,RAMP8_D32,81551,MAG_ONLY,B0,0.9893353330054808,0.9893353330054808,0.0
ettm1,shape,selected,RAMP8_D32,81551,MAG_ONLY,PLAIN,0.9893353330054808,0.9893353330054808,0.0
ettm1,shape,selected,RAMP8_D32,81551,MAG_ONLY,C3,0.9893353330054808,0.9893353330054808,0.0
ettm1,shape,selected,RAMP8_D32,81551,MAG_ONLY,DELTA_XY_BUDGET,0.9893353330054808,0.989946387941348,0.0617260634828809
ettm1,shape,selected,RAMP8_D32,81551,MAG_ONLY,DELTA_XY_DEFAULT,0.9893353330054808,0.9970730098652428,0.7760391448975001
ettm1,shape,selected,RAMP8_D32,81552,C3,B0,1.0108770143056052,1.0020228647536351,-0.8836274962794377
ettm1,shape,selected,RAMP8_D32,81552,C3,PLAIN,1.0108770143056052,1.047463263387593,3.4928431727204057
ettm1,shape,selected,RAMP8_D32,81552,C3,MAG_ONLY,1.0108770143056052,1.0020228647536351,-0.8836274962794377
ettm1,shape,selected,RAMP8_D32,81552,C3,DELTA_XY_BUDGET,1.0108770143056052,1.0033700345305143,-0.7481765965438036
ettm1,shape,selected,RAMP8_D32,81552,C3,DELTA_XY_DEFAULT,1.0108770143056052,1.0044538380374546,-0.6394695330848021
ettm1,shape,selected,RAMP8_D32,81552,MAG_ONLY,B0,1.0020228647536351,1.0020228647536351,0.0
ettm1,shape,selected,RAMP8_D32,81552,MAG_ONLY,PLAIN,1.0020228647536351,1.047463263387593,4.338137691531019
ettm1,shape,selected,RAMP8_D32,81552,MAG_ONLY,C3,1.0020228647536351,1.0108770143056052,0.8758879098712313
ettm1,shape,selected,RAMP8_D32,81552,MAG_ONLY,DELTA_XY_BUDGET,1.0020228647536351,1.0033700345305143,0.1342645016810362
ettm1,shape,selected,RAMP8_D32,81552,MAG_ONLY,DELTA_XY_DEFAULT,1.0020228647536351,1.0044538380374546,0.2420194131140141
ettm1,shape,selected,STEP12_D17,81551,C3,B0,0.7638054275610129,0.7638054275610129,0.0
ettm1,shape,selected,STEP12_D17,81551,C3,PLAIN,0.7638054275610129,0.7638054275610129,0.0
ettm1,shape,selected,STEP12_D17,81551,C3,MAG_ONLY,0.7638054275610129,0.7638054275610129,0.0
ettm1,shape,selected,STEP12_D17,81551,C3,DELTA_XY_BUDGET,0.7638054275610129,0.7820213055142342,2.3293326952573357
ettm1,shape,selected,STEP12_D17,81551,C3,DELTA_XY_DEFAULT,0.7638054275610129,0.7651842174540766,0.18019058177274339
ettm1,shape,selected,STEP12_D17,81551,MAG_ONLY,B0,0.7638054275610129,0.7638054275610129,0.0
ettm1,shape,selected,STEP12_D17,81551,MAG_ONLY,PLAIN,0.7638054275610129,0.7638054275610129,0.0
ettm1,shape,selected,STEP12_D17,81551,MAG_ONLY,C3,0.7638054275610129,0.7638054275610129,0.0
ettm1,shape,selected,STEP12_D17,81551,MAG_ONLY,DELTA_XY_BUDGET,0.7638054275610129,0.7820213055142342,2.3293326952573357
ettm1,shape,selected,STEP12_D17,81551,MAG_ONLY,DELTA_XY_DEFAULT,0.7638054275610129,0.7651842174540766,0.18019058177274339
ettm1,shape,selected,STEP12_D17,81552,C3,B0,0.867295594099176,0.8415371166060617,-3.06088430145528
ettm1,shape,selected,STEP12_D17,81552,C3,PLAIN,0.867295594099176,0.8346577281135416,-3.910329334564633
ettm1,shape,selected,STEP12_D17,81552,C3,MAG_ONLY,0.867295594099176,0.8415371166060617,-3.06088430145528
ettm1,shape,selected,STEP12_D17,81552,C3,DELTA_XY_BUDGET,0.867295594099176,0.8603729246597935,-0.8046126558573174
ettm1,shape,selected,STEP12_D17,81552,C3,DELTA_XY_DEFAULT,0.867295594099176,0.8563228591088411,-1.2813782644730543
ettm1,shape,selected,STEP12_D17,81552,MAG_ONLY,B0,0.8415371166060617,0.8415371166060617,0.0
ettm1,shape,selected,STEP12_D17,81552,MAG_ONLY,PLAIN,0.8415371166060617,0.8346577281135416,-0.8242167131272682
ettm1,shape,selected,STEP12_D17,81552,MAG_ONLY,C3,0.8415371166060617,0.867295594099176,2.969976749376735
ettm1,shape,selected,STEP12_D17,81552,MAG_ONLY,DELTA_XY_BUDGET,0.8415371166060617,0.8603729246597935,2.189260902320922
ettm1,shape,selected,STEP12_D17,81552,MAG_ONLY,DELTA_XY_DEFAULT,0.8415371166060617,0.8563228591088411,1.7266551214300985
ettm1,shape,selected,STEP12_D63,81551,C3,B0,0.7292794219781763,0.7292794219781763,0.0
ettm1,shape,selected,STEP12_D63,81551,C3,PLAIN,0.7292794219781763,0.7292794219781763,0.0
ettm1,shape,selected,STEP12_D63,81551,C3,MAG_ONLY,0.7292794219781763,0.7292794219781763,0.0
ettm1,shape,selected,STEP12_D63,81551,C3,DELTA_XY_BUDGET,0.7292794219781763,0.7201061751757728,-1.273874203365133
ettm1,shape,selected,STEP12_D63,81551,C3,DELTA_XY_DEFAULT,0.7292794219781763,0.7215026874913849,-1.0778524628689334
ettm1,shape,selected,STEP12_D63,81551,MAG_ONLY,B0,0.7292794219781763,0.7292794219781763,0.0
ettm1,shape,selected,STEP12_D63,81551,MAG_ONLY,PLAIN,0.7292794219781763,0.7292794219781763,0.0
ettm1,shape,selected,STEP12_D63,81551,MAG_ONLY,C3,0.7292794219781763,0.7292794219781763,0.0
ettm1,shape,selected,STEP12_D63,81551,MAG_ONLY,DELTA_XY_BUDGET,0.7292794219781763,0.7201061751757728,-1.273874203365133
ettm1,shape,selected,STEP12_D63,81551,MAG_ONLY,DELTA_XY_DEFAULT,0.7292794219781763,0.7215026874913849,-1.0778524628689334
ettm1,shape,selected,STEP12_D63,81552,C3,B0,0.6625754309211696,0.694654461330971,4.6179837884201325
ettm1,shape,selected,STEP12_D63,81552,C3,PLAIN,0.6625754309211696,0.6560441226074397,-0.9955593059459478
ettm1,shape,selected,STEP12_D63,81552,C3,MAG_ONLY,0.6625754309211696,0.694654461330971,4.6179837884201325
ettm1,shape,selected,STEP12_D63,81552,C3,DELTA_XY_BUDGET,0.6625754309211696,0.6889661892756682,3.8304867155011024
ettm1,shape,selected,STEP12_D63,81552,C3,DELTA_XY_DEFAULT,0.6625754309211696,0.7032857418064944,5.788587549173729
ettm1,shape,selected,STEP12_D63,81552,MAG_ONLY,B0,0.694654461330971,0.694654461330971,0.0
ettm1,shape,selected,STEP12_D63,81552,MAG_ONLY,PLAIN,0.694654461330971,0.6560441226074397,-5.885326518904699
ettm1,shape,selected,STEP12_D63,81552,MAG_ONLY,C3,0.694654461330971,0.6625754309211696,-4.84156654665
ettm1,shape,selected,STEP12_D63,81552,MAG_ONLY,DELTA_XY_BUDGET,0.694654461330971,0.6889661892756682,-0.8256242677573189
ettm1,shape,selected,STEP12_D63,81552,MAG_ONLY,DELTA_XY_DEFAULT,0.694654461330971,0.7032857418064944,1.2272793208280675
ettm1,shape,selected,STEP6_D17,81551,C3,B0,0.6197384702648081,0.6197384702648081,0.0
ettm1,shape,selected,STEP6_D17,81551,C3,PLAIN,0.6197384702648081,0.6197384702648081,0.0
ettm1,shape,selected,STEP6_D17,81551,C3,MAG_ONLY,0.6197384702648081,0.6197384702648081,0.0
ettm1,shape,selected,STEP6_D17,81551,C3,DELTA_XY_BUDGET,0.6197384702648081,0.6244845771778973,0.7600038634320239
ettm1,shape,selected,STEP6_D17,81551,C3,DELTA_XY_DEFAULT,0.6197384702648081,0.624318683534873,0.7336338621378169
ettm1,shape,selected,STEP6_D17,81551,MAG_ONLY,B0,0.6197384702648081,0.6197384702648081,0.0
ettm1,shape,selected,STEP6_D17,81551,MAG_ONLY,PLAIN,0.6197384702648081,0.6197384702648081,0.0
ettm1,shape,selected,STEP6_D17,81551,MAG_ONLY,C3,0.6197384702648081,0.6197384702648081,0.0
ettm1,shape,selected,STEP6_D17,81551,MAG_ONLY,DELTA_XY_BUDGET,0.6197384702648081,0.6244845771778973,0.7600038634320239
ettm1,shape,selected,STEP6_D17,81551,MAG_ONLY,DELTA_XY_DEFAULT,0.6197384702648081,0.624318683534873,0.7336338621378169
ettm1,shape,selected,STEP6_D17,81552,C3,B0,0.6341777593653729,0.6272455627657982,-1.1051806518977303
ettm1,shape,selected,STEP6_D17,81552,C3,PLAIN,0.6341777593653729,0.634598336642497,0.06627456342688243
ettm1,shape,selected,STEP6_D17,81552,C3,MAG_ONLY,0.6341777593653729,0.6272455627657982,-1.1051806518977303
ettm1,shape,selected,STEP6_D17,81552,C3,DELTA_XY_BUDGET,0.6341777593653729,0.6311065781497507,-0.48663432167450615
ettm1,shape,selected,STEP6_D17,81552,C3,DELTA_XY_DEFAULT,0.6341777593653729,0.6303307532750297,-0.6103154685623613
ettm1,shape,selected,STEP6_D17,81552,MAG_ONLY,B0,0.6272455627657982,0.6272455627657982,0.0
ettm1,shape,selected,STEP6_D17,81552,MAG_ONLY,PLAIN,0.6272455627657982,0.634598336642497,1.1586500392674282
ettm1,shape,selected,STEP6_D17,81552,MAG_ONLY,C3,0.6272455627657982,0.6341777593653729,1.0930999230423621
ettm1,shape,selected,STEP6_D17,81552,MAG_ONLY,DELTA_XY_BUDGET,0.6272455627657982,0.6311065781497507,0.6117850007635761
ettm1,shape,selected,STEP6_D17,81552,MAG_ONLY,DELTA_XY_DEFAULT,0.6272455627657982,0.6303307532750297,0.48945581239716596
ettm1,shape,selected,STEP6_D63,81551,C3,B0,0.5819535743338907,0.5819535743338907,0.0
ettm1,shape,selected,STEP6_D63,81551,C3,PLAIN,0.5819535743338907,0.5819535743338907,0.0
ettm1,shape,selected,STEP6_D63,81551,C3,MAG_ONLY,0.5819535743338907,0.5819535743338907,0.0
ettm1,shape,selected,STEP6_D63,81551,C3,DELTA_XY_BUDGET,0.5819535743338907,0.5780497099953833,-0.6753509725899942
ettm1,shape,selected,STEP6_D63,81551,C3,DELTA_XY_DEFAULT,0.5819535743338907,0.5805505505047956,-0.24167125978524773
ettm1,shape,selected,STEP6_D63,81551,MAG_ONLY,B0,0.5819535743338907,0.5819535743338907,0.0
ettm1,shape,selected,STEP6_D63,81551,MAG_ONLY,PLAIN,0.5819535743338907,0.5819535743338907,0.0
ettm1,shape,selected,STEP6_D63,81551,MAG_ONLY,C3,0.5819535743338907,0.5819535743338907,0.0
ettm1,shape,selected,STEP6_D63,81551,MAG_ONLY,DELTA_XY_BUDGET,0.5819535743338907,0.5780497099953833,-0.6753509725899942
ettm1,shape,selected,STEP6_D63,81551,MAG_ONLY,DELTA_XY_DEFAULT,0.5819535743338907,0.5805505505047956,-0.24167125978524773
ettm1,shape,selected,STEP6_D63,81552,C3,B0,0.556250706692629,0.5714217824916471,2.654969807567653
ettm1,shape,selected,STEP6_D63,81552,C3,PLAIN,0.556250706692629,0.554387957570584,-0.3360010073465203
ettm1,shape,selected,STEP6_D63,81552,C3,MAG_ONLY,0.556250706692629,0.5714217824916471,2.654969807567653
ettm1,shape,selected,STEP6_D63,81552,C3,DELTA_XY_BUDGET,0.556250706692629,0.5682079519042122,2.104378365616222
ettm1,shape,selected,STEP6_D63,81552,C3,DELTA_XY_DEFAULT,0.556250706692629,0.5754461981659864,3.335757805775008
ettm1,shape,selected,STEP6_D63,81552,MAG_ONLY,B0,0.5714217824916471,0.5714217824916471,0.0
ettm1,shape,selected,STEP6_D63,81552,MAG_ONLY,PLAIN,0.5714217824916471,0.554387957570584,-3.0725459830888147
ettm1,shape,selected,STEP6_D63,81552,MAG_ONLY,C3,0.5714217824916471,0.556250706692629,-2.727380948281888
ettm1,shape,selected,STEP6_D63,81552,MAG_ONLY,DELTA_XY_BUDGET,0.5714217824916471,0.5682079519042122,-0.5656081680420755
ettm1,shape,selected,STEP6_D63,81552,MAG_ONLY,DELTA_XY_DEFAULT,0.5714217824916471,0.5754461981659864,0.6993556803686629
ettm1,shape,selected,STEP8_D31,81551,C3,B0,0.5341098169992387,0.5341098169992387,0.0
ettm1,shape,selected,STEP8_D31,81551,C3,PLAIN,0.5341098169992387,0.5341098169992387,0.0
ettm1,shape,selected,STEP8_D31,81551,C3,MAG_ONLY,0.5341098169992387,0.5341098169992387,0.0
ettm1,shape,selected,STEP8_D31,81551,C3,DELTA_XY_BUDGET,0.5341098169992387,0.5359453196322257,0.34247945933114643
ettm1,shape,selected,STEP8_D31,81551,C3,DELTA_XY_DEFAULT,0.5341098169992387,0.5412129941116107,1.3124550204179353
ettm1,shape,selected,STEP8_D31,81551,MAG_ONLY,B0,0.5341098169992387,0.5341098169992387,0.0
ettm1,shape,selected,STEP8_D31,81551,MAG_ONLY,PLAIN,0.5341098169992387,0.5341098169992387,0.0
ettm1,shape,selected,STEP8_D31,81551,MAG_ONLY,C3,0.5341098169992387,0.5341098169992387,0.0
ettm1,shape,selected,STEP8_D31,81551,MAG_ONLY,DELTA_XY_BUDGET,0.5341098169992387,0.5359453196322257,0.34247945933114643
ettm1,shape,selected,STEP8_D31,81551,MAG_ONLY,DELTA_XY_DEFAULT,0.5341098169992387,0.5412129941116107,1.3124550204179353
ettm1,shape,selected,STEP8_D31,81552,C3,B0,0.5407800661969017,0.5380446180972785,-0.5084054384367986
ettm1,shape,selected,STEP8_D31,81552,C3,PLAIN,0.5407800661969017,0.5263556147765941,-2.740438406158141
ettm1,shape,selected,STEP8_D31,81552,C3,MAG_ONLY,0.5407800661969017,0.5380446180972785,-0.5084054384367986
ettm1,shape,selected,STEP8_D31,81552,C3,DELTA_XY_BUDGET,0.5407800661969017,0.5402896965969354,-0.09076049442640066
ettm1,shape,selected,STEP8_D31,81552,C3,DELTA_XY_DEFAULT,0.5407800661969017,0.5409650775155583,0.034200233313830264
ettm1,shape,selected,STEP8_D31,81552,MAG_ONLY,B0,0.5380446180972785,0.5380446180972785,0.0
ettm1,shape,selected,STEP8_D31,81552,MAG_ONLY,PLAIN,0.5380446180972785,0.5263556147765941,-2.2207425916118906
ettm1,shape,selected,STEP8_D31,81552,MAG_ONLY,C3,0.5380446180972785,0.5407800661969017,0.5058337521315237
ettm1,shape,selected,STEP8_D31,81552,MAG_ONLY,DELTA_XY_BUDGET,0.5380446180972785,0.5402896965969354,0.41553235491953444
ettm1,shape,selected,STEP8_D31,81552,MAG_ONLY,DELTA_XY_DEFAULT,0.5380446180972785,0.5409650775155583,0.539860989121943
ettm1,shape,selected,STEP8_D33,81551,C3,B0,0.5421562932719504,0.5421562932719504,0.0
ettm1,shape,selected,STEP8_D33,81551,C3,PLAIN,0.5421562932719504,0.5421562932719504,0.0
ettm1,shape,selected,STEP8_D33,81551,C3,MAG_ONLY,0.5421562932719504,0.5421562932719504,0.0
ettm1,shape,selected,STEP8_D33,81551,C3,DELTA_XY_BUDGET,0.5421562932719504,0.5476420279680163,1.001700822053475
ettm1,shape,selected,STEP8_D33,81551,C3,DELTA_XY_DEFAULT,0.5421562932719504,0.5511884835770952,1.6386754393937664
ettm1,shape,selected,STEP8_D33,81551,MAG_ONLY,B0,0.5421562932719504,0.5421562932719504,0.0
ettm1,shape,selected,STEP8_D33,81551,MAG_ONLY,PLAIN,0.5421562932719504,0.5421562932719504,0.0
ettm1,shape,selected,STEP8_D33,81551,MAG_ONLY,C3,0.5421562932719504,0.5421562932719504,0.0
ettm1,shape,selected,STEP8_D33,81551,MAG_ONLY,DELTA_XY_BUDGET,0.5421562932719504,0.5476420279680163,1.001700822053475
ettm1,shape,selected,STEP8_D33,81551,MAG_ONLY,DELTA_XY_DEFAULT,0.5421562932719504,0.5511884835770952,1.6386754393937664
ettm1,shape,selected,STEP8_D33,81552,C3,B0,0.5569112328750504,0.5501442339268098,-1.230040874906435
ettm1,shape,selected,STEP8_D33,81552,C3,PLAIN,0.5569112328750504,0.535263272127164,-4.044357585353531
ettm1,shape,selected,STEP8_D33,81552,C3,MAG_ONLY,0.5569112328750504,0.5501442339268098,-1.230040874906435
ettm1,shape,selected,STEP8_D33,81552,C3,DELTA_XY_BUDGET,0.5569112328750504,0.5516027609724607,-0.9623722501372001
ettm1,shape,selected,STEP8_D33,81552,C3,DELTA_XY_DEFAULT,0.5569112328750504,0.5537548042144793,-0.5700047451594692
ettm1,shape,selected,STEP8_D33,81552,MAG_ONLY,B0,0.5501442339268098,0.5501442339268098,0.0
ettm1,shape,selected,STEP8_D33,81552,MAG_ONLY,PLAIN,0.5501442339268098,0.535263272127164,-2.7801200968839312
ettm1,shape,selected,STEP8_D33,81552,MAG_ONLY,C3,0.5501442339268098,0.5569112328750504,1.215094713264453
ettm1,shape,selected,STEP8_D33,81552,MAG_ONLY,DELTA_XY_BUDGET,0.5501442339268098,0.5516027609724607,0.26441619746058187
ettm1,shape,selected,STEP8_D33,81552,MAG_ONLY,DELTA_XY_DEFAULT,0.5501442339268098,0.5537548042144793,0.6520160656287688
ettm1,standard,fixed1024,BURST16,81551,C3,B0,0.4623236183009058,0.4610350944545126,-0.2794849810550337
ettm1,standard,fixed1024,BURST16,81551,C3,PLAIN,0.4623236183009058,0.4651804302293023,0.6141298607485024
ettm1,standard,fixed1024,BURST16,81551,C3,MAG_ONLY,0.4623236183009058,0.4625457443071712,0.04802249485575949
ettm1,standard,fixed1024,BURST16,81551,C3,DELTA_XY_BUDGET,0.4623236183009058,0.4624987301506942,0.037862125530885304
ettm1,standard,fixed1024,BURST16,81551,C3,DELTA_XY_DEFAULT,0.4623236183009058,0.4660604926674045,0.8018002867206109
ettm1,standard,fixed1024,BURST16,81551,MAG_ONLY,B0,0.4625457443071712,0.4610350944545126,-0.327664828736296
ettm1,standard,fixed1024,BURST16,81551,MAG_ONLY,PLAIN,0.4625457443071712,0.4651804302293023,0.5663793553895458
ettm1,standard,fixed1024,BURST16,81551,MAG_ONLY,C3,0.4625457443071712,0.4623236183009058,-0.04804556753594813
ettm1,standard,fixed1024,BURST16,81551,MAG_ONLY,DELTA_XY_BUDGET,0.4625457443071712,0.4624987301506942,-0.010165250931981618
ettm1,standard,fixed1024,BURST16,81551,MAG_ONLY,DELTA_XY_DEFAULT,0.4625457443071712,0.4660604926674045,0.7541399486829192
ettm1,standard,fixed1024,BURST16,81552,C3,B0,0.4724335337683205,0.4732624475470844,0.17514885938240132
ettm1,standard,fixed1024,BURST16,81552,C3,PLAIN,0.4724335337683205,0.4744492021569577,0.42484387780050703
ettm1,standard,fixed1024,BURST16,81552,C3,MAG_ONLY,0.4724335337683205,0.4727316879614125,0.06307049023469569
ettm1,standard,fixed1024,BURST16,81552,C3,DELTA_XY_BUDGET,0.4724335337683205,0.4752559240448897,0.5938674583049752
ettm1,standard,fixed1024,BURST16,81552,C3,DELTA_XY_DEFAULT,0.4724335337683205,0.4776084794407345,1.0835121014756033
ettm1,standard,fixed1024,BURST16,81552,MAG_ONLY,B0,0.4727316879614125,0.4732624475470844,0.11214910213620533
ettm1,standard,fixed1024,BURST16,81552,MAG_ONLY,PLAIN,0.4727316879614125,0.4744492021569577,0.36200170381506247
ettm1,standard,fixed1024,BURST16,81552,MAG_ONLY,C3,0.4727316879614125,0.4724335337683205,-0.06311029420664749
ettm1,standard,fixed1024,BURST16,81552,MAG_ONLY,DELTA_XY_BUDGET,0.4727316879614125,0.4752559240448897,0.5311319555984628
ettm1,standard,fixed1024,BURST16,81552,MAG_ONLY,DELTA_XY_DEFAULT,0.4727316879614125,0.4776084794407345,1.0210856149439729
ettm1,standard,fixed1024,BURST4,81551,C3,B0,0.416879174744572,0.4159144730679214,-0.23194712834460063
ettm1,standard,fixed1024,BURST4,81551,C3,PLAIN,0.416879174744572,0.4192224998668503,0.5589693117670436
ettm1,standard,fixed1024,BURST4,81551,C3,MAG_ONLY,0.416879174744572,0.4167436110911773,-0.03252926974446346
ettm1,standard,fixed1024,BURST4,81551,C3,DELTA_XY_BUDGET,0.416879174744572,0.4163132523868859,-0.13593666654652115
ettm1,standard,fixed1024,BURST4,81551,C3,DELTA_XY_DEFAULT,0.416879174744572,0.4195991255335751,0.6482260384943261
ettm1,standard,fixed1024,BURST4,81551,MAG_ONLY,B0,0.4167436110911773,0.4159144730679214,-0.19935301052158572
ettm1,standard,fixed1024,BURST4,81551,MAG_ONLY,PLAIN,0.4167436110911773,0.4192224998668503,0.5913062339116593
ettm1,standard,fixed1024,BURST4,81551,MAG_ONLY,C3,0.4167436110911773,0.416879174744572,0.032518691651539644
ettm1,standard,fixed1024,BURST4,81551,MAG_ONLY,DELTA_XY_BUDGET,0.4167436110911773,0.4163132523868859,-0.10337377006952586
ettm1,standard,fixed1024,BURST4,81551,MAG_ONLY,DELTA_XY_DEFAULT,0.4167436110911773,0.4195991255335751,0.6805339355192008
ettm1,standard,fixed1024,BURST4,81552,C3,B0,0.4224909013603021,0.4226344057144852,0.03395472593872295
ettm1,standard,fixed1024,BURST4,81552,C3,PLAIN,0.4224909013603021,0.4235419422277138,0.24815508515720897
ettm1,standard,fixed1024,BURST4,81552,C3,MAG_ONLY,0.4224909013603021,0.4224295359537595,-0.014526779337065143
ettm1,standard,fixed1024,BURST4,81552,C3,DELTA_XY_BUDGET,0.4224909013603021,0.4243197228605855,0.4310008236134477
ettm1,standard,fixed1024,BURST4,81552,C3,DELTA_XY_DEFAULT,0.4224909013603021,0.4249667280496924,0.5825930657566203
ettm1,standard,fixed1024,BURST4,81552,MAG_ONLY,B0,0.4224295359537595,0.4226344057144852,0.04847446349743878
ettm1,standard,fixed1024,BURST4,81552,MAG_ONLY,PLAIN,0.4224295359537595,0.4235419422277138,0.2626437108219748
ettm1,standard,fixed1024,BURST4,81552,MAG_ONLY,C3,0.4224295359537595,0.4224909013603021,0.014524669370397092
ettm1,standard,fixed1024,BURST4,81552,MAG_ONLY,DELTA_XY_BUDGET,0.4224295359537595,0.4243197228605855,0.4454628915392278
ettm1,standard,fixed1024,BURST4,81552,MAG_ONLY,DELTA_XY_DEFAULT,0.4224295359537595,0.4249667280496924,0.5970331154104391
ettm1,standard,fixed1024,BURST8,81551,C3,B0,0.4203172871037266,0.4179032113755649,-0.5776638375703191
ettm1,standard,fixed1024,BURST8,81551,C3,PLAIN,0.4203172871037266,0.4241159522805038,0.8956666582219941
ettm1,standard,fixed1024,BURST8,81551,C3,MAG_ONLY,0.4203172871037266,0.4200830687057383,-0.05575525781362778
ettm1,standard,fixed1024,BURST8,81551,C3,DELTA_XY_BUDGET,0.4203172871037266,0.419538098784787,-0.1857252824467137
ettm1,standard,fixed1024,BURST8,81551,C3,DELTA_XY_DEFAULT,0.4203172871037266,0.4239822841286034,0.8644222086800935
ettm1,standard,fixed1024,BURST8,81551,MAG_ONLY,B0,0.4200830687057383,0.4179032113755649,-0.5216177504351327
ettm1,standard,fixed1024,BURST8,81551,MAG_ONLY,PLAIN,0.4200830687057383,0.4241159522805038,0.9508917438922904
ettm1,standard,fixed1024,BURST8,81551,MAG_ONLY,C3,0.4200830687057383,0.4203172871037266,0.05572418864858708
ettm1,standard,fixed1024,BURST8,81551,MAG_ONLY,DELTA_XY_BUDGET,0.4200830687057383,0.419538098784787,-0.12989759989137095
ettm1,standard,fixed1024,BURST8,81551,MAG_ONLY,DELTA_XY_DEFAULT,0.4200830687057383,0.4239822841286034,0.919664705066392
ettm1,standard,fixed1024,BURST8,81552,C3,B0,0.4272653396067157,0.4264877816744344,-0.1823165787372627
ettm1,standard,fixed1024,BURST8,81552,C3,PLAIN,0.4272653396067157,0.4283263791535308,0.24771753467809354
ettm1,standard,fixed1024,BURST8,81552,C3,MAG_ONLY,0.4272653396067157,0.4272773764294866,0.0028170980807540325
ettm1,standard,fixed1024,BURST8,81552,C3,DELTA_XY_BUDGET,0.4272653396067157,0.4287375387462984,0.34338004175880066
ettm1,standard,fixed1024,BURST8,81552,C3,DELTA_XY_DEFAULT,0.4272653396067157,0.429361178290568,0.48812952586830827
ettm1,standard,fixed1024,BURST8,81552,MAG_ONLY,B0,0.4272773764294866,0.4264877816744344,-0.18513889236220216
ettm1,standard,fixed1024,BURST8,81552,MAG_ONLY,PLAIN,0.4272773764294866,0.4283263791535308,0.24490733587719804
ettm1,standard,fixed1024,BURST8,81552,MAG_ONLY,C3,0.4272773764294866,0.4272653396067157,-0.00281717744341492
ettm1,standard,fixed1024,BURST8,81552,MAG_ONLY,DELTA_XY_BUDGET,0.4272773764294866,0.4287375387462984,0.3405725379404756
ettm1,standard,fixed1024,BURST8,81552,MAG_ONLY,DELTA_XY_DEFAULT,0.4272773764294866,0.429361178290568,0.4853260998997966
ettm1,standard,fixed1024,FAULT,81551,C3,B0,0.4205396117770719,0.4189935698542592,-0.3689894151240658
ettm1,standard,fixed1024,FAULT,81551,C3,PLAIN,0.4205396117770719,0.4230710630501869,0.5983513159383058
ettm1,standard,fixed1024,FAULT,81551,C3,MAG_ONLY,0.4205396117770719,0.4203878103451422,-0.036109855755572795
ettm1,standard,fixed1024,FAULT,81551,C3,DELTA_XY_BUDGET,0.4205396117770719,0.4199289739072736,-0.14541456001870845
ettm1,standard,fixed1024,FAULT,81551,C3,DELTA_XY_DEFAULT,0.4205396117770719,0.4233253289604088,0.658055871633767
ettm1,standard,fixed1024,FAULT,81551,MAG_ONLY,B0,0.4203878103451422,0.4189935698542592,-0.33275940042898355
ettm1,standard,fixed1024,FAULT,81551,MAG_ONLY,PLAIN,0.4203878103451422,0.4230710630501869,0.6342321513788662
ettm1,standard,fixed1024,FAULT,81551,MAG_ONLY,C3,0.4203878103451422,0.4205396117770719,0.03609682124549041
ettm1,standard,fixed1024,FAULT,81551,MAG_ONLY,DELTA_XY_BUDGET,0.4203878103451422,0.4199289739072736,-0.10926524873942078
ettm1,standard,fixed1024,FAULT,81551,MAG_ONLY,DELTA_XY_DEFAULT,0.4203878103451422,0.4233253289604088,0.693915155627578
ettm1,standard,fixed1024,FAULT,81552,C3,B0,0.4274354295728716,0.4274018437956737,-0.0078581264179034
ettm1,standard,fixed1024,FAULT,81552,C3,PLAIN,0.4274354295728716,0.4283100693739973,0.204207153570779
ettm1,standard,fixed1024,FAULT,81552,C3,MAG_ONLY,0.4274354295728716,0.4274357919802435,8.478638866549204e-05
ettm1,standard,fixed1024,FAULT,81552,C3,DELTA_XY_BUDGET,0.4274354295728716,0.4291425801730015,0.3978049904630021
ettm1,standard,fixed1024,FAULT,81552,C3,DELTA_XY_DEFAULT,0.4274354295728716,0.4296169045371502,0.5077721433305316
ettm1,standard,fixed1024,FAULT,81552,MAG_ONLY,B0,0.4274357919802435,0.4274018437956737,-0.007942919541092941
ettm1,standard,fixed1024,FAULT,81552,MAG_ONLY,PLAIN,0.4274357919802435,0.4283100693739973,0.20412254025024001
ettm1,standard,fixed1024,FAULT,81552,MAG_ONLY,C3,0.4274357919802435,0.4274354295728716,-8.478646056353512e-05
ettm1,standard,fixed1024,FAULT,81552,MAG_ONLY,DELTA_XY_BUDGET,0.4274357919802435,0.4291425801730015,0.39772054128721646
ettm1,standard,fixed1024,FAULT,81552,MAG_ONLY,DELTA_XY_DEFAULT,0.4274357919802435,0.4296169045371502,0.5076877873920083
ettm1,standard,fixed1024,POINT16,81551,C3,B0,0.410811161707403,0.4088139481757736,-0.4885385003475129
ettm1,standard,fixed1024,POINT16,81551,C3,PLAIN,0.410811161707403,0.413003911701457,0.5309271733094478
ettm1,standard,fixed1024,POINT16,81551,C3,MAG_ONLY,0.410811161707403,0.4105929289397459,-0.0531506395447634
ettm1,standard,fixed1024,POINT16,81551,C3,DELTA_XY_BUDGET,0.410811161707403,0.410107762801424,-0.17151562827635303
ettm1,standard,fixed1024,POINT16,81551,C3,DELTA_XY_DEFAULT,0.410811161707403,0.4126601843339781,0.4480739108764231
ettm1,standard,fixed1024,POINT16,81551,MAG_ONLY,B0,0.4105929289397459,0.4088139481757736,-0.4351565723015538
ettm1,standard,fixed1024,POINT16,81551,MAG_ONLY,PLAIN,0.4105929289397459,0.413003911701457,0.5837675366750283
ettm1,standard,fixed1024,POINT16,81551,MAG_ONLY,C3,0.4105929289397459,0.410811161707403,0.053122404646965826
ettm1,standard,fixed1024,POINT16,81551,MAG_ONLY,DELTA_XY_BUDGET,0.4105929289397459,0.410107762801424,-0.11830211040331218
ettm1,standard,fixed1024,POINT16,81551,MAG_ONLY,DELTA_XY_DEFAULT,0.4105929289397459,0.4126601843339781,0.500958287887332
ettm1,standard,fixed1024,POINT16,81552,C3,B0,0.4177313052143174,0.4171160957391974,-0.14749118564454378
ettm1,standard,fixed1024,POINT16,81552,C3,PLAIN,0.4177313052143174,0.4181429862239184,0.09845460121636895
ettm1,standard,fixed1024,POINT16,81552,C3,MAG_ONLY,0.4177313052143174,0.4176815474820394,-0.011912839477346004
ettm1,standard,fixed1024,POINT16,81552,C3,DELTA_XY_BUDGET,0.4177313052143174,0.4191871074896708,0.34729175810572777
ettm1,standard,fixed1024,POINT16,81552,C3,DELTA_XY_DEFAULT,0.4177313052143174,0.4184579340400721,0.17364441360672167
ettm1,standard,fixed1024,POINT16,81552,MAG_ONLY,B0,0.4176815474820394,0.4171160957391974,-0.13556219686030602
ettm1,standard,fixed1024,POINT16,81552,MAG_ONLY,PLAIN,0.4176815474820394,0.4181429862239184,0.11035429436376809
ettm1,standard,fixed1024,POINT16,81552,MAG_ONLY,C3,0.4176815474820394,0.4177313052143174,0.011911420488941449
ettm1,standard,fixed1024,POINT16,81552,MAG_ONLY,DELTA_XY_BUDGET,0.4176815474820394,0.4191871074896708,0.3591618112130268
ettm1,standard,fixed1024,POINT16,81552,MAG_ONLY,DELTA_XY_DEFAULT,0.4176815474820394,0.4184579340400721,0.18553515057939673
ettm1,standard,fixed1024,POINT4,81551,C3,B0,0.4059248270262254,0.4048116512534186,-0.2749861001678289
ettm1,standard,fixed1024,POINT4,81551,C3,PLAIN,0.4059248270262254,0.4081023241293726,0.533566454881762
ettm1,standard,fixed1024,POINT4,81551,C3,MAG_ONLY,0.4059248270262254,0.4056774553456007,-0.06097742858646171
ettm1,standard,fixed1024,POINT4,81551,C3,DELTA_XY_BUDGET,0.4059248270262254,0.404814364939332,-0.27431390362342434
ettm1,standard,fixed1024,POINT4,81551,C3,DELTA_XY_DEFAULT,0.4059248270262254,0.4079061158175212,0.4857217664719027
ettm1,standard,fixed1024,POINT4,81551,MAG_ONLY,B0,0.4056774553456007,0.4048116512534186,-0.21387825412171324
ettm1,standard,fixed1024,POINT4,81551,MAG_ONLY,PLAIN,0.4056774553456007,0.4081023241293726,0.594181566827634
ettm1,standard,fixed1024,POINT4,81551,MAG_ONLY,C3,0.4056774553456007,0.4059248270262254,0.06094026877758729
ettm1,standard,fixed1024,POINT4,81551,MAG_ONLY,DELTA_XY_BUDGET,0.4056774553456007,0.404814364939332,-0.21320646721567638
ettm1,standard,fixed1024,POINT4,81551,MAG_ONLY,DELTA_XY_DEFAULT,0.4056774553456007,0.4079061158175212,0.5463660350994881
ettm1,standard,fixed1024,POINT4,81552,C3,B0,0.410331598974562,0.4104273337613183,0.023325636204329925
ettm1,standard,fixed1024,POINT4,81552,C3,PLAIN,0.410331598974562,0.4107875849024695,0.11100285029689294
ettm1,standard,fixed1024,POINT4,81552,C3,MAG_ONLY,0.410331598974562,0.4102484017951407,-0.02027970835651871
ettm1,standard,fixed1024,POINT4,81552,C3,DELTA_XY_BUDGET,0.410331598974562,0.4115570311253539,0.2977551245913812
ettm1,standard,fixed1024,POINT4,81552,C3,DELTA_XY_DEFAULT,0.410331598974562,0.4116288405867593,0.31514837744316404
ettm1,standard,fixed1024,POINT4,81552,MAG_ONLY,B0,0.4102484017951407,0.4104273337613183,0.04359650331711151
ettm1,standard,fixed1024,POINT4,81552,MAG_ONLY,PLAIN,0.4102484017951407,0.4107875849024695,0.13125594033149834
ettm1,standard,fixed1024,POINT4,81552,MAG_ONLY,C3,0.4102484017951407,0.410331598974562,0.02027559652466593
ettm1,standard,fixed1024,POINT4,81552,MAG_ONLY,DELTA_XY_BUDGET,0.4102484017951407,0.4115570311253539,0.3179703494883612
ettm1,standard,fixed1024,POINT4,81552,MAG_ONLY,DELTA_XY_DEFAULT,0.4102484017951407,0.4116288405867593,0.3353600757543651
ettm1,standard,fixed1024,POINT8,81551,C3,B0,0.4069816017795986,0.405483040798364,-0.3695742683304415
ettm1,standard,fixed1024,POINT8,81551,C3,PLAIN,0.4069816017795986,0.4088012600936355,0.4451205247312906
ettm1,standard,fixed1024,POINT8,81551,C3,MAG_ONLY,0.4069816017795986,0.4066840536814196,-0.07316443698381914
ettm1,standard,fixed1024,POINT8,81551,C3,DELTA_XY_BUDGET,0.4069816017795986,0.4063016343805186,-0.16735531967937423
ettm1,standard,fixed1024,POINT8,81551,C3,DELTA_XY_DEFAULT,0.4069816017795986,0.4097437712813703,0.674121169220887
ettm1,standard,fixed1024,POINT8,81551,MAG_ONLY,B0,0.4066840536814196,0.405483040798364,-0.296193123315569
ettm1,standard,fixed1024,POINT8,81551,MAG_ONLY,PLAIN,0.4066840536814196,0.4088012600936355,0.5179060386778067
ettm1,standard,fixed1024,POINT8,81551,MAG_ONLY,C3,0.4066840536814196,0.4069816017795986,0.0731109457719814
ettm1,standard,fixed1024,POINT8,81551,MAG_ONLY,DELTA_XY_BUDGET,0.4066840536814196,0.4063016343805186,-0.0941220188503733
ettm1,standard,fixed1024,POINT8,81551,MAG_ONLY,DELTA_XY_DEFAULT,0.4066840536814196,0.4097437712813703,0.7467392586303911
ettm1,standard,fixed1024,POINT8,81552,C3,B0,0.4143598985130122,0.4144829983375225,0.02969960770503599
ettm1,standard,fixed1024,POINT8,81552,C3,PLAIN,0.4143598985130122,0.4146123215793934,0.06088170882612154
ettm1,standard,fixed1024,POINT8,81552,C3,MAG_ONLY,0.4143598985130122,0.4142462022596225,-0.027446540914444206
ettm1,standard,fixed1024,POINT8,81552,C3,DELTA_XY_BUDGET,0.4143598985130122,0.4157981567712105,0.3459029903756239
ettm1,standard,fixed1024,POINT8,81552,C3,DELTA_XY_DEFAULT,0.4143598985130122,0.4156782668150747,0.31716074842301767
ettm1,standard,fixed1024,POINT8,81552,MAG_ONLY,B0,0.4142462022596225,0.4144829983375225,0.05713046828211832
ettm1,standard,fixed1024,POINT8,81552,MAG_ONLY,PLAIN,0.4142462022596225,0.4146123215793934,0.08830401334340987
ettm1,standard,fixed1024,POINT8,81552,MAG_ONLY,C3,0.4142462022596225,0.4143598985130122,0.027439009855367846
ettm1,standard,fixed1024,POINT8,81552,MAG_ONLY,DELTA_XY_BUDGET,0.4142462022596225,0.4157981567712105,0.3732470878753724
ettm1,standard,fixed1024,POINT8,81552,MAG_ONLY,DELTA_XY_DEFAULT,0.4142462022596225,0.4156782668150747,0.3445127325093722
ettm1,standard,fixed1024,REFERENCE,81551,C3,B0,0.4051053776375453,0.4045515146391231,-0.13690790378482198
ettm1,standard,fixed1024,REFERENCE,81551,C3,PLAIN,0.4051053776375453,0.4069988869236268,0.46523696917059043
ettm1,standard,fixed1024,REFERENCE,81551,C3,MAG_ONLY,0.4051053776375453,0.4048968645366898,-0.05149783046456413
ettm1,standard,fixed1024,REFERENCE,81551,C3,DELTA_XY_BUDGET,0.4051053776375453,0.4048335244901694,-0.06715183672554303
ettm1,standard,fixed1024,REFERENCE,81551,C3,DELTA_XY_DEFAULT,0.4051053776375453,0.4083322760504518,0.7902628820132263
ettm1,standard,fixed1024,REFERENCE,81551,MAG_ONLY,B0,0.4048968645366898,0.4045515146391231,-0.08536611162481833
ettm1,standard,fixed1024,REFERENCE,81551,MAG_ONLY,PLAIN,0.4048968645366898,0.4069988869236268,0.5164688293929909
ettm1,standard,fixed1024,REFERENCE,81551,MAG_ONLY,C3,0.4048968645366898,0.4051053776375453,0.051471323849472395
ettm1,standard,fixed1024,REFERENCE,81551,MAG_ONLY,DELTA_XY_BUDGET,0.4048968645366898,0.4048335244901694,-0.015645948936704457
ettm1,standard,fixed1024,REFERENCE,81551,MAG_ONLY,DELTA_XY_DEFAULT,0.4048968645366898,0.4083322760504518,0.8413274470954413
ettm1,standard,fixed1024,REFERENCE,81552,C3,B0,0.4098996464787992,0.4101211519772421,0.05400977183814826
ettm1,standard,fixed1024,REFERENCE,81552,C3,PLAIN,0.4098996464787992,0.4106401871986437,0.1803381020490047
ettm1,standard,fixed1024,REFERENCE,81552,C3,MAG_ONLY,0.4098996464787992,0.4098259201621996,-0.01798966658097534
ettm1,standard,fixed1024,REFERENCE,81552,C3,DELTA_XY_BUDGET,0.4098996464787992,0.4114161591523835,0.3686079508176565
ettm1,standard,fixed1024,REFERENCE,81552,C3,DELTA_XY_DEFAULT,0.4098996464787992,0.4120224513750252,0.5152158308707855
ettm1,standard,fixed1024,REFERENCE,81552,MAG_ONLY,B0,0.4098259201621996,0.4101211519772421,0.07198648828989906
ettm1,standard,fixed1024,REFERENCE,81552,MAG_ONLY,PLAIN,0.4098259201621996,0.4106401871986437,0.19829209654295132
ettm1,standard,fixed1024,REFERENCE,81552,MAG_ONLY,C3,0.4098259201621996,0.4098996464787992,0.01798643088202212
ettm1,standard,fixed1024,REFERENCE,81552,MAG_ONLY,DELTA_XY_BUDGET,0.4098259201621996,0.4114161591523835,0.3865280822853867
ettm1,standard,fixed1024,REFERENCE,81552,MAG_ONLY,DELTA_XY_DEFAULT,0.4098259201621996,0.4120224513750252,0.5331095928134966
ettm1,standard,fixed1024,SHIFT4,81551,C3,B0,0.5430501516570168,0.5459466813770019,0.5305517587687159
ettm1,standard,fixed1024,SHIFT4,81551,C3,PLAIN,0.5430501516570168,0.5471920578477484,0.7569382872666064
ettm1,standard,fixed1024,SHIFT4,81551,C3,MAG_ONLY,0.5430501516570168,0.5434056261460379,0.06541604869686468
ettm1,standard,fixed1024,SHIFT4,81551,C3,DELTA_XY_BUDGET,0.5430501516570168,0.5462032773947334,0.5772806330925584
ettm1,standard,fixed1024,SHIFT4,81551,C3,DELTA_XY_DEFAULT,0.5430501516570168,0.5499657542572151,1.257460586712078
ettm1,standard,fixed1024,SHIFT4,81551,MAG_ONLY,B0,0.5434056261460379,0.5459466813770019,0.46544018264839115
ettm1,standard,fixed1024,SHIFT4,81551,MAG_ONLY,PLAIN,0.5434056261460379,0.5471920578477484,0.6919749012080811
ettm1,standard,fixed1024,SHIFT4,81551,MAG_ONLY,C3,0.5434056261460379,0.5430501516570168,-0.06545886930267031
ettm1,standard,fixed1024,SHIFT4,81551,MAG_ONLY,DELTA_XY_BUDGET,0.5434056261460379,0.5462032773947334,0.5121996451650124
ettm1,standard,fixed1024,SHIFT4,81551,MAG_ONLY,DELTA_XY_DEFAULT,0.5434056261460379,0.5499657542572151,1.192824836891393
ettm1,standard,fixed1024,SHIFT4,81552,C3,B0,0.5534885693262586,0.5568625036863599,0.6058828414135187
ettm1,standard,fixed1024,SHIFT4,81552,C3,PLAIN,0.5534885693262586,0.550473234220879,-0.5477714297312364
ettm1,standard,fixed1024,SHIFT4,81552,C3,MAG_ONLY,0.5534885693262586,0.553358090024031,-0.023579541815665905
ettm1,standard,fixed1024,SHIFT4,81552,C3,DELTA_XY_BUDGET,0.5534885693262586,0.5560760752602315,0.4653150978959242
ettm1,standard,fixed1024,SHIFT4,81552,C3,DELTA_XY_DEFAULT,0.5534885693262586,0.557473821328432,0.7148769771245678
ettm1,standard,fixed1024,SHIFT4,81552,MAG_ONLY,B0,0.553358090024031,0.5568625036863599,0.6293139938728376
ettm1,standard,fixed1024,SHIFT4,81552,MAG_ONLY,PLAIN,0.553358090024031,0.550473234220879,-0.5240683150081082
ettm1,standard,fixed1024,SHIFT4,81552,MAG_ONLY,C3,0.553358090024031,0.5534885693262586,0.02357398317843762
ettm1,standard,fixed1024,SHIFT4,81552,MAG_ONLY,DELTA_XY_BUDGET,0.553358090024031,0.5560760752602315,0.48877938777145413
ettm1,standard,fixed1024,SHIFT4,81552,MAG_ONLY,DELTA_XY_DEFAULT,0.553358090024031,0.557473821328432,0.7382824353246664
ettm1,standard,fixed1024,SHIFT8,81551,C3,B0,0.541825595677021,0.5388866589281354,-0.5453719627669606
ettm1,standard,fixed1024,SHIFT8,81551,C3,PLAIN,0.541825595677021,0.5412221244018538,-0.11150159018982198
ettm1,standard,fixed1024,SHIFT8,81551,C3,MAG_ONLY,0.541825595677021,0.5423303153603583,0.09306499545426172
ettm1,standard,fixed1024,SHIFT8,81551,C3,DELTA_XY_BUDGET,0.541825595677021,0.5415216057506327,-0.05613625073499495
ettm1,standard,fixed1024,SHIFT8,81551,C3,DELTA_XY_DEFAULT,0.541825595677021,0.5537103146419826,2.14637846734822
ettm1,standard,fixed1024,SHIFT8,81551,MAG_ONLY,B0,0.5423303153603583,0.5388866589281354,-0.639031673018664
ettm1,standard,fixed1024,SHIFT8,81551,MAG_ONLY,PLAIN,0.5423303153603583,0.5412221244018538,-0.20475714286980473
ettm1,standard,fixed1024,SHIFT8,81551,MAG_ONLY,C3,0.5423303153603583,0.541825595677021,-0.09315168706760524
ettm1,standard,fixed1024,SHIFT8,81551,MAG_ONLY,DELTA_XY_BUDGET,0.5423303153603583,0.5415216057506327,-0.14934022966721638
ettm1,standard,fixed1024,SHIFT8,81551,MAG_ONLY,DELTA_XY_DEFAULT,0.5423303153603583,0.5537103146419826,2.055226168033808
ettm1,standard,fixed1024,SHIFT8,81552,C3,B0,0.5563107567134941,0.5518498844387241,-0.8083488645298953
ettm1,standard,fixed1024,SHIFT8,81552,C3,PLAIN,0.5563107567134941,0.5415905065958705,-2.7179667919488892
ettm1,standard,fixed1024,SHIFT8,81552,C3,MAG_ONLY,0.5563107567134941,0.5571557132595925,0.15165536778848354
ettm1,standard,fixed1024,SHIFT8,81552,C3,DELTA_XY_BUDGET,0.5563107567134941,0.5556890392871867,-0.11188225470577517
ettm1,standard,fixed1024,SHIFT8,81552,C3,DELTA_XY_DEFAULT,0.5563107567134941,0.5596169840660922,0.5908018245935898
ettm1,standard,fixed1024,SHIFT8,81552,MAG_ONLY,B0,0.5571557132595925,0.5518498844387241,-0.9614623415686419
ettm1,standard,fixed1024,SHIFT8,81552,MAG_ONLY,PLAIN,0.5571557132595925,0.5415905065958705,-2.873980705746848
ettm1,standard,fixed1024,SHIFT8,81552,MAG_ONLY,C3,0.5571557132595925,0.5563107567134941,-0.15188571062154654
ettm1,standard,fixed1024,SHIFT8,81552,MAG_ONLY,DELTA_XY_BUDGET,0.5571557132595925,0.5556890392871867,-0.2639378984849339
ettm1,standard,fixed1024,SHIFT8,81552,MAG_ONLY,DELTA_XY_DEFAULT,0.5571557132595925,0.5596169840660922,0.4398134575216983
ettm1,standard,fixed1024,SHIFT_POINT,81551,C3,B0,0.5821651596759514,0.582183295868751,0.0031152032234915694
ettm1,standard,fixed1024,SHIFT_POINT,81551,C3,PLAIN,0.5821651596759514,0.5856590102078439,0.5965673661628812
ettm1,standard,fixed1024,SHIFT_POINT,81551,C3,MAG_ONLY,0.5821651596759514,0.5825074144990449,0.0587554449221539
ettm1,standard,fixed1024,SHIFT_POINT,81551,C3,DELTA_XY_BUDGET,0.5821651596759514,0.5850521528523127,0.4934591151039003
ettm1,standard,fixed1024,SHIFT_POINT,81551,C3,DELTA_XY_DEFAULT,0.5821651596759514,0.5920386529829353,1.6677109268520285
ettm1,standard,fixed1024,SHIFT_POINT,81551,MAG_ONLY,B0,0.5825074144990449,0.582183295868751,-0.05567295258965821
ettm1,standard,fixed1024,SHIFT_POINT,81551,MAG_ONLY,PLAIN,0.5825074144990449,0.5856590102078439,0.5381281008006056
ettm1,standard,fixed1024,SHIFT_POINT,81551,MAG_ONLY,C3,0.5825074144990449,0.5821651596759514,-0.05878998724073714
ettm1,standard,fixed1024,SHIFT_POINT,81551,MAG_ONLY,DELTA_XY_BUDGET,0.5825074144990449,0.5850521528523127,0.4349592324139784
ettm1,standard,fixed1024,SHIFT_POINT,81551,MAG_ONLY,DELTA_XY_DEFAULT,0.5825074144990449,0.5920386529829353,1.6099013866524015
ettm1,standard,fixed1024,SHIFT_POINT,81552,C3,B0,0.5948157609292063,0.5974310433023925,0.4377546835748314
ettm1,standard,fixed1024,SHIFT_POINT,81552,C3,PLAIN,0.5948157609292063,0.5906249111953044,-0.7095619663959774
ettm1,standard,fixed1024,SHIFT_POINT,81552,C3,MAG_ONLY,0.5948157609292063,0.5947047377931485,-0.018668614692707308
ettm1,standard,fixed1024,SHIFT_POINT,81552,C3,DELTA_XY_BUDGET,0.5948157609292063,0.5966770999793786,0.3119508106204538
ettm1,standard,fixed1024,SHIFT_POINT,81552,C3,DELTA_XY_DEFAULT,0.5948157609292063,0.600412027477104,0.9320710265270482
ettm1,standard,fixed1024,SHIFT_POINT,81552,MAG_ONLY,B0,0.5947047377931485,0.5974310433023925,0.45633810626477533
ettm1,standard,fixed1024,SHIFT_POINT,81552,MAG_ONLY,PLAIN,0.5947047377931485,0.5906249111953044,-0.6907643955598397
ettm1,standard,fixed1024,SHIFT_POINT,81552,MAG_ONLY,C3,0.5947047377931485,0.5948157609292063,0.01866513017146909
ettm1,standard,fixed1024,SHIFT_POINT,81552,MAG_ONLY,DELTA_XY_BUDGET,0.5947047377931485,0.5966770999793786,0.33055771476704354
ettm1,standard,fixed1024,SHIFT_POINT,81552,MAG_ONLY,DELTA_XY_DEFAULT,0.5947047377931485,0.600412027477104,0.9505621844281165
ettm1,standard,selected,BURST16,81551,C3,B0,0.4610350944545126,0.4610350944545126,0.0
ettm1,standard,selected,BURST16,81551,C3,PLAIN,0.4610350944545126,0.4610350944545126,0.0
ettm1,standard,selected,BURST16,81551,C3,MAG_ONLY,0.4610350944545126,0.4610350944545126,0.0
ettm1,standard,selected,BURST16,81551,C3,DELTA_XY_BUDGET,0.4610350944545126,0.462502918095718,0.31736527139092363
ettm1,standard,selected,BURST16,81551,C3,DELTA_XY_DEFAULT,0.4610350944545126,0.4641584250480841,0.6729018423500488
ettm1,standard,selected,BURST16,81551,MAG_ONLY,B0,0.4610350944545126,0.4610350944545126,0.0
ettm1,standard,selected,BURST16,81551,MAG_ONLY,PLAIN,0.4610350944545126,0.4610350944545126,0.0
ettm1,standard,selected,BURST16,81551,MAG_ONLY,C3,0.4610350944545126,0.4610350944545126,0.0
ettm1,standard,selected,BURST16,81551,MAG_ONLY,DELTA_XY_BUDGET,0.4610350944545126,0.462502918095718,0.31736527139092363
ettm1,standard,selected,BURST16,81551,MAG_ONLY,DELTA_XY_DEFAULT,0.4610350944545126,0.4641584250480841,0.6729018423500488
ettm1,standard,selected,BURST16,81552,C3,B0,0.4724335337683205,0.4732624475470844,0.17514885938240132
ettm1,standard,selected,BURST16,81552,C3,PLAIN,0.4724335337683205,0.4744492021569577,0.42484387780050703
ettm1,standard,selected,BURST16,81552,C3,MAG_ONLY,0.4724335337683205,0.4732624475470844,0.17514885938240132
ettm1,standard,selected,BURST16,81552,C3,DELTA_XY_BUDGET,0.4724335337683205,0.4756620376473369,0.6787390255032388
ettm1,standard,selected,BURST16,81552,C3,DELTA_XY_DEFAULT,0.4724335337683205,0.4761305303486888,0.7764670284135855
ettm1,standard,selected,BURST16,81552,MAG_ONLY,B0,0.4732624475470844,0.4732624475470844,0.0
ettm1,standard,selected,BURST16,81552,MAG_ONLY,PLAIN,0.4732624475470844,0.4744492021569577,0.2501331237312665
ettm1,standard,selected,BURST16,81552,MAG_ONLY,C3,0.4732624475470844,0.4724335337683205,-0.1754561688608769
ettm1,standard,selected,BURST16,81552,MAG_ONLY,DELTA_XY_BUDGET,0.4732624475470844,0.4756620376473369,0.5044737461330828
ettm1,standard,selected,BURST16,81552,MAG_ONLY,DELTA_XY_DEFAULT,0.4732624475470844,0.4761305303486888,0.602373218853236
ettm1,standard,selected,BURST4,81551,C3,B0,0.4159144730679214,0.4159144730679214,0.0
ettm1,standard,selected,BURST4,81551,C3,PLAIN,0.4159144730679214,0.4159144730679214,0.0
ettm1,standard,selected,BURST4,81551,C3,MAG_ONLY,0.4159144730679214,0.4159144730679214,0.0
ettm1,standard,selected,BURST4,81551,C3,DELTA_XY_BUDGET,0.4159144730679214,0.4160533192317883,0.033372204342285716
ettm1,standard,selected,BURST4,81551,C3,DELTA_XY_DEFAULT,0.4159144730679214,0.418065372772682,0.5144888442913831
ettm1,standard,selected,BURST4,81551,MAG_ONLY,B0,0.4159144730679214,0.4159144730679214,0.0
ettm1,standard,selected,BURST4,81551,MAG_ONLY,PLAIN,0.4159144730679214,0.4159144730679214,0.0
ettm1,standard,selected,BURST4,81551,MAG_ONLY,C3,0.4159144730679214,0.4159144730679214,0.0
ettm1,standard,selected,BURST4,81551,MAG_ONLY,DELTA_XY_BUDGET,0.4159144730679214,0.4160533192317883,0.033372204342285716
ettm1,standard,selected,BURST4,81551,MAG_ONLY,DELTA_XY_DEFAULT,0.4159144730679214,0.418065372772682,0.5144888442913831
ettm1,standard,selected,BURST4,81552,C3,B0,0.4224909013603021,0.4226344057144852,0.03395472593872295
ettm1,standard,selected,BURST4,81552,C3,PLAIN,0.4224909013603021,0.4235419422277138,0.24815508515720897
ettm1,standard,selected,BURST4,81552,C3,MAG_ONLY,0.4224909013603021,0.4226344057144852,0.03395472593872295
ettm1,standard,selected,BURST4,81552,C3,DELTA_XY_BUDGET,0.4224909013603021,0.4246474720191869,0.5078496402275423
ettm1,standard,selected,BURST4,81552,C3,DELTA_XY_DEFAULT,0.4224909013603021,0.4236118263228851,0.26461134768428485
ettm1,standard,selected,BURST4,81552,MAG_ONLY,B0,0.4226344057144852,0.4226344057144852,0.0
ettm1,standard,selected,BURST4,81552,MAG_ONLY,PLAIN,0.4226344057144852,0.4235419422277138,0.21427311506747593
ettm1,standard,selected,BURST4,81552,MAG_ONLY,C3,0.4226344057144852,0.4224909013603021,-0.033966259088913375
ettm1,standard,selected,BURST4,81552,MAG_ONLY,DELTA_XY_BUDGET,0.4226344057144852,0.4246474720191869,0.4740558786632265
ettm1,standard,selected,BURST4,81552,MAG_ONLY,DELTA_XY_DEFAULT,0.4226344057144852,0.4236118263228851,0.2307349671713088
ettm1,standard,selected,BURST8,81551,C3,B0,0.4179032113755649,0.4179032113755649,0.0
ettm1,standard,selected,BURST8,81551,C3,PLAIN,0.4179032113755649,0.4179032113755649,0.0
ettm1,standard,selected,BURST8,81551,C3,MAG_ONLY,0.4179032113755649,0.4179032113755649,0.0
ettm1,standard,selected,BURST8,81551,C3,DELTA_XY_BUDGET,0.4179032113755649,0.4194319084562903,0.3644684750742311
ettm1,standard,selected,BURST8,81551,C3,DELTA_XY_DEFAULT,0.4179032113755649,0.4202955411112973,0.5692017882004796
ettm1,standard,selected,BURST8,81551,MAG_ONLY,B0,0.4179032113755649,0.4179032113755649,0.0
ettm1,standard,selected,BURST8,81551,MAG_ONLY,PLAIN,0.4179032113755649,0.4179032113755649,0.0
ettm1,standard,selected,BURST8,81551,MAG_ONLY,C3,0.4179032113755649,0.4179032113755649,0.0
ettm1,standard,selected,BURST8,81551,MAG_ONLY,DELTA_XY_BUDGET,0.4179032113755649,0.4194319084562903,0.3644684750742311
ettm1,standard,selected,BURST8,81551,MAG_ONLY,DELTA_XY_DEFAULT,0.4179032113755649,0.4202955411112973,0.5692017882004796
ettm1,standard,selected,BURST8,81552,C3,B0,0.4272653396067157,0.4264877816744344,-0.1823165787372627
ettm1,standard,selected,BURST8,81552,C3,PLAIN,0.4272653396067157,0.4283263791535308,0.24771753467809354
ettm1,standard,selected,BURST8,81552,C3,MAG_ONLY,0.4272653396067157,0.4264877816744344,-0.1823165787372627
ettm1,standard,selected,BURST8,81552,C3,DELTA_XY_BUDGET,0.4272653396067157,0.4291185116500614,0.4318555347845088
ettm1,standard,selected,BURST8,81552,C3,DELTA_XY_DEFAULT,0.4272653396067157,0.4291311604086797,0.4347903331436309
ettm1,standard,selected,BURST8,81552,MAG_ONLY,B0,0.4264877816744344,0.4264877816744344,0.0
ettm1,standard,selected,BURST8,81552,MAG_ONLY,PLAIN,0.4264877816744344,0.4283263791535308,0.4292515167358735
ettm1,standard,selected,BURST8,81552,MAG_ONLY,C3,0.4264877816744344,0.4272653396067157,0.18198479029377657
ettm1,standard,selected,BURST8,81552,MAG_ONLY,DELTA_XY_BUDGET,0.4264877816744344,0.4291185116500614,0.6130544136889293
ettm1,standard,selected,BURST8,81552,MAG_ONLY,DELTA_XY_DEFAULT,0.4264877816744344,0.4291311604086797,0.6159838711614185
ettm1,standard,selected,FAULT,81551,C3,B0,0.4189935698542592,0.4189935698542592,0.0
ettm1,standard,selected,FAULT,81551,C3,PLAIN,0.4189935698542592,0.4189935698542592,0.0
ettm1,standard,selected,FAULT,81551,C3,MAG_ONLY,0.4189935698542592,0.4189935698542592,0.0
ettm1,standard,selected,FAULT,81551,C3,DELTA_XY_BUDGET,0.4189935698542592,0.4198559107590732,0.20538972602647254
ettm1,standard,selected,FAULT,81551,C3,DELTA_XY_DEFAULT,0.4189935698542592,0.4214782342332688,0.5895119076622324
ettm1,standard,selected,FAULT,81551,MAG_ONLY,B0,0.4189935698542592,0.4189935698542592,0.0
ettm1,standard,selected,FAULT,81551,MAG_ONLY,PLAIN,0.4189935698542592,0.4189935698542592,0.0
ettm1,standard,selected,FAULT,81551,MAG_ONLY,C3,0.4189935698542592,0.4189935698542592,0.0
ettm1,standard,selected,FAULT,81551,MAG_ONLY,DELTA_XY_BUDGET,0.4189935698542592,0.4198559107590732,0.20538972602647254
ettm1,standard,selected,FAULT,81551,MAG_ONLY,DELTA_XY_DEFAULT,0.4189935698542592,0.4214782342332688,0.5895119076622324
ettm1,standard,selected,FAULT,81552,C3,B0,0.4274354295728716,0.4274018437956737,-0.0078581264179034
ettm1,standard,selected,FAULT,81552,C3,PLAIN,0.4274354295728716,0.4283100693739973,0.204207153570779
ettm1,standard,selected,FAULT,81552,C3,MAG_ONLY,0.4274354295728716,0.4274018437956737,-0.0078581264179034
ettm1,standard,selected,FAULT,81552,C3,DELTA_XY_BUDGET,0.4274354295728716,0.4296542655274369,0.5164235834692499
ettm1,standard,selected,FAULT,81552,C3,DELTA_XY_DEFAULT,0.4274354295728716,0.4294390844389012,0.4665748737443298
ettm1,standard,selected,FAULT,81552,MAG_ONLY,B0,0.4274018437956737,0.4274018437956737,0.0
ettm1,standard,selected,FAULT,81552,MAG_ONLY,PLAIN,0.4274018437956737,0.4283100693739973,0.21204861694029686
ettm1,standard,selected,FAULT,81552,MAG_ONLY,C3,0.4274018437956737,0.4274354295728716,0.007857508964914661
ettm1,standard,selected,FAULT,81552,MAG_ONLY,DELTA_XY_BUDGET,0.4274018437956737,0.4296542655274369,0.5242405144048057
ettm1,standard,selected,FAULT,81552,MAG_ONLY,DELTA_XY_DEFAULT,0.4274018437956737,0.4294390844389012,0.4743957215467165
ettm1,standard,selected,POINT16,81551,C3,B0,0.4088139481757736,0.4088139481757736,0.0
ettm1,standard,selected,POINT16,81551,C3,PLAIN,0.4088139481757736,0.4088139481757736,0.0
ettm1,standard,selected,POINT16,81551,C3,MAG_ONLY,0.4088139481757736,0.4088139481757736,0.0
ettm1,standard,selected,POINT16,81551,C3,DELTA_XY_BUDGET,0.4088139481757736,0.4101883476874278,0.33506546916869384
ettm1,standard,selected,POINT16,81551,C3,DELTA_XY_DEFAULT,0.4088139481757736,0.4112520097641478,0.5928388264345275
ettm1,standard,selected,POINT16,81551,MAG_ONLY,B0,0.4088139481757736,0.4088139481757736,0.0
ettm1,standard,selected,POINT16,81551,MAG_ONLY,PLAIN,0.4088139481757736,0.4088139481757736,0.0
ettm1,standard,selected,POINT16,81551,MAG_ONLY,C3,0.4088139481757736,0.4088139481757736,0.0
ettm1,standard,selected,POINT16,81551,MAG_ONLY,DELTA_XY_BUDGET,0.4088139481757736,0.4101883476874278,0.33506546916869384
ettm1,standard,selected,POINT16,81551,MAG_ONLY,DELTA_XY_DEFAULT,0.4088139481757736,0.4112520097641478,0.5928388264345275
ettm1,standard,selected,POINT16,81552,C3,B0,0.4177313052143174,0.4171160957391974,-0.14749118564454378
ettm1,standard,selected,POINT16,81552,C3,PLAIN,0.4177313052143174,0.4181429862239184,0.09845460121636895
ettm1,standard,selected,POINT16,81552,C3,MAG_ONLY,0.4177313052143174,0.4171160957391974,-0.14749118564454378
ettm1,standard,selected,POINT16,81552,C3,DELTA_XY_BUDGET,0.4177313052143174,0.4197321937521869,0.47670599674106695
ettm1,standard,selected,POINT16,81552,C3,DELTA_XY_DEFAULT,0.4177313052143174,0.4193277890756026,0.38072455555702156
ettm1,standard,selected,POINT16,81552,MAG_ONLY,B0,0.4171160957391974,0.4171160957391974,0.0
ettm1,standard,selected,POINT16,81552,MAG_ONLY,PLAIN,0.4171160957391974,0.4181429862239184,0.24558357273773979
ettm1,standard,selected,POINT16,81552,MAG_ONLY,C3,0.4171160957391974,0.4177313052143174,0.1472739695207559
ettm1,standard,selected,POINT16,81552,MAG_ONLY,DELTA_XY_BUDGET,0.4171160957391974,0.4197321937521869,0.623277902417485
ettm1,standard,selected,POINT16,81552,MAG_ONLY,DELTA_XY_DEFAULT,0.4171160957391974,0.4193277890756026,0.5274378169118799
ettm1,standard,selected,POINT4,81551,C3,B0,0.4048116512534186,0.4048116512534186,0.0
ettm1,standard,selected,POINT4,81551,C3,PLAIN,0.4048116512534186,0.4048116512534186,0.0
ettm1,standard,selected,POINT4,81551,C3,MAG_ONLY,0.4048116512534186,0.4048116512534186,0.0
ettm1,standard,selected,POINT4,81551,C3,DELTA_XY_BUDGET,0.4048116512534186,0.4048295554716239,0.00442265589636337
ettm1,standard,selected,POINT4,81551,C3,DELTA_XY_DEFAULT,0.4048116512534186,0.4070674811043055,0.554166067200268
ettm1,standard,selected,POINT4,81551,MAG_ONLY,B0,0.4048116512534186,0.4048116512534186,0.0
ettm1,standard,selected,POINT4,81551,MAG_ONLY,PLAIN,0.4048116512534186,0.4048116512534186,0.0
ettm1,standard,selected,POINT4,81551,MAG_ONLY,C3,0.4048116512534186,0.4048116512534186,0.0
ettm1,standard,selected,POINT4,81551,MAG_ONLY,DELTA_XY_BUDGET,0.4048116512534186,0.4048295554716239,0.00442265589636337
ettm1,standard,selected,POINT4,81551,MAG_ONLY,DELTA_XY_DEFAULT,0.4048116512534186,0.4070674811043055,0.554166067200268
ettm1,standard,selected,POINT4,81552,C3,B0,0.410331598974562,0.4104273337613183,0.023325636204329925
ettm1,standard,selected,POINT4,81552,C3,PLAIN,0.410331598974562,0.4107875849024695,0.11100285029689294
ettm1,standard,selected,POINT4,81552,C3,MAG_ONLY,0.410331598974562,0.4104273337613183,0.023325636204329925
ettm1,standard,selected,POINT4,81552,C3,DELTA_XY_BUDGET,0.410331598974562,0.4122762991531572,0.47169827190884916
ettm1,standard,selected,POINT4,81552,C3,DELTA_XY_DEFAULT,0.410331598974562,0.412222126071359,0.45861854015806225
ettm1,standard,selected,POINT4,81552,MAG_ONLY,B0,0.4104273337613183,0.4104273337613183,0.0
ettm1,standard,selected,POINT4,81552,MAG_ONLY,PLAIN,0.4104273337613183,0.4107875849024695,0.08769767013205865
ettm1,standard,selected,POINT4,81552,MAG_ONLY,C3,0.4104273337613183,0.410331598974562,-0.023331078326771504
ettm1,standard,selected,POINT4,81552,MAG_ONLY,DELTA_XY_BUDGET,0.4104273337613183,0.4122762991531572,0.4484772458753561
ettm1,standard,selected,POINT4,81552,MAG_ONLY,DELTA_XY_DEFAULT,0.4104273337613183,0.412222126071359,0.4353944624821082
ettm1,standard,selected,POINT8,81551,C3,B0,0.405483040798364,0.405483040798364,0.0
ettm1,standard,selected,POINT8,81551,C3,PLAIN,0.405483040798364,0.405483040798364,0.0
ettm1,standard,selected,POINT8,81551,C3,MAG_ONLY,0.405483040798364,0.405483040798364,0.0
ettm1,standard,selected,POINT8,81551,C3,DELTA_XY_BUDGET,0.405483040798364,0.4061294156115912,0.159154887181423
ettm1,standard,selected,POINT8,81551,C3,DELTA_XY_DEFAULT,0.405483040798364,0.4080305755990965,0.6243489956584858
ettm1,standard,selected,POINT8,81551,MAG_ONLY,B0,0.405483040798364,0.405483040798364,0.0
ettm1,standard,selected,POINT8,81551,MAG_ONLY,PLAIN,0.405483040798364,0.405483040798364,0.0
ettm1,standard,selected,POINT8,81551,MAG_ONLY,C3,0.405483040798364,0.405483040798364,0.0
ettm1,standard,selected,POINT8,81551,MAG_ONLY,DELTA_XY_BUDGET,0.405483040798364,0.4061294156115912,0.159154887181423
ettm1,standard,selected,POINT8,81551,MAG_ONLY,DELTA_XY_DEFAULT,0.405483040798364,0.4080305755990965,0.6243489956584858
ettm1,standard,selected,POINT8,81552,C3,B0,0.4143598985130122,0.4144829983375225,0.02969960770503599
ettm1,standard,selected,POINT8,81552,C3,PLAIN,0.4143598985130122,0.4146123215793934,0.06088170882612154
ettm1,standard,selected,POINT8,81552,C3,MAG_ONLY,0.4143598985130122,0.4144829983375225,0.02969960770503599
ettm1,standard,selected,POINT8,81552,C3,DELTA_XY_BUDGET,0.4143598985130122,0.4164890789426922,0.5112211909818143
ettm1,standard,selected,POINT8,81552,C3,DELTA_XY_DEFAULT,0.4143598985130122,0.4162110744061917,0.44476853380717163
ettm1,standard,selected,POINT8,81552,MAG_ONLY,B0,0.4144829983375225,0.4144829983375225,0.0
ettm1,standard,selected,POINT8,81552,MAG_ONLY,PLAIN,0.4144829983375225,0.4146123215793934,0.031191364834082247
ettm1,standard,selected,POINT8,81552,MAG_ONLY,C3,0.4144829983375225,0.4143598985130122,-0.02970843099250331
ettm1,standard,selected,POINT8,81552,MAG_ONLY,DELTA_XY_BUDGET,0.4144829983375225,0.4164890789426922,0.4816646357840626
ettm1,standard,selected,POINT8,81552,MAG_ONLY,DELTA_XY_DEFAULT,0.4144829983375225,0.4162110744061917,0.4151922365676186
ettm1,standard,selected,REFERENCE,81551,C3,B0,0.4045515146391231,0.4045515146391231,0.0
ettm1,standard,selected,REFERENCE,81551,C3,PLAIN,0.4045515146391231,0.4045515146391231,0.0
ettm1,standard,selected,REFERENCE,81551,C3,MAG_ONLY,0.4045515146391231,0.4045515146391231,0.0
ettm1,standard,selected,REFERENCE,81551,C3,DELTA_XY_BUDGET,0.4045515146391231,0.4049457953287466,0.09736628807404113
ettm1,standard,selected,REFERENCE,81551,C3,DELTA_XY_DEFAULT,0.4045515146391231,0.4071933773348924,0.6487980509556679
ettm1,standard,selected,REFERENCE,81551,MAG_ONLY,B0,0.4045515146391231,0.4045515146391231,0.0
ettm1,standard,selected,REFERENCE,81551,MAG_ONLY,PLAIN,0.4045515146391231,0.4045515146391231,0.0
ettm1,standard,selected,REFERENCE,81551,MAG_ONLY,C3,0.4045515146391231,0.4045515146391231,0.0
ettm1,standard,selected,REFERENCE,81551,MAG_ONLY,DELTA_XY_BUDGET,0.4045515146391231,0.4049457953287466,0.09736628807404113
ettm1,standard,selected,REFERENCE,81551,MAG_ONLY,DELTA_XY_DEFAULT,0.4045515146391231,0.4071933773348924,0.6487980509556679
ettm1,standard,selected,REFERENCE,81552,C3,B0,0.4098996464787992,0.4101211519772421,0.05400977183814826
ettm1,standard,selected,REFERENCE,81552,C3,PLAIN,0.4098996464787992,0.4106401871986437,0.1803381020490047
ettm1,standard,selected,REFERENCE,81552,C3,MAG_ONLY,0.4098996464787992,0.4101211519772421,0.05400977183814826
ettm1,standard,selected,REFERENCE,81552,C3,DELTA_XY_BUDGET,0.4098996464787992,0.4118844071935393,0.48187323435322504
ettm1,standard,selected,REFERENCE,81552,C3,DELTA_XY_DEFAULT,0.4098996464787992,0.411985801018314,0.5063656403590744
ettm1,standard,selected,REFERENCE,81552,MAG_ONLY,B0,0.4101211519772421,0.4101211519772421,0.0
ettm1,standard,selected,REFERENCE,81552,MAG_ONLY,PLAIN,0.4101211519772421,0.4106401871986437,0.1263965967243541
ettm1,standard,selected,REFERENCE,81552,MAG_ONLY,C3,0.4101211519772421,0.4098996464787992,-0.05403895815616622
ettm1,standard,selected,REFERENCE,81552,MAG_ONLY,DELTA_XY_BUDGET,0.4101211519772421,0.4118844071935393,0.42809467547254565
ettm1,standard,selected,REFERENCE,81552,MAG_ONLY,DELTA_XY_DEFAULT,0.4101211519772421,0.411985801018314,0.45260031691942704
ettm1,standard,selected,SHIFT4,81551,C3,B0,0.5459466813770019,0.5459466813770019,0.0
ettm1,standard,selected,SHIFT4,81551,C3,PLAIN,0.5459466813770019,0.5459466813770019,0.0
ettm1,standard,selected,SHIFT4,81551,C3,MAG_ONLY,0.5459466813770019,0.5459466813770019,0.0
ettm1,standard,selected,SHIFT4,81551,C3,DELTA_XY_BUDGET,0.5459466813770019,0.5453674182884757,-0.10621519898348364
ettm1,standard,selected,SHIFT4,81551,C3,DELTA_XY_DEFAULT,0.5459466813770019,0.5469528935155785,0.18396687365691555
ettm1,standard,selected,SHIFT4,81551,MAG_ONLY,B0,0.5459466813770019,0.5459466813770019,0.0
ettm1,standard,selected,SHIFT4,81551,MAG_ONLY,PLAIN,0.5459466813770019,0.5459466813770019,0.0
ettm1,standard,selected,SHIFT4,81551,MAG_ONLY,C3,0.5459466813770019,0.5459466813770019,0.0
ettm1,standard,selected,SHIFT4,81551,MAG_ONLY,DELTA_XY_BUDGET,0.5459466813770019,0.5453674182884757,-0.10621519898348364
ettm1,standard,selected,SHIFT4,81551,MAG_ONLY,DELTA_XY_DEFAULT,0.5459466813770019,0.5469528935155785,0.18396687365691555
ettm1,standard,selected,SHIFT4,81552,C3,B0,0.5534885693262586,0.5568625036863599,0.6058828414135187
ettm1,standard,selected,SHIFT4,81552,C3,PLAIN,0.5534885693262586,0.550473234220879,-0.5477714297312364
ettm1,standard,selected,SHIFT4,81552,C3,MAG_ONLY,0.5534885693262586,0.5568625036863599,0.6058828414135187
ettm1,standard,selected,SHIFT4,81552,C3,DELTA_XY_BUDGET,0.5534885693262586,0.5555776969235537,0.3760279811200973
ettm1,standard,selected,SHIFT4,81552,C3,DELTA_XY_DEFAULT,0.5534885693262586,0.5544651710680184,0.176134010343465
ettm1,standard,selected,SHIFT4,81552,MAG_ONLY,B0,0.5568625036863599,0.5568625036863599,0.0
ettm1,standard,selected,SHIFT4,81552,MAG_ONLY,PLAIN,0.5568625036863599,0.550473234220879,-1.1606866725362375
ettm1,standard,selected,SHIFT4,81552,MAG_ONLY,C3,0.5568625036863599,0.5534885693262586,-0.6095761587648241
ettm1,standard,selected,SHIFT4,81552,MAG_ONLY,DELTA_XY_BUDGET,0.5568625036863599,0.5555776969235537,-0.23125600072153585
ettm1,standard,selected,SHIFT4,81552,MAG_ONLY,DELTA_XY_DEFAULT,0.5568625036863599,0.5544651710680184,-0.43236847748682194
ettm1,standard,selected,SHIFT8,81551,C3,B0,0.5388866589281354,0.5388866589281354,0.0
ettm1,standard,selected,SHIFT8,81551,C3,PLAIN,0.5388866589281354,0.5388866589281354,0.0
ettm1,standard,selected,SHIFT8,81551,C3,MAG_ONLY,0.5388866589281354,0.5388866589281354,0.0
ettm1,standard,selected,SHIFT8,81551,C3,DELTA_XY_BUDGET,0.5388866589281354,0.5404477036656832,0.28884288469721575
ettm1,standard,selected,SHIFT8,81551,C3,DELTA_XY_DEFAULT,0.5388866589281354,0.544101289534924,0.9583933556279289
ettm1,standard,selected,SHIFT8,81551,MAG_ONLY,B0,0.5388866589281354,0.5388866589281354,0.0
ettm1,standard,selected,SHIFT8,81551,MAG_ONLY,PLAIN,0.5388866589281354,0.5388866589281354,0.0
ettm1,standard,selected,SHIFT8,81551,MAG_ONLY,C3,0.5388866589281354,0.5388866589281354,0.0
ettm1,standard,selected,SHIFT8,81551,MAG_ONLY,DELTA_XY_BUDGET,0.5388866589281354,0.5404477036656832,0.28884288469721575
ettm1,standard,selected,SHIFT8,81551,MAG_ONLY,DELTA_XY_DEFAULT,0.5388866589281354,0.544101289534924,0.9583933556279289
ettm1,standard,selected,SHIFT8,81552,C3,B0,0.5563107567134941,0.5518498844387241,-0.8083488645298953
ettm1,standard,selected,SHIFT8,81552,C3,PLAIN,0.5563107567134941,0.5415905065958705,-2.7179667919488892
ettm1,standard,selected,SHIFT8,81552,C3,MAG_ONLY,0.5563107567134941,0.5518498844387241,-0.8083488645298953
ettm1,standard,selected,SHIFT8,81552,C3,DELTA_XY_BUDGET,0.5563107567134941,0.5537234093914146,-0.4672634889904881
ettm1,standard,selected,SHIFT8,81552,C3,DELTA_XY_DEFAULT,0.5563107567134941,0.5550048250348778,-0.2353009595068345
ettm1,standard,selected,SHIFT8,81552,MAG_ONLY,B0,0.5518498844387241,0.5518498844387241,0.0
ettm1,standard,selected,SHIFT8,81552,MAG_ONLY,PLAIN,0.5518498844387241,0.5415905065958705,-1.8943053317788339
ettm1,standard,selected,SHIFT8,81552,MAG_ONLY,C3,0.5518498844387241,0.5563107567134941,0.8018669818867785
ettm1,standard,selected,SHIFT8,81552,MAG_ONLY,DELTA_XY_BUDGET,0.5518498844387241,0.5537234093914146,0.33835032453291003
ettm1,standard,selected,SHIFT8,81552,MAG_ONLY,DELTA_XY_DEFAULT,0.5518498844387241,0.5550048250348778,0.5684528230822994
ettm1,standard,selected,SHIFT_POINT,81551,C3,B0,0.582183295868751,0.582183295868751,0.0
ettm1,standard,selected,SHIFT_POINT,81551,C3,PLAIN,0.582183295868751,0.582183295868751,0.0
ettm1,standard,selected,SHIFT_POINT,81551,C3,MAG_ONLY,0.582183295868751,0.582183295868751,0.0
ettm1,standard,selected,SHIFT_POINT,81551,C3,DELTA_XY_BUDGET,0.582183295868751,0.584213862335767,0.3475724555555004
ettm1,standard,selected,SHIFT_POINT,81551,C3,DELTA_XY_DEFAULT,0.582183295868751,0.5835846453591887,0.24012788917283645
ettm1,standard,selected,SHIFT_POINT,81551,MAG_ONLY,B0,0.582183295868751,0.582183295868751,0.0
ettm1,standard,selected,SHIFT_POINT,81551,MAG_ONLY,PLAIN,0.582183295868751,0.582183295868751,0.0
ettm1,standard,selected,SHIFT_POINT,81551,MAG_ONLY,C3,0.582183295868751,0.582183295868751,0.0
ettm1,standard,selected,SHIFT_POINT,81551,MAG_ONLY,DELTA_XY_BUDGET,0.582183295868751,0.584213862335767,0.3475724555555004
ettm1,standard,selected,SHIFT_POINT,81551,MAG_ONLY,DELTA_XY_DEFAULT,0.582183295868751,0.5835846453591887,0.24012788917283645
ettm1,standard,selected,SHIFT_POINT,81552,C3,B0,0.5948157609292063,0.5974310433023925,0.4377546835748314
ettm1,standard,selected,SHIFT_POINT,81552,C3,PLAIN,0.5948157609292063,0.5906249111953044,-0.7095619663959774
ettm1,standard,selected,SHIFT_POINT,81552,C3,MAG_ONLY,0.5948157609292063,0.5974310433023925,0.4377546835748314
ettm1,standard,selected,SHIFT_POINT,81552,C3,DELTA_XY_BUDGET,0.5948157609292063,0.5968763162968322,0.3452231746118084
ettm1,standard,selected,SHIFT_POINT,81552,C3,DELTA_XY_DEFAULT,0.5948157609292063,0.5951367345467893,0.053932751744423246
ettm1,standard,selected,SHIFT_POINT,81552,MAG_ONLY,B0,0.5974310433023925,0.5974310433023925,0.0
ettm1,standard,selected,SHIFT_POINT,81552,MAG_ONLY,PLAIN,0.5974310433023925,0.5906249111953044,-1.1523611649420396
ettm1,standard,selected,SHIFT_POINT,81552,MAG_ONLY,C3,0.5974310433023925,0.5948157609292063,-0.43967940074429723
ettm1,standard,selected,SHIFT_POINT,81552,MAG_ONLY,DELTA_XY_BUDGET,0.5974310433023925,0.5968763162968322,-0.09293835094712488
ettm1,standard,selected,SHIFT_POINT,81552,MAG_ONLY,DELTA_XY_DEFAULT,0.5974310433023925,0.5951367345467893,-0.3855095178002088
